# =============================================================================
# CONFRONTO POSE APRILTAG RAW E POSE FILTRATE KALMAN
# =============================================================================
# Descrizione: tabella per valutare quanto il filtro di Kalman modifica la posa stimata a partire dalle misure grezze degli AprilTag.
# Generato il: 2026-09-07 11:21:40
# Formato dati: tabella CSV testuale con separatore ','
# Nota: le righe che iniziano con '#' sono commenti descrittivi.
# Separatore degli ID AprilTag multipli: '|'
#
# Legenda colonne:
# - timestamp_s: timestamp assoluto UNIX del campione [s]
# - tempo_relativo_s: tempo trascorso dal primo campione del file [s]
# - raw_x_m: coordinata X della posa grezza AprilTag [m]
# - raw_y_m: coordinata Y della posa grezza AprilTag [m]
# - raw_z_m: coordinata Z della posa grezza AprilTag [m]
# - raw_yaw_deg: yaw associato alla posa grezza AprilTag [deg]
# - kalman_x_m: coordinata X dopo filtraggio di Kalman [m]
# - kalman_y_m: coordinata Y dopo filtraggio di Kalman [m]
# - kalman_z_m: coordinata Z dopo filtraggio di Kalman [m]
# - kalman_yaw_deg: yaw filtrato da Kalman se yaw_filter_enabled=True, altrimenti corrisponde a quello grezzo [deg]
# - errore_x_m: differenza kalman_x_m - raw_x_m [m]
# - errore_y_m: differenza kalman_y_m - raw_y_m [m]
# - errore_z_m: differenza kalman_z_m - raw_z_m [m]
# - norma_errore_m: norma euclidea della correzione introdotta dal filtro [m]
# - tag_ids: ID degli AprilTag usati per la stima, separati dal carattere indicato sopra
# - sorgente_raw: descrizione della sorgente della posa grezza
# - sorgente_kalman: descrizione della sorgente della posa filtrata
# - outlier_scartato: true se il filtro di Kalman ha scartato la misura grezza: la posa filtrata e' solo la previsione
# =============================================================================

timestamp_s,tempo_relativo_s,raw_x_m,raw_y_m,raw_z_m,raw_yaw_deg,kalman_x_m,kalman_y_m,kalman_z_m,kalman_yaw_deg,errore_x_m,errore_y_m,errore_z_m,norma_errore_m,tag_ids,sorgente_raw,sorgente_kalman,outlier_scartato
1788769692.954,0.000,0.390,1.546,0.717,75.332,0.390,1.546,0.717,75.332,0.000,0.000,0.000,0.000,0,weighted_average,kalman(weighted_average),false
1788769693.059,0.104,0.384,1.545,0.719,75.531,0.384,1.545,0.719,75.413,0.000,0.000,-0.000,0.000,0,weighted_average,kalman(weighted_average),false
1788769693.106,0.152,0.379,1.542,0.716,75.719,0.381,1.543,0.717,75.578,0.001,0.001,0.001,0.002,0,weighted_average,kalman(weighted_average),false
1788769693.156,0.202,0.381,1.542,0.719,75.669,0.380,1.542,0.718,75.668,-0.001,-0.000,-0.001,0.001,0,weighted_average,kalman(weighted_average),false
1788769693.206,0.252,0.388,1.540,0.722,75.462,0.385,1.540,0.720,75.602,-0.003,0.000,-0.001,0.003,0,weighted_average,kalman(weighted_average),false
1788769693.260,0.306,0.387,1.539,0.719,75.501,0.387,1.539,0.720,75.565,-0.000,0.000,0.001,0.001,0,weighted_average,kalman(weighted_average),false
1788769693.345,0.390,0.383,1.538,0.718,75.643,0.385,1.538,0.719,75.620,0.002,-0.000,0.001,0.002,0,weighted_average,kalman(weighted_average),false
1788769693.394,0.440,0.386,1.535,0.720,75.527,0.385,1.535,0.720,75.577,-0.001,0.001,-0.000,0.001,0,weighted_average,kalman(weighted_average),false
1788769693.446,0.492,0.376,1.536,0.720,75.871,0.379,1.535,0.720,75.736,0.004,-0.001,-0.000,0.004,0,weighted_average,kalman(weighted_average),false
1788769693.499,0.544,0.330,1.542,0.719,77.346,0.348,1.539,0.720,76.619,0.018,-0.003,0.001,0.018,0,weighted_average,kalman(weighted_average),false
1788769693.549,0.595,0.366,1.536,0.721,76.223,0.353,1.538,0.721,76.580,-0.013,0.001,-0.001,0.013,0,weighted_average,kalman(weighted_average),false
1788769693.629,0.674,0.375,1.533,0.721,75.905,0.365,1.535,0.721,76.294,-0.010,0.001,-0.000,0.010,0,weighted_average,kalman(weighted_average),false
1788769693.687,0.733,0.368,1.534,0.723,76.124,0.369,1.534,0.723,76.192,0.000,-0.000,-0.000,0.001,0,weighted_average,kalman(weighted_average),false
1788769693.729,0.775,0.383,1.526,0.720,75.602,0.378,1.529,0.721,75.872,-0.005,0.003,0.001,0.006,0,weighted_average,kalman(weighted_average),false
1788769693.786,0.831,0.353,1.532,0.721,76.571,0.366,1.530,0.721,76.172,0.012,-0.003,0.000,0.012,0,weighted_average,kalman(weighted_average),false
1788769693.831,0.877,0.368,1.531,0.720,76.046,0.366,1.530,0.721,76.117,-0.002,-0.001,0.000,0.002,0,weighted_average,kalman(weighted_average),false
1788769693.915,0.961,0.372,1.532,0.726,75.870,0.370,1.531,0.725,75.960,-0.002,-0.001,-0.002,0.003,0,weighted_average,kalman(weighted_average),false
1788769693.965,1.010,0.357,1.539,0.730,76.387,0.362,1.536,0.728,76.173,0.005,-0.003,-0.001,0.006,0,weighted_average,kalman(weighted_average),false
1788769694.017,1.063,0.349,1.539,0.732,76.594,0.353,1.539,0.731,76.419,0.004,-0.000,-0.000,0.004,0,weighted_average,kalman(weighted_average),false
1788769694.068,1.114,0.558,2.116,1.588,76.223,0.353,1.539,0.731,76.369,-0.205,-0.577,-0.857,1.053,15,weighted_average,kalman(weighted_average),true
1788769694.473,1.518,-0.372,1.871,3.065,70.842,0.353,1.539,0.731,71.446,0.725,-0.332,-2.333,2.466,3,weighted_average,kalman(weighted_average),true
1788769694.528,1.574,-0.615,2.028,2.635,72.643,0.353,1.539,0.731,71.627,0.968,-0.489,-1.903,2.191,3,weighted_average,kalman(weighted_average),true
1788769694.573,1.618,-0.138,2.182,1.571,69.823,-0.131,2.172,1.559,70.250,0.007,-0.009,-0.012,0.017,3,weighted_average,kalman(weighted_average),false
1788769694.628,1.673,-0.134,2.030,0.425,70.637,-0.131,2.172,1.559,69.917,0.003,0.142,1.134,1.143,3,weighted_average,kalman(weighted_average),true
1788769694.676,1.722,0.316,2.101,1.882,65.945,-0.131,2.172,1.559,67.443,-0.447,0.071,-0.323,0.556,3,weighted_average,kalman(weighted_average),true
1788769694.758,1.803,-0.356,2.072,2.434,70.817,-0.131,2.172,1.559,68.702,0.225,0.101,-0.875,0.909,3,weighted_average,kalman(weighted_average),true
1788769694.816,1.861,-0.511,1.884,-0.141,73.721,-0.131,2.172,1.559,71.570,0.381,0.288,1.700,1.766,3,weighted_average,kalman(weighted_average),true
1788769694.867,1.913,-0.008,1.857,-0.095,69.821,-0.131,2.172,1.559,71.026,-0.123,0.315,1.654,1.689,3,weighted_average,kalman(weighted_average),true
1788769694.906,1.951,-0.603,2.020,0.482,73.717,-0.592,2.024,0.506,72.483,0.011,0.003,0.024,0.027,3,weighted_average,kalman(weighted_average),false
1788769694.965,2.010,-0.014,1.876,3.109,65.525,-0.592,2.024,0.506,69.240,-0.578,0.148,-2.603,2.671,3,weighted_average,kalman(weighted_average),true
1788769695.046,2.091,1.083,1.747,3.095,52.552,-0.592,2.024,0.506,58.428,-1.675,0.276,-2.588,3.095,3,weighted_average,kalman(weighted_average),true
1788769695.612,2.658,1.186,1.396,3.522,54.376,-0.592,2.024,0.506,53.218,-1.778,0.628,-3.016,3.557,3,weighted_average,kalman(weighted_average),true
1788769695.666,2.712,0.837,1.481,3.574,58.742,-0.592,2.024,0.506,56.653,-1.429,0.543,-3.068,3.428,3,weighted_average,kalman(weighted_average),true
1788769695.716,2.762,0.716,1.709,3.225,63.588,-0.592,2.024,0.506,61.066,-1.308,0.315,-2.718,3.033,3,weighted_average,kalman(weighted_average),true
1788769695.768,2.813,0.893,1.474,3.501,62.364,0.893,1.474,3.501,62.777,0.000,0.000,0.000,0.000,3,weighted_average,kalman(weighted_average),false
1788769695.824,2.870,4.242,-0.102,-1.495,37.841,0.893,1.474,3.501,49.867,-3.349,1.576,4.996,6.217,15,weighted_average,kalman(weighted_average),true
1788769695.907,2.952,-0.053,1.894,3.044,75.947,-0.050,1.893,3.045,64.548,0.002,-0.001,0.001,0.003,3,weighted_average,kalman(weighted_average),false
1788769695.959,3.004,-1.706,1.794,2.654,91.473,-0.050,1.893,3.045,81.563,1.656,0.099,0.391,1.704,3,weighted_average,kalman(weighted_average),true
1788769696.000,3.046,0.117,1.881,2.832,74.262,0.096,1.882,2.859,81.217,-0.021,0.002,0.027,0.034,15,weighted_average,kalman(weighted_average),false
1788769696.053,3.099,0.551,2.064,1.514,71.978,0.096,1.882,2.859,79.321,-0.455,-0.182,1.345,1.431,15,weighted_average,kalman(weighted_average),true
1788769696.101,3.147,-0.317,1.871,0.530,79.524,0.096,1.882,2.859,80.791,0.413,0.011,2.328,2.365,15,weighted_average,kalman(weighted_average),true
1788769696.182,3.227,0.476,2.092,1.542,72.672,0.096,1.882,2.859,77.361,-0.380,-0.210,1.317,1.387,15,weighted_average,kalman(weighted_average),true
1788769696.233,3.278,0.482,2.083,1.640,72.524,0.096,1.882,2.859,74.605,-0.386,-0.201,1.218,1.294,15,weighted_average,kalman(weighted_average),true
1788769696.294,3.339,-2.837,1.495,1.974,110.559,0.096,1.882,2.859,94.583,2.933,0.387,0.884,3.088,17,weighted_average,kalman(weighted_average),true
1788769696.348,3.393,0.244,1.391,1.084,74.371,0.244,1.391,1.084,86.561,0.000,0.000,0.000,0.000,17,weighted_average,kalman(weighted_average),false
1788769696.398,3.444,-0.309,1.646,1.204,81.103,-0.308,1.645,1.204,84.251,0.001,-0.001,-0.000,0.002,17,weighted_average,kalman(weighted_average),false
1788769696.475,3.521,0.619,1.925,0.599,72.142,-0.308,1.645,1.204,76.867,-0.927,-0.280,0.605,1.142,15,weighted_average,kalman(weighted_average),true
1788769696.535,3.580,0.035,1.817,2.741,75.355,-0.308,1.645,1.204,74.713,-0.343,-0.172,-1.537,1.584,15,weighted_average,kalman(weighted_average),true
1788769696.577,3.623,0.754,1.984,0.911,70.934,-0.308,1.645,1.204,71.833,-1.062,-0.338,0.294,1.152,15,weighted_average,kalman(weighted_average),true
1788769696.631,3.677,-0.282,1.821,2.591,78.147,-0.308,1.645,1.204,73.830,-0.026,-0.176,-1.387,1.399,15,weighted_average,kalman(weighted_average),true
1788769696.683,3.729,-0.628,-5.331,1.065,-90.432,-0.308,1.645,1.204,-12.792,0.320,6.977,0.139,6.985,1,weighted_average,kalman(weighted_average),true
1788769696.762,3.808,0.398,2.046,1.301,73.597,0.390,2.042,1.299,21.382,-0.008,-0.004,-0.001,0.009,15,weighted_average,kalman(weighted_average),false
1788769696.811,3.857,-0.030,1.974,2.457,77.401,0.390,2.042,1.299,51.459,0.420,0.068,-1.158,1.233,3,weighted_average,kalman(weighted_average),true
1788769696.863,3.908,-0.488,2.065,1.414,81.636,0.390,2.042,1.299,71.971,0.878,-0.023,-0.115,0.886,3,weighted_average,kalman(weighted_average),true
1788769696.922,3.968,0.430,1.817,1.200,74.310,0.426,1.839,1.210,80.237,-0.004,0.022,0.010,0.025,9,weighted_average,kalman(weighted_average),false
1788769696.968,4.013,0.423,1.807,1.246,74.372,0.428,1.799,1.224,81.900,0.005,-0.008,-0.022,0.024,9,weighted_average,kalman(weighted_average),false
1788769697.054,4.099,0.412,1.792,1.221,74.293,0.420,1.769,1.217,82.016,0.008,-0.023,-0.005,0.025,9,weighted_average,kalman(weighted_average),false
1788769697.106,4.151,0.372,1.098,1.165,73.484,0.420,1.769,1.217,78.551,0.048,0.672,0.051,0.676,1,weighted_average,kalman(weighted_average),true
1788769697.156,4.201,0.432,1.107,1.204,72.468,0.420,1.769,1.217,75.631,-0.013,0.663,0.012,0.663,1,weighted_average,kalman(weighted_average),true
1788769697.205,4.250,0.465,1.648,1.259,72.757,0.460,1.661,1.254,73.894,-0.005,0.014,-0.005,0.015,11,weighted_average,kalman(weighted_average),false
1788769697.261,4.306,0.464,1.642,1.289,72.685,0.467,1.637,1.281,72.748,0.003,-0.006,-0.008,0.010,11,weighted_average,kalman(weighted_average),false
1788769697.342,4.388,0.467,1.641,1.301,72.571,0.472,1.627,1.303,72.040,0.004,-0.014,0.002,0.014,11,weighted_average,kalman(weighted_average),false
1788769697.392,4.438,0.467,1.643,1.337,72.655,0.470,1.633,1.330,72.090,0.003,-0.010,-0.007,0.013,11,weighted_average,kalman(weighted_average),false
1788769697.439,4.485,0.465,1.643,1.351,72.681,0.468,1.638,1.350,72.210,0.003,-0.006,-0.001,0.007,11,weighted_average,kalman(weighted_average),false
1788769697.497,4.543,0.451,1.636,1.366,72.779,0.457,1.636,1.369,72.394,0.006,0.000,0.003,0.007,11,weighted_average,kalman(weighted_average),false
1788769697.543,4.588,0.451,1.633,1.404,72.749,0.452,1.634,1.396,72.540,0.001,0.001,-0.008,0.008,11,weighted_average,kalman(weighted_average),false
1788769697.629,4.675,0.444,1.636,1.409,72.758,0.444,1.635,1.417,72.677,-0.000,-0.001,0.007,0.007,11,weighted_average,kalman(weighted_average),false
1788769697.686,4.732,0.454,1.637,1.437,72.629,0.449,1.636,1.436,72.671,-0.005,-0.000,-0.001,0.005,11,weighted_average,kalman(weighted_average),false
1788769697.734,4.779,0.452,1.632,1.448,72.604,0.450,1.634,1.449,72.646,-0.001,0.002,0.001,0.002,11,weighted_average,kalman(weighted_average),false
1788769697.783,4.828,0.452,1.635,1.475,72.632,0.451,1.634,1.470,72.643,-0.000,-0.001,-0.004,0.005,11,weighted_average,kalman(weighted_average),false
1788769697.832,4.877,0.445,1.630,1.488,72.661,0.448,1.632,1.488,72.654,0.003,0.001,-0.000,0.003,11,weighted_average,kalman(weighted_average),false
1788769697.916,4.961,0.437,1.631,1.532,72.731,0.439,1.631,1.528,72.706,0.003,-0.000,-0.004,0.005,11,weighted_average,kalman(weighted_average),false
1788769697.967,5.012,0.438,1.627,1.544,72.660,0.437,1.628,1.547,72.690,-0.001,0.001,0.002,0.003,11,weighted_average,kalman(weighted_average),false
1788769698.021,5.067,0.433,1.630,1.583,72.756,0.433,1.628,1.578,72.730,-0.000,-0.001,-0.005,0.005,11,weighted_average,kalman(weighted_average),false
1788769698.070,5.116,0.428,1.628,1.580,72.746,0.429,1.628,1.589,72.748,0.001,-0.000,0.009,0.009,11,weighted_average,kalman(weighted_average),false
1788769698.122,5.168,0.431,1.631,1.628,72.752,0.428,1.629,1.620,72.759,-0.002,-0.001,-0.008,0.008,11,weighted_average,kalman(weighted_average),false
1788769698.215,5.260,0.438,1.630,1.662,72.605,0.435,1.630,1.663,72.668,-0.004,-0.000,0.001,0.004,11,weighted_average,kalman(weighted_average),false
1788769698.266,5.312,0.440,1.638,1.676,72.649,0.439,1.635,1.680,72.646,-0.001,-0.002,0.004,0.004,11,weighted_average,kalman(weighted_average),false
1788769698.320,5.365,0.436,1.635,1.696,72.619,0.438,1.636,1.698,72.619,0.002,0.001,0.002,0.003,11,weighted_average,kalman(weighted_average),false
1788769698.375,5.420,0.442,1.636,1.712,72.540,0.441,1.637,1.715,72.563,-0.001,0.000,0.002,0.003,11,weighted_average,kalman(weighted_average),false
1788769698.421,5.467,0.431,1.633,1.730,72.637,0.436,1.635,1.730,72.585,0.005,0.002,0.000,0.006,11,weighted_average,kalman(weighted_average),false
1788769698.510,5.555,0.433,1.631,1.764,72.578,0.433,1.632,1.763,72.571,0.000,0.001,-0.001,0.001,11,weighted_average,kalman(weighted_average),false
1788769698.564,5.610,0.430,1.631,1.789,72.591,0.430,1.631,1.787,72.577,0.001,-0.000,-0.002,0.002,11,weighted_average,kalman(weighted_average),false
1788769698.608,5.653,0.424,1.636,1.806,72.688,0.426,1.633,1.805,72.633,0.002,-0.003,-0.001,0.003,11,weighted_average,kalman(weighted_average),false
1788769698.660,5.706,0.428,1.630,1.820,72.562,0.426,1.631,1.823,72.604,-0.002,0.002,0.002,0.004,11,weighted_average,kalman(weighted_average),false
1788769698.709,5.755,0.421,1.635,1.823,72.685,0.422,1.633,1.830,72.645,0.002,-0.002,0.007,0.008,11,weighted_average,kalman(weighted_average),false
1788769698.798,5.843,0.435,1.639,1.831,72.512,0.430,1.638,1.837,72.569,-0.004,-0.001,0.006,0.008,11,weighted_average,kalman(weighted_average),false
1788769698.841,5.887,0.411,1.642,1.833,72.855,0.419,1.641,1.837,72.717,0.008,-0.001,0.004,0.009,11,weighted_average,kalman(weighted_average),false
1788769698.895,5.940,0.410,1.639,1.842,72.844,0.412,1.641,1.842,72.804,0.002,0.002,-0.001,0.003,11,weighted_average,kalman(weighted_average),false
1788769698.943,5.989,0.415,1.639,1.836,72.712,0.412,1.641,1.840,72.782,-0.003,0.001,0.004,0.005,11,weighted_average,kalman(weighted_average),false
1788769698.995,6.040,0.422,1.642,1.844,72.635,0.417,1.642,1.843,72.720,-0.005,-0.000,-0.001,0.005,11,weighted_average,kalman(weighted_average),false
1788769699.087,6.133,0.421,1.644,1.840,72.628,0.420,1.644,1.842,72.657,-0.001,-0.000,0.002,0.002,11,weighted_average,kalman(weighted_average),false
1788769699.134,6.180,0.420,1.644,1.846,72.630,0.421,1.644,1.844,72.632,0.000,0.000,-0.001,0.002,11,weighted_average,kalman(weighted_average),false
1788769699.184,6.229,0.472,1.658,1.846,72.040,0.453,1.653,1.845,72.304,-0.019,-0.005,-0.000,0.020,11,weighted_average,kalman(weighted_average),false
1788769699.233,6.279,0.548,1.677,1.862,71.213,0.515,1.669,1.856,71.675,-0.033,-0.008,-0.006,0.034,11,weighted_average,kalman(weighted_average),false
1788769699.287,6.333,0.478,1.654,1.846,71.863,0.508,1.664,1.852,71.616,0.030,0.010,0.006,0.032,11,weighted_average,kalman(weighted_average),false
1788769699.374,6.420,0.532,1.659,1.849,71.175,0.532,1.661,1.851,71.202,0.001,0.003,0.001,0.003,11,weighted_average,kalman(weighted_average),false
1788769699.424,6.469,0.424,1.629,1.819,72.344,0.468,1.641,1.830,71.749,0.044,0.011,0.011,0.047,11,weighted_average,kalman(weighted_average),false
1788769699.469,6.515,0.508,1.642,1.843,71.405,0.485,1.638,1.834,71.589,-0.024,-0.004,-0.009,0.026,11,weighted_average,kalman(weighted_average),false
1788769699.526,6.572,0.496,1.625,1.842,71.519,0.490,1.627,1.837,71.537,-0.006,0.002,-0.005,0.008,11,weighted_average,kalman(weighted_average),false
1788769699.576,6.621,0.447,1.597,1.836,72.045,0.464,1.606,1.836,71.785,0.017,0.009,0.000,0.019,11,weighted_average,kalman(weighted_average),false
1788769699.662,6.708,0.413,1.571,1.824,72.401,0.421,1.574,1.827,72.217,0.009,0.003,0.003,0.010,11,weighted_average,kalman(weighted_average),false
1788769699.711,6.756,0.403,1.546,1.822,72.428,0.402,1.550,1.822,72.410,-0.001,0.004,0.000,0.004,11,weighted_average,kalman(weighted_average),false
1788769699.763,6.809,0.390,1.536,1.818,72.564,0.386,1.533,1.818,72.583,-0.004,-0.003,-0.000,0.005,11,weighted_average,kalman(weighted_average),false
1788769699.815,6.860,0.385,1.519,1.816,72.581,0.378,1.517,1.815,72.667,-0.007,-0.002,-0.001,0.007,11,weighted_average,kalman(weighted_average),false
1788769699.864,6.910,0.383,1.509,1.815,72.575,0.376,1.505,1.814,72.688,-0.007,-0.003,-0.002,0.008,11,weighted_average,kalman(weighted_average),false
1788769699.948,6.994,0.509,1.506,1.829,70.998,0.468,1.499,1.824,71.692,-0.041,-0.007,-0.006,0.042,11,weighted_average,kalman(weighted_average),false
1788769699.997,7.043,0.490,1.494,1.853,71.253,0.496,1.493,1.843,71.315,0.005,-0.000,-0.009,0.011,11,weighted_average,kalman(weighted_average),false
1788769700.052,7.097,0.368,1.455,1.809,72.646,0.429,1.467,1.826,71.881,0.061,0.012,0.017,0.065,11,weighted_average,kalman(weighted_average),false
1788769700.101,7.147,0.428,1.451,1.828,71.874,0.424,1.452,1.826,71.874,-0.004,0.000,-0.001,0.005,11,weighted_average,kalman(weighted_average),false
1788769700.153,7.198,0.379,1.436,1.813,72.423,0.393,1.436,1.818,72.156,0.014,-0.000,0.005,0.015,11,weighted_average,kalman(weighted_average),false
1788769700.245,7.290,0.339,1.419,1.814,72.832,0.344,1.416,1.813,72.658,0.005,-0.003,-0.001,0.006,11,weighted_average,kalman(weighted_average),false
1788769700.300,7.345,0.342,1.413,1.808,72.698,0.334,1.410,1.808,72.775,-0.008,-0.003,0.001,0.009,11,weighted_average,kalman(weighted_average),false
1788769700.349,7.395,0.340,1.408,1.819,72.678,0.331,1.405,1.814,72.799,-0.009,-0.002,-0.005,0.011,11,weighted_average,kalman(weighted_average),false
1788769700.401,7.447,0.337,1.405,1.811,72.648,0.330,1.402,1.812,72.776,-0.007,-0.002,0.001,0.007,11,weighted_average,kalman(weighted_average),false
1788769700.450,7.496,0.330,1.399,1.813,72.655,0.328,1.398,1.812,72.745,-0.003,-0.001,-0.000,0.003,11,weighted_average,kalman(weighted_average),false
1788769700.538,7.583,0.317,1.392,1.817,72.754,0.318,1.391,1.816,72.772,0.001,-0.000,-0.001,0.002,11,weighted_average,kalman(weighted_average),false
1788769700.592,7.638,0.313,1.384,1.814,72.697,0.312,1.385,1.815,72.739,-0.000,0.001,0.001,0.002,11,weighted_average,kalman(weighted_average),false
1788769700.638,7.683,0.308,1.380,1.813,72.720,0.308,1.380,1.814,72.730,-0.000,-0.000,0.001,0.001,11,weighted_average,kalman(weighted_average),false
1788769700.692,7.737,0.302,1.373,1.814,72.695,0.302,1.374,1.814,72.710,0.000,0.001,0.000,0.001,11,weighted_average,kalman(weighted_average),false
1788769700.739,7.785,0.303,1.368,1.820,72.614,0.301,1.368,1.818,72.657,-0.002,-0.000,-0.002,0.003,11,weighted_average,kalman(weighted_average),false
1788769700.829,7.875,0.304,1.367,1.828,72.590,0.301,1.365,1.826,72.599,-0.003,-0.002,-0.002,0.004,11,weighted_average,kalman(weighted_average),false
1788769700.879,7.924,0.291,1.360,1.824,72.706,0.294,1.361,1.827,72.647,0.004,0.001,0.002,0.004,11,weighted_average,kalman(weighted_average),false
1788769700.928,7.974,0.292,1.360,1.822,72.682,0.292,1.359,1.825,72.665,-0.000,-0.001,0.003,0.003,11,weighted_average,kalman(weighted_average),false
1788769700.981,8.027,0.291,1.354,1.825,72.640,0.290,1.355,1.825,72.654,-0.001,0.001,0.000,0.001,11,weighted_average,kalman(weighted_average),false
1788769701.033,8.079,0.288,1.354,1.827,72.700,0.288,1.353,1.826,72.678,-0.000,-0.001,-0.001,0.002,11,weighted_average,kalman(weighted_average),false
1788769701.121,8.167,0.291,1.351,1.816,72.624,0.289,1.351,1.819,72.648,-0.002,-0.001,0.003,0.004,11,weighted_average,kalman(weighted_average),false
1788769701.168,8.213,0.291,1.348,1.815,72.595,0.290,1.348,1.815,72.616,-0.001,0.001,0.001,0.001,11,weighted_average,kalman(weighted_average),false
1788769701.223,8.269,0.295,1.346,1.816,72.514,0.294,1.346,1.814,72.551,-0.002,0.000,-0.002,0.003,11,weighted_average,kalman(weighted_average),false
1788769701.271,8.316,0.291,1.343,1.817,72.572,0.292,1.343,1.815,72.547,0.002,0.000,-0.002,0.003,11,weighted_average,kalman(weighted_average),false
1788769701.327,8.372,0.289,1.340,1.817,72.609,0.290,1.340,1.816,72.568,0.002,0.000,-0.001,0.002,11,weighted_average,kalman(weighted_average),false
1788769701.421,8.466,0.284,1.343,1.812,72.783,0.285,1.341,1.813,72.707,0.001,-0.002,0.001,0.002,11,weighted_average,kalman(weighted_average),false
1788769701.471,8.517,0.282,1.343,1.809,73.013,0.282,1.343,1.810,72.903,0.000,-0.001,0.001,0.001,11,weighted_average,kalman(weighted_average),false
1788769701.525,8.570,0.268,1.343,1.812,73.966,0.272,1.343,1.810,73.541,0.004,0.000,-0.002,0.004,11,weighted_average,kalman(weighted_average),false
1788769701.573,8.618,0.272,1.343,1.813,74.295,0.270,1.343,1.812,74.067,-0.002,0.000,-0.002,0.003,11,weighted_average,kalman(weighted_average),false
1788769701.623,8.668,0.261,1.342,1.823,75.301,0.263,1.343,1.819,74.883,0.002,0.001,-0.005,0.005,11,weighted_average,kalman(weighted_average),false
1788769701.712,8.757,0.257,1.346,1.828,76.556,0.256,1.345,1.827,76.293,-0.001,-0.001,-0.001,0.002,11,weighted_average,kalman(weighted_average),false
1788769701.760,8.806,0.229,0.863,1.752,77.089,0.256,1.345,1.827,77.038,0.027,0.482,0.075,0.489,1,weighted_average,kalman(weighted_average),true
1788769701.809,8.855,0.227,0.861,1.750,77.808,0.256,1.345,1.827,77.776,0.029,0.484,0.077,0.491,1,weighted_average,kalman(weighted_average),true
1788769701.859,8.905,0.225,0.866,1.739,78.223,0.229,0.922,1.749,78.358,0.004,0.057,0.010,0.058,1,weighted_average,kalman(weighted_average),false
1788769701.909,8.954,0.237,0.869,1.754,78.531,0.231,0.844,1.744,78.775,-0.006,-0.026,-0.010,0.028,1,weighted_average,kalman(weighted_average),false
1788769701.999,9.045,0.219,0.877,1.750,79.429,0.220,0.818,1.741,79.576,0.001,-0.058,-0.009,0.059,1,weighted_average,kalman(weighted_average),false
1788769702.049,9.095,0.216,0.885,1.769,80.062,0.215,0.850,1.757,80.065,-0.000,-0.035,-0.012,0.037,1,weighted_average,kalman(weighted_average),false
1788769702.099,9.145,0.180,0.891,1.761,81.202,0.191,0.873,1.761,80.905,0.011,-0.018,0.000,0.021,1,weighted_average,kalman(weighted_average),false
1788769702.150,9.196,0.187,0.897,1.756,81.429,0.183,0.891,1.760,81.479,-0.004,-0.006,0.004,0.008,1,weighted_average,kalman(weighted_average),false
1788769702.199,9.245,0.189,0.894,1.747,81.635,0.182,0.898,1.753,81.842,-0.007,0.003,0.006,0.010,1,weighted_average,kalman(weighted_average),false
1788769702.298,9.343,0.174,0.908,1.765,82.791,0.173,0.910,1.761,82.818,-0.001,0.002,-0.004,0.004,1,weighted_average,kalman(weighted_average),false
1788769702.343,9.388,0.164,0.926,1.754,83.524,0.166,0.922,1.758,83.411,0.002,-0.004,0.004,0.005,1,weighted_average,kalman(weighted_average),false
1788769702.403,9.448,0.175,0.926,1.772,83.588,0.169,0.928,1.767,83.796,-0.006,0.003,-0.005,0.008,1,weighted_average,kalman(weighted_average),false
1788769702.442,9.488,0.163,0.931,1.771,84.306,0.165,0.932,1.771,84.231,0.002,0.001,-0.000,0.002,1,weighted_average,kalman(weighted_average),false
1788769702.497,9.543,0.153,0.940,1.767,84.672,0.157,0.940,1.770,84.716,0.004,-0.000,0.003,0.005,1,weighted_average,kalman(weighted_average),false
1788769702.587,9.632,0.144,0.955,1.787,85.292,0.145,0.954,1.784,85.381,0.001,-0.001,-0.003,0.004,1,weighted_average,kalman(weighted_average),false
1788769702.634,9.679,0.111,0.962,1.764,86.031,0.121,0.962,1.774,85.914,0.010,-0.000,0.009,0.014,1,weighted_average,kalman(weighted_average),false
1788769702.688,9.734,0.114,0.972,1.784,86.158,0.111,0.971,1.780,86.272,-0.003,-0.000,-0.004,0.005,1,weighted_average,kalman(weighted_average),false
1788769702.736,9.782,0.096,0.976,1.779,86.505,0.098,0.977,1.780,86.582,0.001,0.001,0.001,0.002,1,weighted_average,kalman(weighted_average),false
1788769702.790,9.836,0.087,0.992,1.784,86.798,0.086,0.990,1.783,86.892,-0.001,-0.003,-0.001,0.003,1,weighted_average,kalman(weighted_average),false
1788769702.884,9.930,0.087,1.015,1.798,86.919,0.081,1.013,1.795,87.128,-0.006,-0.002,-0.002,0.007,1,weighted_average,kalman(weighted_average),false
1788769702.930,9.976,0.081,1.018,1.787,87.018,0.080,1.020,1.792,87.147,-0.001,0.002,0.005,0.006,1,weighted_average,kalman(weighted_average),false
1788769702.989,10.034,0.082,1.040,1.822,86.778,0.080,1.037,1.812,87.010,-0.002,-0.003,-0.010,0.011,1,weighted_average,kalman(weighted_average),false
1788769703.036,10.081,0.044,1.039,1.809,87.317,0.058,1.043,1.814,87.187,0.014,0.004,0.005,0.015,1,weighted_average,kalman(weighted_average),false
1788769703.085,10.131,-0.001,1.054,1.799,87.865,0.019,1.054,1.808,87.578,0.020,-0.000,0.009,0.021,1,weighted_average,kalman(weighted_average),false
1788769703.179,10.225,0.016,1.068,1.822,87.251,0.006,1.069,1.819,87.487,-0.010,0.001,-0.003,0.011,1,weighted_average,kalman(weighted_average),false
1788769703.230,10.276,-0.005,1.079,1.806,87.521,-0.005,1.078,1.812,87.521,0.000,-0.000,0.006,0.006,1,weighted_average,kalman(weighted_average),false
1788769703.280,10.325,-0.027,1.096,1.820,87.603,-0.022,1.093,1.817,87.581,0.005,-0.003,-0.003,0.006,1,weighted_average,kalman(weighted_average),false
1788769703.331,10.377,-0.018,1.100,1.831,87.360,-0.025,1.102,1.826,87.485,-0.007,0.002,-0.005,0.009,1,weighted_average,kalman(weighted_average),false
1788769703.384,10.430,-0.050,1.114,1.817,87.777,-0.044,1.113,1.823,87.636,0.006,-0.001,0.006,0.009,1,weighted_average,kalman(weighted_average),false
1788769703.473,10.519,-0.059,1.128,1.829,87.714,-0.061,1.129,1.828,87.718,-0.002,0.001,-0.001,0.002,1,weighted_average,kalman(weighted_average),false
1788769703.534,10.580,-0.023,1.150,1.841,86.944,-0.039,1.147,1.838,87.270,-0.016,-0.003,-0.003,0.016,1,weighted_average,kalman(weighted_average),false
1788769703.575,10.621,-0.079,1.150,1.828,87.813,-0.061,1.153,1.834,87.503,0.018,0.003,0.006,0.019,1,weighted_average,kalman(weighted_average),false
1788769703.626,10.671,-0.065,1.164,1.839,87.418,-0.066,1.163,1.838,87.454,-0.001,-0.000,-0.001,0.002,1,weighted_average,kalman(weighted_average),false
1788769703.674,10.720,-0.093,1.176,1.836,87.728,-0.085,1.175,1.838,87.582,0.009,-0.001,0.002,0.009,1,weighted_average,kalman(weighted_average),false
1788769703.765,10.811,-0.101,1.188,1.830,87.795,-0.102,1.190,1.832,87.739,-0.001,0.002,0.003,0.004,1,weighted_average,kalman(weighted_average),false
1788769703.813,10.858,-0.109,1.208,1.829,87.812,-0.110,1.205,1.829,87.807,-0.001,-0.004,0.001,0.004,1,weighted_average,kalman(weighted_average),false
1788769703.866,10.912,-0.104,1.214,1.838,87.680,-0.110,1.215,1.834,87.770,-0.006,0.001,-0.004,0.007,1,weighted_average,kalman(weighted_average),false
1788769703.929,10.974,-0.074,1.748,1.918,86.839,-0.110,1.215,1.834,87.253,-0.036,-0.533,-0.085,0.541,11,weighted_average,kalman(weighted_average),true
1788769704.021,11.067,-0.073,1.771,1.925,86.733,-0.078,1.704,1.914,86.804,-0.004,-0.066,-0.011,0.068,11,weighted_average,kalman(weighted_average),false
1788769704.074,11.119,-0.076,1.778,1.931,86.758,-0.073,1.809,1.934,86.684,0.003,0.031,0.003,0.031,11,weighted_average,kalman(weighted_average),false
1788769704.125,11.171,-0.082,1.790,1.932,86.792,-0.076,1.848,1.942,86.662,0.007,0.057,0.010,0.059,11,weighted_average,kalman(weighted_average),false
1788769704.170,11.216,-0.077,1.806,1.923,86.746,-0.076,1.856,1.937,86.651,0.002,0.050,0.013,0.052,11,weighted_average,kalman(weighted_average),false
1788769704.223,11.268,-0.078,1.813,1.928,86.656,-0.076,1.853,1.934,86.611,0.002,0.040,0.006,0.041,11,weighted_average,kalman(weighted_average),false
1788769704.312,11.357,-0.078,1.835,1.934,86.638,-0.078,1.853,1.935,86.585,0.001,0.018,0.001,0.018,11,weighted_average,kalman(weighted_average),false
1788769704.365,11.411,-0.075,1.845,1.940,86.616,-0.076,1.850,1.938,86.587,-0.001,0.005,-0.001,0.005,11,weighted_average,kalman(weighted_average),false
1788769704.416,11.461,-0.075,1.858,1.937,86.597,-0.075,1.856,1.938,86.583,-0.000,-0.002,0.001,0.002,11,weighted_average,kalman(weighted_average),false
1788769704.463,11.509,-0.076,1.871,1.945,86.674,-0.076,1.867,1.943,86.623,0.000,-0.005,-0.002,0.005,11,weighted_average,kalman(weighted_average),false
1788769704.519,11.565,-0.078,1.884,1.943,86.681,-0.077,1.880,1.944,86.656,0.001,-0.004,0.001,0.004,11,weighted_average,kalman(weighted_average),false
1788769704.608,11.654,-0.070,1.906,1.931,86.543,-0.072,1.904,1.935,86.592,-0.002,-0.002,0.004,0.005,11,weighted_average,kalman(weighted_average),false
1788769704.660,11.705,-0.071,1.912,1.930,86.553,-0.071,1.914,1.931,86.562,0.001,0.002,0.000,0.002,11,weighted_average,kalman(weighted_average),false
1788769704.707,11.753,-0.072,1.919,1.928,86.568,-0.071,1.921,1.928,86.555,0.001,0.002,-0.000,0.002,11,weighted_average,kalman(weighted_average),false
1788769704.761,11.806,-0.078,1.929,1.939,86.650,-0.075,1.929,1.933,86.598,0.003,0.001,-0.006,0.007,11,weighted_average,kalman(weighted_average),false
1788769704.810,11.856,-0.079,1.936,1.938,86.619,-0.078,1.937,1.936,86.611,0.001,0.001,-0.002,0.002,11,weighted_average,kalman(weighted_average),false
1788769704.905,11.951,-0.069,1.957,1.937,86.533,-0.072,1.956,1.937,86.564,-0.003,-0.001,0.001,0.003,11,weighted_average,kalman(weighted_average),false
1788769704.953,11.999,-0.077,1.966,1.940,86.641,-0.075,1.966,1.939,86.603,0.002,0.000,-0.001,0.002,11,weighted_average,kalman(weighted_average),false
1788769705.000,12.046,-0.073,1.972,1.942,86.593,-0.074,1.973,1.941,86.600,-0.000,0.001,-0.001,0.001,11,weighted_average,kalman(weighted_average),false
1788769705.147,12.192,-0.070,1.985,1.938,86.547,-0.070,1.986,1.939,86.559,-0.000,0.002,0.001,0.002,11,weighted_average,kalman(weighted_average),false
1788769705.308,12.353,-0.073,2.011,1.934,86.572,-0.072,2.010,1.934,86.565,0.000,-0.001,0.000,0.001,11,weighted_average,kalman(weighted_average),false
1788769705.368,12.413,-0.068,2.023,1.941,86.494,-0.070,2.022,1.938,86.518,-0.001,-0.001,-0.002,0.003,11,weighted_average,kalman(weighted_average),false
1788769705.429,12.474,-0.071,2.029,1.928,86.529,-0.070,2.030,1.931,86.518,0.001,0.001,0.004,0.004,11,weighted_average,kalman(weighted_average),false
1788769705.503,12.548,-0.077,2.027,1.937,86.566,-0.075,2.031,1.935,86.544,0.002,0.004,-0.003,0.005,11,weighted_average,kalman(weighted_average),false
1788769705.632,12.678,-0.075,2.044,1.947,86.604,-0.076,2.043,1.945,86.594,-0.001,-0.001,-0.001,0.002,11,weighted_average,kalman(weighted_average),false
1788769705.679,12.725,-0.077,2.046,1.944,86.642,-0.077,2.047,1.946,86.630,0.001,0.001,0.002,0.002,11,weighted_average,kalman(weighted_average),false
1788769705.736,12.782,-0.070,2.056,1.933,86.553,-0.073,2.055,1.938,86.596,-0.003,-0.002,0.005,0.006,11,weighted_average,kalman(weighted_average),false
1788769705.793,12.839,-0.049,2.073,1.944,86.352,-0.057,2.069,1.942,86.458,-0.008,-0.004,-0.003,0.009,11,weighted_average,kalman(weighted_average),false
1788769705.923,12.969,-0.054,2.070,1.936,86.323,-0.052,2.073,1.937,86.326,0.003,0.003,0.001,0.004,11,weighted_average,kalman(weighted_average),false
1788769705.970,13.016,-0.071,2.064,1.934,86.544,-0.064,2.068,1.934,86.439,0.007,0.003,0.000,0.008,11,weighted_average,kalman(weighted_average),false
1788769706.021,13.067,-0.060,2.070,1.941,86.403,-0.064,2.068,1.938,86.422,-0.003,-0.001,-0.003,0.005,11,weighted_average,kalman(weighted_average),false
1788769706.071,13.117,-0.072,2.061,1.950,86.535,-0.070,2.064,1.945,86.482,0.003,0.002,-0.005,0.006,11,weighted_average,kalman(weighted_average),false
1788769706.124,13.169,-0.077,2.059,1.950,86.583,-0.076,2.060,1.950,86.546,0.001,0.001,-0.001,0.002,11,weighted_average,kalman(weighted_average),false
1788769706.239,13.285,-0.082,2.053,1.945,86.600,-0.083,2.053,1.947,86.608,-0.001,-0.000,0.003,0.003,11,weighted_average,kalman(weighted_average),false
1788769706.294,13.339,-0.078,2.055,1.953,86.572,-0.081,2.053,1.951,86.598,-0.002,-0.001,-0.002,0.003,11,weighted_average,kalman(weighted_average),false
1788769706.359,13.405,-0.086,2.052,1.950,86.673,-0.085,2.052,1.951,86.651,0.001,-0.000,0.001,0.002,11,weighted_average,kalman(weighted_average),false
1788769706.420,13.465,-0.080,2.050,1.943,86.559,-0.083,2.050,1.946,86.609,-0.002,0.000,0.003,0.003,11,weighted_average,kalman(weighted_average),false
1788769706.539,13.585,-0.086,2.040,1.936,86.554,-0.085,2.042,1.937,86.568,0.000,0.001,0.001,0.001,11,weighted_average,kalman(weighted_average),false
1788769706.585,13.630,-0.087,2.042,1.936,86.579,-0.087,2.041,1.935,86.570,0.000,-0.001,-0.001,0.002,11,weighted_average,kalman(weighted_average),false
1788769706.641,13.686,-0.090,2.039,1.943,86.618,-0.089,2.039,1.939,86.593,0.001,-0.000,-0.004,0.004,11,weighted_average,kalman(weighted_average),false
1788769706.686,13.731,-0.092,2.039,1.932,86.644,-0.091,2.038,1.935,86.621,0.000,-0.001,0.003,0.003,11,weighted_average,kalman(weighted_average),false
1788769706.733,13.779,-0.091,2.039,1.924,86.620,-0.092,2.038,1.928,86.626,-0.001,-0.001,0.004,0.004,11,weighted_average,kalman(weighted_average),false
1788769706.843,13.888,-0.088,2.037,1.928,86.596,-0.089,2.037,1.927,86.611,-0.001,-0.000,-0.002,0.002,11,weighted_average,kalman(weighted_average),false
1788769706.900,13.945,-0.099,2.029,1.917,86.733,-0.096,2.031,1.920,86.685,0.003,0.002,0.003,0.005,11,weighted_average,kalman(weighted_average),false
1788769706.955,14.000,-0.088,2.031,1.920,86.581,-0.092,2.030,1.919,86.636,-0.004,-0.001,-0.001,0.004,11,weighted_average,kalman(weighted_average),false
1788769706.997,14.043,-0.088,2.028,1.909,86.557,-0.089,2.028,1.912,86.595,-0.001,0.000,0.003,0.004,11,weighted_average,kalman(weighted_average),false
1788769707.056,14.101,-0.093,2.028,1.912,86.658,-0.091,2.027,1.911,86.620,0.002,-0.001,-0.002,0.003,11,weighted_average,kalman(weighted_average),false
1788769707.180,14.225,-0.094,2.027,1.896,86.691,-0.094,2.027,1.897,86.673,0.000,-0.001,0.001,0.001,11,weighted_average,kalman(weighted_average),false
1788769707.238,14.284,-0.101,2.025,1.899,86.808,-0.099,2.025,1.896,86.767,0.002,0.001,-0.002,0.003,11,weighted_average,kalman(weighted_average),false
1788769707.276,14.321,-0.091,2.027,1.889,86.679,-0.095,2.026,1.891,86.737,-0.004,-0.001,0.002,0.005,11,weighted_average,kalman(weighted_average),false
1788769707.335,14.381,-0.092,2.024,1.885,86.670,-0.093,2.025,1.885,86.711,-0.001,0.001,0.000,0.001,11,weighted_average,kalman(weighted_average),false
1788769707.443,14.489,-0.084,2.018,1.898,86.550,-0.086,2.019,1.893,86.597,-0.001,0.001,-0.004,0.005,11,weighted_average,kalman(weighted_average),false
1788769707.499,14.544,-0.092,2.016,1.885,86.658,-0.089,2.016,1.889,86.618,0.003,0.000,0.004,0.005,11,weighted_average,kalman(weighted_average),false
1788769707.554,14.600,-0.089,2.014,1.888,86.627,-0.089,2.014,1.888,86.616,0.000,-0.001,-0.000,0.001,11,weighted_average,kalman(weighted_average),false
1788769707.618,14.663,-0.087,2.020,1.881,86.636,-0.088,2.017,1.883,86.622,-0.001,-0.003,0.002,0.004,11,weighted_average,kalman(weighted_average),false
1788769707.739,14.785,-0.086,2.015,1.897,86.689,-0.086,2.016,1.894,86.671,0.000,0.000,-0.003,0.003,11,weighted_average,kalman(weighted_average),false
1788769707.790,14.836,-0.087,2.015,1.897,86.760,-0.087,2.015,1.897,86.732,0.001,0.000,0.000,0.001,11,weighted_average,kalman(weighted_average),false
1788769707.840,14.885,-0.074,2.022,1.886,86.600,-0.079,2.019,1.892,86.673,-0.005,-0.003,0.006,0.008,11,weighted_average,kalman(weighted_average),false
1788769707.896,14.942,-0.081,2.006,1.894,86.634,-0.079,2.012,1.893,86.651,0.002,0.005,-0.001,0.006,11,weighted_average,kalman(weighted_average),false
1788769708.003,15.048,-0.079,2.007,1.908,86.681,-0.078,2.006,1.905,86.668,0.001,-0.000,-0.003,0.003,11,weighted_average,kalman(weighted_average),false
1788769708.058,15.104,-0.080,2.007,1.907,86.740,-0.079,2.006,1.908,86.714,0.001,-0.001,0.001,0.002,11,weighted_average,kalman(weighted_average),false
1788769708.109,15.155,-0.068,2.014,1.908,86.632,-0.072,2.010,1.910,86.676,-0.004,-0.003,0.002,0.006,11,weighted_average,kalman(weighted_average),false
1788769708.169,15.215,-0.065,2.012,1.917,86.606,-0.067,2.012,1.916,86.635,-0.001,-0.000,-0.001,0.002,11,weighted_average,kalman(weighted_average),false
1788769708.315,15.360,-0.069,2.008,1.923,86.710,-0.067,2.009,1.924,86.688,0.001,0.001,0.000,0.002,11,weighted_average,kalman(weighted_average),false
1788769708.373,15.419,-0.071,2.010,1.923,86.803,-0.070,2.009,1.924,86.771,0.001,-0.001,0.001,0.002,11,weighted_average,kalman(weighted_average),false
1788769708.438,15.484,-0.057,2.018,1.923,86.641,-0.062,2.015,1.924,86.709,-0.005,-0.003,0.001,0.006,11,weighted_average,kalman(weighted_average),false
1788769708.491,15.537,-0.066,2.016,1.928,86.755,-0.063,2.016,1.926,86.735,0.002,0.001,-0.001,0.003,11,weighted_average,kalman(weighted_average),false
1788769708.623,15.669,-0.064,2.020,1.923,86.743,-0.063,2.020,1.924,86.746,0.000,0.000,0.001,0.001,11,weighted_average,kalman(weighted_average),false
1788769708.662,15.707,-0.063,2.026,1.922,86.759,-0.063,2.024,1.922,86.755,-0.000,-0.002,0.000,0.002,11,weighted_average,kalman(weighted_average),false
1788769708.719,15.765,-0.062,2.026,1.921,86.728,-0.062,2.026,1.921,86.743,-0.000,0.001,-0.000,0.001,11,weighted_average,kalman(weighted_average),false
1788769708.788,15.834,-0.063,2.030,1.930,86.777,-0.063,2.030,1.927,86.763,0.000,-0.000,-0.003,0.003,11,weighted_average,kalman(weighted_average),false
1788769708.914,15.960,-0.055,2.036,1.917,86.612,-0.056,2.036,1.919,86.649,-0.001,0.000,0.002,0.002,11,weighted_average,kalman(weighted_average),false
1788769708.963,16.009,-0.063,2.035,1.899,86.698,-0.060,2.036,1.905,86.665,0.003,0.001,0.005,0.006,11,weighted_average,kalman(weighted_average),false
1788769709.026,16.071,-0.063,2.037,1.906,86.727,-0.062,2.037,1.902,86.693,0.001,0.000,-0.004,0.004,11,weighted_average,kalman(weighted_average),false
1788769709.088,16.134,-0.066,2.040,1.900,86.764,-0.065,2.039,1.899,86.735,0.001,-0.000,-0.001,0.001,11,weighted_average,kalman(weighted_average),false
1788769709.201,16.247,-0.063,2.040,1.902,86.698,-0.064,2.041,1.900,86.716,-0.001,0.000,-0.002,0.002,11,weighted_average,kalman(weighted_average),false
1788769709.256,16.302,-0.061,2.047,1.896,86.709,-0.062,2.045,1.897,86.710,-0.001,-0.002,0.001,0.002,11,weighted_average,kalman(weighted_average),false
1788769709.300,16.345,-0.062,2.048,1.899,86.725,-0.062,2.048,1.898,86.716,0.001,-0.000,-0.001,0.001,11,weighted_average,kalman(weighted_average),false
1788769709.356,16.402,-0.068,2.045,1.900,86.777,-0.065,2.047,1.899,86.749,0.003,0.002,-0.001,0.004,11,weighted_average,kalman(weighted_average),false
1788769709.491,16.536,-0.072,2.037,1.906,86.758,-0.071,2.038,1.905,86.763,0.000,0.002,-0.001,0.002,11,weighted_average,kalman(weighted_average),false
1788769709.545,16.590,-0.076,2.035,1.905,86.800,-0.075,2.035,1.906,86.788,0.000,-0.000,0.001,0.001,11,weighted_average,kalman(weighted_average),false
1788769709.594,16.639,-0.084,2.027,1.911,86.879,-0.082,2.029,1.910,86.845,0.002,0.002,-0.001,0.003,11,weighted_average,kalman(weighted_average),false
1788769709.652,16.697,-0.078,2.026,1.911,86.787,-0.081,2.025,1.911,86.827,-0.003,-0.001,0.001,0.003,11,weighted_average,kalman(weighted_average),false
1788769709.771,16.816,-0.076,2.023,1.912,86.769,-0.078,2.021,1.913,86.789,-0.002,-0.001,0.001,0.002,11,weighted_average,kalman(weighted_average),false
1788769709.821,16.867,-0.078,2.021,1.915,86.810,-0.078,2.021,1.915,86.797,0.001,-0.000,-0.000,0.001,11,weighted_average,kalman(weighted_average),false
1788769709.868,16.914,-0.073,2.022,1.907,86.723,-0.075,2.021,1.910,86.755,-0.002,-0.001,0.003,0.004,11,weighted_average,kalman(weighted_average),false
1788769709.922,16.967,-0.073,2.015,1.915,86.686,-0.073,2.017,1.913,86.709,0.000,0.002,-0.002,0.003,11,weighted_average,kalman(weighted_average),false
1788769709.977,17.022,-0.084,2.010,1.919,86.839,-0.079,2.012,1.917,86.765,0.005,0.002,-0.002,0.006,11,weighted_average,kalman(weighted_average),false
1788769710.109,17.155,-0.075,2.007,1.923,86.701,-0.076,2.006,1.923,86.717,-0.001,-0.001,-0.000,0.001,11,weighted_average,kalman(weighted_average),false
1788769710.165,17.210,-0.083,2.009,1.924,86.855,-0.081,2.007,1.924,86.798,0.002,-0.001,0.000,0.003,11,weighted_average,kalman(weighted_average),false
1788769710.218,17.263,-0.081,2.007,1.913,86.790,-0.081,2.007,1.918,86.802,-0.000,-0.000,0.005,0.005,11,weighted_average,kalman(weighted_average),false
1788769710.275,17.321,-0.079,2.009,1.921,86.798,-0.080,2.008,1.919,86.806,-0.001,-0.001,-0.002,0.002,11,weighted_average,kalman(weighted_average),false
1788769710.389,17.435,-0.074,2.007,1.917,86.699,-0.075,2.007,1.917,86.732,-0.001,0.000,0.000,0.001,11,weighted_average,kalman(weighted_average),false
1788769710.439,17.484,-0.080,2.007,1.924,86.813,-0.078,2.007,1.921,86.772,0.002,-0.000,-0.002,0.003,11,weighted_average,kalman(weighted_average),false
1788769710.504,17.549,-0.069,2.011,1.917,86.663,-0.072,2.010,1.919,86.706,-0.003,-0.001,0.002,0.004,11,weighted_average,kalman(weighted_average),false
1788769710.554,17.600,-0.078,2.007,1.919,86.774,-0.074,2.009,1.919,86.733,0.003,0.001,-0.000,0.003,11,weighted_average,kalman(weighted_average),false
1788769710.670,17.716,-0.078,2.011,1.929,86.818,-0.077,2.011,1.927,86.792,0.001,-0.000,-0.002,0.002,11,weighted_average,kalman(weighted_average),false
1788769710.722,17.768,-0.081,2.010,1.918,86.853,-0.081,2.011,1.922,86.837,0.001,0.000,0.004,0.004,11,weighted_average,kalman(weighted_average),false
1788769710.783,17.829,-0.082,2.007,1.930,86.849,-0.082,2.009,1.927,86.858,-0.000,0.001,-0.003,0.003,11,weighted_average,kalman(weighted_average),false
1788769710.844,17.890,-0.081,2.012,1.925,86.860,-0.082,2.011,1.927,86.871,-0.001,-0.001,0.001,0.002,11,weighted_average,kalman(weighted_average),false
1788769710.957,18.003,-0.079,2.010,1.934,86.828,-0.080,2.010,1.933,86.850,-0.001,0.000,-0.001,0.001,11,weighted_average,kalman(weighted_average),false
1788769711.004,18.050,-0.077,2.009,1.937,86.802,-0.078,2.010,1.936,86.820,-0.001,0.000,-0.000,0.001,11,weighted_average,kalman(weighted_average),false
1788769711.054,18.099,-0.086,2.003,1.938,86.890,-0.082,2.006,1.938,86.853,0.003,0.002,0.000,0.004,11,weighted_average,kalman(weighted_average),false
1788769711.098,18.144,-0.078,2.008,1.941,86.815,-0.080,2.006,1.941,86.836,-0.002,-0.002,-0.000,0.003,11,weighted_average,kalman(weighted_average),false
1788769711.160,18.205,-0.080,2.006,1.938,86.826,-0.080,2.006,1.940,86.828,-0.000,-0.001,0.002,0.002,11,weighted_average,kalman(weighted_average),false
1788769711.282,18.328,-0.080,2.008,1.949,86.847,-0.080,2.007,1.948,86.840,0.000,-0.001,-0.001,0.001,11,weighted_average,kalman(weighted_average),false
1788769711.329,18.374,-0.079,2.009,1.940,86.812,-0.079,2.009,1.944,86.824,-0.001,-0.000,0.004,0.004,11,weighted_average,kalman(weighted_average),false
1788769711.376,18.422,-0.075,2.011,1.944,86.767,-0.076,2.011,1.944,86.792,-0.002,-0.001,-0.000,0.002,11,weighted_average,kalman(weighted_average),false
1788769711.437,18.482,-0.077,2.011,1.945,86.811,-0.076,2.011,1.945,86.795,0.001,0.001,-0.000,0.001,11,weighted_average,kalman(weighted_average),false
1788769711.553,18.599,-0.075,2.012,1.936,86.782,-0.075,2.012,1.938,86.781,0.000,0.000,0.002,0.002,11,weighted_average,kalman(weighted_average),false
1788769711.602,18.648,-0.081,2.006,1.943,86.837,-0.079,2.008,1.941,86.813,0.002,0.002,-0.003,0.004,11,weighted_average,kalman(weighted_average),false
1788769711.672,18.718,-0.082,2.006,1.946,86.846,-0.082,2.006,1.944,86.837,0.000,0.000,-0.002,0.002,11,weighted_average,kalman(weighted_average),false
1788769711.726,18.772,-0.083,2.006,1.946,86.845,-0.083,2.006,1.946,86.847,-0.000,-0.001,0.000,0.001,11,weighted_average,kalman(weighted_average),false
1788769711.837,18.883,-0.082,2.008,1.949,86.824,-0.083,2.007,1.949,86.837,-0.001,-0.001,-0.000,0.001,11,weighted_average,kalman(weighted_average),false
1788769711.895,18.940,-0.077,2.010,1.941,86.728,-0.078,2.009,1.944,86.768,-0.002,-0.001,0.003,0.003,11,weighted_average,kalman(weighted_average),false
1788769711.946,18.992,-0.086,2.007,1.948,86.864,-0.082,2.009,1.946,86.811,0.003,0.001,-0.002,0.004,11,weighted_average,kalman(weighted_average),false
1788769711.993,19.038,-0.085,2.010,1.945,86.846,-0.084,2.009,1.946,86.829,0.001,-0.000,0.000,0.001,11,weighted_average,kalman(weighted_average),false
1788769712.053,19.099,-0.083,2.012,1.935,86.821,-0.084,2.011,1.939,86.828,-0.001,-0.001,0.004,0.004,11,weighted_average,kalman(weighted_average),false
1788769712.181,19.227,-0.084,2.014,1.931,86.802,-0.084,2.014,1.931,86.810,-0.000,0.000,0.000,0.000,11,weighted_average,kalman(weighted_average),false
1788769712.230,19.275,-0.089,2.011,1.927,86.846,-0.088,2.012,1.928,86.829,0.001,0.002,0.000,0.002,11,weighted_average,kalman(weighted_average),false
1788769712.279,19.324,-0.089,2.010,1.934,86.847,-0.089,2.011,1.930,86.840,0.000,0.001,-0.003,0.004,11,weighted_average,kalman(weighted_average),false
1788769712.338,19.384,-0.087,2.009,1.936,86.786,-0.089,2.009,1.934,86.813,-0.001,0.000,-0.002,0.003,11,weighted_average,kalman(weighted_average),false
1788769712.442,19.487,-0.096,2.007,1.931,86.886,-0.095,2.007,1.932,86.861,0.001,0.000,0.001,0.002,11,weighted_average,kalman(weighted_average),false
1788769712.490,19.536,-0.093,2.008,1.936,86.813,-0.094,2.007,1.935,86.838,-0.002,-0.001,-0.002,0.002,11,weighted_average,kalman(weighted_average),false
1788769712.540,19.586,-0.093,2.007,1.932,86.791,-0.094,2.007,1.933,86.813,-0.001,-0.000,0.001,0.002,11,weighted_average,kalman(weighted_average),false
1788769712.595,19.641,-0.095,2.005,1.943,86.804,-0.095,2.005,1.939,86.804,0.000,0.001,-0.004,0.004,11,weighted_average,kalman(weighted_average),false
1788769712.735,19.780,-0.101,2.004,1.939,86.822,-0.100,2.004,1.940,86.813,0.001,-0.000,0.001,0.001,11,weighted_average,kalman(weighted_average),false
1788769712.805,19.851,-0.104,2.009,1.937,86.885,-0.104,2.008,1.937,86.864,0.000,-0.001,0.001,0.001,11,weighted_average,kalman(weighted_average),false
1788769712.863,19.909,-0.103,2.005,1.948,86.831,-0.104,2.006,1.944,86.852,-0.001,0.001,-0.004,0.004,11,weighted_average,kalman(weighted_average),false
1788769712.919,19.965,-0.103,2.006,1.960,86.837,-0.104,2.006,1.956,86.847,-0.001,0.000,-0.004,0.005,11,weighted_average,kalman(weighted_average),false
1788769713.039,20.085,-0.112,2.010,1.954,86.947,-0.111,2.010,1.956,86.924,0.001,-0.001,0.003,0.003,11,weighted_average,kalman(weighted_average),false
1788769713.090,20.136,-0.101,2.016,1.956,86.779,-0.105,2.015,1.957,86.846,-0.004,-0.002,0.000,0.005,11,weighted_average,kalman(weighted_average),false
1788769713.150,20.196,-0.108,2.014,1.950,86.844,-0.107,2.016,1.952,86.840,0.001,0.001,0.002,0.003,11,weighted_average,kalman(weighted_average),false
1788769713.209,20.254,-0.112,2.013,1.964,86.887,-0.110,2.015,1.959,86.863,0.002,0.002,-0.005,0.006,11,weighted_average,kalman(weighted_average),false
1788769713.334,20.380,-0.115,2.015,1.949,86.883,-0.115,2.015,1.951,86.880,0.000,0.000,0.002,0.002,11,weighted_average,kalman(weighted_average),false
1788769713.401,20.447,-0.107,2.017,1.965,86.766,-0.110,2.017,1.961,86.807,-0.003,-0.000,-0.005,0.006,11,weighted_average,kalman(weighted_average),false
1788769713.450,20.496,-0.111,2.017,1.956,86.822,-0.110,2.017,1.959,86.806,0.001,0.000,0.002,0.003,11,weighted_average,kalman(weighted_average),false
1788769713.509,20.555,-0.114,2.016,1.959,86.843,-0.112,2.017,1.959,86.820,0.001,0.001,-0.000,0.002,11,weighted_average,kalman(weighted_average),false
1788769713.622,20.668,-0.110,2.019,1.964,86.811,-0.111,2.019,1.964,86.811,-0.001,-0.000,-0.001,0.001,11,weighted_average,kalman(weighted_average),false
1788769713.670,20.715,-0.119,2.013,1.977,86.935,-0.116,2.015,1.973,86.883,0.003,0.002,-0.004,0.006,11,weighted_average,kalman(weighted_average),false
1788769713.721,20.766,-0.102,2.021,1.973,86.737,-0.108,2.019,1.975,86.813,-0.006,-0.003,0.002,0.007,11,weighted_average,kalman(weighted_average),false
1788769713.780,20.826,-0.113,2.016,1.971,86.861,-0.110,2.017,1.974,86.835,0.003,0.001,0.003,0.004,11,weighted_average,kalman(weighted_average),false
1788769713.917,20.963,-0.107,2.022,1.967,86.814,-0.107,2.021,1.969,86.819,-0.000,-0.001,0.001,0.002,11,weighted_average,kalman(weighted_average),false
1788769713.970,21.016,-0.113,2.017,1.974,86.894,-0.111,2.019,1.972,86.865,0.002,0.002,-0.003,0.004,11,weighted_average,kalman(weighted_average),false
1788769714.022,21.067,-0.113,2.018,1.970,86.888,-0.113,2.019,1.971,86.884,0.000,0.000,0.001,0.001,11,weighted_average,kalman(weighted_average),false
1788769714.095,21.141,-0.110,2.021,1.971,86.869,-0.112,2.020,1.971,86.883,-0.001,-0.001,-0.000,0.001,11,weighted_average,kalman(weighted_average),false
1788769714.219,21.264,-0.102,2.029,1.961,86.789,-0.103,2.028,1.962,86.814,-0.001,-0.001,0.001,0.002,11,weighted_average,kalman(weighted_average),false
1788769714.267,21.313,-0.104,2.025,1.962,86.797,-0.102,2.027,1.961,86.795,0.001,0.002,-0.001,0.003,11,weighted_average,kalman(weighted_average),false
1788769714.318,21.364,-0.100,2.033,1.949,86.778,-0.100,2.032,1.952,86.776,-0.000,-0.002,0.004,0.004,11,weighted_average,kalman(weighted_average),false
1788769714.369,21.415,-0.103,2.031,1.954,86.823,-0.101,2.032,1.952,86.792,0.002,0.001,-0.003,0.004,11,weighted_average,kalman(weighted_average),false
1788769714.422,21.467,-0.102,2.031,1.954,86.808,-0.101,2.032,1.952,86.797,0.001,0.001,-0.002,0.003,11,weighted_average,kalman(weighted_average),false
1788769714.571,21.616,-0.104,2.035,1.952,86.870,-0.104,2.035,1.952,86.855,0.000,-0.000,-0.001,0.001,11,weighted_average,kalman(weighted_average),false
1788769714.624,21.670,-0.096,2.041,1.948,86.772,-0.098,2.039,1.949,86.809,-0.003,-0.001,0.001,0.003,11,weighted_average,kalman(weighted_average),false
1788769714.680,21.726,-0.101,2.037,1.938,86.822,-0.100,2.039,1.941,86.815,0.002,0.002,0.003,0.004,11,weighted_average,kalman(weighted_average),false
1788769714.751,21.797,-0.103,2.036,1.939,86.842,-0.102,2.037,1.938,86.831,0.001,0.001,-0.001,0.002,11,weighted_average,kalman(weighted_average),false
1788769714.873,21.919,-0.098,2.039,1.929,86.788,-0.099,2.039,1.929,86.801,-0.001,-0.000,0.000,0.001,11,weighted_average,kalman(weighted_average),false
1788769714.923,21.968,-0.101,2.041,1.917,86.848,-0.100,2.040,1.920,86.826,0.001,-0.001,0.003,0.003,11,weighted_average,kalman(weighted_average),false
1788769714.975,22.020,-0.103,2.039,1.924,86.881,-0.102,2.040,1.920,86.858,0.001,0.001,-0.004,0.004,11,weighted_average,kalman(weighted_average),false
1788769715.026,22.072,-0.100,2.041,1.912,86.837,-0.101,2.041,1.914,86.853,-0.001,-0.000,0.002,0.002,11,weighted_average,kalman(weighted_average),false
1788769715.091,22.136,-0.101,2.041,1.913,86.847,-0.101,2.041,1.912,86.853,-0.000,0.000,-0.002,0.002,11,weighted_average,kalman(weighted_average),false
1788769715.220,22.265,-0.105,2.039,1.909,86.907,-0.105,2.040,1.908,86.897,0.001,0.000,-0.001,0.001,11,weighted_average,kalman(weighted_average),false
1788769715.284,22.330,-0.102,2.039,1.908,86.844,-0.103,2.039,1.908,86.868,-0.001,-0.000,-0.000,0.001,11,weighted_average,kalman(weighted_average),false
1788769715.328,22.373,-0.107,2.037,1.910,86.925,-0.106,2.037,1.909,86.899,0.002,0.001,-0.001,0.002,11,weighted_average,kalman(weighted_average),false
1788769715.388,22.433,-0.103,2.039,1.904,86.868,-0.104,2.038,1.906,86.886,-0.001,-0.001,0.002,0.002,11,weighted_average,kalman(weighted_average),false
1788769715.505,22.551,-0.101,2.039,1.903,86.853,-0.101,2.039,1.903,86.862,-0.001,-0.000,-0.000,0.001,11,weighted_average,kalman(weighted_average),false
1788769715.557,22.602,-0.104,2.034,1.912,86.897,-0.102,2.036,1.908,86.880,0.001,0.002,-0.003,0.004,11,weighted_average,kalman(weighted_average),false
1788769715.607,22.653,-0.100,2.034,1.917,86.849,-0.101,2.034,1.914,86.863,-0.001,0.000,-0.002,0.003,11,weighted_average,kalman(weighted_average),false
1788769715.659,22.705,-0.107,2.036,1.902,86.987,-0.104,2.035,1.908,86.927,0.003,-0.001,0.006,0.007,11,weighted_average,kalman(weighted_average),false
1788769715.806,22.851,-0.102,2.036,1.909,86.960,-0.103,2.036,1.909,86.965,-0.001,-0.000,-0.000,0.001,11,weighted_average,kalman(weighted_average),false
1788769715.859,22.905,-0.105,2.028,1.913,86.992,-0.104,2.031,1.912,86.987,0.001,0.002,-0.001,0.003,11,weighted_average,kalman(weighted_average),false
1788769715.919,22.964,-0.100,2.031,1.917,86.929,-0.101,2.030,1.916,86.960,-0.002,-0.001,-0.001,0.002,11,weighted_average,kalman(weighted_average),false
1788769715.984,23.029,-0.107,2.028,1.918,87.036,-0.105,2.028,1.918,87.006,0.002,0.000,0.000,0.002,11,weighted_average,kalman(weighted_average),false
1788769716.115,23.161,-0.100,2.032,1.917,86.943,-0.101,2.031,1.918,86.965,-0.001,-0.001,0.001,0.002,11,weighted_average,kalman(weighted_average),false
1788769716.166,23.212,-0.100,2.032,1.917,86.943,-0.099,2.032,1.917,86.946,0.000,0.000,0.000,0.000,11,weighted_average,kalman(weighted_average),false
1788769716.217,23.262,-0.098,2.034,1.920,86.937,-0.098,2.033,1.918,86.935,0.000,-0.000,-0.001,0.001,11,weighted_average,kalman(weighted_average),false
1788769716.272,23.317,-0.097,2.032,1.921,86.906,-0.096,2.033,1.920,86.912,0.000,0.001,-0.001,0.001,11,weighted_average,kalman(weighted_average),false
1788769716.407,23.453,-0.097,2.034,1.927,86.932,-0.096,2.034,1.927,86.919,0.001,0.000,-0.001,0.001,11,weighted_average,kalman(weighted_average),false
1788769716.455,23.501,-0.091,2.038,1.930,86.852,-0.093,2.037,1.929,86.878,-0.002,-0.001,-0.000,0.002,11,weighted_average,kalman(weighted_average),false
1788769716.517,23.562,-0.098,2.038,1.926,86.963,-0.096,2.038,1.928,86.923,0.002,0.000,0.002,0.003,11,weighted_average,kalman(weighted_average),false
1788769716.576,23.622,-0.092,2.038,1.930,86.852,-0.094,2.038,1.930,86.885,-0.002,0.001,-0.000,0.002,11,weighted_average,kalman(weighted_average),false
1788769716.693,23.738,-0.100,2.046,1.921,86.993,-0.099,2.045,1.923,86.961,0.001,-0.001,0.002,0.003,11,weighted_average,kalman(weighted_average),false
1788769716.759,23.804,-0.096,2.048,1.926,86.931,-0.098,2.048,1.924,86.952,-0.002,0.000,-0.002,0.003,11,weighted_average,kalman(weighted_average),false
1788769716.808,23.853,-0.100,2.046,1.922,86.948,-0.099,2.048,1.922,86.954,0.001,0.002,0.001,0.002,11,weighted_average,kalman(weighted_average),false
1788769716.853,23.899,-0.102,2.047,1.926,86.962,-0.101,2.048,1.924,86.962,0.001,0.001,-0.002,0.002,11,weighted_average,kalman(weighted_average),false
1788769716.977,24.023,-0.102,2.049,1.928,86.925,-0.102,2.050,1.927,86.939,-0.000,0.000,-0.001,0.001,11,weighted_average,kalman(weighted_average),false
1788769717.034,24.079,-0.100,2.054,1.924,86.885,-0.101,2.053,1.926,86.902,-0.001,-0.001,0.001,0.002,11,weighted_average,kalman(weighted_average),false
1788769717.084,24.130,-0.100,2.055,1.927,86.884,-0.100,2.055,1.926,86.884,0.000,-0.000,-0.000,0.000,11,weighted_average,kalman(weighted_average),false
1788769717.140,24.185,-0.105,2.055,1.928,86.928,-0.103,2.056,1.927,86.900,0.002,0.001,-0.000,0.002,11,weighted_average,kalman(weighted_average),false
1788769717.283,24.329,-0.109,2.057,1.927,86.952,-0.109,2.057,1.927,86.939,0.000,0.000,0.000,0.001,11,weighted_average,kalman(weighted_average),false
1788769717.324,24.369,-0.103,2.063,1.926,86.874,-0.106,2.061,1.926,86.905,-0.003,-0.002,0.001,0.003,11,weighted_average,kalman(weighted_average),false
1788769717.372,24.417,-0.111,2.060,1.925,86.967,-0.109,2.061,1.925,86.938,0.002,0.001,0.000,0.002,11,weighted_average,kalman(weighted_average),false
1788769717.425,24.471,-0.115,2.053,1.923,86.977,-0.113,2.057,1.924,86.964,0.002,0.003,0.000,0.004,11,weighted_average,kalman(weighted_average),false
1788769717.538,24.583,-0.116,2.054,1.928,87.002,-0.116,2.054,1.927,87.002,-0.001,-0.000,-0.001,0.001,11,weighted_average,kalman(weighted_average),false
1788769717.590,24.636,-0.112,2.056,1.928,86.963,-0.114,2.055,1.928,86.985,-0.002,-0.001,-0.000,0.002,11,weighted_average,kalman(weighted_average),false
1788769717.641,24.687,-0.111,2.056,1.930,86.942,-0.112,2.056,1.929,86.963,-0.001,-0.000,-0.000,0.001,11,weighted_average,kalman(weighted_average),false
1788769717.699,24.745,-0.113,2.054,1.920,86.951,-0.112,2.055,1.924,86.954,0.001,0.001,0.004,0.004,11,weighted_average,kalman(weighted_average),false
1788769717.828,24.874,-0.113,2.052,1.928,87.005,-0.113,2.052,1.927,86.989,0.000,0.000,-0.001,0.001,11,weighted_average,kalman(weighted_average),false
1788769717.878,24.924,-0.112,2.051,1.928,86.989,-0.112,2.051,1.928,86.994,-0.000,0.000,-0.000,0.000,11,weighted_average,kalman(weighted_average),false
1788769717.928,24.974,-0.109,2.049,1.921,86.945,-0.110,2.050,1.924,86.970,-0.001,0.000,0.003,0.004,11,weighted_average,kalman(weighted_average),false
1788769717.988,25.034,-0.112,2.045,1.936,87.007,-0.111,2.046,1.931,86.990,0.001,0.001,-0.005,0.005,11,weighted_average,kalman(weighted_average),false
1788769718.096,25.142,-0.109,2.041,1.930,86.998,-0.109,2.041,1.931,86.999,-0.000,0.000,0.001,0.001,11,weighted_average,kalman(weighted_average),false
1788769718.156,25.202,-0.104,2.041,1.928,86.931,-0.105,2.040,1.929,86.958,-0.001,-0.001,0.001,0.002,11,weighted_average,kalman(weighted_average),false
1788769718.221,25.266,-0.101,2.040,1.926,86.911,-0.101,2.040,1.927,86.923,-0.001,-0.001,0.001,0.001,11,weighted_average,kalman(weighted_average),false
1788769718.294,25.340,-0.106,2.035,1.934,87.010,-0.103,2.036,1.932,86.968,0.002,0.001,-0.003,0.004,11,weighted_average,kalman(weighted_average),false
1788769718.434,25.479,-0.101,2.031,1.920,86.962,-0.101,2.031,1.922,86.966,-0.000,0.000,0.002,0.002,11,weighted_average,kalman(weighted_average),false
1788769718.503,25.549,-0.104,2.028,1.928,87.026,-0.103,2.028,1.925,87.007,0.001,0.000,-0.003,0.003,11,weighted_average,kalman(weighted_average),false
1788769718.549,25.594,-0.103,2.027,1.922,87.001,-0.104,2.027,1.923,87.009,-0.000,-0.000,0.001,0.001,11,weighted_average,kalman(weighted_average),false
1788769718.597,25.643,-0.098,2.029,1.927,86.960,-0.100,2.027,1.925,86.987,-0.003,-0.002,-0.002,0.004,11,weighted_average,kalman(weighted_average),false
1788769718.700,25.746,-0.094,2.022,1.923,86.876,-0.095,2.023,1.924,86.909,-0.001,0.001,0.001,0.001,11,weighted_average,kalman(weighted_average),false
1788769718.752,25.798,-0.100,2.010,1.923,86.907,-0.098,2.014,1.923,86.896,0.003,0.003,-0.000,0.004,11,weighted_average,kalman(weighted_average),false
1788769718.821,25.867,-0.106,2.013,1.922,87.030,-0.104,2.011,1.922,86.967,0.003,-0.002,0.000,0.003,11,weighted_average,kalman(weighted_average),false
1788769718.888,25.934,-0.100,2.011,1.915,86.928,-0.102,2.010,1.917,86.950,-0.002,-0.001,0.002,0.003,11,weighted_average,kalman(weighted_average),false
1788769719.025,26.071,-0.105,2.004,1.914,87.020,-0.105,2.004,1.914,87.007,0.000,0.000,-0.001,0.001,11,weighted_average,kalman(weighted_average),false
1788769719.070,26.115,-0.101,1.996,1.927,86.940,-0.102,1.998,1.922,86.974,-0.002,0.002,-0.005,0.006,11,weighted_average,kalman(weighted_average),false
1788769719.112,26.158,-0.100,2.000,1.919,86.991,-0.101,1.998,1.921,86.983,-0.001,-0.002,0.002,0.003,11,weighted_average,kalman(weighted_average),false
1788769719.171,26.217,-0.102,2.001,1.917,87.050,-0.101,1.999,1.919,87.023,0.001,-0.002,0.002,0.003,11,weighted_average,kalman(weighted_average),false
1788769719.300,26.345,-0.098,1.992,1.922,86.969,-0.099,1.993,1.921,86.991,-0.000,0.001,-0.000,0.001,11,weighted_average,kalman(weighted_average),false
1788769719.349,26.395,-0.094,1.994,1.923,86.914,-0.095,1.993,1.923,86.940,-0.001,-0.001,-0.000,0.002,11,weighted_average,kalman(weighted_average),false
1788769719.395,26.441,-0.099,1.993,1.917,86.984,-0.097,1.992,1.919,86.954,0.002,-0.001,0.003,0.004,11,weighted_average,kalman(weighted_average),false
1788769719.456,26.502,-0.102,1.990,1.915,86.999,-0.100,1.990,1.916,86.974,0.002,0.000,0.001,0.002,11,weighted_average,kalman(weighted_average),false
1788769719.592,26.638,-0.104,1.989,1.924,86.996,-0.104,1.988,1.922,86.992,0.000,-0.000,-0.002,0.002,11,weighted_average,kalman(weighted_average),false
1788769719.645,26.690,-0.105,1.988,1.917,86.985,-0.105,1.988,1.920,86.990,-0.000,-0.000,0.002,0.002,11,weighted_average,kalman(weighted_average),false
1788769719.708,26.754,-0.106,1.989,1.920,86.981,-0.106,1.988,1.920,86.986,-0.000,-0.000,0.000,0.001,11,weighted_average,kalman(weighted_average),false
1788769719.762,26.807,-0.113,1.987,1.927,87.064,-0.111,1.987,1.925,87.030,0.002,0.000,-0.003,0.003,11,weighted_average,kalman(weighted_average),false
1788769719.883,26.929,-0.108,1.988,1.932,86.967,-0.109,1.987,1.932,86.991,-0.002,-0.000,-0.000,0.002,11,weighted_average,kalman(weighted_average),false
1788769719.938,26.984,-0.115,1.985,1.937,87.053,-0.113,1.986,1.936,87.025,0.002,0.001,-0.001,0.002,11,weighted_average,kalman(weighted_average),false
1788769719.987,27.032,-0.113,1.983,1.936,86.994,-0.113,1.984,1.937,87.010,-0.000,0.001,0.001,0.002,11,weighted_average,kalman(weighted_average),false
1788769720.035,27.081,-0.111,1.984,1.928,86.960,-0.112,1.983,1.933,86.983,-0.001,-0.001,0.005,0.005,11,weighted_average,kalman(weighted_average),false
1788769720.163,27.209,-0.115,1.987,1.926,87.041,-0.115,1.986,1.927,87.020,0.000,-0.001,0.001,0.001,11,weighted_average,kalman(weighted_average),false
1788769720.224,27.270,-0.111,1.988,1.937,86.977,-0.112,1.988,1.933,86.997,-0.001,-0.000,-0.004,0.004,11,weighted_average,kalman(weighted_average),false
1788769720.275,27.321,-0.119,1.979,1.941,87.021,-0.116,1.983,1.939,87.010,0.002,0.004,-0.002,0.005,11,weighted_average,kalman(weighted_average),false
1788769720.323,27.369,-0.120,1.977,1.941,87.030,-0.119,1.979,1.942,87.023,0.001,0.002,0.000,0.002,11,weighted_average,kalman(weighted_average),false
1788769720.457,27.503,-0.113,1.985,1.947,86.974,-0.114,1.983,1.947,86.989,-0.002,-0.002,0.000,0.002,11,weighted_average,kalman(weighted_average),false
1788769720.513,27.559,-0.113,1.982,1.957,86.983,-0.113,1.983,1.954,86.981,0.000,0.001,-0.002,0.002,11,weighted_average,kalman(weighted_average),false
1788769720.570,27.616,-0.114,1.980,1.952,86.995,-0.113,1.981,1.954,86.985,0.001,0.001,0.003,0.003,11,weighted_average,kalman(weighted_average),false
1788769720.621,27.667,-0.115,1.980,1.948,87.005,-0.114,1.980,1.951,86.994,0.001,0.001,0.003,0.003,11,weighted_average,kalman(weighted_average),false
1788769720.748,27.793,-0.106,1.984,1.948,86.906,-0.107,1.984,1.948,86.927,-0.001,-0.001,0.000,0.001,11,weighted_average,kalman(weighted_average),false
1788769720.805,27.850,-0.112,1.979,1.955,86.968,-0.109,1.981,1.953,86.943,0.002,0.002,-0.003,0.004,11,weighted_average,kalman(weighted_average),false
1788769720.859,27.904,-0.114,1.980,1.961,87.019,-0.112,1.980,1.959,86.983,0.002,0.000,-0.002,0.003,11,weighted_average,kalman(weighted_average),false
1788769720.906,27.952,-0.105,1.990,1.953,86.949,-0.108,1.985,1.957,86.969,-0.003,-0.004,0.004,0.006,11,weighted_average,kalman(weighted_average),false
1788769721.031,28.076,-0.106,1.987,1.964,86.985,-0.106,1.988,1.963,86.982,0.000,0.001,-0.001,0.001,11,weighted_average,kalman(weighted_average),false
1788769721.088,28.133,-0.100,1.983,1.959,86.851,-0.101,1.985,1.961,86.901,-0.002,0.002,0.002,0.003,11,weighted_average,kalman(weighted_average),false
1788769721.132,28.177,-0.101,1.990,1.956,86.925,-0.100,1.988,1.958,86.904,0.001,-0.002,0.002,0.003,11,weighted_average,kalman(weighted_average),false
1788769721.193,28.239,-0.108,1.986,1.959,87.045,-0.104,1.987,1.958,86.975,0.004,0.001,-0.001,0.004,11,weighted_average,kalman(weighted_average),false
1788769721.324,28.369,-0.101,1.988,1.966,87.015,-0.102,1.988,1.964,87.015,-0.001,-0.000,-0.001,0.001,11,weighted_average,kalman(weighted_average),false
1788769721.384,28.430,-0.097,1.997,1.963,87.029,-0.098,1.994,1.964,87.031,-0.001,-0.002,0.001,0.003,11,weighted_average,kalman(weighted_average),false
1788769721.447,28.492,-0.104,1.988,1.965,87.101,-0.101,1.991,1.965,87.081,0.003,0.003,0.000,0.004,11,weighted_average,kalman(weighted_average),false
1788769721.501,28.546,-0.088,2.000,1.959,86.942,-0.093,1.997,1.961,87.014,-0.005,-0.003,0.003,0.006,11,weighted_average,kalman(weighted_average),false
1788769721.621,28.667,-0.090,1.992,1.954,86.944,-0.089,1.994,1.955,86.956,0.001,0.002,0.001,0.002,11,weighted_average,kalman(weighted_average),false
1788769721.667,28.713,-0.087,1.995,1.955,86.937,-0.087,1.994,1.954,86.937,-0.000,-0.001,-0.001,0.001,11,weighted_average,kalman(weighted_average),false
1788769721.721,28.767,-0.079,2.002,1.947,86.887,-0.081,1.999,1.949,86.899,-0.002,-0.003,0.002,0.004,11,weighted_average,kalman(weighted_average),false
1788769721.772,28.818,-0.087,1.997,1.947,86.975,-0.083,1.998,1.947,86.928,0.004,0.002,-0.001,0.004,11,weighted_average,kalman(weighted_average),false
1788769721.885,28.930,-0.076,1.998,1.942,86.836,-0.077,1.998,1.942,86.857,-0.001,0.000,-0.000,0.001,11,weighted_average,kalman(weighted_average),false
1788769721.949,28.994,-0.074,2.003,1.939,86.881,-0.074,2.002,1.939,86.861,0.000,-0.002,0.000,0.002,11,weighted_average,kalman(weighted_average),false
1788769721.992,29.037,-0.068,2.006,1.929,86.877,-0.069,2.005,1.932,86.865,-0.002,-0.001,0.003,0.004,11,weighted_average,kalman(weighted_average),false
1788769722.038,29.083,-0.070,1.996,1.932,86.955,-0.068,2.001,1.930,86.908,0.002,0.005,-0.002,0.005,11,weighted_average,kalman(weighted_average),false
1788769722.132,29.178,-0.062,1.988,1.921,86.913,-0.062,1.991,1.922,86.917,-0.000,0.003,0.001,0.003,11,weighted_average,kalman(weighted_average),false
1788769722.177,29.223,-0.048,1.986,1.913,86.823,-0.052,1.986,1.915,86.868,-0.004,0.000,0.002,0.005,11,weighted_average,kalman(weighted_average),false
1788769722.228,29.273,-0.049,1.980,1.924,86.929,-0.048,1.981,1.918,86.894,0.001,0.001,-0.006,0.006,11,weighted_average,kalman(weighted_average),false
1788769722.277,29.322,-0.056,1.961,1.917,87.093,-0.051,1.967,1.917,86.998,0.005,0.006,-0.000,0.008,11,weighted_average,kalman(weighted_average),false
1788769722.325,29.371,-0.048,1.955,1.922,87.065,-0.049,1.956,1.919,87.050,-0.000,0.001,-0.003,0.003,11,weighted_average,kalman(weighted_average),false
1788769722.417,29.463,-0.028,1.944,1.918,87.057,-0.032,1.942,1.919,87.082,-0.004,-0.001,0.000,0.005,11,weighted_average,kalman(weighted_average),false
1788769722.466,29.511,-0.021,1.936,1.921,87.031,-0.022,1.935,1.920,87.065,-0.001,-0.001,-0.001,0.002,11,weighted_average,kalman(weighted_average),false
1788769722.520,29.566,-0.013,1.918,1.923,87.087,-0.013,1.922,1.922,87.083,0.000,0.003,-0.001,0.003,11,weighted_average,kalman(weighted_average),false
1788769722.569,29.614,-0.011,1.910,1.920,87.127,-0.008,1.911,1.921,87.112,0.002,0.001,0.001,0.003,11,weighted_average,kalman(weighted_average),false
1788769722.625,29.670,-0.012,1.897,1.926,87.403,-0.008,1.898,1.924,87.278,0.004,0.001,-0.002,0.005,11,weighted_average,kalman(weighted_average),false
1788769722.717,29.763,-0.012,1.318,1.827,87.912,-0.008,1.898,1.924,87.741,0.004,0.580,0.097,0.589,1,weighted_average,kalman(weighted_average),true
1788769722.765,29.811,-0.010,1.313,1.830,87.992,-0.008,1.898,1.924,87.960,0.003,0.585,0.095,0.592,1,weighted_average,kalman(weighted_average),true
1788769722.820,29.866,-0.001,1.288,1.833,88.045,-0.002,1.333,1.840,88.106,-0.000,0.045,0.007,0.045,1,weighted_average,kalman(weighted_average),false
1788769722.868,29.914,-0.023,1.289,1.837,88.517,-0.015,1.252,1.830,88.400,0.008,-0.037,-0.007,0.039,1,weighted_average,kalman(weighted_average),false
1788769722.918,29.964,0.021,1.270,1.841,87.953,0.005,1.210,1.829,88.275,-0.016,-0.060,-0.012,0.063,1,weighted_average,kalman(weighted_average),false
1788769723.008,30.053,0.052,1.237,1.821,87.876,0.043,1.190,1.819,88.081,-0.009,-0.047,-0.003,0.048,1,weighted_average,kalman(weighted_average),false
1788769723.061,30.106,0.030,1.241,1.822,88.120,0.041,1.213,1.818,88.089,0.011,-0.028,-0.004,0.030,1,weighted_average,kalman(weighted_average),false
1788769723.110,30.156,0.142,1.225,1.841,86.452,0.107,1.218,1.831,87.197,-0.035,-0.006,-0.010,0.037,1,weighted_average,kalman(weighted_average),false
1788769723.159,30.204,0.049,1.210,1.805,88.242,0.086,1.213,1.817,87.587,0.037,0.003,0.012,0.039,1,weighted_average,kalman(weighted_average),false
1788769723.205,30.251,0.074,1.192,1.813,88.013,0.083,1.200,1.813,87.764,0.009,0.008,0.000,0.012,1,weighted_average,kalman(weighted_average),false
1788769723.293,30.339,0.101,1.169,1.837,87.778,0.099,1.174,1.829,87.779,-0.003,0.005,-0.009,0.010,1,weighted_average,kalman(weighted_average),false
1788769723.340,30.386,0.118,1.150,1.820,87.823,0.114,1.154,1.826,87.807,-0.004,0.004,0.005,0.008,1,weighted_average,kalman(weighted_average),false
1788769723.395,30.441,0.116,1.143,1.839,87.903,0.120,1.141,1.835,87.868,0.004,-0.003,-0.004,0.006,1,weighted_average,kalman(weighted_average),false
1788769723.441,30.486,0.140,1.126,1.840,87.717,0.134,1.127,1.840,87.804,-0.005,0.001,-0.000,0.005,1,weighted_average,kalman(weighted_average),false
1788769723.495,30.540,0.150,1.123,1.839,87.634,0.149,1.118,1.842,87.715,-0.001,-0.005,0.002,0.006,1,weighted_average,kalman(weighted_average),false
1788769723.599,30.645,0.170,1.116,1.858,87.683,0.171,1.111,1.856,87.672,0.001,-0.004,-0.002,0.005,1,weighted_average,kalman(weighted_average),false
1788769723.636,30.682,0.165,1.128,1.818,87.924,0.170,1.120,1.835,87.801,0.006,-0.008,0.017,0.019,1,weighted_average,kalman(weighted_average),false
1788769723.688,30.734,-0.161,1.416,2.010,91.109,0.170,1.120,1.835,89.601,0.331,-0.296,-0.176,0.477,17,weighted_average,kalman(weighted_average),true
1788769723.735,30.781,0.254,1.102,1.873,86.804,0.235,1.106,1.864,88.460,-0.019,0.004,-0.009,0.021,1,weighted_average,kalman(weighted_average),false
1788769723.790,30.835,-0.281,-5.324,1.887,-97.193,0.235,1.106,1.864,-179.182,0.516,6.430,-0.022,6.451,1,weighted_average,kalman(weighted_average),true
1788769723.876,30.922,0.204,1.103,1.855,87.930,0.209,1.104,1.857,141.556,0.004,0.000,0.001,0.005,1,weighted_average,kalman(weighted_average),false
1788769723.926,30.971,0.233,1.106,1.868,87.731,0.221,1.105,1.863,110.898,-0.011,-0.001,-0.005,0.012,1,weighted_average,kalman(weighted_average),false
1788769723.978,31.024,0.261,1.113,1.862,87.489,0.246,1.110,1.863,92.803,-0.015,-0.003,0.001,0.015,1,weighted_average,kalman(weighted_average),false
1788769724.026,31.072,0.285,1.113,1.882,87.178,0.274,1.113,1.875,83.615,-0.011,-0.000,-0.007,0.013,1,weighted_average,kalman(weighted_average),false
1788769724.076,31.122,0.244,1.130,1.864,88.105,0.264,1.124,1.871,80.055,0.020,-0.006,0.007,0.022,1,weighted_average,kalman(weighted_average),false
1788769724.164,31.210,0.275,1.132,1.872,87.786,0.275,1.133,1.873,79.148,-0.000,0.001,0.000,0.001,1,weighted_average,kalman(weighted_average),false
1788769724.218,31.264,0.288,1.135,1.864,87.860,0.286,1.136,1.867,82.465,-0.002,0.001,0.003,0.004,1,weighted_average,kalman(weighted_average),false
1788769724.267,31.313,0.303,1.144,1.881,87.640,0.299,1.143,1.875,84.707,-0.004,-0.001,-0.006,0.007,1,weighted_average,kalman(weighted_average),false
1788769724.319,31.365,0.322,1.144,1.884,87.566,0.317,1.146,1.881,86.219,-0.005,0.001,-0.003,0.006,1,weighted_average,kalman(weighted_average),false
1788769724.369,31.414,0.315,1.146,1.873,87.837,0.321,1.148,1.878,87.305,0.006,0.001,0.005,0.008,1,weighted_average,kalman(weighted_average),false
1788769724.464,31.509,0.378,1.163,1.899,87.092,0.368,1.161,1.895,87.630,-0.009,-0.002,-0.005,0.011,1,weighted_average,kalman(weighted_average),false
1788769724.510,31.556,0.365,1.164,1.874,87.536,0.374,1.165,1.884,87.721,0.009,0.001,0.010,0.013,1,weighted_average,kalman(weighted_average),false
1788769724.564,31.610,0.369,1.173,1.870,87.514,0.377,1.172,1.875,87.737,0.008,-0.001,0.005,0.009,1,weighted_average,kalman(weighted_average),false
1788769724.614,31.660,0.410,1.181,1.901,87.092,0.401,1.180,1.889,87.476,-0.010,-0.001,-0.012,0.015,1,weighted_average,kalman(weighted_average),false
1788769724.665,31.710,0.385,1.186,1.873,87.619,0.398,1.187,1.881,87.560,0.013,0.000,0.008,0.015,1,weighted_average,kalman(weighted_average),false
1788769724.760,31.805,0.411,1.201,1.869,87.551,0.411,1.201,1.871,87.581,0.000,-0.001,0.002,0.002,1,weighted_average,kalman(weighted_average),false
1788769724.804,31.850,0.427,1.214,1.883,87.409,0.424,1.212,1.877,87.494,-0.004,-0.003,-0.006,0.007,1,weighted_average,kalman(weighted_average),false
1788769724.861,31.906,-0.479,-5.441,1.887,-105.202,0.424,1.212,1.877,-179.226,0.902,6.653,-0.010,6.713,1,weighted_average,kalman(weighted_average),true
1788769724.907,31.953,0.443,1.229,1.886,87.515,0.439,1.225,1.884,146.962,-0.004,-0.004,-0.002,0.006,1,weighted_average,kalman(weighted_average),false
1788769724.957,32.002,0.439,1.242,1.885,87.567,0.441,1.237,1.886,121.475,0.002,-0.004,0.001,0.005,1,weighted_average,kalman(weighted_average),false
1788769725.051,32.097,0.456,1.241,1.877,87.390,0.454,1.244,1.880,97.630,-0.002,0.003,0.003,0.004,1,weighted_average,kalman(weighted_average),false
1788769725.095,32.141,0.508,1.244,1.861,86.785,0.490,1.245,1.867,88.054,-0.018,0.001,0.007,0.019,1,weighted_average,kalman(weighted_average),false
1788769725.149,32.195,0.479,1.284,1.904,87.392,0.491,1.271,1.887,82.974,0.012,-0.013,-0.016,0.024,1,weighted_average,kalman(weighted_average),false
1788769725.200,32.245,0.459,1.294,1.895,87.784,0.476,1.290,1.894,81.851,0.017,-0.004,-0.001,0.017,1,weighted_average,kalman(weighted_average),false
1788769725.252,32.298,0.473,1.287,1.887,87.494,0.474,1.295,1.892,82.132,0.001,0.008,0.005,0.009,1,weighted_average,kalman(weighted_average),false
1788769725.338,32.383,0.491,1.297,1.887,86.743,0.486,1.301,1.890,82.993,-0.005,0.004,0.002,0.007,1,weighted_average,kalman(weighted_average),false
1788769725.385,32.431,0.503,1.315,1.904,86.581,0.498,1.312,1.899,84.544,-0.004,-0.003,-0.005,0.008,1,weighted_average,kalman(weighted_average),false
1788769725.437,32.483,0.502,1.322,1.889,86.654,0.504,1.321,1.894,85.610,0.002,-0.001,0.005,0.005,1,weighted_average,kalman(weighted_average),false
1788769725.492,32.538,0.524,1.330,1.914,86.472,0.519,1.330,1.907,86.219,-0.004,0.000,-0.007,0.009,1,weighted_average,kalman(weighted_average),false
1788769725.536,32.582,0.534,1.337,1.914,86.368,0.532,1.337,1.913,86.462,-0.003,0.000,-0.001,0.003,1,weighted_average,kalman(weighted_average),false
1788769725.626,32.672,0.536,1.333,1.898,86.423,0.540,1.338,1.905,86.665,0.005,0.005,0.007,0.010,1,weighted_average,kalman(weighted_average),false
1788769725.671,32.717,0.552,1.345,1.909,86.343,0.550,1.343,1.907,86.569,-0.002,-0.002,-0.002,0.004,1,weighted_average,kalman(weighted_average),false
1788769725.725,32.771,0.551,1.346,1.925,86.468,0.554,1.347,1.918,86.564,0.003,0.000,-0.007,0.008,1,weighted_average,kalman(weighted_average),false
1788769725.772,32.817,0.549,1.340,1.892,86.654,0.553,1.344,1.904,86.638,0.004,0.004,0.013,0.014,1,weighted_average,kalman(weighted_average),false
1788769725.848,32.894,0.549,1.358,1.907,86.699,0.552,1.354,1.905,86.716,0.003,-0.004,-0.003,0.006,1,weighted_average,kalman(weighted_average),false
1788769725.953,32.998,0.543,1.354,1.903,86.809,0.545,1.356,1.903,86.817,0.002,0.002,-0.000,0.003,1,weighted_average,kalman(weighted_average),false
1788769726.004,33.049,0.553,1.370,1.913,86.769,0.550,1.366,1.909,86.809,-0.004,-0.004,-0.003,0.006,1,weighted_average,kalman(weighted_average),false
1788769726.068,33.113,0.547,1.376,1.899,86.868,0.548,1.375,1.903,86.860,0.001,-0.001,0.004,0.004,1,weighted_average,kalman(weighted_average),false
1788769726.119,33.165,0.558,1.383,1.903,86.807,0.554,1.382,1.903,86.846,-0.004,-0.001,-0.001,0.004,1,weighted_average,kalman(weighted_average),false
1788769726.254,33.299,0.541,1.390,1.881,87.029,0.544,1.391,1.883,87.000,0.003,0.001,0.003,0.004,1,weighted_average,kalman(weighted_average),false
1788769726.306,33.352,0.612,1.389,1.898,85.928,0.589,1.391,1.891,86.349,-0.023,0.002,-0.007,0.024,1,weighted_average,kalman(weighted_average),false
1788769726.354,33.399,0.605,1.388,1.892,86.083,0.605,1.389,1.892,86.117,0.000,0.002,-0.001,0.002,1,weighted_average,kalman(weighted_average),false
1788769726.404,33.450,0.564,1.406,1.886,86.743,0.587,1.399,1.888,86.354,0.023,-0.006,0.002,0.024,1,weighted_average,kalman(weighted_average),false
1788769726.456,33.502,-0.898,-5.615,1.957,-113.180,0.587,1.399,1.888,171.368,1.485,7.014,-0.069,7.170,1,weighted_average,kalman(weighted_average),true
1788769726.568,33.614,1.052,2.133,2.572,84.101,0.587,1.399,1.888,127.513,-0.465,-0.734,-0.684,1.105,3,weighted_average,kalman(weighted_average),true
1788769726.614,33.660,0.784,2.237,2.340,86.322,0.587,1.399,1.888,100.041,-0.197,-0.837,-0.451,0.971,3,weighted_average,kalman(weighted_average),true
1788769726.666,33.712,-0.283,2.458,1.535,94.568,0.587,1.399,1.888,89.716,0.870,-1.059,0.353,1.415,3,weighted_average,kalman(weighted_average),true
1788769726.737,33.782,0.372,1.675,2.040,88.153,0.377,1.669,2.036,81.157,0.005,-0.006,-0.004,0.009,17,weighted_average,kalman(weighted_average),false
1788769726.844,33.889,0.368,1.703,1.954,88.280,0.355,1.716,1.979,80.581,-0.013,0.013,0.025,0.031,17,weighted_average,kalman(weighted_average),false
1788769726.904,33.950,0.313,1.727,2.025,88.958,0.321,1.732,2.005,84.596,0.007,0.006,-0.020,0.022,17,weighted_average,kalman(weighted_average),false
1788769726.960,34.006,0.302,1.728,2.062,89.112,0.300,1.737,2.044,87.113,-0.002,0.008,-0.018,0.020,17,weighted_average,kalman(weighted_average),false
1788769727.009,34.055,-3.097,1.718,1.112,126.129,0.300,1.737,2.044,108.558,3.397,0.019,0.932,3.522,17,weighted_average,kalman(weighted_average),true
1788769727.126,34.171,0.315,1.700,2.104,88.817,0.314,1.704,2.098,98.985,-0.002,0.004,-0.006,0.007,17,weighted_average,kalman(weighted_average),false
1788769727.176,34.222,0.347,1.706,2.046,88.429,0.338,1.702,2.069,91.884,-0.010,-0.004,0.023,0.025,17,weighted_average,kalman(weighted_average),false
1788769727.242,34.287,0.370,1.676,2.065,88.071,0.365,1.681,2.065,87.669,-0.005,0.005,-0.000,0.007,17,weighted_average,kalman(weighted_average),false
1788769727.285,34.330,0.352,1.685,2.041,88.247,0.363,1.679,2.049,86.566,0.011,-0.006,0.009,0.015,17,weighted_average,kalman(weighted_average),false
1788769727.333,34.378,0.418,1.655,1.936,87.405,0.399,1.662,1.979,85.682,-0.018,0.007,0.043,0.047,17,weighted_average,kalman(weighted_average),false
1788769727.452,34.498,0.353,1.671,2.047,88.200,0.370,1.664,2.020,86.146,0.017,-0.007,-0.027,0.032,17,weighted_average,kalman(weighted_average),false
1788769727.508,34.554,0.430,1.634,1.967,87.213,0.408,1.643,1.989,86.737,-0.023,0.009,0.022,0.033,17,weighted_average,kalman(weighted_average),false
1788769727.553,34.598,0.381,1.657,2.004,87.766,0.395,1.649,1.997,87.338,0.014,-0.008,-0.007,0.018,17,weighted_average,kalman(weighted_average),false
1788769727.612,34.657,0.407,1.638,1.983,87.374,0.403,1.641,1.988,87.505,-0.004,0.003,0.005,0.007,17,weighted_average,kalman(weighted_average),false
1788769727.749,34.795,0.330,1.662,1.976,88.180,0.341,1.658,1.977,88.169,0.011,-0.004,0.000,0.011,17,weighted_average,kalman(weighted_average),false
1788769727.794,34.839,0.328,2.110,1.996,88.710,0.341,1.658,1.977,88.580,0.013,-0.453,-0.019,0.453,5,weighted_average,kalman(weighted_average),true
1788769727.841,34.886,0.330,2.104,1.987,88.722,0.332,2.018,1.985,88.790,0.002,-0.086,-0.002,0.086,5,weighted_average,kalman(weighted_average),false
1788769727.893,34.939,0.381,1.635,1.954,87.661,0.332,2.018,1.985,88.311,-0.049,0.383,0.031,0.388,17,weighted_average,kalman(weighted_average),true
1788769728.000,35.045,0.411,1.595,1.970,87.306,0.402,1.642,1.972,87.599,-0.009,0.047,0.002,0.048,17,weighted_average,kalman(weighted_average),false
1788769728.059,35.104,0.374,1.631,1.892,87.836,0.391,1.592,1.914,87.638,0.016,-0.040,0.022,0.048,17,weighted_average,kalman(weighted_average),false
1788769728.097,35.142,0.332,1.650,2.010,88.448,0.358,1.600,1.962,88.009,0.026,-0.050,-0.048,0.074,17,weighted_average,kalman(weighted_average),false
1788769728.163,35.208,0.649,0.739,-0.107,81.843,0.358,1.600,1.962,84.492,-0.291,0.861,2.069,2.260,17,weighted_average,kalman(weighted_average),true
1788769728.284,35.330,-0.440,2.040,2.571,95.012,0.358,1.600,1.962,91.757,0.798,-0.439,-0.609,1.096,15,weighted_average,kalman(weighted_average),true
1788769728.323,35.368,1.026,2.093,2.718,83.256,0.358,1.600,1.962,87.672,-0.668,-0.493,-0.756,1.123,15,weighted_average,kalman(weighted_average),true
1788769728.374,35.419,0.969,2.190,0.658,83.949,0.358,1.600,1.962,85.706,-0.611,-0.589,1.305,1.556,15,weighted_average,kalman(weighted_average),true
1788769728.429,35.475,0.380,2.021,1.972,88.689,0.379,2.012,1.972,87.052,-0.000,-0.009,-0.000,0.009,5,weighted_average,kalman(weighted_average),false
1788769728.480,35.525,0.501,2.213,0.838,87.677,0.379,2.012,1.972,87.436,-0.121,-0.201,1.134,1.159,15,weighted_average,kalman(weighted_average),true
1788769728.596,35.641,0.407,1.986,1.989,88.574,0.405,1.989,1.987,88.395,-0.003,0.003,-0.002,0.004,5,weighted_average,kalman(weighted_average),false
1788769728.656,35.702,0.396,1.998,1.991,88.691,0.402,1.992,1.992,88.748,0.005,-0.005,0.001,0.007,5,weighted_average,kalman(weighted_average),false
1788769728.702,35.747,0.833,2.093,0.550,85.232,0.402,1.992,1.992,86.948,-0.431,-0.101,1.442,1.508,15,weighted_average,kalman(weighted_average),true
1788769728.755,35.800,0.654,2.129,0.691,86.715,0.402,1.992,1.992,86.622,-0.252,-0.136,1.301,1.332,15,weighted_average,kalman(weighted_average),true
1788769728.814,35.859,0.916,1.928,3.114,84.299,0.402,1.992,1.992,85.137,-0.514,0.065,-1.122,1.236,15,weighted_average,kalman(weighted_average),true
1788769728.924,35.970,0.322,2.144,2.007,89.387,0.325,2.138,2.007,87.754,0.003,-0.006,-0.001,0.007,15,weighted_average,kalman(weighted_average),false
1788769728.986,36.032,0.333,2.130,0.933,89.390,0.325,2.138,2.007,89.126,-0.008,0.008,1.074,1.074,15,weighted_average,kalman(weighted_average),true
1788769729.041,36.087,0.505,2.134,1.599,88.042,0.480,2.135,1.657,88.904,-0.026,0.001,0.058,0.063,15,weighted_average,kalman(weighted_average),false
1788769729.084,36.129,0.293,2.120,1.789,89.808,0.480,2.135,1.657,89.566,0.187,0.014,-0.132,0.229,15,weighted_average,kalman(weighted_average),true
1788769729.141,36.186,0.410,2.139,1.669,88.883,0.424,2.138,1.666,89.495,0.014,-0.001,-0.002,0.014,15,weighted_average,kalman(weighted_average),false
1788769729.243,36.289,1.573,1.943,2.165,79.684,0.424,2.138,1.666,82.892,-1.149,0.195,-0.499,1.268,15,weighted_average,kalman(weighted_average),true
1788769729.300,36.346,-0.764,-5.381,1.876,-115.023,0.424,2.138,1.666,-178.906,1.188,7.519,-0.210,7.615,1,weighted_average,kalman(weighted_average),true
1788769729.356,36.402,0.690,1.158,1.831,86.611,0.424,2.138,1.666,142.342,-0.266,0.980,-0.165,1.029,1,weighted_average,kalman(weighted_average),true
1788769729.421,36.467,0.716,1.128,1.824,86.277,0.707,1.159,1.819,112.773,-0.009,0.032,-0.005,0.033,1,weighted_average,kalman(weighted_average),false
1788769729.544,36.590,0.718,1.107,1.846,86.548,0.737,1.043,1.853,88.888,0.019,-0.064,0.007,0.067,1,weighted_average,kalman(weighted_average),false
1788769729.601,36.646,0.734,1.091,1.867,86.371,0.739,1.061,1.868,83.480,0.005,-0.029,0.000,0.030,1,weighted_average,kalman(weighted_average),false
1788769729.648,36.694,0.747,1.083,1.874,86.196,0.747,1.070,1.876,81.852,-0.001,-0.013,0.002,0.014,1,weighted_average,kalman(weighted_average),false
1788769729.692,36.738,0.731,1.067,1.868,86.617,0.740,1.067,1.876,81.976,0.009,-0.000,0.007,0.012,1,weighted_average,kalman(weighted_average),false
1788769729.742,36.787,0.758,1.058,1.886,86.300,0.751,1.060,1.885,82.383,-0.006,0.002,-0.001,0.007,1,weighted_average,kalman(weighted_average),false
1788769729.842,36.887,0.539,1.637,2.089,88.649,0.751,1.060,1.885,85.149,0.213,-0.577,-0.204,0.648,13,weighted_average,kalman(weighted_average),true
1788769729.896,36.941,0.523,1.610,2.090,89.317,0.751,1.060,1.885,87.761,0.229,-0.551,-0.205,0.631,13,weighted_average,kalman(weighted_average),true
1788769729.948,36.993,0.544,1.589,2.082,89.133,0.558,1.555,2.069,89.035,0.014,-0.035,-0.013,0.039,13,weighted_average,kalman(weighted_average),false
1788769730.006,37.052,0.543,1.586,2.086,89.170,0.528,1.626,2.099,89.697,-0.015,0.040,0.013,0.045,13,weighted_average,kalman(weighted_average),false
1788769730.130,37.176,0.553,1.577,2.097,89.594,0.535,1.622,2.112,90.165,-0.019,0.045,0.015,0.051,13,weighted_average,kalman(weighted_average),false
1788769730.186,37.232,0.552,1.576,2.098,89.729,0.549,1.588,2.103,90.011,-0.004,0.012,0.005,0.014,13,weighted_average,kalman(weighted_average),false
1788769730.247,37.293,0.553,1.575,2.104,89.831,0.555,1.572,2.103,89.960,0.002,-0.003,-0.001,0.004,13,weighted_average,kalman(weighted_average),false
1788769730.300,37.346,0.547,1.576,2.110,89.948,0.552,1.569,2.107,89.977,0.005,-0.007,-0.003,0.010,13,weighted_average,kalman(weighted_average),false
1788769730.423,37.469,0.540,1.574,2.112,90.004,0.543,1.569,2.112,90.020,0.003,-0.004,-0.000,0.005,13,weighted_average,kalman(weighted_average),false
1788769730.477,37.523,0.536,1.577,2.120,90.008,0.537,1.575,2.118,90.021,0.001,-0.002,-0.002,0.003,13,weighted_average,kalman(weighted_average),false
1788769730.530,37.576,0.534,1.574,2.125,89.985,0.533,1.575,2.124,90.006,-0.001,0.001,-0.001,0.002,13,weighted_average,kalman(weighted_average),false
1788769730.591,37.636,0.529,1.570,2.128,90.053,0.529,1.573,2.129,90.035,-0.001,0.003,0.001,0.003,13,weighted_average,kalman(weighted_average),false
1788769730.720,37.765,0.512,1.583,2.121,90.097,0.513,1.581,2.123,90.090,0.001,-0.002,0.003,0.003,13,weighted_average,kalman(weighted_average),false
1788769730.762,37.808,0.503,1.587,2.130,90.113,0.505,1.586,2.127,90.110,0.002,-0.001,-0.003,0.004,13,weighted_average,kalman(weighted_average),false
1788769730.829,37.874,0.501,1.586,2.127,90.098,0.499,1.588,2.127,90.114,-0.002,0.002,-0.000,0.003,13,weighted_average,kalman(weighted_average),false
1788769730.889,37.934,0.499,1.587,2.123,90.054,0.497,1.589,2.124,90.084,-0.002,0.001,0.001,0.003,13,weighted_average,kalman(weighted_average),false
1788769731.003,38.048,0.495,1.584,2.111,90.011,0.494,1.585,2.113,90.028,-0.001,0.001,0.002,0.003,13,weighted_average,kalman(weighted_average),false
1788769731.058,38.103,0.504,1.577,2.113,89.854,0.500,1.579,2.112,89.911,-0.003,0.002,-0.002,0.004,13,weighted_average,kalman(weighted_average),false
1788769731.098,38.143,0.544,1.571,2.118,89.079,0.527,1.573,2.114,89.454,-0.017,0.002,-0.004,0.018,13,weighted_average,kalman(weighted_average),false
1788769731.161,38.206,0.577,1.569,2.123,88.433,0.565,1.569,2.120,88.766,-0.012,-0.001,-0.003,0.012,13,weighted_average,kalman(weighted_average),false
1788769731.299,38.344,0.747,1.010,1.917,87.001,0.565,1.569,2.120,87.159,-0.183,0.558,0.202,0.621,1,weighted_average,kalman(weighted_average),true
1788769731.353,38.399,-0.757,-5.235,1.930,-119.409,0.565,1.569,2.120,-175.448,1.321,6.804,0.190,6.933,1,weighted_average,kalman(weighted_average),true
1788769731.402,38.448,0.689,1.025,1.896,87.911,0.685,1.045,1.905,144.441,-0.005,0.020,0.008,0.022,1,weighted_average,kalman(weighted_average),false
1788769731.453,38.498,0.708,1.017,1.895,87.595,0.710,0.981,1.879,117.243,0.002,-0.036,-0.015,0.039,1,weighted_average,kalman(weighted_average),false
1788769731.564,38.610,0.734,1.012,1.918,87.181,0.741,0.963,1.893,92.608,0.007,-0.048,-0.024,0.055,1,weighted_average,kalman(weighted_average),false
1788769731.612,38.657,0.696,1.033,1.917,87.939,0.716,1.006,1.910,86.105,0.020,-0.028,-0.007,0.035,1,weighted_average,kalman(weighted_average),false
1788769731.676,38.722,0.705,1.031,1.916,87.804,0.707,1.028,1.918,82.638,0.002,-0.003,0.002,0.005,1,weighted_average,kalman(weighted_average),false
1788769731.726,38.772,0.713,1.028,1.920,87.699,0.709,1.033,1.922,82.759,-0.004,0.006,0.003,0.008,1,weighted_average,kalman(weighted_average),false
1788769731.784,38.830,-0.811,-5.227,1.949,-120.427,0.709,1.033,1.922,167.767,1.520,6.261,-0.027,6.443,1,weighted_average,kalman(weighted_average),true
1788769731.919,38.965,0.708,1.018,1.890,86.677,0.708,1.019,1.893,120.057,0.000,0.001,0.003,0.003,1,weighted_average,kalman(weighted_average),false
1788769731.970,39.016,0.715,1.010,1.898,86.535,0.713,1.011,1.893,93.547,-0.002,0.002,-0.005,0.005,1,weighted_average,kalman(weighted_average),false
1788769732.019,39.065,0.730,1.010,1.896,86.290,0.724,1.008,1.893,81.353,-0.005,-0.002,-0.003,0.006,1,weighted_average,kalman(weighted_average),false
1788769732.062,39.108,-0.804,-5.218,1.919,-118.947,0.724,1.008,1.893,156.343,1.528,6.226,-0.025,6.411,1,weighted_average,kalman(weighted_average),true
1788769732.127,39.173,0.741,1.017,1.898,86.225,0.737,1.015,1.897,125.406,-0.003,-0.002,-0.001,0.004,1,weighted_average,kalman(weighted_average),false
1788769732.236,39.282,0.709,1.030,1.884,86.465,0.716,1.029,1.887,95.802,0.007,-0.002,0.003,0.008,1,weighted_average,kalman(weighted_average),false
1788769732.286,39.331,0.743,1.031,1.883,85.882,0.731,1.032,1.883,85.552,-0.012,0.001,0.000,0.012,1,weighted_average,kalman(weighted_average),false
1788769732.330,39.376,0.725,1.039,1.880,86.230,0.728,1.038,1.880,81.468,0.004,-0.001,-0.001,0.004,1,weighted_average,kalman(weighted_average),false
1788769732.391,39.437,0.719,1.055,1.894,85.810,0.722,1.051,1.887,79.260,0.003,-0.003,-0.006,0.008,1,weighted_average,kalman(weighted_average),false
1788769732.449,39.495,0.736,1.056,1.899,85.135,0.730,1.058,1.895,79.638,-0.006,0.002,-0.004,0.007,1,weighted_average,kalman(weighted_average),false
1788769732.566,39.612,-0.774,-5.283,1.897,-114.465,0.730,1.058,1.895,-159.421,1.504,6.341,-0.001,6.517,1,weighted_average,kalman(weighted_average),true
1788769732.625,39.670,-0.783,-5.281,1.891,-114.609,0.730,1.058,1.895,-113.411,1.513,6.339,0.004,6.517,1,weighted_average,kalman(weighted_average),true
1788769732.679,39.724,0.780,1.087,1.893,83.522,0.778,1.086,1.893,19.092,-0.002,-0.001,0.000,0.003,1,weighted_average,kalman(weighted_average),false
1788769732.722,39.768,0.732,1.104,1.881,84.345,0.753,1.100,1.885,82.752,0.021,-0.005,0.004,0.022,1,weighted_average,kalman(weighted_average),false
1788769732.840,39.886,0.735,1.131,1.870,84.357,0.738,1.129,1.871,129.519,0.003,-0.001,0.001,0.003,1,weighted_average,kalman(weighted_average),false
1788769732.892,39.937,0.745,1.129,1.856,84.158,0.741,1.134,1.859,113.528,-0.004,0.004,0.003,0.007,1,weighted_average,kalman(weighted_average),false
1788769732.938,39.983,0.718,1.131,1.836,84.494,0.726,1.135,1.841,102.916,0.008,0.004,0.006,0.011,1,weighted_average,kalman(weighted_average),false
1788769733.001,40.047,0.747,1.151,1.872,84.089,0.736,1.148,1.856,94.515,-0.011,-0.003,-0.016,0.019,1,weighted_average,kalman(weighted_average),false
1788769733.105,40.151,0.583,1.405,1.958,85.199,0.613,1.357,1.938,87.606,0.031,-0.047,-0.020,0.060,17,weighted_average,kalman(weighted_average),false
1788769733.168,40.214,0.608,1.419,1.910,85.033,0.591,1.434,1.930,84.826,-0.017,0.014,0.021,0.030,17,weighted_average,kalman(weighted_average),false
1788769733.206,40.252,0.580,1.466,1.948,85.487,0.574,1.476,1.945,84.305,-0.006,0.010,-0.003,0.012,17,weighted_average,kalman(weighted_average),false
1788769733.260,40.306,0.613,1.417,1.983,84.916,0.586,1.468,1.974,83.659,-0.028,0.052,-0.009,0.059,17,weighted_average,kalman(weighted_average),false
1788769733.327,40.373,0.643,1.420,1.949,84.342,0.620,1.450,1.967,83.267,-0.024,0.030,0.018,0.042,17,weighted_average,kalman(weighted_average),false
1788769733.441,40.486,0.594,1.444,2.028,84.327,0.603,1.447,2.019,83.524,0.008,0.003,-0.008,0.012,17,weighted_average,kalman(weighted_average),false
1788769733.492,40.538,0.578,1.462,1.971,84.472,0.584,1.457,1.994,84.056,0.006,-0.005,0.023,0.025,17,weighted_average,kalman(weighted_average),false
1788769733.541,40.586,0.628,1.430,2.038,83.808,0.607,1.442,2.022,83.972,-0.021,0.012,-0.016,0.029,17,weighted_average,kalman(weighted_average),false
1788769733.587,40.633,0.609,1.464,1.985,84.077,0.609,1.453,2.005,84.048,0.001,-0.011,0.020,0.023,17,weighted_average,kalman(weighted_average),false
1788769733.646,40.692,0.598,1.466,2.003,84.175,0.603,1.462,2.004,84.150,0.006,-0.004,0.001,0.007,17,weighted_average,kalman(weighted_average),false
1788769733.758,40.804,0.575,1.502,2.001,84.419,0.580,1.496,2.001,84.388,0.005,-0.005,0.000,0.007,17,weighted_average,kalman(weighted_average),false
1788769733.818,40.864,0.518,1.538,2.059,85.154,0.533,1.531,2.042,84.915,0.015,-0.007,-0.018,0.024,17,weighted_average,kalman(weighted_average),false
1788769733.860,40.906,0.542,1.531,2.006,84.820,0.530,1.538,2.026,84.959,-0.012,0.008,0.020,0.025,17,weighted_average,kalman(weighted_average),false
1788769733.908,40.954,0.452,1.637,1.994,86.267,0.478,1.603,2.008,85.722,0.025,-0.034,0.015,0.044,17,weighted_average,kalman(weighted_average),false
1788769734.038,41.084,-3.341,1.498,0.943,129.094,0.478,1.603,2.008,119.137,3.819,0.105,1.065,3.966,17,weighted_average,kalman(weighted_average),true
1788769734.092,41.137,0.545,1.537,2.037,85.709,0.540,1.542,2.035,102.944,-0.005,0.005,-0.002,0.007,17,weighted_average,kalman(weighted_average),false
1788769734.144,41.190,0.541,1.540,2.017,86.126,0.548,1.534,2.026,93.938,0.007,-0.006,0.009,0.013,17,weighted_average,kalman(weighted_average),false
1788769734.192,41.238,0.576,1.521,1.909,86.010,0.570,1.520,1.956,88.682,-0.006,-0.000,0.047,0.047,17,weighted_average,kalman(weighted_average),false
1788769734.301,41.346,0.524,1.844,2.016,87.407,0.541,1.776,1.992,85.656,0.017,-0.069,-0.024,0.075,13,weighted_average,kalman(weighted_average),false
1788769734.362,41.407,0.526,1.841,2.013,87.411,0.526,1.860,2.011,85.923,0.000,0.019,-0.001,0.020,13,weighted_average,kalman(weighted_average),false
1788769734.407,41.453,0.511,1.846,2.005,87.646,0.513,1.882,2.013,86.463,0.002,0.036,0.007,0.037,13,weighted_average,kalman(weighted_average),false
1788769734.459,41.504,0.523,1.834,2.020,87.448,0.514,1.878,2.021,86.762,-0.009,0.044,0.001,0.045,13,weighted_average,kalman(weighted_average),false
1788769734.519,41.565,0.531,1.837,2.016,87.271,0.522,1.866,2.022,86.942,-0.009,0.029,0.006,0.031,13,weighted_average,kalman(weighted_average),false
1788769734.629,41.675,0.587,1.476,1.958,86.078,0.575,1.553,1.972,86.289,-0.012,0.077,0.014,0.079,17,weighted_average,kalman(weighted_average),false
1788769734.694,41.739,0.513,1.541,1.971,87.104,0.538,1.497,1.964,86.706,0.025,-0.044,-0.007,0.051,17,weighted_average,kalman(weighted_average),false
1788769734.744,41.790,0.557,1.499,1.971,86.464,0.548,1.468,1.964,86.574,-0.009,-0.031,-0.007,0.033,17,weighted_average,kalman(weighted_average),false
1788769734.791,41.837,0.526,1.497,2.007,86.789,0.535,1.464,1.987,86.671,0.009,-0.034,-0.020,0.040,17,weighted_average,kalman(weighted_average),false
1788769734.887,41.932,0.529,1.496,2.037,86.773,0.528,1.472,2.028,86.745,-0.001,-0.024,-0.009,0.026,17,weighted_average,kalman(weighted_average),false
1788769734.943,41.989,0.446,1.557,2.075,87.910,0.471,1.529,2.066,87.459,0.025,-0.028,-0.008,0.039,17,weighted_average,kalman(weighted_average),false
1788769734.995,42.041,0.513,1.470,2.107,86.925,0.488,1.500,2.102,87.284,-0.026,0.031,-0.005,0.040,17,weighted_average,kalman(weighted_average),false
1788769735.048,42.093,0.512,1.480,2.077,86.971,0.500,1.488,2.098,87.168,-0.012,0.008,0.022,0.026,17,weighted_average,kalman(weighted_average),false
1788769735.169,42.214,0.536,1.451,2.013,86.610,0.531,1.455,2.033,86.769,-0.005,0.004,0.020,0.021,17,weighted_average,kalman(weighted_average),false
1788769735.217,42.263,0.528,1.455,2.014,86.765,0.533,1.451,2.011,86.715,0.005,-0.004,-0.003,0.007,17,weighted_average,kalman(weighted_average),false
1788769735.268,42.313,0.476,1.456,2.078,87.356,0.500,1.451,2.043,87.025,0.024,-0.006,-0.034,0.042,17,weighted_average,kalman(weighted_average),false
1788769735.320,42.365,0.552,1.430,2.004,86.409,0.528,1.435,2.019,86.711,-0.024,0.006,0.015,0.029,17,weighted_average,kalman(weighted_average),false
1788769735.370,42.416,0.542,1.433,2.014,86.530,0.539,1.430,2.012,86.576,-0.003,-0.003,-0.002,0.005,17,weighted_average,kalman(weighted_average),false
1788769735.491,42.537,0.554,1.384,2.059,86.252,0.555,1.389,2.047,86.273,0.001,0.005,-0.012,0.012,17,weighted_average,kalman(weighted_average),false
1788769735.536,42.581,0.555,1.394,2.044,86.268,0.557,1.387,2.050,86.225,0.002,-0.007,0.006,0.010,17,weighted_average,kalman(weighted_average),false
1788769735.585,42.631,0.576,1.364,2.041,85.905,0.571,1.368,2.048,86.005,-0.005,0.004,0.007,0.010,17,weighted_average,kalman(weighted_average),false
1788769735.639,42.684,0.512,1.423,1.962,86.803,0.538,1.396,1.997,86.370,0.026,-0.027,0.035,0.051,17,weighted_average,kalman(weighted_average),false
1788769735.756,42.802,0.551,1.398,1.915,86.233,0.545,1.399,1.921,86.293,-0.006,0.002,0.006,0.009,17,weighted_average,kalman(weighted_average),false
1788769735.815,42.860,0.521,1.394,2.013,86.574,0.529,1.396,1.974,86.463,0.008,0.002,-0.038,0.039,17,weighted_average,kalman(weighted_average),false
1788769735.862,42.907,0.518,1.419,1.920,86.661,0.520,1.410,1.943,86.593,0.002,-0.009,0.023,0.025,17,weighted_average,kalman(weighted_average),false
1788769735.914,42.959,0.513,1.418,1.991,86.737,0.513,1.417,1.969,86.708,0.000,-0.001,-0.022,0.022,17,weighted_average,kalman(weighted_average),false
1788769736.022,43.068,0.517,1.398,2.043,86.603,0.513,1.404,2.031,86.690,-0.004,0.006,-0.012,0.014,17,weighted_average,kalman(weighted_average),false
1788769736.073,43.118,0.511,1.410,1.987,86.694,0.512,1.406,2.011,86.699,0.000,-0.004,0.023,0.024,17,weighted_average,kalman(weighted_average),false
1788769736.129,43.174,0.692,1.152,1.862,85.321,0.512,1.406,2.011,85.918,-0.181,0.254,0.149,0.345,1,weighted_average,kalman(weighted_average),true
1788769736.183,43.228,0.723,1.142,1.858,84.833,0.683,1.192,1.886,85.185,-0.040,0.050,0.029,0.070,1,weighted_average,kalman(weighted_average),false
1788769736.292,43.338,0.675,1.153,1.839,85.611,0.701,1.130,1.830,85.231,0.025,-0.023,-0.009,0.035,1,weighted_average,kalman(weighted_average),false
1788769736.352,43.398,0.667,1.157,1.847,85.685,0.682,1.137,1.832,85.478,0.015,-0.020,-0.015,0.029,1,weighted_average,kalman(weighted_average),false
1788769736.422,43.467,0.713,1.154,1.873,84.977,0.703,1.143,1.857,85.182,-0.010,-0.010,-0.017,0.022,1,weighted_average,kalman(weighted_average),false
1788769736.475,43.521,0.683,1.160,1.858,85.470,0.693,1.154,1.860,85.309,0.011,-0.007,0.002,0.013,1,weighted_average,kalman(weighted_average),false
1788769736.614,43.660,0.692,1.166,1.864,85.707,0.692,1.166,1.865,85.622,0.000,-0.001,0.001,0.001,1,weighted_average,kalman(weighted_average),false
1788769736.671,43.716,0.673,1.170,1.850,86.429,0.679,1.170,1.855,86.185,0.005,0.000,0.005,0.007,1,weighted_average,kalman(weighted_average),false
1788769736.726,43.772,0.699,1.165,1.860,86.228,0.690,1.168,1.857,86.330,-0.009,0.003,-0.003,0.010,1,weighted_average,kalman(weighted_average),false
1788769736.774,43.820,0.682,1.176,1.873,86.872,0.686,1.173,1.866,86.716,0.003,-0.003,-0.007,0.008,1,weighted_average,kalman(weighted_average),false
1788769736.881,43.926,0.465,1.746,2.058,89.841,0.686,1.173,1.866,89.104,0.221,-0.572,-0.192,0.643,13,weighted_average,kalman(weighted_average),true
1788769736.952,43.998,0.459,1.757,2.062,90.224,0.478,1.709,2.045,90.280,0.019,-0.048,-0.016,0.054,13,weighted_average,kalman(weighted_average),false
1788769737.003,44.049,0.463,1.757,2.068,90.326,0.446,1.798,2.079,90.680,-0.017,0.041,0.012,0.045,13,weighted_average,kalman(weighted_average),false
1788769737.068,44.113,0.455,1.764,2.063,90.500,0.431,1.831,2.088,90.940,-0.024,0.067,0.025,0.075,13,weighted_average,kalman(weighted_average),false
1788769737.194,44.239,0.455,1.782,2.077,90.391,0.442,1.815,2.087,90.786,-0.014,0.033,0.010,0.037,13,weighted_average,kalman(weighted_average),false
1788769737.248,44.294,0.446,1.792,2.069,90.513,0.446,1.796,2.074,90.620,0.000,0.004,0.005,0.007,13,weighted_average,kalman(weighted_average),false
1788769737.303,44.349,0.447,1.797,2.076,90.464,0.449,1.792,2.073,90.505,0.001,-0.005,-0.003,0.006,13,weighted_average,kalman(weighted_average),false
1788769737.354,44.400,0.439,1.813,2.080,90.469,0.444,1.802,2.076,90.453,0.005,-0.012,-0.004,0.013,13,weighted_average,kalman(weighted_average),false
1788769737.481,44.527,0.444,1.826,2.075,90.354,0.444,1.822,2.075,90.339,0.000,-0.004,-0.000,0.004,13,weighted_average,kalman(weighted_average),false
1788769737.533,44.578,0.439,1.826,2.081,90.439,0.441,1.827,2.079,90.382,0.002,0.002,-0.002,0.003,13,weighted_average,kalman(weighted_average),false
1788769737.586,44.631,0.441,1.827,2.083,90.409,0.440,1.830,2.082,90.391,-0.001,0.003,-0.001,0.003,13,weighted_average,kalman(weighted_average),false
1788769737.641,44.686,0.435,1.838,2.086,90.462,0.436,1.837,2.085,90.428,0.002,-0.001,-0.001,0.002,13,weighted_average,kalman(weighted_average),false
1788769737.773,44.819,0.433,1.832,2.079,90.601,0.432,1.835,2.080,90.568,-0.000,0.003,0.002,0.003,13,weighted_average,kalman(weighted_average),false
1788769737.822,44.867,0.437,1.830,2.075,90.564,0.435,1.831,2.076,90.584,-0.002,0.001,0.001,0.002,13,weighted_average,kalman(weighted_average),false
1788769737.880,44.926,0.438,1.828,2.081,90.540,0.437,1.828,2.078,90.576,-0.001,-0.000,-0.003,0.003,13,weighted_average,kalman(weighted_average),false
1788769737.927,44.973,0.434,1.825,2.084,90.640,0.435,1.825,2.081,90.619,0.002,0.000,-0.003,0.003,13,weighted_average,kalman(weighted_average),false
1788769738.033,45.079,0.437,1.819,2.080,90.605,0.437,1.819,2.081,90.627,-0.000,0.000,0.001,0.001,13,weighted_average,kalman(weighted_average),false
1788769738.091,45.136,0.434,1.819,2.075,90.658,0.435,1.818,2.077,90.651,0.001,-0.001,0.002,0.002,13,weighted_average,kalman(weighted_average),false
1788769738.135,45.181,0.439,1.807,2.071,90.650,0.437,1.811,2.072,90.656,-0.002,0.003,0.002,0.004,13,weighted_average,kalman(weighted_average),false
1788769738.193,45.239,0.442,1.792,2.072,90.680,0.441,1.797,2.071,90.676,-0.002,0.005,-0.001,0.006,13,weighted_average,kalman(weighted_average),false
1788769738.253,45.299,0.450,1.781,2.069,90.633,0.447,1.783,2.069,90.659,-0.002,0.002,-0.000,0.003,13,weighted_average,kalman(weighted_average),false
1788769738.384,45.430,0.462,1.755,2.062,90.563,0.461,1.755,2.062,90.585,-0.001,0.000,0.000,0.001,13,weighted_average,kalman(weighted_average),false
1788769738.446,45.492,0.467,1.737,2.062,90.564,0.467,1.738,2.061,90.561,0.000,0.001,-0.001,0.001,13,weighted_average,kalman(weighted_average),false
1788769738.491,45.537,0.469,1.721,2.068,90.612,0.470,1.724,2.065,90.580,0.001,0.002,-0.003,0.004,13,weighted_average,kalman(weighted_average),false
1788769738.545,45.590,0.474,1.713,2.065,90.574,0.474,1.712,2.065,90.573,0.000,-0.002,0.000,0.002,13,weighted_average,kalman(weighted_average),false
1788769738.656,45.702,0.491,1.678,2.055,90.503,0.489,1.679,2.057,90.518,-0.001,0.001,0.002,0.003,13,weighted_average,kalman(weighted_average),false
1788769738.702,45.748,0.495,1.665,2.060,90.501,0.495,1.665,2.058,90.500,0.000,0.000,-0.002,0.002,13,weighted_average,kalman(weighted_average),false
1788769738.754,45.799,0.500,1.649,2.055,90.524,0.501,1.649,2.055,90.504,0.001,0.000,0.001,0.001,13,weighted_average,kalman(weighted_average),false
1788769738.807,45.853,0.500,1.643,2.062,90.551,0.502,1.639,2.059,90.524,0.003,-0.004,-0.003,0.006,13,weighted_average,kalman(weighted_average),false
1788769738.917,45.963,0.508,1.611,2.058,90.614,0.509,1.612,2.059,90.589,0.001,0.000,0.000,0.001,13,weighted_average,kalman(weighted_average),false
1788769738.975,46.020,0.519,1.590,2.062,90.544,0.517,1.592,2.061,90.571,-0.002,0.002,-0.001,0.003,13,weighted_average,kalman(weighted_average),false
1788769739.023,46.068,0.518,1.587,2.065,90.560,0.519,1.584,2.064,90.568,0.001,-0.003,-0.001,0.004,13,weighted_average,kalman(weighted_average),false
1788769739.079,46.125,0.522,1.571,2.056,90.608,0.523,1.571,2.060,90.592,0.001,-0.001,0.003,0.004,13,weighted_average,kalman(weighted_average),false
1788769739.202,46.248,0.536,1.538,2.063,90.595,0.535,1.539,2.062,90.601,-0.001,0.001,-0.001,0.001,13,weighted_average,kalman(weighted_average),false
1788769739.255,46.300,0.544,1.527,2.057,90.534,0.543,1.527,2.059,90.561,-0.001,-0.001,0.002,0.002,13,weighted_average,kalman(weighted_average),false
1788769739.298,46.344,0.543,1.518,2.059,90.607,0.545,1.517,2.059,90.581,0.002,-0.001,-0.000,0.002,13,weighted_average,kalman(weighted_average),false
1788769739.355,46.401,0.545,1.513,2.067,90.605,0.547,1.509,2.064,90.594,0.002,-0.003,-0.003,0.005,13,weighted_average,kalman(weighted_average),false
1788769739.475,46.521,0.558,1.487,2.063,90.533,0.558,1.487,2.064,90.551,-0.001,-0.000,0.001,0.001,13,weighted_average,kalman(weighted_average),false
1788769739.529,46.575,0.564,1.474,2.064,90.507,0.564,1.475,2.064,90.518,-0.001,0.001,-0.000,0.001,13,weighted_average,kalman(weighted_average),false
1788769739.586,46.632,0.560,1.477,2.061,90.564,0.563,1.472,2.063,90.535,0.003,-0.004,0.001,0.006,13,weighted_average,kalman(weighted_average),false
1788769739.625,46.671,0.565,1.464,2.067,90.553,0.565,1.466,2.065,90.542,-0.000,0.001,-0.002,0.002,13,weighted_average,kalman(weighted_average),false
1788769739.760,46.806,0.548,1.457,2.076,90.915,0.552,1.456,2.075,90.830,0.003,-0.001,-0.001,0.004,13,weighted_average,kalman(weighted_average),false
1788769739.819,46.865,0.567,1.442,2.070,90.686,0.561,1.445,2.073,90.779,-0.006,0.003,0.003,0.008,13,weighted_average,kalman(weighted_average),false
1788769739.857,46.903,0.573,1.428,2.066,90.654,0.568,1.433,2.069,90.727,-0.005,0.005,0.003,0.008,13,weighted_average,kalman(weighted_average),false
1788769739.910,46.956,0.561,1.440,2.070,90.758,0.565,1.434,2.070,90.749,0.005,-0.007,-0.001,0.008,13,weighted_average,kalman(weighted_average),false
1788769740.012,47.057,0.568,1.430,2.068,90.618,0.568,1.429,2.068,90.667,-0.000,-0.001,0.000,0.001,13,weighted_average,kalman(weighted_average),false
1788769740.065,47.110,0.567,1.429,2.072,90.612,0.568,1.428,2.070,90.624,0.001,-0.001,-0.002,0.002,13,weighted_average,kalman(weighted_average),false
1788769740.129,47.175,0.561,1.430,2.073,90.672,0.563,1.429,2.073,90.637,0.002,-0.002,-0.001,0.003,13,weighted_average,kalman(weighted_average),false
1788769740.173,47.218,0.563,1.431,2.071,90.605,0.562,1.430,2.072,90.615,-0.001,-0.001,0.001,0.001,13,weighted_average,kalman(weighted_average),false
1788769740.299,47.345,0.559,1.429,2.081,90.641,0.559,1.429,2.080,90.624,0.000,0.000,-0.001,0.001,13,weighted_average,kalman(weighted_average),false
1788769740.361,47.407,0.560,1.433,2.074,90.563,0.559,1.432,2.077,90.585,-0.001,-0.001,0.003,0.003,13,weighted_average,kalman(weighted_average),false
1788769740.419,47.465,0.552,1.436,2.084,90.642,0.554,1.435,2.081,90.613,0.002,-0.001,-0.002,0.003,13,weighted_average,kalman(weighted_average),false
1788769740.473,47.518,0.548,1.440,2.081,90.659,0.549,1.439,2.082,90.640,0.001,-0.001,0.001,0.002,13,weighted_average,kalman(weighted_average),false
1788769740.579,47.625,0.543,1.440,2.083,90.683,0.543,1.441,2.083,90.677,-0.000,0.001,0.000,0.001,13,weighted_average,kalman(weighted_average),false
1788769740.635,47.680,0.550,1.440,2.081,90.534,0.547,1.441,2.082,90.596,-0.003,0.001,0.001,0.004,13,weighted_average,kalman(weighted_average),false
1788769740.688,47.734,0.544,1.447,2.079,90.572,0.545,1.445,2.080,90.574,0.001,-0.002,0.001,0.003,13,weighted_average,kalman(weighted_average),false
1788769740.741,47.787,0.543,1.448,2.079,90.575,0.543,1.448,2.079,90.565,0.001,-0.000,0.000,0.001,13,weighted_average,kalman(weighted_average),false
1788769740.854,47.900,0.537,1.449,2.081,90.656,0.538,1.450,2.080,90.622,0.001,0.001,-0.001,0.001,13,weighted_average,kalman(weighted_average),false
1788769740.916,47.961,0.539,1.450,2.082,90.622,0.538,1.450,2.082,90.629,-0.001,0.000,-0.001,0.001,13,weighted_average,kalman(weighted_average),false
1788769740.965,48.010,0.542,1.447,2.086,90.583,0.540,1.448,2.085,90.608,-0.002,0.001,-0.001,0.003,13,weighted_average,kalman(weighted_average),false
1788769741.007,48.053,0.540,1.450,2.084,90.594,0.540,1.449,2.085,90.601,0.000,-0.001,0.001,0.001,13,weighted_average,kalman(weighted_average),false
1788769741.126,48.172,0.535,1.454,2.096,90.650,0.536,1.453,2.094,90.635,0.001,-0.001,-0.001,0.002,13,weighted_average,kalman(weighted_average),false
1788769741.183,48.229,0.540,1.450,2.087,90.597,0.538,1.451,2.090,90.616,-0.002,0.002,0.004,0.005,13,weighted_average,kalman(weighted_average),false
1788769741.229,48.275,0.539,1.446,2.092,90.644,0.539,1.448,2.091,90.631,-0.000,0.002,-0.000,0.002,13,weighted_average,kalman(weighted_average),false
1788769741.286,48.332,0.538,1.449,2.095,90.640,0.538,1.448,2.094,90.639,0.001,-0.001,-0.001,0.002,13,weighted_average,kalman(weighted_average),false
1788769741.381,48.427,0.540,1.446,2.089,90.645,0.539,1.446,2.091,90.647,-0.000,0.000,0.002,0.002,13,weighted_average,kalman(weighted_average),false
1788769741.429,48.475,0.549,1.443,2.093,90.467,0.546,1.444,2.092,90.545,-0.003,0.001,-0.001,0.004,13,weighted_average,kalman(weighted_average),false
1788769741.479,48.525,0.551,1.443,2.094,90.462,0.550,1.442,2.093,90.485,-0.000,-0.000,-0.001,0.001,13,weighted_average,kalman(weighted_average),false
1788769741.529,48.575,0.548,1.442,2.093,90.462,0.550,1.442,2.093,90.453,0.002,-0.001,0.000,0.002,13,weighted_average,kalman(weighted_average),false
1788769741.580,48.626,0.640,1.139,1.965,88.039,0.550,1.442,2.093,89.179,-0.090,0.303,0.128,0.341,17,weighted_average,kalman(weighted_average),true
1788769741.672,48.718,0.630,1.132,1.983,87.306,0.618,1.177,1.999,87.656,-0.012,0.045,0.016,0.049,17,weighted_average,kalman(weighted_average),false
1788769741.724,48.769,0.652,1.106,2.041,86.154,0.649,1.098,2.016,86.483,-0.004,-0.007,-0.025,0.026,17,weighted_average,kalman(weighted_average),false
1788769741.771,48.817,0.668,1.084,2.013,85.036,0.670,1.059,2.010,85.333,0.002,-0.025,-0.003,0.026,17,weighted_average,kalman(weighted_average),false
1788769741.834,48.879,0.678,1.080,2.080,84.539,0.686,1.044,2.052,84.352,0.008,-0.036,-0.028,0.046,17,weighted_average,kalman(weighted_average),false
1788769741.876,48.922,0.641,1.124,2.032,84.330,0.666,1.078,2.045,83.965,0.025,-0.046,0.013,0.054,17,weighted_average,kalman(weighted_average),false
1788769741.966,49.012,0.637,1.122,2.011,83.595,0.645,1.107,2.023,83.239,0.009,-0.015,0.012,0.021,17,weighted_average,kalman(weighted_average),false
1788769742.013,49.059,0.664,1.093,2.054,82.405,0.654,1.102,2.040,82.549,-0.010,0.009,-0.014,0.019,17,weighted_average,kalman(weighted_average),false
1788769742.069,49.115,0.595,1.143,2.086,83.002,0.616,1.130,2.071,82.502,0.021,-0.014,-0.016,0.030,17,weighted_average,kalman(weighted_average),false
1788769742.117,49.162,0.633,1.119,2.060,81.674,0.620,1.129,2.070,81.895,-0.013,0.010,0.010,0.019,17,weighted_average,kalman(weighted_average),false
1788769742.163,49.209,0.615,1.138,2.004,81.569,0.614,1.137,2.035,81.515,-0.001,-0.001,0.031,0.031,17,weighted_average,kalman(weighted_average),false
1788769742.251,49.297,0.695,1.071,2.022,79.268,0.669,1.093,2.020,79.803,-0.025,0.022,-0.001,0.033,17,weighted_average,kalman(weighted_average),false
1788769742.300,49.346,0.697,1.101,2.037,78.670,0.695,1.092,2.028,78.836,-0.002,-0.009,-0.009,0.013,17,weighted_average,kalman(weighted_average),false
1788769742.352,49.398,0.681,1.094,2.028,78.421,0.696,1.090,2.027,78.206,0.015,-0.005,-0.000,0.015,17,weighted_average,kalman(weighted_average),false
1788769742.400,49.445,0.668,1.108,2.106,78.302,0.685,1.098,2.073,77.907,0.017,-0.010,-0.032,0.038,17,weighted_average,kalman(weighted_average),false
1788769742.457,49.503,0.779,1.610,2.163,79.057,0.685,1.098,2.073,78.201,-0.094,-0.513,-0.089,0.529,9,weighted_average,kalman(weighted_average),true
1788769742.548,49.593,0.796,1.620,2.159,77.850,0.685,1.098,2.073,77.806,-0.111,-0.522,-0.086,0.541,9,weighted_average,kalman(weighted_average),true
1788769742.598,49.644,0.807,1.625,2.164,77.438,0.797,1.583,2.157,77.494,-0.010,-0.042,-0.007,0.044,9,weighted_average,kalman(weighted_average),false
1788769742.655,49.701,0.800,1.629,2.187,76.815,0.811,1.664,2.185,76.981,0.011,0.035,-0.001,0.037,9,weighted_average,kalman(weighted_average),false
1788769742.701,49.746,0.790,1.633,2.172,76.557,0.807,1.685,2.186,76.614,0.016,0.052,0.014,0.056,9,weighted_average,kalman(weighted_average),false
1788769742.750,49.796,0.808,1.655,2.164,75.695,0.812,1.696,2.179,75.971,0.004,0.041,0.015,0.044,9,weighted_average,kalman(weighted_average),false
1788769742.836,49.881,0.820,1.686,2.125,74.948,0.822,1.709,2.142,75.035,0.002,0.023,0.017,0.029,9,weighted_average,kalman(weighted_average),false
1788769742.895,49.940,0.826,1.695,2.140,74.155,0.827,1.706,2.135,74.267,0.001,0.011,-0.005,0.012,9,weighted_average,kalman(weighted_average),false
1788769742.939,49.985,0.815,1.698,2.184,73.403,0.822,1.704,2.161,73.574,0.007,0.006,-0.023,0.025,9,weighted_average,kalman(weighted_average),false
1788769742.991,50.036,0.820,1.547,2.040,71.915,0.821,1.610,2.090,72.390,0.001,0.064,0.050,0.081,11,weighted_average,kalman(weighted_average),false
1788769743.040,50.086,0.826,1.558,2.042,70.929,0.824,1.563,2.050,71.248,-0.002,0.006,0.009,0.011,11,weighted_average,kalman(weighted_average),false
1788769743.130,50.176,0.818,1.577,2.030,70.201,0.821,1.553,2.020,69.973,0.002,-0.023,-0.010,0.026,11,weighted_average,kalman(weighted_average),false
1788769743.180,50.226,0.798,1.575,2.040,69.380,0.806,1.562,2.026,69.293,0.007,-0.013,-0.015,0.021,11,weighted_average,kalman(weighted_average),false
1788769743.229,50.275,0.806,1.596,2.031,68.948,0.803,1.581,2.025,68.768,-0.003,-0.014,-0.005,0.016,11,weighted_average,kalman(weighted_average),false
1788769743.285,50.331,0.801,1.596,2.046,67.951,0.799,1.593,2.036,67.978,-0.001,-0.003,-0.010,0.010,11,weighted_average,kalman(weighted_average),false
1788769743.335,50.380,0.807,1.604,2.032,67.385,0.803,1.603,2.034,67.340,-0.005,-0.001,0.002,0.006,11,weighted_average,kalman(weighted_average),false
1788769743.430,50.475,0.782,1.616,2.059,66.444,0.787,1.617,2.053,66.316,0.004,0.001,-0.006,0.007,11|14,weighted_average,kalman(weighted_average),false
1788769743.478,50.524,0.793,1.607,2.057,64.956,0.788,1.613,2.059,65.296,-0.005,0.006,0.001,0.008,11,weighted_average,kalman(weighted_average),false
1788769743.532,50.578,0.761,1.617,2.050,65.106,0.770,1.617,2.056,64.834,0.009,-0.000,0.006,0.010,11|14,weighted_average,kalman(weighted_average),false
1788769743.578,50.623,0.772,1.618,2.053,63.681,0.767,1.619,2.055,63.964,-0.004,0.001,0.002,0.005,11,weighted_average,kalman(weighted_average),false
1788769743.630,50.676,0.781,1.624,2.040,63.080,0.772,1.623,2.047,63.134,-0.008,-0.001,0.007,0.011,11,weighted_average,kalman(weighted_average),false
1788769743.725,50.771,0.752,1.624,2.028,61.883,0.756,1.625,2.031,61.824,0.004,0.001,0.003,0.006,11,weighted_average,kalman(weighted_average),false
1788769743.771,50.817,0.748,1.607,2.048,60.826,0.748,1.614,2.039,60.973,0.000,0.007,-0.009,0.011,11,weighted_average,kalman(weighted_average),false
1788769743.824,50.870,0.742,1.614,2.041,60.489,0.741,1.612,2.040,60.335,-0.001,-0.001,-0.001,0.002,11,weighted_average,kalman(weighted_average),false
1788769743.872,50.917,0.741,1.612,2.042,59.578,0.739,1.611,2.042,59.616,-0.003,-0.001,-0.001,0.003,11,weighted_average,kalman(weighted_average),false
1788769743.925,50.971,0.728,1.612,2.035,59.288,0.730,1.610,2.038,59.075,0.002,-0.001,0.003,0.004,11,weighted_average,kalman(weighted_average),false
1788769744.013,51.058,0.697,1.609,2.042,58.620,0.703,1.608,2.040,58.378,0.006,-0.000,-0.002,0.006,11|14,weighted_average,kalman(weighted_average),false
1788769744.065,51.110,0.716,1.595,2.049,57.597,0.707,1.599,2.046,57.711,-0.009,0.004,-0.003,0.011,11,weighted_average,kalman(weighted_average),false
1788769744.123,51.169,0.716,1.600,2.026,56.758,0.710,1.598,2.035,56.893,-0.005,-0.002,0.008,0.010,11,weighted_average,kalman(weighted_average),false
1788769744.165,51.210,0.716,1.581,2.043,56.150,0.713,1.587,2.038,56.263,-0.003,0.006,-0.005,0.008,11,weighted_average,kalman(weighted_average),false
1788769744.219,51.265,0.721,1.579,2.024,55.306,0.718,1.579,2.029,55.422,-0.003,0.000,0.005,0.006,11,weighted_average,kalman(weighted_average),false
1788769744.310,51.355,0.638,1.625,2.048,56.213,0.659,1.610,2.041,55.497,0.021,-0.015,-0.007,0.027,8|11,weighted_average,kalman(weighted_average),false
1788769744.361,51.406,0.639,1.615,2.064,55.755,0.637,1.618,2.058,55.545,-0.002,0.002,-0.006,0.007,8|11,weighted_average,kalman(weighted_average),false
1788769744.416,51.461,0.633,1.612,2.048,55.129,0.625,1.618,2.056,55.249,-0.008,0.006,0.007,0.012,8|11,weighted_average,kalman(weighted_average),false
1788769744.466,51.512,0.588,1.655,2.068,56.197,0.596,1.643,2.065,55.668,0.007,-0.012,-0.003,0.015,8,weighted_average,kalman(weighted_average),false
1788769744.515,51.560,0.592,1.654,2.050,55.427,0.585,1.655,2.059,55.557,-0.007,0.001,0.008,0.011,8,weighted_average,kalman(weighted_average),false
1788769744.606,51.651,0.576,1.652,2.057,54.859,0.570,1.659,2.058,55.092,-0.006,0.007,0.001,0.009,8,weighted_average,kalman(weighted_average),false
1788769744.662,51.708,0.601,1.602,2.042,52.759,0.587,1.623,2.047,53.630,-0.014,0.020,0.005,0.025,8|11,weighted_average,kalman(weighted_average),false
1788769744.707,51.752,0.597,1.604,2.039,52.018,0.594,1.606,2.041,52.519,-0.003,0.003,0.001,0.004,8|11,weighted_average,kalman(weighted_average),false
1788769744.760,51.806,0.561,1.647,2.074,52.948,0.576,1.625,2.058,52.339,0.015,-0.022,-0.015,0.031,8,weighted_average,kalman(weighted_average),false
1788769744.808,51.853,0.618,1.594,2.049,50.825,0.598,1.606,2.055,51.300,-0.020,0.013,0.006,0.024,8|11,weighted_average,kalman(weighted_average),false
1788769744.894,51.940,0.601,1.583,2.048,49.799,0.604,1.586,2.050,49.877,0.002,0.002,0.002,0.004,8|11,weighted_average,kalman(weighted_average),false
1788769744.948,51.994,0.589,1.578,2.061,49.236,0.596,1.576,2.056,49.145,0.006,-0.001,-0.004,0.008,8|11,weighted_average,kalman(weighted_average),false
1788769744.997,52.042,0.598,1.577,2.059,48.835,0.597,1.573,2.058,48.641,-0.001,-0.004,-0.000,0.004,8|11,weighted_average,kalman(weighted_average),false
1788769745.049,52.094,0.592,1.571,2.066,48.303,0.593,1.569,2.064,48.133,0.002,-0.002,-0.002,0.003,8|11,weighted_average,kalman(weighted_average),false
1788769745.098,52.143,0.591,1.571,2.058,47.830,0.591,1.568,2.062,47.691,0.000,-0.003,0.004,0.005,8|11,weighted_average,kalman(weighted_average),false
1788769745.190,52.236,0.579,1.606,2.071,48.415,0.581,1.595,2.069,47.809,0.002,-0.011,-0.002,0.012,8,weighted_average,kalman(weighted_average),false
1788769745.238,52.283,0.604,1.564,2.059,47.013,0.594,1.579,2.064,47.298,-0.010,0.015,0.005,0.019,8|11,weighted_average,kalman(weighted_average),false
1788769745.290,52.336,0.600,1.562,2.062,46.974,0.599,1.568,2.062,46.986,-0.001,0.006,0.001,0.006,8|11,weighted_average,kalman(weighted_average),false
1788769745.345,52.391,0.560,1.607,2.085,48.295,0.576,1.590,2.076,47.554,0.016,-0.017,-0.009,0.025,8,weighted_average,kalman(weighted_average),false
1788769745.391,52.436,0.596,1.560,2.074,46.904,0.584,1.575,2.077,47.232,-0.011,0.015,0.003,0.019,8|11,weighted_average,kalman(weighted_average),false
1788769745.483,52.529,0.601,1.557,2.065,46.748,0.596,1.560,2.069,46.855,-0.005,0.004,0.005,0.008,8|11,weighted_average,kalman(weighted_average),false
1788769745.530,52.575,0.604,1.554,2.062,46.663,0.603,1.554,2.064,46.679,-0.001,-0.000,0.002,0.002,8|11,weighted_average,kalman(weighted_average),false
1788769745.582,52.628,0.612,1.548,2.064,46.525,0.611,1.548,2.062,46.512,-0.001,-0.001,-0.002,0.002,8|11,weighted_average,kalman(weighted_average),false
1788769745.630,52.676,0.572,1.586,2.091,47.843,0.590,1.568,2.079,47.125,0.018,-0.018,-0.013,0.029,8,weighted_average,kalman(weighted_average),false
1788769745.684,52.729,0.571,1.590,2.082,47.971,0.577,1.584,2.083,47.622,0.005,-0.006,0.001,0.008,8,weighted_average,kalman(weighted_average),false
1788769745.771,52.817,0.575,1.586,2.077,48.006,0.572,1.589,2.081,48.018,-0.004,0.004,0.004,0.007,8,weighted_average,kalman(weighted_average),false
1788769745.836,52.882,0.575,1.586,2.077,48.006,0.573,1.589,2.078,48.125,-0.003,0.003,0.001,0.004,8,weighted_average,kalman(weighted_average),false
1788769745.876,52.922,0.614,1.532,2.064,46.636,0.596,1.556,2.069,47.410,-0.017,0.024,0.006,0.030,8|11,weighted_average,kalman(weighted_average),false
1788769745.927,52.973,0.590,1.571,2.077,47.907,0.596,1.559,2.072,47.603,0.007,-0.012,-0.005,0.014,8,weighted_average,kalman(weighted_average),false
1788769745.976,53.022,0.591,1.569,2.092,48.047,0.595,1.563,2.083,47.821,0.004,-0.006,-0.009,0.011,8,weighted_average,kalman(weighted_average),false
1788769746.067,53.113,0.609,1.555,2.083,47.829,0.607,1.556,2.085,47.868,-0.002,0.001,0.002,0.003,8,weighted_average,kalman(weighted_average),false
1788769746.118,53.164,0.609,1.548,2.094,47.921,0.610,1.550,2.091,47.916,0.001,0.002,-0.003,0.003,8,weighted_average,kalman(weighted_average),false
1788769746.167,53.213,0.654,1.502,2.056,46.549,0.639,1.519,2.072,47.201,-0.016,0.017,0.015,0.027,8|11,weighted_average,kalman(weighted_average),false
1788769746.215,53.261,0.659,1.491,2.067,46.585,0.657,1.496,2.066,46.780,-0.002,0.005,-0.001,0.006,8|11,weighted_average,kalman(weighted_average),false
1788769746.266,53.311,0.659,1.492,2.068,46.703,0.665,1.486,2.064,46.593,0.006,-0.006,-0.003,0.009,8|11,weighted_average,kalman(weighted_average),false
1788769746.357,53.403,0.681,1.471,2.070,46.525,0.683,1.468,2.066,46.384,0.002,-0.003,-0.003,0.005,8|11,weighted_average,kalman(weighted_average),false
1788769746.403,53.449,0.687,1.460,2.071,46.573,0.689,1.459,2.069,46.422,0.002,-0.001,-0.002,0.003,8|11,weighted_average,kalman(weighted_average),false
1788769746.461,53.506,0.697,1.462,2.067,46.611,0.698,1.457,2.068,46.478,0.001,-0.005,0.001,0.005,8|11,weighted_average,kalman(weighted_average),false
1788769746.506,53.552,0.700,1.448,2.073,46.660,0.702,1.449,2.071,46.556,0.002,0.001,-0.002,0.003,8|11,weighted_average,kalman(weighted_average),false
1788769746.561,53.607,0.709,1.440,2.079,46.581,0.710,1.441,2.076,46.570,0.000,0.001,-0.002,0.003,8|11,weighted_average,kalman(weighted_average),false
1788769746.650,53.696,0.724,1.428,2.076,46.679,0.724,1.428,2.077,46.644,-0.001,-0.000,0.001,0.002,8|11,weighted_average,kalman(weighted_average),false
1788769746.700,53.745,0.736,1.419,2.076,46.569,0.734,1.419,2.077,46.613,-0.002,0.001,0.001,0.002,8|11,weighted_average,kalman(weighted_average),false
1788769746.753,53.799,0.752,1.410,2.062,46.544,0.749,1.411,2.068,46.579,-0.003,0.000,0.006,0.006,8|11,weighted_average,kalman(weighted_average),false
1788769746.804,53.850,0.761,1.398,2.075,46.445,0.761,1.400,2.071,46.504,0.000,0.002,-0.004,0.005,8|11,weighted_average,kalman(weighted_average),false
1788769746.863,53.909,0.807,1.339,2.035,45.018,0.795,1.357,2.048,45.669,-0.012,0.018,0.013,0.025,11,weighted_average,kalman(weighted_average),false
1788769746.953,53.998,0.788,1.373,2.064,46.482,0.799,1.359,2.056,46.014,0.011,-0.014,-0.009,0.020,8|11,weighted_average,kalman(weighted_average),false
1788769747.003,54.048,0.792,1.369,2.072,46.677,0.797,1.363,2.066,46.395,0.005,-0.005,-0.005,0.009,8|11,weighted_average,kalman(weighted_average),false
1788769747.058,54.104,0.776,1.415,2.078,47.947,0.785,1.396,2.076,47.330,0.009,-0.019,-0.002,0.021,8,weighted_average,kalman(weighted_average),false
1788769747.104,54.149,0.789,1.402,2.079,47.910,0.786,1.405,2.080,47.809,-0.003,0.003,0.001,0.004,8,weighted_average,kalman(weighted_average),false
1788769747.157,54.203,0.816,1.388,2.071,47.589,0.803,1.400,2.077,47.922,-0.013,0.012,0.006,0.018,8,weighted_average,kalman(weighted_average),false
1788769747.249,54.294,0.819,1.385,2.092,47.954,0.818,1.390,2.089,48.146,-0.001,0.006,-0.003,0.006,8,weighted_average,kalman(weighted_average),false
1788769747.294,54.340,0.873,1.318,2.055,46.269,0.855,1.344,2.069,47.177,-0.018,0.026,0.014,0.034,8|11,weighted_average,kalman(weighted_average),false
1788769747.348,54.393,0.885,1.312,2.051,46.343,0.882,1.315,2.056,46.619,-0.003,0.003,0.005,0.006,8|11,weighted_average,kalman(weighted_average),false
1788769747.399,54.445,0.879,1.318,2.058,46.647,0.890,1.307,2.053,46.475,0.010,-0.011,-0.004,0.016,8|11,weighted_average,kalman(weighted_average),false
1788769747.449,54.495,0.901,1.296,2.052,46.413,0.903,1.294,2.050,46.317,0.002,-0.003,-0.002,0.004,8|11,weighted_average,kalman(weighted_average),false
1788769747.534,54.580,0.922,1.257,2.028,45.814,0.924,1.260,2.032,45.858,0.002,0.003,0.004,0.005,11|14,weighted_average,kalman(weighted_average),false
1788769747.586,54.632,0.964,1.227,2.013,45.038,0.955,1.232,2.016,45.278,-0.010,0.005,0.003,0.011,11,weighted_average,kalman(weighted_average),false
1788769747.634,54.680,0.960,1.218,2.023,45.126,0.966,1.215,2.016,45.034,0.006,-0.003,-0.007,0.010,11,weighted_average,kalman(weighted_average),false
1788769747.689,54.735,0.967,1.257,2.041,46.199,0.974,1.232,2.028,45.492,0.007,-0.025,-0.013,0.029,8|11,weighted_average,kalman(weighted_average),false
1788769747.741,54.787,0.969,1.253,2.032,46.243,0.976,1.243,2.032,45.868,0.007,-0.009,-0.001,0.011,8|11,weighted_average,kalman(weighted_average),false
1788769747.829,54.875,0.983,1.246,2.038,46.424,0.985,1.247,2.038,46.293,0.002,0.001,-0.001,0.002,8|11,weighted_average,kalman(weighted_average),false
1788769747.881,54.927,0.998,1.236,2.036,46.409,0.996,1.240,2.038,46.443,-0.002,0.004,0.002,0.005,8|11,weighted_average,kalman(weighted_average),false
1788769747.935,54.981,0.974,1.294,2.058,47.925,0.985,1.274,2.052,47.346,0.011,-0.020,-0.007,0.024,8,weighted_average,kalman(weighted_average),false
1788769747.984,55.030,0.995,1.285,2.063,47.858,0.991,1.286,2.061,47.813,-0.004,0.001,-0.002,0.005,8,weighted_average,kalman(weighted_average),false
1788769748.033,55.079,1.003,1.278,2.066,47.810,0.999,1.286,2.067,48.022,-0.004,0.009,0.001,0.010,8,weighted_average,kalman(weighted_average),false
1788769748.123,55.169,1.025,1.271,2.063,47.891,1.020,1.279,2.068,48.171,-0.004,0.007,0.005,0.010,8,weighted_average,kalman(weighted_average),false
1788769748.172,55.217,1.022,1.281,2.049,48.161,1.025,1.280,2.056,48.244,0.003,-0.002,0.008,0.008,8,weighted_average,kalman(weighted_average),false
1788769748.234,55.280,1.042,1.243,2.034,47.488,1.040,1.255,2.040,47.883,-0.002,0.012,0.006,0.014,8|14,weighted_average,kalman(weighted_average),false
1788769748.272,55.318,1.076,1.196,2.024,46.782,1.063,1.218,2.028,47.318,-0.012,0.022,0.004,0.026,14,weighted_average,kalman(weighted_average),false
1788769748.318,55.364,1.085,1.183,2.013,46.639,1.083,1.188,2.015,46.875,-0.003,0.006,0.002,0.007,14,weighted_average,kalman(weighted_average),false
1788769748.407,55.453,1.370,-2.889,1.400,-25.899,1.083,1.188,2.015,0.611,-0.287,4.077,0.615,4.133,11,weighted_average,kalman(weighted_average),true
1788769748.463,55.509,1.218,1.113,1.914,44.354,1.200,1.123,1.927,18.635,-0.018,0.010,0.014,0.025,11,weighted_average,kalman(weighted_average),false
1788769748.508,55.554,1.185,1.095,2.032,44.793,1.203,1.098,1.983,30.880,0.019,0.003,-0.049,0.052,11,weighted_average,kalman(weighted_average),false
1788769748.561,55.606,1.194,1.092,2.034,44.797,1.209,1.084,2.015,39.148,0.015,-0.008,-0.019,0.025,11,weighted_average,kalman(weighted_average),false
1788769748.614,55.660,1.183,1.089,2.046,45.151,1.200,1.079,2.040,44.374,0.017,-0.010,-0.006,0.020,11,weighted_average,kalman(weighted_average),false
1788769748.703,55.749,1.179,1.110,2.042,45.717,1.187,1.097,2.050,47.978,0.008,-0.013,0.008,0.017,11,weighted_average,kalman(weighted_average),false
1788769748.759,55.804,1.212,1.093,2.041,45.393,1.202,1.096,2.047,47.795,-0.010,0.003,0.007,0.012,11,weighted_average,kalman(weighted_average),false
1788769748.802,55.848,1.229,1.070,2.065,45.189,1.220,1.081,2.059,47.145,-0.009,0.011,-0.006,0.016,11,weighted_average,kalman(weighted_average),false
1788769748.857,55.902,1.233,1.065,2.053,45.178,1.232,1.069,2.058,46.590,-0.001,0.004,0.005,0.007,11,weighted_average,kalman(weighted_average),false
1788769748.903,55.948,1.256,1.044,2.065,45.000,1.250,1.051,2.064,45.968,-0.006,0.007,-0.002,0.009,11,weighted_average,kalman(weighted_average),false
1788769748.994,56.040,1.253,1.037,2.084,45.176,1.259,1.035,2.081,45.490,0.006,-0.002,-0.003,0.007,11,weighted_average,kalman(weighted_average),false
1788769749.036,56.082,1.283,1.029,2.074,44.970,1.276,1.028,2.079,45.150,-0.007,-0.001,0.006,0.009,11,weighted_average,kalman(weighted_average),false
1788769749.091,56.136,1.288,1.032,2.074,45.132,1.288,1.027,2.078,45.029,0.000,-0.005,0.004,0.006,11,weighted_average,kalman(weighted_average),false
1788769749.138,56.184,1.266,1.048,2.075,45.655,1.279,1.037,2.077,45.270,0.014,-0.010,0.002,0.017,11,weighted_average,kalman(weighted_average),false
1788769749.194,56.239,1.297,1.034,2.062,45.225,1.292,1.036,2.068,45.228,-0.006,0.002,0.006,0.008,11,weighted_average,kalman(weighted_average),false
1788769749.286,56.332,1.300,1.031,2.058,45.211,1.301,1.032,2.058,45.194,0.001,0.001,0.001,0.002,11,weighted_average,kalman(weighted_average),false
1788769749.334,56.379,1.291,1.032,2.059,45.023,1.296,1.032,2.057,45.087,0.005,-0.000,-0.002,0.006,11,weighted_average,kalman(weighted_average),false
1788769749.388,56.434,1.303,1.017,2.082,44.110,1.301,1.022,2.072,44.519,-0.002,0.005,-0.011,0.012,11,weighted_average,kalman(weighted_average),false
1788769749.435,56.480,1.299,1.009,2.090,43.730,1.301,1.012,2.084,44.006,0.002,0.004,-0.005,0.007,11,weighted_average,kalman(weighted_average),false
1788769749.493,56.538,1.313,0.998,2.079,42.865,1.309,1.000,2.085,43.208,-0.004,0.002,0.005,0.007,11,weighted_average,kalman(weighted_average),false
1788769749.580,56.626,1.319,0.970,2.091,41.576,1.319,0.974,2.091,41.855,-0.001,0.004,0.000,0.004,11,weighted_average,kalman(weighted_average),false
1788769749.632,56.678,1.315,0.972,2.087,41.367,1.318,0.968,2.090,41.286,0.003,-0.004,0.003,0.006,11,weighted_average,kalman(weighted_average),false
1788769749.692,56.738,1.316,0.963,2.082,40.748,1.318,0.961,2.086,40.661,0.002,-0.003,0.003,0.005,11,weighted_average,kalman(weighted_average),false
1788769749.736,56.782,1.327,0.955,2.086,40.261,1.323,0.954,2.085,40.208,-0.003,-0.000,-0.000,0.003,11,weighted_average,kalman(weighted_average),false
1788769749.786,56.832,1.308,0.956,2.075,39.946,1.315,0.952,2.079,39.802,0.008,-0.004,0.004,0.010,11,weighted_average,kalman(weighted_average),false
1788769749.878,56.924,1.314,0.918,2.098,38.545,1.314,0.924,2.091,38.663,-0.001,0.006,-0.006,0.009,11,weighted_average,kalman(weighted_average),false
1788769749.929,56.974,1.331,0.900,2.071,37.854,1.325,0.903,2.080,37.943,-0.006,0.004,0.009,0.011,11,weighted_average,kalman(weighted_average),false
1788769749.983,57.028,1.331,0.877,2.086,37.010,1.330,0.880,2.083,37.127,-0.001,0.003,-0.003,0.004,11,weighted_average,kalman(weighted_average),false
1788769750.040,57.085,1.161,-2.709,0.773,-28.410,1.330,0.880,2.083,0.429,0.169,3.589,1.310,3.825,11,weighted_average,kalman(weighted_average),true
1788769750.130,57.175,1.317,0.850,2.094,35.702,1.319,0.854,2.092,15.704,0.002,0.004,-0.001,0.005,11,weighted_average,kalman(weighted_average),false
1788769750.178,57.223,1.350,-0.881,0.871,7.211,1.319,0.854,2.092,11.000,-0.031,1.735,1.221,2.122,8,weighted_average,kalman(weighted_average),true
1788769750.230,57.275,1.267,0.910,2.036,36.788,1.277,0.899,2.047,24.350,0.010,-0.011,0.011,0.019,11,weighted_average,kalman(weighted_average),false
1788769750.274,57.320,1.235,-0.904,0.678,6.005,1.277,0.899,2.047,16.717,0.043,1.803,1.370,2.265,8,weighted_average,kalman(weighted_average),true
1788769750.410,57.456,1.225,1.010,2.123,37.875,1.229,1.000,2.117,33.055,0.005,-0.010,-0.007,0.012,8,weighted_average,kalman(weighted_average),false
1788769750.463,57.509,1.236,1.014,2.079,37.652,1.229,1.021,2.098,38.223,-0.007,0.006,0.019,0.021,8,weighted_average,kalman(weighted_average),false
1788769750.518,57.564,1.243,0.945,2.095,36.144,1.235,0.980,2.097,39.490,-0.008,0.035,0.002,0.036,8,weighted_average,kalman(weighted_average),false
1788769750.560,57.606,1.260,0.950,2.057,35.928,1.249,0.961,2.074,39.155,-0.010,0.010,0.017,0.022,8,weighted_average,kalman(weighted_average),false
1788769750.624,57.670,1.432,0.508,2.017,27.617,1.249,0.961,2.074,34.050,-0.183,0.453,0.057,0.492,8|11,weighted_average,kalman(weighted_average),true
1788769750.708,57.753,1.468,0.366,1.688,25.157,1.249,0.961,2.074,28.065,-0.219,0.595,0.386,0.742,8,weighted_average,kalman(weighted_average),true
1788769750.771,57.817,1.468,0.366,1.688,25.157,1.454,0.406,1.714,25.178,-0.015,0.040,0.026,0.051,8,weighted_average,kalman(weighted_average),false
1788769750.839,57.884,1.450,-0.439,1.230,11.572,1.454,0.406,1.714,15.665,0.004,0.845,0.484,0.974,8,weighted_average,kalman(weighted_average),true
1788769750.872,57.918,1.248,0.883,2.089,33.612,1.454,0.406,1.714,23.038,0.205,-0.476,-0.375,0.640,8,weighted_average,kalman(weighted_average),true
1788769750.925,57.970,1.289,-0.791,0.924,4.632,1.454,0.406,1.714,13.165,0.165,1.198,0.790,1.444,8,weighted_average,kalman(weighted_average),true
1788769751.009,58.055,1.387,-0.588,1.124,7.418,1.454,0.406,1.714,7.011,0.066,0.994,0.590,1.158,8,weighted_average,kalman(weighted_average),true
1788769751.062,58.108,1.461,-0.340,1.343,11.287,1.460,-0.316,1.355,7.760,-0.000,0.024,0.012,0.027,8,weighted_average,kalman(weighted_average),false
1788769751.112,58.157,1.439,-0.415,1.360,9.544,1.447,-0.430,1.333,7.746,0.008,-0.015,-0.027,0.032,8,weighted_average,kalman(weighted_average),false
1788769751.166,58.212,1.308,0.574,2.127,25.649,1.447,-0.430,1.333,16.667,0.139,-1.005,-0.794,1.288,8|11,weighted_average,kalman(weighted_average),true
1788769751.221,58.267,1.311,0.540,2.122,24.846,1.447,-0.430,1.333,22.220,0.137,-0.970,-0.788,1.258,8|11,weighted_average,kalman(weighted_average),true
1788769751.312,58.358,1.313,0.534,2.106,24.297,1.447,-0.430,1.333,25.653,0.134,-0.965,-0.773,1.243,8|11,weighted_average,kalman(weighted_average),true
1788769751.362,58.407,1.304,0.538,2.129,24.439,1.447,-0.430,1.333,25.977,0.143,-0.968,-0.796,1.261,8|11,weighted_average,kalman(weighted_average),true
1788769751.416,58.461,1.297,0.625,2.156,26.264,1.447,-0.430,1.333,26.947,0.151,-1.055,-0.823,1.346,8,weighted_average,kalman(weighted_average),true
1788769751.465,58.510,1.310,0.550,2.103,24.736,1.313,0.530,2.087,26.428,0.003,-0.020,-0.015,0.025,8|11,weighted_average,kalman(weighted_average),false
1788769751.514,58.560,1.294,0.645,2.147,26.791,1.293,0.663,2.172,26.965,-0.002,0.017,0.025,0.030,8,weighted_average,kalman(weighted_average),false
1788769751.601,58.647,1.310,0.628,2.123,26.682,1.296,0.701,2.183,27.206,-0.014,0.073,0.060,0.096,8,weighted_average,kalman(weighted_average),false
1788769751.654,58.699,1.318,0.499,2.152,24.273,1.310,0.584,2.172,25.677,-0.009,0.086,0.021,0.088,8|11,weighted_average,kalman(weighted_average),false
1788769751.702,58.747,1.312,0.526,2.129,24.682,1.313,0.539,2.150,25.002,0.001,0.013,0.021,0.025,8|11,weighted_average,kalman(weighted_average),false
1788769751.756,58.801,1.328,0.529,2.108,24.399,1.323,0.519,2.123,24.453,-0.004,-0.010,0.015,0.018,8|11,weighted_average,kalman(weighted_average),false
1788769751.804,58.850,1.312,0.557,2.105,24.279,1.319,0.531,2.107,24.142,0.007,-0.026,0.002,0.027,8|11,weighted_average,kalman(weighted_average),false
1788769751.897,58.942,1.336,0.547,2.097,23.228,1.333,0.539,2.093,23.275,-0.003,-0.009,-0.004,0.010,8|11,weighted_average,kalman(weighted_average),false
1788769751.943,58.989,1.335,0.513,2.095,21.983,1.336,0.523,2.091,22.365,0.001,0.010,-0.004,0.011,8|11,weighted_average,kalman(weighted_average),false
1788769751.995,59.041,1.338,0.491,2.128,21.272,1.339,0.501,2.112,21.477,0.001,0.009,-0.016,0.019,8|11,weighted_average,kalman(weighted_average),false
1788769752.045,59.091,1.343,0.497,2.095,20.687,1.343,0.493,2.104,20.725,0.000,-0.004,0.009,0.010,8|11,weighted_average,kalman(weighted_average),false
1788769752.093,59.139,1.333,0.487,2.145,19.949,1.339,0.486,2.128,19.989,0.006,-0.002,-0.017,0.018,8|11,weighted_average,kalman(weighted_average),false
1788769752.188,59.233,1.324,0.543,2.119,20.244,1.328,0.524,2.126,19.677,0.004,-0.018,0.007,0.020,8|11,weighted_average,kalman(weighted_average),false
1788769752.233,59.279,1.332,0.548,2.111,19.682,1.329,0.545,2.117,19.537,-0.003,-0.004,0.006,0.008,8|11,weighted_average,kalman(weighted_average),false
1788769752.286,59.332,1.334,0.629,2.096,20.991,1.331,0.605,2.102,20.190,-0.003,-0.025,0.006,0.026,8,weighted_average,kalman(weighted_average),false
1788769752.333,59.379,1.327,0.530,2.123,18.873,1.329,0.575,2.112,19.531,0.002,0.044,-0.012,0.046,8|11,weighted_average,kalman(weighted_average),false
1788769752.386,59.432,1.343,0.501,2.128,17.742,1.337,0.534,2.121,18.495,-0.006,0.033,-0.007,0.034,8|11,weighted_average,kalman(weighted_average),false
1788769752.474,59.519,1.343,0.572,2.108,18.376,1.343,0.556,2.113,18.113,-0.000,-0.016,0.005,0.017,8,weighted_average,kalman(weighted_average),false
1788769752.529,59.574,1.334,0.595,2.145,18.547,1.338,0.584,2.133,18.218,0.004,-0.011,-0.011,0.016,8,weighted_average,kalman(weighted_average),false
1788769752.574,59.620,1.362,0.534,2.116,16.962,1.353,0.560,2.126,17.487,-0.010,0.026,0.010,0.029,8,weighted_average,kalman(weighted_average),false
1788769752.629,59.675,1.352,0.496,2.107,15.805,1.355,0.520,2.115,16.398,0.003,0.024,0.008,0.025,8|11,weighted_average,kalman(weighted_average),false
1788769752.678,59.724,1.351,0.485,2.110,15.104,1.354,0.492,2.110,15.441,0.003,0.007,0.000,0.008,8|11,weighted_average,kalman(weighted_average),false
1788769752.768,59.813,1.357,0.555,2.102,15.955,1.357,0.528,2.102,15.306,0.000,-0.027,0.000,0.027,8,weighted_average,kalman(weighted_average),false
1788769752.821,59.866,1.357,0.555,2.102,15.955,1.358,0.550,2.100,15.538,0.001,-0.005,-0.002,0.006,8,weighted_average,kalman(weighted_average),false
1788769752.868,59.914,1.348,0.446,2.097,13.423,1.352,0.492,2.097,14.353,0.004,0.046,0.000,0.046,11,weighted_average,kalman(weighted_average),false
1788769752.924,59.970,1.368,0.418,2.106,12.070,1.361,0.439,2.101,12.862,-0.007,0.021,-0.005,0.023,11,weighted_average,kalman(weighted_average),false
1788769752.969,60.015,1.369,0.412,2.093,11.221,1.367,0.411,2.097,11.664,-0.002,-0.001,0.003,0.004,11,weighted_average,kalman(weighted_average),false
1788769753.055,60.100,1.369,0.412,2.093,11.221,1.370,0.397,2.093,10.759,0.001,-0.015,0.000,0.015,11,weighted_average,kalman(weighted_average),false
1788769753.102,60.148,1.364,0.411,2.090,10.440,1.367,0.401,2.091,10.280,0.003,-0.010,0.001,0.011,11,weighted_average,kalman(weighted_average),false
1788769753.158,60.204,1.375,0.395,2.090,9.529,1.372,0.395,2.090,9.544,-0.003,-0.000,-0.001,0.003,11,weighted_average,kalman(weighted_average),false
1788769753.201,60.247,1.371,0.391,2.095,8.921,1.372,0.390,2.092,8.956,0.001,-0.001,-0.003,0.003,11,weighted_average,kalman(weighted_average),false
1788769753.258,60.304,1.376,0.379,2.116,8.369,1.375,0.381,2.107,8.289,-0.001,0.002,-0.009,0.009,11,weighted_average,kalman(weighted_average),false
1788769753.348,60.394,1.387,0.370,2.107,7.216,1.385,0.369,2.110,7.196,-0.002,-0.000,0.003,0.003,11,weighted_average,kalman(weighted_average),false
1788769753.396,60.442,1.392,0.352,2.113,6.546,1.391,0.356,2.113,6.571,-0.001,0.004,0.000,0.004,11,weighted_average,kalman(weighted_average),false
1788769753.458,60.503,1.397,0.347,2.113,5.775,1.397,0.346,2.114,5.787,0.000,-0.001,0.001,0.002,11,weighted_average,kalman(weighted_average),false
1788769753.498,60.543,1.388,0.352,2.113,5.604,1.393,0.346,2.114,5.445,0.006,-0.005,0.001,0.008,11,weighted_average,kalman(weighted_average),false
1788769753.548,60.593,1.400,0.335,2.120,4.621,1.398,0.337,2.118,4.742,-0.002,0.002,-0.002,0.004,11,weighted_average,kalman(weighted_average),false
1788769753.636,60.681,1.406,0.327,2.124,3.919,1.405,0.327,2.124,3.822,-0.001,-0.001,-0.001,0.001,11,weighted_average,kalman(weighted_average),false
1788769753.688,60.734,1.404,0.317,2.130,3.320,1.406,0.318,2.129,3.285,0.002,0.001,-0.001,0.002,11,weighted_average,kalman(weighted_average),false
1788769753.737,60.783,1.399,0.323,2.121,3.125,1.403,0.319,2.126,2.952,0.003,-0.005,0.005,0.007,11,weighted_average,kalman(weighted_average),false
1788769753.791,60.837,1.420,0.301,2.142,2.441,1.413,0.306,2.136,2.442,-0.007,0.005,-0.006,0.010,11,weighted_average,kalman(weighted_average),false
1788769753.837,60.883,1.425,0.295,2.135,2.017,1.422,0.297,2.138,2.013,-0.003,0.002,0.002,0.005,11,weighted_average,kalman(weighted_average),false
1788769753.929,60.974,1.429,0.303,2.118,2.025,1.430,0.297,2.125,1.715,0.001,-0.005,0.007,0.009,11,weighted_average,kalman(weighted_average),false
1788769753.978,61.024,1.436,0.300,2.127,1.848,1.436,0.299,2.124,1.675,-0.000,-0.002,-0.002,0.003,11,weighted_average,kalman(weighted_average),false
1788769754.030,61.075,1.425,0.313,2.144,2.064,1.431,0.307,2.136,1.797,0.006,-0.006,-0.009,0.012,11,weighted_average,kalman(weighted_average),false
1788769754.075,61.121,1.437,0.305,2.125,1.804,1.435,0.307,2.131,1.765,-0.002,0.002,0.006,0.007,11,weighted_average,kalman(weighted_average),false
1788769754.133,61.179,1.430,0.317,2.114,2.037,1.433,0.315,2.120,1.877,0.003,-0.003,0.006,0.007,11,weighted_average,kalman(weighted_average),false
1788769754.226,61.272,1.434,0.315,2.124,1.913,1.434,0.316,2.121,1.901,-0.000,0.002,-0.003,0.003,11,weighted_average,kalman(weighted_average),false
1788769754.276,61.322,1.443,0.297,2.147,1.540,1.440,0.304,2.138,1.697,-0.003,0.007,-0.010,0.012,11,weighted_average,kalman(weighted_average),false
1788769754.324,61.369,1.432,0.318,2.124,1.981,1.437,0.311,2.132,1.819,0.004,-0.007,0.008,0.011,11,weighted_average,kalman(weighted_average),false
1788769754.378,61.424,1.431,0.312,2.136,1.911,1.433,0.312,2.136,1.868,0.002,-0.000,-0.001,0.003,11,weighted_average,kalman(weighted_average),false
1788769754.430,61.476,1.440,0.301,2.126,1.698,1.437,0.305,2.131,1.786,-0.004,0.004,0.004,0.007,11,weighted_average,kalman(weighted_average),false
1788769754.521,61.567,1.438,0.290,2.140,1.615,1.438,0.292,2.137,1.663,0.000,0.003,-0.003,0.004,11,weighted_average,kalman(weighted_average),false
1788769754.569,61.615,1.418,0.304,2.147,2.058,1.426,0.298,2.144,1.866,0.007,-0.006,-0.003,0.010,11,weighted_average,kalman(weighted_average),false
1788769754.624,61.669,1.430,0.289,2.134,1.800,1.426,0.292,2.140,1.848,-0.004,0.003,0.006,0.007,11,weighted_average,kalman(weighted_average),false
1788769754.667,61.712,1.426,0.272,2.150,1.641,1.425,0.279,2.146,1.751,-0.001,0.007,-0.004,0.009,11,weighted_average,kalman(weighted_average),false
1788769754.728,61.773,1.420,0.271,2.151,1.720,1.421,0.270,2.150,1.722,0.001,-0.000,-0.001,0.001,11,weighted_average,kalman(weighted_average),false
1788769754.824,61.870,1.424,0.253,2.136,1.651,1.422,0.254,2.141,1.660,-0.002,0.001,0.005,0.005,11,weighted_average,kalman(weighted_average),false
1788769754.869,61.914,1.403,0.256,2.145,1.996,1.410,0.253,2.143,1.838,0.007,-0.004,-0.003,0.008,11,weighted_average,kalman(weighted_average),false
1788769754.925,61.971,1.418,0.232,2.145,1.583,1.413,0.237,2.144,1.716,-0.005,0.005,-0.002,0.007,11,weighted_average,kalman(weighted_average),false
1788769754.970,62.016,1.404,0.237,2.138,1.968,1.407,0.234,2.140,1.838,0.003,-0.003,0.002,0.005,11,weighted_average,kalman(weighted_average),false
1788769755.028,62.073,1.410,0.224,2.133,1.816,1.408,0.224,2.135,1.843,-0.003,0.000,0.002,0.004,11,weighted_average,kalman(weighted_average),false
1788769755.110,62.156,1.402,0.202,2.137,1.830,1.403,0.205,2.135,1.848,0.001,0.003,-0.002,0.003,11,weighted_average,kalman(weighted_average),false
1788769755.164,62.209,1.402,0.189,2.146,1.717,1.402,0.191,2.142,1.777,-0.001,0.001,-0.004,0.004,11,weighted_average,kalman(weighted_average),false
1788769755.217,62.263,1.390,0.186,2.141,1.968,1.393,0.183,2.142,1.874,0.004,-0.003,0.002,0.005,11,weighted_average,kalman(weighted_average),false
1788769755.267,62.312,1.411,0.148,2.134,1.319,1.402,0.158,2.138,1.593,-0.009,0.010,0.004,0.014,11,weighted_average,kalman(weighted_average),false
1788769755.316,62.362,1.390,0.163,2.141,1.815,1.396,0.155,2.139,1.667,0.006,-0.009,-0.001,0.010,11,weighted_average,kalman(weighted_average),false
1788769755.401,62.447,1.378,0.152,2.137,2.051,1.382,0.148,2.138,1.890,0.004,-0.004,0.000,0.006,11,weighted_average,kalman(weighted_average),false
1788769755.455,62.501,1.382,0.128,2.125,1.887,1.380,0.133,2.129,1.919,-0.003,0.004,0.004,0.007,11,weighted_average,kalman(weighted_average),false
1788769755.504,62.550,1.379,0.170,2.153,2.971,1.378,0.152,2.142,2.506,-0.002,-0.018,-0.011,0.021,8|11,weighted_average,kalman(weighted_average),false
1788769755.555,62.601,1.376,0.215,2.185,4.271,1.375,0.191,2.170,3.548,-0.001,-0.024,-0.016,0.029,8,weighted_average,kalman(weighted_average),false
1788769755.601,62.646,1.384,0.079,2.117,1.855,1.379,0.134,2.145,2.938,-0.005,0.055,0.027,0.062,8|11,weighted_average,kalman(weighted_average),false
1788769755.691,62.737,1.376,0.105,2.133,2.642,1.377,0.106,2.135,2.839,0.001,0.001,0.002,0.002,8|11,weighted_average,kalman(weighted_average),false
1788769755.740,62.785,1.368,0.159,2.173,4.078,1.371,0.135,2.157,3.543,0.003,-0.024,-0.015,0.029,8,weighted_average,kalman(weighted_average),false
1788769755.793,62.839,1.377,0.153,2.150,4.080,1.373,0.148,2.155,3.964,-0.003,-0.005,0.006,0.008,8,weighted_average,kalman(weighted_average),false
1788769755.843,62.888,1.356,0.063,2.197,2.515,1.362,0.100,2.181,3.348,0.007,0.037,-0.015,0.040,8|11,weighted_average,kalman(weighted_average),false
1788769755.892,62.938,1.378,0.044,2.122,2.281,1.370,0.060,2.152,2.792,-0.009,0.016,0.029,0.035,8|11,weighted_average,kalman(weighted_average),false
1788769755.980,63.026,1.371,0.004,2.132,1.979,1.371,0.006,2.135,2.145,-0.000,0.002,0.002,0.003,8|11,weighted_average,kalman(weighted_average),false
1788769756.029,63.075,1.368,0.111,2.166,4.217,1.369,0.063,2.152,3.182,0.001,-0.048,-0.014,0.050,8,weighted_average,kalman(weighted_average),false
1788769756.079,63.125,1.351,-0.003,2.138,1.988,1.358,0.026,2.144,2.622,0.007,0.029,0.006,0.031,11,weighted_average,kalman(weighted_average),false
1788769756.131,63.177,1.364,0.002,2.129,2.421,1.360,0.007,2.135,2.473,-0.005,0.004,0.005,0.008,8|11,weighted_average,kalman(weighted_average),false
1788769756.185,63.231,1.344,0.019,2.172,2.971,1.349,0.008,2.155,2.682,0.005,-0.011,-0.017,0.021,8|11,weighted_average,kalman(weighted_average),false
1788769756.270,63.315,1.348,-0.015,2.212,3.021,1.346,-0.012,2.199,2.900,-0.002,0.003,-0.012,0.013,8,weighted_average,kalman(weighted_average),false
1788769756.328,63.374,1.338,-0.036,2.169,2.480,1.339,-0.032,2.187,2.688,0.001,0.004,0.018,0.018,8|11,weighted_average,kalman(weighted_average),false
1788769756.373,63.419,1.352,-0.046,2.159,2.833,1.345,-0.046,2.172,2.753,-0.007,0.001,0.013,0.014,8,weighted_average,kalman(weighted_average),false
1788769756.423,63.469,1.336,-0.077,2.127,1.882,1.340,-0.070,2.143,2.301,0.004,0.007,0.016,0.018,11,weighted_average,kalman(weighted_average),false
1788769756.472,63.517,1.360,0.014,2.118,4.211,1.351,-0.028,2.122,3.196,-0.009,-0.043,0.005,0.044,8,weighted_average,kalman(weighted_average),false
1788769756.559,63.605,1.337,-0.022,2.199,3.860,1.342,-0.020,2.170,3.750,0.005,0.002,-0.029,0.029,8,weighted_average,kalman(weighted_average),false
1788769756.607,63.653,1.327,-0.091,2.155,2.623,1.332,-0.063,2.166,3.237,0.005,0.027,0.011,0.030,8|11,weighted_average,kalman(weighted_average),false
1788769756.660,63.706,1.340,-0.012,2.171,4.421,1.334,-0.038,2.172,3.880,-0.006,-0.026,0.001,0.026,8,weighted_average,kalman(weighted_average),false
1788769756.714,63.759,1.328,-0.145,2.118,2.098,1.330,-0.103,2.142,3.034,0.001,0.042,0.023,0.048,8|11,weighted_average,kalman(weighted_average),false
1788769756.767,63.812,1.312,-0.142,2.098,2.129,1.318,-0.138,2.111,2.476,0.006,0.004,0.013,0.015,11,weighted_average,kalman(weighted_average),false
1788769756.858,63.903,1.329,-0.169,2.096,2.198,1.323,-0.175,2.091,2.112,-0.006,-0.006,-0.005,0.009,8|11,weighted_average,kalman(weighted_average),false
1788769756.903,63.949,1.320,-0.177,2.092,2.236,1.321,-0.184,2.087,2.086,0.001,-0.007,-0.005,0.008,8|11,weighted_average,kalman(weighted_average),false
1788769756.964,64.010,1.317,-0.168,2.102,2.673,1.319,-0.181,2.093,2.335,0.001,-0.013,-0.009,0.016,8|11,weighted_average,kalman(weighted_average),false
1788769757.006,64.051,1.314,-0.210,2.078,2.256,1.316,-0.200,2.084,2.291,0.001,0.010,0.005,0.011,8|11,weighted_average,kalman(weighted_average),false
1788769757.063,64.109,1.315,-0.192,2.080,2.733,1.315,-0.201,2.079,2.516,-0.001,-0.009,-0.001,0.009,8|11,weighted_average,kalman(weighted_average),false
1788769757.150,64.196,1.325,-0.186,2.070,3.593,1.322,-0.193,2.071,3.251,-0.003,-0.007,0.000,0.008,8,weighted_average,kalman(weighted_average),false
1788769757.197,64.243,1.312,-0.107,2.129,5.249,1.316,-0.138,2.106,4.482,0.005,-0.031,-0.023,0.039,8,weighted_average,kalman(weighted_average),false
1788769757.254,64.299,1.349,-0.264,1.901,2.685,1.337,-0.208,1.981,3.795,-0.012,0.056,0.080,0.098,8,weighted_average,kalman(weighted_average),false
1788769757.301,64.347,1.292,-0.305,2.025,1.569,1.313,-0.273,1.988,2.693,0.021,0.032,-0.036,0.053,11,weighted_average,kalman(weighted_average),false
1788769757.357,64.403,1.309,-0.354,1.984,0.903,1.308,-0.340,1.975,1.578,-0.001,0.014,-0.009,0.017,11,weighted_average,kalman(weighted_average),false
1788769757.438,64.484,1.280,-0.316,1.996,2.188,1.286,-0.345,1.982,1.614,0.006,-0.029,-0.014,0.033,11,weighted_average,kalman(weighted_average),false
1788769757.493,64.539,1.301,-0.373,1.964,1.186,1.291,-0.370,1.969,1.256,-0.009,0.003,0.005,0.011,11,weighted_average,kalman(weighted_average),false
1788769757.542,64.587,1.282,-0.346,1.972,2.077,1.284,-0.363,1.968,1.572,0.003,-0.017,-0.004,0.017,11,weighted_average,kalman(weighted_average),false
1788769757.598,64.643,1.278,-0.368,1.991,1.817,1.278,-0.370,1.981,1.670,0.000,-0.002,-0.011,0.011,11,weighted_average,kalman(weighted_average),false
1788769757.643,64.688,1.293,-0.341,1.998,2.754,1.285,-0.356,1.992,2.214,-0.008,-0.014,-0.006,0.018,8|11,weighted_average,kalman(weighted_average),false
1788769757.731,64.777,1.280,-0.422,1.981,1.384,1.281,-0.404,1.987,1.804,0.001,0.018,0.006,0.019,11,weighted_average,kalman(weighted_average),false
1788769757.785,64.830,1.285,-0.419,1.967,1.981,1.283,-0.421,1.973,1.873,-0.002,-0.002,0.007,0.008,8|11,weighted_average,kalman(weighted_average),false
1788769757.833,64.879,1.275,-0.422,1.954,2.013,1.278,-0.428,1.959,1.939,0.003,-0.007,0.005,0.009,11,weighted_average,kalman(weighted_average),false
1788769757.889,64.935,1.296,-0.392,1.955,2.859,1.289,-0.411,1.952,2.442,-0.008,-0.020,-0.002,0.021,8|11,weighted_average,kalman(weighted_average),false
1788769757.936,64.982,1.291,-0.390,1.949,3.056,1.291,-0.398,1.947,2.842,0.001,-0.009,-0.002,0.009,8|11,weighted_average,kalman(weighted_average),false
1788769758.029,65.075,1.345,-0.333,1.875,4.697,1.333,-0.347,1.890,4.222,-0.012,-0.013,0.015,0.023,8,weighted_average,kalman(weighted_average),false
1788769758.078,65.124,1.280,-0.432,1.969,3.054,1.306,-0.394,1.932,3.799,0.025,0.038,-0.037,0.059,8|11,weighted_average,kalman(weighted_average),false
1788769758.129,65.175,1.284,-0.420,1.945,3.411,1.291,-0.413,1.941,3.693,0.008,0.007,-0.003,0.011,8|11,weighted_average,kalman(weighted_average),false
1788769758.181,65.226,1.320,-0.420,1.920,3.887,1.306,-0.422,1.931,3.847,-0.014,-0.002,0.011,0.018,8,weighted_average,kalman(weighted_average),false
1788769758.229,65.274,1.287,-0.469,1.930,2.931,1.296,-0.454,1.930,3.436,0.008,0.015,-0.000,0.017,8|11,weighted_average,kalman(weighted_average),false
1788769758.320,65.366,1.282,-0.498,1.963,2.804,1.284,-0.496,1.954,2.986,0.002,0.002,-0.009,0.009,8|11,weighted_average,kalman(weighted_average),false
1788769758.365,65.411,1.259,-0.524,1.936,2.542,1.267,-0.522,1.946,2.667,0.007,0.003,0.010,0.013,11,weighted_average,kalman(weighted_average),false
1788769758.421,65.466,1.333,-0.451,1.857,4.304,1.304,-0.487,1.890,3.453,-0.029,-0.036,0.034,0.057,8,weighted_average,kalman(weighted_average),false
1788769758.468,65.513,1.271,-0.542,1.984,2.744,1.289,-0.519,1.937,3.146,0.017,0.023,-0.047,0.055,8|11,weighted_average,kalman(weighted_average),false
1788769758.525,65.570,1.270,-0.539,1.965,3.003,1.277,-0.537,1.957,3.060,0.007,0.002,-0.008,0.010,8|11,weighted_average,kalman(weighted_average),false
1788769758.613,65.659,1.248,-0.561,1.932,3.004,1.253,-0.561,1.944,2.998,0.005,-0.000,0.012,0.013,11,weighted_average,kalman(weighted_average),false
1788769758.664,65.709,1.258,-0.550,1.923,3.547,1.252,-0.559,1.930,3.296,-0.006,-0.009,0.006,0.012,8|11,weighted_average,kalman(weighted_average),false
1788769758.718,65.764,1.253,-0.554,1.963,3.778,1.250,-0.558,1.947,3.603,-0.003,-0.004,-0.015,0.016,8|11,weighted_average,kalman(weighted_average),false
1788769758.763,65.809,1.314,-0.560,1.899,3.926,1.286,-0.560,1.920,3.838,-0.028,-0.000,0.022,0.035,8,weighted_average,kalman(weighted_average),false
1788769758.817,65.862,1.261,-0.611,1.941,3.140,1.276,-0.592,1.928,3.571,0.015,0.019,-0.012,0.027,8|11,weighted_average,kalman(weighted_average),false
1788769758.906,65.952,1.247,-0.657,1.963,2.767,1.256,-0.648,1.953,3.067,0.009,0.010,-0.010,0.016,8|11,weighted_average,kalman(weighted_average),false
1788769758.958,66.003,1.253,-0.670,1.948,2.654,1.251,-0.672,1.954,2.757,-0.002,-0.002,0.005,0.006,8|11,weighted_average,kalman(weighted_average),false
1788769759.005,66.050,1.244,-0.617,1.992,4.039,1.244,-0.648,1.979,3.341,0.000,-0.032,-0.013,0.034,8|11,weighted_average,kalman(weighted_average),false
1788769759.063,66.109,1.249,-0.654,1.953,3.452,1.244,-0.654,1.969,3.435,-0.005,0.000,0.016,0.017,8|11,weighted_average,kalman(weighted_average),false
1788769759.115,66.160,1.247,-0.713,1.967,2.618,1.245,-0.692,1.969,3.034,-0.003,0.021,0.002,0.021,8|11,weighted_average,kalman(weighted_average),false
1788769759.202,66.247,1.244,-0.701,1.961,3.351,1.243,-0.707,1.964,3.178,-0.000,-0.006,0.003,0.007,8|11,weighted_average,kalman(weighted_average),false
1788769759.256,66.301,1.230,-0.760,2.019,2.347,1.234,-0.746,1.999,2.702,0.004,0.014,-0.019,0.024,8|11,weighted_average,kalman(weighted_average),false
1788769759.303,66.349,1.237,-0.716,1.972,3.546,1.234,-0.736,1.988,3.082,-0.003,-0.020,0.016,0.026,8|11,weighted_average,kalman(weighted_average),false
1788769759.358,66.403,1.293,-0.717,1.964,3.865,1.269,-0.728,1.975,3.516,-0.023,-0.011,0.011,0.028,8,weighted_average,kalman(weighted_average),false
1788769759.404,66.449,1.224,-0.791,1.969,2.375,1.249,-0.765,1.970,3.015,0.024,0.026,0.001,0.036,11,weighted_average,kalman(weighted_average),false
1788769759.494,66.539,1.226,-0.849,1.967,1.498,1.231,-0.835,1.965,2.002,0.006,0.014,-0.001,0.015,11,weighted_average,kalman(weighted_average),false
1788769759.543,66.588,1.226,-0.784,2.003,3.276,1.225,-0.814,1.988,2.560,-0.001,-0.030,-0.014,0.033,8|11,weighted_average,kalman(weighted_average),false
1788769759.594,66.640,1.223,-0.796,1.957,3.023,1.221,-0.807,1.972,2.788,-0.002,-0.011,0.015,0.019,11,weighted_average,kalman(weighted_average),false
1788769759.640,66.686,1.234,-0.790,1.998,3.548,1.227,-0.798,1.987,3.200,-0.007,-0.008,-0.012,0.016,8|11,weighted_average,kalman(weighted_average),false
1788769759.694,66.740,1.245,-0.865,1.962,2.122,1.237,-0.837,1.974,2.727,-0.008,0.028,0.012,0.031,8|11,weighted_average,kalman(weighted_average),false
1788769759.787,66.833,1.233,-0.872,2.031,2.323,1.236,-0.870,2.016,2.427,0.003,0.001,-0.015,0.016,8|11,weighted_average,kalman(weighted_average),false
1788769759.831,66.877,1.233,-0.830,2.010,3.415,1.234,-0.851,2.018,2.925,0.001,-0.021,0.008,0.022,8|11,weighted_average,kalman(weighted_average),false
1788769759.890,66.936,1.241,-0.833,1.995,3.410,1.238,-0.840,2.008,3.247,-0.003,-0.007,0.013,0.015,8|11,weighted_average,kalman(weighted_average),false
1788769759.932,66.978,1.239,-0.858,2.027,3.076,1.239,-0.849,2.020,3.230,0.000,0.009,-0.008,0.012,8|11,weighted_average,kalman(weighted_average),false
1788769759.986,67.031,1.241,-0.869,2.013,2.931,1.241,-0.861,2.018,3.131,-0.000,0.007,0.005,0.009,8|11,weighted_average,kalman(weighted_average),false
1788769760.073,67.119,1.229,-0.894,1.965,2.593,1.233,-0.888,1.980,2.809,0.004,0.006,0.015,0.017,11,weighted_average,kalman(weighted_average),false
1788769760.124,67.170,1.230,-0.950,1.973,1.544,1.230,-0.933,1.970,2.044,0.000,0.017,-0.003,0.017,11,weighted_average,kalman(weighted_average),false
1788769760.175,67.220,1.230,-0.950,1.973,1.544,1.229,-0.954,1.967,1.619,-0.001,-0.004,-0.006,0.008,11,weighted_average,kalman(weighted_average),false
1788769760.223,67.268,1.235,-0.950,1.949,1.648,1.231,-0.961,1.953,1.465,-0.003,-0.011,0.004,0.012,11,weighted_average,kalman(weighted_average),false
1788769760.273,67.318,1.233,-1.049,2.000,-0.028,1.232,-1.020,1.976,0.558,-0.001,0.029,-0.024,0.038,8|11,weighted_average,kalman(weighted_average),false
1788769760.361,67.407,1.265,-0.958,2.015,2.442,1.257,-0.991,2.007,1.434,-0.009,-0.033,-0.008,0.035,8,weighted_average,kalman(weighted_average),false
1788769760.420,67.466,1.229,-1.018,1.968,1.172,1.242,-1.008,1.986,1.330,0.013,0.010,0.018,0.024,8|11,weighted_average,kalman(weighted_average),false
1788769760.464,67.510,1.206,-1.032,2.140,1.405,1.220,-1.025,2.078,1.382,0.014,0.008,-0.063,0.065,8,weighted_average,kalman(weighted_average),false
1788769760.519,67.565,1.222,-0.986,2.054,2.187,1.217,-1.005,2.079,1.834,-0.005,-0.019,0.026,0.033,8|11,weighted_average,kalman(weighted_average),false
1788769760.567,67.612,1.206,-1.027,2.043,1.480,1.208,-1.017,2.066,1.737,0.002,0.010,0.023,0.025,11,weighted_average,kalman(weighted_average),false
1788769760.657,67.703,1.264,-1.042,1.691,1.576,1.246,-1.037,1.791,1.689,-0.018,0.005,0.099,0.101,8|11,weighted_average,kalman(weighted_average),false
1788769760.705,67.751,1.133,-0.757,2.194,7.807,1.246,-1.037,1.791,5.141,0.112,-0.281,-0.403,0.504,11,weighted_average,kalman(weighted_average),true
1788769760.758,67.803,1.125,-0.784,2.218,7.399,1.246,-1.037,1.791,6.960,0.120,-0.253,-0.427,0.511,11,weighted_average,kalman(weighted_average),true
1788769760.808,67.854,1.138,-0.823,2.192,6.868,1.150,-0.847,2.146,7.588,0.012,-0.024,-0.046,0.053,11,weighted_average,kalman(weighted_average),false
1788769760.865,67.911,1.139,-0.814,2.197,7.229,1.132,-0.804,2.220,7.988,-0.007,0.010,0.023,0.026,11,weighted_average,kalman(weighted_average),false
1788769760.957,68.003,1.119,-0.799,2.233,8.046,1.112,-0.779,2.268,8.542,-0.007,0.020,0.035,0.041,11,weighted_average,kalman(weighted_average),false
1788769761.002,68.047,1.090,-0.759,2.277,9.240,1.094,-0.759,2.287,9.125,0.004,-0.001,0.010,0.010,11,weighted_average,kalman(weighted_average),false
1788769761.062,68.107,1.090,-0.745,2.277,9.531,1.085,-0.741,2.294,9.635,-0.006,0.004,0.016,0.018,11,weighted_average,kalman(weighted_average),false
1788769761.104,68.149,1.284,-0.931,1.091,5.198,1.085,-0.741,2.294,7.578,-0.199,0.190,1.202,1.233,11,weighted_average,kalman(weighted_average),true
1788769761.159,68.204,1.235,-1.190,1.923,0.003,1.085,-0.741,2.294,3.395,-0.150,0.449,0.371,0.601,11,weighted_average,kalman(weighted_average),true
1788769761.246,68.292,1.228,-0.904,2.046,3.119,1.215,-0.889,2.069,2.154,-0.013,0.015,0.023,0.030,9,weighted_average,kalman(weighted_average),false
1788769761.299,68.345,1.273,-0.982,2.063,1.454,1.267,-0.966,2.043,1.259,-0.007,0.017,-0.020,0.027,9,weighted_average,kalman(weighted_average),false
1788769761.352,68.398,1.266,-0.981,2.026,1.145,1.282,-0.997,2.014,0.722,0.016,-0.015,-0.012,0.025,9,weighted_average,kalman(weighted_average),false
1788769761.398,68.443,0.677,-1.537,2.659,-10.353,1.282,-0.997,2.014,-5.339,0.605,0.540,-0.644,1.036,11,weighted_average,kalman(weighted_average),true
1788769761.454,68.499,1.238,-1.237,1.988,-1.907,1.248,-1.186,1.994,-4.921,0.010,0.052,0.006,0.053,11,weighted_average,kalman(weighted_average),false
1788769761.538,68.584,1.235,-1.295,1.975,-2.662,1.232,-1.297,1.977,-4.408,-0.002,-0.002,0.002,0.003,11,weighted_average,kalman(weighted_average),false
1788769761.598,68.644,1.255,-1.194,1.979,-0.442,1.244,-1.252,1.975,-2.245,-0.011,-0.058,-0.004,0.059,11,weighted_average,kalman(weighted_average),false
1788769761.645,68.690,1.261,-1.276,1.939,-1.758,1.255,-1.271,1.951,-1.769,-0.007,0.004,0.012,0.014,11,weighted_average,kalman(weighted_average),false
1788769761.695,68.741,1.249,-1.281,1.999,-1.735,1.253,-1.283,1.974,-1.509,0.004,-0.003,-0.025,0.025,11,weighted_average,kalman(weighted_average),false
1788769761.741,68.787,1.259,-1.294,1.971,-1.670,1.257,-1.295,1.974,-1.399,-0.001,-0.001,0.002,0.003,11,weighted_average,kalman(weighted_average),false
1788769761.834,68.880,1.261,-1.304,1.980,-1.552,1.262,-1.308,1.979,-1.288,0.000,-0.004,-0.001,0.004,11,weighted_average,kalman(weighted_average),false
1788769761.884,68.929,1.262,-1.330,1.967,-1.742,1.262,-1.326,1.972,-1.484,0.001,0.005,0.005,0.007,11,weighted_average,kalman(weighted_average),false
1788769761.933,68.978,1.291,-1.308,1.900,-1.081,1.280,-1.320,1.928,-1.255,-0.010,-0.012,0.028,0.032,11,weighted_average,kalman(weighted_average),false
1788769761.988,69.034,1.266,-1.352,1.965,-1.689,1.275,-1.342,1.942,-1.440,0.009,0.011,-0.023,0.027,11,weighted_average,kalman(weighted_average),false
1788769762.035,69.081,1.276,-1.363,1.959,-1.537,1.277,-1.359,1.950,-1.492,0.000,0.004,-0.009,0.010,11,weighted_average,kalman(weighted_average),false
1788769762.121,69.167,1.279,-1.380,1.976,-1.533,1.279,-1.381,1.969,-1.531,0.000,-0.001,-0.007,0.007,11,weighted_average,kalman(weighted_average),false
1788769762.172,69.218,1.285,-1.382,1.967,-1.242,1.284,-1.386,1.971,-1.377,-0.002,-0.005,0.004,0.006,11,weighted_average,kalman(weighted_average),false
1788769762.231,69.276,1.282,-1.412,1.971,-1.692,1.284,-1.407,1.973,-1.535,0.002,0.005,0.002,0.006,11,weighted_average,kalman(weighted_average),false
1788769762.273,69.319,1.275,-1.433,1.989,-1.989,1.279,-1.427,1.984,-1.779,0.004,0.006,-0.005,0.009,11,weighted_average,kalman(weighted_average),false
1788769762.326,69.372,1.301,-1.442,1.933,-1.807,1.292,-1.443,1.956,-1.848,-0.009,-0.001,0.023,0.025,11,weighted_average,kalman(weighted_average),false
1788769762.412,69.458,1.323,-1.412,1.899,-0.730,1.317,-1.428,1.910,-1.197,-0.006,-0.016,0.011,0.021,11,weighted_average,kalman(weighted_average),false
1788769762.464,69.510,1.313,-1.460,1.914,-1.518,1.319,-1.448,1.905,-1.295,0.006,0.012,-0.009,0.016,11,weighted_average,kalman(weighted_average),false
1788769762.515,69.560,1.285,-1.521,1.975,-2.478,1.301,-1.496,1.942,-1.895,0.016,0.025,-0.032,0.044,11,weighted_average,kalman(weighted_average),false
1788769762.563,69.609,1.318,-1.461,1.949,-1.049,1.310,-1.485,1.950,-1.529,-0.009,-0.024,0.001,0.026,11,weighted_average,kalman(weighted_average),false
1788769762.619,69.664,1.300,-1.514,1.989,-1.826,1.304,-1.507,1.977,-1.674,0.005,0.007,-0.012,0.014,11,weighted_average,kalman(weighted_average),false
1788769762.706,69.752,1.324,-1.513,1.976,-1.273,1.318,-1.518,1.983,-1.437,-0.006,-0.005,0.008,0.011,11,weighted_average,kalman(weighted_average),false
1788769762.758,69.803,1.333,-1.531,1.911,-1.470,1.330,-1.529,1.939,-1.426,-0.003,0.002,0.028,0.028,11,weighted_average,kalman(weighted_average),false
1788769762.821,69.866,1.325,-1.574,1.934,-1.988,1.330,-1.563,1.929,-1.729,0.005,0.011,-0.005,0.013,11,weighted_average,kalman(weighted_average),false
1788769762.860,69.905,1.337,-1.575,1.900,-1.810,1.335,-1.576,1.908,-1.801,-0.002,-0.001,0.009,0.009,11,weighted_average,kalman(weighted_average),false
1788769762.919,69.965,1.336,-1.572,1.950,-1.430,1.338,-1.582,1.927,-1.645,0.002,-0.010,-0.023,0.025,11,weighted_average,kalman(weighted_average),false
1788769763.005,70.050,1.323,-1.635,1.966,-2.186,1.328,-1.626,1.956,-1.989,0.005,0.009,-0.010,0.014,11,weighted_average,kalman(weighted_average),false
1788769763.056,70.102,1.344,-1.626,1.929,-1.793,1.337,-1.634,1.943,-1.928,-0.007,-0.008,0.014,0.017,11,weighted_average,kalman(weighted_average),false
1788769763.117,70.163,1.334,-1.659,1.935,-2.155,1.336,-1.657,1.938,-2.086,0.002,0.002,0.003,0.004,11,weighted_average,kalman(weighted_average),false
1788769763.159,70.204,1.350,-1.649,1.927,-1.751,1.345,-1.658,1.931,-1.950,-0.006,-0.009,0.004,0.012,11,weighted_average,kalman(weighted_average),false
1788769763.207,70.253,1.345,-1.699,1.893,-2.422,1.346,-1.687,1.907,-2.194,0.002,0.012,0.014,0.019,11,weighted_average,kalman(weighted_average),false
1788769763.295,70.341,1.349,-1.692,1.946,-1.950,1.349,-1.699,1.930,-2.100,0.001,-0.007,-0.017,0.018,11,weighted_average,kalman(weighted_average),false
1788769763.349,70.395,1.349,-1.723,1.924,-2.228,1.350,-1.719,1.929,-2.175,0.001,0.004,0.004,0.006,11,weighted_average,kalman(weighted_average),false
1788769763.399,70.444,1.357,-1.716,1.908,-1.937,1.354,-1.722,1.917,-2.060,-0.002,-0.006,0.009,0.011,11,weighted_average,kalman(weighted_average),false
1788769763.457,70.502,1.348,-1.743,1.944,-2.149,1.352,-1.740,1.933,-2.098,0.004,0.004,-0.011,0.012,11,weighted_average,kalman(weighted_average),false
1788769763.500,70.546,1.342,-1.759,1.970,-2.166,1.346,-1.755,1.956,-2.132,0.004,0.004,-0.014,0.015,11,weighted_average,kalman(weighted_average),false
1788769763.586,70.631,1.348,-1.767,1.972,-1.983,1.346,-1.771,1.974,-2.047,-0.002,-0.004,0.002,0.004,11,weighted_average,kalman(weighted_average),false
1788769763.632,70.678,1.342,-1.810,1.945,-2.498,1.343,-1.799,1.960,-2.284,0.002,0.011,0.015,0.018,11,weighted_average,kalman(weighted_average),false
1788769763.693,70.738,1.336,-1.817,1.966,-2.514,1.338,-1.819,1.964,-2.450,0.002,-0.001,-0.002,0.003,11,weighted_average,kalman(weighted_average),false
1788769763.733,70.779,1.345,-1.818,1.971,-2.188,1.341,-1.824,1.969,-2.358,-0.004,-0.006,-0.002,0.008,11,weighted_average,kalman(weighted_average),false
1788769763.789,70.835,1.349,-1.830,1.967,-2.245,1.345,-1.833,1.969,-2.318,-0.003,-0.004,0.002,0.006,11,weighted_average,kalman(weighted_average),false
1788769763.881,70.927,1.355,-1.855,1.950,-2.267,1.353,-1.855,1.956,-2.290,-0.002,0.000,0.005,0.006,11,weighted_average,kalman(weighted_average),false
1788769763.929,70.975,1.366,-1.853,1.932,-2.053,1.363,-1.858,1.938,-2.153,-0.003,-0.004,0.007,0.009,11,weighted_average,kalman(weighted_average),false
1788769763.987,71.032,1.351,-1.882,1.988,-2.337,1.358,-1.877,1.966,-2.230,0.007,0.005,-0.022,0.024,11,weighted_average,kalman(weighted_average),false
1788769764.031,71.077,1.357,-1.894,1.956,-2.396,1.357,-1.891,1.963,-2.314,0.001,0.002,0.006,0.007,11,weighted_average,kalman(weighted_average),false
1788769764.080,71.126,1.365,-1.909,1.957,-2.219,1.362,-1.907,1.960,-2.279,-0.003,0.002,0.003,0.005,11,weighted_average,kalman(weighted_average),false
1788769764.165,71.211,1.363,-1.932,1.944,-2.403,1.364,-1.932,1.949,-2.360,0.001,0.000,0.005,0.005,11,weighted_average,kalman(weighted_average),false
1788769764.227,71.272,1.363,-1.939,1.947,-2.391,1.364,-1.943,1.946,-2.393,0.001,-0.004,-0.001,0.004,11,weighted_average,kalman(weighted_average),false
1788769764.268,71.314,1.366,-1.949,1.962,-2.291,1.365,-1.950,1.954,-2.351,-0.001,-0.001,-0.008,0.008,11,weighted_average,kalman(weighted_average),false
1788769764.322,71.368,1.378,-1.943,1.961,-1.979,1.373,-1.950,1.959,-2.157,-0.004,-0.008,-0.002,0.009,11,weighted_average,kalman(weighted_average),false
1788769764.370,71.416,1.361,-1.984,1.948,-2.572,1.368,-1.972,1.954,-2.338,0.007,0.012,0.005,0.015,11,weighted_average,kalman(weighted_average),false
1788769764.459,71.504,1.371,-1.993,1.914,-2.470,1.370,-1.994,1.924,-2.436,-0.001,-0.000,0.010,0.010,11,weighted_average,kalman(weighted_average),false
1788769764.505,71.551,1.386,-1.989,1.941,-2.062,1.380,-1.995,1.930,-2.246,-0.006,-0.006,-0.011,0.014,11,weighted_average,kalman(weighted_average),false
1788769764.563,71.608,1.398,-1.985,1.929,-1.808,1.394,-1.991,1.927,-1.981,-0.004,-0.007,-0.002,0.008,11,weighted_average,kalman(weighted_average),false
1788769764.609,71.654,1.376,-2.028,1.927,-2.498,1.387,-2.014,1.926,-2.197,0.010,0.014,-0.001,0.017,11,weighted_average,kalman(weighted_average),false
1788769764.672,71.718,1.391,-2.014,1.933,-2.063,1.390,-2.019,1.929,-2.121,-0.001,-0.005,-0.004,0.007,11,weighted_average,kalman(weighted_average),false
1788769764.761,71.806,1.390,-2.031,1.927,-2.129,1.391,-2.031,1.928,-2.109,0.001,-0.000,0.001,0.001,11,weighted_average,kalman(weighted_average),false
1788769764.821,71.867,1.395,-2.039,1.930,-2.098,1.394,-2.039,1.929,-2.095,-0.001,-0.000,-0.001,0.001,11,weighted_average,kalman(weighted_average),false
1788769764.860,71.905,1.404,-2.031,1.933,-1.856,1.400,-2.037,1.931,-1.967,-0.004,-0.005,-0.002,0.007,11,weighted_average,kalman(weighted_average),false
1788769764.925,71.971,1.401,-2.043,1.956,-2.026,1.402,-2.042,1.948,-1.969,0.002,0.000,-0.008,0.008,10|11,weighted_average,kalman(weighted_average),false
1788769764.964,72.009,1.412,-2.044,1.933,-1.836,1.408,-2.044,1.942,-1.892,-0.003,-0.001,0.009,0.010,11,weighted_average,kalman(weighted_average),false
1788769765.052,72.097,1.407,-2.076,1.911,-2.245,1.409,-2.069,1.921,-2.084,0.003,0.007,0.009,0.012,11,weighted_average,kalman(weighted_average),false
1788769765.104,72.149,1.406,-2.074,1.935,-2.166,1.407,-2.077,1.927,-2.153,0.002,-0.003,-0.008,0.009,10|11,weighted_average,kalman(weighted_average),false
1788769765.156,72.202,1.404,-2.089,1.930,-2.244,1.405,-2.088,1.928,-2.229,0.001,0.001,-0.002,0.002,11,weighted_average,kalman(weighted_average),false
1788769765.200,72.246,1.411,-2.098,1.929,-2.211,1.408,-2.098,1.928,-2.247,-0.003,0.000,-0.001,0.003,11,weighted_average,kalman(weighted_average),false
1788769765.258,72.303,1.405,-2.115,1.928,-2.450,1.407,-2.113,1.928,-2.381,0.002,0.002,-0.000,0.003,11,weighted_average,kalman(weighted_average),false
1788769765.341,72.387,1.417,-2.124,1.917,-2.274,1.414,-2.126,1.920,-2.360,-0.003,-0.002,0.003,0.005,11,weighted_average,kalman(weighted_average),false
1788769765.395,72.441,1.422,-2.123,1.916,-2.146,1.421,-2.128,1.916,-2.248,-0.002,-0.004,-0.000,0.005,11,weighted_average,kalman(weighted_average),false
1788769765.451,72.497,1.424,-2.138,1.914,-2.198,1.425,-2.136,1.913,-2.208,0.001,0.002,-0.001,0.002,11,weighted_average,kalman(weighted_average),false
1788769765.498,72.544,1.428,-2.142,1.928,-2.142,1.428,-2.142,1.921,-2.161,0.000,-0.000,-0.007,0.007,11,weighted_average,kalman(weighted_average),false
1788769765.550,72.596,1.413,-2.171,1.940,-2.512,1.420,-2.163,1.933,-2.326,0.008,0.009,-0.007,0.014,11,weighted_average,kalman(weighted_average),false
1788769765.640,72.686,1.420,-2.194,1.911,-2.556,1.420,-2.191,1.920,-2.497,-0.001,0.002,0.008,0.009,11,weighted_average,kalman(weighted_average),false
1788769765.691,72.736,1.432,-2.180,1.929,-2.251,1.427,-2.189,1.924,-2.388,-0.004,-0.009,-0.005,0.011,10|11,weighted_average,kalman(weighted_average),false
1788769765.739,72.785,1.430,-2.210,1.921,-2.429,1.430,-2.205,1.922,-2.414,0.000,0.005,0.001,0.005,11,weighted_average,kalman(weighted_average),false
1788769765.795,72.840,1.449,-2.187,1.940,-1.943,1.443,-2.198,1.933,-2.167,-0.006,-0.011,-0.007,0.015,10|11,weighted_average,kalman(weighted_average),false
1788769765.846,72.891,1.418,-2.244,1.933,-2.730,1.431,-2.227,1.934,-2.426,0.013,0.017,0.002,0.021,11,weighted_average,kalman(weighted_average),false
1788769765.933,72.979,1.438,-2.245,1.909,-2.418,1.436,-2.247,1.917,-2.446,-0.002,-0.002,0.008,0.009,11,weighted_average,kalman(weighted_average),false
1788769765.987,73.033,1.432,-2.260,1.900,-2.485,1.434,-2.260,1.903,-2.479,0.002,0.000,0.003,0.004,11,weighted_average,kalman(weighted_average),false
1788769766.034,73.080,1.432,-2.270,1.910,-2.511,1.433,-2.270,1.904,-2.508,0.001,-0.001,-0.006,0.006,11,weighted_average,kalman(weighted_average),false
1788769766.085,73.130,1.451,-2.267,1.921,-2.123,1.444,-2.273,1.912,-2.320,-0.007,-0.006,-0.009,0.013,10|11,weighted_average,kalman(weighted_average),false
1788769766.136,73.182,1.451,-2.267,1.921,-2.123,1.450,-2.273,1.918,-2.194,-0.001,-0.006,-0.003,0.007,10|11,weighted_average,kalman(weighted_average),false
1788769766.230,73.275,1.453,-2.293,1.921,-2.012,1.455,-2.290,1.922,-2.026,0.002,0.003,0.000,0.003,11,weighted_average,kalman(weighted_average),false
1788769766.284,73.329,1.445,-2.320,1.919,-2.293,1.449,-2.313,1.921,-2.146,0.004,0.007,0.002,0.009,11,weighted_average,kalman(weighted_average),false
1788769766.331,73.376,1.451,-2.328,1.889,-2.289,1.450,-2.328,1.902,-2.218,-0.001,0.001,0.013,0.013,11,weighted_average,kalman(weighted_average),false
1788769766.384,73.430,1.443,-2.351,1.913,-2.446,1.445,-2.348,1.905,-2.350,0.003,0.003,-0.007,0.008,11,weighted_average,kalman(weighted_average),false
1788769766.432,73.478,1.454,-2.353,1.907,-2.294,1.450,-2.358,1.905,-2.348,-0.004,-0.005,-0.002,0.006,11,weighted_average,kalman(weighted_average),false
1788769766.528,73.574,1.445,-2.390,1.899,-2.591,1.447,-2.388,1.900,-2.533,0.001,0.001,0.001,0.002,11,weighted_average,kalman(weighted_average),false
1788769766.574,73.620,1.446,-2.407,1.887,-2.624,1.446,-2.405,1.891,-2.616,-0.000,0.002,0.004,0.004,11,weighted_average,kalman(weighted_average),false
1788769766.625,73.671,1.438,-2.420,1.881,-2.770,1.441,-2.421,1.883,-2.737,0.002,-0.001,0.002,0.003,11,weighted_average,kalman(weighted_average),false
1788769766.673,73.718,1.432,-2.442,1.895,-2.905,1.435,-2.440,1.887,-2.868,0.002,0.002,-0.008,0.008,11,weighted_average,kalman(weighted_average),false
1788769766.727,73.772,1.436,-2.445,1.889,-2.801,1.433,-2.451,1.887,-2.889,-0.002,-0.005,-0.001,0.006,11,weighted_average,kalman(weighted_average),false
1788769766.824,73.870,1.437,-2.473,1.895,-2.845,1.435,-2.474,1.893,-2.907,-0.002,-0.001,-0.002,0.003,11,weighted_average,kalman(weighted_average),false
1788769766.869,73.915,1.444,-2.486,1.913,-2.728,1.441,-2.486,1.906,-2.818,-0.003,0.000,-0.007,0.008,11,weighted_average,kalman(weighted_average),false
1788769766.924,73.970,1.440,-2.501,1.890,-2.874,1.441,-2.500,1.899,-2.844,0.002,0.000,0.009,0.009,11,weighted_average,kalman(weighted_average),false
1788769766.971,74.016,1.439,-2.521,1.898,-2.927,1.440,-2.518,1.898,-2.888,0.002,0.004,0.001,0.004,11,weighted_average,kalman(weighted_average),false
1788769767.026,74.072,1.431,-2.546,1.892,-3.238,1.435,-2.542,1.894,-3.084,0.004,0.004,0.003,0.006,11,weighted_average,kalman(weighted_average),false
1788769767.118,74.164,1.206,-2.420,1.941,-1.041,1.261,-2.458,1.929,-1.788,0.055,-0.038,-0.012,0.068,17,weighted_average,kalman(weighted_average),false
1788769767.169,74.214,1.209,-2.424,1.949,-0.991,1.201,-2.424,1.947,-1.148,-0.008,-0.001,-0.002,0.008,17,weighted_average,kalman(weighted_average),false
1788769767.216,74.261,1.209,-2.437,1.949,-0.940,1.180,-2.420,1.954,-0.818,-0.028,0.017,0.005,0.034,17,weighted_average,kalman(weighted_average),false
1788769767.264,74.310,1.209,-2.459,1.953,-1.072,1.178,-2.435,1.959,-0.738,-0.031,0.024,0.005,0.040,17,weighted_average,kalman(weighted_average),false
1788769767.325,74.371,1.208,-2.465,1.953,-1.007,1.184,-2.452,1.959,-0.709,-0.024,0.013,0.006,0.028,17,weighted_average,kalman(weighted_average),false
1788769767.416,74.462,1.208,-2.491,1.960,-1.062,1.197,-2.484,1.961,-0.822,-0.011,0.008,0.002,0.013,17,weighted_average,kalman(weighted_average),false
1788769767.463,74.509,1.216,-2.503,1.958,-1.005,1.210,-2.501,1.960,-0.912,-0.005,0.002,0.002,0.006,17,weighted_average,kalman(weighted_average),false
1788769767.539,74.585,1.211,-2.514,1.962,-1.036,1.214,-2.517,1.961,-0.995,0.003,-0.003,-0.000,0.004,17,weighted_average,kalman(weighted_average),false
1788769767.571,74.617,1.212,-2.521,1.954,-1.015,1.214,-2.523,1.958,-1.016,0.002,-0.002,0.003,0.004,17,weighted_average,kalman(weighted_average),false
1788769767.627,74.672,1.220,-2.539,1.945,-1.067,1.219,-2.538,1.949,-1.060,-0.001,0.001,0.005,0.005,17,weighted_average,kalman(weighted_average),false
1788769767.713,74.759,1.221,-2.563,1.960,-1.069,1.222,-2.562,1.956,-1.088,0.001,0.001,-0.005,0.005,17,weighted_average,kalman(weighted_average),false
1788769767.764,74.810,1.222,-2.573,1.966,-1.109,1.223,-2.574,1.963,-1.111,0.001,-0.001,-0.003,0.003,17,weighted_average,kalman(weighted_average),false
1788769767.820,74.865,1.621,-2.352,1.772,1.850,1.223,-2.574,1.963,0.529,-0.398,-0.222,0.190,0.494,9,weighted_average,kalman(weighted_average),true
1788769767.870,74.916,1.229,-2.593,1.956,-1.038,1.228,-2.589,1.957,-0.042,-0.001,0.004,0.001,0.004,17,weighted_average,kalman(weighted_average),false
1788769767.920,74.965,1.239,-2.608,1.955,-1.070,1.235,-2.603,1.955,-0.497,-0.003,0.005,0.000,0.006,17,weighted_average,kalman(weighted_average),false
1788769768.008,75.054,1.237,-2.633,1.958,-1.091,1.238,-2.629,1.956,-0.911,0.001,0.004,-0.002,0.004,17,weighted_average,kalman(weighted_average),false
1788769768.060,75.106,1.247,-2.636,1.954,-1.049,1.245,-2.638,1.955,-1.063,-0.002,-0.002,0.001,0.003,17,weighted_average,kalman(weighted_average),false
1788769768.110,75.156,1.654,-2.455,1.638,1.369,1.245,-2.638,1.955,0.175,-0.409,-0.183,0.317,0.548,9,weighted_average,kalman(weighted_average),true
1788769768.164,75.210,1.258,-2.657,1.948,-1.060,1.256,-2.653,1.949,-0.323,-0.003,0.004,0.002,0.005,17,weighted_average,kalman(weighted_average),false
1788769768.214,75.260,1.266,-2.673,1.952,-1.092,1.264,-2.668,1.950,-0.708,-0.003,0.005,-0.002,0.006,17,weighted_average,kalman(weighted_average),false
1788769768.298,75.344,1.620,-2.600,1.964,-0.123,1.524,-2.622,1.960,-0.410,-0.095,-0.023,-0.004,0.098,9,weighted_average,kalman(weighted_average),false
1788769768.355,75.400,1.670,-1.673,1.215,14.205,1.524,-2.622,1.960,8.153,-0.145,-0.949,0.744,1.215,9,weighted_average,kalman(weighted_average),true
1788769768.404,75.449,1.666,-2.586,1.801,0.489,1.639,-2.593,1.831,5.383,-0.027,-0.007,0.030,0.040,9,weighted_average,kalman(weighted_average),false
1788769768.456,75.501,1.620,-1.518,1.057,17.011,1.639,-2.593,1.831,12.040,0.020,-1.074,0.774,1.324,9,weighted_average,kalman(weighted_average),true
1788769768.501,75.546,1.638,-1.528,1.055,17.042,1.639,-2.593,1.831,15.885,0.001,-1.065,0.776,1.318,9,weighted_average,kalman(weighted_average),true
1788769768.588,75.634,1.751,-1.993,1.340,10.072,1.639,-2.593,1.831,14.397,-0.112,-0.600,0.491,0.783,9,weighted_average,kalman(weighted_average),true
1788769768.635,75.681,1.664,-1.539,1.034,17.266,1.639,-2.593,1.831,16.310,-0.025,-1.054,0.797,1.322,9,weighted_average,kalman(weighted_average),true
1788769768.702,75.748,1.698,-2.675,1.678,0.091,1.696,-2.673,1.683,7.381,-0.002,0.003,0.005,0.006,9,weighted_average,kalman(weighted_average),false
1788769768.740,75.786,1.775,-2.325,1.612,5.390,1.696,-2.673,1.683,5.447,-0.078,-0.348,0.071,0.364,9,weighted_average,kalman(weighted_average),true
1788769768.792,75.838,1.677,-1.455,1.159,18.314,1.696,-2.673,1.683,10.795,0.019,-1.218,0.525,1.326,9,weighted_average,kalman(weighted_average),true
1788769768.882,75.928,1.694,-2.778,1.679,-2.536,1.695,-2.769,1.680,2.363,0.000,0.009,0.000,0.009,9,weighted_average,kalman(weighted_average),false
1788769768.930,75.976,1.669,-2.795,1.906,-3.194,1.678,-2.795,1.827,-1.954,0.009,0.000,-0.079,0.080,9,weighted_average,kalman(weighted_average),false
1788769768.983,76.028,1.667,-2.777,1.959,-2.890,1.668,-2.794,1.934,-4.094,0.001,-0.017,-0.025,0.031,9,weighted_average,kalman(weighted_average),false
1788769769.030,76.076,1.706,-2.738,1.767,-2.097,1.688,-2.765,1.863,-4.394,-0.018,-0.027,0.096,0.101,9,weighted_average,kalman(weighted_average),false
1788769769.084,76.129,1.643,-2.861,1.957,-3.859,1.662,-2.822,1.926,-5.143,0.019,0.039,-0.031,0.053,9,weighted_average,kalman(weighted_average),false
1788769769.170,76.216,1.793,-2.313,1.578,4.758,1.662,-2.822,1.926,0.207,-0.131,-0.509,0.348,0.630,9,weighted_average,kalman(weighted_average),true
1788769769.225,76.271,1.780,-2.401,1.353,3.521,1.662,-2.822,1.926,2.708,-0.118,-0.421,0.573,0.721,9,weighted_average,kalman(weighted_average),true
1788769769.272,76.318,1.627,-1.346,0.995,19.758,1.662,-2.822,1.926,12.528,0.035,-1.476,0.931,1.745,9,weighted_average,kalman(weighted_average),true
1788769769.324,76.370,1.663,-2.849,1.830,-3.122,1.663,-2.847,1.834,6.509,-0.000,0.001,0.005,0.005,9,weighted_average,kalman(weighted_average),false
1788769769.374,76.419,1.497,-1.088,2.289,24.902,1.663,-2.847,1.834,16.359,0.166,-1.760,-0.455,1.825,9,weighted_average,kalman(weighted_average),true
1788769769.462,76.508,1.580,-2.962,2.012,-3.570,1.592,-2.945,1.987,6.102,0.012,0.017,-0.026,0.033,10,weighted_average,kalman(weighted_average),false
1788769769.510,76.556,1.579,-2.984,2.007,-3.722,1.576,-2.981,2.017,-0.277,-0.004,0.003,0.010,0.011,10,weighted_average,kalman(weighted_average),false
1788769769.562,76.607,1.631,-1.314,1.063,20.901,1.576,-2.981,2.017,9.425,-0.055,-1.667,0.954,1.921,9,weighted_average,kalman(weighted_average),true
1788769769.613,76.658,1.643,-2.863,1.894,-2.688,1.629,-2.888,1.919,3.566,-0.014,-0.025,0.026,0.038,9,weighted_average,kalman(weighted_average),false
1788769769.664,76.709,1.630,-2.840,1.959,-2.416,1.637,-2.845,1.931,-0.203,0.007,-0.004,-0.028,0.029,9,weighted_average,kalman(weighted_average),false
1788769769.750,76.796,1.625,-1.300,1.108,20.894,1.637,-2.845,1.931,11.844,0.012,-1.545,0.823,1.750,9,weighted_average,kalman(weighted_average),true
1788769769.799,76.844,1.611,-2.928,1.839,-4.211,1.615,-2.916,1.853,4.278,0.004,0.012,0.013,0.019,9,weighted_average,kalman(weighted_average),false
1788769769.856,76.902,1.594,-2.904,1.955,-3.983,1.598,-2.917,1.911,-0.590,0.004,-0.013,-0.044,0.046,9,weighted_average,kalman(weighted_average),false
1788769769.901,76.946,1.595,-2.924,1.916,-4.216,1.593,-2.926,1.917,-3.314,-0.003,-0.002,0.001,0.004,9,weighted_average,kalman(weighted_average),false
1788769769.953,76.999,1.577,-2.964,1.892,-4.810,1.579,-2.954,1.905,-5.273,0.003,0.009,0.013,0.016,9,weighted_average,kalman(weighted_average),false
1788769770.043,77.089,1.526,-1.192,1.036,22.658,1.579,-2.954,1.905,11.441,0.053,-1.762,0.869,1.965,9,weighted_average,kalman(weighted_average),true
1788769770.092,77.138,1.535,-1.219,0.999,22.254,1.579,-2.954,1.905,19.703,0.045,-1.735,0.906,1.958,9,weighted_average,kalman(weighted_average),true
1788769770.146,77.191,1.618,-1.366,1.230,19.837,1.579,-2.954,1.905,22.769,-0.039,-1.588,0.676,1.726,9,weighted_average,kalman(weighted_average),true
1788769770.198,77.243,1.539,-2.969,1.938,-4.951,1.540,-2.969,1.937,10.322,0.002,0.001,-0.002,0.003,9,weighted_average,kalman(weighted_average),false
1788769770.250,77.295,1.520,-1.180,1.087,23.298,1.540,-2.969,1.937,16.572,0.020,-1.789,0.850,1.981,9,weighted_average,kalman(weighted_average),true
1788769770.335,77.380,1.528,-3.016,1.852,-5.347,1.529,-3.009,1.864,3.569,0.002,0.007,0.012,0.014,9,weighted_average,kalman(weighted_average),false
1788769770.389,77.435,1.490,-3.046,1.949,-6.326,1.502,-3.039,1.913,-3.962,0.012,0.008,-0.036,0.039,9,weighted_average,kalman(weighted_average),false
1788769770.436,77.481,1.499,-3.031,1.897,-6.641,1.495,-3.041,1.906,-7.605,-0.004,-0.010,0.009,0.014,9,weighted_average,kalman(weighted_average),false
1788769770.491,77.536,1.445,-3.118,1.969,-8.414,1.459,-3.095,1.946,-10.439,0.014,0.024,-0.023,0.036,9,weighted_average,kalman(weighted_average),false
1788769770.537,77.582,1.462,-3.070,1.914,-8.165,1.453,-3.092,1.934,-11.049,-0.009,-0.021,0.020,0.031,9,weighted_average,kalman(weighted_average),false
1788769770.627,77.673,1.483,-3.024,1.860,-7.527,1.468,-3.049,1.881,-10.612,-0.015,-0.025,0.022,0.036,9,weighted_average,kalman(weighted_average),false
1788769770.676,77.722,1.408,-3.152,1.945,-9.596,1.430,-3.110,1.915,-10.416,0.022,0.042,-0.030,0.056,9,weighted_average,kalman(weighted_average),false
1788769770.727,77.773,1.452,-3.114,1.825,-8.710,1.438,-3.119,1.861,-9.732,-0.014,-0.006,0.035,0.038,9,weighted_average,kalman(weighted_average),false
1788769770.776,77.822,1.389,-3.196,1.909,-10.102,1.407,-3.171,1.880,-9.964,0.018,0.025,-0.028,0.042,9,weighted_average,kalman(weighted_average),false
1788769770.828,77.874,1.391,-3.196,1.842,-9.888,1.391,-3.198,1.856,-9.993,-0.000,-0.003,0.014,0.014,9,weighted_average,kalman(weighted_average),false
1788769770.919,77.964,1.381,-3.190,1.859,-9.257,1.376,-3.205,1.852,-9.577,-0.005,-0.015,-0.007,0.018,9,weighted_average,kalman(weighted_average),false
1788769770.969,78.015,1.391,-3.150,1.844,-7.734,1.382,-3.173,1.845,-8.475,-0.009,-0.022,0.001,0.024,9,weighted_average,kalman(weighted_average),false
1788769771.024,78.069,1.348,-3.230,1.845,-8.662,1.359,-3.206,1.843,-8.356,0.011,0.025,-0.002,0.027,9,weighted_average,kalman(weighted_average),false
1788769771.069,78.115,1.341,-3.227,1.859,-8.152,1.345,-3.222,1.851,-8.108,0.003,0.005,-0.008,0.010,9,weighted_average,kalman(weighted_average),false
1788769771.119,78.165,1.335,-3.229,1.874,-7.284,1.333,-3.232,1.865,-7.535,-0.001,-0.002,-0.009,0.009,9,weighted_average,kalman(weighted_average),false
1788769771.204,78.249,1.308,-3.268,1.894,-6.641,1.309,-3.263,1.889,-6.723,0.001,0.005,-0.005,0.007,9,weighted_average,kalman(weighted_average),false
1788769771.262,78.307,1.300,-3.273,1.882,-6.367,1.298,-3.276,1.889,-6.300,-0.002,-0.003,0.007,0.008,9,weighted_average,kalman(weighted_average),false
1788769771.305,78.351,1.309,-3.261,1.856,-5.420,1.300,-3.272,1.871,-5.666,-0.009,-0.011,0.015,0.021,9,weighted_average,kalman(weighted_average),false
1788769771.358,78.404,1.302,-3.273,1.865,-5.267,1.299,-3.276,1.866,-5.200,-0.003,-0.003,0.001,0.004,9,weighted_average,kalman(weighted_average),false
1788769771.406,78.452,1.287,-3.289,1.891,-4.886,1.290,-3.286,1.879,-4.814,0.003,0.003,-0.012,0.013,9,weighted_average,kalman(weighted_average),false
1788769771.493,78.538,1.268,-3.302,1.913,-4.557,1.271,-3.301,1.905,-4.359,0.003,0.001,-0.008,0.009,9,weighted_average,kalman(weighted_average),false
1788769771.549,78.595,1.162,-3.283,1.414,-4.797,1.271,-3.301,1.905,-4.457,0.109,-0.018,0.492,0.504,18,weighted_average,kalman(weighted_average),true
1788769771.599,78.645,1.039,-3.246,1.888,-3.127,1.082,-3.256,1.891,-3.657,0.043,-0.010,0.003,0.044,18,weighted_average,kalman(weighted_average),false
1788769771.652,78.698,1.012,-3.221,1.844,-1.833,1.012,-3.227,1.859,-2.485,-0.000,-0.006,0.015,0.016,18,weighted_average,kalman(weighted_average),false
1788769771.701,78.747,1.024,-3.236,1.855,-2.172,0.993,-3.224,1.851,-2.013,-0.031,0.012,-0.005,0.034,18,weighted_average,kalman(weighted_average),false
1788769771.790,78.835,1.014,-3.224,1.858,-1.514,0.987,-3.218,1.850,-1.315,-0.027,0.006,-0.008,0.029,18,weighted_average,kalman(weighted_average),false
1788769771.837,78.883,1.008,-3.217,1.848,-1.140,0.996,-3.215,1.848,-1.020,-0.013,0.002,-0.001,0.013,18,weighted_average,kalman(weighted_average),false
1788769771.891,78.937,1.008,-3.214,1.852,-1.069,1.002,-3.213,1.849,-0.843,-0.006,0.001,-0.003,0.007,18,weighted_average,kalman(weighted_average),false
1788769771.939,78.985,1.010,-3.217,1.867,-1.181,1.007,-3.214,1.860,-0.871,-0.003,0.003,-0.008,0.009,18,weighted_average,kalman(weighted_average),false
1788769771.991,79.037,1.010,-3.215,1.861,-1.139,1.010,-3.214,1.862,-0.910,-0.000,0.001,0.001,0.002,18,weighted_average,kalman(weighted_average),false
1788769772.080,79.125,1.013,-3.210,1.871,-1.138,1.013,-3.210,1.870,-0.983,0.000,-0.001,-0.001,0.001,18,weighted_average,kalman(weighted_average),false
1788769772.130,79.176,1.013,-3.210,1.871,-1.138,1.014,-3.210,1.872,-1.063,0.001,0.000,0.001,0.002,18,weighted_average,kalman(weighted_average),false
1788769772.185,79.230,1.018,-3.203,1.868,-1.048,1.017,-3.205,1.871,-1.063,-0.001,-0.002,0.003,0.003,18,weighted_average,kalman(weighted_average),false
1788769772.232,79.277,1.014,-3.194,1.875,-0.831,1.016,-3.198,1.874,-0.947,0.002,-0.003,-0.001,0.004,18,weighted_average,kalman(weighted_average),false
1788769772.289,79.335,1.031,-3.203,1.872,-1.173,1.025,-3.199,1.873,-1.051,-0.005,0.004,0.001,0.007,18,weighted_average,kalman(weighted_average),false
1788769772.374,79.420,1.042,-3.201,1.884,-1.240,1.040,-3.200,1.881,-1.181,-0.002,0.001,-0.002,0.004,18,weighted_average,kalman(weighted_average),false
1788769772.428,79.474,1.045,-3.198,1.877,-1.188,1.046,-3.199,1.880,-1.209,0.001,-0.000,0.003,0.003,18,weighted_average,kalman(weighted_average),false
1788769772.479,79.525,1.057,-3.192,1.869,-1.117,1.056,-3.194,1.874,-1.178,-0.002,-0.002,0.004,0.005,18,weighted_average,kalman(weighted_average),false
1788769772.533,79.579,1.057,-3.192,1.869,-1.117,1.060,-3.191,1.870,-1.153,0.003,0.000,0.001,0.003,18,weighted_average,kalman(weighted_average),false
1788769772.580,79.626,1.069,-3.187,1.886,-1.094,1.067,-3.188,1.878,-1.123,-0.001,-0.001,-0.007,0.008,18,weighted_average,kalman(weighted_average),false
1788769772.665,79.711,1.084,-3.187,1.889,-1.152,1.083,-3.186,1.887,-1.135,-0.002,0.001,-0.002,0.003,18,weighted_average,kalman(weighted_average),false
1788769772.720,79.766,1.096,-3.192,1.888,-1.346,1.094,-3.189,1.889,-1.257,-0.001,0.003,0.001,0.003,18,weighted_average,kalman(weighted_average),false
1788769772.767,79.813,1.105,-3.190,1.902,-1.338,1.104,-3.190,1.898,-1.319,-0.000,-0.000,-0.004,0.004,18,weighted_average,kalman(weighted_average),false
1788769772.823,79.869,1.107,-3.186,1.902,-1.238,1.110,-3.188,1.903,-1.301,0.003,-0.002,0.001,0.004,18,weighted_average,kalman(weighted_average),false
1788769772.870,79.915,1.123,-3.184,1.888,-1.237,1.120,-3.185,1.896,-1.280,-0.003,-0.002,0.008,0.009,18,weighted_average,kalman(weighted_average),false
1788769772.961,80.006,1.131,-3.176,1.890,-1.083,1.133,-3.178,1.892,-1.158,0.001,-0.002,0.002,0.003,18,weighted_average,kalman(weighted_average),false
1788769773.014,80.060,1.151,-3.188,1.895,-1.456,1.147,-3.183,1.893,-1.314,-0.004,0.005,-0.002,0.006,18,weighted_average,kalman(weighted_average),false
1788769773.065,80.110,1.155,-3.184,1.897,-1.364,1.156,-3.184,1.895,-1.356,0.001,-0.000,-0.001,0.002,18,weighted_average,kalman(weighted_average),false
1788769773.113,80.159,1.169,-3.182,1.896,-1.378,1.168,-3.183,1.896,-1.383,-0.002,-0.001,-0.000,0.002,18,weighted_average,kalman(weighted_average),false
1788769773.161,80.207,1.172,-3.176,1.889,-1.211,1.174,-3.179,1.892,-1.311,0.003,-0.003,0.003,0.005,18,weighted_average,kalman(weighted_average),false
1788769773.249,80.295,1.194,-3.180,1.889,-1.363,1.193,-3.179,1.889,-1.342,-0.001,0.001,0.000,0.002,18,weighted_average,kalman(weighted_average),false
1788769773.296,80.342,1.209,-3.183,1.899,-1.482,1.207,-3.181,1.895,-1.423,-0.002,0.002,-0.004,0.005,18,weighted_average,kalman(weighted_average),false
1788769773.348,80.394,1.208,-3.173,1.893,-1.215,1.213,-3.176,1.894,-1.328,0.004,-0.003,0.001,0.006,18,weighted_average,kalman(weighted_average),false
1788769773.397,80.443,1.226,-3.182,1.903,-1.488,1.224,-3.179,1.900,-1.406,-0.002,0.003,-0.003,0.005,18,weighted_average,kalman(weighted_average),false
1788769773.451,80.497,1.232,-3.176,1.882,-1.320,1.233,-3.177,1.890,-1.371,0.001,-0.002,0.008,0.009,18,weighted_average,kalman(weighted_average),false
1788769773.536,80.582,1.253,-3.181,1.884,-1.476,1.252,-3.179,1.884,-1.438,-0.001,0.001,0.001,0.002,18,weighted_average,kalman(weighted_average),false
1788769773.591,80.637,1.261,-3.188,1.895,-1.663,1.262,-3.185,1.890,-1.579,0.001,0.003,-0.005,0.005,18,weighted_average,kalman(weighted_average),false
1788769773.638,80.683,1.269,-3.187,1.889,-1.620,1.270,-3.187,1.889,-1.629,0.001,-0.000,0.001,0.001,18,weighted_average,kalman(weighted_average),false
1788769773.689,80.734,1.267,-3.176,1.885,-1.328,1.272,-3.182,1.887,-1.501,0.005,-0.006,0.002,0.008,18,weighted_average,kalman(weighted_average),false
1788769773.736,80.781,1.275,-3.178,1.884,-1.329,1.276,-3.179,1.885,-1.412,0.001,-0.001,0.001,0.002,18,weighted_average,kalman(weighted_average),false
1788769773.832,80.877,1.283,-3.176,1.891,-1.267,1.284,-3.176,1.889,-1.294,0.001,0.000,-0.002,0.002,18,weighted_average,kalman(weighted_average),false
1788769773.882,80.927,1.301,-3.186,1.879,-1.504,1.296,-3.182,1.883,-1.392,-0.004,0.004,0.004,0.007,18,weighted_average,kalman(weighted_average),false
1788769773.932,80.977,1.301,-3.183,1.879,-1.394,1.302,-3.184,1.879,-1.394,0.001,-0.000,0.001,0.001,18,weighted_average,kalman(weighted_average),false
1788769773.983,81.028,1.302,-3.183,1.885,-1.326,1.305,-3.184,1.882,-1.359,0.003,-0.001,-0.003,0.005,18,weighted_average,kalman(weighted_average),false
1788769774.030,81.075,1.316,-3.188,1.873,-1.436,1.314,-3.187,1.877,-1.392,-0.003,0.001,0.004,0.005,18,weighted_average,kalman(weighted_average),false
1788769774.118,81.164,1.314,-3.185,1.887,-1.285,1.317,-3.186,1.883,-1.327,0.003,-0.002,-0.004,0.005,18,weighted_average,kalman(weighted_average),false
1788769774.164,81.209,1.331,-3.203,1.883,-1.736,1.327,-3.197,1.884,-1.544,-0.004,0.006,0.001,0.008,18,weighted_average,kalman(weighted_average),false
1788769774.221,81.266,1.326,-3.196,1.888,-1.535,1.329,-3.198,1.887,-1.570,0.003,-0.002,-0.001,0.004,18,weighted_average,kalman(weighted_average),false
1788769774.266,81.312,1.330,-3.202,1.888,-1.637,1.331,-3.202,1.888,-1.625,0.001,0.000,0.001,0.001,18,weighted_average,kalman(weighted_average),false
1788769774.323,81.368,1.326,-3.195,1.887,-1.435,1.329,-3.199,1.889,-1.550,0.004,-0.004,0.001,0.006,18,weighted_average,kalman(weighted_average),false
1788769774.409,81.455,1.346,-3.214,1.875,-1.922,1.342,-3.210,1.879,-1.792,-0.004,0.004,0.004,0.007,18,weighted_average,kalman(weighted_average),false
1788769774.460,81.505,1.329,-3.194,1.880,-1.386,1.336,-3.202,1.878,-1.598,0.007,-0.008,-0.002,0.010,18,weighted_average,kalman(weighted_average),false
1788769774.515,81.561,1.337,-3.204,1.885,-1.646,1.337,-3.202,1.881,-1.619,-0.000,0.001,-0.004,0.004,18,weighted_average,kalman(weighted_average),false
1788769774.563,81.608,1.334,-3.195,1.882,-1.458,1.336,-3.198,1.882,-1.535,0.001,-0.003,-0.000,0.003,18,weighted_average,kalman(weighted_average),false
1788769774.618,81.664,1.328,-3.194,1.885,-1.427,1.331,-3.195,1.884,-1.462,0.003,-0.000,-0.001,0.003,18,weighted_average,kalman(weighted_average),false
1788769774.705,81.750,1.332,-3.197,1.894,-1.583,1.331,-3.195,1.892,-1.513,-0.001,0.002,-0.002,0.003,18,weighted_average,kalman(weighted_average),false
1788769774.756,81.801,1.331,-3.198,1.884,-1.611,1.331,-3.197,1.888,-1.569,-0.000,0.001,0.004,0.004,18,weighted_average,kalman(weighted_average),false
1788769774.811,81.857,1.324,-3.189,1.880,-1.404,1.327,-3.192,1.883,-1.487,0.002,-0.003,0.003,0.005,18,weighted_average,kalman(weighted_average),false
1788769774.858,81.903,1.324,-3.190,1.895,-1.478,1.324,-3.190,1.889,-1.475,0.000,0.000,-0.006,0.006,18,weighted_average,kalman(weighted_average),false
1788769774.916,81.962,1.328,-3.189,1.881,-1.507,1.326,-3.189,1.885,-1.484,-0.002,0.000,0.004,0.004,18,weighted_average,kalman(weighted_average),false
1788769775.002,82.048,1.314,-3.175,1.888,-1.188,1.317,-3.178,1.886,-1.290,0.003,-0.003,-0.001,0.004,18,weighted_average,kalman(weighted_average),false
1788769775.057,82.103,1.312,-3.176,1.896,-1.211,1.312,-3.175,1.893,-1.212,0.000,0.001,-0.003,0.003,18,weighted_average,kalman(weighted_average),false
1788769775.112,82.157,1.313,-3.178,1.902,-1.311,1.311,-3.175,1.900,-1.234,-0.002,0.003,-0.002,0.004,18,weighted_average,kalman(weighted_average),false
1788769775.155,82.201,1.315,-3.179,1.889,-1.363,1.313,-3.177,1.895,-1.284,-0.003,0.002,0.006,0.007,18,weighted_average,kalman(weighted_average),false
1788769775.210,82.256,1.315,-3.182,1.904,-1.476,1.314,-3.180,1.901,-1.381,-0.001,0.002,-0.003,0.004,18,weighted_average,kalman(weighted_average),false
1788769775.299,82.344,1.310,-3.168,1.892,-1.197,1.311,-3.172,1.896,-1.281,0.001,-0.003,0.004,0.005,18,weighted_average,kalman(weighted_average),false
1788769775.352,82.398,1.315,-3.185,1.925,-1.653,1.313,-3.180,1.914,-1.486,-0.002,0.006,-0.011,0.012,18,weighted_average,kalman(weighted_average),false
1788769775.399,82.445,1.310,-3.155,1.878,-0.977,1.312,-3.165,1.895,-1.240,0.001,-0.010,0.017,0.020,18,weighted_average,kalman(weighted_average),false
1788769775.455,82.500,1.305,-3.153,1.894,-0.918,1.307,-3.155,1.892,-1.041,0.002,-0.003,-0.001,0.004,18,weighted_average,kalman(weighted_average),false
1788769775.500,82.546,1.304,-3.155,1.901,-0.975,1.304,-3.152,1.896,-0.964,0.001,0.003,-0.005,0.005,18,weighted_average,kalman(weighted_average),false
1788769775.589,82.634,1.310,-3.165,1.896,-1.213,1.307,-3.159,1.896,-1.061,-0.003,0.006,-0.000,0.007,18,weighted_average,kalman(weighted_average),false
1788769775.635,82.680,1.291,-3.156,1.931,-1.305,1.298,-3.158,1.918,-1.196,0.006,-0.002,-0.013,0.015,18,weighted_average,kalman(weighted_average),false
1788769775.691,82.737,1.299,-3.167,1.930,-1.889,1.297,-3.164,1.929,-1.604,-0.002,0.003,-0.000,0.004,18,weighted_average,kalman(weighted_average),false
1788769775.737,82.782,1.283,-3.145,1.931,-2.033,1.288,-3.154,1.934,-1.900,0.005,-0.009,0.003,0.010,18,weighted_average,kalman(weighted_average),false
1788769775.791,82.837,1.298,-3.170,1.940,-2.996,1.292,-3.162,1.941,-2.591,-0.006,0.007,0.001,0.010,18,weighted_average,kalman(weighted_average),false
1788769775.880,82.925,1.320,-3.157,1.831,-3.742,1.312,-3.159,1.863,-3.572,-0.008,-0.003,0.032,0.033,18,weighted_average,kalman(weighted_average),false
1788769775.927,82.973,1.760,-2.860,1.914,0.572,1.312,-3.159,1.863,-1.454,-0.447,-0.299,-0.052,0.541,9,weighted_average,kalman(weighted_average),true
1788769775.984,83.030,1.606,-3.222,1.990,-5.822,1.551,-3.210,1.966,-3.684,-0.056,0.012,-0.024,0.062,9,weighted_average,kalman(weighted_average),false
1788769776.030,83.075,1.612,-3.232,1.973,-6.289,1.618,-3.230,1.983,-5.264,0.006,0.002,0.010,0.012,9,weighted_average,kalman(weighted_average),false
1788769776.081,83.126,1.613,-3.228,1.947,-6.866,1.648,-3.237,1.974,-6.538,0.035,-0.009,0.027,0.045,9,weighted_average,kalman(weighted_average),false
1788769776.171,83.216,1.620,-3.196,1.973,-7.314,1.654,-3.213,1.980,-7.701,0.034,-0.017,0.006,0.039,9,weighted_average,kalman(weighted_average),false
1788769776.227,83.273,1.584,-3.224,2.063,-8.181,1.612,-3.218,2.038,-8.349,0.028,0.007,-0.025,0.039,9,weighted_average,kalman(weighted_average),false
1788769776.273,83.319,1.602,-3.207,2.033,-8.514,1.602,-3.211,2.045,-8.740,0.000,-0.003,0.012,0.012,9,weighted_average,kalman(weighted_average),false
1788769776.325,83.370,1.574,-3.249,2.054,-9.564,1.580,-3.232,2.059,-9.475,0.007,0.017,0.005,0.019,9,weighted_average,kalman(weighted_average),false
1788769776.376,83.422,1.599,-3.226,2.026,-9.776,1.586,-3.231,2.046,-9.950,-0.014,-0.006,0.020,0.025,9,weighted_average,kalman(weighted_average),false
1788769776.461,83.506,1.555,-3.284,2.097,-11.485,1.561,-3.271,2.084,-11.282,0.005,0.013,-0.012,0.018,9,weighted_average,kalman(weighted_average),false
1788769776.512,83.558,1.596,-3.214,2.089,-10.924,1.579,-3.241,2.094,-11.392,-0.017,-0.027,0.005,0.032,9,weighted_average,kalman(weighted_average),false
1788769776.562,83.608,1.580,-3.250,2.033,-11.867,1.580,-3.245,2.062,-11.871,0.000,0.005,0.029,0.030,9,weighted_average,kalman(weighted_average),false
1788769776.615,83.661,1.590,-3.222,2.072,-12.046,1.587,-3.231,2.065,-12.205,-0.003,-0.009,-0.006,0.012,9,weighted_average,kalman(weighted_average),false
1788769776.666,83.712,1.567,-0.971,0.884,22.097,1.587,-3.231,2.065,5.492,0.020,-2.260,1.181,2.550,9,weighted_average,kalman(weighted_average),true
1788769776.758,83.803,1.570,-3.237,2.064,-13.653,1.573,-3.236,2.064,-3.273,0.002,0.001,0.000,0.002,9,weighted_average,kalman(weighted_average),false
1788769776.805,83.851,1.596,-3.189,1.996,-13.481,1.586,-3.206,2.020,-9.401,-0.010,-0.017,0.024,0.031,9,weighted_average,kalman(weighted_average),false
1788769776.860,83.906,1.599,-3.180,1.984,-13.666,1.595,-3.185,1.989,-13.155,-0.004,-0.005,0.005,0.008,9,weighted_average,kalman(weighted_average),false
1788769776.907,83.953,1.545,-3.248,2.083,-15.499,1.568,-3.217,2.037,-15.729,0.022,0.031,-0.046,0.060,9,weighted_average,kalman(weighted_average),false
1788769776.964,84.010,1.570,-3.198,2.044,-14.996,1.565,-3.207,2.045,-16.884,-0.005,-0.009,0.001,0.011,9,weighted_average,kalman(weighted_average),false
1788769777.055,84.100,1.544,-3.219,2.053,-16.363,1.547,-3.216,2.054,-17.896,0.003,0.004,0.001,0.005,9,weighted_average,kalman(weighted_average),false
1788769777.110,84.156,1.596,-3.126,1.978,-15.371,1.576,-3.156,2.005,-16.926,-0.019,-0.031,0.027,0.046,9,weighted_average,kalman(weighted_average),false
1788769777.157,84.203,1.626,-3.087,1.936,-15.000,1.610,-3.105,1.956,-16.054,-0.017,-0.018,0.020,0.032,9,weighted_average,kalman(weighted_average),false
1788769777.204,84.250,1.551,-3.190,2.052,-17.466,1.583,-3.141,2.000,-16.750,0.032,0.049,-0.052,0.079,9,weighted_average,kalman(weighted_average),false
1788769777.259,84.304,1.561,-3.164,2.016,-17.368,1.569,-3.152,2.010,-17.180,0.009,0.012,-0.006,0.016,9,weighted_average,kalman(weighted_average),false
1788769777.350,84.396,1.503,-3.219,2.097,-19.476,1.517,-3.203,2.077,-18.860,0.013,0.015,-0.020,0.028,9,weighted_average,kalman(weighted_average),false
1788769777.398,84.444,1.505,-3.213,2.086,-19.709,1.501,-3.217,2.093,-19.625,-0.004,-0.004,0.007,0.009,9,weighted_average,kalman(weighted_average),false
1788769777.464,84.510,1.486,-3.233,2.095,-20.446,1.482,-3.236,2.105,-20.501,-0.004,-0.003,0.010,0.011,9,weighted_average,kalman(weighted_average),false
1788769777.508,84.554,1.486,-3.233,2.095,-20.446,1.479,-3.240,2.104,-20.764,-0.008,-0.007,0.009,0.014,9,weighted_average,kalman(weighted_average),false
1788769777.555,84.600,1.486,-3.233,2.095,-20.446,1.478,-3.240,2.102,-20.866,-0.008,-0.008,0.008,0.013,9,weighted_average,kalman(weighted_average),false
1788769777.657,84.703,1.488,-3.180,2.126,-20.728,1.483,-3.197,2.123,-21.048,-0.005,-0.017,-0.003,0.018,9,weighted_average,kalman(weighted_average),false
1788769777.705,84.750,1.466,-3.197,2.098,-22.490,1.472,-3.191,2.110,-21.950,0.006,0.006,0.012,0.015,9,weighted_average,kalman(weighted_average),false
1788769777.757,84.802,1.470,-3.176,2.053,-23.139,1.469,-3.177,2.074,-22.812,-0.001,-0.000,0.021,0.021,9,weighted_average,kalman(weighted_average),false
1788769777.801,84.846,1.462,-3.189,2.051,-24.020,1.463,-3.179,2.055,-23.682,0.002,0.010,0.004,0.011,9,weighted_average,kalman(weighted_average),false
1788769777.853,84.898,1.446,-3.192,2.083,-24.461,1.451,-3.184,2.064,-24.441,0.005,0.008,-0.019,0.021,9,weighted_average,kalman(weighted_average),false
1788769777.938,84.984,1.436,-3.225,2.044,-26.000,1.436,-3.213,2.046,-25.878,0.001,0.012,0.003,0.013,9,weighted_average,kalman(weighted_average),false
1788769777.993,85.038,1.435,-3.214,2.066,-26.159,1.432,-3.218,2.056,-26.401,-0.003,-0.004,-0.010,0.011,9,weighted_average,kalman(weighted_average),false
1788769778.042,85.087,1.464,-3.159,1.999,-25.876,1.449,-3.185,2.021,-26.425,-0.015,-0.026,0.022,0.037,9,weighted_average,kalman(weighted_average),false
1788769778.094,85.140,1.441,-3.178,2.061,-26.637,1.446,-3.177,2.039,-26.758,0.005,0.001,-0.022,0.023,9,weighted_average,kalman(weighted_average),false
1788769778.147,85.192,1.413,-3.219,2.058,-28.098,1.426,-3.199,2.050,-27.666,0.013,0.020,-0.008,0.025,9,weighted_average,kalman(weighted_average),false
1788769778.239,85.284,1.437,-3.187,2.035,-28.455,1.431,-3.192,2.041,-28.543,-0.006,-0.005,0.006,0.010,9,weighted_average,kalman(weighted_average),false
1788769778.290,85.335,1.437,-3.207,1.989,-29.040,1.435,-3.201,2.006,-29.052,-0.002,0.006,0.017,0.018,9,weighted_average,kalman(weighted_average),false
1788769778.337,85.383,1.404,-3.222,2.056,-30.163,1.417,-3.215,2.030,-29.866,0.013,0.007,-0.026,0.030,9,weighted_average,kalman(weighted_average),false
1788769778.391,85.437,1.406,-3.215,2.057,-30.360,1.407,-3.218,2.047,-30.446,0.001,-0.003,-0.010,0.011,9,weighted_average,kalman(weighted_average),false
1788769778.439,85.485,1.371,-3.262,2.058,-31.936,1.383,-3.246,2.056,-31.485,0.012,0.016,-0.001,0.020,9,weighted_average,kalman(weighted_average),false
1788769778.530,85.576,1.382,-3.225,2.123,-32.046,1.375,-3.237,2.110,-32.334,-0.007,-0.013,-0.013,0.019,9,weighted_average,kalman(weighted_average),false
1788769778.578,85.623,1.402,-3.206,2.037,-32.263,1.390,-3.218,2.072,-32.531,-0.012,-0.011,0.035,0.039,9,weighted_average,kalman(weighted_average),false
1788769778.636,85.681,1.376,-3.249,2.059,-33.414,1.382,-3.234,2.062,-33.255,0.006,0.015,0.004,0.017,9,weighted_average,kalman(weighted_average),false
1788769778.684,85.730,1.395,-3.217,2.025,-33.461,1.389,-3.225,2.037,-33.602,-0.006,-0.008,0.013,0.016,9,weighted_average,kalman(weighted_average),false
1788769778.732,85.778,1.352,-3.271,2.076,-34.910,1.368,-3.251,2.055,-34.488,0.016,0.020,-0.021,0.034,9,weighted_average,kalman(weighted_average),false
1788769778.823,85.869,1.376,-3.234,2.053,-35.274,1.370,-3.243,2.053,-35.396,-0.006,-0.009,0.000,0.011,9,weighted_average,kalman(weighted_average),false
1788769778.869,85.914,1.383,-3.226,2.060,-35.838,1.378,-3.231,2.057,-35.859,-0.005,-0.006,-0.003,0.008,9,weighted_average,kalman(weighted_average),false
1788769778.929,85.974,1.414,-3.194,1.987,-35.503,1.403,-3.205,2.012,-35.932,-0.011,-0.011,0.025,0.030,9,weighted_average,kalman(weighted_average),false
1788769778.977,86.023,1.380,-3.236,2.066,-37.106,1.394,-3.218,2.038,-36.707,0.013,0.018,-0.029,0.036,9,weighted_average,kalman(weighted_average),false
1788769779.030,86.076,1.404,-3.200,2.040,-36.759,1.401,-3.206,2.039,-36.980,-0.002,-0.006,-0.001,0.007,9,weighted_average,kalman(weighted_average),false
1788769779.128,86.174,1.359,-3.242,2.086,-39.157,1.371,-3.231,2.076,-38.707,0.012,0.011,-0.010,0.019,9,weighted_average,kalman(weighted_average),false
1788769779.179,86.224,1.386,-3.217,2.049,-38.966,1.376,-3.225,2.063,-39.165,-0.009,-0.008,0.015,0.019,9,weighted_average,kalman(weighted_average),false
1788769779.227,86.273,1.375,-3.243,2.036,-39.791,1.374,-3.237,2.048,-39.787,-0.001,0.006,0.012,0.013,9,weighted_average,kalman(weighted_average),false
1788769779.284,86.329,1.383,-3.221,2.034,-40.177,1.378,-3.230,2.037,-40.323,-0.005,-0.009,0.003,0.011,9,weighted_average,kalman(weighted_average),false
1788769779.330,86.376,1.347,-3.243,2.115,-41.209,1.360,-3.238,2.080,-41.039,0.013,0.005,-0.035,0.037,9,weighted_average,kalman(weighted_average),false
1788769779.430,86.475,1.373,-3.234,2.053,-41.997,1.366,-3.236,2.066,-42.096,-0.007,-0.003,0.013,0.015,9,weighted_average,kalman(weighted_average),false
1788769779.473,86.519,1.391,-3.231,2.015,-42.589,1.382,-3.233,2.033,-42.587,-0.008,-0.002,0.017,0.019,9,weighted_average,kalman(weighted_average),false
1788769779.530,86.575,1.327,-3.284,2.130,-44.316,1.350,-3.265,2.088,-43.834,0.024,0.019,-0.043,0.052,9,weighted_average,kalman(weighted_average),false
1788769779.573,86.618,1.255,-3.473,2.020,-46.309,1.292,-3.390,2.054,-45.426,0.036,0.082,0.034,0.096,11,weighted_average,kalman(weighted_average),false
1788769779.626,86.671,1.276,-3.471,2.013,-46.460,1.269,-3.466,2.027,-46.526,-0.008,0.005,0.014,0.017,11,weighted_average,kalman(weighted_average),false
1788769779.722,86.768,1.286,-3.461,2.014,-47.401,1.269,-3.492,2.010,-47.803,-0.016,-0.031,-0.004,0.036,11,weighted_average,kalman(weighted_average),false
1788769779.768,86.814,1.263,-3.463,2.020,-48.433,1.264,-3.481,2.013,-48.479,0.001,-0.018,-0.007,0.020,11,weighted_average,kalman(weighted_average),false
1788769779.830,86.876,1.278,-3.453,2.033,-48.574,1.271,-3.466,2.024,-48.940,-0.007,-0.013,-0.009,0.017,11,weighted_average,kalman(weighted_average),false
1788769779.870,86.916,1.269,-3.452,2.039,-49.025,1.270,-3.457,2.034,-49.218,0.001,-0.005,-0.005,0.007,11,weighted_average,kalman(weighted_average),false
1788769779.923,86.969,1.287,-3.448,2.028,-49.519,1.280,-3.449,2.033,-49.644,-0.007,-0.001,0.005,0.008,11,weighted_average,kalman(weighted_average),false
1788769780.014,87.060,1.295,-3.448,2.018,-50.526,1.293,-3.445,2.023,-50.523,-0.002,0.003,0.005,0.006,11,weighted_average,kalman(weighted_average),false
1788769780.065,87.111,1.281,-3.453,2.014,-51.114,1.287,-3.449,2.016,-51.073,0.007,0.004,0.002,0.008,11,weighted_average,kalman(weighted_average),false
1788769780.113,87.159,1.281,-3.449,2.021,-51.791,1.284,-3.449,2.017,-51.682,0.003,0.000,-0.004,0.005,11,weighted_average,kalman(weighted_average),false
1788769780.168,87.214,1.294,-3.450,2.013,-52.035,1.290,-3.450,2.013,-52.148,-0.004,0.000,0.001,0.005,11,weighted_average,kalman(weighted_average),false
1788769780.220,87.266,1.282,-3.461,1.998,-53.032,1.286,-3.457,2.003,-52.860,0.004,0.004,0.005,0.007,11,weighted_average,kalman(weighted_average),false
1788769780.314,87.360,1.299,-3.450,2.024,-53.923,1.296,-3.453,2.016,-53.925,-0.003,-0.003,-0.008,0.009,11,weighted_average,kalman(weighted_average),false
1788769780.362,87.408,1.289,-3.447,2.027,-54.400,1.293,-3.449,2.025,-54.430,0.004,-0.002,-0.002,0.005,11,weighted_average,kalman(weighted_average),false
1788769780.415,87.460,1.297,-3.439,2.031,-54.999,1.296,-3.442,2.031,-55.004,-0.001,-0.003,0.000,0.003,11,weighted_average,kalman(weighted_average),false
1788769780.464,87.509,1.278,-3.451,2.042,-55.749,1.286,-3.445,2.040,-55.651,0.008,0.005,-0.002,0.010,11,weighted_average,kalman(weighted_average),false
1788769780.511,87.556,1.299,-3.451,2.007,-56.314,1.293,-3.448,2.024,-56.260,-0.007,0.003,0.017,0.018,11,weighted_average,kalman(weighted_average),false
1788769780.602,87.647,1.309,-3.442,2.011,-56.945,1.305,-3.444,2.013,-57.095,-0.004,-0.002,0.002,0.005,11,weighted_average,kalman(weighted_average),false
1788769780.651,87.697,1.287,-3.449,2.042,-58.113,1.295,-3.447,2.030,-57.892,0.008,0.002,-0.012,0.015,11,weighted_average,kalman(weighted_average),false
1788769780.702,87.748,1.325,-3.445,2.000,-58.021,1.313,-3.446,2.013,-58.250,-0.012,-0.001,0.013,0.018,11,weighted_average,kalman(weighted_average),false
1788769780.755,87.800,1.313,-3.448,2.021,-59.035,1.316,-3.447,2.016,-58.922,0.003,0.001,-0.005,0.006,11,weighted_average,kalman(weighted_average),false
1788769780.804,87.850,1.310,-3.439,2.025,-59.351,1.314,-3.442,2.020,-59.413,0.004,-0.003,-0.004,0.007,11,weighted_average,kalman(weighted_average),false
1788769780.901,87.946,1.324,-3.428,2.017,-60.301,1.322,-3.430,2.018,-60.354,-0.001,-0.003,0.001,0.003,11,weighted_average,kalman(weighted_average),false
1788769780.949,87.995,1.317,-3.427,2.044,-61.240,1.320,-3.426,2.035,-61.071,0.003,0.001,-0.009,0.010,11,weighted_average,kalman(weighted_average),false
1788769781.001,88.046,1.338,-3.423,2.007,-61.372,1.332,-3.422,2.020,-61.509,-0.006,0.001,0.013,0.015,11,weighted_average,kalman(weighted_average),false
1788769781.048,88.094,1.345,-3.414,2.039,-62.133,1.342,-3.416,2.030,-62.075,-0.003,-0.002,-0.009,0.010,11,weighted_average,kalman(weighted_average),false
1788769781.100,88.145,1.336,-3.415,2.030,-62.631,1.342,-3.413,2.031,-62.635,0.005,0.002,0.002,0.006,11,weighted_average,kalman(weighted_average),false
1788769781.193,88.238,1.346,-3.412,2.039,-63.802,1.347,-3.410,2.038,-63.751,0.001,0.002,-0.001,0.002,11,weighted_average,kalman(weighted_average),false
1788769781.244,88.289,1.333,-3.404,2.049,-64.717,1.339,-3.406,2.046,-64.559,0.006,-0.002,-0.003,0.007,11,weighted_average,kalman(weighted_average),false
1788769781.297,88.343,1.352,-3.398,2.039,-64.871,1.346,-3.400,2.044,-65.046,-0.005,-0.002,0.005,0.007,11,weighted_average,kalman(weighted_average),false
1788769781.346,88.391,1.312,-3.403,2.070,-66.260,1.327,-3.400,2.060,-65.952,0.014,0.003,-0.009,0.017,11,weighted_average,kalman(weighted_average),false
1788769781.394,88.440,1.327,-3.414,2.083,-66.680,1.324,-3.407,2.077,-66.656,-0.003,0.007,-0.006,0.010,11,weighted_average,kalman(weighted_average),false
1788769781.487,88.533,1.541,-3.238,2.215,-64.388,1.484,-3.281,2.186,-65.633,-0.057,-0.043,-0.029,0.077,8,weighted_average,kalman(weighted_average),false
1788769781.537,88.583,1.519,-3.252,2.204,-65.509,1.531,-3.243,2.215,-65.515,0.011,0.009,0.011,0.018,8,weighted_average,kalman(weighted_average),false
1788769781.588,88.634,1.523,-3.253,2.193,-65.890,1.549,-3.231,2.217,-65.666,0.026,0.022,0.024,0.042,8,weighted_average,kalman(weighted_average),false
1788769781.637,88.682,1.492,-3.247,2.230,-66.553,1.531,-3.228,2.234,-66.119,0.039,0.018,0.004,0.043,8,weighted_average,kalman(weighted_average),false
1788769781.691,88.736,1.525,-3.238,2.238,-67.037,1.534,-3.226,2.245,-66.678,0.009,0.012,0.007,0.017,8,weighted_average,kalman(weighted_average),false
1788769781.785,88.830,1.475,-3.281,2.203,-68.899,1.493,-3.263,2.220,-68.334,0.018,0.018,0.017,0.031,8,weighted_average,kalman(weighted_average),false
1788769781.831,88.876,1.381,-3.538,1.886,-71.009,1.493,-3.263,2.220,-70.111,0.112,0.275,0.334,0.447,12,weighted_average,kalman(weighted_average),true
1788769781.892,88.937,1.338,-3.565,1.873,-72.258,1.493,-3.263,2.220,-71.904,0.155,0.302,0.347,0.485,12,weighted_average,kalman(weighted_average),true
1788769781.932,88.978,1.362,-3.547,1.906,-72.328,1.377,-3.514,1.942,-72.625,0.015,0.033,0.036,0.051,12,weighted_average,kalman(weighted_average),false
1788769781.985,89.031,1.308,-3.582,1.932,-73.718,1.320,-3.586,1.905,-73.771,0.012,-0.004,-0.027,0.030,12,weighted_average,kalman(weighted_average),false
1788769782.074,89.120,1.286,-3.579,2.004,-74.683,1.275,-3.614,1.949,-75.073,-0.011,-0.035,-0.055,0.066,12,weighted_average,kalman(weighted_average),false
1788769782.123,89.168,1.351,-3.533,1.943,-74.101,1.314,-3.572,1.947,-74.896,-0.037,-0.039,0.004,0.054,12,weighted_average,kalman(weighted_average),false
1788769782.173,89.219,1.311,-3.572,1.974,-74.819,1.312,-3.571,1.964,-75.094,0.002,0.001,-0.010,0.010,12,weighted_average,kalman(weighted_average),false
1788769782.225,89.271,1.317,-3.588,1.869,-75.143,1.315,-3.581,1.910,-75.317,-0.002,0.008,0.040,0.041,12,weighted_average,kalman(weighted_average),false
1788769782.278,89.323,1.286,-3.611,1.996,-76.308,1.298,-3.600,1.954,-76.004,0.012,0.010,-0.042,0.045,12,weighted_average,kalman(weighted_average),false
1788769782.362,89.408,1.294,-3.634,1.908,-77.082,1.292,-3.629,1.925,-76.966,-0.002,0.004,0.017,0.017,12,weighted_average,kalman(weighted_average),false
1788769782.415,89.461,1.312,-3.574,1.992,-77.028,1.304,-3.599,1.965,-77.236,-0.009,-0.025,-0.027,0.038,12,weighted_average,kalman(weighted_average),false
1788769782.465,89.510,1.361,-3.548,1.906,-77.194,1.340,-3.566,1.934,-77.406,-0.021,-0.018,0.027,0.039,12,weighted_average,kalman(weighted_average),false
1788769782.517,89.562,1.372,-3.507,1.965,-77.608,1.366,-3.523,1.950,-77.678,-0.005,-0.016,-0.015,0.023,12,weighted_average,kalman(weighted_average),false
1788769782.565,89.611,1.345,-3.548,1.914,-78.375,1.362,-3.527,1.930,-78.181,0.017,0.021,0.016,0.032,12,weighted_average,kalman(weighted_average),false
1788769782.657,89.702,1.331,-3.528,1.886,-79.399,1.343,-3.521,1.894,-79.215,0.013,0.007,0.008,0.017,12,weighted_average,kalman(weighted_average),false
1788769782.705,89.750,1.278,-3.533,2.062,-80.593,1.300,-3.526,1.996,-80.199,0.021,0.006,-0.067,0.070,12,weighted_average,kalman(weighted_average),false
1788769782.759,89.804,1.306,-3.509,1.935,-80.499,1.295,-3.515,1.971,-80.694,-0.012,-0.006,0.037,0.039,12,weighted_average,kalman(weighted_average),false
1788769782.807,89.852,1.150,-3.289,2.087,-80.598,1.202,-3.377,2.044,-80.918,0.053,-0.089,-0.043,0.112,13,weighted_average,kalman(weighted_average),false
1788769782.858,89.903,1.156,-3.276,2.080,-80.713,1.155,-3.291,2.080,-81.043,-0.001,-0.015,0.000,0.015,13,weighted_average,kalman(weighted_average),false
1788769782.950,89.996,1.246,-3.517,1.882,-82.872,1.155,-3.291,2.080,-82.461,-0.091,0.226,0.198,0.314,12,weighted_average,kalman(weighted_average),true
1788769782.998,90.044,1.204,-3.526,1.941,-83.644,1.197,-3.494,1.960,-83.391,-0.007,0.032,0.019,0.038,12,weighted_average,kalman(weighted_average),false
1788769783.054,90.100,1.128,-3.635,1.349,-83.296,1.197,-3.494,1.960,-83.701,0.069,0.141,0.612,0.631,16,weighted_average,kalman(weighted_average),true
1788769783.101,90.147,1.093,-3.255,2.068,-83.434,1.114,-3.303,2.046,-83.811,0.021,-0.048,-0.022,0.057,13,weighted_average,kalman(weighted_average),false
1788769783.153,90.198,1.075,-3.244,2.063,-84.199,1.078,-3.241,2.068,-84.218,0.003,0.003,0.005,0.007,13,weighted_average,kalman(weighted_average),false
1788769783.249,90.295,1.050,-3.227,2.071,-84.971,1.043,-3.203,2.082,-84.981,-0.007,0.025,0.011,0.028,13,weighted_average,kalman(weighted_average),false
1788769783.295,90.340,1.047,-3.220,2.067,-85.084,1.039,-3.205,2.076,-85.196,-0.008,0.015,0.009,0.019,13,weighted_average,kalman(weighted_average),false
1788769783.345,90.391,1.027,-3.211,2.069,-85.504,1.026,-3.203,2.073,-85.523,-0.001,0.008,0.004,0.009,13,weighted_average,kalman(weighted_average),false
1788769783.395,90.441,0.922,-3.300,2.049,-87.648,0.958,-3.257,2.059,-86.800,0.036,0.042,0.010,0.056,4,weighted_average,kalman(weighted_average),false
1788769783.449,90.494,1.004,-3.195,2.064,-85.966,0.970,-3.227,2.060,-86.697,-0.033,-0.032,-0.005,0.047,13,weighted_average,kalman(weighted_average),false
1788769783.540,90.586,0.989,-3.184,2.057,-86.256,0.978,-3.193,2.056,-86.650,-0.011,-0.009,-0.001,0.015,13,weighted_average,kalman(weighted_average),false
1788769783.590,90.636,0.940,-3.203,2.056,-87.188,0.953,-3.194,2.055,-87.012,0.013,0.009,-0.000,0.016,4|13,weighted_average,kalman(weighted_average),false
1788769783.636,90.681,0.957,-3.177,2.069,-86.745,0.951,-3.181,2.063,-86.962,-0.005,-0.004,-0.006,0.009,13,weighted_average,kalman(weighted_average),false
1788769783.698,90.743,0.941,-3.168,2.061,-86.817,0.941,-3.168,2.063,-86.948,0.001,0.000,0.002,0.002,13,weighted_average,kalman(weighted_average),false
1788769783.751,90.796,0.941,-3.168,2.061,-86.817,0.938,-3.164,2.062,-86.908,-0.003,0.004,0.001,0.005,13,weighted_average,kalman(weighted_average),false
1788769783.880,90.926,0.895,-3.183,2.068,-87.441,0.899,-3.177,2.067,-87.333,0.004,0.006,-0.001,0.007,4|13,weighted_average,kalman(weighted_average),false
1788769783.945,90.991,0.890,-3.179,2.065,-87.422,0.887,-3.181,2.066,-87.458,-0.003,-0.002,0.001,0.004,4|13,weighted_average,kalman(weighted_average),false
1788769784.011,91.057,0.904,-3.155,2.068,-86.938,0.894,-3.164,2.068,-87.191,-0.010,-0.009,-0.000,0.013,13,weighted_average,kalman(weighted_average),false
1788769784.067,91.113,0.862,-3.174,2.054,-87.474,0.872,-3.169,2.059,-87.344,0.010,0.006,0.005,0.013,4|13,weighted_average,kalman(weighted_average),false
1788769784.177,91.222,0.869,-3.150,2.076,-86.947,0.865,-3.153,2.072,-87.078,-0.004,-0.003,-0.004,0.007,13,weighted_average,kalman(weighted_average),false
1788769784.247,91.293,0.757,-3.233,2.029,-89.103,0.783,-3.210,2.042,-88.388,0.027,0.023,0.013,0.037,4,weighted_average,kalman(weighted_average),false
1788769784.308,91.354,0.757,-3.233,2.029,-89.103,0.751,-3.234,2.029,-89.019,-0.006,-0.001,-0.000,0.006,4,weighted_average,kalman(weighted_average),false
1788769784.363,91.409,0.760,-3.229,2.056,-88.897,0.745,-3.239,2.042,-89.165,-0.015,-0.010,-0.014,0.023,4,weighted_average,kalman(weighted_average),false
1788769784.456,91.501,0.835,-3.151,2.063,-86.961,0.805,-3.177,2.058,-87.877,-0.030,-0.026,-0.005,0.040,13,weighted_average,kalman(weighted_average),false
1788769784.535,91.581,0.799,-3.171,2.065,-87.558,0.809,-3.164,2.066,-87.495,0.010,0.007,0.001,0.012,4|13,weighted_average,kalman(weighted_average),false
1788769784.582,91.627,0.799,-3.171,2.065,-87.558,0.805,-3.164,2.067,-87.418,0.007,0.007,0.002,0.010,4|13,weighted_average,kalman(weighted_average),false
1788769784.661,91.706,0.799,-3.171,2.065,-87.558,0.802,-3.166,2.067,-87.384,0.003,0.005,0.002,0.007,4|13,weighted_average,kalman(weighted_average),false
1788769784.808,91.854,0.789,-3.172,2.061,-87.589,0.791,-3.171,2.062,-87.500,0.001,0.001,0.001,0.002,4|13,weighted_average,kalman(weighted_average),false
1788769784.875,91.921,0.786,-3.169,2.061,-87.534,0.785,-3.170,2.060,-87.539,-0.000,-0.001,-0.001,0.001,4|13,weighted_average,kalman(weighted_average),false
1788769784.928,91.974,0.786,-3.169,2.061,-87.534,0.784,-3.170,2.060,-87.550,-0.002,-0.001,-0.001,0.002,4|13,weighted_average,kalman(weighted_average),false
1788769785.017,92.063,0.786,-3.169,2.061,-87.534,0.784,-3.169,2.060,-87.554,-0.002,-0.000,-0.001,0.002,4|13,weighted_average,kalman(weighted_average),false
1788769785.135,92.180,0.762,-3.173,2.060,-87.648,0.765,-3.172,2.060,-87.632,0.003,0.001,-0.000,0.003,4|13,weighted_average,kalman(weighted_average),false
1788769785.223,92.269,0.762,-3.173,2.060,-87.648,0.760,-3.173,2.060,-87.657,-0.002,-0.000,-0.000,0.002,4|13,weighted_average,kalman(weighted_average),false
1788769785.270,92.316,0.756,-3.172,2.062,-87.636,0.756,-3.172,2.061,-87.652,0.000,-0.001,-0.001,0.001,4|13,weighted_average,kalman(weighted_average),false
1788769785.327,92.373,0.756,-3.172,2.062,-87.636,0.754,-3.172,2.062,-87.648,-0.002,-0.000,-0.000,0.002,4|13,weighted_average,kalman(weighted_average),false
1788769785.485,92.531,0.762,-3.154,2.077,-87.138,0.760,-3.155,2.076,-87.223,-0.002,-0.002,-0.001,0.003,13,weighted_average,kalman(weighted_average),false
1788769785.531,92.576,0.735,-3.172,2.064,-87.588,0.744,-3.164,2.069,-87.399,0.009,0.007,0.005,0.013,4|13,weighted_average,kalman(weighted_average),false
1788769785.587,92.633,0.715,-3.178,2.058,-87.518,0.723,-3.173,2.062,-87.454,0.008,0.004,0.004,0.010,4|13,weighted_average,kalman(weighted_average),false
1788769785.642,92.687,0.707,-3.181,2.062,-87.494,0.708,-3.180,2.061,-87.477,0.001,0.001,-0.001,0.002,4|13,weighted_average,kalman(weighted_average),false
1788769785.732,92.778,0.724,-3.161,2.071,-86.959,0.715,-3.168,2.068,-87.135,-0.009,-0.007,-0.004,0.012,13,weighted_average,kalman(weighted_average),false
1788769785.791,92.837,0.733,-3.159,2.069,-86.656,0.728,-3.161,2.069,-86.791,-0.006,-0.001,0.001,0.006,13,weighted_average,kalman(weighted_average),false
1788769785.839,92.884,0.733,-3.159,2.069,-86.656,0.733,-3.158,2.070,-86.637,-0.000,0.001,0.001,0.002,13,weighted_average,kalman(weighted_average),false
1788769785.901,92.946,0.619,-3.238,2.041,-88.897,0.662,-3.208,2.052,-87.821,0.042,0.030,0.011,0.053,4,weighted_average,kalman(weighted_average),false
1788769786.002,93.048,0.593,-3.242,2.037,-88.905,0.595,-3.243,2.037,-88.770,0.002,-0.001,0.000,0.003,4,weighted_average,kalman(weighted_average),false
1788769786.060,93.106,0.593,-3.242,2.037,-88.905,0.582,-3.248,2.034,-89.042,-0.011,-0.007,-0.003,0.013,4,weighted_average,kalman(weighted_average),false
1788769786.112,93.158,0.584,-3.244,2.026,-88.966,0.575,-3.250,2.027,-89.154,-0.009,-0.006,0.001,0.010,4,weighted_average,kalman(weighted_average),false
1788769786.160,93.205,0.573,-3.251,2.024,-89.004,0.568,-3.253,2.023,-89.191,-0.005,-0.002,-0.001,0.006,4,weighted_average,kalman(weighted_average),false
1788769786.285,93.331,0.571,-3.247,2.030,-88.964,0.566,-3.250,2.027,-89.134,-0.005,-0.003,-0.003,0.007,4,weighted_average,kalman(weighted_average),false
1788769786.342,93.388,0.557,-3.247,2.027,-89.007,0.560,-3.247,2.028,-89.055,0.003,-0.001,0.000,0.003,4,weighted_average,kalman(weighted_average),false
1788769786.388,93.433,0.692,-2.882,1.934,-87.025,0.560,-3.247,2.028,-87.924,-0.133,-0.365,0.094,0.400,0,weighted_average,kalman(weighted_average),true
1788769786.446,93.492,0.692,-2.882,1.934,-87.025,0.666,-2.955,1.953,-87.204,-0.026,-0.072,0.019,0.079,0,weighted_average,kalman(weighted_average),false
1788769786.574,93.620,0.682,-2.889,1.931,-87.117,0.693,-2.861,1.925,-86.842,0.011,0.028,-0.007,0.031,0,weighted_average,kalman(weighted_average),false
1788769786.629,93.675,0.682,-2.889,1.931,-87.117,0.689,-2.869,1.926,-86.941,0.007,0.020,-0.005,0.022,0,weighted_average,kalman(weighted_average),false
1788769786.696,93.741,0.674,-2.886,1.941,-87.142,0.680,-2.876,1.935,-87.028,0.005,0.010,-0.006,0.013,0,weighted_average,kalman(weighted_average),false
1788769786.753,93.799,0.665,-2.895,1.938,-87.159,0.669,-2.887,1.938,-87.100,0.004,0.008,-0.001,0.009,0,weighted_average,kalman(weighted_average),false
1788769786.886,93.931,0.662,-2.898,1.940,-87.064,0.661,-2.898,1.941,-87.082,-0.001,0.000,0.000,0.001,0,weighted_average,kalman(weighted_average),false
1788769786.936,93.981,0.662,-2.898,1.940,-87.064,0.661,-2.899,1.941,-87.070,-0.001,-0.001,0.000,0.002,0,weighted_average,kalman(weighted_average),false
1788769786.992,94.037,0.658,-2.902,1.941,-87.111,0.659,-2.902,1.941,-87.090,0.000,-0.000,0.000,0.001,0,weighted_average,kalman(weighted_average),false
1788769787.042,94.087,0.653,-2.902,1.944,-87.152,0.654,-2.903,1.943,-87.126,0.002,-0.001,-0.001,0.002,0,weighted_average,kalman(weighted_average),false
1788769787.196,94.242,0.640,-2.913,1.948,-87.117,0.641,-2.913,1.948,-87.127,0.001,0.000,-0.000,0.001,0,weighted_average,kalman(weighted_average),false
1788769787.255,94.300,0.627,-2.919,1.950,-87.168,0.629,-2.919,1.950,-87.154,0.002,0.001,-0.000,0.002,0,weighted_average,kalman(weighted_average),false
1788769787.324,94.370,0.623,-2.930,1.949,-87.075,0.622,-2.929,1.950,-87.108,-0.001,0.002,0.001,0.002,0,weighted_average,kalman(weighted_average),false
1788769787.377,94.423,0.604,-2.939,1.957,-87.217,0.608,-2.937,1.955,-87.166,0.004,0.001,-0.002,0.005,0,weighted_average,kalman(weighted_average),false
1788769787.532,94.577,0.598,-2.944,1.966,-87.156,0.597,-2.945,1.966,-87.164,-0.002,-0.002,-0.000,0.002,0,weighted_average,kalman(weighted_average),false
1788769787.604,94.650,0.592,-2.957,1.965,-87.174,0.592,-2.955,1.966,-87.171,0.000,0.002,0.002,0.003,0,weighted_average,kalman(weighted_average),false
1788769787.666,94.711,0.587,-2.969,1.976,-87.148,0.588,-2.966,1.974,-87.157,0.000,0.002,-0.002,0.003,0,weighted_average,kalman(weighted_average),false
1788769787.714,94.760,0.589,-2.978,1.975,-87.076,0.587,-2.976,1.976,-87.110,-0.002,0.002,0.001,0.003,0,weighted_average,kalman(weighted_average),false
1788769787.843,94.889,0.583,-2.995,1.996,-87.050,0.583,-2.995,1.995,-87.053,-0.000,-0.000,-0.002,0.002,0,weighted_average,kalman(weighted_average),false
1788769787.898,94.943,0.582,-2.997,1.983,-87.045,0.582,-2.999,1.989,-87.039,-0.000,-0.002,0.006,0.006,0,weighted_average,kalman(weighted_average),false
1788769787.958,95.003,0.588,-3.003,1.988,-86.986,0.586,-3.004,1.989,-86.998,-0.003,-0.001,0.001,0.003,0,weighted_average,kalman(weighted_average),false
1788769788.007,95.053,0.591,-3.008,1.986,-87.012,0.589,-3.008,1.987,-86.995,-0.002,-0.000,0.001,0.002,0,weighted_average,kalman(weighted_average),false
1788769788.153,95.199,0.584,-3.039,1.981,-87.196,0.585,-3.037,1.982,-87.148,0.001,0.002,0.001,0.003,0,weighted_average,kalman(weighted_average),false
1788769788.217,95.262,0.587,-3.047,2.001,-87.180,0.586,-3.048,1.995,-87.192,-0.001,-0.001,-0.006,0.006,0,weighted_average,kalman(weighted_average),false
1788769788.272,95.318,0.601,-3.059,2.005,-86.986,0.596,-3.059,2.004,-87.088,-0.005,-0.000,-0.001,0.005,0,weighted_average,kalman(weighted_average),false
1788769788.323,95.369,0.601,-3.082,1.990,-87.005,0.601,-3.077,1.998,-87.038,-0.001,0.005,0.007,0.009,0,weighted_average,kalman(weighted_average),false
1788769788.456,95.502,0.617,-3.146,1.991,-86.866,0.617,-3.142,1.992,-86.890,-0.001,0.005,0.001,0.005,0,weighted_average,kalman(weighted_average),false
1788769788.515,95.560,0.606,-3.172,2.002,-87.066,0.611,-3.171,1.998,-86.982,0.005,0.000,-0.004,0.006,0,weighted_average,kalman(weighted_average),false
1788769788.570,95.616,0.549,-3.544,2.109,-87.045,0.611,-3.171,1.998,-87.019,0.063,0.373,-0.110,0.394,13,weighted_average,kalman(weighted_average),true
1788769788.628,95.673,0.548,-3.565,2.126,-87.122,0.559,-3.497,2.104,-87.085,0.011,0.068,-0.022,0.072,13,weighted_average,kalman(weighted_average),false
1788769788.757,95.803,0.559,-3.624,2.124,-87.097,0.553,-3.646,2.134,-87.113,-0.006,-0.023,0.010,0.026,13,weighted_average,kalman(weighted_average),false
1788769788.822,95.868,0.561,-3.645,2.134,-87.106,0.558,-3.665,2.137,-87.114,-0.003,-0.019,0.004,0.020,13,weighted_average,kalman(weighted_average),false
1788769788.881,95.927,0.567,-3.669,2.139,-87.098,0.565,-3.680,2.141,-87.108,-0.002,-0.011,0.002,0.011,13,weighted_average,kalman(weighted_average),false
1788769788.931,95.977,0.564,-3.692,2.140,-87.213,0.566,-3.695,2.142,-87.167,0.002,-0.004,0.002,0.005,13,weighted_average,kalman(weighted_average),false
1788769789.071,96.116,0.565,-3.721,2.139,-87.229,0.566,-3.725,2.140,-87.229,0.001,-0.003,0.002,0.004,13,weighted_average,kalman(weighted_average),false
1788769789.114,96.159,0.568,-3.722,2.139,-87.257,0.568,-3.725,2.139,-87.253,-0.001,-0.004,0.000,0.004,13,weighted_average,kalman(weighted_average),false
1788769789.165,96.210,0.562,-3.730,2.152,-87.331,0.564,-3.731,2.147,-87.308,0.002,-0.000,-0.005,0.006,13,weighted_average,kalman(weighted_average),false
1788769789.221,96.267,0.571,-3.725,2.148,-87.241,0.568,-3.729,2.148,-87.287,-0.003,-0.004,0.001,0.005,13,weighted_average,kalman(weighted_average),false
1788769789.359,96.405,0.569,-3.735,2.147,-87.307,0.569,-3.735,2.148,-87.310,0.000,-0.000,0.001,0.001,13,weighted_average,kalman(weighted_average),false
1788769789.404,96.450,0.573,-3.730,2.153,-87.277,0.572,-3.732,2.151,-87.294,-0.001,-0.002,-0.002,0.003,13,weighted_average,kalman(weighted_average),false
1788769789.455,96.501,0.575,-3.728,2.154,-87.255,0.574,-3.730,2.153,-87.272,-0.001,-0.001,-0.001,0.002,13,weighted_average,kalman(weighted_average),false
1788769789.515,96.560,0.575,-3.729,2.145,-87.256,0.575,-3.729,2.148,-87.258,0.000,0.000,0.004,0.004,13,weighted_average,kalman(weighted_average),false
1788769789.637,96.683,0.585,-3.710,2.154,-87.165,0.584,-3.712,2.152,-87.182,-0.001,-0.003,-0.001,0.003,13,weighted_average,kalman(weighted_average),false
1788769789.695,96.741,0.587,-3.703,2.147,-87.161,0.587,-3.703,2.149,-87.157,0.001,-0.000,0.002,0.002,13,weighted_average,kalman(weighted_average),false
1788769789.746,96.792,0.581,-3.705,2.146,-87.231,0.585,-3.702,2.147,-87.188,0.003,0.003,0.001,0.005,13,weighted_average,kalman(weighted_average),false
1788769789.784,96.830,0.578,-3.702,2.151,-87.253,0.581,-3.700,2.149,-87.218,0.003,0.002,-0.002,0.004,13,weighted_average,kalman(weighted_average),false
1788769789.850,96.896,0.583,-3.689,2.152,-87.220,0.582,-3.691,2.151,-87.224,-0.001,-0.002,-0.001,0.003,13,weighted_average,kalman(weighted_average),false
1788769789.969,97.015,0.588,-3.664,2.157,-87.151,0.587,-3.666,2.156,-87.172,-0.001,-0.002,-0.001,0.002,13,weighted_average,kalman(weighted_average),false
1788769790.031,97.077,0.584,-3.655,2.161,-87.194,0.586,-3.655,2.160,-87.179,0.002,0.000,-0.001,0.002,13,weighted_average,kalman(weighted_average),false
1788769790.086,97.131,0.585,-3.647,2.159,-87.199,0.586,-3.646,2.160,-87.187,0.001,0.001,0.002,0.002,13,weighted_average,kalman(weighted_average),false
1788769790.138,97.183,0.581,-3.640,2.161,-87.237,0.583,-3.639,2.162,-87.214,0.002,0.001,0.000,0.002,13,weighted_average,kalman(weighted_average),false
1788769790.264,97.310,0.587,-3.610,2.158,-87.147,0.586,-3.611,2.159,-87.168,-0.001,-0.001,0.001,0.002,13,weighted_average,kalman(weighted_average),false
1788769790.317,97.363,0.585,-3.603,2.169,-87.157,0.586,-3.602,2.166,-87.155,0.001,0.001,-0.003,0.004,13,weighted_average,kalman(weighted_average),false
1788769790.374,97.420,0.579,-3.594,2.164,-87.231,0.582,-3.593,2.166,-87.193,0.003,0.001,0.001,0.003,13,weighted_average,kalman(weighted_average),false
1788769790.418,97.463,0.580,-3.579,2.167,-87.201,0.580,-3.582,2.167,-87.200,0.000,-0.002,-0.000,0.002,13,weighted_average,kalman(weighted_average),false
1788769790.486,97.531,0.585,-3.571,2.168,-87.129,0.583,-3.570,2.168,-87.162,-0.002,0.001,0.000,0.002,13,weighted_average,kalman(weighted_average),false
1788769790.615,97.661,0.581,-3.545,2.170,-87.165,0.581,-3.545,2.171,-87.159,0.000,0.000,0.000,0.000,13,weighted_average,kalman(weighted_average),false
1788769790.673,97.719,0.580,-3.534,2.164,-87.177,0.580,-3.534,2.166,-87.170,0.000,0.000,0.002,0.002,13,weighted_average,kalman(weighted_average),false
1788769790.719,97.764,0.580,-3.523,2.169,-87.128,0.580,-3.524,2.167,-87.148,-0.000,-0.001,-0.001,0.002,13,weighted_average,kalman(weighted_average),false
1788769790.786,97.831,0.583,-3.516,2.167,-87.084,0.582,-3.514,2.167,-87.107,-0.001,0.002,-0.000,0.002,13,weighted_average,kalman(weighted_average),false
1788769790.905,97.951,0.582,-3.492,2.171,-87.050,0.582,-3.492,2.170,-87.054,0.000,-0.000,-0.001,0.001,13,weighted_average,kalman(weighted_average),false
1788769790.960,98.005,0.585,-3.477,2.168,-87.007,0.584,-3.478,2.169,-87.016,-0.001,-0.002,0.001,0.002,13,weighted_average,kalman(weighted_average),false
1788769791.004,98.050,0.577,-3.475,2.167,-87.116,0.580,-3.473,2.168,-87.060,0.003,0.003,0.001,0.004,13,weighted_average,kalman(weighted_average),false
1788769791.059,98.104,0.584,-3.464,2.169,-86.968,0.582,-3.463,2.168,-87.008,-0.002,0.000,-0.001,0.002,13,weighted_average,kalman(weighted_average),false
1788769791.121,98.167,0.584,-3.458,2.167,-86.972,0.583,-3.456,2.167,-86.977,-0.001,0.002,0.001,0.002,13,weighted_average,kalman(weighted_average),false
1788769791.232,98.278,0.631,-3.106,2.030,-87.091,0.623,-3.167,2.054,-87.047,-0.009,-0.061,0.025,0.066,0,weighted_average,kalman(weighted_average),false
1788769791.281,98.327,0.633,-3.107,2.043,-87.044,0.635,-3.087,2.031,-87.053,0.002,0.020,-0.012,0.023,0,weighted_average,kalman(weighted_average),false
1788769791.347,98.393,0.640,-3.088,2.035,-86.944,0.645,-3.045,2.018,-86.994,0.004,0.043,-0.017,0.046,0,weighted_average,kalman(weighted_average),false
1788769791.392,98.438,0.632,-3.092,2.029,-87.087,0.641,-3.051,2.017,-87.039,0.009,0.041,-0.012,0.044,0,weighted_average,kalman(weighted_average),false
1788769791.501,98.547,0.628,-3.087,2.027,-87.108,0.633,-3.065,2.019,-87.093,0.004,0.022,-0.007,0.024,0,weighted_average,kalman(weighted_average),false
1788769791.562,98.608,0.623,-3.084,2.028,-87.166,0.625,-3.080,2.026,-87.148,0.002,0.004,-0.003,0.005,0,weighted_average,kalman(weighted_average),false
1788769791.614,98.659,0.629,-3.080,2.022,-87.071,0.626,-3.083,2.024,-87.118,-0.003,-0.003,0.002,0.005,0,weighted_average,kalman(weighted_average),false
1788769791.662,98.707,0.626,-3.076,2.018,-87.099,0.625,-3.081,2.021,-87.112,-0.001,-0.005,0.003,0.006,0,weighted_average,kalman(weighted_average),false
1788769791.770,98.816,0.618,-3.067,2.021,-87.168,0.619,-3.071,2.021,-87.155,0.001,-0.004,-0.000,0.004,0,weighted_average,kalman(weighted_average),false
1788769791.819,98.865,0.613,-3.063,2.032,-87.207,0.614,-3.064,2.028,-87.192,0.001,-0.001,-0.004,0.004,0,weighted_average,kalman(weighted_average),false
1788769791.874,98.920,0.626,-3.070,2.015,-87.022,0.620,-3.066,2.021,-87.106,-0.005,0.004,0.006,0.009,0,weighted_average,kalman(weighted_average),false
1788769791.925,98.971,0.619,-3.072,2.013,-87.121,0.620,-3.069,2.015,-87.107,0.001,0.003,0.002,0.004,0,weighted_average,kalman(weighted_average),false
1788769792.063,99.109,0.620,-3.079,2.005,-87.160,0.620,-3.078,2.005,-87.143,0.000,0.001,0.000,0.001,0,weighted_average,kalman(weighted_average),false
1788769792.109,99.155,0.622,-3.081,2.004,-87.111,0.621,-3.081,2.003,-87.128,-0.001,0.000,-0.001,0.001,0,weighted_average,kalman(weighted_average),false
1788769792.168,99.213,0.623,-3.082,2.008,-87.079,0.623,-3.083,2.005,-87.101,-0.000,-0.001,-0.003,0.003,0,weighted_average,kalman(weighted_average),false
1788769792.216,99.261,0.616,-3.086,2.017,-87.214,0.619,-3.086,2.012,-87.159,0.003,-0.000,-0.005,0.006,0,weighted_average,kalman(weighted_average),false
1788769792.261,99.306,0.624,-3.091,2.000,-87.088,0.621,-3.090,2.006,-87.129,-0.003,0.001,0.006,0.007,0,weighted_average,kalman(weighted_average),false
1788769792.368,99.414,0.620,-3.110,2.005,-87.148,0.620,-3.107,2.005,-87.143,0.000,0.003,-0.000,0.003,0,weighted_average,kalman(weighted_average),false
1788769792.417,99.462,0.617,-3.110,2.005,-87.171,0.618,-3.112,2.005,-87.161,0.001,-0.002,-0.000,0.002,0,weighted_average,kalman(weighted_average),false
1788769792.472,99.517,0.626,-3.114,2.000,-87.086,0.623,-3.116,2.001,-87.123,-0.003,-0.002,0.002,0.004,0,weighted_average,kalman(weighted_average),false
1788769792.527,99.573,0.620,-3.125,1.999,-87.188,0.622,-3.124,1.999,-87.156,0.001,0.001,0.000,0.002,0,weighted_average,kalman(weighted_average),false
1788769792.658,99.704,0.587,-3.469,2.121,-86.804,0.592,-3.422,2.103,-86.887,0.005,0.046,-0.018,0.050,13,weighted_average,kalman(weighted_average),false
1788769792.710,99.756,0.577,-3.477,2.126,-86.970,0.578,-3.500,2.133,-86.902,0.001,-0.023,0.007,0.024,13,weighted_average,kalman(weighted_average),false
1788769792.757,99.803,0.573,-3.485,2.128,-87.086,0.570,-3.527,2.143,-86.982,-0.003,-0.042,0.015,0.045,13,weighted_average,kalman(weighted_average),false
1788769792.811,99.856,0.578,-3.487,2.127,-87.041,0.570,-3.530,2.144,-87.012,-0.007,-0.044,0.016,0.047,13,weighted_average,kalman(weighted_average),false
1788769792.867,99.913,0.572,-3.500,2.128,-87.142,0.569,-3.528,2.139,-87.087,-0.003,-0.027,0.012,0.030,13,weighted_average,kalman(weighted_average),false
1788769793.007,100.052,0.576,-3.513,2.135,-87.161,0.574,-3.521,2.137,-87.163,-0.002,-0.008,0.002,0.009,13,weighted_average,kalman(weighted_average),false
1788769793.059,100.105,0.577,-3.516,2.138,-87.177,0.577,-3.516,2.137,-87.183,0.000,0.000,-0.001,0.001,13,weighted_average,kalman(weighted_average),false
1788769793.117,100.163,0.578,-3.525,2.140,-87.170,0.579,-3.520,2.139,-87.186,0.000,0.005,-0.002,0.005,13,weighted_average,kalman(weighted_average),false
1788769793.170,100.216,0.578,-3.533,2.141,-87.204,0.579,-3.528,2.141,-87.203,0.001,0.005,-0.001,0.005,13,weighted_average,kalman(weighted_average),false
1788769793.304,100.350,0.581,-3.538,2.148,-87.215,0.581,-3.537,2.147,-87.222,0.000,0.000,-0.001,0.001,13,weighted_average,kalman(weighted_average),false
1788769793.358,100.404,0.582,-3.539,2.151,-87.229,0.582,-3.540,2.151,-87.229,-0.000,-0.001,-0.000,0.001,13,weighted_average,kalman(weighted_average),false
1788769793.405,100.450,0.588,-3.538,2.154,-87.156,0.586,-3.540,2.154,-87.192,-0.002,-0.002,-0.000,0.003,13,weighted_average,kalman(weighted_average),false
1788769793.456,100.501,0.584,-3.543,2.162,-87.224,0.585,-3.542,2.160,-87.205,0.002,0.000,-0.002,0.002,13,weighted_average,kalman(weighted_average),false
1788769793.519,100.565,0.586,-3.543,2.156,-87.197,0.586,-3.544,2.159,-87.200,0.000,-0.001,0.003,0.003,13,weighted_average,kalman(weighted_average),false
1788769793.650,100.696,0.597,-3.539,2.155,-87.069,0.596,-3.540,2.156,-87.097,-0.001,-0.001,0.001,0.002,13,weighted_average,kalman(weighted_average),false
1788769793.709,100.754,0.596,-3.538,2.156,-87.098,0.597,-3.538,2.155,-87.083,0.001,0.000,-0.000,0.001,13,weighted_average,kalman(weighted_average),false
1788769793.780,100.826,0.597,-3.534,2.156,-87.112,0.598,-3.535,2.155,-87.088,0.001,-0.001,-0.001,0.001,13,weighted_average,kalman(weighted_average),false
1788769793.837,100.883,0.588,-3.531,2.155,-87.276,0.592,-3.532,2.155,-87.194,0.004,-0.000,0.000,0.004,13,weighted_average,kalman(weighted_average),false
1788769793.982,101.027,0.593,-3.519,2.159,-87.193,0.593,-3.520,2.158,-87.210,-0.001,-0.001,-0.001,0.001,13,weighted_average,kalman(weighted_average),false
1788769794.025,101.071,0.595,-3.515,2.156,-87.148,0.594,-3.515,2.157,-87.175,-0.001,-0.000,0.001,0.001,13,weighted_average,kalman(weighted_average),false
1788769794.084,101.130,0.596,-3.508,2.154,-87.169,0.596,-3.509,2.156,-87.167,0.000,-0.001,0.001,0.001,13,weighted_average,kalman(weighted_average),false
1788769794.140,101.186,0.600,-3.492,2.155,-87.127,0.599,-3.496,2.155,-87.140,-0.001,-0.004,0.000,0.004,13,weighted_average,kalman(weighted_average),false
1788769794.268,101.314,0.594,-3.485,2.152,-87.187,0.596,-3.483,2.152,-87.168,0.001,0.001,0.000,0.002,13,weighted_average,kalman(weighted_average),false
1788769794.328,101.374,0.594,-3.478,2.154,-87.174,0.594,-3.478,2.153,-87.175,0.000,0.000,-0.001,0.001,13,weighted_average,kalman(weighted_average),false
1788769794.383,101.429,0.602,-3.471,2.153,-87.041,0.599,-3.472,2.153,-87.100,-0.003,-0.001,-0.000,0.003,13,weighted_average,kalman(weighted_average),false
1788769794.440,101.486,0.596,-3.468,2.149,-87.117,0.598,-3.468,2.151,-87.098,0.002,0.001,0.001,0.002,13,weighted_average,kalman(weighted_average),false
1788769794.585,101.631,0.598,-3.452,2.148,-87.071,0.598,-3.452,2.148,-87.068,-0.000,-0.000,-0.000,0.000,13,weighted_average,kalman(weighted_average),false
1788769794.638,101.684,0.600,-3.446,2.156,-87.011,0.599,-3.446,2.153,-87.028,-0.000,-0.000,-0.002,0.002,13,weighted_average,kalman(weighted_average),false
1788769794.686,101.731,0.596,-3.443,2.155,-87.049,0.597,-3.442,2.155,-87.031,0.002,0.001,0.000,0.002,13,weighted_average,kalman(weighted_average),false
1788769794.738,101.784,0.601,-3.438,2.155,-86.949,0.600,-3.438,2.156,-86.980,-0.002,0.000,0.000,0.002,13,weighted_average,kalman(weighted_average),false
1788769794.882,101.927,0.595,-3.427,2.158,-87.029,0.596,-3.427,2.158,-87.005,0.001,0.000,0.000,0.001,13,weighted_average,kalman(weighted_average),false
1788769794.949,101.995,0.597,-3.423,2.156,-86.978,0.596,-3.423,2.157,-86.990,-0.001,0.000,0.001,0.001,13,weighted_average,kalman(weighted_average),false
1788769795.007,102.053,0.607,-3.417,2.160,-86.757,0.603,-3.418,2.159,-86.847,-0.004,-0.001,-0.001,0.004,13,weighted_average,kalman(weighted_average),false
1788769795.062,102.108,0.635,-3.086,2.040,-87.203,0.603,-3.418,2.159,-87.028,-0.031,-0.332,0.119,0.354,0,weighted_average,kalman(weighted_average),true
1788769795.195,102.240,0.640,-3.079,2.025,-87.098,0.637,-3.105,2.036,-87.101,-0.003,-0.026,0.010,0.029,0,weighted_average,kalman(weighted_average),false
1788769795.253,102.298,0.646,-3.076,2.022,-87.055,0.647,-3.051,2.013,-87.083,0.001,0.025,-0.009,0.026,0,weighted_average,kalman(weighted_average),false
1788769795.298,102.343,0.646,-3.075,2.020,-87.100,0.650,-3.042,2.008,-87.096,0.004,0.033,-0.012,0.035,0,weighted_average,kalman(weighted_average),false
1788769795.352,102.398,0.635,-3.070,2.023,-87.191,0.643,-3.042,2.010,-87.154,0.008,0.028,-0.013,0.032,0,weighted_average,kalman(weighted_average),false
1788769795.487,102.533,0.640,-3.076,2.008,-87.128,0.640,-3.063,2.005,-87.149,0.000,0.013,-0.003,0.013,0,weighted_average,kalman(weighted_average),false
1788769795.548,102.593,0.645,-3.065,2.016,-87.038,0.644,-3.068,2.013,-87.077,-0.002,-0.003,-0.003,0.005,0,weighted_average,kalman(weighted_average),false
1788769795.606,102.652,0.639,-3.068,2.011,-87.111,0.641,-3.071,2.013,-87.085,0.002,-0.003,0.002,0.004,0,weighted_average,kalman(weighted_average),false
1788769795.665,102.710,0.635,-3.066,2.008,-87.155,0.637,-3.069,2.010,-87.120,0.002,-0.004,0.002,0.004,0,weighted_average,kalman(weighted_average),false
1788769795.803,102.849,0.653,-3.063,2.006,-86.921,0.650,-3.064,2.006,-86.964,-0.003,-0.001,0.000,0.003,0,weighted_average,kalman(weighted_average),false
1788769795.853,102.899,0.644,-3.068,2.001,-87.094,0.648,-3.066,2.002,-87.025,0.004,0.002,0.001,0.004,0,weighted_average,kalman(weighted_average),false
1788769795.908,102.954,0.631,-3.080,2.001,-87.294,0.638,-3.075,2.001,-87.176,0.007,0.005,-0.001,0.008,0,weighted_average,kalman(weighted_average),false
1788769795.952,102.998,0.640,-3.084,1.999,-87.150,0.638,-3.082,1.999,-87.182,-0.002,0.002,-0.000,0.003,0,weighted_average,kalman(weighted_average),false
1788769796.003,103.049,0.648,-3.083,2.006,-87.049,0.643,-3.084,2.003,-87.129,-0.005,-0.002,-0.004,0.007,0,weighted_average,kalman(weighted_average),false
1788769796.138,103.184,0.596,-3.425,2.120,-87.080,0.603,-3.380,2.104,-87.093,0.007,0.045,-0.016,0.049,13,weighted_average,kalman(weighted_average),false
1788769796.191,103.236,0.606,-3.427,2.120,-86.929,0.599,-3.452,2.128,-86.985,-0.006,-0.025,0.009,0.028,13,weighted_average,kalman(weighted_average),false
1788769796.231,103.277,0.598,-3.430,2.121,-87.099,0.595,-3.471,2.135,-87.028,-0.003,-0.042,0.014,0.044,13,weighted_average,kalman(weighted_average),false
1788769796.291,103.337,0.604,-3.437,2.126,-86.988,0.597,-3.480,2.140,-86.997,-0.007,-0.043,0.014,0.046,13,weighted_average,kalman(weighted_average),false
1788769796.427,103.473,0.602,-3.452,2.121,-87.050,0.601,-3.468,2.128,-87.027,-0.002,-0.017,0.007,0.018,13,weighted_average,kalman(weighted_average),false
1788769796.482,103.528,0.605,-3.455,2.127,-87.052,0.604,-3.456,2.125,-87.046,-0.001,-0.001,-0.002,0.002,13,weighted_average,kalman(weighted_average),false
1788769796.540,103.586,0.610,-3.457,2.126,-87.035,0.609,-3.453,2.124,-87.045,-0.001,0.004,-0.002,0.005,13,weighted_average,kalman(weighted_average),false
1788769796.584,103.630,0.602,-3.472,2.125,-87.166,0.606,-3.462,2.123,-87.112,0.004,0.010,-0.001,0.011,13,weighted_average,kalman(weighted_average),false
1788769796.696,103.741,0.606,-3.479,2.119,-87.159,0.606,-3.476,2.119,-87.164,0.000,0.003,-0.000,0.003,13,weighted_average,kalman(weighted_average),false
1788769796.751,103.796,0.611,-3.476,2.131,-87.106,0.610,-3.478,2.127,-87.139,-0.001,-0.002,-0.004,0.005,13,weighted_average,kalman(weighted_average),false
1788769796.821,103.867,0.611,-3.483,2.117,-87.124,0.611,-3.483,2.120,-87.133,0.000,-0.000,0.004,0.004,13,weighted_average,kalman(weighted_average),false
1788769796.872,103.917,0.612,-3.484,2.119,-87.140,0.612,-3.485,2.119,-87.137,0.000,-0.001,0.000,0.001,13,weighted_average,kalman(weighted_average),false
1788769796.998,104.043,0.610,-3.487,2.117,-87.227,0.611,-3.488,2.116,-87.207,0.001,-0.001,-0.000,0.001,13,weighted_average,kalman(weighted_average),false
1788769797.057,104.103,0.617,-3.485,2.114,-87.122,0.615,-3.486,2.114,-87.163,-0.002,-0.001,0.000,0.002,13,weighted_average,kalman(weighted_average),false
1788769797.113,104.159,0.612,-3.486,2.117,-87.231,0.613,-3.486,2.116,-87.203,0.002,-0.000,-0.001,0.002,13,weighted_average,kalman(weighted_average),false
1788769797.179,104.225,0.613,-3.486,2.113,-87.225,0.613,-3.485,2.114,-87.223,0.000,0.000,0.001,0.001,13,weighted_average,kalman(weighted_average),false
1788769797.284,104.330,0.622,-3.480,2.109,-87.096,0.621,-3.481,2.109,-87.140,-0.002,-0.001,0.001,0.002,13,weighted_average,kalman(weighted_average),false
1788769797.333,104.379,0.622,-3.472,2.110,-87.151,0.622,-3.475,2.109,-87.136,0.001,-0.002,-0.001,0.002,13,weighted_average,kalman(weighted_average),false
1788769797.391,104.437,0.624,-3.470,2.096,-87.143,0.624,-3.470,2.100,-87.132,0.001,-0.000,0.004,0.004,13,weighted_average,kalman(weighted_average),false
1788769797.447,104.493,0.626,-3.467,2.102,-87.102,0.626,-3.467,2.100,-87.109,0.000,0.001,-0.003,0.003,13,weighted_average,kalman(weighted_average),false
1788769797.582,104.628,0.624,-3.460,2.097,-87.145,0.625,-3.459,2.097,-87.128,0.001,0.000,-0.001,0.001,13,weighted_average,kalman(weighted_average),false
1788769797.635,104.681,0.627,-3.452,2.101,-87.107,0.626,-3.454,2.099,-87.117,-0.001,-0.001,-0.002,0.002,13,weighted_average,kalman(weighted_average),false
1788769797.698,104.744,0.630,-3.443,2.100,-87.088,0.629,-3.444,2.100,-87.099,-0.001,-0.002,-0.000,0.002,13,weighted_average,kalman(weighted_average),false
1788769797.758,104.804,0.628,-3.442,2.095,-87.125,0.628,-3.441,2.097,-87.111,0.001,0.002,0.002,0.003,13,weighted_average,kalman(weighted_average),false
1788769797.872,104.918,0.628,-3.434,2.094,-87.075,0.629,-3.433,2.094,-87.085,0.000,0.001,0.000,0.001,13,weighted_average,kalman(weighted_average),false
1788769797.934,104.979,0.625,-3.427,2.094,-87.136,0.626,-3.428,2.094,-87.114,0.001,-0.001,-0.001,0.001,13,weighted_average,kalman(weighted_average),false
1788769797.984,105.030,0.626,-3.417,2.099,-87.095,0.626,-3.420,2.097,-87.105,-0.001,-0.002,-0.002,0.003,13,weighted_average,kalman(weighted_average),false
1788769798.038,105.084,0.625,-3.417,2.096,-87.094,0.625,-3.416,2.097,-87.099,-0.000,0.001,0.000,0.001,13,weighted_average,kalman(weighted_average),false
1788769798.172,105.217,0.622,-3.408,2.097,-87.066,0.622,-3.407,2.097,-87.072,0.000,0.001,0.000,0.001,13,weighted_average,kalman(weighted_average),false
1788769798.229,105.274,0.621,-3.401,2.094,-87.088,0.621,-3.402,2.095,-87.078,0.000,-0.001,0.001,0.001,13,weighted_average,kalman(weighted_average),false
1788769798.284,105.329,0.624,-3.399,2.093,-87.018,0.622,-3.398,2.094,-87.042,-0.001,0.000,0.000,0.001,13,weighted_average,kalman(weighted_average),false
1788769798.329,105.375,0.621,-3.398,2.091,-87.024,0.622,-3.397,2.091,-87.026,0.000,0.001,0.001,0.001,13,weighted_average,kalman(weighted_average),false
1788769798.444,105.490,0.620,-3.387,2.098,-87.049,0.620,-3.387,2.096,-87.033,0.000,-0.001,-0.002,0.002,13,weighted_average,kalman(weighted_average),false
1788769798.491,105.536,0.619,-3.383,2.098,-87.050,0.619,-3.383,2.098,-87.043,0.000,-0.000,-0.000,0.000,13,weighted_average,kalman(weighted_average),false
1788769798.549,105.594,0.616,-3.384,2.094,-87.073,0.617,-3.382,2.097,-87.062,0.001,0.002,0.002,0.003,13,weighted_average,kalman(weighted_average),false
1788769798.598,105.643,0.628,-3.379,2.087,-86.865,0.623,-3.379,2.091,-86.960,-0.005,-0.000,0.004,0.006,13,weighted_average,kalman(weighted_average),false
1788769798.713,105.759,0.636,-3.373,2.094,-86.713,0.635,-3.373,2.092,-86.760,-0.001,0.000,-0.002,0.002,13,weighted_average,kalman(weighted_average),false
1788769798.768,105.814,0.640,-3.372,2.087,-86.655,0.640,-3.371,2.089,-86.663,0.000,0.001,0.002,0.002,13,weighted_average,kalman(weighted_average),false
1788769798.820,105.865,0.640,-3.373,2.085,-86.625,0.642,-3.372,2.086,-86.606,0.002,0.001,0.001,0.002,13,weighted_average,kalman(weighted_average),false
1788769798.878,105.924,0.639,-3.375,2.087,-86.626,0.642,-3.373,2.086,-86.581,0.002,0.002,-0.001,0.003,13,weighted_average,kalman(weighted_average),false
1788769798.996,106.041,0.638,-3.375,2.088,-86.644,0.640,-3.375,2.087,-86.597,0.001,0.000,-0.001,0.001,13,weighted_average,kalman(weighted_average),false
1788769799.051,106.096,0.635,-3.376,2.086,-86.710,0.636,-3.376,2.087,-86.666,0.001,0.000,0.000,0.001,13,weighted_average,kalman(weighted_average),false
1788769799.104,106.149,0.635,-3.374,2.085,-86.734,0.635,-3.375,2.086,-86.715,-0.000,-0.001,0.001,0.001,13,weighted_average,kalman(weighted_average),false
1788769799.154,106.200,0.625,-3.382,2.080,-86.913,0.628,-3.380,2.082,-86.836,0.003,0.003,0.002,0.005,13,weighted_average,kalman(weighted_average),false
1788769799.266,106.312,0.623,-3.381,2.081,-87.009,0.622,-3.382,2.080,-87.001,-0.001,-0.001,-0.000,0.001,13,weighted_average,kalman(weighted_average),false
1788769799.320,106.366,0.617,-3.386,2.078,-87.135,0.618,-3.385,2.079,-87.112,0.001,0.001,0.000,0.001,13,weighted_average,kalman(weighted_average),false
1788769799.372,106.417,0.618,-3.387,2.082,-87.124,0.617,-3.387,2.080,-87.157,-0.001,0.000,-0.002,0.002,13,weighted_average,kalman(weighted_average),false
1788769799.423,106.468,0.621,-3.383,2.082,-87.156,0.618,-3.385,2.081,-87.189,-0.002,-0.003,-0.000,0.004,13,weighted_average,kalman(weighted_average),false
1788769799.480,106.526,0.623,-3.387,2.080,-87.095,0.621,-3.387,2.081,-87.166,-0.002,0.001,0.001,0.002,13,weighted_average,kalman(weighted_average),false
1788769799.603,106.649,0.626,-3.394,2.078,-87.068,0.625,-3.393,2.079,-87.108,-0.001,0.001,0.000,0.001,13,weighted_average,kalman(weighted_average),false
1788769799.653,106.699,0.624,-3.392,2.078,-87.143,0.625,-3.394,2.078,-87.123,0.001,-0.001,-0.000,0.001,13,weighted_average,kalman(weighted_average),false
1788769799.718,106.763,0.627,-3.391,2.080,-87.102,0.627,-3.392,2.079,-87.107,-0.000,-0.002,-0.001,0.002,13,weighted_average,kalman(weighted_average),false
1788769799.763,106.809,0.628,-3.391,2.076,-87.113,0.628,-3.391,2.077,-87.107,0.000,-0.001,0.001,0.001,13,weighted_average,kalman(weighted_average),false
1788769799.887,106.932,0.630,-3.393,2.081,-87.084,0.630,-3.392,2.080,-87.086,0.000,0.000,-0.001,0.001,13,weighted_average,kalman(weighted_average),false
1788769799.937,106.983,0.628,-3.394,2.078,-87.131,0.629,-3.393,2.079,-87.110,0.001,0.000,0.001,0.002,13,weighted_average,kalman(weighted_average),false
1788769799.991,107.036,0.625,-3.395,2.076,-87.196,0.626,-3.395,2.077,-87.161,0.001,0.000,0.001,0.002,13,weighted_average,kalman(weighted_average),false
1788769800.054,107.099,0.631,-3.392,2.071,-87.112,0.629,-3.393,2.072,-87.143,-0.002,-0.001,0.002,0.003,13,weighted_average,kalman(weighted_average),false
1788769800.186,107.232,0.628,-3.397,2.070,-87.128,0.628,-3.397,2.069,-87.134,0.000,0.001,-0.000,0.001,13,weighted_average,kalman(weighted_average),false
1788769800.249,107.294,0.629,-3.394,2.063,-87.147,0.629,-3.395,2.064,-87.142,-0.000,-0.001,0.001,0.002,13,weighted_average,kalman(weighted_average),false
1788769800.294,107.340,0.633,-3.394,2.065,-87.076,0.631,-3.394,2.064,-87.105,-0.001,-0.000,-0.001,0.002,13,weighted_average,kalman(weighted_average),false
1788769800.356,107.402,0.635,-3.389,2.066,-87.063,0.634,-3.391,2.065,-87.074,-0.001,-0.002,-0.002,0.002,13,weighted_average,kalman(weighted_average),false
1788769800.480,107.525,0.632,-3.386,2.067,-87.145,0.633,-3.386,2.067,-87.118,0.001,-0.000,-0.001,0.001,13,weighted_average,kalman(weighted_average),false
1788769800.529,107.574,0.634,-3.385,2.066,-87.102,0.633,-3.384,2.066,-87.113,-0.001,0.000,0.001,0.001,13,weighted_average,kalman(weighted_average),false
1788769800.581,107.626,0.634,-3.383,2.066,-87.092,0.634,-3.383,2.066,-87.104,-0.000,0.000,0.000,0.001,13,weighted_average,kalman(weighted_average),false
1788769800.635,107.681,0.633,-3.378,2.071,-87.145,0.633,-3.379,2.069,-87.127,0.001,-0.001,-0.002,0.002,13,weighted_average,kalman(weighted_average),false
1788769800.767,107.812,0.635,-3.376,2.069,-87.110,0.635,-3.376,2.069,-87.119,-0.000,0.000,0.001,0.001,13,weighted_average,kalman(weighted_average),false
1788769800.824,107.869,0.632,-3.378,2.067,-87.147,0.633,-3.377,2.067,-87.136,0.001,0.001,0.001,0.002,13,weighted_average,kalman(weighted_average),false
1788769800.876,107.922,0.630,-3.377,2.068,-87.188,0.631,-3.377,2.068,-87.169,0.001,-0.000,-0.001,0.001,13,weighted_average,kalman(weighted_average),false
1788769800.929,107.975,0.634,-3.375,2.068,-87.121,0.633,-3.376,2.068,-87.149,-0.002,-0.001,-0.000,0.002,13,weighted_average,kalman(weighted_average),false
1788769801.056,108.102,0.632,-3.378,2.057,-87.167,0.632,-3.377,2.058,-87.164,0.000,0.001,0.002,0.002,13,weighted_average,kalman(weighted_average),false
1788769801.104,108.149,0.636,-3.375,2.054,-87.122,0.634,-3.376,2.054,-87.141,-0.001,-0.001,0.000,0.002,13,weighted_average,kalman(weighted_average),false
1788769801.156,108.202,0.634,-3.376,2.053,-87.176,0.634,-3.376,2.052,-87.159,0.001,-0.000,-0.001,0.001,13,weighted_average,kalman(weighted_average),false
1788769801.212,108.258,0.641,-3.373,2.059,-87.043,0.638,-3.374,2.055,-87.096,-0.002,-0.001,-0.004,0.004,13,weighted_average,kalman(weighted_average),false
1788769801.312,108.358,0.639,-3.375,2.044,-87.105,0.640,-3.375,2.046,-87.090,0.001,0.001,0.002,0.002,13,weighted_average,kalman(weighted_average),false
1788769801.364,108.410,0.635,-3.380,2.050,-87.142,0.637,-3.378,2.047,-87.117,0.002,0.002,-0.003,0.004,13,weighted_average,kalman(weighted_average),false
1788769801.419,108.465,0.636,-3.380,2.050,-87.128,0.636,-3.380,2.049,-87.126,-0.000,-0.000,-0.002,0.002,13,weighted_average,kalman(weighted_average),false
1788769801.464,108.509,0.634,-3.383,2.042,-87.171,0.635,-3.382,2.045,-87.152,0.001,0.001,0.003,0.003,13,weighted_average,kalman(weighted_average),false
1788769801.516,108.562,0.636,-3.382,2.043,-87.150,0.635,-3.383,2.043,-87.157,-0.001,-0.001,-0.000,0.001,13,weighted_average,kalman(weighted_average),false
1788769801.619,108.665,0.637,-3.381,2.038,-87.122,0.637,-3.382,2.038,-87.140,-0.001,-0.001,0.000,0.001,13,weighted_average,kalman(weighted_average),false
1788769801.665,108.711,0.639,-3.380,2.036,-87.103,0.638,-3.381,2.036,-87.117,-0.000,-0.001,0.000,0.001,13,weighted_average,kalman(weighted_average),false
1788769801.712,108.758,0.633,-3.390,2.027,-87.127,0.636,-3.386,2.030,-87.118,0.002,0.004,0.003,0.005,13,weighted_average,kalman(weighted_average),false
1788769801.765,108.811,0.632,-3.391,2.028,-87.124,0.633,-3.390,2.027,-87.118,0.001,0.001,-0.001,0.002,13,weighted_average,kalman(weighted_average),false
1788769801.817,108.863,0.629,-3.399,2.027,-87.088,0.630,-3.396,2.026,-87.100,0.001,0.003,-0.001,0.003,13,weighted_average,kalman(weighted_average),false
1788769801.918,108.963,0.616,-3.414,2.026,-87.142,0.618,-3.412,2.025,-87.123,0.002,0.002,-0.001,0.003,13,weighted_average,kalman(weighted_average),false
1788769801.964,109.010,0.611,-3.422,2.025,-87.134,0.612,-3.421,2.025,-87.132,0.001,0.001,-0.000,0.001,13,weighted_average,kalman(weighted_average),false
1788769802.017,109.062,0.605,-3.427,2.019,-87.152,0.605,-3.428,2.021,-87.146,0.000,-0.001,0.002,0.002,13,weighted_average,kalman(weighted_average),false
1788769802.065,109.111,0.604,-3.432,2.018,-87.106,0.602,-3.433,2.018,-87.129,-0.002,-0.002,0.001,0.003,13,weighted_average,kalman(weighted_average),false
1788769802.116,109.162,0.602,-3.445,2.025,-86.925,0.600,-3.443,2.021,-87.024,-0.002,0.002,-0.004,0.005,13,weighted_average,kalman(weighted_average),false
1788769802.221,109.266,0.644,-3.159,1.926,-86.931,0.633,-3.222,1.946,-86.936,-0.011,-0.064,0.020,0.068,0,weighted_average,kalman(weighted_average),false
1788769802.265,109.311,0.614,-3.147,1.904,-87.332,0.625,-3.144,1.909,-87.146,0.011,0.003,0.004,0.012,0,weighted_average,kalman(weighted_average),false
1788769802.318,109.364,0.608,-3.164,1.909,-87.229,0.617,-3.120,1.895,-87.215,0.008,0.043,-0.014,0.046,0,weighted_average,kalman(weighted_average),false
1788769802.366,109.411,0.594,-3.179,1.916,-87.298,0.603,-3.133,1.898,-87.283,0.008,0.046,-0.018,0.050,0,weighted_average,kalman(weighted_average),false
1788769802.423,109.468,0.598,-3.179,1.906,-87.186,0.597,-3.149,1.897,-87.262,-0.001,0.030,-0.009,0.032,0,weighted_average,kalman(weighted_average),false
1788769802.520,109.565,0.579,-3.197,1.912,-87.189,0.580,-3.183,1.906,-87.231,0.002,0.014,-0.007,0.016,0,weighted_average,kalman(weighted_average),false
1788769802.574,109.620,0.566,-3.206,1.926,-87.296,0.568,-3.203,1.920,-87.269,0.002,0.003,-0.006,0.007,0,weighted_average,kalman(weighted_average),false
1788769802.630,109.676,0.545,-3.221,1.917,-87.533,0.549,-3.221,1.921,-87.426,0.004,0.000,0.004,0.006,0,weighted_average,kalman(weighted_average),false
1788769802.686,109.732,0.544,-3.235,1.923,-87.396,0.540,-3.236,1.924,-87.440,-0.003,-0.001,0.001,0.004,0,weighted_average,kalman(weighted_average),false
1788769802.781,109.827,0.506,-3.264,1.918,-87.564,0.509,-3.264,1.921,-87.551,0.003,-0.000,0.003,0.004,0,weighted_average,kalman(weighted_average),false
1788769802.835,109.881,0.504,-3.271,1.931,-87.520,0.500,-3.274,1.927,-87.556,-0.004,-0.003,-0.004,0.006,0,weighted_average,kalman(weighted_average),false
1788769802.884,109.929,0.489,-3.284,1.932,-87.514,0.489,-3.285,1.931,-87.548,-0.000,-0.001,-0.001,0.001,0,weighted_average,kalman(weighted_average),false
1788769802.934,109.979,0.487,-3.286,1.929,-87.459,0.483,-3.290,1.931,-87.511,-0.004,-0.004,0.002,0.006,0,weighted_average,kalman(weighted_average),false
1788769802.987,110.032,0.478,-3.301,1.922,-87.542,0.476,-3.300,1.926,-87.527,-0.002,0.001,0.004,0.005,0,weighted_average,kalman(weighted_average),false
1788769803.081,110.127,0.457,-3.330,1.917,-87.505,0.458,-3.327,1.918,-87.516,0.001,0.003,0.002,0.004,0,weighted_average,kalman(weighted_average),false
1788769803.133,110.178,0.457,-3.330,1.917,-87.505,0.454,-3.333,1.916,-87.509,-0.003,-0.004,-0.001,0.005,0,weighted_average,kalman(weighted_average),false
1788769803.185,110.231,0.463,-3.334,1.912,-87.226,0.457,-3.338,1.912,-87.350,-0.006,-0.004,0.000,0.007,0,weighted_average,kalman(weighted_average),false
1788769803.233,110.279,0.452,-3.342,1.920,-87.294,0.453,-3.344,1.916,-87.294,0.001,-0.001,-0.004,0.005,0,weighted_average,kalman(weighted_average),false
1788769803.284,110.329,0.439,-3.363,1.914,-87.280,0.443,-3.358,1.914,-87.258,0.005,0.005,0.000,0.007,0,weighted_average,kalman(weighted_average),false
1788769803.376,110.422,0.433,-3.366,1.907,-87.305,0.433,-3.368,1.909,-87.257,-0.000,-0.003,0.001,0.003,0,weighted_average,kalman(weighted_average),false
1788769803.425,110.470,0.437,-3.371,1.902,-87.128,0.433,-3.372,1.904,-87.176,-0.004,-0.001,0.001,0.004,0,weighted_average,kalman(weighted_average),false
1788769803.484,110.530,0.413,-3.388,1.914,-87.214,0.419,-3.385,1.909,-87.177,0.006,0.003,-0.005,0.008,0,weighted_average,kalman(weighted_average),false
1788769803.528,110.574,0.407,-3.398,1.901,-87.181,0.409,-3.396,1.904,-87.169,0.002,0.002,0.004,0.005,0,weighted_average,kalman(weighted_average),false
1788769803.587,110.633,0.384,-3.420,1.905,-87.346,0.389,-3.415,1.904,-87.255,0.005,0.005,-0.001,0.007,0,weighted_average,kalman(weighted_average),false
1788769803.685,110.730,0.368,-3.433,1.901,-87.385,0.367,-3.435,1.901,-87.355,-0.001,-0.002,0.000,0.002,0,weighted_average,kalman(weighted_average),false
1788769803.732,110.777,0.361,-3.443,1.913,-87.406,0.359,-3.444,1.908,-87.401,-0.002,-0.001,-0.005,0.005,0,weighted_average,kalman(weighted_average),false
1788769803.783,110.829,0.364,-3.445,1.907,-87.214,0.358,-3.448,1.909,-87.319,-0.006,-0.003,0.001,0.007,0,weighted_average,kalman(weighted_average),false
1788769803.832,110.878,0.360,-3.458,1.902,-87.178,0.357,-3.457,1.905,-87.244,-0.003,0.001,0.003,0.005,0,weighted_average,kalman(weighted_average),false
1788769803.889,110.935,0.340,-3.467,1.904,-87.323,0.345,-3.467,1.904,-87.272,0.005,0.000,0.000,0.005,0,weighted_average,kalman(weighted_average),false
1788769803.987,111.032,0.329,-3.480,1.896,-87.260,0.330,-3.481,1.898,-87.260,0.000,-0.001,0.002,0.002,0,weighted_average,kalman(weighted_average),false
1788769804.036,111.082,0.318,-3.490,1.898,-87.314,0.319,-3.489,1.897,-87.289,0.001,0.001,-0.001,0.002,0,weighted_average,kalman(weighted_average),false
1788769804.088,111.134,0.311,-3.497,1.904,-87.321,0.310,-3.497,1.900,-87.309,-0.000,-0.000,-0.004,0.004,0,weighted_average,kalman(weighted_average),false
1788769804.137,111.182,0.311,-3.507,1.892,-87.186,0.307,-3.506,1.896,-87.249,-0.004,0.001,0.004,0.005,0,weighted_average,kalman(weighted_average),false
1788769804.187,111.232,0.294,-3.511,1.901,-87.318,0.297,-3.512,1.898,-87.278,0.003,-0.001,-0.003,0.004,0,weighted_average,kalman(weighted_average),false
1788769804.282,111.328,0.096,-3.978,1.942,-88.964,0.297,-3.512,1.898,-88.398,0.201,0.466,-0.044,0.510,4,weighted_average,kalman(weighted_average),true
1788769804.330,111.375,0.126,-4.163,1.978,-89.873,0.297,-3.512,1.898,-89.396,0.171,0.651,-0.080,0.678,12,weighted_average,kalman(weighted_average),true
1788769804.382,111.428,0.075,-3.989,1.965,-89.010,0.091,-3.954,1.960,-89.477,0.016,0.035,-0.005,0.039,4,weighted_average,kalman(weighted_average),false
1788769804.431,111.476,0.074,-4.001,1.953,-88.941,0.060,-4.026,1.961,-89.388,-0.013,-0.025,0.008,0.030,4,weighted_average,kalman(weighted_average),false
1788769804.482,111.527,-1.540,-4.381,1.961,-106.067,0.060,-4.026,1.961,-98.155,1.600,0.355,0.000,1.639,12,weighted_average,kalman(weighted_average),true
1788769804.573,111.618,0.125,-4.163,2.040,-89.314,0.116,-4.143,2.029,-94.464,-0.009,0.020,-0.011,0.025,12,weighted_average,kalman(weighted_average),false
1788769804.625,111.671,0.209,-4.145,2.035,-88.388,0.184,-4.158,2.041,-90.887,-0.024,-0.013,0.006,0.028,12,weighted_average,kalman(weighted_average),false
1788769804.674,111.720,0.106,-4.209,1.857,-89.312,0.151,-4.200,1.934,-89.440,0.045,0.009,0.077,0.090,12,weighted_average,kalman(weighted_average),false
1788769804.727,111.773,0.207,-4.193,1.804,-88.225,0.189,-4.210,1.839,-88.103,-0.019,-0.017,0.034,0.042,12,weighted_average,kalman(weighted_average),false
1788769804.778,111.824,0.015,-4.198,2.198,-90.048,0.189,-4.210,1.839,-88.473,0.174,-0.012,-0.359,0.399,12,weighted_average,kalman(weighted_average),true
1788769804.867,111.912,-2.404,-4.285,1.199,-113.423,0.189,-4.210,1.839,-104.079,2.593,0.075,0.640,2.671,12,weighted_average,kalman(weighted_average),true
1788769804.917,111.963,-1.940,-4.389,1.184,-108.721,0.189,-4.210,1.839,-108.969,2.129,0.179,0.655,2.234,12,weighted_average,kalman(weighted_average),true
1788769804.967,112.013,0.023,-4.273,1.658,-89.659,0.032,-4.270,1.667,-100.892,0.009,0.003,0.009,0.013,12,weighted_average,kalman(weighted_average),false
1788769805.023,112.068,-2.299,-4.333,1.325,-112.113,0.032,-4.270,1.667,-107.191,2.331,0.063,0.342,2.357,12,weighted_average,kalman(weighted_average),true
1788769805.068,112.114,-0.048,-4.316,1.472,-90.226,-0.031,-4.306,1.513,-99.693,0.017,0.010,0.041,0.046,12,weighted_average,kalman(weighted_average),false
1788769805.165,112.211,0.174,-4.217,2.005,-87.935,-0.031,-4.306,1.513,-91.268,-0.205,-0.090,-0.491,0.540,12,weighted_average,kalman(weighted_average),true
1788769805.212,112.258,-0.101,-4.382,1.620,-90.725,-0.092,-4.373,1.607,-89.637,0.008,0.009,-0.013,0.018,12,weighted_average,kalman(weighted_average),false
1788769805.263,112.309,-0.053,-4.333,1.831,-90.182,-0.073,-4.355,1.765,-88.649,-0.021,-0.021,-0.066,0.073,12,weighted_average,kalman(weighted_average),false
1788769805.313,112.359,-1.222,-4.520,1.551,-101.406,-0.073,-4.355,1.765,-94.378,1.148,0.165,0.214,1.180,12,weighted_average,kalman(weighted_average),true
1788769805.363,112.409,-0.056,-4.333,1.876,-90.056,-0.060,-4.338,1.851,-92.462,-0.004,-0.005,-0.025,0.026,12,weighted_average,kalman(weighted_average),false
1788769805.458,112.504,-0.067,-4.354,2.045,-90.185,-0.063,-4.348,2.015,-90.799,0.004,0.006,-0.030,0.031,12,weighted_average,kalman(weighted_average),false
1788769805.508,112.554,0.152,-4.163,1.980,-88.178,0.077,-4.228,2.017,-89.012,-0.075,-0.065,0.038,0.106,11,weighted_average,kalman(weighted_average),false
1788769805.560,112.605,0.156,-4.166,1.977,-88.079,0.150,-4.169,2.009,-88.005,-0.006,-0.004,0.031,0.032,11,weighted_average,kalman(weighted_average),false
1788769805.606,112.651,0.152,-4.166,1.972,-88.028,0.176,-4.147,1.994,-87.554,0.024,0.019,0.022,0.038,11,weighted_average,kalman(weighted_average),false
1788769805.658,112.704,0.160,-4.169,1.982,-87.910,0.188,-4.143,1.989,-87.309,0.028,0.027,0.007,0.039,11,weighted_average,kalman(weighted_average),false
1788769805.757,112.802,0.139,-4.180,1.975,-88.133,0.165,-4.160,1.978,-87.459,0.026,0.019,0.003,0.032,11,weighted_average,kalman(weighted_average),false
1788769805.801,112.847,0.145,-4.187,1.972,-88.041,0.150,-4.179,1.973,-87.731,0.006,0.009,0.001,0.010,11,weighted_average,kalman(weighted_average),false
1788769805.865,112.910,0.156,-4.199,1.980,-87.950,0.150,-4.197,1.976,-87.860,-0.006,0.002,-0.005,0.008,11,weighted_average,kalman(weighted_average),false
1788769805.903,112.949,0.159,-4.202,1.986,-87.887,0.154,-4.204,1.981,-87.891,-0.005,-0.002,-0.005,0.007,11,weighted_average,kalman(weighted_average),false
1788769805.958,113.004,0.156,-4.199,1.973,-87.864,0.154,-4.206,1.977,-87.900,-0.001,-0.007,0.004,0.008,11,weighted_average,kalman(weighted_average),false
1788769806.054,113.099,0.140,-4.197,1.980,-87.999,0.144,-4.202,1.979,-87.985,0.003,-0.005,-0.001,0.006,11,weighted_average,kalman(weighted_average),false
1788769806.103,113.149,0.142,-4.209,1.987,-88.010,0.141,-4.206,1.985,-88.016,-0.001,0.003,-0.003,0.004,11,weighted_average,kalman(weighted_average),false
1788769806.154,113.200,0.132,-4.203,1.978,-88.079,0.134,-4.205,1.982,-88.068,0.002,-0.002,0.004,0.005,11,weighted_average,kalman(weighted_average),false
1788769806.205,113.251,0.140,-4.212,1.984,-87.952,0.135,-4.210,1.983,-88.026,-0.004,0.003,-0.001,0.005,11,weighted_average,kalman(weighted_average),false
1788769806.259,113.305,0.138,-4.214,1.989,-87.956,0.136,-4.213,1.987,-87.995,-0.002,0.001,-0.002,0.003,11,weighted_average,kalman(weighted_average),false
1788769806.351,113.397,0.136,-4.228,1.971,-87.948,0.136,-4.226,1.976,-87.962,-0.000,0.002,0.005,0.005,11,weighted_average,kalman(weighted_average),false
1788769806.402,113.447,0.132,-4.234,1.966,-87.954,0.133,-4.233,1.968,-87.952,0.001,0.001,0.002,0.002,11,weighted_average,kalman(weighted_average),false
1788769806.455,113.501,0.131,-4.236,1.965,-87.937,0.131,-4.237,1.963,-87.938,0.000,-0.001,-0.001,0.002,11,weighted_average,kalman(weighted_average),false
1788769806.504,113.549,0.120,-4.229,1.967,-87.932,0.124,-4.234,1.963,-87.929,0.004,-0.006,-0.003,0.007,11,weighted_average,kalman(weighted_average),false
1788769806.557,113.602,0.127,-4.246,1.964,-87.915,0.124,-4.242,1.963,-87.916,-0.003,0.004,-0.002,0.005,11,weighted_average,kalman(weighted_average),false
1788769806.653,113.699,0.110,-4.243,1.977,-88.027,0.113,-4.245,1.973,-87.983,0.002,-0.002,-0.004,0.005,11,weighted_average,kalman(weighted_average),false
1788769806.699,113.745,0.104,-4.246,1.968,-88.022,0.105,-4.246,1.971,-88.013,0.001,-0.000,0.003,0.003,11,weighted_average,kalman(weighted_average),false
1788769806.753,113.798,0.094,-4.247,1.973,-88.135,0.096,-4.247,1.973,-88.092,0.002,-0.000,0.000,0.002,11,weighted_average,kalman(weighted_average),false
1788769806.799,113.845,0.103,-4.260,1.965,-88.002,0.097,-4.255,1.969,-88.064,-0.006,0.005,0.004,0.008,11,weighted_average,kalman(weighted_average),false
1788769806.854,113.899,0.102,-4.263,1.969,-87.997,0.099,-4.262,1.968,-88.039,-0.004,0.001,-0.000,0.004,11,weighted_average,kalman(weighted_average),false
1788769806.948,113.994,0.097,-4.277,1.966,-88.024,0.096,-4.275,1.966,-88.031,-0.000,0.001,0.000,0.001,11,weighted_average,kalman(weighted_average),false
1788769806.997,114.043,0.094,-4.275,1.976,-88.026,0.094,-4.277,1.972,-88.027,0.000,-0.003,-0.004,0.005,11,weighted_average,kalman(weighted_average),false
1788769807.052,114.098,0.092,-4.276,1.968,-87.946,0.092,-4.279,1.971,-87.981,0.000,-0.002,0.002,0.003,11,weighted_average,kalman(weighted_average),false
1788769807.100,114.146,0.074,-4.287,1.964,-88.163,0.081,-4.285,1.967,-88.068,0.006,0.002,0.003,0.007,11,weighted_average,kalman(weighted_average),false
1788769807.149,114.195,0.076,-4.295,1.963,-88.156,0.076,-4.292,1.964,-88.122,-0.001,0.002,0.001,0.003,11,weighted_average,kalman(weighted_average),false
1788769807.253,114.299,0.071,-4.303,1.966,-88.149,0.069,-4.304,1.965,-88.161,-0.002,-0.000,-0.002,0.002,11,weighted_average,kalman(weighted_average),false
1788769807.299,114.344,0.073,-4.304,1.966,-88.084,0.071,-4.305,1.965,-88.126,-0.002,-0.002,-0.000,0.003,11,weighted_average,kalman(weighted_average),false
1788769807.348,114.393,0.079,-4.314,1.977,-88.005,0.075,-4.312,1.973,-88.061,-0.004,0.002,-0.004,0.006,11,weighted_average,kalman(weighted_average),false
1788769807.401,114.446,0.074,-4.314,1.983,-88.053,0.075,-4.316,1.980,-88.046,0.001,-0.001,-0.003,0.003,11,weighted_average,kalman(weighted_average),false
1788769807.454,114.499,0.073,-4.315,1.981,-87.976,0.074,-4.317,1.983,-87.999,0.001,-0.002,0.002,0.003,11,weighted_average,kalman(weighted_average),false
1788769807.550,114.595,0.057,-4.316,1.973,-88.098,0.061,-4.317,1.977,-88.048,0.004,-0.001,0.004,0.006,11,weighted_average,kalman(weighted_average),false
1788769807.595,114.640,0.072,-4.336,1.990,-87.959,0.066,-4.329,1.985,-88.001,-0.006,0.007,-0.005,0.010,11,weighted_average,kalman(weighted_average),false
1788769807.648,114.694,0.068,-4.339,1.988,-87.998,0.067,-4.338,1.988,-87.994,-0.001,0.001,-0.000,0.002,11,weighted_average,kalman(weighted_average),false
1788769807.697,114.743,0.067,-4.342,1.987,-87.982,0.067,-4.343,1.988,-87.983,-0.000,-0.001,0.001,0.002,11,weighted_average,kalman(weighted_average),false
1788769807.749,114.794,0.069,-4.355,1.987,-87.964,0.068,-4.353,1.988,-87.968,-0.001,0.002,0.001,0.003,11,weighted_average,kalman(weighted_average),false
1788769807.849,114.895,0.061,-4.359,1.982,-87.985,0.063,-4.361,1.984,-87.972,0.002,-0.002,0.002,0.003,11,weighted_average,kalman(weighted_average),false
1788769807.895,114.941,0.060,-4.366,1.990,-88.021,0.060,-4.366,1.987,-87.999,0.000,0.000,-0.003,0.003,11,weighted_average,kalman(weighted_average),false
1788769807.962,115.008,0.047,-4.368,1.987,-88.141,0.050,-4.369,1.987,-88.089,0.003,-0.001,0.000,0.003,11,weighted_average,kalman(weighted_average),false
1788769808.027,115.073,0.050,-4.375,2.006,-88.104,0.048,-4.375,2.000,-88.117,-0.002,0.000,-0.006,0.006,11,weighted_average,kalman(weighted_average),false
1788769808.149,115.195,0.055,-4.391,1.992,-88.018,0.052,-4.390,1.996,-88.058,-0.002,0.001,0.003,0.004,11,weighted_average,kalman(weighted_average),false
1788769808.195,115.241,0.047,-4.390,2.016,-88.112,0.049,-4.392,2.008,-88.084,0.002,-0.002,-0.008,0.008,11,weighted_average,kalman(weighted_average),false
1788769808.239,115.285,0.042,-4.395,1.991,-88.143,0.045,-4.396,2.000,-88.115,0.003,-0.000,0.008,0.009,11,weighted_average,kalman(weighted_average),false
1788769808.304,115.349,0.055,-4.405,2.000,-88.013,0.050,-4.403,2.000,-88.062,-0.004,0.001,-0.001,0.005,11,weighted_average,kalman(weighted_average),false
1788769808.427,115.473,-0.447,-4.663,1.754,-92.575,0.050,-4.403,2.000,-91.514,0.498,0.259,0.246,0.613,12,weighted_average,kalman(weighted_average),true
1788769808.479,115.525,-1.520,-4.721,1.825,-102.504,0.050,-4.403,2.000,-98.757,1.570,0.318,0.175,1.611,12,weighted_average,kalman(weighted_average),true
1788769808.537,115.583,0.041,-4.401,2.011,-88.094,0.041,-4.401,2.011,-94.053,0.000,-0.000,-0.000,0.001,11,weighted_average,kalman(weighted_average),false
1788769808.580,115.625,0.050,-4.415,2.016,-88.047,0.046,-4.410,2.015,-91.030,-0.004,0.006,-0.001,0.007,11,weighted_average,kalman(weighted_average),false
1788769808.632,115.677,0.048,-4.418,2.016,-88.063,0.047,-4.416,2.017,-89.048,-0.001,0.002,0.001,0.003,11,weighted_average,kalman(weighted_average),false
1788769808.758,115.804,0.019,-4.580,1.783,-88.177,0.023,-4.558,1.819,-87.610,0.005,0.023,0.036,0.042,12,weighted_average,kalman(weighted_average),false
1788769808.810,115.855,0.056,-4.428,2.018,-88.014,0.042,-4.488,1.927,-87.604,-0.014,-0.060,-0.090,0.109,11,weighted_average,kalman(weighted_average),false
1788769808.873,115.919,0.047,-4.425,2.019,-88.120,0.047,-4.446,1.991,-87.715,-0.000,-0.020,-0.028,0.035,11,weighted_average,kalman(weighted_average),false
1788769808.920,115.965,0.047,-4.420,2.014,-88.096,0.048,-4.424,2.016,-87.843,0.001,-0.003,0.001,0.004,11,weighted_average,kalman(weighted_average),false
1788769809.045,116.091,0.047,-4.411,2.027,-88.090,0.048,-4.405,2.036,-87.982,0.001,0.006,0.009,0.011,11,weighted_average,kalman(weighted_average),false
1788769809.102,116.148,0.057,-4.419,2.026,-87.999,0.054,-4.412,2.032,-88.009,-0.003,0.006,0.005,0.009,11,weighted_average,kalman(weighted_average),false
1788769809.142,116.188,0.052,-4.418,2.026,-88.068,0.054,-4.415,2.028,-88.052,0.002,0.002,0.003,0.004,11,weighted_average,kalman(weighted_average),false
1788769809.198,116.243,0.042,-4.402,2.035,-88.145,0.047,-4.408,2.032,-88.122,0.005,-0.005,-0.003,0.008,11,weighted_average,kalman(weighted_average),false
1788769809.249,116.295,0.056,-4.411,2.042,-88.029,0.052,-4.409,2.039,-88.096,-0.004,0.002,-0.003,0.006,11,weighted_average,kalman(weighted_average),false
1788769809.362,116.407,0.052,-4.408,2.008,-88.072,0.053,-4.408,2.015,-88.092,0.000,0.000,0.007,0.007,11,weighted_average,kalman(weighted_average),false
1788769809.415,116.461,0.041,-4.397,2.035,-88.214,0.045,-4.400,2.026,-88.168,0.004,-0.003,-0.010,0.011,11,weighted_average,kalman(weighted_average),false
1788769809.463,116.509,0.047,-4.399,2.028,-88.150,0.045,-4.398,2.027,-88.170,-0.002,0.001,-0.001,0.002,11,weighted_average,kalman(weighted_average),false
1788769809.517,116.563,0.052,-4.409,2.017,-88.146,0.049,-4.403,2.021,-88.167,-0.004,0.005,0.004,0.008,11,weighted_average,kalman(weighted_average),false
1788769809.658,116.703,0.057,-4.401,2.011,-88.095,0.056,-4.402,2.011,-88.116,-0.001,-0.001,0.000,0.001,11,weighted_average,kalman(weighted_average),false
1788769809.719,116.764,0.054,-4.395,1.994,-88.072,0.056,-4.396,1.998,-88.080,0.001,-0.002,0.004,0.004,11,weighted_average,kalman(weighted_average),false
1788769809.763,116.809,0.049,-4.392,2.007,-88.171,0.052,-4.393,2.001,-88.122,0.003,-0.001,-0.006,0.007,11,weighted_average,kalman(weighted_average),false
1788769809.820,116.866,0.050,-4.396,2.007,-88.180,0.051,-4.394,2.003,-88.154,0.000,0.003,-0.003,0.004,11,weighted_average,kalman(weighted_average),false
1788769809.932,116.977,0.052,-4.392,2.013,-88.165,0.051,-4.392,2.011,-88.169,-0.001,0.000,-0.002,0.002,11,weighted_average,kalman(weighted_average),false
1788769809.985,117.031,0.050,-4.395,2.017,-88.223,0.050,-4.394,2.016,-88.205,0.001,0.001,-0.001,0.001,11,weighted_average,kalman(weighted_average),false
1788769810.043,117.088,0.065,-4.405,2.017,-88.069,0.060,-4.402,2.018,-88.134,-0.005,0.004,0.001,0.007,11,weighted_average,kalman(weighted_average),false
1788769810.101,117.147,0.056,-4.398,2.012,-88.150,0.059,-4.401,2.015,-88.136,0.003,-0.003,0.004,0.005,11,weighted_average,kalman(weighted_average),false
1788769810.208,117.253,-2.118,-4.613,1.484,-108.207,0.059,-4.401,2.015,-102.519,2.177,0.213,0.531,2.251,12,weighted_average,kalman(weighted_average),true
1788769810.275,117.321,0.057,-4.405,2.008,-88.187,0.057,-4.405,2.009,-95.491,0.000,0.000,0.001,0.001,11,weighted_average,kalman(weighted_average),false
1788769810.336,117.382,0.049,-4.397,1.999,-88.225,0.051,-4.400,2.001,-91.163,0.002,-0.003,0.002,0.004,11,weighted_average,kalman(weighted_average),false
1788769810.379,117.425,0.049,-4.400,2.004,-88.240,0.049,-4.400,2.002,-89.062,-0.000,0.001,-0.003,0.003,11,weighted_average,kalman(weighted_average),false
1788769810.490,117.536,0.041,-4.410,2.002,-88.380,0.042,-4.408,2.001,-87.494,0.000,0.002,-0.001,0.003,11,weighted_average,kalman(weighted_average),false
1788769810.533,117.579,-2.249,-4.593,1.168,-109.301,0.042,-4.408,2.001,-99.658,2.290,0.185,0.834,2.444,12,weighted_average,kalman(weighted_average),true
1788769810.602,117.647,0.059,-4.411,2.010,-87.894,0.057,-4.410,2.009,-94.509,-0.003,0.001,-0.001,0.003,11,weighted_average,kalman(weighted_average),false
1788769810.662,117.707,0.044,-4.406,2.005,-87.929,0.050,-4.408,2.007,-90.692,0.006,-0.002,0.002,0.007,11,weighted_average,kalman(weighted_average),false
1788769810.798,117.843,-0.967,-4.742,1.511,-96.945,0.050,-4.408,2.007,-94.962,1.017,0.334,0.496,1.180,12,weighted_average,kalman(weighted_average),true
1788769810.855,117.901,0.039,-4.416,1.983,-87.228,0.040,-4.416,1.984,-90.526,0.001,0.001,0.001,0.002,11,weighted_average,kalman(weighted_average),false
1788769810.911,117.956,0.044,-4.416,1.992,-86.961,0.042,-4.417,1.987,-88.068,-0.002,-0.001,-0.005,0.006,11,weighted_average,kalman(weighted_average),false
1788769810.953,117.999,-1.074,-4.679,2.154,-96.945,0.042,-4.417,1.987,-92.159,1.115,0.262,-0.168,1.158,12,weighted_average,kalman(weighted_average),true
1788769810.999,118.045,-1.769,-4.675,1.888,-103.180,0.042,-4.417,1.987,-97.944,1.810,0.258,0.099,1.831,12,weighted_average,kalman(weighted_average),true
1788769811.102,118.147,0.037,-4.408,1.974,-86.299,0.037,-4.409,1.975,-91.572,0.000,-0.001,0.001,0.001,11,weighted_average,kalman(weighted_average),false
1788769811.152,118.197,0.039,-4.405,1.976,-86.155,0.038,-4.405,1.975,-87.749,-0.001,-0.001,-0.001,0.002,11,weighted_average,kalman(weighted_average),false
1788769811.206,118.252,0.034,-4.404,1.991,-86.253,0.035,-4.403,1.984,-85.764,0.001,0.001,-0.006,0.007,11,weighted_average,kalman(weighted_average),false
1788769811.263,118.309,0.041,-4.402,1.977,-86.100,0.038,-4.401,1.981,-84.865,-0.003,0.000,0.004,0.005,11,weighted_average,kalman(weighted_average),false
1788769811.374,118.420,-1.143,-4.732,1.585,-96.884,0.038,-4.401,1.981,-92.563,1.182,0.331,0.396,1.289,12,weighted_average,kalman(weighted_average),true
1788769811.435,118.481,0.046,-4.410,1.965,-85.865,0.046,-4.409,1.966,-89.331,-0.001,0.001,0.001,0.002,11,weighted_average,kalman(weighted_average),false
1788769811.493,118.539,0.585,-4.055,1.299,-76.466,0.046,-4.409,1.966,-81.768,-0.540,-0.354,0.667,0.928,10,weighted_average,kalman(weighted_average),true
1788769811.548,118.594,0.543,-4.078,1.289,-77.202,0.046,-4.409,1.966,-77.980,-0.497,-0.331,0.677,0.903,10,weighted_average,kalman(weighted_average),true
1788769811.666,118.711,0.049,-4.405,1.975,-85.816,0.049,-4.405,1.975,-82.072,-0.000,-0.000,-0.000,0.001,11,weighted_average,kalman(weighted_average),false
1788769811.718,118.764,0.046,-4.404,1.969,-85.858,0.047,-4.404,1.971,-84.745,0.001,-0.000,0.003,0.003,11,weighted_average,kalman(weighted_average),false
1788769811.766,118.812,0.047,-4.409,1.966,-85.889,0.047,-4.407,1.968,-86.021,0.000,0.002,0.002,0.003,11,weighted_average,kalman(weighted_average),false
1788769811.819,118.864,0.041,-4.403,1.961,-85.882,0.043,-4.405,1.963,-86.641,0.002,-0.002,0.002,0.003,11,weighted_average,kalman(weighted_average),false
1788769811.874,118.919,0.032,-4.399,1.960,-85.994,0.036,-4.401,1.960,-86.854,0.003,-0.002,-0.000,0.004,11,weighted_average,kalman(weighted_average),false
1788769811.986,119.031,0.050,-4.408,1.953,-86.262,0.046,-4.406,1.953,-86.904,-0.004,0.002,-0.000,0.005,11,weighted_average,kalman(weighted_average),false
1788769812.038,119.083,0.062,-4.397,1.940,-86.304,0.058,-4.400,1.943,-86.618,-0.004,-0.004,0.003,0.006,11,weighted_average,kalman(weighted_average),false
1788769812.082,119.128,0.057,-4.395,1.953,-86.481,0.060,-4.396,1.947,-86.551,0.003,-0.002,-0.006,0.007,11,weighted_average,kalman(weighted_average),false
1788769812.132,119.178,0.052,-4.394,1.950,-86.587,0.058,-4.394,1.948,-86.564,0.005,0.000,-0.002,0.006,11,weighted_average,kalman(weighted_average),false
1788769812.185,119.231,0.047,-4.391,1.940,-86.638,0.052,-4.391,1.943,-86.601,0.005,-0.000,0.003,0.006,11,weighted_average,kalman(weighted_average),false
1788769812.296,119.341,0.061,-4.400,1.935,-86.512,0.059,-4.397,1.936,-86.544,-0.002,0.003,0.000,0.004,11,weighted_average,kalman(weighted_average),false
1788769812.347,119.392,0.055,-4.397,1.927,-86.592,0.057,-4.398,1.929,-86.565,0.002,-0.001,0.002,0.003,11,weighted_average,kalman(weighted_average),false
1788769812.395,119.440,0.056,-4.394,1.947,-86.585,0.057,-4.396,1.938,-86.575,0.001,-0.002,-0.009,0.009,11,weighted_average,kalman(weighted_average),false
1788769812.449,119.495,0.051,-4.387,1.940,-86.604,0.053,-4.390,1.940,-86.591,0.002,-0.003,-0.000,0.004,11,weighted_average,kalman(weighted_average),false
1788769812.501,119.547,0.056,-4.393,1.947,-86.598,0.054,-4.391,1.945,-86.598,-0.002,0.002,-0.003,0.004,11,weighted_average,kalman(weighted_average),false
1788769812.632,119.678,0.051,-4.393,1.948,-86.675,0.051,-4.392,1.949,-86.661,0.000,0.001,0.001,0.001,11,weighted_average,kalman(weighted_average),false
1788769812.677,119.723,0.055,-4.391,1.949,-86.612,0.053,-4.391,1.949,-86.640,-0.002,-0.001,0.001,0.002,11,weighted_average,kalman(weighted_average),false
1788769812.734,119.779,-1.127,-4.724,1.597,-97.516,0.053,-4.391,1.949,-92.957,1.180,0.333,0.353,1.275,12,weighted_average,kalman(weighted_average),true
1788769812.769,119.815,-0.667,-4.606,2.277,-93.358,0.053,-4.391,1.949,-93.977,0.720,0.214,-0.328,0.820,12,weighted_average,kalman(weighted_average),true
1788769812.836,119.881,-0.097,-4.529,2.102,-87.887,-0.081,-4.514,2.085,-91.750,0.017,0.015,-0.017,0.028,12,weighted_average,kalman(weighted_average),false
1788769812.956,120.001,0.063,-4.399,1.945,-86.557,0.026,-4.430,1.981,-88.024,-0.037,-0.031,0.037,0.061,11,weighted_average,kalman(weighted_average),false
1788769813.008,120.053,0.050,-4.386,1.948,-86.673,0.056,-4.389,1.945,-86.703,0.006,-0.003,-0.003,0.007,11,weighted_average,kalman(weighted_average),false
1788769813.063,120.109,0.058,-4.395,1.939,-86.596,0.071,-4.379,1.927,-86.054,0.013,0.015,-0.012,0.024,11,weighted_average,kalman(weighted_average),false
1788769813.114,120.160,0.056,-4.395,1.944,-86.641,0.071,-4.380,1.927,-85.921,0.015,0.015,-0.017,0.027,11,weighted_average,kalman(weighted_average),false
1788769813.164,120.210,0.063,-4.393,1.945,-86.532,0.072,-4.383,1.932,-85.922,0.009,0.010,-0.013,0.018,11,weighted_average,kalman(weighted_average),false
1788769813.296,120.342,0.056,-4.386,1.949,-86.622,0.061,-4.384,1.944,-86.193,0.005,0.002,-0.005,0.008,11,weighted_average,kalman(weighted_average),false
1788769813.349,120.395,0.055,-4.387,1.951,-86.643,0.055,-4.386,1.951,-86.498,0.000,0.001,-0.000,0.001,11,weighted_average,kalman(weighted_average),false
1788769813.405,120.450,0.065,-4.388,1.952,-86.563,0.059,-4.388,1.954,-86.604,-0.005,-0.000,0.002,0.006,11,weighted_average,kalman(weighted_average),false
1788769813.459,120.504,0.055,-4.386,1.943,-86.873,0.056,-4.387,1.949,-86.815,0.001,-0.001,0.006,0.006,11,weighted_average,kalman(weighted_average),false
1788769813.572,120.617,0.062,-4.394,1.946,-87.092,0.060,-4.393,1.947,-87.109,-0.002,0.001,0.001,0.002,11,weighted_average,kalman(weighted_average),false
1788769813.623,120.669,0.059,-4.394,1.938,-87.169,0.060,-4.394,1.941,-87.201,0.001,-0.000,0.003,0.003,11,weighted_average,kalman(weighted_average),false
1788769813.675,120.720,0.062,-4.389,1.940,-87.114,0.062,-4.392,1.939,-87.206,-0.001,-0.003,-0.001,0.003,11,weighted_average,kalman(weighted_average),false
1788769813.720,120.766,0.059,-4.395,1.947,-87.240,0.061,-4.394,1.943,-87.257,0.002,0.001,-0.004,0.005,11,weighted_average,kalman(weighted_average),false
1788769813.779,120.825,0.058,-4.397,1.955,-87.295,0.059,-4.396,1.951,-87.315,0.001,0.001,-0.004,0.005,11,weighted_average,kalman(weighted_average),false
1788769813.901,120.946,0.067,-4.395,1.945,-87.141,0.065,-4.396,1.947,-87.222,-0.002,-0.001,0.002,0.003,11,weighted_average,kalman(weighted_average),false
1788769813.943,120.989,0.054,-4.388,1.958,-87.298,0.059,-4.391,1.953,-87.258,0.005,-0.003,-0.004,0.007,11,weighted_average,kalman(weighted_average),false
1788769813.995,121.041,0.058,-4.390,1.952,-87.248,0.058,-4.390,1.953,-87.252,-0.000,0.000,0.001,0.001,11,weighted_average,kalman(weighted_average),false
1788769814.049,121.095,0.058,-4.391,1.953,-87.267,0.057,-4.390,1.953,-87.258,-0.000,0.001,0.001,0.001,11,weighted_average,kalman(weighted_average),false
1788769814.158,121.204,0.060,-4.395,1.944,-87.278,0.059,-4.394,1.946,-87.272,-0.001,0.001,0.002,0.002,11,weighted_average,kalman(weighted_average),false
1788769814.218,121.264,0.065,-4.396,1.956,-87.265,0.063,-4.396,1.952,-87.270,-0.002,0.000,-0.004,0.004,11,weighted_average,kalman(weighted_average),false
1788769814.268,121.314,0.065,-4.396,1.956,-87.265,0.065,-4.396,1.954,-87.268,0.000,-0.001,-0.001,0.001,11,weighted_average,kalman(weighted_average),false
1788769814.317,121.362,0.053,-4.384,1.954,-87.372,0.058,-4.389,1.955,-87.323,0.006,-0.006,0.001,0.008,11,weighted_average,kalman(weighted_average),false
1788769814.370,121.416,-2.140,-4.614,1.157,-107.579,0.058,-4.389,1.955,-98.093,2.198,0.225,0.798,2.349,12,weighted_average,kalman(weighted_average),true
1788769814.489,121.535,0.064,-4.395,1.970,-87.329,0.063,-4.395,1.968,-92.510,-0.001,0.001,-0.002,0.002,11,weighted_average,kalman(weighted_average),false
1788769814.542,121.588,0.062,-4.390,1.953,-87.302,0.063,-4.392,1.959,-88.777,0.001,-0.002,0.006,0.007,11,weighted_average,kalman(weighted_average),false
1788769814.601,121.646,0.064,-4.395,1.965,-87.326,0.064,-4.394,1.963,-86.881,0.000,0.001,-0.002,0.003,11,weighted_average,kalman(weighted_average),false
1788769814.654,121.700,0.067,-4.391,1.962,-87.261,0.066,-4.393,1.963,-86.186,-0.001,-0.001,0.000,0.002,11,weighted_average,kalman(weighted_average),false
1788769814.791,121.837,0.063,-4.391,1.961,-87.339,0.064,-4.391,1.962,-86.263,0.001,-0.000,0.000,0.001,11,weighted_average,kalman(weighted_average),false
1788769814.844,121.890,0.062,-4.389,1.953,-87.346,0.062,-4.389,1.955,-86.925,-0.000,-0.000,0.003,0.003,11,weighted_average,kalman(weighted_average),false
1788769814.900,121.946,0.064,-4.390,1.944,-87.316,0.063,-4.390,1.947,-87.250,-0.001,0.001,0.003,0.003,11,weighted_average,kalman(weighted_average),false
1788769814.942,121.988,0.061,-4.393,1.944,-87.397,0.062,-4.391,1.944,-87.423,0.001,0.002,-0.001,0.002,11,weighted_average,kalman(weighted_average),false
1788769814.995,122.041,0.066,-4.392,1.945,-87.327,0.064,-4.392,1.943,-87.486,-0.002,0.000,-0.003,0.003,11,weighted_average,kalman(weighted_average),false
1788769815.118,122.164,0.062,-4.389,1.945,-87.401,0.062,-4.389,1.943,-87.526,0.001,-0.001,-0.002,0.002,11,weighted_average,kalman(weighted_average),false
1788769815.180,122.225,0.063,-4.388,1.945,-87.388,0.062,-4.388,1.945,-87.453,-0.000,0.000,-0.000,0.000,11,weighted_average,kalman(weighted_average),false
1788769815.220,122.266,0.053,-4.377,1.947,-87.477,0.057,-4.381,1.947,-87.464,0.004,-0.004,-0.001,0.006,11,weighted_average,kalman(weighted_average),false
1788769815.279,122.324,0.065,-4.385,1.947,-87.369,0.061,-4.382,1.948,-87.412,-0.004,0.003,0.000,0.005,11,weighted_average,kalman(weighted_average),false
1788769815.416,122.461,0.070,-4.387,1.933,-87.300,0.069,-4.386,1.935,-87.313,-0.001,0.001,0.002,0.003,11,weighted_average,kalman(weighted_average),false
1788769815.468,122.513,0.074,-4.385,1.940,-87.248,0.073,-4.386,1.937,-87.259,-0.001,-0.001,-0.003,0.003,11,weighted_average,kalman(weighted_average),false
1788769815.518,122.564,0.057,-4.378,1.925,-87.417,0.064,-4.382,1.929,-87.331,0.007,-0.003,0.004,0.009,11,weighted_average,kalman(weighted_average),false
1788769815.572,122.618,0.070,-4.387,1.931,-87.301,0.067,-4.385,1.928,-87.314,-0.003,0.003,-0.003,0.005,11,weighted_average,kalman(weighted_average),false
1788769815.695,122.741,0.067,-4.384,1.941,-87.358,0.067,-4.385,1.938,-87.344,0.000,-0.000,-0.003,0.003,11,weighted_average,kalman(weighted_average),false
1788769815.747,122.793,0.061,-4.380,1.933,-87.398,0.063,-4.381,1.936,-87.381,0.002,-0.002,0.003,0.004,11,weighted_average,kalman(weighted_average),false
1788769815.799,122.845,0.056,-4.375,1.921,-87.424,0.057,-4.377,1.927,-87.414,0.002,-0.002,0.006,0.006,11,weighted_average,kalman(weighted_average),false
1788769815.852,122.898,0.056,-4.375,1.915,-87.409,0.055,-4.375,1.918,-87.422,-0.001,0.001,0.003,0.003,11,weighted_average,kalman(weighted_average),false
1788769815.972,123.018,0.060,-4.380,1.912,-87.351,0.058,-4.378,1.911,-87.380,-0.002,0.002,-0.001,0.003,11,weighted_average,kalman(weighted_average),false
1788769816.035,123.081,0.055,-4.381,1.920,-87.437,0.056,-4.380,1.917,-87.412,0.001,0.000,-0.004,0.004,11,weighted_average,kalman(weighted_average),false
1788769816.078,123.124,0.059,-4.379,1.890,-87.309,0.058,-4.380,1.901,-87.357,-0.001,-0.001,0.011,0.011,11,weighted_average,kalman(weighted_average),false
1788769816.125,123.171,0.060,-4.385,1.911,-87.353,0.059,-4.383,1.905,-87.348,-0.001,0.002,-0.007,0.007,11,weighted_average,kalman(weighted_average),false
1788769816.178,123.224,-0.086,-4.529,2.079,-88.568,-0.028,-4.472,2.009,-87.984,0.058,0.057,-0.070,0.107,12,weighted_average,kalman(weighted_average),false
1788769816.290,123.336,-0.700,-4.644,1.051,-94.248,-0.028,-4.472,2.009,-92.610,0.671,0.172,0.958,1.183,12,weighted_average,kalman(weighted_average),true
1788769816.346,123.392,-1.218,-4.708,1.448,-99.082,-0.028,-4.472,2.009,-97.316,1.189,0.235,0.562,1.336,12,weighted_average,kalman(weighted_average),true
1788769816.405,123.450,0.052,-4.376,1.914,-87.326,0.048,-4.381,1.919,-92.716,-0.004,-0.005,0.005,0.008,11,weighted_average,kalman(weighted_average),false
1788769816.451,123.497,0.050,-4.369,1.915,-87.279,0.056,-4.365,1.909,-89.798,0.006,0.004,-0.006,0.009,11,weighted_average,kalman(weighted_average),false
1788769816.563,123.608,0.054,-4.379,1.910,-87.237,0.061,-4.368,1.902,-87.294,0.007,0.011,-0.008,0.015,11,weighted_average,kalman(weighted_average),false
1788769816.610,123.656,-0.119,-4.526,2.045,-88.737,-0.057,-4.473,1.996,-87.713,0.062,0.054,-0.050,0.096,12,weighted_average,kalman(weighted_average),false
1788769816.671,123.716,-0.146,-4.523,2.062,-89.005,-0.137,-4.525,2.056,-88.180,0.009,-0.002,-0.006,0.011,12,weighted_average,kalman(weighted_average),false
1788769816.722,123.767,0.037,-4.374,1.915,-87.352,-0.137,-4.525,2.056,-87.648,-0.174,-0.152,0.141,0.270,11,weighted_average,kalman(weighted_average),true
1788769816.767,123.813,0.051,-4.383,1.914,-87.209,0.009,-4.415,1.946,-87.292,-0.042,-0.032,0.032,0.062,11,weighted_average,kalman(weighted_average),false
1788769816.870,123.915,0.034,-4.376,1.913,-87.386,0.051,-4.367,1.903,-87.146,0.017,0.009,-0.010,0.022,11,weighted_average,kalman(weighted_average),false
1788769816.921,123.967,0.035,-4.375,1.921,-87.361,0.049,-4.363,1.906,-87.213,0.014,0.012,-0.014,0.023,11,weighted_average,kalman(weighted_average),false
1788769816.972,124.017,0.035,-4.375,1.917,-87.346,0.046,-4.364,1.909,-87.256,0.010,0.010,-0.008,0.017,11,weighted_average,kalman(weighted_average),false
1788769817.032,124.078,0.036,-4.368,1.920,-87.290,0.042,-4.363,1.914,-87.261,0.006,0.005,-0.006,0.010,11,weighted_average,kalman(weighted_average),false
1788769817.155,124.201,0.021,-4.372,1.914,-87.463,0.025,-4.369,1.914,-87.406,0.003,0.003,-0.000,0.005,11,weighted_average,kalman(weighted_average),false
1788769817.216,124.261,-1.558,-4.661,1.296,-102.009,0.025,-4.369,1.914,-96.834,1.583,0.292,0.617,1.724,12,weighted_average,kalman(weighted_average),true
1788769817.269,124.315,0.030,-4.383,1.906,-87.351,0.029,-4.381,1.907,-92.811,-0.001,0.002,0.001,0.003,11,weighted_average,kalman(weighted_average),false
1788769817.317,124.362,0.025,-4.373,1.910,-87.365,0.027,-4.377,1.908,-90.187,0.002,-0.004,-0.002,0.005,11,weighted_average,kalman(weighted_average),false
1788769817.432,124.478,0.022,-4.373,1.889,-87.333,0.023,-4.375,1.892,-87.796,0.001,-0.001,0.003,0.003,11,weighted_average,kalman(weighted_average),false
1788769817.481,124.527,-0.381,-4.530,2.298,-91.043,0.023,-4.375,1.892,-89.371,0.404,0.156,-0.406,0.594,12,weighted_average,kalman(weighted_average),true
1788769817.527,124.572,-0.018,-4.447,2.287,-87.537,-0.010,-4.433,2.211,-88.367,0.008,0.014,-0.076,0.078,12,weighted_average,kalman(weighted_average),false
1788769817.589,124.635,0.029,-4.375,1.888,-87.217,-0.010,-4.433,2.211,-87.502,-0.039,-0.058,0.323,0.330,11,weighted_average,kalman(weighted_average),true
1788769817.738,124.784,0.017,-4.369,1.888,-87.379,0.015,-4.373,1.907,-87.120,-0.002,-0.004,0.020,0.020,11,weighted_average,kalman(weighted_average),false
1788769817.789,124.835,0.017,-4.372,1.890,-87.393,0.019,-4.367,1.866,-87.246,0.002,0.006,-0.024,0.024,11,weighted_average,kalman(weighted_average),false
1788769817.846,124.892,0.015,-4.381,1.883,-87.469,0.019,-4.372,1.853,-87.364,0.003,0.009,-0.029,0.031,11,weighted_average,kalman(weighted_average),false
1788769817.904,124.950,0.028,-4.385,1.884,-87.316,0.026,-4.379,1.860,-87.347,-0.002,0.005,-0.025,0.025,11,weighted_average,kalman(weighted_average),false
1788769818.015,125.061,0.033,-4.381,1.887,-87.243,0.033,-4.381,1.876,-87.275,0.001,-0.000,-0.011,0.011,11,weighted_average,kalman(weighted_average),false
1788769818.066,125.112,0.016,-4.370,1.867,-87.417,0.023,-4.374,1.872,-87.352,0.007,-0.004,0.005,0.009,11,weighted_average,kalman(weighted_average),false
1788769818.121,125.167,0.025,-4.382,1.856,-87.351,0.023,-4.378,1.862,-87.357,-0.002,0.004,0.006,0.007,11,weighted_average,kalman(weighted_average),false
1788769818.177,125.222,0.028,-4.383,1.871,-87.338,0.026,-4.382,1.866,-87.351,-0.002,0.002,-0.005,0.005,11,weighted_average,kalman(weighted_average),false
1788769818.300,125.345,-0.247,-4.567,1.683,-89.820,-0.203,-4.538,1.712,-89.219,0.043,0.029,0.029,0.059,12,weighted_average,kalman(weighted_average),false
1788769818.352,125.398,0.032,-4.381,1.859,-87.328,-0.203,-4.538,1.712,-88.309,-0.236,-0.157,-0.147,0.319,11,weighted_average,kalman(weighted_average),true
1788769818.404,125.449,0.028,-4.386,1.855,-87.428,-0.011,-4.412,1.831,-87.845,-0.039,-0.026,-0.024,0.053,11,weighted_average,kalman(weighted_average),false
1788769818.456,125.502,0.039,-4.396,1.856,-87.343,0.047,-4.385,1.863,-87.515,0.007,0.011,0.007,0.015,11,weighted_average,kalman(weighted_average),false
1788769818.599,125.644,0.050,-4.407,1.845,-87.270,0.071,-4.392,1.860,-87.211,0.021,0.015,0.015,0.030,11,weighted_average,kalman(weighted_average),false
1788769818.636,125.682,-0.140,-4.541,1.980,-88.918,-0.063,-4.489,1.934,-88.167,0.077,0.052,-0.046,0.104,12,weighted_average,kalman(weighted_average),false
1788769818.693,125.739,0.044,-4.400,1.856,-87.340,-0.018,-4.451,1.895,-87.818,-0.062,-0.051,0.038,0.089,11,weighted_average,kalman(weighted_average),false
1788769818.745,125.791,0.042,-4.402,1.846,-87.402,0.016,-4.423,1.863,-87.601,-0.026,-0.021,0.016,0.037,11,weighted_average,kalman(weighted_average),false
1788769818.803,125.848,0.040,-4.400,1.842,-87.409,0.036,-4.405,1.843,-87.463,-0.005,-0.005,0.001,0.006,11,weighted_average,kalman(weighted_average),false
1788769818.932,125.977,0.049,-4.399,1.857,-87.356,0.052,-4.395,1.848,-87.331,0.003,0.004,-0.008,0.010,11,weighted_average,kalman(weighted_average),false
1788769818.985,126.031,0.048,-4.400,1.864,-87.405,0.051,-4.397,1.861,-87.355,0.003,0.002,-0.004,0.005,11,weighted_average,kalman(weighted_average),false
1788769819.046,126.091,0.043,-4.393,1.867,-87.485,0.046,-4.394,1.868,-87.421,0.004,-0.001,0.001,0.004,11,weighted_average,kalman(weighted_average),false
1788769819.086,126.132,0.058,-4.406,1.851,-87.361,0.053,-4.401,1.860,-87.393,-0.005,0.006,0.009,0.012,11,weighted_average,kalman(weighted_average),false
1788769819.206,126.252,0.076,-4.488,1.909,-86.975,0.073,-4.473,1.901,-87.082,-0.003,0.014,-0.008,0.017,12,weighted_average,kalman(weighted_average),false
1788769819.257,126.303,0.050,-4.388,1.849,-87.436,0.060,-4.426,1.872,-87.253,0.010,-0.038,0.022,0.045,11,weighted_average,kalman(weighted_average),false
1788769819.305,126.350,0.066,-4.395,1.865,-87.271,0.064,-4.405,1.867,-87.260,-0.003,-0.010,0.001,0.011,11,weighted_average,kalman(weighted_average),false
1788769819.351,126.397,-2.349,-4.542,1.164,-109.628,0.064,-4.405,1.867,-98.842,2.412,0.137,0.703,2.516,12,weighted_average,kalman(weighted_average),true
1788769819.406,126.451,0.071,-4.399,1.864,-87.236,0.070,-4.400,1.864,-94.798,-0.002,-0.001,0.001,0.002,11,weighted_average,kalman(weighted_average),false
1788769819.539,126.585,0.057,-4.399,1.866,-87.453,0.059,-4.399,1.865,-89.786,0.002,0.000,-0.001,0.003,11,weighted_average,kalman(weighted_average),false
1788769819.585,126.631,0.056,-4.394,1.859,-87.413,0.056,-4.395,1.862,-87.748,-0.000,-0.001,0.002,0.003,11,weighted_average,kalman(weighted_average),false
1788769819.638,126.684,0.057,-4.400,1.869,-87.435,0.055,-4.398,1.866,-86.719,-0.002,0.002,-0.003,0.004,11,weighted_average,kalman(weighted_average),false
1788769819.695,126.741,0.055,-4.400,1.875,-87.510,0.054,-4.399,1.872,-86.420,-0.001,0.001,-0.003,0.003,11,weighted_average,kalman(weighted_average),false
1788769819.830,126.875,0.048,-4.387,1.882,-86.964,0.048,-4.389,1.882,-86.269,0.000,-0.002,-0.000,0.002,11,weighted_average,kalman(weighted_average),false
1788769819.874,126.920,0.051,-4.388,1.880,-86.892,0.050,-4.387,1.882,-86.598,-0.002,0.001,0.002,0.003,11,weighted_average,kalman(weighted_average),false
1788769819.929,126.975,0.060,-4.391,1.870,-86.756,0.056,-4.388,1.875,-86.705,-0.004,0.003,0.005,0.007,11,weighted_average,kalman(weighted_average),false
1788769819.979,127.024,0.051,-4.390,1.875,-86.876,0.054,-4.389,1.874,-86.824,0.003,0.001,-0.001,0.003,11,weighted_average,kalman(weighted_average),false
1788769820.038,127.083,0.060,-4.395,1.872,-86.781,0.058,-4.393,1.872,-86.842,-0.002,0.002,0.000,0.003,11,weighted_average,kalman(weighted_average),false
1788769820.153,127.198,0.048,-4.381,1.883,-86.878,0.051,-4.384,1.880,-86.901,0.003,-0.003,-0.003,0.004,11,weighted_average,kalman(weighted_average),false
1788769820.199,127.244,0.046,-4.387,1.882,-86.921,0.047,-4.385,1.883,-86.925,0.001,0.002,0.001,0.002,11,weighted_average,kalman(weighted_average),false
1788769820.249,127.294,0.052,-4.390,1.885,-86.834,0.049,-4.387,1.885,-86.888,-0.003,0.003,0.000,0.004,11,weighted_average,kalman(weighted_average),false
1788769820.306,127.352,0.057,-4.381,1.877,-86.692,0.054,-4.383,1.881,-86.781,-0.003,-0.003,0.004,0.006,11,weighted_average,kalman(weighted_average),false
1788769820.355,127.400,0.060,-4.390,1.887,-86.715,0.058,-4.386,1.884,-86.731,-0.002,0.003,-0.003,0.005,11,weighted_average,kalman(weighted_average),false
1788769820.466,127.512,0.066,-4.391,1.882,-86.645,0.066,-4.391,1.883,-86.643,-0.000,0.001,0.001,0.001,11,weighted_average,kalman(weighted_average),false
1788769820.519,127.565,0.056,-4.380,1.886,-86.725,0.061,-4.384,1.885,-86.676,0.004,-0.004,-0.001,0.006,11,weighted_average,kalman(weighted_average),false
1788769820.565,127.611,0.065,-4.389,1.892,-86.661,0.063,-4.386,1.889,-86.662,-0.002,0.002,-0.003,0.004,11,weighted_average,kalman(weighted_average),false
1788769820.618,127.664,0.058,-4.379,1.885,-86.704,0.061,-4.382,1.888,-86.678,0.002,-0.003,0.003,0.004,11,weighted_average,kalman(weighted_average),false
1788769820.664,127.710,-0.159,-4.561,1.846,-88.647,-0.068,-4.485,1.864,-87.679,0.091,0.076,0.018,0.120,12,weighted_average,kalman(weighted_average),false
1788769820.794,127.839,0.068,-4.384,1.886,-86.638,0.025,-4.417,1.879,-87.109,-0.043,-0.033,-0.007,0.055,11,weighted_average,kalman(weighted_average),false
1788769820.852,127.898,0.066,-4.383,1.893,-86.661,0.069,-4.381,1.891,-86.751,0.003,0.001,-0.002,0.004,11,weighted_average,kalman(weighted_average),false
1788769820.902,127.948,-0.050,-4.497,2.115,-87.594,0.008,-4.444,2.038,-87.135,0.058,0.053,-0.077,0.110,12,weighted_average,kalman(weighted_average),false
1788769820.955,128.001,0.065,-4.386,1.879,-86.675,0.042,-4.411,1.967,-86.878,-0.023,-0.026,0.088,0.094,11,weighted_average,kalman(weighted_average),false
1788769821.101,128.147,0.066,-4.388,1.883,-86.686,0.067,-4.387,1.895,-86.669,0.001,0.000,0.012,0.012,11,weighted_average,kalman(weighted_average),false
1788769821.135,128.180,0.071,-4.388,1.893,-86.661,0.072,-4.386,1.886,-86.644,0.001,0.002,-0.007,0.008,11,weighted_average,kalman(weighted_average),false
1788769821.195,128.240,0.071,-4.388,1.893,-86.661,0.074,-4.385,1.880,-86.623,0.003,0.003,-0.013,0.014,11,weighted_average,kalman(weighted_average),false
1788769821.246,128.292,0.061,-4.382,1.884,-86.757,0.068,-4.382,1.877,-86.678,0.007,0.000,-0.007,0.009,11,weighted_average,kalman(weighted_average),false
1788769821.380,128.426,0.068,-4.385,1.882,-86.636,0.068,-4.383,1.878,-86.641,-0.000,0.002,-0.004,0.004,11,weighted_average,kalman(weighted_average),false
1788769821.442,128.488,0.078,-4.392,1.888,-86.564,0.075,-4.390,1.886,-86.585,-0.003,0.002,-0.002,0.004,11,weighted_average,kalman(weighted_average),false
1788769821.512,128.557,0.086,-4.399,1.893,-86.504,0.084,-4.398,1.893,-86.519,-0.002,0.001,-0.000,0.002,11,weighted_average,kalman(weighted_average),false
1788769821.562,128.608,0.061,-4.386,1.894,-86.755,0.071,-4.392,1.895,-86.637,0.010,-0.006,0.001,0.012,11,weighted_average,kalman(weighted_average),false
1788769821.688,128.733,0.081,-4.401,1.905,-86.593,0.079,-4.399,1.905,-86.614,-0.002,0.001,-0.000,0.003,11,weighted_average,kalman(weighted_average),false
1788769821.735,128.780,0.080,-4.399,1.908,-86.611,0.081,-4.400,1.908,-86.610,0.000,-0.001,-0.000,0.001,11,weighted_average,kalman(weighted_average),false
1788769821.792,128.838,0.078,-4.396,1.897,-86.619,0.080,-4.398,1.903,-86.613,0.002,-0.002,0.005,0.006,11,weighted_average,kalman(weighted_average),false
1788769821.837,128.882,0.067,-4.389,1.905,-86.737,0.072,-4.392,1.904,-86.677,0.006,-0.004,-0.001,0.007,11,weighted_average,kalman(weighted_average),false
1788769821.944,128.989,0.076,-4.397,1.900,-86.668,0.074,-4.395,1.901,-86.685,-0.002,0.002,0.001,0.003,11,weighted_average,kalman(weighted_average),false
1788769822.007,129.052,0.068,-4.389,1.909,-86.750,0.070,-4.391,1.906,-86.730,0.002,-0.002,-0.003,0.004,11,weighted_average,kalman(weighted_average),false
1788769822.061,129.107,0.071,-4.395,1.904,-86.754,0.070,-4.393,1.905,-86.753,-0.001,0.002,0.001,0.002,11,weighted_average,kalman(weighted_average),false
1788769822.120,129.166,0.072,-4.391,1.913,-86.714,0.071,-4.392,1.910,-86.741,-0.001,-0.001,-0.002,0.003,11,weighted_average,kalman(weighted_average),false
1788769822.237,129.282,0.076,-4.395,1.903,-86.667,0.075,-4.394,1.905,-86.691,-0.001,0.001,0.002,0.003,11,weighted_average,kalman(weighted_average),false
1788769822.289,129.334,0.080,-4.392,1.915,-86.619,0.079,-4.393,1.911,-86.640,-0.001,-0.001,-0.004,0.004,11,weighted_average,kalman(weighted_average),false
1788769822.342,129.387,0.072,-4.391,1.899,-86.711,0.076,-4.392,1.904,-86.668,0.004,-0.001,0.005,0.006,11,weighted_average,kalman(weighted_average),false
1788769822.396,129.442,0.067,-4.389,1.904,-86.765,0.070,-4.390,1.903,-86.718,0.003,-0.001,-0.001,0.003,11,weighted_average,kalman(weighted_average),false
1788769822.504,129.550,0.069,-4.395,1.908,-86.774,0.069,-4.393,1.907,-86.766,-0.001,0.001,-0.002,0.002,11,weighted_average,kalman(weighted_average),false
1788769822.555,129.601,0.069,-4.393,1.909,-86.778,0.068,-4.394,1.909,-86.782,-0.000,-0.001,-0.000,0.001,11,weighted_average,kalman(weighted_average),false
1788769822.614,129.660,0.070,-4.394,1.903,-86.753,0.069,-4.394,1.905,-86.774,-0.001,-0.000,0.003,0.003,11,weighted_average,kalman(weighted_average),false
1788769822.667,129.713,0.066,-4.391,1.910,-86.808,0.067,-4.393,1.908,-86.796,0.001,-0.001,-0.002,0.003,11,weighted_average,kalman(weighted_average),false
1788769822.798,129.844,0.062,-4.388,1.911,-86.824,0.063,-4.388,1.911,-86.826,0.000,-0.001,-0.000,0.001,11,weighted_average,kalman(weighted_average),false
1788769822.849,129.894,0.066,-4.392,1.898,-86.777,0.065,-4.390,1.903,-86.800,-0.002,0.002,0.005,0.005,11,weighted_average,kalman(weighted_average),false
1788769822.917,129.963,0.078,-4.403,1.904,-86.680,0.074,-4.399,1.902,-86.724,-0.004,0.004,-0.002,0.006,11,weighted_average,kalman(weighted_average),false
1788769822.973,130.018,0.075,-4.399,1.902,-86.680,0.076,-4.401,1.902,-86.685,0.001,-0.002,-0.001,0.002,11,weighted_average,kalman(weighted_average),false
1788769823.082,130.127,0.067,-4.393,1.900,-86.744,0.070,-4.396,1.900,-86.710,0.003,-0.002,-0.000,0.004,11,weighted_average,kalman(weighted_average),false
1788769823.134,130.180,0.073,-4.393,1.896,-86.639,0.071,-4.393,1.897,-86.667,-0.002,-0.000,0.001,0.002,11,weighted_average,kalman(weighted_average),false
1788769823.176,130.222,0.065,-4.397,1.897,-86.779,0.067,-4.394,1.896,-86.721,0.002,0.002,-0.001,0.003,11,weighted_average,kalman(weighted_average),false
1788769823.223,130.268,0.062,-4.389,1.912,-86.794,0.063,-4.391,1.905,-86.762,0.001,-0.002,-0.007,0.007,11,weighted_average,kalman(weighted_average),false
1788769823.285,130.330,0.074,-4.401,1.901,-86.663,0.069,-4.397,1.904,-86.719,-0.005,0.004,0.003,0.007,11,weighted_average,kalman(weighted_average),false
1788769823.382,130.427,0.068,-4.400,1.888,-86.713,0.069,-4.400,1.892,-86.713,0.001,0.000,0.004,0.004,11,weighted_average,kalman(weighted_average),false
1788769823.429,130.475,0.076,-4.403,1.905,-86.660,0.074,-4.403,1.899,-86.681,-0.003,0.001,-0.007,0.007,11,weighted_average,kalman(weighted_average),false
1788769823.482,130.528,0.061,-4.393,1.895,-86.788,0.066,-4.397,1.897,-86.734,0.006,-0.004,0.002,0.007,11,weighted_average,kalman(weighted_average),false
1788769823.530,130.575,0.071,-4.400,1.899,-86.660,0.068,-4.399,1.898,-86.700,-0.002,0.002,-0.001,0.003,11,weighted_average,kalman(weighted_average),false
1788769823.586,130.632,0.059,-4.390,1.888,-86.704,0.062,-4.393,1.892,-86.700,0.003,-0.003,0.004,0.006,11,weighted_average,kalman(weighted_average),false
1788769823.679,130.725,0.055,-4.391,1.874,-86.681,0.055,-4.390,1.877,-86.685,0.001,0.000,0.003,0.003,11,weighted_average,kalman(weighted_average),false
1788769823.731,130.777,0.054,-4.388,1.878,-86.669,0.053,-4.388,1.875,-86.673,-0.001,-0.000,-0.003,0.003,11,weighted_average,kalman(weighted_average),false
1788769823.786,130.831,0.034,-4.371,1.897,-86.787,0.040,-4.376,1.888,-86.733,0.006,-0.006,-0.010,0.013,11,weighted_average,kalman(weighted_average),false
1788769823.830,130.876,0.042,-4.379,1.881,-86.670,0.038,-4.376,1.885,-86.708,-0.004,0.004,0.004,0.006,11,weighted_average,kalman(weighted_average),false
1788769823.882,130.927,0.030,-4.366,1.885,-86.662,0.031,-4.368,1.885,-86.685,0.001,-0.002,0.000,0.003,11,weighted_average,kalman(weighted_average),false
1788769823.975,131.020,0.018,-4.364,1.884,-86.682,0.019,-4.362,1.884,-86.679,0.001,0.001,0.001,0.002,11,weighted_average,kalman(weighted_average),false
1788769824.030,131.075,0.013,-4.362,1.868,-86.648,0.013,-4.361,1.873,-86.659,-0.001,0.001,0.005,0.006,11,weighted_average,kalman(weighted_average),false
1788769824.076,131.122,0.007,-4.366,1.877,-86.688,0.007,-4.363,1.874,-86.670,0.000,0.003,-0.004,0.005,11,weighted_average,kalman(weighted_average),false
1788769824.123,131.169,-0.010,-4.347,1.875,-86.705,-0.006,-4.354,1.873,-86.687,0.005,-0.006,-0.001,0.008,11,weighted_average,kalman(weighted_average),false
1788769824.177,131.223,-0.018,-4.347,1.876,-86.751,-0.017,-4.348,1.874,-86.723,0.001,-0.001,-0.002,0.002,11,weighted_average,kalman(weighted_average),false
1788769824.270,131.315,-0.023,-4.341,1.880,-86.620,-0.026,-4.341,1.878,-86.665,-0.003,0.001,-0.002,0.003,11,weighted_average,kalman(weighted_average),false
1788769824.322,131.368,-0.037,-4.333,1.870,-86.706,-0.035,-4.334,1.874,-86.682,0.002,-0.001,0.003,0.004,11,weighted_average,kalman(weighted_average),false
1788769824.370,131.415,-0.045,-4.325,1.867,-86.660,-0.044,-4.327,1.869,-86.669,0.001,-0.002,0.002,0.003,11,weighted_average,kalman(weighted_average),false
1788769824.422,131.467,-0.059,-4.315,1.871,-86.739,-0.056,-4.317,1.869,-86.703,0.002,-0.002,-0.002,0.003,11,weighted_average,kalman(weighted_average),false
1788769824.470,131.515,-0.066,-4.306,1.885,-86.662,-0.066,-4.308,1.878,-86.686,0.000,-0.002,-0.007,0.007,11,weighted_average,kalman(weighted_average),false
1788769824.561,131.607,-0.232,-4.418,2.034,-87.919,-0.194,-4.386,1.996,-87.485,0.038,0.032,-0.038,0.062,12,weighted_average,kalman(weighted_average),false
1788769824.615,131.661,-0.096,-4.284,1.869,-86.657,-0.150,-4.330,1.930,-87.126,-0.054,-0.046,0.061,0.094,11,weighted_average,kalman(weighted_average),false
1788769824.664,131.710,0.217,-4.077,1.464,-81.101,-0.150,-4.330,1.930,-83.882,-0.367,-0.253,0.467,0.645,10,weighted_average,kalman(weighted_average),true
1788769824.719,131.764,0.106,-4.146,1.466,-83.035,-0.150,-4.330,1.930,-82.869,-0.256,-0.184,0.464,0.561,10,weighted_average,kalman(weighted_average),true
1788769824.763,131.809,-0.052,-4.187,1.835,-85.564,-0.064,-4.205,1.847,-83.763,-0.013,-0.018,0.012,0.026,10,weighted_average,kalman(weighted_average),false
1788769824.860,131.905,-0.069,-4.175,1.838,-85.568,-0.057,-4.166,1.829,-84.691,0.012,0.009,-0.009,0.017,10,weighted_average,kalman(weighted_average),false
1788769824.905,131.950,-0.098,-4.177,1.813,-85.847,-0.080,-4.165,1.815,-85.416,0.018,0.012,0.001,0.022,10,weighted_average,kalman(weighted_average),false
1788769824.960,132.006,-0.108,-4.156,1.828,-85.770,-0.100,-4.153,1.818,-85.806,0.008,0.003,-0.010,0.013,10,weighted_average,kalman(weighted_average),false
1788769825.006,132.051,-0.107,-4.146,1.808,-85.503,-0.108,-4.144,1.810,-85.816,-0.002,0.002,0.002,0.003,10,weighted_average,kalman(weighted_average),false
1788769825.059,132.104,-0.109,-4.135,1.822,-85.391,-0.113,-4.134,1.814,-85.725,-0.004,0.001,-0.007,0.009,10,weighted_average,kalman(weighted_average),false
1788769825.148,132.193,-0.150,-4.132,1.829,-85.767,-0.144,-4.128,1.824,-85.836,0.006,0.005,-0.005,0.009,10,weighted_average,kalman(weighted_average),false
1788769825.196,132.242,-0.157,-4.128,1.836,-85.785,-0.158,-4.126,1.833,-85.844,-0.001,0.002,-0.003,0.003,10,weighted_average,kalman(weighted_average),false
1788769825.256,132.301,-0.190,-4.136,1.824,-86.388,-0.185,-4.131,1.829,-86.185,0.005,0.005,0.006,0.009,10,weighted_average,kalman(weighted_average),false
1788769825.298,132.344,-0.191,-4.104,1.832,-86.393,-0.195,-4.116,1.832,-86.356,-0.004,-0.011,-0.001,0.012,10,weighted_average,kalman(weighted_average),false
1788769825.354,132.400,-0.197,-4.104,1.798,-86.584,-0.204,-4.106,1.812,-86.565,-0.006,-0.002,0.014,0.015,10,weighted_average,kalman(weighted_average),false
1788769825.449,132.494,-0.079,-4.029,1.420,-84.527,-0.204,-4.106,1.812,-85.318,-0.125,-0.077,0.392,0.419,10,weighted_average,kalman(weighted_average),true
1788769825.510,132.555,0.050,-3.917,1.283,-81.858,-0.204,-4.106,1.812,-83.016,-0.254,-0.189,0.529,0.616,10,weighted_average,kalman(weighted_average),true
1788769825.549,132.595,-0.831,-4.231,2.465,-93.562,-0.204,-4.106,1.812,-88.104,0.627,0.126,-0.653,0.914,12,weighted_average,kalman(weighted_average),true
1788769825.597,132.642,-0.670,-4.279,2.056,-91.970,-0.649,-4.271,2.045,-90.563,0.022,0.008,-0.011,0.026,12,weighted_average,kalman(weighted_average),false
1788769825.651,132.697,-1.551,-4.310,1.009,-100.536,-0.649,-4.271,2.045,-96.623,0.903,0.039,1.036,1.374,12,weighted_average,kalman(weighted_average),true
1788769825.747,132.793,-0.711,-4.283,1.967,-92.734,-0.704,-4.281,1.977,-95.992,0.008,0.001,0.010,0.013,12,weighted_average,kalman(weighted_average),false
1788769825.794,132.840,-0.378,-3.656,1.811,-89.378,-0.704,-4.281,1.977,-92.566,-0.326,-0.626,0.166,0.725,0,weighted_average,kalman(weighted_average),true
1788769825.849,132.895,-0.368,-3.651,1.815,-89.328,-0.704,-4.281,1.977,-90.429,-0.335,-0.630,0.162,0.732,0,weighted_average,kalman(weighted_average),true
1788769825.901,132.946,-0.372,-3.648,1.814,-89.359,-0.704,-4.281,1.977,-89.296,-0.332,-0.633,0.163,0.733,0,weighted_average,kalman(weighted_average),true
1788769825.949,132.995,-0.404,-3.649,1.819,-89.700,-0.424,-3.690,1.829,-88.965,-0.019,-0.041,0.010,0.047,0,weighted_average,kalman(weighted_average),false
1788769826.047,133.093,-0.422,-3.625,1.809,-89.708,-0.394,-3.578,1.798,-88.901,0.028,0.047,-0.011,0.056,0,weighted_average,kalman(weighted_average),false
1788769826.093,133.139,-0.423,-3.623,1.807,-89.661,-0.404,-3.582,1.797,-89.213,0.019,0.041,-0.010,0.047,0,weighted_average,kalman(weighted_average),false
1788769826.147,133.193,-0.424,-3.620,1.822,-89.536,-0.412,-3.589,1.809,-89.349,0.012,0.031,-0.014,0.036,0,weighted_average,kalman(weighted_average),false
1788769826.197,133.243,-0.445,-3.609,1.806,-89.763,-0.432,-3.594,1.807,-89.566,0.013,0.015,0.000,0.020,0,weighted_average,kalman(weighted_average),false
1788769826.250,133.296,-0.437,-4.014,1.853,-89.829,-0.432,-3.594,1.807,-89.741,0.005,0.420,-0.046,0.423,11,weighted_average,kalman(weighted_average),true
1788769826.349,133.395,-0.450,-3.585,1.803,-89.588,-0.448,-3.586,1.804,-89.705,0.002,-0.001,0.000,0.003,0,weighted_average,kalman(weighted_average),false
1788769826.392,133.438,-0.446,-3.585,1.804,-89.557,-0.448,-3.584,1.803,-89.630,-0.002,0.000,-0.000,0.002,0,weighted_average,kalman(weighted_average),false
1788769826.450,133.495,-0.463,-3.567,1.793,-89.714,-0.459,-3.572,1.797,-89.671,0.004,-0.005,0.003,0.007,0,weighted_average,kalman(weighted_average),false
1788769826.496,133.542,-0.480,-3.551,1.802,-89.925,-0.474,-3.557,1.798,-89.807,0.006,-0.006,-0.003,0.009,0,weighted_average,kalman(weighted_average),false
1788769826.548,133.594,-0.460,-3.554,1.804,-89.635,-0.470,-3.551,1.801,-89.743,-0.010,0.003,-0.003,0.011,0,weighted_average,kalman(weighted_average),false
1788769826.647,133.692,-0.465,-3.528,1.805,-89.666,-0.468,-3.530,1.804,-89.698,-0.003,-0.001,-0.001,0.003,0,weighted_average,kalman(weighted_average),false
1788769826.690,133.735,-0.473,-3.527,1.801,-89.733,-0.471,-3.524,1.803,-89.713,0.002,0.002,0.002,0.003,0,weighted_average,kalman(weighted_average),false
1788769826.745,133.791,-0.470,-3.521,1.806,-89.657,-0.471,-3.519,1.805,-89.680,-0.001,0.002,-0.001,0.003,0,weighted_average,kalman(weighted_average),false
1788769826.792,133.837,-0.470,-3.519,1.806,-89.631,-0.470,-3.516,1.806,-89.648,-0.001,0.003,-0.000,0.003,0,weighted_average,kalman(weighted_average),false
1788769826.844,133.890,-0.483,-3.501,1.821,-89.805,-0.478,-3.505,1.815,-89.720,0.005,-0.004,-0.005,0.008,0,weighted_average,kalman(weighted_average),false
1788769826.936,133.981,-0.290,-3.967,1.373,-87.643,-0.478,-3.505,1.815,-88.375,-0.189,0.463,0.443,0.667,12,weighted_average,kalman(weighted_average),true
1788769826.992,134.037,-0.405,-4.006,1.529,-88.875,-0.478,-3.505,1.815,-88.459,-0.074,0.501,0.286,0.582,12,weighted_average,kalman(weighted_average),true
1788769827.037,134.082,-0.745,-4.005,1.978,-92.429,-0.724,-3.967,1.966,-90.460,0.020,0.038,-0.013,0.045,12,weighted_average,kalman(weighted_average),false
1788769827.092,134.138,-0.543,-3.973,1.968,-90.284,-0.631,-4.019,1.983,-90.638,-0.087,-0.046,0.015,0.100,12,weighted_average,kalman(weighted_average),false
1788769827.141,134.187,-0.959,-3.985,2.204,-94.670,-0.631,-4.019,1.983,-92.910,0.329,-0.034,-0.222,0.398,12,weighted_average,kalman(weighted_average),true
1788769827.242,134.288,-1.080,-3.985,2.101,-95.898,-1.022,-3.989,2.086,-95.621,0.058,-0.004,-0.015,0.060,12,weighted_average,kalman(weighted_average),false
1788769827.291,134.336,-1.026,-4.011,1.894,-95.274,-1.069,-4.001,1.972,-95.935,-0.043,0.011,0.077,0.089,12,weighted_average,kalman(weighted_average),false
1788769827.349,134.395,-0.525,-3.439,1.810,-90.054,-1.069,-4.001,1.972,-93.025,-0.544,-0.561,0.161,0.798,0,weighted_average,kalman(weighted_average),true
1788769827.394,134.439,-0.841,-3.991,1.928,-93.303,-0.887,-3.993,1.936,-92.965,-0.046,-0.002,0.009,0.047,12,weighted_average,kalman(weighted_average),false
1788769827.452,134.498,-0.762,-3.971,1.835,-92.417,-0.778,-3.977,1.864,-92.481,-0.016,-0.007,0.029,0.034,12,weighted_average,kalman(weighted_average),false
1788769827.547,134.592,-0.514,-3.806,1.848,-89.979,-0.541,-3.842,1.836,-90.569,-0.027,-0.036,-0.012,0.047,11,weighted_average,kalman(weighted_average),false
1788769827.595,134.641,-0.515,-3.799,1.859,-89.989,-0.484,-3.794,1.845,-89.906,0.031,0.005,-0.015,0.035,11,weighted_average,kalman(weighted_average),false
1788769827.648,134.694,-1.539,-3.942,1.997,-100.594,-0.484,-3.794,1.845,-95.441,1.055,0.148,-0.152,1.076,12,weighted_average,kalman(weighted_average),true
1788769827.696,134.741,-0.519,-3.779,1.869,-89.995,-0.512,-3.783,1.864,-93.279,0.007,-0.003,-0.005,0.010,11,weighted_average,kalman(weighted_average),false
1788769827.748,134.794,-0.857,-3.954,1.393,-93.328,-0.512,-3.783,1.864,-93.418,0.345,0.172,0.471,0.608,12,weighted_average,kalman(weighted_average),true
1788769827.843,134.889,-0.514,-3.756,1.866,-90.029,-0.514,-3.760,1.866,-91.288,0.000,-0.003,-0.000,0.004,11,weighted_average,kalman(weighted_average),false
1788769827.892,134.937,-0.516,-3.745,1.860,-90.059,-0.516,-3.748,1.862,-90.304,0.001,-0.003,0.002,0.004,11,weighted_average,kalman(weighted_average),false
1788769827.943,134.989,-1.145,-3.945,1.420,-96.497,-0.516,-3.748,1.862,-93.307,0.629,0.197,0.442,0.794,12,weighted_average,kalman(weighted_average),true
1788769827.993,135.038,-0.503,-3.736,1.871,-90.009,-0.506,-3.738,1.870,-91.836,-0.003,-0.003,-0.002,0.004,11,weighted_average,kalman(weighted_average),false
1788769828.045,135.091,-0.502,-3.721,1.869,-90.045,-0.502,-3.726,1.870,-90.819,0.000,-0.005,0.001,0.005,11,weighted_average,kalman(weighted_average),false
1788769828.134,135.180,-0.498,-3.702,1.855,-90.037,-0.498,-3.705,1.860,-90.029,0.001,-0.003,0.005,0.006,11,weighted_average,kalman(weighted_average),false
1788769828.186,135.231,-0.504,-3.688,1.864,-90.130,-0.500,-3.690,1.861,-89.890,0.003,-0.002,-0.003,0.005,11,weighted_average,kalman(weighted_average),false
1788769828.239,135.284,-0.496,-3.681,1.859,-90.069,-0.498,-3.680,1.860,-89.831,-0.001,0.002,0.000,0.002,11,weighted_average,kalman(weighted_average),false
1788769828.288,135.334,-0.496,-3.674,1.870,-90.103,-0.496,-3.672,1.865,-89.867,-0.000,0.002,-0.005,0.005,11,weighted_average,kalman(weighted_average),false
1788769828.343,135.388,-0.490,-3.661,1.863,-90.002,-0.492,-3.661,1.865,-89.868,-0.002,-0.000,0.002,0.003,11,weighted_average,kalman(weighted_average),false
1788769828.440,135.485,-0.491,-3.636,1.862,-90.017,-0.490,-3.638,1.863,-89.914,0.001,-0.001,0.001,0.002,11,weighted_average,kalman(weighted_average),false
1788769828.494,135.540,-0.498,-3.623,1.851,-90.097,-0.494,-3.623,1.855,-90.018,0.003,-0.001,0.004,0.005,11,weighted_average,kalman(weighted_average),false
1788769828.544,135.589,-0.493,-3.609,1.859,-90.033,-0.494,-3.609,1.856,-90.039,-0.001,-0.001,-0.003,0.003,11,weighted_average,kalman(weighted_average),false
1788769828.594,135.640,-0.491,-3.601,1.863,-90.007,-0.492,-3.599,1.860,-90.035,-0.001,0.002,-0.004,0.004,11,weighted_average,kalman(weighted_average),false
1788769828.646,135.692,-0.492,-3.587,1.848,-90.019,-0.492,-3.587,1.853,-90.035,0.000,0.000,0.005,0.005,11,weighted_average,kalman(weighted_average),false
1788769828.738,135.783,-0.485,-3.566,1.848,-89.928,-0.487,-3.566,1.848,-89.971,-0.001,0.000,0.000,0.001,11,weighted_average,kalman(weighted_average),false
1788769828.788,135.834,-0.491,-3.551,1.845,-89.990,-0.489,-3.553,1.845,-89.974,0.003,-0.001,-0.000,0.003,11,weighted_average,kalman(weighted_average),false
1788769828.839,135.885,-0.492,-3.539,1.844,-90.011,-0.491,-3.539,1.844,-89.989,0.001,-0.001,-0.001,0.001,11,weighted_average,kalman(weighted_average),false
1788769828.890,135.936,-0.493,-3.531,1.845,-90.058,-0.493,-3.529,1.843,-90.025,0.001,0.002,-0.001,0.002,11,weighted_average,kalman(weighted_average),false
1788769828.946,135.991,-0.492,-3.517,1.845,-90.035,-0.493,-3.517,1.844,-90.036,-0.001,0.000,-0.001,0.001,11,weighted_average,kalman(weighted_average),false
1788769829.035,136.080,-0.493,-3.488,1.851,-90.010,-0.493,-3.490,1.849,-90.026,-0.000,-0.002,-0.002,0.003,11,weighted_average,kalman(weighted_average),false
1788769829.094,136.140,-0.495,-3.483,1.853,-90.060,-0.495,-3.480,1.853,-90.047,0.000,0.003,-0.000,0.003,11,weighted_average,kalman(weighted_average),false
1788769829.140,136.186,-0.490,-3.471,1.852,-89.959,-0.492,-3.470,1.853,-90.003,-0.002,0.001,0.001,0.003,11,weighted_average,kalman(weighted_average),false
1788769829.201,136.247,-0.496,-3.459,1.847,-90.018,-0.494,-3.459,1.850,-90.006,0.002,0.001,0.003,0.004,11,weighted_average,kalman(weighted_average),false
1788769829.292,136.337,-0.498,-3.439,1.864,-90.066,-0.498,-3.439,1.860,-90.043,0.001,-0.000,-0.004,0.004,11,weighted_average,kalman(weighted_average),false
1788769829.349,136.394,-0.497,-3.427,1.857,-90.018,-0.498,-3.427,1.859,-90.033,-0.001,0.000,0.003,0.003,11,weighted_average,kalman(weighted_average),false
1788769829.394,136.440,-0.502,-3.417,1.853,-90.053,-0.500,-3.417,1.856,-90.045,0.001,-0.000,0.003,0.003,11,weighted_average,kalman(weighted_average),false
1788769829.444,136.490,-0.497,-3.409,1.854,-89.977,-0.499,-3.408,1.855,-90.013,-0.002,0.001,0.001,0.003,11,weighted_average,kalman(weighted_average),false
1788769829.495,136.541,-0.500,-3.401,1.862,-90.025,-0.500,-3.400,1.858,-90.016,0.000,0.001,-0.003,0.003,11,weighted_average,kalman(weighted_average),false
1788769829.589,136.634,-0.498,-3.387,1.856,-89.938,-0.498,-3.386,1.857,-89.963,-0.001,0.001,0.001,0.002,11,weighted_average,kalman(weighted_average),false
1788769829.638,136.684,-0.501,-3.372,1.856,-89.941,-0.500,-3.374,1.856,-89.942,0.001,-0.002,0.000,0.002,11,weighted_average,kalman(weighted_average),false
1788769829.690,136.735,-0.505,-3.364,1.863,-89.999,-0.503,-3.364,1.861,-89.963,0.002,-0.000,-0.003,0.003,11,weighted_average,kalman(weighted_average),false
1788769829.740,136.786,-0.503,-3.358,1.858,-89.956,-0.503,-3.357,1.859,-89.957,-0.001,0.001,0.002,0.002,11,weighted_average,kalman(weighted_average),false
1788769829.792,136.838,-0.504,-3.353,1.861,-89.981,-0.504,-3.351,1.861,-89.967,-0.000,0.002,-0.001,0.002,11,weighted_average,kalman(weighted_average),false
1788769829.887,136.932,-0.508,-3.341,1.853,-90.004,-0.507,-3.340,1.856,-89.991,0.000,0.001,0.002,0.002,11,weighted_average,kalman(weighted_average),false
1788769829.933,136.979,-0.510,-3.334,1.857,-90.039,-0.510,-3.334,1.856,-90.022,0.000,-0.000,-0.001,0.001,11,weighted_average,kalman(weighted_average),false
1788769829.989,137.034,-0.506,-3.332,1.855,-89.964,-0.508,-3.330,1.855,-89.998,-0.002,0.002,-0.000,0.003,11,weighted_average,kalman(weighted_average),false
1788769830.036,137.082,-0.507,-3.327,1.855,-89.973,-0.507,-3.326,1.855,-89.986,-0.001,0.000,-0.001,0.001,11,weighted_average,kalman(weighted_average),false
1788769830.092,137.138,-0.506,-3.324,1.856,-89.951,-0.506,-3.323,1.855,-89.965,-0.001,0.001,-0.001,0.002,11,weighted_average,kalman(weighted_average),false
1788769830.193,137.238,-0.508,-3.315,1.856,-89.975,-0.508,-3.315,1.856,-89.966,0.001,-0.000,-0.000,0.001,11,weighted_average,kalman(weighted_average),false
1788769830.237,137.282,-0.495,-3.322,1.865,-89.790,-0.500,-3.319,1.862,-89.866,-0.005,0.004,-0.003,0.007,11,weighted_average,kalman(weighted_average),false
1788769830.289,137.335,-0.504,-3.314,1.854,-89.895,-0.501,-3.315,1.858,-89.865,0.003,-0.001,0.004,0.005,11,weighted_average,kalman(weighted_average),false
1788769830.338,137.384,-0.495,-3.319,1.852,-89.782,-0.497,-3.317,1.854,-89.810,-0.002,0.002,0.002,0.004,11,weighted_average,kalman(weighted_average),false
1788769830.390,137.435,-0.501,-3.317,1.848,-89.879,-0.499,-3.317,1.850,-89.829,0.003,0.000,0.002,0.003,11,weighted_average,kalman(weighted_average),false
1788769830.489,137.535,-0.506,-3.309,1.847,-89.935,-0.504,-3.311,1.846,-89.891,0.002,-0.002,-0.001,0.003,11,weighted_average,kalman(weighted_average),false
1788769830.533,137.579,-0.508,-3.310,1.849,-89.992,-0.507,-3.309,1.847,-89.954,0.001,0.000,-0.002,0.002,11,weighted_average,kalman(weighted_average),false
1788769830.586,137.632,-0.505,-3.314,1.847,-89.963,-0.507,-3.311,1.847,-89.975,-0.002,0.002,-0.000,0.003,11,weighted_average,kalman(weighted_average),false
1788769830.637,137.682,-0.507,-3.313,1.847,-89.992,-0.507,-3.312,1.847,-89.998,-0.001,0.001,-0.000,0.001,11,weighted_average,kalman(weighted_average),false
1788769830.689,137.734,-0.504,-3.316,1.851,-89.961,-0.505,-3.314,1.849,-89.992,-0.002,0.001,-0.002,0.003,11,weighted_average,kalman(weighted_average),false
1788769830.788,137.833,-0.508,-3.317,1.852,-90.034,-0.507,-3.317,1.851,-90.030,0.001,-0.000,-0.000,0.001,11,weighted_average,kalman(weighted_average),false
1788769830.833,137.879,-0.505,-3.320,1.851,-90.013,-0.506,-3.319,1.851,-90.027,-0.001,0.001,0.001,0.001,11,weighted_average,kalman(weighted_average),false
1788769830.888,137.934,-0.503,-3.323,1.852,-90.000,-0.504,-3.323,1.852,-90.018,-0.001,0.001,0.000,0.001,11,weighted_average,kalman(weighted_average),false
1788769830.940,137.985,-0.504,-3.324,1.850,-90.011,-0.504,-3.325,1.851,-90.015,0.000,-0.000,0.001,0.001,11,weighted_average,kalman(weighted_average),false
1788769830.991,138.037,-0.502,-3.325,1.850,-89.980,-0.502,-3.326,1.850,-89.998,-0.000,-0.001,0.000,0.001,11,weighted_average,kalman(weighted_average),false
1788769831.093,138.138,-0.504,-3.326,1.854,-90.039,-0.503,-3.326,1.853,-90.023,0.001,-0.001,-0.001,0.001,11,weighted_average,kalman(weighted_average),false
1788769831.137,138.182,-0.501,-3.330,1.854,-90.011,-0.502,-3.329,1.854,-90.019,-0.001,0.001,0.000,0.001,11,weighted_average,kalman(weighted_average),false
1788769831.191,138.237,-0.497,-3.333,1.854,-89.967,-0.499,-3.332,1.854,-89.992,-0.001,0.001,0.000,0.002,11,weighted_average,kalman(weighted_average),false
1788769831.242,138.288,-0.499,-3.333,1.860,-90.021,-0.498,-3.333,1.858,-90.004,0.001,-0.000,-0.002,0.002,11,weighted_average,kalman(weighted_average),false
1788769831.290,138.335,-0.498,-3.334,1.860,-90.015,-0.498,-3.334,1.860,-90.009,0.000,-0.000,-0.000,0.001,11,weighted_average,kalman(weighted_average),false
1788769831.396,138.441,-0.494,-3.343,1.851,-89.986,-0.495,-3.342,1.854,-89.994,-0.000,0.001,0.003,0.003,11,weighted_average,kalman(weighted_average),false
1788769831.441,138.487,-0.496,-3.342,1.855,-90.025,-0.495,-3.343,1.854,-90.010,0.001,-0.001,-0.001,0.002,11,weighted_average,kalman(weighted_average),false
1788769831.489,138.535,-0.495,-3.348,1.853,-90.027,-0.495,-3.347,1.853,-90.020,0.000,0.001,-0.000,0.001,11,weighted_average,kalman(weighted_average),false
1788769831.539,138.585,-0.494,-3.349,1.857,-90.021,-0.494,-3.349,1.855,-90.023,0.000,-0.001,-0.002,0.002,11,weighted_average,kalman(weighted_average),false
1788769831.588,138.634,-0.489,-3.351,1.860,-89.950,-0.491,-3.352,1.858,-89.987,-0.002,-0.000,-0.002,0.003,11,weighted_average,kalman(weighted_average),false
1788769831.686,138.731,-0.493,-3.348,1.859,-89.986,-0.492,-3.350,1.859,-89.980,0.001,-0.002,0.000,0.002,11,weighted_average,kalman(weighted_average),false
1788769831.733,138.779,-0.496,-3.350,1.864,-90.085,-0.494,-3.350,1.862,-90.038,0.002,-0.000,-0.001,0.002,11,weighted_average,kalman(weighted_average),false
1788769831.789,138.834,-0.492,-3.354,1.860,-90.034,-0.493,-3.353,1.861,-90.044,-0.001,0.002,0.002,0.003,11,weighted_average,kalman(weighted_average),false
1788769831.839,138.885,-0.488,-3.356,1.860,-89.981,-0.490,-3.355,1.861,-90.016,-0.002,0.001,0.001,0.002,11,weighted_average,kalman(weighted_average),false
1788769831.890,138.935,-0.493,-3.349,1.863,-90.033,-0.491,-3.352,1.862,-90.024,0.002,-0.003,-0.001,0.004,11,weighted_average,kalman(weighted_average),false
1788769831.988,139.033,-0.490,-3.355,1.864,-90.033,-0.490,-3.354,1.863,-90.031,-0.000,0.001,-0.000,0.001,11,weighted_average,kalman(weighted_average),false
1788769832.036,139.081,-0.489,-3.357,1.870,-90.048,-0.489,-3.356,1.868,-90.042,-0.000,0.001,-0.002,0.002,11,weighted_average,kalman(weighted_average),false
1788769832.089,139.135,-0.491,-3.354,1.864,-90.059,-0.490,-3.356,1.866,-90.054,0.001,-0.001,0.002,0.003,11,weighted_average,kalman(weighted_average),false
1788769832.141,139.187,-0.490,-3.355,1.865,-90.025,-0.490,-3.355,1.866,-90.042,-0.000,-0.000,0.001,0.001,11,weighted_average,kalman(weighted_average),false
1788769832.188,139.234,-0.489,-3.354,1.870,-90.032,-0.490,-3.355,1.868,-90.037,-0.000,-0.000,-0.002,0.002,11,weighted_average,kalman(weighted_average),false
1788769832.288,139.333,-0.492,-3.353,1.866,-90.056,-0.491,-3.353,1.867,-90.049,0.001,-0.000,0.001,0.001,11,weighted_average,kalman(weighted_average),false
1788769832.332,139.378,-0.489,-3.356,1.864,-90.017,-0.490,-3.355,1.865,-90.033,-0.001,0.001,0.001,0.002,11,weighted_average,kalman(weighted_average),false
1788769832.385,139.430,-0.490,-3.355,1.865,-90.032,-0.490,-3.355,1.864,-90.031,0.000,-0.000,-0.000,0.000,11,weighted_average,kalman(weighted_average),false
1788769832.431,139.477,-0.491,-3.354,1.870,-90.073,-0.491,-3.355,1.867,-90.051,0.001,-0.001,-0.003,0.003,11,weighted_average,kalman(weighted_average),false
1788769832.486,139.532,-0.486,-3.360,1.869,-90.015,-0.488,-3.358,1.868,-90.035,-0.002,0.002,-0.000,0.003,11,weighted_average,kalman(weighted_average),false
1788769832.587,139.633,-0.487,-3.356,1.869,-90.019,-0.487,-3.357,1.870,-90.022,0.000,-0.001,0.000,0.001,11,weighted_average,kalman(weighted_average),false
1788769832.629,139.675,-0.489,-3.352,1.866,-90.013,-0.488,-3.354,1.868,-90.015,0.001,-0.002,0.001,0.002,11,weighted_average,kalman(weighted_average),false
1788769832.678,139.724,-0.491,-3.348,1.862,-90.020,-0.490,-3.350,1.864,-90.015,0.001,-0.002,0.002,0.003,11,weighted_average,kalman(weighted_average),false
1788769832.729,139.774,-0.488,-3.354,1.868,-90.011,-0.489,-3.351,1.866,-90.011,-0.001,0.003,-0.002,0.003,11,weighted_average,kalman(weighted_average),false
1788769832.781,139.827,-0.490,-3.349,1.862,-90.015,-0.490,-3.350,1.863,-90.011,0.000,-0.000,0.001,0.001,11,weighted_average,kalman(weighted_average),false
1788769832.878,139.924,-0.487,-3.350,1.864,-89.965,-0.488,-3.349,1.863,-89.979,-0.001,0.001,-0.001,0.001,11,weighted_average,kalman(weighted_average),false
1788769832.925,139.971,-0.490,-3.343,1.861,-89.967,-0.489,-3.345,1.862,-89.968,0.001,-0.002,0.001,0.002,11,weighted_average,kalman(weighted_average),false
1788769832.980,140.026,-0.496,-3.341,1.862,-90.076,-0.494,-3.341,1.862,-90.022,0.003,-0.001,-0.000,0.003,11,weighted_average,kalman(weighted_average),false
1788769833.028,140.074,-0.493,-3.345,1.861,-90.049,-0.494,-3.343,1.861,-90.042,-0.001,0.003,0.000,0.003,11,weighted_average,kalman(weighted_average),false
1788769833.079,140.125,-0.490,-3.344,1.866,-90.017,-0.492,-3.343,1.864,-90.036,-0.002,0.001,-0.002,0.003,11,weighted_average,kalman(weighted_average),false
1788769833.177,140.223,-0.497,-3.340,1.863,-90.133,-0.496,-3.340,1.863,-90.106,0.001,-0.001,0.001,0.001,11,weighted_average,kalman(weighted_average),false
1788769833.227,140.272,-0.496,-3.337,1.869,-90.116,-0.497,-3.338,1.867,-90.123,-0.000,-0.001,-0.002,0.002,11,weighted_average,kalman(weighted_average),false
1788769833.278,140.323,-0.493,-3.338,1.859,-90.038,-0.495,-3.337,1.863,-90.087,-0.002,0.001,0.004,0.004,11,weighted_average,kalman(weighted_average),false
1788769833.328,140.374,-0.494,-3.335,1.859,-90.059,-0.494,-3.335,1.860,-90.073,-0.000,-0.000,0.001,0.001,11,weighted_average,kalman(weighted_average),false
1788769833.378,140.423,-0.492,-3.336,1.859,-90.014,-0.493,-3.335,1.858,-90.041,-0.001,0.001,-0.000,0.001,11,weighted_average,kalman(weighted_average),false
1788769833.475,140.520,-0.494,-3.332,1.859,-90.037,-0.493,-3.332,1.858,-90.030,0.001,-0.000,-0.001,0.001,11,weighted_average,kalman(weighted_average),false
1788769833.523,140.569,-0.495,-3.332,1.851,-90.045,-0.494,-3.332,1.853,-90.035,0.001,0.000,0.003,0.003,11,weighted_average,kalman(weighted_average),false
1788769833.579,140.625,-0.499,-3.328,1.856,-90.091,-0.497,-3.329,1.854,-90.065,0.001,-0.001,-0.002,0.003,11,weighted_average,kalman(weighted_average),false
1788769833.632,140.677,-0.500,-3.327,1.852,-90.107,-0.500,-3.327,1.853,-90.092,0.000,0.000,0.000,0.001,11,weighted_average,kalman(weighted_average),false
1788769833.684,140.729,-0.497,-3.330,1.847,-90.051,-0.498,-3.328,1.849,-90.077,-0.002,0.002,0.002,0.003,11,weighted_average,kalman(weighted_average),false
1788769833.781,140.827,-0.494,-3.329,1.848,-89.981,-0.495,-3.329,1.847,-90.015,-0.001,0.001,-0.001,0.002,11,weighted_average,kalman(weighted_average),false
1788769833.824,140.870,-0.501,-3.325,1.844,-90.093,-0.498,-3.326,1.845,-90.051,0.003,-0.002,0.001,0.003,11,weighted_average,kalman(weighted_average),false
1788769833.882,140.927,-0.498,-3.326,1.841,-90.047,-0.499,-3.326,1.842,-90.048,-0.000,0.000,0.001,0.001,11,weighted_average,kalman(weighted_average),false
1788769833.927,140.972,-0.499,-3.321,1.847,-90.034,-0.499,-3.322,1.844,-90.040,0.000,-0.002,-0.003,0.004,11,weighted_average,kalman(weighted_average),false
1788769833.979,141.025,-0.502,-3.318,1.846,-90.070,-0.501,-3.319,1.845,-90.054,0.001,-0.001,-0.001,0.002,11,weighted_average,kalman(weighted_average),false
1788769834.071,141.117,-0.500,-3.319,1.846,-90.044,-0.501,-3.318,1.846,-90.049,-0.001,0.001,-0.000,0.001,11,weighted_average,kalman(weighted_average),false
1788769834.122,141.168,-0.499,-3.319,1.842,-90.019,-0.500,-3.318,1.843,-90.031,-0.001,0.001,0.002,0.002,11,weighted_average,kalman(weighted_average),false
1788769834.177,141.223,-0.505,-3.315,1.848,-90.124,-0.503,-3.316,1.846,-90.080,0.002,-0.001,-0.002,0.003,11,weighted_average,kalman(weighted_average),false
1788769834.227,141.273,-0.499,-3.320,1.845,-90.042,-0.501,-3.318,1.845,-90.065,-0.002,0.002,0.001,0.003,11,weighted_average,kalman(weighted_average),false
1788769834.281,141.326,-0.497,-3.318,1.843,-89.986,-0.499,-3.318,1.844,-90.025,-0.001,0.000,0.001,0.002,11,weighted_average,kalman(weighted_average),false
1788769834.379,141.424,-0.500,-3.316,1.846,-90.032,-0.499,-3.316,1.845,-90.022,0.001,-0.001,-0.001,0.001,11,weighted_average,kalman(weighted_average),false
1788769834.424,141.470,-0.503,-3.313,1.843,-90.060,-0.502,-3.314,1.844,-90.042,0.001,-0.001,0.001,0.002,11,weighted_average,kalman(weighted_average),false
1788769834.478,141.524,-0.503,-3.311,1.843,-90.064,-0.503,-3.312,1.843,-90.056,0.000,-0.001,0.000,0.001,11,weighted_average,kalman(weighted_average),false
1788769834.526,141.572,-0.501,-3.313,1.846,-90.043,-0.503,-3.312,1.845,-90.052,-0.001,0.001,-0.001,0.002,11,weighted_average,kalman(weighted_average),false
1788769834.577,141.623,-0.501,-3.312,1.841,-90.026,-0.502,-3.312,1.843,-90.041,-0.001,0.001,0.002,0.002,11,weighted_average,kalman(weighted_average),false
1788769834.673,141.719,-0.504,-3.309,1.840,-90.072,-0.504,-3.310,1.840,-90.061,0.001,-0.000,0.000,0.001,11,weighted_average,kalman(weighted_average),false
1788769834.723,141.769,-0.505,-3.309,1.842,-90.088,-0.505,-3.309,1.841,-90.079,0.000,0.000,-0.001,0.001,11,weighted_average,kalman(weighted_average),false
1788769834.777,141.823,-0.495,-3.314,1.838,-89.918,-0.499,-3.312,1.839,-89.994,-0.004,0.002,0.001,0.004,11,weighted_average,kalman(weighted_average),false
1788769834.823,141.869,-0.503,-3.310,1.840,-90.031,-0.501,-3.311,1.839,-90.003,0.002,-0.001,-0.001,0.003,11,weighted_average,kalman(weighted_average),false
1788769834.874,141.919,-0.502,-3.309,1.838,-89.988,-0.501,-3.310,1.838,-89.989,0.001,-0.001,0.000,0.001,11,weighted_average,kalman(weighted_average),false
1788769834.969,142.015,-0.506,-3.309,1.840,-90.049,-0.505,-3.309,1.839,-90.021,0.001,0.000,-0.001,0.001,11,weighted_average,kalman(weighted_average),false
1788769835.020,142.065,-0.506,-3.309,1.837,-90.036,-0.506,-3.309,1.838,-90.032,-0.000,0.000,0.001,0.001,11,weighted_average,kalman(weighted_average),false
1788769835.067,142.112,-0.510,-3.307,1.842,-90.091,-0.509,-3.308,1.840,-90.067,0.001,-0.001,-0.002,0.002,11,weighted_average,kalman(weighted_average),false
1788769835.117,142.162,-0.507,-3.312,1.841,-90.061,-0.509,-3.310,1.841,-90.073,-0.001,0.002,0.000,0.002,11,weighted_average,kalman(weighted_average),false
1788769835.171,142.217,-0.507,-3.312,1.841,-90.061,-0.508,-3.311,1.841,-90.074,-0.001,0.000,0.000,0.001,11,weighted_average,kalman(weighted_average),false
1788769835.267,142.312,-0.508,-3.309,1.836,-89.985,-0.508,-3.310,1.838,-90.020,-0.000,-0.001,0.001,0.002,11,weighted_average,kalman(weighted_average),false
1788769835.317,142.363,-0.509,-3.309,1.840,-90.015,-0.509,-3.309,1.839,-90.010,0.000,-0.000,-0.001,0.001,11,weighted_average,kalman(weighted_average),false
1788769835.367,142.412,-0.513,-3.305,1.836,-90.057,-0.512,-3.306,1.837,-90.029,0.002,-0.001,0.001,0.002,11,weighted_average,kalman(weighted_average),false
1788769835.419,142.464,-0.513,-3.306,1.839,-90.058,-0.513,-3.305,1.838,-90.044,0.000,0.000,-0.001,0.001,11,weighted_average,kalman(weighted_average),false
1788769835.469,142.514,-0.517,-3.303,1.839,-90.103,-0.516,-3.304,1.838,-90.076,0.001,-0.000,-0.001,0.001,11,weighted_average,kalman(weighted_average),false
1788769835.562,142.608,-0.513,-3.307,1.837,-90.059,-0.515,-3.306,1.837,-90.074,-0.002,0.002,0.000,0.002,11,weighted_average,kalman(weighted_average),false
1788769835.611,142.657,-0.514,-3.308,1.836,-90.067,-0.515,-3.307,1.836,-90.072,-0.000,0.000,0.000,0.001,11,weighted_average,kalman(weighted_average),false
1788769835.659,142.705,-0.518,-3.304,1.835,-90.107,-0.516,-3.306,1.835,-90.091,0.001,-0.002,0.000,0.002,11,weighted_average,kalman(weighted_average),false
1788769835.711,142.757,-0.514,-3.307,1.834,-90.054,-0.515,-3.306,1.834,-90.075,-0.001,0.001,0.000,0.001,11,weighted_average,kalman(weighted_average),false
1788769835.760,142.805,-0.515,-3.308,1.834,-90.069,-0.515,-3.307,1.834,-90.072,-0.000,0.000,-0.000,0.000,11,weighted_average,kalman(weighted_average),false
1788769835.859,142.904,-0.511,-3.309,1.831,-90.017,-0.512,-3.308,1.831,-90.034,-0.001,0.000,0.000,0.001,11,weighted_average,kalman(weighted_average),false
1788769835.902,142.948,-0.517,-3.306,1.826,-90.092,-0.514,-3.307,1.827,-90.061,0.002,-0.001,0.002,0.003,11,weighted_average,kalman(weighted_average),false
1788769835.955,143.001,-0.511,-3.311,1.828,-90.034,-0.513,-3.309,1.827,-90.046,-0.001,0.001,-0.001,0.002,11,weighted_average,kalman(weighted_average),false
1788769836.008,143.053,-0.497,-2.977,1.768,-89.644,-0.513,-3.309,1.827,-89.827,-0.015,-0.332,0.059,0.337,0,weighted_average,kalman(weighted_average),true
1788769836.058,143.104,-0.501,-2.977,1.766,-89.687,-0.503,-3.050,1.779,-89.716,-0.003,-0.073,0.013,0.074,0,weighted_average,kalman(weighted_average),false
1788769836.154,143.199,-0.491,-2.979,1.759,-89.519,-0.493,-2.955,1.756,-89.527,-0.001,0.024,-0.003,0.024,0,weighted_average,kalman(weighted_average),false
1788769836.198,143.244,-0.502,-2.977,1.755,-89.679,-0.497,-2.950,1.751,-89.574,0.005,0.027,-0.004,0.028,0,weighted_average,kalman(weighted_average),false
1788769836.254,143.299,-0.489,-2.980,1.764,-89.517,-0.492,-2.953,1.755,-89.518,-0.002,0.026,-0.009,0.028,0,weighted_average,kalman(weighted_average),false
1788769836.301,143.346,-0.498,-2.981,1.756,-89.639,-0.494,-2.963,1.754,-89.559,0.004,0.018,-0.001,0.018,0,weighted_average,kalman(weighted_average),false
1788769836.353,143.399,-0.498,-2.978,1.750,-89.648,-0.496,-2.969,1.751,-89.596,0.002,0.008,0.001,0.009,0,weighted_average,kalman(weighted_average),false
1788769836.450,143.496,-0.485,-2.989,1.739,-89.478,-0.488,-2.984,1.741,-89.518,-0.003,0.005,0.001,0.006,0,weighted_average,kalman(weighted_average),false
1788769836.499,143.544,-0.491,-2.983,1.747,-89.558,-0.489,-2.985,1.743,-89.530,0.002,-0.003,-0.004,0.005,0,weighted_average,kalman(weighted_average),false
1788769836.548,143.594,-0.495,-2.985,1.744,-89.630,-0.492,-2.986,1.743,-89.578,0.003,-0.002,-0.001,0.003,0,weighted_average,kalman(weighted_average),false
1788769836.596,143.642,-0.501,-3.151,1.768,-89.807,-0.498,-3.085,1.757,-89.700,0.003,0.066,-0.011,0.067,0|11,weighted_average,kalman(weighted_average),false
1788769836.652,143.697,-0.494,-2.987,1.738,-89.627,-0.497,-3.044,1.748,-89.687,-0.002,-0.057,0.010,0.058,0,weighted_average,kalman(weighted_average),false
1788769836.750,143.795,-0.490,-2.989,1.734,-89.554,-0.492,-3.004,1.737,-89.613,-0.002,-0.015,0.003,0.015,0,weighted_average,kalman(weighted_average),false
1788769836.794,143.840,-0.516,-3.324,1.786,-90.132,-0.492,-3.004,1.737,-89.898,0.025,0.320,-0.049,0.325,11,weighted_average,kalman(weighted_average),true
1788769836.846,143.892,-0.489,-3.003,1.726,-89.522,-0.489,-3.003,1.728,-89.736,-0.001,-0.000,0.002,0.002,0,weighted_average,kalman(weighted_average),false
1788769836.897,143.942,-0.513,-3.335,1.783,-90.056,-0.489,-3.003,1.728,-89.905,0.024,0.332,-0.055,0.338,11,weighted_average,kalman(weighted_average),true
1788769836.949,143.995,-0.510,-3.349,1.777,-90.019,-0.506,-3.277,1.766,-89.994,0.004,0.073,-0.010,0.074,11,weighted_average,kalman(weighted_average),false
1788769837.050,144.096,-0.513,-3.359,1.771,-89.975,-0.514,-3.381,1.776,-90.025,-0.001,-0.022,0.005,0.023,11,weighted_average,kalman(weighted_average),false
1788769837.110,144.156,-0.518,-3.364,1.781,-90.100,-0.518,-3.391,1.781,-90.085,-0.000,-0.027,0.001,0.027,11,weighted_average,kalman(weighted_average),false
1788769837.150,144.196,-0.517,-3.379,1.777,-90.077,-0.519,-3.394,1.781,-90.096,-0.002,-0.015,0.003,0.016,11,weighted_average,kalman(weighted_average),false
1788769837.198,144.243,-0.522,-3.379,1.771,-90.104,-0.522,-3.394,1.776,-90.115,0.000,-0.015,0.005,0.016,11,weighted_average,kalman(weighted_average),false
1788769837.249,144.294,-0.517,-3.400,1.767,-90.053,-0.520,-3.403,1.771,-90.097,-0.003,-0.003,0.003,0.005,11,weighted_average,kalman(weighted_average),false
1788769837.347,144.393,-0.524,-3.420,1.764,-90.137,-0.523,-3.421,1.765,-90.131,0.000,-0.001,0.000,0.001,11,weighted_average,kalman(weighted_average),false
1788769837.396,144.442,-0.527,-3.419,1.768,-90.148,-0.527,-3.423,1.766,-90.147,0.001,-0.004,-0.002,0.004,11,weighted_average,kalman(weighted_average),false
1788769837.448,144.493,-0.524,-3.438,1.767,-90.080,-0.526,-3.435,1.766,-90.118,-0.002,0.003,-0.001,0.004,11,weighted_average,kalman(weighted_average),false
1788769837.496,144.542,-0.530,-3.440,1.767,-90.151,-0.529,-3.441,1.767,-90.135,0.001,-0.001,-0.001,0.002,11,weighted_average,kalman(weighted_average),false
1788769837.562,144.608,-0.532,-3.456,1.766,-90.174,-0.532,-3.454,1.766,-90.161,0.000,0.001,0.000,0.001,11,weighted_average,kalman(weighted_average),false
1788769837.660,144.706,-0.533,-3.475,1.756,-90.138,-0.534,-3.474,1.759,-90.152,-0.001,0.001,0.002,0.002,11,weighted_average,kalman(weighted_average),false
1788769837.708,144.754,-0.535,-3.483,1.761,-90.143,-0.535,-3.483,1.759,-90.147,0.000,-0.000,-0.002,0.002,11,weighted_average,kalman(weighted_average),false
1788769837.761,144.807,-0.536,-3.488,1.754,-90.127,-0.536,-3.490,1.755,-90.135,-0.000,-0.002,0.001,0.002,11,weighted_average,kalman(weighted_average),false
1788769837.812,144.857,-0.536,-3.501,1.760,-90.152,-0.537,-3.500,1.757,-90.142,-0.000,0.001,-0.003,0.003,11,weighted_average,kalman(weighted_average),false
1788769837.861,144.907,-0.536,-3.504,1.756,-90.107,-0.536,-3.506,1.756,-90.123,-0.001,-0.002,-0.000,0.002,11,weighted_average,kalman(weighted_average),false
1788769837.958,145.004,-0.537,-3.517,1.750,-90.100,-0.537,-3.518,1.751,-90.103,0.000,-0.001,0.001,0.001,11,weighted_average,kalman(weighted_average),false
1788769838.005,145.051,-0.536,-3.524,1.757,-90.099,-0.537,-3.524,1.754,-90.097,-0.001,-0.000,-0.003,0.003,11,weighted_average,kalman(weighted_average),false
1788769838.059,145.105,-0.544,-3.529,1.749,-90.203,-0.541,-3.530,1.751,-90.152,0.003,-0.001,0.002,0.003,11,weighted_average,kalman(weighted_average),false
1788769838.110,145.156,-0.541,-3.538,1.753,-90.159,-0.542,-3.537,1.752,-90.162,-0.001,0.001,-0.001,0.002,11,weighted_average,kalman(weighted_average),false
1788769838.167,145.212,-0.538,-3.540,1.752,-90.086,-0.540,-3.542,1.752,-90.128,-0.002,-0.002,-0.000,0.003,11,weighted_average,kalman(weighted_average),false
1788769838.261,145.307,-0.538,-3.551,1.737,-90.074,-0.539,-3.551,1.740,-90.090,-0.000,0.000,0.003,0.003,11,weighted_average,kalman(weighted_average),false
1788769838.312,145.357,-0.544,-3.548,1.746,-90.135,-0.542,-3.551,1.742,-90.110,0.002,-0.003,-0.004,0.005,11,weighted_average,kalman(weighted_average),false
1788769838.360,145.405,-0.546,-3.549,1.747,-90.177,-0.545,-3.551,1.745,-90.145,0.001,-0.002,-0.003,0.004,11,weighted_average,kalman(weighted_average),false
1788769838.411,145.456,-0.547,-3.550,1.745,-90.185,-0.547,-3.551,1.745,-90.171,0.000,-0.001,-0.000,0.001,11,weighted_average,kalman(weighted_average),false
1788769838.461,145.506,-0.544,-3.555,1.751,-90.160,-0.546,-3.554,1.748,-90.173,-0.002,0.001,-0.002,0.003,11,weighted_average,kalman(weighted_average),false
1788769838.554,145.600,-0.545,-3.554,1.752,-90.165,-0.545,-3.554,1.752,-90.175,-0.001,-0.001,-0.000,0.001,11,weighted_average,kalman(weighted_average),false
1788769838.608,145.654,-0.544,-3.553,1.748,-90.134,-0.544,-3.553,1.750,-90.153,-0.000,-0.001,0.002,0.002,11,weighted_average,kalman(weighted_average),false
1788769838.657,145.703,-0.546,-3.547,1.750,-90.141,-0.545,-3.549,1.750,-90.144,0.001,-0.002,0.000,0.003,11,weighted_average,kalman(weighted_average),false
1788769838.709,145.755,-0.550,-3.543,1.760,-90.229,-0.548,-3.545,1.756,-90.186,0.002,-0.001,-0.004,0.005,11,weighted_average,kalman(weighted_average),false
1788769838.759,145.804,-0.549,-3.544,1.751,-90.199,-0.549,-3.543,1.754,-90.198,-0.000,0.001,0.003,0.003,11,weighted_average,kalman(weighted_average),false
1788769838.859,145.904,-0.546,-3.539,1.751,-90.158,-0.548,-3.539,1.752,-90.178,-0.001,0.000,0.001,0.002,11,weighted_average,kalman(weighted_average),false
1788769838.907,145.952,-0.552,-3.530,1.753,-90.227,-0.550,-3.533,1.752,-90.205,0.002,-0.002,-0.001,0.003,11,weighted_average,kalman(weighted_average),false
1788769838.954,146.000,-0.544,-3.536,1.757,-90.150,-0.547,-3.533,1.755,-90.179,-0.003,0.003,-0.002,0.004,11,weighted_average,kalman(weighted_average),false
1788769839.007,146.053,-0.551,-3.522,1.757,-90.192,-0.549,-3.525,1.757,-90.183,0.002,-0.004,-0.001,0.004,11,weighted_average,kalman(weighted_average),false
1788769839.056,146.102,-0.549,-3.517,1.759,-90.165,-0.549,-3.519,1.759,-90.174,0.000,-0.001,-0.000,0.001,11,weighted_average,kalman(weighted_average),false
1788769839.154,146.200,-0.551,-3.507,1.755,-90.200,-0.551,-3.507,1.756,-90.188,0.000,-0.000,0.002,0.002,11,weighted_average,kalman(weighted_average),false
1788769839.196,146.242,-0.552,-3.500,1.769,-90.243,-0.552,-3.501,1.764,-90.220,0.000,-0.001,-0.005,0.005,11,weighted_average,kalman(weighted_average),false
1788769839.250,146.296,-0.554,-3.494,1.766,-90.261,-0.554,-3.494,1.766,-90.249,0.000,0.000,0.001,0.001,11,weighted_average,kalman(weighted_average),false
1788769839.297,146.343,-0.548,-3.491,1.766,-90.189,-0.551,-3.490,1.767,-90.227,-0.003,0.001,0.001,0.003,11,weighted_average,kalman(weighted_average),false
1788769839.355,146.400,-0.552,-3.481,1.773,-90.209,-0.551,-3.482,1.771,-90.219,0.001,-0.001,-0.001,0.002,11,weighted_average,kalman(weighted_average),false
1788769839.456,146.502,-0.551,-3.467,1.777,-90.204,-0.551,-3.468,1.777,-90.209,-0.000,-0.000,-0.000,0.000,11,weighted_average,kalman(weighted_average),false
1788769839.499,146.544,-0.551,-3.462,1.783,-90.203,-0.551,-3.462,1.782,-90.204,0.000,0.000,-0.001,0.001,11,weighted_average,kalman(weighted_average),false
1788769839.550,146.596,-0.555,-3.453,1.781,-90.277,-0.554,-3.453,1.783,-90.242,0.002,-0.001,0.002,0.003,11,weighted_average,kalman(weighted_average),false
1788769839.600,146.645,-0.553,-3.447,1.779,-90.244,-0.553,-3.447,1.782,-90.248,-0.001,0.001,0.003,0.003,11,weighted_average,kalman(weighted_average),false
1788769839.654,146.699,-0.549,-3.442,1.784,-90.181,-0.551,-3.441,1.784,-90.217,-0.002,0.001,-0.001,0.002,11,weighted_average,kalman(weighted_average),false
1788769839.752,146.798,-0.548,-3.431,1.791,-90.170,-0.548,-3.430,1.790,-90.182,-0.000,0.001,-0.001,0.001,11,weighted_average,kalman(weighted_average),false
1788769839.799,146.844,-0.551,-3.416,1.788,-90.158,-0.549,-3.419,1.790,-90.163,0.001,-0.003,0.002,0.004,11,weighted_average,kalman(weighted_average),false
1788769839.857,146.902,-0.551,-3.411,1.792,-90.177,-0.551,-3.411,1.792,-90.163,0.001,0.001,-0.000,0.001,11,weighted_average,kalman(weighted_average),false
1788769839.902,146.948,-0.549,-3.410,1.793,-90.148,-0.550,-3.408,1.793,-90.151,-0.001,0.003,0.000,0.003,11,weighted_average,kalman(weighted_average),false
1788769839.954,147.000,-0.554,-3.397,1.799,-90.194,-0.552,-3.399,1.797,-90.168,0.002,-0.002,-0.002,0.003,11,weighted_average,kalman(weighted_average),false
1788769840.051,147.096,-0.551,-3.392,1.802,-90.154,-0.552,-3.391,1.802,-90.158,-0.001,0.002,0.000,0.002,11,weighted_average,kalman(weighted_average),false
1788769840.094,147.140,-0.551,-3.392,1.802,-90.154,-0.551,-3.390,1.803,-90.154,-0.000,0.002,0.001,0.002,11,weighted_average,kalman(weighted_average),false
1788769840.148,147.194,-0.551,-3.392,1.802,-90.154,-0.551,-3.390,1.803,-90.152,-0.000,0.002,0.001,0.002,11,weighted_average,kalman(weighted_average),false
1788769840.197,147.242,-0.558,-3.371,1.814,-90.267,-0.555,-3.378,1.810,-90.211,0.003,-0.007,-0.004,0.009,11,weighted_average,kalman(weighted_average),false
1788769840.256,147.302,-0.558,-3.371,1.814,-90.267,-0.558,-3.371,1.815,-90.251,0.000,0.000,0.000,0.000,11,weighted_average,kalman(weighted_average),false
1788769840.357,147.403,-0.554,-3.357,1.826,-90.172,-0.556,-3.358,1.825,-90.212,-0.002,-0.000,-0.001,0.002,11,weighted_average,kalman(weighted_average),false
1788769840.401,147.447,-0.556,-3.353,1.831,-90.211,-0.555,-3.353,1.830,-90.209,0.000,0.000,-0.001,0.001,11,weighted_average,kalman(weighted_average),false
1788769840.460,147.505,-0.556,-3.353,1.831,-90.211,-0.555,-3.350,1.833,-90.208,0.000,0.003,0.002,0.003,11,weighted_average,kalman(weighted_average),false
1788769840.506,147.552,-0.555,-3.348,1.836,-90.170,-0.555,-3.348,1.836,-90.186,-0.000,0.001,0.000,0.001,11,weighted_average,kalman(weighted_average),false
1788769840.554,147.600,-0.555,-3.344,1.836,-90.131,-0.555,-3.344,1.838,-90.153,0.000,0.000,0.001,0.001,11,weighted_average,kalman(weighted_average),false
1788769840.652,147.698,-0.556,-3.343,1.841,-90.138,-0.556,-3.342,1.841,-90.131,0.000,0.001,0.001,0.001,11,weighted_average,kalman(weighted_average),false
1788769840.702,147.748,-0.559,-3.344,1.845,-90.201,-0.558,-3.342,1.844,-90.166,0.001,0.001,-0.001,0.002,11,weighted_average,kalman(weighted_average),false
1788769840.754,147.800,-0.564,-3.339,1.843,-90.264,-0.562,-3.340,1.844,-90.222,0.002,-0.001,0.001,0.002,11,weighted_average,kalman(weighted_average),false
1788769840.812,147.858,-0.564,-3.339,1.843,-90.264,-0.564,-3.339,1.844,-90.257,-0.000,0.000,0.001,0.001,11,weighted_average,kalman(weighted_average),false
1788769840.862,147.908,-0.558,-3.343,1.844,-90.164,-0.561,-3.341,1.844,-90.220,-0.003,0.002,0.000,0.004,11,weighted_average,kalman(weighted_average),false
1788769840.954,147.999,-0.562,-3.344,1.843,-90.199,-0.561,-3.343,1.843,-90.208,0.000,0.001,0.000,0.001,11,weighted_average,kalman(weighted_average),false
1788769841.010,148.055,-0.562,-3.344,1.843,-90.199,-0.562,-3.344,1.843,-90.202,0.000,-0.000,0.000,0.000,11,weighted_average,kalman(weighted_average),false
1788769841.064,148.109,-0.564,-3.345,1.842,-90.236,-0.563,-3.345,1.842,-90.219,0.001,-0.000,0.000,0.001,11,weighted_average,kalman(weighted_average),false
1788769841.107,148.153,-0.562,-3.349,1.844,-90.197,-0.563,-3.348,1.843,-90.210,-0.000,0.001,-0.001,0.002,11,weighted_average,kalman(weighted_average),false
1788769841.165,148.210,-0.562,-3.349,1.844,-90.197,-0.563,-3.349,1.844,-90.203,-0.000,-0.000,-0.000,0.000,11,weighted_average,kalman(weighted_average),false
1788769841.257,148.302,-0.568,-3.355,1.844,-90.274,-0.567,-3.354,1.844,-90.248,0.001,0.001,0.000,0.001,11,weighted_average,kalman(weighted_average),false
1788769841.328,148.374,-0.568,-3.355,1.844,-90.274,-0.568,-3.355,1.844,-90.272,-0.000,-0.001,0.000,0.001,11,weighted_average,kalman(weighted_average),false
1788769841.377,148.422,-0.562,-3.363,1.839,-90.190,-0.565,-3.361,1.841,-90.232,-0.003,0.002,0.002,0.004,11,weighted_average,kalman(weighted_average),false
1788769841.416,148.461,-0.564,-3.365,1.841,-90.227,-0.564,-3.364,1.841,-90.228,-0.000,0.001,-0.001,0.001,11,weighted_average,kalman(weighted_average),false
1788769841.476,148.521,-0.564,-3.365,1.841,-90.227,-0.563,-3.366,1.841,-90.225,0.000,-0.001,-0.001,0.002,11,weighted_average,kalman(weighted_average),false
1788769841.569,148.615,-0.563,-3.369,1.839,-90.222,-0.563,-3.369,1.839,-90.221,0.000,-0.000,0.000,0.001,11,weighted_average,kalman(weighted_average),false
1788769841.622,148.667,-0.563,-3.369,1.839,-90.222,-0.563,-3.370,1.839,-90.220,0.000,-0.001,-0.000,0.001,11,weighted_average,kalman(weighted_average),false
1788769841.673,148.719,-0.561,-3.369,1.846,-90.190,-0.562,-3.370,1.843,-90.203,-0.001,-0.001,-0.003,0.003,11,weighted_average,kalman(weighted_average),false
1788769841.720,148.766,-0.559,-3.380,1.844,-90.176,-0.560,-3.376,1.844,-90.186,-0.001,0.004,0.000,0.004,11,weighted_average,kalman(weighted_average),false
1788769841.776,148.821,-0.559,-3.380,1.844,-90.176,-0.559,-3.379,1.845,-90.175,0.000,0.000,0.001,0.001,11,weighted_average,kalman(weighted_average),false
1788769841.871,148.917,-0.561,-3.384,1.840,-90.219,-0.560,-3.384,1.842,-90.198,0.001,-0.000,0.001,0.002,11,weighted_average,kalman(weighted_average),false
1788769841.915,148.961,-0.559,-3.388,1.839,-90.207,-0.560,-3.387,1.840,-90.205,-0.000,0.000,0.000,0.001,11,weighted_average,kalman(weighted_average),false
1788769841.969,149.014,-0.559,-3.388,1.839,-90.207,-0.559,-3.389,1.839,-90.209,-0.000,-0.001,-0.000,0.001,11,weighted_average,kalman(weighted_average),false
1788769842.023,149.068,-0.563,-3.385,1.841,-90.258,-0.562,-3.387,1.839,-90.238,0.001,-0.002,-0.001,0.003,11,weighted_average,kalman(weighted_average),false
1788769842.068,149.114,-0.559,-3.390,1.843,-90.229,-0.561,-3.389,1.841,-90.239,-0.001,0.001,-0.002,0.002,11,weighted_average,kalman(weighted_average),false
1788769842.171,149.217,-0.559,-3.395,1.840,-90.243,-0.559,-3.394,1.840,-90.248,-0.000,0.001,0.001,0.001,11,weighted_average,kalman(weighted_average),false
1788769842.218,149.264,-0.557,-3.397,1.842,-90.207,-0.557,-3.397,1.841,-90.227,-0.001,0.000,-0.001,0.001,11,weighted_average,kalman(weighted_average),false
1788769842.284,149.330,-0.557,-3.397,1.842,-90.207,-0.556,-3.398,1.842,-90.213,0.000,-0.001,-0.000,0.001,11,weighted_average,kalman(weighted_average),false
1788769842.329,149.375,-0.559,-3.396,1.841,-90.249,-0.558,-3.397,1.841,-90.229,0.002,-0.001,0.000,0.002,11,weighted_average,kalman(weighted_average),false
1788769842.371,149.417,-0.557,-3.401,1.842,-90.227,-0.557,-3.400,1.842,-90.228,-0.000,0.002,-0.000,0.002,11,weighted_average,kalman(weighted_average),false
1788769842.474,149.520,-0.557,-3.399,1.840,-90.213,-0.557,-3.400,1.840,-90.218,0.000,-0.001,0.000,0.001,11,weighted_average,kalman(weighted_average),false
1788769842.520,149.566,-0.554,-3.407,1.840,-90.165,-0.555,-3.405,1.840,-90.186,-0.001,0.002,-0.000,0.003,11,weighted_average,kalman(weighted_average),false
1788769842.568,149.614,-0.559,-3.406,1.838,-90.256,-0.557,-3.407,1.838,-90.217,0.002,-0.000,0.001,0.002,11,weighted_average,kalman(weighted_average),false
1788769842.617,149.663,-0.560,-3.405,1.835,-90.268,-0.559,-3.407,1.836,-90.245,0.001,-0.001,0.001,0.002,11,weighted_average,kalman(weighted_average),false
1788769842.676,149.722,-0.561,-3.403,1.841,-90.282,-0.561,-3.405,1.839,-90.271,0.000,-0.002,-0.003,0.003,11,weighted_average,kalman(weighted_average),false
1788769842.765,149.811,-0.556,-3.407,1.841,-90.203,-0.558,-3.407,1.840,-90.236,-0.002,0.001,-0.000,0.002,11,weighted_average,kalman(weighted_average),false
1788769842.815,149.860,-0.556,-3.409,1.842,-90.220,-0.556,-3.408,1.841,-90.225,-0.000,0.000,-0.000,0.001,11,weighted_average,kalman(weighted_average),false
1788769842.868,149.914,-0.556,-3.408,1.839,-90.226,-0.555,-3.409,1.840,-90.222,0.001,-0.000,0.001,0.001,11,weighted_average,kalman(weighted_average),false
1788769842.918,149.964,-0.557,-3.406,1.838,-90.234,-0.556,-3.407,1.839,-90.225,0.001,-0.001,0.001,0.002,11,weighted_average,kalman(weighted_average),false
1788769842.970,150.015,-0.552,-3.410,1.844,-90.176,-0.554,-3.409,1.842,-90.198,-0.001,0.001,-0.002,0.003,11,weighted_average,kalman(weighted_average),false
1788769843.063,150.109,-0.561,-3.403,1.840,-90.282,-0.559,-3.404,1.841,-90.246,0.002,-0.002,0.001,0.003,11,weighted_average,kalman(weighted_average),false
1788769843.118,150.163,-0.556,-3.407,1.838,-90.206,-0.558,-3.405,1.839,-90.228,-0.002,0.001,0.001,0.002,11,weighted_average,kalman(weighted_average),false
1788769843.161,150.206,-0.558,-3.404,1.841,-90.228,-0.558,-3.404,1.840,-90.229,-0.000,-0.000,-0.001,0.001,11,weighted_average,kalman(weighted_average),false
1788769843.214,150.260,-0.563,-3.400,1.844,-90.319,-0.561,-3.402,1.842,-90.277,0.002,-0.001,-0.001,0.003,11,weighted_average,kalman(weighted_average),false
1788769843.262,150.307,-0.561,-3.402,1.846,-90.293,-0.562,-3.401,1.845,-90.293,-0.001,0.001,-0.001,0.002,11,weighted_average,kalman(weighted_average),false
1788769843.356,150.402,-0.560,-3.399,1.849,-90.267,-0.561,-3.399,1.849,-90.287,-0.001,-0.000,-0.000,0.001,11,weighted_average,kalman(weighted_average),false
1788769843.406,150.451,-0.554,-3.402,1.841,-90.178,-0.556,-3.401,1.844,-90.226,-0.002,0.002,0.004,0.005,11,weighted_average,kalman(weighted_average),false
1788769843.456,150.502,-0.562,-3.396,1.842,-90.293,-0.559,-3.398,1.842,-90.254,0.003,-0.002,0.001,0.003,11,weighted_average,kalman(weighted_average),false
1788769843.515,150.560,-0.559,-3.395,1.846,-90.246,-0.559,-3.396,1.844,-90.248,-0.000,-0.000,-0.002,0.002,11,weighted_average,kalman(weighted_average),false
1788769843.559,150.605,-0.562,-3.395,1.841,-90.286,-0.561,-3.394,1.842,-90.266,0.001,0.000,0.001,0.002,11,weighted_average,kalman(weighted_average),false
1788769843.658,150.704,-0.562,-3.392,1.843,-90.269,-0.562,-3.392,1.842,-90.270,-0.000,0.000,-0.001,0.001,11,weighted_average,kalman(weighted_average),false
1788769843.708,150.754,-0.560,-3.394,1.835,-90.239,-0.561,-3.393,1.838,-90.253,-0.001,0.001,0.003,0.003,11,weighted_average,kalman(weighted_average),false
1788769843.760,150.806,-0.564,-3.390,1.846,-90.304,-0.563,-3.391,1.842,-90.279,0.001,-0.001,-0.004,0.004,11,weighted_average,kalman(weighted_average),false
1788769843.813,150.858,-0.564,-3.391,1.837,-90.296,-0.564,-3.391,1.839,-90.291,0.000,0.001,0.002,0.003,11,weighted_average,kalman(weighted_average),false
1788769843.860,150.905,-0.564,-3.392,1.837,-90.297,-0.564,-3.391,1.838,-90.298,-0.000,0.001,0.000,0.001,11,weighted_average,kalman(weighted_average),false
1788769843.965,151.010,-0.563,-3.389,1.832,-90.261,-0.564,-3.389,1.833,-90.278,-0.000,-0.000,0.001,0.001,11,weighted_average,kalman(weighted_average),false
1788769844.015,151.061,-0.560,-3.391,1.836,-90.221,-0.561,-3.390,1.834,-90.242,-0.001,0.001,-0.002,0.002,11,weighted_average,kalman(weighted_average),false
1788769844.061,151.107,-0.566,-3.383,1.832,-90.291,-0.564,-3.386,1.833,-90.261,0.003,-0.003,0.001,0.004,11,weighted_average,kalman(weighted_average),false
1788769844.115,151.160,-0.564,-3.387,1.835,-90.310,-0.564,-3.386,1.834,-90.286,-0.000,0.001,-0.001,0.002,11,weighted_average,kalman(weighted_average),false
1788769844.161,151.207,-0.563,-3.387,1.835,-90.276,-0.563,-3.386,1.834,-90.283,-0.001,0.001,-0.001,0.001,11,weighted_average,kalman(weighted_average),false
1788769844.262,151.308,-0.561,-3.387,1.839,-90.258,-0.561,-3.387,1.838,-90.269,-0.001,0.000,-0.001,0.001,11,weighted_average,kalman(weighted_average),false
1788769844.310,151.355,-0.560,-3.388,1.837,-90.262,-0.560,-3.388,1.837,-90.263,-0.000,0.001,0.001,0.001,11,weighted_average,kalman(weighted_average),false
1788769844.359,151.404,-0.558,-3.391,1.834,-90.232,-0.558,-3.390,1.836,-90.244,-0.001,0.001,0.002,0.002,11,weighted_average,kalman(weighted_average),false
1788769844.413,151.458,-0.558,-3.387,1.835,-90.231,-0.558,-3.389,1.835,-90.232,0.001,-0.002,-0.000,0.002,11,weighted_average,kalman(weighted_average),false
1788769844.460,151.505,-0.562,-3.386,1.836,-90.304,-0.560,-3.387,1.836,-90.264,0.002,-0.001,-0.000,0.003,11,weighted_average,kalman(weighted_average),false
1788769844.560,151.606,-0.561,-3.384,1.835,-90.276,-0.561,-3.384,1.835,-90.275,-0.000,-0.000,0.000,0.000,11,weighted_average,kalman(weighted_average),false
1788769844.610,151.655,-0.557,-3.387,1.841,-90.231,-0.558,-3.386,1.839,-90.252,-0.001,0.001,-0.002,0.003,11,weighted_average,kalman(weighted_average),false
1788769844.657,151.702,-0.562,-3.385,1.836,-90.313,-0.560,-3.385,1.838,-90.282,0.002,-0.000,0.001,0.002,11,weighted_average,kalman(weighted_average),false
1788769844.707,151.753,-0.556,-3.385,1.837,-90.222,-0.558,-3.385,1.838,-90.254,-0.002,0.000,0.000,0.002,11,weighted_average,kalman(weighted_average),false
1788769844.760,151.805,-0.556,-3.385,1.836,-90.231,-0.557,-3.385,1.837,-90.240,-0.000,0.000,0.001,0.001,11,weighted_average,kalman(weighted_average),false
1788769844.858,151.903,-0.556,-3.383,1.839,-90.237,-0.556,-3.384,1.838,-90.233,0.000,-0.000,-0.001,0.001,11,weighted_average,kalman(weighted_average),false
1788769844.910,151.956,-0.556,-3.383,1.836,-90.240,-0.556,-3.383,1.837,-90.235,0.000,-0.000,0.001,0.001,11,weighted_average,kalman(weighted_average),false
1788769844.961,152.007,-0.554,-3.385,1.843,-90.222,-0.554,-3.384,1.841,-90.227,-0.001,0.001,-0.002,0.003,11,weighted_average,kalman(weighted_average),false
1788769845.016,152.062,-0.556,-3.385,1.843,-90.264,-0.555,-3.384,1.843,-90.245,0.001,0.000,-0.000,0.001,11,weighted_average,kalman(weighted_average),false
1788769845.063,152.109,-0.556,-3.383,1.846,-90.267,-0.555,-3.384,1.845,-90.258,0.000,-0.000,-0.000,0.001,11,weighted_average,kalman(weighted_average),false
1788769845.163,152.209,-0.556,-3.384,1.845,-90.293,-0.556,-3.384,1.846,-90.286,0.000,0.000,0.001,0.001,11,weighted_average,kalman(weighted_average),false
1788769845.213,152.259,-0.553,-3.384,1.851,-90.243,-0.554,-3.384,1.849,-90.266,-0.001,0.000,-0.001,0.002,11,weighted_average,kalman(weighted_average),false
1788769845.263,152.309,-0.553,-3.386,1.850,-90.265,-0.553,-3.385,1.851,-90.266,0.000,0.000,0.000,0.000,11,weighted_average,kalman(weighted_average),false
1788769845.319,152.365,-0.554,-3.383,1.856,-90.260,-0.553,-3.384,1.854,-90.262,0.000,-0.001,-0.001,0.002,11,weighted_average,kalman(weighted_average),false
1788769845.364,152.410,-0.551,-3.385,1.852,-90.222,-0.552,-3.385,1.854,-90.241,-0.001,0.001,0.002,0.002,11,weighted_average,kalman(weighted_average),false
1788769845.460,152.505,-0.552,-3.387,1.853,-90.248,-0.552,-3.386,1.854,-90.240,0.000,0.000,0.001,0.001,11,weighted_average,kalman(weighted_average),false
1788769845.510,152.555,-0.557,-3.384,1.852,-90.305,-0.555,-3.385,1.853,-90.277,0.002,-0.001,0.001,0.002,11,weighted_average,kalman(weighted_average),false
1788769845.557,152.602,-0.558,-3.382,1.853,-90.319,-0.557,-3.383,1.853,-90.304,0.001,-0.001,-0.000,0.001,11,weighted_average,kalman(weighted_average),false
1788769845.611,152.656,-0.556,-3.384,1.853,-90.288,-0.557,-3.384,1.853,-90.304,-0.001,0.001,-0.000,0.001,11,weighted_average,kalman(weighted_average),false
1788769845.662,152.707,-0.552,-3.387,1.850,-90.233,-0.554,-3.386,1.851,-90.272,-0.002,0.002,0.001,0.003,11,weighted_average,kalman(weighted_average),false
1788769845.759,152.804,-0.556,-3.388,1.854,-90.301,-0.555,-3.388,1.852,-90.289,0.001,0.000,-0.001,0.001,11,weighted_average,kalman(weighted_average),false
1788769845.812,152.858,-0.551,-3.391,1.851,-90.227,-0.553,-3.390,1.852,-90.254,-0.001,0.001,0.001,0.002,11,weighted_average,kalman(weighted_average),false
1788769845.861,152.907,-0.555,-3.393,1.849,-90.288,-0.553,-3.392,1.850,-90.268,0.001,0.000,0.001,0.002,11,weighted_average,kalman(weighted_average),false
1788769845.913,152.959,-0.552,-3.394,1.848,-90.232,-0.553,-3.394,1.849,-90.249,-0.000,-0.000,0.000,0.001,11,weighted_average,kalman(weighted_average),false
1788769845.961,153.007,-0.553,-3.395,1.849,-90.262,-0.553,-3.395,1.848,-90.252,0.001,-0.000,-0.001,0.001,11,weighted_average,kalman(weighted_average),false
1788769846.064,153.110,-0.555,-3.394,1.852,-90.287,-0.554,-3.395,1.851,-90.273,0.001,-0.001,-0.001,0.002,11,weighted_average,kalman(weighted_average),false
1788769846.113,153.158,-0.553,-3.395,1.861,-90.271,-0.554,-3.395,1.858,-90.275,-0.001,-0.000,-0.003,0.003,11,weighted_average,kalman(weighted_average),false
1788769846.163,153.208,-0.554,-3.397,1.860,-90.300,-0.554,-3.396,1.861,-90.291,0.000,0.001,0.000,0.001,11,weighted_average,kalman(weighted_average),false
1788769846.214,153.260,-0.554,-3.397,1.860,-90.300,-0.554,-3.397,1.862,-90.300,-0.000,0.000,0.001,0.001,11,weighted_average,kalman(weighted_average),false
1788769846.263,153.308,-0.556,-3.392,1.864,-90.312,-0.556,-3.394,1.864,-90.310,0.001,-0.002,0.000,0.002,11,weighted_average,kalman(weighted_average),false
1788769846.357,153.402,-0.555,-3.394,1.861,-90.306,-0.555,-3.394,1.863,-90.314,-0.000,0.000,0.002,0.002,11,weighted_average,kalman(weighted_average),false
1788769846.404,153.450,-0.553,-3.397,1.863,-90.277,-0.554,-3.395,1.863,-90.295,-0.001,0.001,0.000,0.002,11,weighted_average,kalman(weighted_average),false
1788769846.457,153.502,-0.556,-3.392,1.862,-90.304,-0.555,-3.394,1.863,-90.298,0.001,-0.001,0.000,0.002,11,weighted_average,kalman(weighted_average),false
1788769846.511,153.557,-0.555,-3.396,1.861,-90.315,-0.555,-3.395,1.862,-90.307,0.000,0.001,0.000,0.001,11,weighted_average,kalman(weighted_average),false
1788769846.555,153.600,-0.554,-3.397,1.860,-90.296,-0.554,-3.396,1.861,-90.302,-0.000,0.001,0.001,0.001,11,weighted_average,kalman(weighted_average),false
1788769846.658,153.704,-0.550,-3.400,1.859,-90.240,-0.551,-3.400,1.859,-90.260,-0.001,0.001,0.000,0.001,11,weighted_average,kalman(weighted_average),false
1788769846.706,153.752,-0.551,-3.400,1.857,-90.254,-0.550,-3.401,1.857,-90.250,0.000,-0.000,0.000,0.001,11,weighted_average,kalman(weighted_average),false
1788769846.764,153.810,-0.553,-3.394,1.863,-90.268,-0.551,-3.397,1.861,-90.254,0.001,-0.003,-0.002,0.004,11,weighted_average,kalman(weighted_average),false
1788769846.807,153.853,-0.550,-3.399,1.859,-90.252,-0.550,-3.398,1.860,-90.250,-0.001,0.001,0.001,0.002,11,weighted_average,kalman(weighted_average),false
1788769846.852,153.898,-0.551,-3.397,1.855,-90.268,-0.551,-3.397,1.857,-90.256,0.001,-0.000,0.002,0.002,11,weighted_average,kalman(weighted_average),false
1788769846.953,153.998,-0.549,-3.395,1.861,-90.244,-0.549,-3.395,1.859,-90.247,-0.000,-0.000,-0.001,0.001,11,weighted_average,kalman(weighted_average),false
1788769846.998,154.044,-0.550,-3.393,1.863,-90.284,-0.550,-3.393,1.862,-90.267,0.001,-0.000,-0.001,0.001,11,weighted_average,kalman(weighted_average),false
1788769847.051,154.097,-0.548,-3.395,1.876,-90.309,-0.549,-3.394,1.871,-90.292,-0.001,0.001,-0.004,0.005,11,weighted_average,kalman(weighted_average),false
1788769847.098,154.144,-0.546,-3.394,1.867,-90.280,-0.547,-3.394,1.871,-90.291,-0.001,0.000,0.003,0.003,11,weighted_average,kalman(weighted_average),false
1788769847.150,154.196,-0.549,-3.392,1.871,-90.351,-0.548,-3.393,1.872,-90.326,0.001,-0.001,0.001,0.002,11,weighted_average,kalman(weighted_average),false
1788769847.243,154.289,-0.545,-3.392,1.872,-90.308,-0.546,-3.392,1.873,-90.325,-0.000,0.000,0.001,0.001,11,weighted_average,kalman(weighted_average),false
1788769847.294,154.339,-0.549,-3.390,1.871,-90.369,-0.547,-3.391,1.872,-90.352,0.001,-0.001,0.001,0.002,11,weighted_average,kalman(weighted_average),false
1788769847.346,154.392,-0.543,-3.397,1.870,-90.333,-0.545,-3.394,1.871,-90.348,-0.001,0.003,0.001,0.003,11,weighted_average,kalman(weighted_average),false
1788769847.394,154.440,-0.535,-3.395,1.871,-90.168,-0.539,-3.395,1.870,-90.257,-0.004,-0.000,-0.000,0.004,11,weighted_average,kalman(weighted_average),false
1788769847.449,154.494,-0.542,-3.398,1.866,-90.320,-0.539,-3.398,1.868,-90.276,0.002,0.001,0.001,0.003,11,weighted_average,kalman(weighted_average),false
1788769847.550,154.596,-0.545,-3.391,1.864,-90.331,-0.543,-3.393,1.865,-90.307,0.002,-0.002,0.000,0.003,11,weighted_average,kalman(weighted_average),false
1788769847.594,154.640,-0.521,-3.053,1.812,-89.855,-0.543,-3.393,1.865,-90.055,-0.021,-0.339,0.053,0.344,0,weighted_average,kalman(weighted_average),true
1788769847.648,154.694,-0.545,-3.392,1.869,-90.363,-0.544,-3.392,1.868,-90.184,0.000,-0.000,-0.001,0.001,11,weighted_average,kalman(weighted_average),false
1788769847.695,154.741,-0.543,-3.393,1.870,-90.341,-0.543,-3.392,1.870,-90.263,-0.001,0.000,-0.000,0.001,11,weighted_average,kalman(weighted_average),false
1788769847.751,154.796,-0.542,-3.392,1.867,-90.319,-0.543,-3.392,1.869,-90.305,-0.000,-0.000,0.002,0.002,11,weighted_average,kalman(weighted_average),false
1788769847.852,154.898,-0.539,-3.393,1.863,-90.276,-0.540,-3.393,1.864,-90.304,-0.001,0.000,0.001,0.002,11,weighted_average,kalman(weighted_average),false
1788769847.899,154.945,-0.540,-3.393,1.863,-90.290,-0.540,-3.393,1.863,-90.299,0.000,-0.000,-0.000,0.001,11,weighted_average,kalman(weighted_average),false
1788769847.950,154.995,-0.538,-3.394,1.865,-90.274,-0.539,-3.394,1.864,-90.287,-0.000,0.000,-0.002,0.002,11,weighted_average,kalman(weighted_average),false
1788769847.998,155.043,-0.543,-3.390,1.855,-90.320,-0.541,-3.392,1.859,-90.303,0.002,-0.002,0.003,0.004,11,weighted_average,kalman(weighted_average),false
1788769848.054,155.100,-0.540,-3.393,1.855,-90.283,-0.541,-3.392,1.855,-90.295,-0.000,0.001,0.000,0.001,11,weighted_average,kalman(weighted_average),false
1788769848.154,155.199,-0.543,-3.392,1.852,-90.309,-0.543,-3.392,1.852,-90.305,0.000,-0.000,-0.001,0.001,11,weighted_average,kalman(weighted_average),false
1788769848.212,155.257,-0.542,-3.389,1.859,-90.276,-0.543,-3.390,1.856,-90.289,-0.000,-0.001,-0.003,0.003,11,weighted_average,kalman(weighted_average),false
1788769848.260,155.305,-0.544,-3.390,1.847,-90.277,-0.544,-3.390,1.851,-90.281,0.000,0.000,0.004,0.004,11,weighted_average,kalman(weighted_average),false
1788769848.310,155.356,-0.546,-3.388,1.850,-90.296,-0.545,-3.388,1.850,-90.286,0.001,-0.000,-0.000,0.001,11,weighted_average,kalman(weighted_average),false
1788769848.358,155.403,-0.545,-3.390,1.853,-90.285,-0.545,-3.389,1.851,-90.285,-0.001,0.001,-0.002,0.002,11,weighted_average,kalman(weighted_average),false
1788769848.452,155.498,-0.544,-3.389,1.855,-90.247,-0.545,-3.389,1.854,-90.259,-0.001,0.000,-0.001,0.001,11,weighted_average,kalman(weighted_average),false
1788769848.507,155.553,-0.547,-3.390,1.849,-90.284,-0.546,-3.389,1.851,-90.270,0.001,0.001,0.002,0.002,11,weighted_average,kalman(weighted_average),false
1788769848.556,155.602,-0.549,-3.389,1.846,-90.310,-0.548,-3.389,1.848,-90.291,0.001,-0.000,0.002,0.002,11,weighted_average,kalman(weighted_average),false
1788769848.611,155.656,-0.550,-3.389,1.847,-90.308,-0.550,-3.389,1.846,-90.303,0.000,-0.000,-0.000,0.000,11,weighted_average,kalman(weighted_average),false
1788769848.657,155.702,-0.553,-3.386,1.843,-90.330,-0.553,-3.388,1.844,-90.320,0.001,-0.001,0.001,0.002,11,weighted_average,kalman(weighted_average),false
1788769848.760,155.805,-0.556,-3.386,1.844,-90.329,-0.556,-3.386,1.843,-90.334,-0.000,-0.000,-0.001,0.001,11,weighted_average,kalman(weighted_average),false
1788769848.802,155.847,-0.559,-3.383,1.843,-90.370,-0.558,-3.384,1.843,-90.357,0.001,-0.001,0.000,0.001,11,weighted_average,kalman(weighted_average),false
1788769848.852,155.898,-0.560,-3.382,1.838,-90.354,-0.560,-3.382,1.840,-90.361,-0.000,-0.000,0.002,0.002,11,weighted_average,kalman(weighted_average),false
1788769848.900,155.946,-0.559,-3.383,1.844,-90.343,-0.560,-3.382,1.842,-90.357,-0.001,0.001,-0.002,0.003,11,weighted_average,kalman(weighted_average),false
1788769848.951,155.997,-0.559,-3.383,1.848,-90.336,-0.560,-3.382,1.845,-90.348,-0.001,0.000,-0.002,0.003,11,weighted_average,kalman(weighted_average),false
1788769849.050,156.096,-0.560,-3.381,1.844,-90.337,-0.560,-3.381,1.845,-90.341,-0.000,-0.000,0.001,0.001,11,weighted_average,kalman(weighted_average),false
1788769849.096,156.141,-0.559,-3.385,1.842,-90.338,-0.560,-3.383,1.843,-90.338,-0.000,0.001,0.001,0.002,11,weighted_average,kalman(weighted_average),false
1788769849.147,156.192,-0.559,-3.384,1.843,-90.324,-0.559,-3.384,1.843,-90.329,-0.000,0.000,-0.000,0.000,11,weighted_average,kalman(weighted_average),false
1788769849.203,156.249,-0.559,-3.384,1.843,-90.324,-0.559,-3.384,1.843,-90.324,0.000,-0.000,-0.000,0.000,11,weighted_average,kalman(weighted_average),false
1788769849.251,156.297,-0.563,-3.381,1.848,-90.391,-0.561,-3.382,1.846,-90.357,0.002,-0.001,-0.002,0.003,11,weighted_average,kalman(weighted_average),false
1788769849.352,156.398,-0.564,-3.372,1.846,-90.353,-0.564,-3.374,1.847,-90.360,0.000,-0.002,0.000,0.002,11,weighted_average,kalman(weighted_average),false
1788769849.396,156.442,-0.564,-3.375,1.845,-90.402,-0.565,-3.374,1.846,-90.385,-0.000,0.001,0.001,0.002,11,weighted_average,kalman(weighted_average),false
1788769849.453,156.499,-0.560,-3.376,1.840,-90.313,-0.562,-3.374,1.842,-90.350,-0.002,0.002,0.002,0.003,11,weighted_average,kalman(weighted_average),false
1788769849.502,156.548,-0.560,-3.374,1.841,-90.303,-0.561,-3.374,1.841,-90.322,-0.001,0.000,-0.000,0.001,11,weighted_average,kalman(weighted_average),false
1788769849.552,156.598,-0.562,-3.372,1.835,-90.316,-0.561,-3.372,1.837,-90.313,0.001,-0.000,0.002,0.002,11,weighted_average,kalman(weighted_average),false
1788769849.652,156.698,-0.563,-3.368,1.836,-90.321,-0.562,-3.369,1.835,-90.310,0.001,-0.000,-0.001,0.001,11,weighted_average,kalman(weighted_average),false
1788769849.699,156.745,-0.565,-3.365,1.835,-90.359,-0.564,-3.366,1.835,-90.336,0.001,-0.001,-0.000,0.001,11,weighted_average,kalman(weighted_average),false
1788769849.754,156.800,-0.565,-3.362,1.831,-90.328,-0.565,-3.362,1.832,-90.334,-0.000,-0.000,0.001,0.001,11,weighted_average,kalman(weighted_average),false
1788769849.802,156.848,-0.561,-3.366,1.835,-90.300,-0.563,-3.363,1.833,-90.318,-0.002,0.002,-0.002,0.004,11,weighted_average,kalman(weighted_average),false
1788769849.856,156.902,-0.564,-3.362,1.835,-90.358,-0.564,-3.362,1.834,-90.337,0.000,0.000,-0.001,0.001,11,weighted_average,kalman(weighted_average),false
1788769849.956,157.001,-0.562,-3.362,1.831,-90.343,-0.562,-3.362,1.832,-90.344,-0.000,0.000,0.001,0.001,11,weighted_average,kalman(weighted_average),false
1788769850.003,157.049,-0.562,-3.356,1.838,-90.310,-0.562,-3.358,1.835,-90.326,0.000,-0.002,-0.002,0.003,11,weighted_average,kalman(weighted_average),false
1788769850.055,157.100,-0.566,-3.351,1.832,-90.362,-0.564,-3.353,1.834,-90.344,0.002,-0.002,0.001,0.003,11,weighted_average,kalman(weighted_average),false
1788769850.100,157.146,-0.563,-3.353,1.831,-90.336,-0.563,-3.352,1.832,-90.342,-0.001,0.001,0.001,0.002,11,weighted_average,kalman(weighted_average),false
1788769850.152,157.197,-0.562,-3.354,1.833,-90.340,-0.562,-3.352,1.833,-90.342,-0.001,0.002,-0.001,0.002,11,weighted_average,kalman(weighted_average),false
1788769850.248,157.293,-0.562,-3.353,1.835,-90.346,-0.562,-3.352,1.834,-90.345,0.000,0.001,-0.001,0.001,11,weighted_average,kalman(weighted_average),false
1788769850.295,157.340,-0.564,-3.347,1.835,-90.347,-0.563,-3.349,1.835,-90.347,0.001,-0.002,0.000,0.002,11,weighted_average,kalman(weighted_average),false
1788769850.351,157.397,-0.564,-3.348,1.834,-90.339,-0.564,-3.347,1.834,-90.343,-0.000,0.000,0.001,0.001,11,weighted_average,kalman(weighted_average),false
1788769850.400,157.446,-0.565,-3.347,1.829,-90.348,-0.564,-3.347,1.831,-90.346,0.000,0.001,0.002,0.002,11,weighted_average,kalman(weighted_average),false
1788769850.452,157.497,-0.563,-3.347,1.827,-90.311,-0.564,-3.347,1.828,-90.328,-0.001,0.001,0.001,0.002,11,weighted_average,kalman(weighted_average),false
1788769850.551,157.596,-0.564,-3.343,1.826,-90.322,-0.564,-3.344,1.826,-90.320,0.000,-0.000,-0.000,0.001,11,weighted_average,kalman(weighted_average),false
1788769850.600,157.645,-0.564,-3.346,1.828,-90.345,-0.564,-3.345,1.827,-90.333,-0.000,0.001,-0.001,0.002,11,weighted_average,kalman(weighted_average),false
1788769850.653,157.698,-0.563,-3.343,1.829,-90.306,-0.563,-3.344,1.828,-90.318,-0.001,-0.000,-0.001,0.001,11,weighted_average,kalman(weighted_average),false
1788769850.699,157.745,-0.565,-3.342,1.826,-90.343,-0.564,-3.342,1.827,-90.329,0.001,-0.001,0.001,0.001,11,weighted_average,kalman(weighted_average),false
1788769850.754,157.799,-0.564,-3.342,1.825,-90.341,-0.564,-3.342,1.826,-90.336,0.000,0.000,0.001,0.001,11,weighted_average,kalman(weighted_average),false
1788769850.860,157.906,-0.562,-3.341,1.827,-90.302,-0.562,-3.341,1.827,-90.314,-0.001,0.000,-0.001,0.001,11,weighted_average,kalman(weighted_average),false
1788769850.906,157.951,-0.561,-3.341,1.822,-90.288,-0.561,-3.341,1.824,-90.297,-0.000,-0.000,0.002,0.002,11,weighted_average,kalman(weighted_average),false
1788769850.956,158.002,-0.561,-3.340,1.825,-90.297,-0.561,-3.340,1.824,-90.292,0.000,-0.000,-0.001,0.001,11,weighted_average,kalman(weighted_average),false
1788769851.006,158.052,-0.566,-3.337,1.825,-90.390,-0.563,-3.338,1.824,-90.340,0.002,-0.001,-0.000,0.003,11,weighted_average,kalman(weighted_average),false
1788769851.054,158.100,-0.562,-3.338,1.821,-90.326,-0.563,-3.337,1.822,-90.338,-0.001,0.000,0.001,0.002,11,weighted_average,kalman(weighted_average),false
1788769851.153,158.198,-0.561,-3.338,1.823,-90.322,-0.561,-3.337,1.823,-90.331,-0.001,0.001,-0.001,0.001,11,weighted_average,kalman(weighted_average),false
1788769851.204,158.250,-0.566,-3.335,1.827,-90.429,-0.564,-3.335,1.826,-90.389,0.002,-0.001,-0.002,0.003,11,weighted_average,kalman(weighted_average),false
1788769851.257,158.303,-0.563,-3.336,1.822,-90.370,-0.564,-3.336,1.824,-90.388,-0.001,0.001,0.002,0.002,11,weighted_average,kalman(weighted_average),false
1788769851.320,158.366,-0.561,-3.338,1.824,-90.347,-0.562,-3.337,1.824,-90.370,-0.001,0.001,0.000,0.002,11,weighted_average,kalman(weighted_average),false
1788769851.413,158.458,-0.563,-3.338,1.829,-90.412,-0.562,-3.338,1.828,-90.399,0.001,-0.000,-0.001,0.001,11,weighted_average,kalman(weighted_average),false
1788769851.461,158.507,-0.556,-3.343,1.823,-90.309,-0.559,-3.341,1.825,-90.351,-0.002,0.002,0.002,0.004,11,weighted_average,kalman(weighted_average),false
1788769851.516,158.562,-0.561,-3.338,1.829,-90.368,-0.559,-3.340,1.827,-90.356,0.001,-0.002,-0.001,0.003,11,weighted_average,kalman(weighted_average),false
1788769851.570,158.616,-0.558,-3.339,1.833,-90.350,-0.558,-3.340,1.831,-90.350,-0.000,-0.000,-0.002,0.002,11,weighted_average,kalman(weighted_average),false
1788769851.620,158.665,-0.560,-3.338,1.828,-90.364,-0.559,-3.338,1.830,-90.355,0.001,-0.001,0.002,0.002,11,weighted_average,kalman(weighted_average),false
1788769851.722,158.768,-0.557,-3.344,1.833,-90.352,-0.557,-3.342,1.832,-90.352,-0.000,0.001,-0.000,0.001,11,weighted_average,kalman(weighted_average),false
1788769851.767,158.813,-0.560,-3.339,1.831,-90.369,-0.559,-3.341,1.832,-90.361,0.001,-0.002,0.001,0.002,11,weighted_average,kalman(weighted_average),false
1788769851.820,158.865,-0.558,-3.342,1.836,-90.364,-0.558,-3.342,1.835,-90.364,-0.000,0.000,-0.002,0.002,11,weighted_average,kalman(weighted_average),false
1788769851.870,158.915,-0.554,-3.348,1.827,-90.290,-0.556,-3.346,1.830,-90.326,-0.002,0.002,0.004,0.005,11,weighted_average,kalman(weighted_average),false
1788769851.923,158.969,-0.556,-3.345,1.829,-90.328,-0.555,-3.346,1.829,-90.321,0.001,-0.001,0.000,0.001,11,weighted_average,kalman(weighted_average),false
1788769852.023,159.068,-0.558,-3.343,1.831,-90.358,-0.557,-3.345,1.830,-90.341,0.001,-0.001,-0.001,0.002,11,weighted_average,kalman(weighted_average),false
1788769852.067,159.113,-0.553,-3.349,1.827,-90.281,-0.555,-3.347,1.828,-90.309,-0.002,0.002,0.001,0.003,11,weighted_average,kalman(weighted_average),false
1788769852.126,159.172,-0.554,-3.348,1.824,-90.288,-0.554,-3.348,1.825,-90.293,-0.000,-0.000,0.001,0.001,11,weighted_average,kalman(weighted_average),false
1788769852.169,159.215,-0.556,-3.346,1.826,-90.330,-0.555,-3.348,1.825,-90.307,0.001,-0.001,-0.001,0.002,11,weighted_average,kalman(weighted_average),false
1788769852.220,159.265,-0.552,-3.352,1.828,-90.287,-0.553,-3.350,1.826,-90.296,-0.001,0.002,-0.001,0.003,11,weighted_average,kalman(weighted_average),false
1788769852.317,159.363,-0.554,-3.348,1.827,-90.289,-0.553,-3.349,1.827,-90.288,0.000,-0.001,-0.000,0.001,11,weighted_average,kalman(weighted_average),false
1788769852.361,159.407,-0.554,-3.352,1.820,-90.287,-0.553,-3.351,1.822,-90.286,0.000,0.001,0.003,0.003,11,weighted_average,kalman(weighted_average),false
1788769852.422,159.467,-0.555,-3.347,1.826,-90.299,-0.555,-3.348,1.824,-90.291,0.001,-0.002,-0.002,0.003,11,weighted_average,kalman(weighted_average),false
1788769852.467,159.513,-0.557,-3.347,1.821,-90.325,-0.556,-3.347,1.822,-90.309,0.001,-0.000,0.001,0.001,11,weighted_average,kalman(weighted_average),false
1788769852.517,159.563,-0.556,-3.351,1.818,-90.321,-0.557,-3.349,1.819,-90.318,-0.000,0.002,0.001,0.002,11,weighted_average,kalman(weighted_average),false
1788769852.616,159.662,-0.557,-3.351,1.816,-90.312,-0.557,-3.350,1.816,-90.319,-0.000,0.000,-0.000,0.000,11,weighted_average,kalman(weighted_average),false
1788769852.664,159.710,-0.551,-3.358,1.814,-90.260,-0.554,-3.356,1.814,-90.286,-0.002,0.003,0.000,0.003,11,weighted_average,kalman(weighted_average),false
1788769852.718,159.764,-0.557,-3.355,1.805,-90.333,-0.555,-3.356,1.808,-90.307,0.002,-0.001,0.003,0.004,11,weighted_average,kalman(weighted_average),false
1788769852.771,159.816,-0.560,-3.350,1.811,-90.371,-0.558,-3.353,1.808,-90.342,0.002,-0.003,-0.003,0.005,11,weighted_average,kalman(weighted_average),false
1788769852.820,159.866,-0.558,-3.351,1.811,-90.324,-0.558,-3.352,1.809,-90.339,-0.001,-0.000,-0.002,0.002,11,weighted_average,kalman(weighted_average),false
1788769852.920,159.965,-0.554,-3.359,1.813,-90.298,-0.555,-3.357,1.812,-90.316,-0.001,0.002,-0.001,0.003,11,weighted_average,kalman(weighted_average),false
1788769852.965,160.010,-0.557,-3.358,1.813,-90.345,-0.556,-3.358,1.813,-90.330,0.001,-0.001,0.000,0.001,11,weighted_average,kalman(weighted_average),false
1788769853.020,160.065,-0.556,-3.356,1.818,-90.329,-0.556,-3.357,1.816,-90.330,0.000,-0.002,-0.001,0.002,11,weighted_average,kalman(weighted_average),false
1788769853.068,160.114,-0.553,-3.359,1.822,-90.309,-0.554,-3.359,1.821,-90.319,-0.001,0.001,-0.002,0.002,11,weighted_average,kalman(weighted_average),false
1788769853.125,160.171,-0.557,-3.357,1.819,-90.357,-0.556,-3.358,1.821,-90.338,0.002,-0.001,0.002,0.003,11,weighted_average,kalman(weighted_average),false
1788769853.226,160.272,-0.556,-3.360,1.820,-90.369,-0.556,-3.360,1.821,-90.362,-0.000,0.000,0.001,0.001,11,weighted_average,kalman(weighted_average),false
1788769853.273,160.319,-0.557,-3.360,1.825,-90.410,-0.557,-3.360,1.824,-90.394,0.000,-0.000,-0.002,0.002,11,weighted_average,kalman(weighted_average),false
1788769853.327,160.373,-0.556,-3.361,1.822,-90.414,-0.557,-3.361,1.823,-90.414,-0.000,0.000,0.001,0.001,11,weighted_average,kalman(weighted_average),false
1788769853.378,160.423,-0.555,-3.361,1.822,-90.387,-0.556,-3.361,1.823,-90.408,-0.001,-0.000,0.001,0.001,11,weighted_average,kalman(weighted_average),false
1788769853.427,160.472,-0.549,-3.363,1.821,-90.298,-0.552,-3.363,1.822,-90.356,-0.002,0.001,0.001,0.002,11,weighted_average,kalman(weighted_average),false
1788769853.521,160.567,-0.547,-3.365,1.821,-90.278,-0.547,-3.365,1.821,-90.297,-0.000,0.000,0.000,0.000,11,weighted_average,kalman(weighted_average),false
1788769853.571,160.617,-0.551,-3.364,1.822,-90.351,-0.549,-3.365,1.821,-90.317,0.002,-0.001,-0.000,0.002,11,weighted_average,kalman(weighted_average),false
1788769853.627,160.672,-0.550,-3.364,1.822,-90.343,-0.549,-3.364,1.822,-90.328,0.001,-0.000,-0.000,0.001,11,weighted_average,kalman(weighted_average),false
1788769853.676,160.721,-0.547,-3.368,1.815,-90.294,-0.548,-3.367,1.818,-90.309,-0.001,0.001,0.003,0.003,11,weighted_average,kalman(weighted_average),false
1788769853.725,160.771,-0.548,-3.366,1.808,-90.301,-0.548,-3.367,1.811,-90.301,0.001,-0.001,0.003,0.003,11,weighted_average,kalman(weighted_average),false
1788769853.828,160.874,-0.547,-3.367,1.812,-90.305,-0.547,-3.367,1.810,-90.299,0.000,-0.000,-0.002,0.002,11,weighted_average,kalman(weighted_average),false
1788769853.877,160.923,-0.549,-3.363,1.811,-90.332,-0.548,-3.365,1.810,-90.317,0.001,-0.001,-0.001,0.002,11,weighted_average,kalman(weighted_average),false
1788769853.928,160.974,-0.546,-3.370,1.810,-90.311,-0.547,-3.368,1.810,-90.316,-0.001,0.003,-0.000,0.003,11,weighted_average,kalman(weighted_average),false
1788769853.980,161.026,-0.544,-3.372,1.805,-90.291,-0.545,-3.371,1.807,-90.304,-0.001,0.001,0.002,0.003,11,weighted_average,kalman(weighted_average),false
1788769854.029,161.074,-0.540,-3.374,1.800,-90.210,-0.542,-3.374,1.802,-90.254,-0.002,0.001,0.002,0.003,11,weighted_average,kalman(weighted_average),false
1788769854.129,161.175,-0.544,-3.374,1.796,-90.305,-0.543,-3.375,1.796,-90.276,0.002,-0.001,-0.000,0.002,11,weighted_average,kalman(weighted_average),false
1788769854.176,161.221,-0.547,-3.374,1.800,-90.362,-0.545,-3.375,1.798,-90.326,0.001,-0.001,-0.002,0.003,11,weighted_average,kalman(weighted_average),false
1788769854.226,161.272,-0.548,-3.374,1.796,-90.375,-0.547,-3.375,1.796,-90.362,0.000,-0.000,0.000,0.000,11,weighted_average,kalman(weighted_average),false
1788769854.276,161.322,-0.543,-3.380,1.792,-90.296,-0.545,-3.378,1.793,-90.339,-0.002,0.002,0.001,0.003,11,weighted_average,kalman(weighted_average),false
1788769854.324,161.370,-0.544,-3.380,1.794,-90.320,-0.545,-3.379,1.793,-90.333,-0.001,0.000,-0.001,0.001,11,weighted_average,kalman(weighted_average),false
1788769854.430,161.475,-0.546,-3.380,1.791,-90.358,-0.546,-3.381,1.790,-90.352,0.000,-0.001,-0.000,0.001,11,weighted_average,kalman(weighted_average),false
1788769854.480,161.526,-0.548,-3.380,1.793,-90.364,-0.547,-3.380,1.792,-90.362,0.001,-0.000,-0.001,0.001,11,weighted_average,kalman(weighted_average),false
1788769854.528,161.574,-0.545,-3.383,1.795,-90.335,-0.546,-3.382,1.794,-90.351,-0.001,0.001,-0.001,0.002,11,weighted_average,kalman(weighted_average),false
1788769854.579,161.625,-0.549,-3.380,1.795,-90.385,-0.548,-3.381,1.795,-90.370,0.001,-0.001,-0.000,0.002,11,weighted_average,kalman(weighted_average),false
1788769854.627,161.673,-0.548,-3.382,1.790,-90.383,-0.549,-3.382,1.792,-90.380,-0.000,0.000,0.002,0.002,11,weighted_average,kalman(weighted_average),false
1788769854.725,161.771,-0.544,-3.384,1.795,-90.314,-0.546,-3.383,1.794,-90.341,-0.001,0.000,-0.001,0.002,11,weighted_average,kalman(weighted_average),false
1788769854.778,161.823,-0.549,-3.379,1.796,-90.367,-0.547,-3.381,1.795,-90.352,0.001,-0.002,-0.000,0.002,11,weighted_average,kalman(weighted_average),false
1788769854.826,161.872,-0.544,-3.384,1.791,-90.307,-0.545,-3.382,1.793,-90.326,-0.001,0.001,0.002,0.003,11,weighted_average,kalman(weighted_average),false
1788769854.878,161.924,-0.546,-3.384,1.793,-90.344,-0.546,-3.384,1.793,-90.330,0.001,0.000,-0.000,0.001,11,weighted_average,kalman(weighted_average),false
1788769854.925,161.971,-0.551,-3.380,1.792,-90.405,-0.549,-3.382,1.792,-90.365,0.002,-0.002,0.000,0.003,11,weighted_average,kalman(weighted_average),false
1788769855.022,162.067,-0.544,-3.387,1.793,-90.306,-0.546,-3.386,1.792,-90.331,-0.002,0.001,-0.000,0.002,11,weighted_average,kalman(weighted_average),false
1788769855.067,162.113,-0.548,-3.384,1.793,-90.364,-0.547,-3.385,1.793,-90.346,0.001,-0.001,-0.000,0.002,11,weighted_average,kalman(weighted_average),false
1788769855.124,162.169,-0.547,-3.384,1.792,-90.326,-0.547,-3.385,1.792,-90.334,0.000,-0.001,0.001,0.001,11,weighted_average,kalman(weighted_average),false
1788769855.170,162.215,-0.550,-3.378,1.801,-90.354,-0.549,-3.381,1.797,-90.342,0.001,-0.003,-0.003,0.005,11,weighted_average,kalman(weighted_average),false
1788769855.219,162.265,-0.548,-3.384,1.791,-90.325,-0.548,-3.382,1.794,-90.333,-0.001,0.002,0.003,0.004,11,weighted_average,kalman(weighted_average),false
1788769855.321,162.367,-0.558,-3.380,1.794,-90.469,-0.556,-3.380,1.794,-90.423,0.002,-0.000,-0.000,0.002,11,weighted_average,kalman(weighted_average),false
1788769855.366,162.411,-0.551,-3.385,1.795,-90.355,-0.554,-3.383,1.795,-90.397,-0.003,0.002,-0.000,0.003,11,weighted_average,kalman(weighted_average),false
1788769855.419,162.465,-0.558,-3.383,1.797,-90.477,-0.557,-3.383,1.797,-90.446,0.001,-0.000,-0.001,0.001,11,weighted_average,kalman(weighted_average),false
1788769855.472,162.518,-0.555,-3.385,1.797,-90.403,-0.556,-3.384,1.797,-90.435,-0.001,0.000,0.000,0.001,11,weighted_average,kalman(weighted_average),false
1788769855.521,162.567,-0.554,-3.387,1.798,-90.394,-0.555,-3.386,1.798,-90.419,-0.001,0.001,-0.000,0.002,11,weighted_average,kalman(weighted_average),false
1788769855.625,162.671,-0.497,-3.442,1.827,-89.793,-0.510,-3.431,1.821,-89.988,-0.012,0.011,-0.006,0.018,11,weighted_average,kalman(weighted_average),false
1788769855.667,162.713,-0.487,-3.450,1.819,-89.671,-0.490,-3.449,1.823,-89.756,-0.002,0.001,0.004,0.005,11,weighted_average,kalman(weighted_average),false
1788769855.721,162.767,-0.530,-3.406,1.805,-90.150,-0.506,-3.430,1.815,-89.882,0.024,-0.024,0.009,0.035,11,weighted_average,kalman(weighted_average),false
1788769855.770,162.816,-0.538,-3.394,1.797,-90.219,-0.524,-3.409,1.804,-90.028,0.014,-0.015,0.007,0.022,11,weighted_average,kalman(weighted_average),false
1788769855.823,162.869,-0.555,-3.375,1.798,-90.408,-0.545,-3.385,1.799,-90.232,0.010,-0.010,0.000,0.014,11,weighted_average,kalman(weighted_average),false
1788769855.927,162.972,-0.563,-3.346,1.803,-90.386,-0.565,-3.348,1.800,-90.386,-0.002,-0.002,-0.003,0.004,11,weighted_average,kalman(weighted_average),false
1788769855.973,163.018,-0.563,-3.337,1.807,-90.325,-0.567,-3.335,1.804,-90.380,-0.004,0.002,-0.002,0.005,11,weighted_average,kalman(weighted_average),false
1788769856.022,163.068,-0.543,-3.340,1.820,-90.005,-0.555,-3.332,1.815,-90.199,-0.012,0.008,-0.006,0.015,11,weighted_average,kalman(weighted_average),false
1788769856.064,163.109,-1.171,-3.427,2.264,-97.188,-0.555,-3.332,1.815,-93.650,0.616,0.095,-0.449,0.769,12,weighted_average,kalman(weighted_average),true
1788769856.119,163.165,-0.573,-3.280,1.836,-90.140,-0.568,-3.293,1.831,-92.454,0.004,-0.013,-0.005,0.014,11,weighted_average,kalman(weighted_average),false
1788769856.213,163.259,-0.584,-2.895,1.742,-89.756,-0.582,-2.980,1.765,-90.867,0.001,-0.085,0.023,0.088,0,weighted_average,kalman(weighted_average),false
1788769856.262,163.308,-0.601,-2.880,1.758,-90.002,-0.597,-2.870,1.752,-90.186,0.004,0.010,-0.007,0.013,0,weighted_average,kalman(weighted_average),false
1788769856.318,163.364,-0.607,-2.837,1.766,-89.970,-0.607,-2.800,1.753,-89.803,-0.001,0.037,-0.013,0.040,0,weighted_average,kalman(weighted_average),false
1788769856.366,163.412,-0.614,-2.994,1.791,-90.053,-0.615,-2.881,1.773,-89.727,-0.001,0.113,-0.019,0.114,0|11,weighted_average,kalman(weighted_average),false
1788769856.417,163.463,-0.613,-2.800,1.771,-89.872,-0.618,-2.825,1.773,-89.640,-0.005,-0.025,0.002,0.025,0,weighted_average,kalman(weighted_average),false
1788769856.515,163.560,-0.622,-2.766,1.778,-89.822,-0.624,-2.764,1.778,-89.606,-0.002,0.002,-0.001,0.003,0,weighted_average,kalman(weighted_average),false
1788769856.564,163.610,-0.626,-2.748,1.785,-89.855,-0.626,-2.743,1.783,-89.713,-0.001,0.005,-0.002,0.006,0,weighted_average,kalman(weighted_average),false
1788769856.615,163.661,-0.640,-2.725,1.787,-89.974,-0.636,-2.721,1.787,-89.847,0.004,0.004,0.000,0.006,0,weighted_average,kalman(weighted_average),false
1788769856.666,163.712,-0.658,-2.883,1.808,-90.182,-0.652,-2.810,1.801,-90.041,0.006,0.073,-0.007,0.074,0|11,weighted_average,kalman(weighted_average),false
1788769856.718,163.763,-0.642,-2.701,1.789,-89.799,-0.650,-2.754,1.797,-89.959,-0.008,-0.054,0.008,0.055,0,weighted_average,kalman(weighted_average),false
1788769856.814,163.860,-0.663,-2.673,1.794,-89.950,-0.662,-2.688,1.796,-89.972,0.001,-0.014,0.002,0.015,0,weighted_average,kalman(weighted_average),false
1788769856.864,163.910,-0.665,-2.664,1.797,-89.933,-0.666,-2.661,1.797,-89.955,-0.001,0.002,-0.001,0.003,0,weighted_average,kalman(weighted_average),false
1788769856.916,163.961,-0.661,-2.667,1.774,-89.708,-0.665,-2.654,1.783,-89.821,-0.004,0.013,0.009,0.016,0,weighted_average,kalman(weighted_average),false
1788769856.966,164.012,-0.703,-2.930,1.837,-90.341,-0.689,-2.814,1.813,-90.075,0.014,0.116,-0.024,0.119,11,weighted_average,kalman(weighted_average),false
1788769857.021,164.066,-0.714,-2.910,1.842,-90.414,-0.709,-2.898,1.835,-90.287,0.005,0.012,-0.007,0.015,11,weighted_average,kalman(weighted_average),false
1788769857.120,164.166,-0.727,-2.888,1.843,-90.496,-0.730,-2.920,1.847,-90.499,-0.003,-0.032,0.005,0.032,11,weighted_average,kalman(weighted_average),false
1788769857.165,164.210,-0.731,-2.875,1.846,-90.456,-0.734,-2.898,1.849,-90.516,-0.003,-0.023,0.003,0.023,11,weighted_average,kalman(weighted_average),false
1788769857.219,164.265,-0.733,-2.871,1.849,-90.448,-0.737,-2.882,1.851,-90.517,-0.004,-0.011,0.002,0.012,11,weighted_average,kalman(weighted_average),false
1788769857.266,164.312,-0.732,-2.865,1.853,-90.349,-0.736,-2.869,1.853,-90.452,-0.004,-0.005,0.000,0.006,11,weighted_average,kalman(weighted_average),false
1788769857.320,164.366,-0.740,-2.856,1.852,-90.451,-0.740,-2.857,1.854,-90.456,0.000,-0.001,0.002,0.002,11,weighted_average,kalman(weighted_average),false
1788769857.416,164.461,-0.735,-2.857,1.862,-90.246,-0.737,-2.852,1.861,-90.321,-0.003,0.004,-0.001,0.005,11,weighted_average,kalman(weighted_average),false
1788769857.463,164.509,-0.740,-2.852,1.856,-90.276,-0.739,-2.851,1.859,-90.277,0.001,0.001,0.003,0.004,11,weighted_average,kalman(weighted_average),false
1788769857.518,164.564,-0.742,-2.849,1.860,-90.263,-0.741,-2.849,1.860,-90.247,0.001,0.000,0.000,0.001,11,weighted_average,kalman(weighted_average),false
1788769857.565,164.611,-0.746,-2.845,1.860,-90.219,-0.744,-2.846,1.860,-90.215,0.002,-0.001,0.000,0.002,11,weighted_average,kalman(weighted_average),false
1788769857.617,164.663,-0.746,-2.846,1.858,-90.157,-0.746,-2.845,1.859,-90.167,-0.000,0.002,0.001,0.002,11,weighted_average,kalman(weighted_average),false
1788769857.714,164.759,-0.747,-2.848,1.865,-89.977,-0.748,-2.847,1.863,-90.014,-0.001,0.002,-0.001,0.002,11,weighted_average,kalman(weighted_average),false
1788769857.761,164.807,-0.746,-2.853,1.865,-89.857,-0.747,-2.851,1.865,-89.897,-0.001,0.002,-0.000,0.002,11,weighted_average,kalman(weighted_average),false
1788769857.814,164.860,-0.747,-2.852,1.867,-89.811,-0.747,-2.852,1.867,-89.809,-0.000,-0.000,0.000,0.000,11,weighted_average,kalman(weighted_average),false
1788769857.863,164.909,-0.745,-2.853,1.868,-89.714,-0.746,-2.853,1.868,-89.719,-0.001,-0.000,0.000,0.001,11,weighted_average,kalman(weighted_average),false
1788769857.913,164.959,-0.745,-2.855,1.870,-89.659,-0.745,-2.855,1.870,-89.646,-0.000,0.000,0.000,0.000,11,weighted_average,kalman(weighted_average),false
1788769858.011,165.057,-0.739,-2.863,1.870,-89.464,-0.740,-2.862,1.871,-89.471,-0.001,0.001,0.001,0.002,11,weighted_average,kalman(weighted_average),false
1788769858.060,165.105,-0.740,-2.863,1.870,-89.460,-0.739,-2.863,1.871,-89.429,0.001,-0.001,0.000,0.001,11,weighted_average,kalman(weighted_average),false
1788769858.118,165.164,-0.734,-2.870,1.868,-89.335,-0.735,-2.869,1.869,-89.339,-0.001,0.001,0.001,0.002,11,weighted_average,kalman(weighted_average),false
1788769858.161,165.207,-0.735,-2.871,1.870,-89.352,-0.734,-2.871,1.869,-89.315,0.001,-0.000,-0.001,0.001,11,weighted_average,kalman(weighted_average),false
1788769858.212,165.258,-0.732,-2.873,1.871,-89.295,-0.732,-2.874,1.870,-89.275,0.000,-0.001,-0.001,0.001,11,weighted_average,kalman(weighted_average),false
1788769858.302,165.348,-0.730,-2.879,1.866,-89.151,-0.730,-2.879,1.867,-89.161,0.000,0.000,0.001,0.001,11,weighted_average,kalman(weighted_average),false
1788769858.358,165.403,-0.728,-2.883,1.870,-89.030,-0.728,-2.883,1.869,-89.057,-0.000,0.000,-0.001,0.002,11,weighted_average,kalman(weighted_average),false
1788769858.403,165.449,-0.731,-2.894,1.867,-88.727,-0.729,-2.891,1.867,-88.850,0.002,0.003,0.001,0.004,11,weighted_average,kalman(weighted_average),false
1788769858.460,165.506,-0.731,-2.892,1.870,-88.258,-0.730,-2.894,1.869,-88.465,0.001,-0.002,-0.001,0.003,11,weighted_average,kalman(weighted_average),false
1788769858.512,165.557,-0.731,-2.899,1.867,-87.855,-0.731,-2.899,1.868,-88.040,0.000,0.001,0.001,0.001,11,weighted_average,kalman(weighted_average),false
1788769858.605,165.651,-0.735,-2.917,1.851,-84.351,-0.735,-2.915,1.855,-85.424,0.001,0.003,0.004,0.005,11,weighted_average,kalman(weighted_average),false
1788769858.661,165.706,-0.727,-2.906,1.867,-83.306,-0.730,-2.911,1.861,-83.707,-0.003,-0.006,-0.006,0.009,11,weighted_average,kalman(weighted_average),false
1788769858.711,165.757,-0.689,-2.884,1.861,-81.860,-0.704,-2.896,1.861,-82.141,-0.015,-0.011,-0.000,0.019,10|11,weighted_average,kalman(weighted_average),false
1788769858.759,165.805,-0.685,-2.885,1.864,-81.733,-0.688,-2.887,1.863,-81.311,-0.003,-0.002,-0.001,0.004,10|11,weighted_average,kalman(weighted_average),false
1788769858.811,165.857,-0.685,-2.886,1.862,-81.702,-0.680,-2.884,1.862,-80.932,0.005,0.002,0.001,0.005,10|11,weighted_average,kalman(weighted_average),false
1788769858.901,165.946,-0.682,-2.892,1.858,-81.492,-0.676,-2.887,1.859,-80.734,0.006,0.004,0.001,0.007,10|11,weighted_average,kalman(weighted_average),false
1788769858.954,165.999,-0.683,-2.894,1.861,-81.079,-0.679,-2.892,1.860,-80.756,0.004,0.002,-0.001,0.005,10|11,weighted_average,kalman(weighted_average),false
1788769859.004,166.050,-0.682,-2.888,1.861,-80.790,-0.681,-2.890,1.860,-80.662,0.001,-0.002,-0.000,0.002,10|11,weighted_average,kalman(weighted_average),false
1788769859.054,166.100,-0.682,-2.895,1.858,-80.749,-0.682,-2.893,1.859,-80.618,0.001,0.002,0.001,0.002,10|11,weighted_average,kalman(weighted_average),false
1788769859.102,166.147,-0.617,-2.866,1.814,-79.300,-0.644,-2.878,1.832,-79.884,-0.027,-0.012,0.018,0.035,10,weighted_average,kalman(weighted_average),false
1788769859.196,166.241,-0.619,-2.836,1.865,-79.431,-0.617,-2.844,1.852,-79.361,0.001,-0.008,-0.014,0.016,10,weighted_average,kalman(weighted_average),false
1788769859.244,166.290,-0.731,-2.931,1.846,-84.441,-0.686,-2.894,1.850,-82.125,0.045,0.036,0.004,0.058,11,weighted_average,kalman(weighted_average),false
1788769859.295,166.341,-0.711,-2.915,1.852,-84.446,-0.710,-2.912,1.852,-83.745,0.001,0.003,0.000,0.003,11,weighted_average,kalman(weighted_average),false
1788769859.348,166.394,-0.711,-2.912,1.846,-84.712,-0.720,-2.918,1.849,-84.798,-0.009,-0.006,0.003,0.012,11,weighted_average,kalman(weighted_average),false
1788769859.397,166.443,-0.730,-2.928,1.831,-85.344,-0.732,-2.928,1.839,-85.570,-0.003,-0.000,0.007,0.008,11,weighted_average,kalman(weighted_average),false
1788769859.493,166.539,-0.736,-2.926,1.833,-85.271,-0.742,-2.931,1.832,-85.989,-0.006,-0.005,-0.001,0.008,11,weighted_average,kalman(weighted_average),false
1788769859.539,166.584,-0.734,-2.930,1.820,-84.317,-0.739,-2.931,1.823,-85.232,-0.005,-0.002,0.004,0.006,11,weighted_average,kalman(weighted_average),false
1788769859.590,166.636,-0.629,-2.859,1.791,-79.734,-0.672,-2.887,1.801,-82.264,-0.043,-0.028,0.010,0.052,10,weighted_average,kalman(weighted_average),false
1788769859.639,166.684,-0.629,-2.844,1.827,-77.439,-0.635,-2.854,1.812,-79.278,-0.006,-0.010,-0.016,0.020,10,weighted_average,kalman(weighted_average),false
1788769859.698,166.744,-0.689,-2.890,1.799,-77.881,-0.655,-2.866,1.802,-77.577,0.034,0.024,0.003,0.042,10|11,weighted_average,kalman(weighted_average),false
1788769859.788,166.834,-0.691,-2.892,1.795,-74.789,-0.679,-2.882,1.794,-74.755,0.012,0.010,-0.001,0.015,10|11,weighted_average,kalman(weighted_average),false
1788769859.835,166.880,-0.626,-2.834,1.817,-70.889,-0.648,-2.853,1.807,-71.947,-0.022,-0.019,-0.010,0.031,10,weighted_average,kalman(weighted_average),false
1788769859.895,166.940,-0.694,-2.884,1.807,-71.975,-0.675,-2.870,1.808,-70.899,0.019,0.015,0.001,0.024,10|11,weighted_average,kalman(weighted_average),false
1788769859.940,166.985,-0.692,-2.883,1.805,-71.688,-0.688,-2.879,1.807,-70.639,0.004,0.005,0.002,0.007,10|11,weighted_average,kalman(weighted_average),false
1788769859.989,167.035,-0.693,-2.884,1.801,-71.679,-0.695,-2.884,1.804,-70.614,-0.002,-0.000,0.003,0.003,10|11,weighted_average,kalman(weighted_average),false
1788769860.086,167.132,-0.693,-2.880,1.794,-71.587,-0.697,-2.884,1.796,-70.767,-0.005,-0.003,0.002,0.006,10|11,weighted_average,kalman(weighted_average),false
1788769860.133,167.179,-0.624,-2.855,1.743,-70.167,-0.651,-2.866,1.761,-70.348,-0.027,-0.010,0.018,0.034,10,weighted_average,kalman(weighted_average),false
1788769860.188,167.234,-0.618,-2.830,1.777,-70.121,-0.622,-2.840,1.764,-70.088,-0.004,-0.010,-0.013,0.017,10,weighted_average,kalman(weighted_average),false
1788769860.233,167.278,-0.621,-2.844,1.746,-72.562,-0.613,-2.837,1.751,-71.244,0.008,0.007,0.004,0.012,10,weighted_average,kalman(weighted_average),false
1788769860.287,167.333,-0.631,-2.835,1.777,-73.821,-0.616,-2.831,1.763,-72.719,0.015,0.004,-0.015,0.021,10,weighted_average,kalman(weighted_average),false
1788769860.382,167.428,-0.641,-2.835,1.784,-77.416,-0.631,-2.830,1.779,-76.265,0.009,0.004,-0.005,0.012,10,weighted_average,kalman(weighted_average),false
1788769860.431,167.477,-0.637,-2.832,1.766,-78.326,-0.637,-2.831,1.773,-78.048,0.000,0.001,0.007,0.007,10,weighted_average,kalman(weighted_average),false
1788769860.480,167.526,-0.639,-2.836,1.769,-80.649,-0.640,-2.833,1.771,-80.174,-0.001,0.002,0.002,0.003,10,weighted_average,kalman(weighted_average),false
1788769860.532,167.577,-0.750,-2.908,1.762,-84.213,-0.708,-2.879,1.765,-83.173,0.041,0.029,0.003,0.051,11,weighted_average,kalman(weighted_average),false
1788769860.588,167.634,-0.745,-2.905,1.768,-86.188,-0.745,-2.904,1.766,-85.948,-0.000,0.001,-0.002,0.002,11,weighted_average,kalman(weighted_average),false
1788769860.690,167.736,-0.743,-2.899,1.766,-89.185,-0.757,-2.909,1.766,-89.625,-0.014,-0.010,-0.001,0.018,11,weighted_average,kalman(weighted_average),false
1788769860.731,167.776,-0.710,-2.809,1.784,-89.433,-0.731,-2.848,1.777,-90.227,-0.021,-0.039,-0.007,0.045,0|11,weighted_average,kalman(weighted_average),false
1788769860.782,167.828,-0.718,-2.792,1.779,-91.710,-0.721,-2.804,1.780,-91.788,-0.003,-0.012,0.001,0.012,0|11,weighted_average,kalman(weighted_average),false
1788769860.833,167.878,-0.667,-2.658,1.811,-91.687,-0.685,-2.703,1.801,-92.478,-0.018,-0.044,-0.011,0.049,0,weighted_average,kalman(weighted_average),false
1788769860.885,167.930,-0.676,-2.650,1.797,-93.909,-0.672,-2.645,1.803,-93.846,0.005,0.005,0.006,0.009,0,weighted_average,kalman(weighted_average),false
1788769860.976,168.021,-0.691,-2.645,1.796,-96.391,-0.678,-2.618,1.801,-96.313,0.013,0.027,0.005,0.030,0,weighted_average,kalman(weighted_average),false
1788769861.026,168.072,-0.690,-2.658,1.829,-98.427,-0.686,-2.635,1.820,-98.100,0.004,0.023,-0.010,0.025,0,weighted_average,kalman(weighted_average),false
1788769861.077,168.122,-0.676,-2.652,1.801,-100.453,-0.681,-2.643,1.812,-100.057,-0.005,0.009,0.010,0.015,0,weighted_average,kalman(weighted_average),false
1788769861.128,168.173,-0.709,-2.643,1.795,-103.164,-0.698,-2.643,1.802,-102.491,0.011,-0.000,0.007,0.013,0,weighted_average,kalman(weighted_average),false
1788769861.178,168.224,-0.659,-2.653,1.805,-103.373,-0.677,-2.649,1.802,-103.880,-0.018,0.004,-0.002,0.019,0,weighted_average,kalman(weighted_average),false
1788769861.269,168.315,-0.657,-2.661,1.807,-106.466,-0.660,-2.659,1.805,-106.657,-0.003,0.002,-0.002,0.004,0,weighted_average,kalman(weighted_average),false
1788769861.329,168.374,-0.651,-2.666,1.823,-107.406,-0.650,-2.666,1.817,-107.861,0.000,0.000,-0.005,0.005,0,weighted_average,kalman(weighted_average),false
1788769861.379,168.425,-0.662,-2.671,1.817,-108.663,-0.654,-2.671,1.819,-108.915,0.007,-0.000,0.002,0.008,0,weighted_average,kalman(weighted_average),false
1788769861.427,168.473,-0.659,-2.671,1.822,-110.669,-0.656,-2.673,1.822,-110.398,0.003,-0.002,0.001,0.004,0,weighted_average,kalman(weighted_average),false
1788769861.479,168.525,-0.690,-2.650,1.778,-112.249,-0.676,-2.661,1.797,-112.041,0.014,-0.011,0.019,0.026,0,weighted_average,kalman(weighted_average),false
1788769861.577,168.623,-0.676,-2.646,1.772,-112.909,-0.679,-2.648,1.774,-113.538,-0.004,-0.002,0.002,0.005,0,weighted_average,kalman(weighted_average),false
1788769861.628,168.673,-0.676,-2.647,1.773,-112.930,-0.678,-2.645,1.769,-113.597,-0.002,0.002,-0.004,0.005,0,weighted_average,kalman(weighted_average),false
1788769861.680,168.726,-0.672,-2.650,1.770,-112.842,-0.674,-2.647,1.766,-113.483,-0.003,0.004,-0.004,0.006,0,weighted_average,kalman(weighted_average),false
1788769861.730,168.775,-0.672,-2.658,1.771,-112.851,-0.672,-2.653,1.767,-113.319,-0.001,0.005,-0.004,0.007,0,weighted_average,kalman(weighted_average),false
1788769861.780,168.825,-0.680,-2.663,1.771,-113.000,-0.677,-2.659,1.768,-113.241,0.004,0.003,-0.003,0.006,0,weighted_average,kalman(weighted_average),false
1788769861.877,168.923,-0.673,-2.668,1.771,-112.936,-0.674,-2.668,1.770,-113.095,-0.001,0.000,-0.001,0.002,0,weighted_average,kalman(weighted_average),false
1788769861.931,168.976,-0.674,-2.675,1.775,-112.890,-0.674,-2.674,1.773,-112.965,0.000,0.001,-0.002,0.002,0,weighted_average,kalman(weighted_average),false
1788769861.983,169.029,-0.677,-2.679,1.778,-112.235,-0.676,-2.679,1.777,-112.531,0.001,-0.000,-0.001,0.002,0,weighted_average,kalman(weighted_average),false
1788769862.029,169.075,-0.694,-2.680,1.791,-112.130,-0.687,-2.682,1.786,-112.238,0.007,-0.002,-0.005,0.009,0,weighted_average,kalman(weighted_average),false
1788769862.082,169.128,-0.679,-2.687,1.795,-111.055,-0.684,-2.686,1.794,-111.501,-0.005,0.000,-0.001,0.005,0,weighted_average,kalman(weighted_average),false
1788769862.174,169.219,-0.683,-2.702,1.794,-109.897,-0.684,-2.700,1.797,-110.198,-0.001,0.002,0.003,0.004,0,weighted_average,kalman(weighted_average),false
1788769862.226,169.272,-0.688,-2.710,1.806,-109.565,-0.687,-2.709,1.804,-109.567,0.001,0.001,-0.002,0.003,0,weighted_average,kalman(weighted_average),false
1788769862.279,169.325,-0.676,-2.721,1.811,-108.610,-0.680,-2.720,1.810,-108.752,-0.005,0.001,-0.001,0.005,0,weighted_average,kalman(weighted_average),false
1788769862.331,169.376,-0.679,-2.724,1.797,-108.304,-0.679,-2.726,1.804,-108.194,0.000,-0.002,0.007,0.007,0,weighted_average,kalman(weighted_average),false
1788769862.380,169.425,-0.663,-2.737,1.802,-107.299,-0.669,-2.735,1.803,-107.437,-0.006,0.001,0.001,0.006,0,weighted_average,kalman(weighted_average),false
1788769862.477,169.522,-0.661,-2.754,1.810,-106.313,-0.660,-2.753,1.808,-106.255,0.001,0.001,-0.002,0.002,0,weighted_average,kalman(weighted_average),false
1788769862.526,169.572,-0.659,-2.767,1.801,-105.935,-0.658,-2.765,1.804,-105.806,0.001,0.002,0.003,0.004,0,weighted_average,kalman(weighted_average),false
1788769862.577,169.623,-0.647,-2.779,1.807,-105.105,-0.650,-2.778,1.806,-105.160,-0.002,0.001,-0.001,0.003,0,weighted_average,kalman(weighted_average),false
1788769862.627,169.672,-0.651,-2.786,1.804,-104.842,-0.648,-2.787,1.805,-104.716,0.002,-0.001,0.001,0.003,0,weighted_average,kalman(weighted_average),false
1788769862.682,169.728,-0.644,-2.802,1.812,-103.103,-0.644,-2.801,1.809,-103.573,-0.000,0.001,-0.003,0.003,0,weighted_average,kalman(weighted_average),false
1788769862.776,169.822,-0.629,-2.825,1.810,-102.754,-0.631,-2.825,1.811,-102.569,-0.002,0.001,0.001,0.002,0,weighted_average,kalman(weighted_average),false
1788769862.827,169.872,-0.632,-2.835,1.807,-102.504,-0.629,-2.836,1.809,-102.275,0.002,-0.001,0.002,0.003,0,weighted_average,kalman(weighted_average),false
1788769862.880,169.926,-0.615,-2.856,1.810,-101.613,-0.618,-2.853,1.809,-101.673,-0.004,0.003,-0.001,0.005,0,weighted_average,kalman(weighted_average),false
1788769862.930,169.976,-0.619,-2.860,1.817,-101.393,-0.616,-2.863,1.814,-101.282,0.003,-0.003,-0.003,0.005,0,weighted_average,kalman(weighted_average),false
1788769862.981,170.027,-0.626,-2.871,1.807,-100.870,-0.620,-2.873,1.811,-100.835,0.006,-0.002,0.004,0.007,0,weighted_average,kalman(weighted_average),false
1788769863.072,170.118,-0.619,-2.898,1.811,-100.145,-0.619,-2.897,1.811,-100.093,0.000,0.001,-0.000,0.001,0,weighted_average,kalman(weighted_average),false
1788769863.123,170.169,-0.607,-2.909,1.810,-99.412,-0.611,-2.909,1.810,-99.518,-0.004,-0.000,0.000,0.004,0,weighted_average,kalman(weighted_average),false
1788769863.170,170.215,-0.597,-2.932,1.820,-98.613,-0.601,-2.928,1.816,-98.829,-0.004,0.004,-0.004,0.007,0,weighted_average,kalman(weighted_average),false
1788769863.220,170.266,-0.603,-2.944,1.813,-98.371,-0.599,-2.944,1.815,-98.318,0.003,0.000,0.002,0.004,0,weighted_average,kalman(weighted_average),false
1788769863.269,170.314,-0.601,-2.961,1.815,-97.659,-0.599,-2.960,1.816,-97.726,0.003,0.001,0.001,0.003,0,weighted_average,kalman(weighted_average),false
1788769863.369,170.415,-0.596,-2.973,1.813,-97.008,-0.595,-2.978,1.814,-96.871,0.001,-0.004,0.001,0.004,0,weighted_average,kalman(weighted_average),false
1788769863.419,170.465,-0.582,-2.989,1.805,-96.226,-0.586,-2.989,1.808,-96.301,-0.004,0.001,0.003,0.005,0,weighted_average,kalman(weighted_average),false
1788769863.468,170.513,-0.588,-3.006,1.804,-95.819,-0.585,-3.003,1.804,-95.818,0.003,0.003,0.001,0.004,0,weighted_average,kalman(weighted_average),false
1788769863.522,170.568,-0.570,-3.015,1.812,-95.376,-0.575,-3.016,1.807,-95.328,-0.004,-0.001,-0.004,0.006,0,weighted_average,kalman(weighted_average),false
1788769863.577,170.623,-0.577,-3.036,1.802,-95.070,-0.574,-3.033,1.804,-94.944,0.004,0.002,0.002,0.005,0,weighted_average,kalman(weighted_average),false
1788769863.681,170.727,-0.567,-3.054,1.811,-94.678,-0.567,-3.055,1.809,-94.488,0.000,-0.002,-0.002,0.003,0,weighted_average,kalman(weighted_average),false
1788769863.727,170.773,-0.558,-3.078,1.808,-94.301,-0.560,-3.073,1.809,-94.272,-0.002,0.004,0.001,0.005,0,weighted_average,kalman(weighted_average),false
1788769863.776,170.822,-0.552,-3.098,1.795,-94.045,-0.553,-3.094,1.801,-94.030,-0.001,0.004,0.006,0.007,0,weighted_average,kalman(weighted_average),false
1788769863.827,170.873,-0.590,-3.438,1.863,-94.615,-0.553,-3.094,1.801,-94.217,0.037,0.344,-0.062,0.352,11,weighted_average,kalman(weighted_average),true
1788769863.877,170.923,-0.583,-3.465,1.864,-94.349,-0.576,-3.381,1.849,-94.238,0.007,0.084,-0.014,0.086,11,weighted_average,kalman(weighted_average),false
1788769863.984,171.030,-0.579,-3.498,1.854,-94.034,-0.582,-3.518,1.861,-94.059,-0.003,-0.021,0.006,0.022,11,weighted_average,kalman(weighted_average),false
1788769864.027,171.072,-0.548,-3.154,1.803,-93.401,-0.582,-3.518,1.861,-93.659,-0.034,-0.364,0.058,0.370,0,weighted_average,kalman(weighted_average),true
1788769864.080,171.126,-0.580,-3.522,1.854,-93.826,-0.581,-3.521,1.855,-93.657,-0.000,0.001,0.001,0.002,11,weighted_average,kalman(weighted_average),false
1788769864.132,171.178,-0.578,-3.535,1.855,-93.723,-0.579,-3.531,1.855,-93.634,-0.001,0.004,-0.001,0.004,11,weighted_average,kalman(weighted_average),false
1788769864.178,171.224,-0.575,-3.553,1.854,-93.513,-0.576,-3.546,1.854,-93.534,-0.001,0.008,-0.000,0.008,11,weighted_average,kalman(weighted_average),false
1788769864.275,171.321,-0.542,-3.230,1.776,-92.654,-0.550,-3.309,1.794,-92.889,-0.007,-0.079,0.018,0.081,0,weighted_average,kalman(weighted_average),false
1788769864.326,171.371,-0.538,-3.232,1.793,-92.587,-0.538,-3.223,1.784,-92.605,0.000,0.009,-0.009,0.013,0,weighted_average,kalman(weighted_average),false
1788769864.383,171.428,-0.579,-3.595,1.846,-93.250,-0.538,-3.223,1.784,-92.841,0.041,0.371,-0.062,0.379,11,weighted_average,kalman(weighted_average),true
1788769864.428,171.473,-0.569,-3.614,1.847,-93.128,-0.563,-3.532,1.834,-92.958,0.007,0.082,-0.013,0.083,11,weighted_average,kalman(weighted_average),false
1788769864.475,171.520,-0.543,-3.250,1.790,-92.548,-0.563,-3.532,1.834,-92.747,-0.020,-0.282,0.044,0.286,0,weighted_average,kalman(weighted_average),true
1788769864.577,171.622,-0.546,-3.259,1.798,-92.580,-0.548,-3.295,1.803,-92.580,-0.002,-0.036,0.005,0.036,0,weighted_average,kalman(weighted_average),false
1788769864.625,171.671,-0.573,-3.637,1.852,-93.056,-0.548,-3.295,1.803,-92.823,0.025,0.342,-0.049,0.347,11,weighted_average,kalman(weighted_average),true
1788769864.677,171.722,-0.536,-3.279,1.798,-92.429,-0.538,-3.282,1.799,-92.622,-0.002,-0.003,0.001,0.004,0,weighted_average,kalman(weighted_average),false
1788769864.726,171.772,-0.536,-3.271,1.792,-92.432,-0.535,-3.273,1.794,-92.498,0.000,-0.002,0.002,0.003,0,weighted_average,kalman(weighted_average),false
1788769864.779,171.824,-0.534,-3.284,1.796,-92.408,-0.533,-3.277,1.794,-92.413,0.001,0.007,-0.002,0.007,0,weighted_average,kalman(weighted_average),false
1788769864.878,171.923,-0.548,-3.283,1.789,-92.653,-0.544,-3.281,1.790,-92.526,0.005,0.002,0.000,0.005,0,weighted_average,kalman(weighted_average),false
1788769864.931,171.976,-0.564,-3.662,1.842,-93.015,-0.544,-3.281,1.790,-92.822,0.020,0.381,-0.053,0.385,11,weighted_average,kalman(weighted_average),true
1788769864.976,172.022,-0.562,-3.659,1.841,-92.990,-0.558,-3.586,1.831,-92.960,0.003,0.073,-0.010,0.074,11,weighted_average,kalman(weighted_average),false
1788769865.028,172.074,-0.569,-3.653,1.841,-93.097,-0.567,-3.670,1.843,-93.095,0.002,-0.017,0.002,0.017,11,weighted_average,kalman(weighted_average),false
1788769865.079,172.125,-0.563,-3.660,1.844,-93.049,-0.567,-3.704,1.849,-93.133,-0.004,-0.044,0.005,0.044,11,weighted_average,kalman(weighted_average),false
1788769865.178,172.224,-0.525,-3.290,1.793,-92.447,-0.567,-3.704,1.849,-92.730,-0.042,-0.414,0.056,0.420,0,weighted_average,kalman(weighted_average),true
1788769865.225,172.270,-0.526,-3.291,1.794,-92.480,-0.531,-3.342,1.801,-92.543,-0.005,-0.051,0.007,0.052,0,weighted_average,kalman(weighted_average),false
1788769865.278,172.324,-0.521,-3.295,1.787,-92.399,-0.520,-3.266,1.785,-92.396,0.001,0.029,-0.001,0.029,0,weighted_average,kalman(weighted_average),false
1788769865.326,172.372,-0.529,-3.291,1.789,-92.549,-0.521,-3.242,1.781,-92.412,0.008,0.049,-0.007,0.050,0,weighted_average,kalman(weighted_average),false
1788769865.379,172.424,-0.520,-3.302,1.786,-92.442,-0.517,-3.249,1.780,-92.384,0.002,0.053,-0.006,0.053,0,weighted_average,kalman(weighted_average),false
1788769865.477,172.523,-0.515,-3.293,1.787,-92.384,-0.514,-3.268,1.783,-92.343,0.002,0.025,-0.005,0.026,0,weighted_average,kalman(weighted_average),false
1788769865.523,172.569,-0.517,-3.290,1.793,-92.416,-0.515,-3.283,1.790,-92.370,0.002,0.007,-0.004,0.008,0,weighted_average,kalman(weighted_average),false
1788769865.576,172.621,-0.541,-3.668,1.836,-92.913,-0.515,-3.283,1.790,-92.662,0.026,0.385,-0.046,0.389,11,weighted_average,kalman(weighted_average),true
1788769865.626,172.671,-0.513,-3.291,1.793,-92.368,-0.514,-3.289,1.792,-92.551,-0.000,0.002,-0.001,0.002,0,weighted_average,kalman(weighted_average),false
1788769865.680,172.725,-0.544,-3.659,1.833,-92.956,-0.514,-3.289,1.792,-92.778,0.030,0.370,-0.040,0.374,11,weighted_average,kalman(weighted_average),true
1788769865.778,172.823,-0.547,-3.644,1.834,-92.986,-0.543,-3.600,1.829,-92.978,0.004,0.044,-0.005,0.045,11,weighted_average,kalman(weighted_average),false
1788769865.829,172.875,-0.545,-3.645,1.837,-92.983,-0.548,-3.664,1.838,-93.023,-0.003,-0.019,0.001,0.019,11,weighted_average,kalman(weighted_average),false
1788769865.888,172.934,-0.542,-3.645,1.835,-92.948,-0.547,-3.685,1.840,-93.019,-0.005,-0.040,0.005,0.041,11,weighted_average,kalman(weighted_average),false
1788769865.932,172.978,-0.547,-3.639,1.836,-93.023,-0.548,-3.674,1.840,-93.040,-0.001,-0.036,0.004,0.036,11,weighted_average,kalman(weighted_average),false
1788769865.983,173.029,-0.539,-3.639,1.844,-92.911,-0.544,-3.663,1.844,-92.992,-0.005,-0.024,-0.000,0.025,11,weighted_average,kalman(weighted_average),false
1788769866.083,173.128,-0.552,-3.622,1.838,-93.048,-0.550,-3.635,1.841,-93.035,0.002,-0.013,0.003,0.013,11,weighted_average,kalman(weighted_average),false
1788769866.132,173.177,-0.537,-3.638,1.842,-92.904,-0.542,-3.633,1.841,-92.966,-0.005,0.005,-0.000,0.007,11,weighted_average,kalman(weighted_average),false
1788769866.182,173.228,-0.544,-3.626,1.832,-92.959,-0.543,-3.626,1.835,-92.956,0.002,-0.000,0.004,0.004,11,weighted_average,kalman(weighted_average),false
1788769866.230,173.276,-0.543,-3.629,1.830,-92.976,-0.543,-3.625,1.831,-92.961,0.001,0.004,0.001,0.004,11,weighted_average,kalman(weighted_average),false
1788769866.283,173.329,-0.547,-3.621,1.834,-93.019,-0.545,-3.621,1.832,-92.988,0.002,0.000,-0.003,0.003,11,weighted_average,kalman(weighted_average),false
1788769866.381,173.427,-0.520,-3.245,1.790,-92.488,-0.526,-3.329,1.799,-92.654,-0.006,-0.084,0.009,0.085,0,weighted_average,kalman(weighted_average),false
1788769866.429,173.474,-0.549,-3.608,1.832,-93.012,-0.526,-3.329,1.799,-92.812,0.023,0.279,-0.033,0.282,11,weighted_average,kalman(weighted_average),true
1788769866.485,173.531,-0.548,-3.603,1.828,-92.980,-0.544,-3.553,1.823,-92.897,0.004,0.050,-0.005,0.051,11,weighted_average,kalman(weighted_average),false
1788769866.530,173.576,-0.546,-3.601,1.838,-92.957,-0.547,-3.610,1.835,-92.936,-0.002,-0.009,-0.003,0.009,11,weighted_average,kalman(weighted_average),false
1788769866.585,173.630,-0.547,-3.593,1.837,-92.971,-0.550,-3.630,1.841,-92.968,-0.002,-0.038,0.003,0.038,11,weighted_average,kalman(weighted_average),false
1788769866.685,173.730,-0.549,-3.578,1.843,-92.988,-0.551,-3.611,1.846,-92.999,-0.002,-0.032,0.003,0.033,11,weighted_average,kalman(weighted_average),false
1788769866.731,173.776,-0.552,-3.565,1.831,-92.977,-0.552,-3.581,1.837,-92.994,0.000,-0.016,0.006,0.017,11,weighted_average,kalman(weighted_average),false
1788769866.787,173.832,-0.553,-3.561,1.837,-93.002,-0.553,-3.562,1.836,-93.004,-0.000,-0.001,-0.001,0.001,11,weighted_average,kalman(weighted_average),false
1788769866.831,173.877,-0.552,-3.560,1.842,-93.020,-0.553,-3.555,1.839,-93.017,-0.001,0.005,-0.003,0.006,11,weighted_average,kalman(weighted_average),false
1788769866.884,173.929,-0.556,-3.542,1.838,-93.003,-0.555,-3.542,1.839,-93.016,0.001,-0.000,0.001,0.001,11,weighted_average,kalman(weighted_average),false
1788769866.988,174.034,-0.560,-3.529,1.840,-93.049,-0.559,-3.526,1.839,-93.043,0.000,0.003,-0.000,0.003,11,weighted_average,kalman(weighted_average),false
1788769867.031,174.077,-0.561,-3.525,1.839,-93.057,-0.561,-3.523,1.839,-93.055,0.000,0.002,0.000,0.002,11,weighted_average,kalman(weighted_average),false
1788769867.085,174.131,-0.560,-3.520,1.836,-93.011,-0.561,-3.519,1.837,-93.037,-0.001,0.001,0.001,0.002,11,weighted_average,kalman(weighted_average),false
1788769867.134,174.179,-0.560,-3.509,1.843,-92.989,-0.561,-3.511,1.840,-93.012,-0.001,-0.002,-0.003,0.003,11,weighted_average,kalman(weighted_average),false
1788769867.183,174.229,-0.563,-3.501,1.837,-93.030,-0.562,-3.502,1.838,-93.018,0.001,-0.002,0.002,0.003,11,weighted_average,kalman(weighted_average),false
1788769867.284,174.330,-0.562,-3.484,1.843,-92.994,-0.562,-3.485,1.842,-92.999,-0.000,-0.001,-0.001,0.001,11,weighted_average,kalman(weighted_average),false
1788769867.330,174.375,-0.567,-3.480,1.838,-93.069,-0.565,-3.479,1.840,-93.036,0.001,0.001,0.002,0.003,11,weighted_average,kalman(weighted_average),false
1788769867.381,174.427,-0.564,-3.471,1.841,-93.030,-0.565,-3.471,1.841,-93.036,-0.001,-0.000,-0.000,0.001,11,weighted_average,kalman(weighted_average),false
1788769867.428,174.474,-0.566,-3.459,1.845,-93.012,-0.566,-3.461,1.843,-93.026,-0.000,-0.002,-0.002,0.002,11,weighted_average,kalman(weighted_average),false
1788769867.481,174.527,-0.564,-3.452,1.847,-92.992,-0.565,-3.452,1.846,-93.008,-0.001,0.000,-0.001,0.001,11,weighted_average,kalman(weighted_average),false
1788769867.583,174.629,-0.563,-3.436,1.839,-92.961,-0.563,-3.436,1.841,-92.972,-0.000,0.000,0.002,0.002,11,weighted_average,kalman(weighted_average),false
1788769867.629,174.674,-0.560,-3.438,1.845,-92.970,-0.561,-3.434,1.843,-92.965,-0.001,0.003,-0.002,0.004,11,weighted_average,kalman(weighted_average),false
1788769867.683,174.729,-0.564,-3.423,1.844,-93.002,-0.562,-3.425,1.844,-92.980,0.002,-0.002,-0.000,0.003,11,weighted_average,kalman(weighted_average),false
1788769867.729,174.775,-0.565,-3.414,1.847,-93.000,-0.564,-3.416,1.845,-92.990,0.001,-0.002,-0.001,0.003,11,weighted_average,kalman(weighted_average),false
1788769867.781,174.826,-0.567,-3.406,1.845,-93.037,-0.566,-3.407,1.846,-93.015,0.001,-0.001,0.000,0.001,11,weighted_average,kalman(weighted_average),false
1788769867.886,174.931,-0.565,-3.393,1.845,-92.998,-0.566,-3.392,1.846,-93.010,-0.001,0.001,0.000,0.001,11,weighted_average,kalman(weighted_average),false
1788769867.931,174.976,-0.530,-3.052,1.787,-92.368,-0.566,-3.392,1.846,-92.643,-0.036,-0.340,0.058,0.346,0,weighted_average,kalman(weighted_average),true
1788769867.989,175.035,-0.568,-3.382,1.847,-93.049,-0.568,-3.384,1.847,-92.810,0.000,-0.002,-0.000,0.002,11,weighted_average,kalman(weighted_average),false
1788769868.033,175.078,-0.567,-3.376,1.851,-93.042,-0.567,-3.378,1.850,-92.922,-0.000,-0.002,-0.002,0.003,11,weighted_average,kalman(weighted_average),false
1788769868.089,175.134,-0.567,-3.367,1.854,-93.044,-0.567,-3.370,1.853,-93.002,-0.000,-0.002,-0.001,0.003,11,weighted_average,kalman(weighted_average),false
1788769868.184,175.229,-0.564,-3.360,1.855,-92.990,-0.565,-3.359,1.855,-93.022,-0.001,0.000,0.000,0.001,11,weighted_average,kalman(weighted_average),false
1788769868.232,175.278,-0.569,-3.357,1.851,-93.087,-0.567,-3.356,1.853,-93.068,0.002,0.001,0.002,0.003,11,weighted_average,kalman(weighted_average),false
1788769868.286,175.331,-0.567,-3.350,1.860,-93.058,-0.567,-3.351,1.857,-93.077,-0.000,-0.000,-0.003,0.003,11,weighted_average,kalman(weighted_average),false
1788769868.338,175.383,-0.565,-3.349,1.865,-93.039,-0.566,-3.348,1.863,-93.068,-0.001,0.001,-0.003,0.003,11,weighted_average,kalman(weighted_average),false
1788769868.385,175.431,-0.549,-3.362,1.868,-92.845,-0.556,-3.354,1.867,-92.958,-0.007,0.007,-0.001,0.010,11,weighted_average,kalman(weighted_average),false
1788769868.487,175.532,-0.570,-3.336,1.866,-93.083,-0.565,-3.340,1.868,-93.023,0.005,-0.004,0.002,0.007,11,weighted_average,kalman(weighted_average),false
1788769868.533,175.578,-0.563,-3.340,1.868,-92.987,-0.565,-3.338,1.868,-93.008,-0.002,0.002,0.000,0.002,11,weighted_average,kalman(weighted_average),false
1788769868.587,175.632,-0.568,-3.335,1.870,-93.058,-0.567,-3.334,1.870,-93.037,0.001,0.001,-0.000,0.001,11,weighted_average,kalman(weighted_average),false
1788769868.641,175.687,-0.562,-3.342,1.869,-92.989,-0.565,-3.337,1.870,-93.017,-0.003,0.004,0.000,0.005,11,weighted_average,kalman(weighted_average),false
1788769868.689,175.734,-0.567,-3.336,1.871,-93.050,-0.566,-3.336,1.870,-93.034,0.001,-0.000,-0.000,0.001,11,weighted_average,kalman(weighted_average),false
1788769868.792,175.837,-0.562,-3.342,1.864,-92.992,-0.564,-3.340,1.866,-93.009,-0.001,0.002,0.002,0.003,11,weighted_average,kalman(weighted_average),false
1788769868.844,175.890,-0.567,-3.341,1.873,-93.082,-0.565,-3.341,1.870,-93.049,0.001,-0.000,-0.003,0.003,11,weighted_average,kalman(weighted_average),false
1788769868.893,175.938,-0.564,-3.346,1.865,-93.040,-0.564,-3.344,1.867,-93.049,-0.001,0.001,0.002,0.002,11,weighted_average,kalman(weighted_average),false
1788769868.944,175.989,-0.564,-3.345,1.867,-93.022,-0.564,-3.345,1.867,-93.038,-0.000,-0.001,-0.000,0.001,11,weighted_average,kalman(weighted_average),false
1788769868.992,176.038,-0.564,-3.347,1.869,-93.031,-0.564,-3.347,1.868,-93.034,-0.000,-0.000,-0.001,0.001,11,weighted_average,kalman(weighted_average),false
1788769869.093,176.139,-0.564,-3.352,1.864,-93.019,-0.564,-3.351,1.865,-93.023,0.000,0.000,0.001,0.001,11,weighted_average,kalman(weighted_average),false
1788769869.140,176.185,-0.561,-3.356,1.861,-92.968,-0.562,-3.355,1.862,-92.990,-0.001,0.001,0.001,0.002,11,weighted_average,kalman(weighted_average),false
1788769869.192,176.237,-0.565,-3.356,1.866,-93.042,-0.563,-3.357,1.863,-93.011,0.001,-0.001,-0.002,0.003,11,weighted_average,kalman(weighted_average),false
1788769869.244,176.289,-0.561,-3.360,1.866,-92.982,-0.562,-3.360,1.865,-92.995,-0.001,0.000,-0.001,0.001,11,weighted_average,kalman(weighted_average),false
1788769869.291,176.336,-0.565,-3.361,1.868,-93.055,-0.564,-3.362,1.867,-93.022,0.001,-0.000,-0.001,0.002,11,weighted_average,kalman(weighted_average),false
1788769869.386,176.432,-0.563,-3.365,1.869,-93.013,-0.563,-3.365,1.869,-93.019,-0.000,-0.000,-0.000,0.000,11,weighted_average,kalman(weighted_average),false
1788769869.437,176.482,-0.565,-3.366,1.870,-93.033,-0.564,-3.367,1.870,-93.027,0.001,-0.000,-0.000,0.001,11,weighted_average,kalman(weighted_average),false
1788769869.489,176.534,-0.567,-3.368,1.869,-93.076,-0.566,-3.368,1.870,-93.055,0.001,0.000,0.001,0.001,11,weighted_average,kalman(weighted_average),false
1788769869.537,176.583,-0.566,-3.370,1.864,-93.036,-0.566,-3.370,1.867,-93.051,-0.001,-0.000,0.003,0.003,11,weighted_average,kalman(weighted_average),false
1788769869.587,176.633,-0.568,-3.372,1.864,-93.066,-0.567,-3.372,1.865,-93.062,0.000,0.000,0.001,0.001,11,weighted_average,kalman(weighted_average),false
1788769869.686,176.732,-0.566,-3.373,1.870,-93.005,-0.566,-3.374,1.868,-93.028,-0.001,-0.000,-0.002,0.002,11,weighted_average,kalman(weighted_average),false
1788769869.734,176.780,-0.564,-3.378,1.867,-92.991,-0.565,-3.377,1.868,-93.003,-0.001,0.001,0.001,0.002,11,weighted_average,kalman(weighted_average),false
1788769869.785,176.831,-0.569,-3.379,1.863,-93.079,-0.567,-3.379,1.865,-93.038,0.002,-0.000,0.002,0.003,11,weighted_average,kalman(weighted_average),false
1788769869.837,176.883,-0.568,-3.379,1.865,-93.031,-0.568,-3.380,1.865,-93.035,0.000,-0.001,-0.001,0.001,11,weighted_average,kalman(weighted_average),false
1788769869.887,176.932,-0.565,-3.382,1.863,-92.980,-0.566,-3.382,1.864,-93.007,-0.001,0.000,0.000,0.001,11,weighted_average,kalman(weighted_average),false
1788769869.986,177.032,-0.567,-3.386,1.863,-93.012,-0.566,-3.386,1.863,-93.004,0.000,0.000,-0.000,0.000,11,weighted_average,kalman(weighted_average),false
1788769870.033,177.079,-0.568,-3.385,1.869,-93.031,-0.567,-3.386,1.867,-93.018,0.001,-0.001,-0.002,0.002,11,weighted_average,kalman(weighted_average),false
1788769870.089,177.134,-0.569,-3.387,1.867,-93.053,-0.569,-3.387,1.867,-93.039,0.000,-0.000,0.000,0.001,11,weighted_average,kalman(weighted_average),false
1788769870.138,177.184,-0.566,-3.389,1.865,-92.961,-0.567,-3.388,1.866,-93.002,-0.001,0.000,0.001,0.002,11,weighted_average,kalman(weighted_average),false
1788769870.189,177.235,-0.575,-3.386,1.865,-93.109,-0.572,-3.388,1.866,-93.054,0.003,-0.001,0.001,0.003,11,weighted_average,kalman(weighted_average),false
1788769870.285,177.331,-0.563,-3.396,1.867,-92.942,-0.566,-3.394,1.867,-92.988,-0.003,0.002,-0.000,0.003,11,weighted_average,kalman(weighted_average),false
1788769870.337,177.383,-0.567,-3.393,1.867,-92.995,-0.566,-3.394,1.867,-92.984,0.001,-0.001,-0.000,0.002,11,weighted_average,kalman(weighted_average),false
1788769870.387,177.433,-0.565,-3.396,1.862,-92.972,-0.565,-3.396,1.864,-92.972,0.000,-0.000,0.002,0.002,11,weighted_average,kalman(weighted_average),false
1788769870.437,177.482,-0.564,-3.398,1.860,-92.967,-0.564,-3.398,1.861,-92.963,0.000,0.000,0.001,0.001,11,weighted_average,kalman(weighted_average),false
1788769870.486,177.532,-0.568,-3.394,1.865,-93.025,-0.566,-3.396,1.863,-92.989,0.002,-0.002,-0.002,0.003,11,weighted_average,kalman(weighted_average),false
1788769870.586,177.632,-0.566,-3.400,1.862,-93.014,-0.566,-3.399,1.862,-93.007,-0.000,0.001,-0.000,0.001,11,weighted_average,kalman(weighted_average),false
1788769870.631,177.677,-0.571,-3.397,1.866,-93.101,-0.569,-3.398,1.864,-93.063,0.002,-0.001,-0.001,0.003,11,weighted_average,kalman(weighted_average),false
1788769870.690,177.736,-0.567,-3.400,1.868,-93.056,-0.568,-3.400,1.867,-93.072,-0.001,0.001,-0.001,0.002,11,weighted_average,kalman(weighted_average),false
1788769870.740,177.786,-0.570,-3.396,1.869,-93.072,-0.569,-3.398,1.869,-93.080,0.000,-0.002,0.000,0.002,11,weighted_average,kalman(weighted_average),false
1788769870.792,177.838,-0.567,-3.400,1.868,-93.031,-0.568,-3.399,1.869,-93.061,-0.001,0.001,0.001,0.002,11,weighted_average,kalman(weighted_average),false
1788769870.887,177.932,-0.570,-3.401,1.873,-93.117,-0.570,-3.400,1.873,-93.100,0.001,0.000,-0.000,0.001,11,weighted_average,kalman(weighted_average),false
1788769870.938,177.983,-0.567,-3.400,1.871,-93.025,-0.568,-3.400,1.872,-93.063,-0.001,-0.000,0.001,0.002,11,weighted_average,kalman(weighted_average),false
1788769870.988,178.034,-0.569,-3.399,1.870,-93.052,-0.569,-3.400,1.871,-93.055,0.001,-0.001,0.001,0.001,11,weighted_average,kalman(weighted_average),false
1788769871.038,178.084,-0.566,-3.403,1.873,-93.025,-0.567,-3.402,1.873,-93.036,-0.001,0.001,-0.001,0.002,11,weighted_average,kalman(weighted_average),false
1788769871.094,178.139,-0.568,-3.401,1.873,-93.046,-0.567,-3.402,1.873,-93.036,0.001,-0.000,0.000,0.001,11,weighted_average,kalman(weighted_average),false
1788769871.187,178.233,-0.573,-3.396,1.868,-93.101,-0.571,-3.398,1.869,-93.076,0.001,-0.001,0.001,0.003,11,weighted_average,kalman(weighted_average),false
1788769871.238,178.284,-0.569,-3.399,1.871,-93.050,-0.570,-3.398,1.870,-93.066,-0.001,0.001,-0.001,0.002,11,weighted_average,kalman(weighted_average),false
1788769871.290,178.336,-0.573,-3.397,1.869,-93.111,-0.572,-3.397,1.869,-93.092,0.001,-0.000,0.000,0.001,11,weighted_average,kalman(weighted_average),false
1788769871.341,178.387,-0.570,-3.400,1.871,-93.066,-0.571,-3.399,1.870,-93.084,-0.001,0.001,-0.001,0.002,11,weighted_average,kalman(weighted_average),false
1788769871.391,178.437,-0.537,-3.061,1.804,-92.444,-0.571,-3.399,1.870,-92.754,-0.035,-0.337,0.066,0.346,0,weighted_average,kalman(weighted_average),true
1788769871.489,178.535,-0.574,-3.396,1.864,-93.060,-0.573,-3.396,1.865,-92.888,0.000,-0.000,0.001,0.001,11,weighted_average,kalman(weighted_average),false
1788769871.538,178.584,-0.575,-3.394,1.865,-93.071,-0.574,-3.395,1.864,-92.998,0.000,-0.000,-0.001,0.001,11,weighted_average,kalman(weighted_average),false
1788769871.589,178.635,-0.576,-3.393,1.866,-93.084,-0.576,-3.393,1.865,-93.067,0.000,-0.000,-0.001,0.001,11,weighted_average,kalman(weighted_average),false
1788769871.640,178.686,-0.574,-3.396,1.865,-93.067,-0.575,-3.394,1.865,-93.093,-0.001,0.002,-0.000,0.002,11,weighted_average,kalman(weighted_average),false
1788769871.691,178.737,-0.577,-3.391,1.861,-93.089,-0.576,-3.392,1.862,-93.112,0.001,-0.001,0.001,0.002,11,weighted_average,kalman(weighted_average),false
1788769871.793,178.839,-0.575,-3.392,1.860,-93.083,-0.575,-3.392,1.860,-93.115,-0.001,0.000,0.000,0.001,11,weighted_average,kalman(weighted_average),false
1788769871.841,178.886,-0.576,-3.388,1.858,-93.076,-0.576,-3.389,1.858,-93.097,0.000,-0.001,0.000,0.001,11,weighted_average,kalman(weighted_average),false
1788769871.889,178.935,-0.571,-3.390,1.860,-93.010,-0.573,-3.389,1.859,-93.050,-0.002,0.001,-0.001,0.002,11,weighted_average,kalman(weighted_average),false
1788769871.941,178.987,-0.576,-3.386,1.854,-93.088,-0.574,-3.387,1.855,-93.062,0.002,-0.001,0.002,0.002,11,weighted_average,kalman(weighted_average),false
1788769871.989,179.035,-0.573,-3.386,1.855,-93.037,-0.573,-3.386,1.855,-93.047,-0.001,0.000,-0.001,0.001,11,weighted_average,kalman(weighted_average),false
1788769872.093,179.138,-0.570,-3.385,1.855,-92.997,-0.570,-3.385,1.855,-93.006,-0.001,0.000,-0.001,0.001,11,weighted_average,kalman(weighted_average),false
1788769872.139,179.185,-0.572,-3.383,1.854,-93.063,-0.571,-3.384,1.854,-93.032,0.001,-0.000,-0.000,0.001,11,weighted_average,kalman(weighted_average),false
1788769872.189,179.235,-0.574,-3.384,1.847,-93.093,-0.573,-3.384,1.849,-93.064,0.001,0.001,0.003,0.003,11,weighted_average,kalman(weighted_average),false
1788769872.243,179.288,-0.574,-3.384,1.843,-93.119,-0.574,-3.384,1.845,-93.099,0.000,0.000,0.001,0.001,11,weighted_average,kalman(weighted_average),false
1788769872.288,179.334,-0.574,-3.382,1.840,-93.092,-0.574,-3.383,1.841,-93.103,-0.001,-0.001,0.001,0.001,11,weighted_average,kalman(weighted_average),false
1788769872.383,179.429,-0.576,-3.376,1.841,-93.129,-0.576,-3.377,1.839,-93.130,0.000,-0.001,-0.002,0.002,11,weighted_average,kalman(weighted_average),false
1788769872.433,179.479,-0.571,-3.379,1.839,-93.060,-0.573,-3.378,1.839,-93.096,-0.002,0.001,-0.001,0.003,11,weighted_average,kalman(weighted_average),false
1788769872.485,179.531,-0.577,-3.370,1.842,-93.124,-0.575,-3.372,1.841,-93.110,0.002,-0.003,-0.002,0.004,11,weighted_average,kalman(weighted_average),false
1788769872.536,179.581,-0.574,-3.375,1.838,-93.103,-0.574,-3.372,1.839,-93.108,-0.001,0.002,0.001,0.003,11,weighted_average,kalman(weighted_average),false
1788769872.585,179.630,-0.574,-3.374,1.838,-93.112,-0.574,-3.373,1.839,-93.110,-0.000,0.001,0.000,0.001,11,weighted_average,kalman(weighted_average),false
1788769872.684,179.730,-0.577,-3.368,1.843,-93.148,-0.576,-3.369,1.842,-93.137,0.001,-0.001,-0.001,0.002,11,weighted_average,kalman(weighted_average),false
1788769872.729,179.775,-0.575,-3.367,1.837,-93.093,-0.576,-3.367,1.839,-93.116,-0.001,-0.000,0.002,0.002,11,weighted_average,kalman(weighted_average),false
1788769872.783,179.829,-0.572,-3.370,1.836,-93.064,-0.573,-3.368,1.837,-93.087,-0.002,0.002,0.001,0.003,11,weighted_average,kalman(weighted_average),false
1788769872.829,179.875,-0.569,-3.369,1.839,-93.027,-0.570,-3.368,1.838,-93.051,-0.001,0.000,-0.001,0.002,11,weighted_average,kalman(weighted_average),false
1788769872.883,179.928,-0.574,-3.366,1.838,-93.126,-0.572,-3.367,1.838,-93.080,0.002,-0.001,-0.000,0.003,11,weighted_average,kalman(weighted_average),false
1788769872.981,180.027,-0.566,-3.368,1.833,-92.996,-0.568,-3.367,1.834,-93.022,-0.001,0.001,0.001,0.002,11,weighted_average,kalman(weighted_average),false
1788769873.028,180.074,-0.573,-3.363,1.839,-93.138,-0.570,-3.365,1.836,-93.080,0.003,-0.002,-0.002,0.004,11,weighted_average,kalman(weighted_average),false
1788769873.085,180.130,-0.566,-3.365,1.840,-93.020,-0.568,-3.364,1.839,-93.049,-0.002,0.000,-0.001,0.002,11,weighted_average,kalman(weighted_average),false
1788769873.133,180.179,-0.570,-3.362,1.834,-93.086,-0.569,-3.363,1.836,-93.066,0.001,-0.001,0.002,0.003,11,weighted_average,kalman(weighted_average),false
1788769873.181,180.226,-0.571,-3.361,1.833,-93.119,-0.570,-3.361,1.834,-93.094,0.001,-0.000,0.001,0.001,11,weighted_average,kalman(weighted_average),false
1788769873.279,180.324,-0.567,-3.360,1.835,-93.058,-0.568,-3.359,1.834,-93.077,-0.001,0.000,-0.001,0.001,11,weighted_average,kalman(weighted_average),false
1788769873.324,180.369,-0.563,-3.362,1.840,-93.018,-0.564,-3.361,1.838,-93.043,-0.001,0.001,-0.002,0.003,11,weighted_average,kalman(weighted_average),false
1788769873.377,180.423,-0.568,-3.357,1.836,-93.087,-0.566,-3.358,1.837,-93.061,0.002,-0.001,0.001,0.003,11,weighted_average,kalman(weighted_average),false
1788769873.425,180.471,-0.568,-3.356,1.831,-93.090,-0.567,-3.356,1.833,-93.075,0.001,-0.001,0.003,0.003,11,weighted_average,kalman(weighted_average),false
1788769873.480,180.526,-0.565,-3.359,1.828,-93.069,-0.566,-3.357,1.830,-93.074,-0.001,0.002,0.001,0.002,11,weighted_average,kalman(weighted_average),false
1788769873.581,180.626,-0.564,-3.356,1.830,-93.042,-0.565,-3.356,1.829,-93.053,-0.000,-0.000,-0.001,0.001,11,weighted_average,kalman(weighted_average),false
1788769873.629,180.675,-0.566,-3.351,1.824,-93.019,-0.565,-3.352,1.826,-93.031,0.001,-0.002,0.001,0.002,11,weighted_average,kalman(weighted_average),false
1788769873.681,180.726,-0.564,-3.353,1.826,-93.023,-0.564,-3.352,1.825,-93.021,-0.000,0.001,-0.001,0.001,11,weighted_average,kalman(weighted_average),false
1788769873.728,180.774,-0.563,-3.354,1.827,-93.003,-0.563,-3.353,1.826,-93.007,-0.001,0.001,-0.001,0.002,11,weighted_average,kalman(weighted_average),false
1788769873.781,180.827,-0.566,-3.350,1.828,-93.046,-0.565,-3.351,1.827,-93.021,0.002,-0.001,-0.001,0.002,11,weighted_average,kalman(weighted_average),false
1788769873.883,180.929,-0.569,-3.349,1.818,-93.091,-0.568,-3.349,1.820,-93.067,0.001,0.000,0.002,0.002,11,weighted_average,kalman(weighted_average),false
1788769873.930,180.976,-0.562,-3.351,1.820,-92.993,-0.565,-3.350,1.819,-93.030,-0.002,0.001,-0.001,0.003,11,weighted_average,kalman(weighted_average),false
1788769873.981,181.026,-0.569,-3.346,1.817,-93.094,-0.567,-3.348,1.817,-93.064,0.002,-0.001,0.000,0.002,11,weighted_average,kalman(weighted_average),false
1788769874.028,181.074,-0.566,-3.350,1.810,-93.059,-0.567,-3.349,1.812,-93.066,-0.001,0.002,0.002,0.003,11,weighted_average,kalman(weighted_average),false
1788769874.081,181.126,-0.570,-3.343,1.812,-93.097,-0.569,-3.345,1.810,-93.086,0.001,-0.002,-0.001,0.003,11,weighted_average,kalman(weighted_average),false
1788769874.174,181.219,-0.563,-3.344,1.807,-92.976,-0.565,-3.344,1.807,-93.021,-0.002,0.000,-0.000,0.002,11,weighted_average,kalman(weighted_average),false
1788769874.223,181.269,-0.572,-3.339,1.810,-93.131,-0.569,-3.341,1.808,-93.076,0.003,-0.001,-0.002,0.004,11,weighted_average,kalman(weighted_average),false
1788769874.274,181.320,-0.563,-3.343,1.803,-92.972,-0.565,-3.342,1.805,-93.023,-0.003,0.002,0.002,0.004,11,weighted_average,kalman(weighted_average),false
1788769874.325,181.371,-0.567,-3.343,1.801,-93.066,-0.566,-3.342,1.801,-93.039,0.001,0.001,0.001,0.001,11,weighted_average,kalman(weighted_average),false
1788769874.379,181.424,-0.567,-3.338,1.801,-93.031,-0.567,-3.339,1.800,-93.033,0.001,-0.002,-0.001,0.002,11,weighted_average,kalman(weighted_average),false
1788769874.473,181.519,-0.569,-3.339,1.797,-93.082,-0.568,-3.339,1.797,-93.063,0.000,0.000,-0.000,0.001,11,weighted_average,kalman(weighted_average),false
1788769874.518,181.564,-0.572,-3.334,1.796,-93.109,-0.571,-3.335,1.795,-93.093,0.001,-0.002,-0.000,0.002,11,weighted_average,kalman(weighted_average),false
1788769874.567,181.612,-0.567,-3.336,1.787,-93.010,-0.569,-3.335,1.790,-93.056,-0.002,0.001,0.003,0.003,11,weighted_average,kalman(weighted_average),false
1788769874.621,181.666,-0.565,-3.336,1.798,-93.005,-0.567,-3.335,1.794,-93.028,-0.002,0.001,-0.005,0.005,11,weighted_average,kalman(weighted_average),false
1788769874.674,181.720,-0.570,-3.333,1.791,-93.050,-0.568,-3.334,1.792,-93.034,0.001,-0.001,0.001,0.002,11,weighted_average,kalman(weighted_average),false
1788769874.763,181.808,-0.570,-3.332,1.790,-93.048,-0.570,-3.332,1.790,-93.040,0.000,-0.000,0.000,0.000,11,weighted_average,kalman(weighted_average),false
1788769874.820,181.865,-0.571,-3.330,1.793,-93.053,-0.570,-3.330,1.792,-93.048,0.000,-0.000,-0.002,0.002,11,weighted_average,kalman(weighted_average),false
1788769874.868,181.913,-0.571,-3.330,1.792,-93.064,-0.571,-3.330,1.792,-93.058,-0.000,0.001,-0.000,0.001,11,weighted_average,kalman(weighted_average),false
1788769874.920,181.965,-0.571,-3.330,1.796,-93.071,-0.571,-3.330,1.795,-93.067,-0.000,0.000,-0.001,0.001,11,weighted_average,kalman(weighted_average),false
1788769874.966,182.011,-0.572,-3.328,1.792,-93.055,-0.572,-3.329,1.793,-93.064,0.000,-0.000,0.002,0.002,11,weighted_average,kalman(weighted_average),false
1788769875.058,182.103,-0.574,-3.328,1.791,-93.095,-0.574,-3.328,1.792,-93.087,0.000,0.000,0.001,0.001,11,weighted_average,kalman(weighted_average),false
1788769875.111,182.157,-0.574,-3.327,1.795,-93.090,-0.574,-3.327,1.794,-93.093,-0.000,-0.000,-0.001,0.001,11,weighted_average,kalman(weighted_average),false
1788769875.160,182.206,-0.571,-3.329,1.791,-93.040,-0.573,-3.328,1.793,-93.068,-0.001,0.001,0.001,0.002,11,weighted_average,kalman(weighted_average),false
1788769875.215,182.261,-0.577,-3.325,1.789,-93.132,-0.575,-3.326,1.790,-93.101,0.002,-0.001,0.001,0.003,11,weighted_average,kalman(weighted_average),false
1788769875.260,182.306,-0.574,-3.327,1.794,-93.088,-0.575,-3.326,1.792,-93.099,-0.001,0.001,-0.002,0.002,11,weighted_average,kalman(weighted_average),false
1788769875.361,182.407,-0.575,-3.324,1.791,-93.088,-0.575,-3.324,1.791,-93.095,-0.000,-0.000,0.000,0.000,11,weighted_average,kalman(weighted_average),false
1788769875.412,182.458,-0.572,-3.327,1.791,-93.055,-0.573,-3.326,1.791,-93.072,-0.001,0.001,0.000,0.002,11,weighted_average,kalman(weighted_average),false
1788769875.459,182.505,-0.572,-3.326,1.794,-93.043,-0.572,-3.326,1.792,-93.053,-0.000,0.000,-0.001,0.001,11,weighted_average,kalman(weighted_average),false
1788769875.509,182.554,-0.577,-3.322,1.793,-93.116,-0.574,-3.324,1.793,-93.080,0.002,-0.002,0.000,0.003,11,weighted_average,kalman(weighted_average),false
1788769875.558,182.604,-0.582,-3.317,1.796,-93.186,-0.579,-3.320,1.795,-93.135,0.003,-0.002,-0.001,0.004,11,weighted_average,kalman(weighted_average),false
1788769875.649,182.695,-0.577,-3.319,1.795,-93.085,-0.578,-3.318,1.796,-93.116,-0.002,0.001,0.000,0.002,11,weighted_average,kalman(weighted_average),false
1788769875.698,182.744,-0.542,-2.987,1.737,-92.467,-0.578,-3.318,1.796,-92.749,-0.036,-0.331,0.059,0.338,0,weighted_average,kalman(weighted_average),true
1788769875.751,182.796,-0.578,-3.318,1.793,-93.081,-0.578,-3.318,1.793,-92.869,-0.000,-0.000,0.001,0.001,11,weighted_average,kalman(weighted_average),false
1788769875.802,182.848,-0.561,-3.136,1.760,-92.776,-0.567,-3.201,1.772,-92.800,-0.006,-0.065,0.012,0.067,0|11,weighted_average,kalman(weighted_average),false
1788769875.851,182.896,-0.548,-2.988,1.736,-92.536,-0.554,-3.057,1.747,-92.641,-0.006,-0.069,0.011,0.070,0,weighted_average,kalman(weighted_average),false
1788769875.946,182.992,-0.551,-2.982,1.742,-92.577,-0.548,-2.959,1.736,-92.542,0.003,0.022,-0.006,0.023,0,weighted_average,kalman(weighted_average),false
1788769875.993,183.039,-0.567,-3.139,1.762,-92.876,-0.559,-3.055,1.750,-92.705,0.008,0.084,-0.012,0.085,0|11,weighted_average,kalman(weighted_average),false
1788769876.051,183.096,-0.548,-2.983,1.738,-92.519,-0.553,-3.013,1.743,-92.608,-0.005,-0.030,0.005,0.030,0,weighted_average,kalman(weighted_average),false
1788769876.097,183.143,-0.549,-2.982,1.740,-92.522,-0.550,-2.989,1.741,-92.552,-0.001,-0.007,0.000,0.007,0,weighted_average,kalman(weighted_average),false
1788769876.146,183.192,-0.548,-2.980,1.741,-92.510,-0.548,-2.976,1.740,-92.513,0.000,0.004,-0.001,0.004,0,weighted_average,kalman(weighted_average),false
1788769876.243,183.288,-0.546,-2.985,1.730,-92.465,-0.546,-2.976,1.731,-92.457,0.000,0.010,0.002,0.010,0,weighted_average,kalman(weighted_average),false
1788769876.290,183.336,-0.544,-2.978,1.731,-92.431,-0.544,-2.976,1.730,-92.429,-0.000,0.002,-0.001,0.002,0,weighted_average,kalman(weighted_average),false
1788769876.343,183.388,-0.552,-2.979,1.732,-92.547,-0.548,-2.977,1.730,-92.479,0.003,0.002,-0.002,0.004,0,weighted_average,kalman(weighted_average),false
1788769876.393,183.439,-0.545,-2.984,1.734,-92.442,-0.547,-2.981,1.732,-92.459,-0.002,0.003,-0.002,0.004,0,weighted_average,kalman(weighted_average),false
1788769876.446,183.491,-0.551,-2.979,1.735,-92.522,-0.549,-2.981,1.733,-92.488,0.002,-0.001,-0.001,0.003,0,weighted_average,kalman(weighted_average),false
1788769876.541,183.587,-0.551,-2.978,1.724,-92.505,-0.551,-2.979,1.726,-92.503,-0.000,-0.001,0.003,0.003,0,weighted_average,kalman(weighted_average),false
1788769876.594,183.640,-0.551,-2.975,1.728,-92.520,-0.551,-2.976,1.726,-92.516,-0.000,-0.001,-0.002,0.002,0,weighted_average,kalman(weighted_average),false
1788769876.645,183.691,-0.556,-2.973,1.724,-92.578,-0.554,-2.973,1.724,-92.554,0.001,-0.000,0.000,0.002,0,weighted_average,kalman(weighted_average),false
1788769876.693,183.739,-0.556,-2.976,1.714,-92.603,-0.556,-2.974,1.718,-92.588,-0.000,0.002,0.003,0.004,0,weighted_average,kalman(weighted_average),false
1788769876.750,183.795,-0.551,-2.973,1.727,-92.545,-0.554,-2.973,1.722,-92.578,-0.002,0.000,-0.005,0.006,0,weighted_average,kalman(weighted_average),false

# =============================================================================
# Statistiche sessione  (campioni: 2913)
# Durata: 183.8 s
# raw_x: min=-3.3413  max=4.2424  media=0.2455
# raw_y: min=-5.6149  max=2.4578  media=-1.7013
# raw_z: min=-1.4947  max=3.5739  media=1.9040
# raw_yaw_deg: min=-120.4273  max=129.0941  media=-47.3071
# filtered_x: min=-1.0691  max=1.6965  media=0.2602
# filtered_y: min=-4.5576  max=2.1723  media=-1.6809
# filtered_z: min=0.5062  max=3.5010  media=1.9139
# filtered_yaw_deg: min=-179.2265  max=171.3683  media=-47.5265
# error_norm: min=0.0000  max=7.6151  media=0.1040
# Nota: per le colonne di yaw assoluto min/max sono estremi del wrap-around +/-180 deg, non l'ampiezza reale; la media e' circolare.
# =============================================================================
