# =============================================================================
# CONFRONTO POSE APRILTAG RAW E POSE FILTRATE KALMAN
# =============================================================================
# Descrizione: tabella per valutare quanto il filtro di Kalman modifica la posa stimata a partire dalle misure grezze degli AprilTag.
# Generato il: 2026-09-08 11:15:20
# Formato dati: tabella CSV testuale con separatore ','
# Nota: le righe che iniziano con '#' sono commenti descrittivi.
# Separatore degli ID AprilTag multipli: '|'
#
# Legenda colonne:
# - timestamp_s: timestamp assoluto UNIX del campione [s]
# - tempo_relativo_s: tempo trascorso dal primo campione del file [s]
# - raw_x_m: coordinata X della posa grezza AprilTag [m]
# - raw_y_m: coordinata Y della posa grezza AprilTag [m]
# - raw_z_m: coordinata Z della posa grezza AprilTag [m]
# - raw_yaw_deg: yaw associato alla posa grezza AprilTag [deg]
# - kalman_x_m: coordinata X dopo filtraggio di Kalman [m]
# - kalman_y_m: coordinata Y dopo filtraggio di Kalman [m]
# - kalman_z_m: coordinata Z dopo filtraggio di Kalman [m]
# - kalman_yaw_deg: yaw filtrato da Kalman se yaw_filter_enabled=True, altrimenti corrisponde a quello grezzo [deg]
# - errore_x_m: differenza kalman_x_m - raw_x_m [m]
# - errore_y_m: differenza kalman_y_m - raw_y_m [m]
# - errore_z_m: differenza kalman_z_m - raw_z_m [m]
# - norma_errore_m: norma euclidea della correzione introdotta dal filtro [m]
# - tag_ids: ID degli AprilTag usati per la stima, separati dal carattere indicato sopra
# - sorgente_raw: descrizione della sorgente della posa grezza
# - sorgente_kalman: descrizione della sorgente della posa filtrata
# - outlier_scartato: true se il filtro di Kalman ha scartato la misura grezza: la posa filtrata e' solo la previsione
# =============================================================================

timestamp_s,tempo_relativo_s,raw_x_m,raw_y_m,raw_z_m,raw_yaw_deg,kalman_x_m,kalman_y_m,kalman_z_m,kalman_yaw_deg,errore_x_m,errore_y_m,errore_z_m,norma_errore_m,tag_ids,sorgente_raw,sorgente_kalman,outlier_scartato
1788858768.895,0.000,-0.183,1.429,0.716,78.158,-0.183,1.429,0.716,78.158,0.000,0.000,0.000,0.000,0,weighted_average,kalman(weighted_average),false
1788858769.005,0.110,-0.179,1.432,0.721,78.006,-0.179,1.432,0.721,78.092,-0.000,-0.000,-0.000,0.000,0,weighted_average,kalman(weighted_average),false
1788858769.055,0.160,-0.180,1.430,0.724,77.896,-0.180,1.431,0.723,77.977,0.000,0.001,-0.001,0.001,0,weighted_average,kalman(weighted_average),false
1788858769.104,0.209,-0.168,1.438,0.729,77.523,-0.172,1.436,0.728,77.704,-0.003,-0.002,-0.001,0.004,0,weighted_average,kalman(weighted_average),false
1788858769.162,0.267,-0.184,1.432,0.722,78.077,-0.179,1.434,0.725,77.838,0.005,0.002,0.003,0.006,0,weighted_average,kalman(weighted_average),false
1788858769.246,0.351,-0.177,1.436,0.731,77.667,-0.178,1.435,0.730,77.704,-0.001,-0.000,-0.002,0.002,0,weighted_average,kalman(weighted_average),false
1788858769.294,0.400,-0.201,2.032,1.238,78.537,-0.178,1.435,0.730,78.144,0.023,-0.597,-0.508,0.784,3,weighted_average,kalman(weighted_average),true
1788858769.348,0.453,-0.169,1.440,0.738,77.330,-0.171,1.439,0.736,77.755,-0.002,-0.001,-0.002,0.002,0,weighted_average,kalman(weighted_average),false
1788858769.397,0.503,-0.097,1.467,0.772,74.628,-0.123,1.457,0.760,76.086,-0.026,-0.010,-0.012,0.031,0,weighted_average,kalman(weighted_average),false
1788858769.451,0.557,-0.222,2.037,1.459,78.504,-0.123,1.457,0.760,77.047,0.098,-0.580,-0.700,0.914,3,weighted_average,kalman(weighted_average),true
1788858769.533,0.638,-0.516,1.770,-0.050,81.345,-0.123,1.457,0.760,79.696,0.392,-0.312,0.810,0.953,3,weighted_average,kalman(weighted_average),true
1788858769.587,0.692,-0.050,1.794,0.027,77.531,-0.123,1.457,0.760,78.868,-0.074,-0.337,0.733,0.810,3,weighted_average,kalman(weighted_average),true
1788858769.654,0.759,0.033,1.883,2.639,75.590,-0.123,1.457,0.760,77.059,-0.157,-0.425,-1.879,1.933,3,weighted_average,kalman(weighted_average),true
1788858769.697,0.802,-0.766,1.769,-0.001,83.347,-0.745,1.759,0.024,80.150,0.021,-0.010,0.025,0.034,3,weighted_average,kalman(weighted_average),false
1788858769.753,0.858,-0.513,1.772,-0.053,81.321,-0.745,1.759,0.024,81.166,-0.233,-0.013,0.077,0.245,3,weighted_average,kalman(weighted_average),true
1788858769.846,0.951,-0.433,1.908,2.528,79.748,-0.745,1.759,0.024,80.728,-0.313,-0.149,-2.504,2.528,3,weighted_average,kalman(weighted_average),true
1788858769.893,0.999,-0.586,1.728,-0.109,81.991,-0.598,1.730,-0.099,81.498,-0.012,0.002,0.010,0.015,3,weighted_average,kalman(weighted_average),false
1788858769.941,1.046,-0.036,1.812,2.876,76.009,-0.598,1.730,-0.099,78.756,-0.562,-0.082,-2.975,3.029,3,weighted_average,kalman(weighted_average),true
1788858769.992,1.097,-0.112,1.868,2.750,76.865,-0.598,1.730,-0.099,77.409,-0.486,-0.137,-2.849,2.893,3,weighted_average,kalman(weighted_average),true
1788858770.045,1.150,-0.051,1.794,0.030,77.710,-0.115,1.787,0.015,77.091,-0.064,-0.008,-0.015,0.066,3,weighted_average,kalman(weighted_average),false
1788858770.131,1.236,-0.259,1.866,2.743,78.079,-0.115,1.787,0.015,77.280,0.144,-0.079,-2.728,2.733,3,weighted_average,kalman(weighted_average),true
1788858770.181,1.286,0.358,1.959,1.936,73.632,-0.115,1.787,0.015,75.118,-0.474,-0.172,-1.920,1.985,3,weighted_average,kalman(weighted_average),true
1788858770.231,1.336,-0.242,1.865,2.730,78.053,-0.115,1.787,0.015,76.272,0.127,-0.078,-2.715,2.719,3,weighted_average,kalman(weighted_average),true
1788858770.281,1.386,-0.052,2.004,1.857,77.157,-0.115,1.787,0.015,76.648,-0.063,-0.217,-1.842,1.856,3,weighted_average,kalman(weighted_average),true
1788858770.332,1.437,-0.357,1.813,0.075,80.212,-0.349,1.812,0.073,78.496,0.008,-0.001,-0.002,0.008,3,weighted_average,kalman(weighted_average),false
1788858770.415,1.520,-0.771,1.828,0.200,83.529,-0.682,1.826,0.173,82.045,0.089,-0.002,-0.028,0.093,3,weighted_average,kalman(weighted_average),false
1788858770.465,1.571,0.479,1.849,2.609,72.069,-0.682,1.826,0.173,77.109,-1.162,-0.023,-2.436,2.699,3,weighted_average,kalman(weighted_average),true
1788858770.521,1.626,-0.787,1.873,0.376,83.611,-0.768,1.865,0.340,80.323,0.019,-0.008,-0.037,0.042,3,weighted_average,kalman(weighted_average),false
1788858770.569,1.674,-0.256,2.032,1.509,78.974,-0.768,1.865,0.340,79.921,-0.512,-0.167,-1.169,1.287,3,weighted_average,kalman(weighted_average),true
1788858770.620,1.726,-0.898,1.817,0.234,84.506,-0.870,1.827,0.256,82.447,0.028,0.010,0.022,0.037,3,weighted_average,kalman(weighted_average),false
1788858770.704,1.809,-0.687,1.757,-0.056,82.843,-0.750,1.770,0.012,83.363,-0.063,0.012,0.069,0.094,3,weighted_average,kalman(weighted_average),false
1788858770.754,1.859,-0.431,1.981,0.795,80.574,-0.750,1.770,0.012,82.135,-0.319,-0.212,-0.782,0.871,3,weighted_average,kalman(weighted_average),true
1788858770.808,1.914,-0.920,1.759,0.055,84.792,-0.888,1.761,0.047,83.628,0.033,0.002,-0.008,0.034,3,weighted_average,kalman(weighted_average),false
1788858770.859,1.965,-0.378,1.853,2.758,79.178,-0.888,1.761,0.047,81.534,-0.510,-0.092,-2.711,2.760,3,weighted_average,kalman(weighted_average),true
1788858770.908,2.013,-0.338,1.772,0.002,80.046,-0.888,1.761,0.047,80.595,-0.549,-0.010,0.045,0.551,3,weighted_average,kalman(weighted_average),true
1788858770.993,2.098,-0.527,1.825,0.098,81.561,-0.559,1.819,0.093,80.841,-0.033,-0.006,-0.005,0.033,3,weighted_average,kalman(weighted_average),false
1788858771.039,2.145,-0.262,1.809,0.101,79.371,-0.339,1.818,0.102,79.972,-0.078,0.009,0.001,0.078,3,weighted_average,kalman(weighted_average),false
1788858771.094,2.199,-0.454,1.708,-0.183,80.979,-0.339,1.818,0.102,80.320,0.114,0.109,0.286,0.327,3,weighted_average,kalman(weighted_average),true
1788858771.151,2.256,-0.899,1.748,0.007,84.572,-0.339,1.818,0.102,82.599,0.560,0.070,0.096,0.572,3,weighted_average,kalman(weighted_average),true
1788858771.193,2.299,-0.698,1.841,0.313,82.837,-0.656,1.838,0.289,83.021,0.042,-0.003,-0.025,0.049,3,weighted_average,kalman(weighted_average),false
1788858771.275,2.380,-0.280,1.903,2.494,78.497,-0.656,1.838,0.289,80.667,-0.376,-0.065,-2.205,2.238,3,weighted_average,kalman(weighted_average),true
1788858771.325,2.430,-0.340,1.914,2.419,79.046,-0.656,1.838,0.289,79.525,-0.317,-0.076,-2.130,2.155,3,weighted_average,kalman(weighted_average),true
1788858771.380,2.485,0.406,1.918,2.001,73.154,-0.656,1.838,0.289,75.654,-1.062,-0.080,-1.712,2.017,3,weighted_average,kalman(weighted_average),true
1788858771.431,2.537,-0.566,1.831,0.240,81.810,-0.570,1.831,0.243,78.054,-0.005,0.000,0.002,0.005,3,weighted_average,kalman(weighted_average),false
1788858771.482,2.587,-0.776,1.879,2.528,82.655,-0.570,1.831,0.243,80.290,0.206,-0.048,-2.285,2.295,3,weighted_average,kalman(weighted_average),true
1788858771.567,2.672,0.369,1.874,0.626,74.190,-0.570,1.831,0.243,76.802,-0.940,-0.043,-0.383,1.015,3,weighted_average,kalman(weighted_average),true
1788858771.621,2.727,-0.327,1.868,2.621,78.828,-0.570,1.831,0.243,77.522,-0.243,-0.037,-2.378,2.391,3,weighted_average,kalman(weighted_average),true
1788858771.670,2.775,-0.525,1.778,0.100,81.555,-0.527,1.780,0.107,79.525,-0.002,0.003,0.007,0.008,3,weighted_average,kalman(weighted_average),false
1788858771.732,2.837,0.194,1.864,2.512,74.503,-0.527,1.780,0.107,76.951,-0.722,-0.083,-2.405,2.512,3,weighted_average,kalman(weighted_average),true
1788858771.769,2.874,2.101,1.532,3.195,55.811,-0.527,1.780,0.107,66.379,-2.628,0.248,-3.088,4.063,15,weighted_average,kalman(weighted_average),true
1788858771.855,2.960,1.055,1.483,3.226,66.142,-0.527,1.780,0.107,63.521,-1.583,0.297,-3.119,3.510,3,weighted_average,kalman(weighted_average),true
1788858771.906,3.011,-0.353,1.824,0.336,80.126,-0.362,1.822,0.324,71.728,-0.009,-0.002,-0.012,0.015,3,weighted_average,kalman(weighted_average),false
1788858771.955,3.060,-0.260,1.965,1.445,78.983,-0.362,1.822,0.324,76.151,-0.102,-0.143,-1.121,1.135,3,weighted_average,kalman(weighted_average),true
1788858772.008,3.114,1.509,1.846,2.457,62.442,-0.362,1.822,0.324,70.030,-1.871,-0.024,-2.133,2.837,15,weighted_average,kalman(weighted_average),true
1788858772.058,3.163,0.785,1.811,2.064,70.034,-0.362,1.822,0.324,69.715,-1.147,0.011,-1.740,2.084,3,weighted_average,kalman(weighted_average),true
1788858772.149,3.254,-1.818,1.457,1.909,97.320,-0.362,1.822,0.324,87.285,1.456,0.365,-1.585,2.183,17,weighted_average,kalman(weighted_average),true
1788858772.194,3.299,1.034,1.834,2.824,66.037,-0.362,1.822,0.324,77.918,-1.396,-0.012,-2.500,2.864,15,weighted_average,kalman(weighted_average),true
1788858772.247,3.352,-0.546,1.792,0.604,80.891,-0.541,1.793,0.597,79.875,0.004,0.001,-0.007,0.008,15,weighted_average,kalman(weighted_average),false
1788858772.297,3.403,1.354,1.742,2.917,63.122,-0.541,1.793,0.597,71.571,-1.896,0.051,-2.319,2.996,15,weighted_average,kalman(weighted_average),true
1788858772.347,3.452,-0.248,1.957,1.457,79.062,-0.541,1.793,0.597,74.383,-0.294,-0.165,-0.860,0.923,3,weighted_average,kalman(weighted_average),true
1788858772.432,3.538,-1.312,1.446,1.980,91.331,-0.541,1.793,0.597,84.791,0.770,0.347,-1.383,1.620,17,weighted_average,kalman(weighted_average),true
1788858772.481,3.586,-0.078,1.699,1.087,77.849,-0.101,1.704,1.062,82.395,-0.024,0.005,-0.025,0.035,9,weighted_average,kalman(weighted_average),false
1788858772.536,3.641,-1.188,1.688,0.325,87.152,-0.101,1.704,1.062,85.729,1.086,0.015,0.737,1.312,3,weighted_average,kalman(weighted_average),true
1788858772.588,3.693,-0.113,1.683,1.122,78.167,-0.111,1.687,1.111,82.671,0.002,0.004,-0.011,0.012,9,weighted_average,kalman(weighted_average),false
1788858772.640,3.745,-0.162,1.026,1.073,78.116,-0.111,1.687,1.111,80.387,0.051,0.661,0.038,0.664,1,weighted_average,kalman(weighted_average),true
1788858772.723,3.828,-0.102,1.683,1.122,77.981,-0.103,1.684,1.121,78.478,-0.001,0.001,-0.002,0.002,9,weighted_average,kalman(weighted_average),false
1788858772.774,3.879,-0.160,1.018,1.114,78.028,-0.103,1.684,1.121,77.811,0.057,0.666,0.007,0.669,1,weighted_average,kalman(weighted_average),true
1788858772.825,3.931,-0.102,1.685,1.169,77.962,-0.103,1.685,1.159,77.499,-0.000,-0.000,-0.009,0.009,9,weighted_average,kalman(weighted_average),false
1788858772.877,3.982,-0.101,1.692,1.189,78.013,-0.102,1.690,1.183,77.458,-0.000,-0.002,-0.006,0.006,9,weighted_average,kalman(weighted_average),false
1788858772.927,4.032,-0.478,1.345,1.411,81.095,-0.102,1.690,1.183,79.131,0.376,0.345,-0.227,0.559,17,weighted_average,kalman(weighted_average),true
1788858773.061,4.166,-0.170,1.012,1.209,78.083,-0.102,1.690,1.183,78.508,0.069,0.677,-0.025,0.681,1,weighted_average,kalman(weighted_average),true
1788858773.127,4.232,-0.177,1.021,1.218,78.207,-0.174,1.049,1.216,78.218,0.003,0.028,-0.001,0.028,1,weighted_average,kalman(weighted_average),false
1788858773.175,4.280,-0.082,1.525,1.235,76.235,-0.174,1.049,1.216,76.999,-0.092,-0.476,-0.019,0.485,11,weighted_average,kalman(weighted_average),true
1788858773.221,4.326,-0.081,1.528,1.266,76.212,-0.174,1.049,1.216,76.334,-0.092,-0.479,-0.050,0.490,11,weighted_average,kalman(weighted_average),true
1788858773.304,4.409,-0.085,1.527,1.304,76.165,-0.092,1.488,1.297,75.848,-0.007,-0.040,-0.007,0.041,11,weighted_average,kalman(weighted_average),false
1788858773.356,4.461,-0.094,1.524,1.313,76.240,-0.085,1.554,1.315,75.879,0.008,0.030,0.002,0.032,11,weighted_average,kalman(weighted_average),false
1788858773.406,4.512,-0.107,1.520,1.345,76.282,-0.092,1.570,1.342,75.974,0.014,0.050,-0.003,0.052,11,weighted_average,kalman(weighted_average),false
1788858773.455,4.560,-0.095,1.531,1.366,76.217,-0.092,1.570,1.365,76.036,0.003,0.039,-0.001,0.039,11,weighted_average,kalman(weighted_average),false
1788858773.512,4.617,-0.127,1.525,1.396,76.844,-0.113,1.556,1.395,76.433,0.014,0.031,-0.002,0.034,11|14,weighted_average,kalman(weighted_average),false
1788858773.595,4.700,-0.128,1.527,1.433,76.812,-0.127,1.540,1.433,76.731,0.001,0.013,0.001,0.013,11|14,weighted_average,kalman(weighted_average),false
1788858773.645,4.750,-0.132,1.536,1.457,76.869,-0.133,1.536,1.457,76.872,-0.002,-0.000,0.000,0.002,11|14,weighted_average,kalman(weighted_average),false
1788858773.699,4.804,-0.140,1.530,1.471,76.936,-0.141,1.531,1.476,76.977,-0.000,0.001,0.004,0.004,11|14,weighted_average,kalman(weighted_average),false
1788858773.750,4.856,-0.144,1.528,1.503,76.920,-0.145,1.528,1.501,77.007,-0.002,-0.001,-0.003,0.003,11|14,weighted_average,kalman(weighted_average),false
1788858773.799,4.904,-0.145,1.523,1.515,76.844,-0.148,1.523,1.518,76.966,-0.002,0.000,0.003,0.004,11|14,weighted_average,kalman(weighted_average),false
1788858773.882,4.988,-0.157,1.523,1.558,76.975,-0.156,1.521,1.556,77.001,0.000,-0.002,-0.002,0.002,11|14,weighted_average,kalman(weighted_average),false
1788858773.934,5.039,-0.149,1.534,1.568,76.942,-0.153,1.529,1.572,76.981,-0.004,-0.005,0.004,0.008,11|14,weighted_average,kalman(weighted_average),false
1788858773.989,5.095,-0.156,1.525,1.594,76.915,-0.156,1.527,1.594,76.951,0.001,0.002,-0.001,0.002,11|14,weighted_average,kalman(weighted_average),false
1788858774.036,5.141,-0.162,1.528,1.628,77.030,-0.160,1.528,1.621,76.991,0.002,-0.000,-0.006,0.007,11|14,weighted_average,kalman(weighted_average),false
1788858774.087,5.192,-0.163,1.528,1.642,77.055,-0.163,1.529,1.643,77.030,0.000,0.000,0.002,0.002,11|14,weighted_average,kalman(weighted_average),false
1788858774.170,5.275,-0.170,1.526,1.681,77.101,-0.170,1.527,1.681,77.087,0.001,0.001,-0.000,0.001,11|14,weighted_average,kalman(weighted_average),false
1788858774.222,5.327,-0.171,1.532,1.688,77.179,-0.172,1.530,1.694,77.152,-0.001,-0.002,0.006,0.006,11|14,weighted_average,kalman(weighted_average),false
1788858774.272,5.377,-0.172,1.530,1.719,77.116,-0.173,1.530,1.716,77.152,-0.001,0.001,-0.003,0.003,11|14,weighted_average,kalman(weighted_average),false
1788858774.323,5.428,-0.172,1.535,1.731,77.167,-0.173,1.533,1.733,77.173,-0.001,-0.002,0.002,0.003,11|14,weighted_average,kalman(weighted_average),false
1788858774.371,5.477,-0.175,1.535,1.756,77.184,-0.174,1.535,1.754,77.190,0.000,0.000,-0.002,0.002,11|14,weighted_average,kalman(weighted_average),false
1788858774.455,5.560,-0.179,1.524,1.791,77.133,-0.178,1.528,1.790,77.169,0.001,0.004,-0.001,0.004,11|14,weighted_average,kalman(weighted_average),false
1788858774.510,5.615,-0.172,1.531,1.802,77.034,-0.175,1.529,1.806,77.092,-0.003,-0.002,0.004,0.005,11|14,weighted_average,kalman(weighted_average),false
1788858774.561,5.666,-0.177,1.529,1.815,77.082,-0.176,1.529,1.819,77.074,0.001,-0.000,0.003,0.003,11|14,weighted_average,kalman(weighted_average),false
1788858774.611,5.717,-0.178,1.533,1.835,77.112,-0.177,1.531,1.835,77.083,0.001,-0.002,-0.000,0.002,11|14,weighted_average,kalman(weighted_average),false
1788858774.659,5.765,-0.178,1.535,1.844,77.129,-0.178,1.534,1.847,77.101,0.000,-0.001,0.002,0.003,11|14,weighted_average,kalman(weighted_average),false
1788858774.750,5.855,-0.185,1.542,1.854,77.259,-0.184,1.540,1.859,77.202,0.001,-0.001,0.005,0.005,11|14,weighted_average,kalman(weighted_average),false
1788858774.798,5.903,-0.186,1.548,1.865,77.332,-0.186,1.546,1.866,77.289,-0.000,-0.002,0.000,0.002,11|14,weighted_average,kalman(weighted_average),false
1788858774.851,5.956,-0.185,1.547,1.863,77.242,-0.186,1.548,1.867,77.289,-0.002,0.002,0.004,0.005,11|14,weighted_average,kalman(weighted_average),false
1788858774.901,6.006,-0.187,1.547,1.866,77.275,-0.187,1.548,1.868,77.298,-0.000,0.002,0.002,0.003,11|14,weighted_average,kalman(weighted_average),false
1788858774.953,6.058,-0.182,1.552,1.866,77.181,-0.184,1.552,1.868,77.249,-0.003,-0.001,0.002,0.004,11|14,weighted_average,kalman(weighted_average),false
1788858775.049,6.154,-0.186,1.556,1.869,77.256,-0.185,1.556,1.869,77.253,0.001,0.000,0.001,0.001,11|14,weighted_average,kalman(weighted_average),false
1788858775.097,6.202,-0.188,1.554,1.868,77.247,-0.187,1.555,1.869,77.250,0.001,0.001,0.001,0.002,11|14,weighted_average,kalman(weighted_average),false
1788858775.150,6.255,-0.188,1.557,1.870,77.279,-0.188,1.557,1.870,77.266,0.000,-0.000,-0.001,0.001,11|14,weighted_average,kalman(weighted_average),false
1788858775.198,6.303,-0.189,1.562,1.877,77.302,-0.189,1.560,1.875,77.287,-0.000,-0.001,-0.003,0.003,11|14,weighted_average,kalman(weighted_average),false
1788858775.251,6.356,-0.190,1.561,1.869,77.250,-0.190,1.562,1.872,77.273,-0.000,0.001,0.003,0.003,11|14,weighted_average,kalman(weighted_average),false
1788858775.346,6.451,-0.191,1.565,1.867,77.271,-0.191,1.565,1.869,77.273,-0.000,-0.000,0.001,0.001,11|14,weighted_average,kalman(weighted_average),false
1788858775.414,6.519,-0.191,1.565,1.867,77.271,-0.191,1.566,1.867,77.272,-0.000,0.001,-0.000,0.001,11|14,weighted_average,kalman(weighted_average),false
1788858775.468,6.573,-0.188,1.569,1.871,77.231,-0.189,1.568,1.869,77.248,-0.001,-0.001,-0.002,0.002,11|14,weighted_average,kalman(weighted_average),false
1788858775.516,6.621,-0.190,1.572,1.867,77.252,-0.190,1.571,1.868,77.247,0.001,-0.001,0.001,0.001,11|14,weighted_average,kalman(weighted_average),false
1788858775.607,6.712,-0.192,1.576,1.869,77.111,-0.191,1.576,1.868,77.154,0.001,-0.000,-0.000,0.001,11|14,weighted_average,kalman(weighted_average),false
1788858775.658,6.763,-0.188,1.577,1.863,76.844,-0.190,1.578,1.865,76.960,-0.001,0.001,0.002,0.002,11|14,weighted_average,kalman(weighted_average),false
1788858775.713,6.818,-0.186,1.578,1.869,76.437,-0.187,1.579,1.867,76.625,-0.001,0.001,-0.002,0.003,11|14,weighted_average,kalman(weighted_average),false
1788858775.765,6.870,-0.184,1.571,1.861,76.127,-0.185,1.574,1.863,76.272,-0.000,0.004,0.002,0.004,11|14,weighted_average,kalman(weighted_average),false
1788858775.815,6.920,-0.185,1.570,1.857,75.938,-0.184,1.571,1.859,75.987,0.001,0.001,0.002,0.002,11|14,weighted_average,kalman(weighted_average),false
1788858775.908,7.013,-0.177,1.570,1.866,75.273,-0.178,1.569,1.863,75.356,-0.001,-0.000,-0.003,0.003,11|14,weighted_average,kalman(weighted_average),false
1788858775.957,7.062,-0.173,1.563,1.862,74.786,-0.174,1.565,1.863,74.901,-0.001,0.002,0.000,0.002,11|14,weighted_average,kalman(weighted_average),false
1788858776.012,7.117,-0.168,1.557,1.861,74.311,-0.169,1.559,1.862,74.397,-0.001,0.002,0.001,0.002,11|14,weighted_average,kalman(weighted_average),false
1788858776.074,7.180,-0.165,1.556,1.868,74.120,-0.164,1.555,1.866,74.026,0.001,-0.001,-0.002,0.002,11|14,weighted_average,kalman(weighted_average),false
1788858776.174,7.279,-0.165,1.551,1.868,73.948,-0.163,1.551,1.869,73.757,0.002,-0.001,0.000,0.002,11|14,weighted_average,kalman(weighted_average),false
1788858776.225,7.330,-0.156,1.540,1.869,73.424,-0.158,1.543,1.870,73.474,-0.002,0.003,0.000,0.003,11|14,weighted_average,kalman(weighted_average),false
1788858776.270,7.376,-0.148,1.529,1.864,72.972,-0.151,1.533,1.866,73.109,-0.003,0.004,0.003,0.006,11|14,weighted_average,kalman(weighted_average),false
1788858776.322,7.427,-0.139,1.514,1.867,72.625,-0.142,1.519,1.866,72.714,-0.003,0.004,-0.000,0.005,11|14,weighted_average,kalman(weighted_average),false
1788858776.371,7.476,-0.132,1.503,1.869,72.405,-0.134,1.505,1.868,72.403,-0.001,0.002,-0.001,0.003,11|14,weighted_average,kalman(weighted_average),false
1788858776.461,7.566,-0.128,1.489,1.869,72.324,-0.126,1.488,1.869,72.148,0.002,-0.001,-0.000,0.002,11|14,weighted_average,kalman(weighted_average),false
1788858776.508,7.613,-0.122,1.479,1.865,72.349,-0.122,1.478,1.867,72.174,0.000,-0.000,0.002,0.002,11|14,weighted_average,kalman(weighted_average),false
1788858776.563,7.669,-0.116,1.470,1.865,72.272,-0.116,1.469,1.865,72.164,-0.000,-0.001,0.000,0.001,11|14,weighted_average,kalman(weighted_average),false
1788858776.613,7.719,-0.108,1.453,1.865,72.189,-0.109,1.456,1.865,72.139,-0.001,0.003,-0.001,0.003,11|14,weighted_average,kalman(weighted_average),false
1788858776.662,7.767,-0.103,1.446,1.867,72.158,-0.103,1.446,1.866,72.120,-0.001,-0.000,-0.001,0.001,11|14,weighted_average,kalman(weighted_average),false
1788858776.763,7.868,-0.089,1.424,1.865,72.104,-0.090,1.424,1.865,72.078,-0.000,-0.000,0.000,0.000,11|14,weighted_average,kalman(weighted_average),false
1788858776.811,7.916,-0.087,1.408,1.865,72.186,-0.086,1.410,1.865,72.129,0.001,0.002,-0.000,0.002,11|14,weighted_average,kalman(weighted_average),false
1788858776.861,7.967,-0.076,1.398,1.869,72.040,-0.078,1.398,1.867,72.080,-0.001,-0.000,-0.002,0.002,11|14,weighted_average,kalman(weighted_average),false
1788858776.912,8.017,-0.076,1.392,1.864,72.120,-0.074,1.390,1.866,72.093,0.002,-0.003,0.001,0.004,11|14,weighted_average,kalman(weighted_average),false
1788858776.961,8.066,-0.042,1.373,1.855,71.366,-0.053,1.376,1.859,71.715,-0.011,0.003,0.004,0.012,11,weighted_average,kalman(weighted_average),false
1788858777.053,8.158,-0.031,1.353,1.862,71.400,-0.031,1.353,1.860,71.422,0.000,0.000,-0.002,0.002,11,weighted_average,kalman(weighted_average),false
1788858777.099,8.205,-0.053,1.352,1.865,72.180,-0.041,1.348,1.863,71.785,0.012,-0.004,-0.002,0.013,11|14,weighted_average,kalman(weighted_average),false
1788858777.151,8.257,-0.042,1.337,1.868,72.113,-0.041,1.337,1.867,71.976,0.002,0.001,-0.001,0.002,11|14,weighted_average,kalman(weighted_average),false
1788858777.203,8.308,-0.038,1.329,1.867,72.092,-0.039,1.329,1.868,72.079,-0.000,-0.001,0.001,0.001,11|14,weighted_average,kalman(weighted_average),false
1788858777.357,8.463,-0.018,1.297,1.863,72.019,-0.019,1.298,1.864,72.080,-0.002,0.000,0.001,0.002,11|14,weighted_average,kalman(weighted_average),false
1788858777.420,8.525,-0.015,1.293,1.867,72.032,-0.013,1.291,1.866,72.045,0.001,-0.002,-0.001,0.003,11|14,weighted_average,kalman(weighted_average),false
1788858777.482,8.587,-0.011,1.279,1.865,72.034,-0.009,1.280,1.865,72.030,0.001,0.001,0.000,0.002,11|14,weighted_average,kalman(weighted_average),false
1788858777.523,8.628,-0.004,1.267,1.867,71.996,-0.005,1.269,1.866,72.007,-0.000,0.002,-0.001,0.003,11|14,weighted_average,kalman(weighted_average),false
1788858777.615,8.720,0.020,1.248,1.856,71.363,0.016,1.249,1.859,71.570,-0.004,0.001,0.003,0.005,11,weighted_average,kalman(weighted_average),false
1788858777.666,8.771,0.026,1.244,1.855,71.302,0.026,1.242,1.855,71.346,0.000,-0.002,0.000,0.002,11,weighted_average,kalman(weighted_average),false
1788858777.720,8.825,0.031,1.237,1.860,71.287,0.033,1.235,1.857,71.226,0.002,-0.002,-0.003,0.004,11,weighted_average,kalman(weighted_average),false
1788858777.767,8.872,0.033,1.233,1.855,71.274,0.037,1.231,1.855,71.182,0.003,-0.002,0.001,0.004,11,weighted_average,kalman(weighted_average),false
1788858777.820,8.925,0.038,1.227,1.853,71.256,0.040,1.226,1.853,71.161,0.002,-0.001,0.000,0.002,11,weighted_average,kalman(weighted_average),false
1788858777.913,9.018,0.040,1.220,1.859,71.378,0.042,1.218,1.857,71.251,0.002,-0.001,-0.002,0.003,11,weighted_average,kalman(weighted_average),false
1788858777.965,9.071,0.055,1.218,1.858,71.175,0.051,1.217,1.858,71.208,-0.004,-0.002,0.000,0.004,11,weighted_average,kalman(weighted_average),false
1788858778.016,9.121,0.040,1.210,1.855,71.443,0.046,1.212,1.856,71.330,0.006,0.001,0.002,0.006,11,weighted_average,kalman(weighted_average),false
1788858778.066,9.172,0.042,1.210,1.850,71.421,0.044,1.209,1.852,71.394,0.002,-0.001,0.002,0.003,11,weighted_average,kalman(weighted_average),false
1788858778.119,9.224,0.042,1.209,1.857,71.407,0.043,1.207,1.854,71.423,0.000,-0.001,-0.002,0.003,11,weighted_average,kalman(weighted_average),false
1788858778.222,9.327,0.046,1.213,1.848,71.317,0.045,1.210,1.850,71.375,-0.001,-0.002,0.001,0.003,11,weighted_average,kalman(weighted_average),false
1788858778.270,9.375,0.045,1.212,1.853,71.308,0.045,1.212,1.851,71.333,0.000,-0.000,-0.002,0.002,11,weighted_average,kalman(weighted_average),false
1788858778.328,9.433,0.048,1.216,1.848,71.228,0.047,1.215,1.849,71.264,-0.001,-0.001,0.001,0.002,11,weighted_average,kalman(weighted_average),false
1788858778.378,9.483,0.041,1.218,1.849,71.344,0.044,1.217,1.848,71.290,0.003,-0.000,-0.001,0.003,11,weighted_average,kalman(weighted_average),false
1788858778.422,9.527,0.045,1.223,1.853,71.220,0.044,1.221,1.850,71.249,-0.001,-0.002,-0.002,0.003,11,weighted_average,kalman(weighted_average),false
1788858778.528,9.634,0.042,1.227,1.847,71.242,0.042,1.227,1.848,71.228,0.000,0.000,0.001,0.001,11,weighted_average,kalman(weighted_average),false
1788858778.574,9.679,0.043,1.228,1.845,71.201,0.042,1.229,1.846,71.207,-0.001,0.000,0.001,0.001,11,weighted_average,kalman(weighted_average),false
1788858778.623,9.728,0.042,1.234,1.844,71.212,0.042,1.233,1.844,71.203,-0.000,-0.001,0.000,0.001,11,weighted_average,kalman(weighted_average),false
1788858778.673,9.778,0.040,1.237,1.847,71.262,0.040,1.236,1.845,71.228,0.001,-0.000,-0.002,0.002,11,weighted_average,kalman(weighted_average),false
1788858778.725,9.830,0.036,1.236,1.844,71.236,0.038,1.238,1.844,71.233,0.001,0.002,0.000,0.002,11,weighted_average,kalman(weighted_average),false
1788858778.817,9.923,0.038,1.240,1.844,71.179,0.037,1.240,1.844,71.199,-0.001,0.001,-0.000,0.001,11,weighted_average,kalman(weighted_average),false
1788858778.866,9.972,0.036,1.243,1.844,71.248,0.036,1.243,1.844,71.222,0.000,-0.000,-0.000,0.001,11,weighted_average,kalman(weighted_average),false
1788858778.919,10.024,0.041,1.245,1.841,71.123,0.039,1.245,1.842,71.169,-0.002,-0.000,0.001,0.002,11,weighted_average,kalman(weighted_average),false
1788858778.974,10.080,0.031,1.246,1.847,71.297,0.034,1.247,1.845,71.230,0.003,0.001,-0.002,0.004,11,weighted_average,kalman(weighted_average),false
1788858779.019,10.125,0.032,1.248,1.845,71.281,0.032,1.248,1.845,71.261,0.001,-0.000,0.000,0.001,11,weighted_average,kalman(weighted_average),false
1788858779.112,10.218,0.031,1.250,1.853,71.271,0.030,1.250,1.851,71.279,-0.001,0.000,-0.002,0.002,11,weighted_average,kalman(weighted_average),false
1788858779.166,10.271,0.029,1.250,1.851,71.272,0.029,1.251,1.852,71.281,-0.000,0.001,0.001,0.001,11,weighted_average,kalman(weighted_average),false
1788858779.212,10.318,0.029,1.252,1.852,71.263,0.029,1.252,1.853,71.275,-0.000,-0.000,0.001,0.001,11,weighted_average,kalman(weighted_average),false
1788858779.283,10.388,0.010,1.258,1.852,71.918,0.016,1.257,1.853,71.658,0.006,-0.002,0.001,0.006,11|14,weighted_average,kalman(weighted_average),false
1788858779.387,10.492,0.007,1.259,1.862,71.950,0.006,1.260,1.861,71.947,-0.001,0.000,-0.001,0.002,11|14,weighted_average,kalman(weighted_average),false
1788858779.434,10.539,0.007,1.260,1.866,71.949,0.005,1.260,1.865,72.003,-0.002,0.001,-0.001,0.002,11|14,weighted_average,kalman(weighted_average),false
1788858779.492,10.597,0.009,1.263,1.862,71.939,0.006,1.262,1.864,72.021,-0.002,-0.000,0.003,0.004,11|14,weighted_average,kalman(weighted_average),false
1788858779.536,10.641,0.003,1.261,1.869,72.017,0.004,1.262,1.867,72.050,0.001,0.001,-0.001,0.002,11|14,weighted_average,kalman(weighted_average),false
1788858779.590,10.696,0.005,1.258,1.865,71.936,0.004,1.260,1.867,72.020,-0.001,0.002,0.002,0.003,11|14,weighted_average,kalman(weighted_average),false
1788858779.692,10.797,0.005,1.259,1.871,71.943,0.004,1.259,1.871,71.984,-0.001,0.000,-0.001,0.001,11|14,weighted_average,kalman(weighted_average),false
1788858779.740,10.846,0.031,1.257,1.866,71.226,0.021,1.258,1.868,71.542,-0.009,0.000,0.002,0.009,11,weighted_average,kalman(weighted_average),false
1788858779.796,10.901,0.005,1.258,1.873,71.944,0.014,1.258,1.871,71.692,0.009,-0.001,-0.002,0.009,11|14,weighted_average,kalman(weighted_average),false
1788858779.854,10.960,0.007,1.258,1.875,71.894,0.010,1.258,1.875,71.783,0.002,-0.000,-0.001,0.003,11|14,weighted_average,kalman(weighted_average),false
1788858779.900,11.005,0.006,1.262,1.878,71.972,0.007,1.260,1.877,71.883,0.001,-0.002,-0.001,0.002,11|14,weighted_average,kalman(weighted_average),false
1788858779.987,11.093,0.010,1.263,1.873,71.926,0.008,1.263,1.875,71.935,-0.002,-0.000,0.002,0.003,11|14,weighted_average,kalman(weighted_average),false
1788858780.041,11.147,0.009,1.267,1.876,71.996,0.009,1.266,1.875,71.985,-0.000,-0.001,-0.000,0.001,11|14,weighted_average,kalman(weighted_average),false
1788858780.093,11.199,0.008,1.264,1.878,71.977,0.009,1.266,1.877,71.999,0.000,0.002,-0.001,0.002,11|14,weighted_average,kalman(weighted_average),false
1788858780.149,11.254,0.008,1.267,1.875,72.019,0.008,1.267,1.876,72.024,0.000,-0.000,0.001,0.001,11|14,weighted_average,kalman(weighted_average),false
1788858780.193,11.298,0.010,1.266,1.873,71.972,0.009,1.267,1.874,72.009,-0.001,0.001,0.001,0.001,11|14,weighted_average,kalman(weighted_average),false
1788858780.288,11.393,0.013,1.270,1.872,71.966,0.012,1.269,1.872,71.989,-0.001,-0.000,0.000,0.001,11|14,weighted_average,kalman(weighted_average),false
1788858780.336,11.441,0.010,1.268,1.878,71.985,0.011,1.269,1.876,71.986,0.001,0.001,-0.002,0.003,11|14,weighted_average,kalman(weighted_average),false
1788858780.390,11.495,0.014,1.270,1.879,71.946,0.013,1.270,1.878,71.962,-0.001,-0.001,-0.001,0.001,11|14,weighted_average,kalman(weighted_average),false
1788858780.438,11.543,0.012,1.272,1.876,71.998,0.013,1.271,1.877,71.976,0.001,-0.000,0.001,0.002,11|14,weighted_average,kalman(weighted_average),false
1788858780.490,11.595,0.041,1.266,1.872,71.170,0.030,1.268,1.874,71.554,-0.011,0.003,0.002,0.012,11,weighted_average,kalman(weighted_average),false
1788858780.586,11.691,0.014,1.269,1.881,71.965,0.021,1.269,1.879,71.733,0.007,-0.001,-0.002,0.008,11|14,weighted_average,kalman(weighted_average),false
1788858780.632,11.738,0.015,1.272,1.877,72.006,0.016,1.271,1.878,71.893,0.002,-0.001,0.001,0.002,11|14,weighted_average,kalman(weighted_average),false
1788858780.688,11.793,0.012,1.268,1.877,72.003,0.012,1.269,1.878,71.987,-0.000,0.001,0.001,0.002,11|14,weighted_average,kalman(weighted_average),false
1788858780.748,11.853,0.013,1.268,1.875,72.005,0.011,1.269,1.876,72.035,-0.002,0.000,0.001,0.002,11|14,weighted_average,kalman(weighted_average),false
1788858780.799,11.904,0.013,1.266,1.874,71.993,0.012,1.267,1.875,72.040,-0.002,0.001,0.001,0.002,11|14,weighted_average,kalman(weighted_average),false
1788858780.894,11.999,0.034,1.261,1.868,71.345,0.028,1.262,1.869,71.600,-0.006,0.001,0.001,0.006,11,weighted_average,kalman(weighted_average),false
1788858780.941,12.046,0.036,1.258,1.870,71.291,0.036,1.259,1.869,71.368,-0.001,0.001,-0.001,0.002,11,weighted_average,kalman(weighted_average),false
1788858780.996,12.101,0.039,1.258,1.874,71.264,0.041,1.257,1.872,71.225,0.002,-0.001,-0.003,0.003,11,weighted_average,kalman(weighted_average),false
1788858781.043,12.149,0.039,1.257,1.869,71.268,0.042,1.256,1.870,71.176,0.003,-0.001,0.001,0.003,11,weighted_average,kalman(weighted_average),false
1788858781.096,12.202,0.033,1.256,1.871,71.394,0.038,1.255,1.870,71.229,0.005,-0.001,-0.001,0.006,11,weighted_average,kalman(weighted_average),false
1788858781.203,12.308,0.034,1.253,1.867,71.372,0.035,1.253,1.868,71.292,0.001,0.000,0.001,0.001,11,weighted_average,kalman(weighted_average),false
1788858781.240,12.346,0.037,1.252,1.868,71.350,0.036,1.252,1.868,71.326,-0.001,0.000,-0.001,0.001,11,weighted_average,kalman(weighted_average),false
1788858781.289,12.394,0.040,1.250,1.870,71.288,0.038,1.250,1.869,71.314,-0.002,0.000,-0.001,0.002,11,weighted_average,kalman(weighted_average),false
1788858781.341,12.446,0.041,1.250,1.868,71.289,0.040,1.249,1.868,71.304,-0.001,-0.000,0.000,0.001,11,weighted_average,kalman(weighted_average),false
1788858781.393,12.498,0.037,1.247,1.862,71.334,0.039,1.247,1.865,71.320,0.002,0.000,0.002,0.003,11,weighted_average,kalman(weighted_average),false
1788858781.478,12.583,0.035,1.245,1.868,71.391,0.036,1.245,1.866,71.369,0.001,-0.000,-0.002,0.002,11,weighted_average,kalman(weighted_average),false
1788858781.525,12.631,0.036,1.244,1.867,71.366,0.035,1.244,1.867,71.376,-0.000,-0.000,-0.000,0.001,11,weighted_average,kalman(weighted_average),false
1788858781.577,12.682,0.035,1.240,1.864,71.343,0.035,1.241,1.865,71.365,-0.000,0.001,0.002,0.002,11,weighted_average,kalman(weighted_average),false
1788858781.628,12.733,0.037,1.240,1.865,71.319,0.036,1.240,1.865,71.344,-0.001,-0.000,-0.000,0.001,11,weighted_average,kalman(weighted_average),false
1788858781.677,12.783,0.036,1.238,1.859,71.305,0.036,1.238,1.861,71.322,-0.000,0.000,0.002,0.002,11,weighted_average,kalman(weighted_average),false
1788858781.758,12.863,0.037,1.238,1.866,71.307,0.037,1.237,1.864,71.307,-0.000,-0.001,-0.002,0.002,11,weighted_average,kalman(weighted_average),false
1788858781.812,12.917,0.035,1.237,1.861,71.324,0.035,1.236,1.862,71.312,0.001,-0.000,0.001,0.001,11,weighted_average,kalman(weighted_average),false
1788858781.864,12.969,0.032,1.238,1.859,71.391,0.033,1.237,1.860,71.353,0.001,-0.001,0.001,0.002,11,weighted_average,kalman(weighted_average),false
1788858781.913,13.018,0.033,1.237,1.865,71.354,0.033,1.237,1.863,71.359,-0.001,0.000,-0.003,0.003,11,weighted_average,kalman(weighted_average),false
1788858781.970,13.075,0.030,1.236,1.858,71.388,0.031,1.236,1.860,71.380,0.001,0.000,0.002,0.002,11,weighted_average,kalman(weighted_average),false
1788858782.084,13.189,0.029,1.235,1.859,71.375,0.029,1.235,1.859,71.384,-0.000,0.000,-0.000,0.000,11,weighted_average,kalman(weighted_average),false
1788858782.128,13.233,0.027,1.233,1.863,71.384,0.028,1.234,1.861,71.386,0.000,0.001,-0.001,0.002,11,weighted_average,kalman(weighted_average),false
1788858782.181,13.287,0.026,1.233,1.863,71.400,0.026,1.233,1.862,71.395,0.000,-0.000,-0.000,0.000,11,weighted_average,kalman(weighted_average),false
1788858782.231,13.336,0.030,1.233,1.861,71.334,0.028,1.233,1.862,71.365,-0.002,-0.000,0.001,0.002,11,weighted_average,kalman(weighted_average),false
1788858782.283,13.389,0.022,1.232,1.859,71.443,0.025,1.232,1.860,71.403,0.002,-0.000,0.001,0.003,11,weighted_average,kalman(weighted_average),false
1788858782.370,13.475,0.023,1.232,1.864,71.419,0.023,1.232,1.863,71.419,-0.000,-0.000,-0.001,0.001,11,weighted_average,kalman(weighted_average),false
1788858782.419,13.524,0.022,1.231,1.866,71.421,0.022,1.231,1.865,71.424,-0.000,0.000,-0.001,0.001,11,weighted_average,kalman(weighted_average),false
1788858782.471,13.576,0.031,1.231,1.860,71.259,0.027,1.231,1.863,71.338,-0.004,-0.000,0.003,0.005,11,weighted_average,kalman(weighted_average),false
1788858782.530,13.636,0.029,1.230,1.864,71.298,0.029,1.230,1.863,71.303,0.000,-0.000,-0.000,0.001,11,weighted_average,kalman(weighted_average),false
1788858782.573,13.678,0.026,1.231,1.862,71.339,0.028,1.231,1.863,71.309,0.002,-0.000,0.000,0.002,11,weighted_average,kalman(weighted_average),false
1788858782.656,13.762,0.028,1.231,1.863,71.300,0.029,1.231,1.863,71.293,0.000,-0.000,-0.000,0.000,11,weighted_average,kalman(weighted_average),false
1788858782.708,13.813,0.023,1.233,1.860,71.406,0.025,1.232,1.861,71.351,0.002,-0.001,0.001,0.003,11,weighted_average,kalman(weighted_average),false
1788858782.766,13.871,0.025,1.232,1.864,71.361,0.025,1.232,1.862,71.363,-0.001,0.000,-0.001,0.001,11,weighted_average,kalman(weighted_average),false
1788858782.814,13.919,0.025,1.233,1.864,71.379,0.024,1.233,1.863,71.377,-0.000,-0.000,-0.001,0.001,11,weighted_average,kalman(weighted_average),false
1788858782.861,13.966,0.025,1.232,1.862,71.350,0.025,1.233,1.863,71.369,-0.001,0.001,0.001,0.001,11,weighted_average,kalman(weighted_average),false
1788858782.950,14.056,0.024,1.232,1.860,71.380,0.024,1.232,1.861,71.379,0.000,0.000,0.001,0.001,11,weighted_average,kalman(weighted_average),false
1788858782.999,14.104,0.027,1.233,1.859,71.325,0.026,1.233,1.859,71.352,-0.001,-0.000,0.000,0.001,11,weighted_average,kalman(weighted_average),false
1788858783.057,14.162,0.026,1.232,1.862,71.332,0.026,1.233,1.861,71.338,0.000,0.000,-0.001,0.001,11,weighted_average,kalman(weighted_average),false
1788858783.100,14.206,0.027,1.231,1.863,71.313,0.027,1.232,1.862,71.321,-0.000,0.001,-0.001,0.001,11,weighted_average,kalman(weighted_average),false
1788858783.152,14.257,0.021,1.230,1.863,71.424,0.023,1.231,1.863,71.368,0.003,0.000,-0.000,0.003,11,weighted_average,kalman(weighted_average),false
1788858783.256,14.361,0.034,1.233,1.868,71.241,0.031,1.232,1.867,71.286,-0.003,-0.001,-0.001,0.003,11,weighted_average,kalman(weighted_average),false
1788858783.297,14.402,0.030,1.232,1.863,71.311,0.032,1.233,1.865,71.291,0.001,0.000,0.002,0.002,11,weighted_average,kalman(weighted_average),false
1788858783.350,14.455,0.028,1.230,1.868,71.343,0.030,1.231,1.867,71.311,0.002,0.001,-0.001,0.003,11,weighted_average,kalman(weighted_average),false
1788858783.401,14.506,0.034,1.233,1.865,71.263,0.032,1.232,1.866,71.284,-0.001,-0.001,0.001,0.002,11,weighted_average,kalman(weighted_average),false
1788858783.451,14.557,0.027,1.235,1.866,71.417,0.030,1.234,1.866,71.348,0.003,-0.001,0.000,0.003,11,weighted_average,kalman(weighted_average),false
1788858783.537,14.642,0.031,1.235,1.871,71.361,0.031,1.235,1.870,71.366,-0.001,-0.000,-0.001,0.001,11,weighted_average,kalman(weighted_average),false
1788858783.589,14.694,0.031,1.234,1.869,71.343,0.031,1.235,1.870,71.358,-0.000,0.001,0.001,0.001,11,weighted_average,kalman(weighted_average),false
1788858783.647,14.752,0.028,1.233,1.874,71.394,0.029,1.234,1.873,71.381,0.001,0.001,-0.001,0.002,11,weighted_average,kalman(weighted_average),false
1788858783.691,14.796,0.032,1.236,1.867,71.344,0.030,1.235,1.870,71.366,-0.001,-0.001,0.003,0.003,11,weighted_average,kalman(weighted_average),false
1788858783.745,14.850,0.029,1.237,1.870,71.398,0.030,1.236,1.870,71.384,0.001,-0.000,0.000,0.001,11,weighted_average,kalman(weighted_average),false
1788858783.833,14.938,0.032,1.237,1.871,71.337,0.031,1.237,1.871,71.359,-0.001,0.000,-0.000,0.001,11,weighted_average,kalman(weighted_average),false
1788858783.884,14.989,0.032,1.238,1.870,71.347,0.032,1.238,1.870,71.350,-0.000,-0.000,0.000,0.000,11,weighted_average,kalman(weighted_average),false
1788858783.932,15.037,0.027,1.240,1.873,71.454,0.029,1.239,1.872,71.402,0.002,-0.000,-0.001,0.002,11,weighted_average,kalman(weighted_average),false
1788858783.987,15.093,0.026,1.239,1.874,71.458,0.027,1.240,1.873,71.439,0.001,0.000,-0.001,0.001,11,weighted_average,kalman(weighted_average),false
1788858784.036,15.141,0.031,1.241,1.869,71.384,0.029,1.241,1.871,71.421,-0.002,-0.000,0.002,0.003,11,weighted_average,kalman(weighted_average),false
1788858784.130,15.235,0.029,1.242,1.869,71.445,0.029,1.242,1.869,71.442,-0.000,-0.000,0.000,0.000,11,weighted_average,kalman(weighted_average),false
1788858784.181,15.286,0.036,1.243,1.867,71.329,0.034,1.243,1.868,71.381,-0.002,0.000,0.000,0.002,11,weighted_average,kalman(weighted_average),false
1788858784.227,15.332,0.034,1.243,1.868,71.386,0.035,1.243,1.867,71.377,0.001,0.000,-0.000,0.001,11,weighted_average,kalman(weighted_average),false
1788858784.275,15.380,0.036,1.243,1.868,71.362,0.036,1.243,1.868,71.364,-0.000,0.000,-0.001,0.001,11,weighted_average,kalman(weighted_average),false
1788858784.332,15.437,0.034,1.242,1.872,71.407,0.036,1.243,1.870,71.381,0.002,0.001,-0.002,0.003,11,weighted_average,kalman(weighted_average),false
1788858784.420,15.525,0.037,1.243,1.869,71.382,0.037,1.243,1.870,71.381,-0.000,-0.000,0.001,0.001,11,weighted_average,kalman(weighted_average),false
1788858784.479,15.584,0.037,1.243,1.869,71.382,0.037,1.243,1.870,71.381,0.000,-0.000,0.000,0.000,11,weighted_average,kalman(weighted_average),false
1788858784.533,15.639,0.040,1.244,1.870,71.331,0.039,1.244,1.870,71.353,-0.001,-0.000,-0.000,0.001,11,weighted_average,kalman(weighted_average),false
1788858784.592,15.697,0.041,1.245,1.870,71.341,0.041,1.245,1.870,71.341,-0.000,-0.000,0.000,0.000,11,weighted_average,kalman(weighted_average),false
1788858784.698,15.803,0.037,1.246,1.868,71.420,0.038,1.246,1.868,71.391,0.001,0.000,0.000,0.001,11,weighted_average,kalman(weighted_average),false
1788858784.752,15.857,0.037,1.246,1.869,71.431,0.037,1.246,1.868,71.421,0.000,0.000,-0.001,0.001,11,weighted_average,kalman(weighted_average),false
1788858784.800,15.906,0.035,1.244,1.870,71.434,0.035,1.245,1.869,71.437,0.000,0.001,-0.001,0.001,11,weighted_average,kalman(weighted_average),false
1788858784.856,15.961,0.040,1.246,1.867,71.357,0.038,1.246,1.868,71.402,-0.002,-0.000,0.001,0.003,11,weighted_average,kalman(weighted_average),false
1788858784.902,16.007,0.036,1.246,1.869,71.442,0.037,1.246,1.868,71.422,0.001,-0.000,-0.001,0.001,11,weighted_average,kalman(weighted_average),false
1788858784.998,16.104,0.037,1.247,1.869,71.424,0.037,1.247,1.869,71.427,-0.000,-0.000,-0.000,0.000,11,weighted_average,kalman(weighted_average),false
1788858785.048,16.153,0.032,1.247,1.869,71.492,0.034,1.247,1.869,71.467,0.002,0.000,-0.000,0.002,11,weighted_average,kalman(weighted_average),false
1788858785.102,16.207,0.036,1.247,1.870,71.436,0.035,1.247,1.870,71.458,-0.001,0.000,-0.000,0.001,11,weighted_average,kalman(weighted_average),false
1788858785.156,16.261,0.034,1.247,1.871,71.478,0.034,1.247,1.871,71.472,0.000,-0.000,-0.000,0.000,11,weighted_average,kalman(weighted_average),false
1788858785.222,16.327,0.033,1.246,1.870,71.481,0.033,1.247,1.870,71.482,0.000,0.000,0.001,0.001,11,weighted_average,kalman(weighted_average),false
1788858785.333,16.438,0.038,1.248,1.870,71.403,0.037,1.248,1.870,71.429,-0.001,-0.000,0.000,0.001,11,weighted_average,kalman(weighted_average),false
1788858785.393,16.498,0.037,1.249,1.875,71.423,0.038,1.249,1.873,71.418,0.000,-0.000,-0.001,0.001,11,weighted_average,kalman(weighted_average),false
1788858785.440,16.545,0.041,1.249,1.871,71.353,0.040,1.249,1.873,71.377,-0.001,0.000,0.001,0.001,11,weighted_average,kalman(weighted_average),false
1788858785.494,16.600,0.037,1.248,1.871,71.398,0.039,1.249,1.872,71.377,0.002,0.001,0.001,0.002,11,weighted_average,kalman(weighted_average),false
1788858785.621,16.726,0.036,1.256,1.864,71.475,0.037,1.255,1.865,71.443,0.001,-0.001,0.001,0.002,11,weighted_average,kalman(weighted_average),false
1788858785.678,16.783,0.038,1.258,1.874,71.453,0.038,1.258,1.871,71.458,-0.001,-0.000,-0.004,0.004,11,weighted_average,kalman(weighted_average),false
1788858785.724,16.829,0.039,1.259,1.877,71.401,0.039,1.259,1.875,71.434,-0.001,0.001,-0.002,0.002,11,weighted_average,kalman(weighted_average),false
1788858785.775,16.881,0.032,1.256,1.877,71.562,0.035,1.258,1.877,71.504,0.003,0.002,0.000,0.003,11,weighted_average,kalman(weighted_average),false
1788858785.879,16.984,0.036,1.251,1.869,72.862,0.035,1.253,1.872,72.469,-0.001,0.002,0.003,0.003,11,weighted_average,kalman(weighted_average),false
1788858785.932,17.037,0.039,1.249,1.876,73.199,0.038,1.249,1.874,73.053,-0.001,0.000,-0.002,0.003,11,weighted_average,kalman(weighted_average),false
1788858785.988,17.093,0.043,1.244,1.860,73.891,0.041,1.245,1.865,73.733,-0.001,0.001,0.005,0.005,11,weighted_average,kalman(weighted_average),false
1788858786.035,17.140,0.035,1.239,1.874,74.443,0.039,1.240,1.869,74.328,0.003,0.001,-0.005,0.006,11,weighted_average,kalman(weighted_average),false
1788858786.136,17.241,0.043,1.223,1.880,75.503,0.042,1.225,1.877,75.476,-0.001,0.002,-0.003,0.003,11,weighted_average,kalman(weighted_average),false
1788858786.191,17.296,0.055,1.213,1.869,76.109,0.052,1.215,1.873,76.105,-0.004,0.001,0.004,0.005,11,weighted_average,kalman(weighted_average),false
1788858786.240,17.346,0.051,1.213,1.877,76.716,0.053,1.210,1.875,76.690,0.002,-0.002,-0.002,0.004,11,weighted_average,kalman(weighted_average),false
1788858786.293,17.399,0.059,1.202,1.866,77.440,0.058,1.202,1.870,77.374,-0.001,0.001,0.004,0.004,11,weighted_average,kalman(weighted_average),false
1788858786.394,17.499,0.060,1.348,1.927,79.923,0.061,1.313,1.914,79.505,0.001,-0.035,-0.013,0.037,9,weighted_average,kalman(weighted_average),false
1788858786.450,17.556,0.056,1.330,1.963,80.794,0.058,1.341,1.954,80.698,0.003,0.011,-0.009,0.015,9,weighted_average,kalman(weighted_average),false
1788858786.496,17.601,0.078,1.320,1.943,80.839,0.070,1.341,1.957,81.184,-0.008,0.021,0.014,0.027,9,weighted_average,kalman(weighted_average),false
1788858786.548,17.654,0.100,1.307,1.967,81.398,0.091,1.329,1.970,81.704,-0.010,0.022,0.003,0.024,9,weighted_average,kalman(weighted_average),false
1788858786.650,17.755,0.079,1.279,1.966,82.831,0.086,1.293,1.974,82.926,0.008,0.013,0.008,0.017,9,weighted_average,kalman(weighted_average),false
1788858786.702,17.807,0.090,1.281,1.943,83.116,0.088,1.280,1.954,83.308,-0.001,-0.001,0.012,0.012,9,weighted_average,kalman(weighted_average),false
1788858786.756,17.861,0.083,1.261,1.996,84.090,0.085,1.262,1.979,84.001,0.002,0.002,-0.018,0.018,9,weighted_average,kalman(weighted_average),false
1788858786.801,17.906,0.035,0.807,1.968,82.926,0.085,1.262,1.979,83.695,0.051,0.455,0.011,0.458,17,weighted_average,kalman(weighted_average),true
1788858786.854,17.959,0.030,0.819,1.878,83.858,0.085,1.262,1.979,83.925,0.055,0.444,0.100,0.458,17,weighted_average,kalman(weighted_average),true
1788858786.954,18.059,0.035,0.794,1.859,84.811,0.039,0.832,1.869,84.694,0.004,0.038,0.010,0.039,17,weighted_average,kalman(weighted_average),false
1788858787.003,18.109,0.043,0.774,1.874,84.935,0.037,0.754,1.862,84.978,-0.006,-0.020,-0.012,0.024,17,weighted_average,kalman(weighted_average),false
1788858787.059,18.164,-0.035,0.789,1.931,86.606,-0.012,0.737,1.899,86.054,0.022,-0.052,-0.032,0.065,17,weighted_average,kalman(weighted_average),false
1788858787.106,18.211,0.015,0.751,1.939,86.105,-0.006,0.724,1.926,86.339,-0.021,-0.027,-0.013,0.036,17,weighted_average,kalman(weighted_average),false
1788858787.162,18.268,0.024,0.749,1.918,86.547,0.007,0.723,1.928,86.706,-0.016,-0.025,0.010,0.032,17,weighted_average,kalman(weighted_average),false
1788858787.264,18.369,0.014,0.726,1.911,87.336,0.013,0.717,1.919,87.407,-0.002,-0.009,0.007,0.012,17,weighted_average,kalman(weighted_average),false
1788858787.317,18.422,0.017,0.703,1.942,87.586,0.017,0.706,1.933,87.671,-0.001,0.003,-0.009,0.009,17,weighted_average,kalman(weighted_average),false
1788858787.365,18.470,0.006,0.708,1.887,87.822,0.011,0.704,1.907,87.893,0.005,-0.004,0.020,0.021,17,weighted_average,kalman(weighted_average),false
1788858787.419,18.524,-0.016,0.695,1.935,88.171,-0.006,0.696,1.920,88.189,0.010,0.002,-0.014,0.018,17,weighted_average,kalman(weighted_average),false
1788858787.519,18.625,0.014,0.657,1.936,87.906,0.006,0.663,1.933,88.173,-0.008,0.006,-0.003,0.010,17,weighted_average,kalman(weighted_average),false
1788858787.573,18.679,0.024,0.636,1.953,87.806,0.019,0.639,1.948,87.987,-0.004,0.003,-0.004,0.007,17,weighted_average,kalman(weighted_average),false
1788858787.624,18.729,0.022,0.636,1.932,87.878,0.024,0.630,1.942,87.920,0.002,-0.006,0.010,0.011,17,weighted_average,kalman(weighted_average),false
1788858787.674,18.779,-0.004,0.626,1.957,88.259,0.010,0.622,1.952,88.084,0.014,-0.004,-0.005,0.015,17,weighted_average,kalman(weighted_average),false
1788858787.725,18.830,0.003,0.613,1.958,88.211,0.005,0.612,1.958,88.168,0.001,-0.001,0.000,0.002,17,weighted_average,kalman(weighted_average),false
1788858787.830,18.935,0.016,0.578,1.942,88.016,0.012,0.581,1.948,88.096,-0.004,0.002,0.006,0.008,17,weighted_average,kalman(weighted_average),false
1788858787.881,18.987,0.009,0.574,1.950,88.154,0.011,0.571,1.948,88.126,0.002,-0.003,-0.002,0.004,17,weighted_average,kalman(weighted_average),false
1788858787.932,19.037,0.049,0.537,1.939,87.530,0.035,0.545,1.942,87.799,-0.014,0.008,0.003,0.016,17,weighted_average,kalman(weighted_average),false
1788858787.985,19.091,0.035,0.526,1.916,87.738,0.039,0.526,1.924,87.710,0.005,-0.000,0.008,0.009,17,weighted_average,kalman(weighted_average),false
1788858788.087,19.192,0.069,0.478,1.919,87.190,0.066,0.480,1.916,87.286,-0.003,0.003,-0.003,0.005,17,weighted_average,kalman(weighted_average),false
1788858788.138,19.243,0.008,0.498,1.933,88.200,0.032,0.485,1.925,87.751,0.024,-0.014,-0.007,0.028,17,weighted_average,kalman(weighted_average),false
1788858788.195,19.300,0.054,0.470,1.883,87.460,0.043,0.471,1.899,87.609,-0.011,0.001,0.015,0.019,17,weighted_average,kalman(weighted_average),false
1788858788.246,19.351,0.027,0.462,1.926,87.904,0.034,0.461,1.911,87.760,0.006,-0.001,-0.015,0.016,17,weighted_average,kalman(weighted_average),false
1788858788.346,19.451,0.017,0.446,1.939,88.056,0.019,0.445,1.933,87.989,0.002,-0.001,-0.006,0.007,17,weighted_average,kalman(weighted_average),false
1788858788.401,19.506,0.026,0.423,1.900,87.853,0.021,0.427,1.914,87.947,-0.005,0.004,0.014,0.015,17,weighted_average,kalman(weighted_average),false
1788858788.445,19.551,0.011,0.412,1.938,88.117,0.014,0.414,1.927,88.055,0.003,0.001,-0.011,0.012,17,weighted_average,kalman(weighted_average),false
1788858788.495,19.601,0.028,0.392,1.931,87.797,0.021,0.395,1.931,87.952,-0.008,0.003,0.000,0.008,17,weighted_average,kalman(weighted_average),false
1788858788.549,19.654,0.025,0.375,1.931,87.838,0.023,0.377,1.933,87.896,-0.002,0.001,0.002,0.003,17,weighted_average,kalman(weighted_average),false
1788858788.653,19.758,0.011,0.366,1.902,88.095,0.014,0.361,1.910,88.024,0.003,-0.005,0.008,0.010,17,weighted_average,kalman(weighted_average),false
1788858788.703,19.808,0.043,0.320,1.894,87.476,0.032,0.331,1.896,87.719,-0.011,0.011,0.002,0.016,17,weighted_average,kalman(weighted_average),false
1788858788.754,19.859,0.024,0.329,1.896,87.834,0.029,0.323,1.892,87.745,0.005,-0.006,-0.004,0.009,17,weighted_average,kalman(weighted_average),false
1788858788.802,19.907,0.014,0.325,1.922,88.017,0.021,0.319,1.906,87.868,0.007,-0.006,-0.015,0.018,17,weighted_average,kalman(weighted_average),false
1788858788.852,19.957,0.039,0.283,1.908,87.509,0.031,0.294,1.908,87.690,-0.009,0.011,-0.000,0.014,17,weighted_average,kalman(weighted_average),false
1788858788.954,20.060,0.014,0.275,1.914,87.948,0.019,0.271,1.913,87.833,0.005,-0.003,-0.000,0.006,17,weighted_average,kalman(weighted_average),false
1788858789.007,20.112,0.039,0.253,1.878,87.497,0.031,0.255,1.891,87.648,-0.008,0.002,0.012,0.015,17,weighted_average,kalman(weighted_average),false
1788858789.059,20.164,0.029,0.242,1.930,87.711,0.031,0.242,1.912,87.663,0.002,-0.001,-0.018,0.018,17,weighted_average,kalman(weighted_average),false
1788858789.109,20.214,0.032,0.221,1.915,87.630,0.032,0.224,1.916,87.635,0.000,0.003,0.001,0.003,17,weighted_average,kalman(weighted_average),false
1788858789.160,20.265,0.024,0.217,1.920,87.742,0.028,0.213,1.920,87.679,0.003,-0.003,-0.000,0.005,17,weighted_average,kalman(weighted_average),false
1788858789.265,20.370,0.004,0.204,1.944,88.114,0.008,0.200,1.941,87.981,0.005,-0.004,-0.003,0.007,17,weighted_average,kalman(weighted_average),false
1788858789.314,20.419,0.012,0.195,1.922,87.962,0.008,0.194,1.932,88.013,-0.004,-0.000,0.009,0.010,17,weighted_average,kalman(weighted_average),false
1788858789.365,20.470,0.039,0.147,1.923,87.415,0.026,0.162,1.926,87.720,-0.014,0.016,0.004,0.021,17,weighted_average,kalman(weighted_average),false
1788858789.417,20.522,0.022,0.153,1.915,87.727,0.026,0.149,1.919,87.698,0.003,-0.004,0.004,0.006,17,weighted_average,kalman(weighted_average),false
1788858789.519,20.625,0.015,0.135,1.908,87.819,0.019,0.132,1.908,87.756,0.003,-0.004,0.001,0.005,17,weighted_average,kalman(weighted_average),false
1788858789.570,20.675,0.029,0.117,1.920,87.579,0.025,0.119,1.915,87.655,-0.005,0.002,-0.006,0.008,17,weighted_average,kalman(weighted_average),false
1788858789.622,20.727,0.033,0.102,1.925,87.493,0.031,0.104,1.921,87.551,-0.003,0.002,-0.004,0.005,17,weighted_average,kalman(weighted_average),false
1788858789.672,20.778,0.015,0.109,1.913,87.815,0.023,0.102,1.917,87.665,0.007,-0.007,0.004,0.011,17,weighted_average,kalman(weighted_average),false
1788858789.724,20.830,0.022,0.086,1.906,87.652,0.022,0.089,1.911,87.660,-0.001,0.003,0.004,0.005,17,weighted_average,kalman(weighted_average),false
1788858789.831,20.936,0.035,0.063,1.893,87.413,0.032,0.064,1.895,87.487,-0.003,0.001,0.002,0.004,17,weighted_average,kalman(weighted_average),false
1788858789.885,20.991,0.044,0.034,1.933,87.200,0.041,0.040,1.918,87.288,-0.002,0.005,-0.015,0.016,17,weighted_average,kalman(weighted_average),false
1788858789.931,21.036,0.004,0.064,1.931,87.981,0.021,0.049,1.928,87.616,0.017,-0.016,-0.002,0.023,17,weighted_average,kalman(weighted_average),false
1788858789.982,21.087,-0.007,0.059,1.917,88.153,0.002,0.053,1.925,87.921,0.009,-0.007,0.008,0.014,17,weighted_average,kalman(weighted_average),false
1788858790.029,21.134,0.026,0.019,1.905,87.466,0.012,0.032,1.915,87.753,-0.014,0.014,0.009,0.022,17,weighted_average,kalman(weighted_average),false
1788858790.130,21.235,-0.003,0.031,1.893,88.012,-0.001,0.027,1.897,87.949,0.002,-0.004,0.004,0.006,17,weighted_average,kalman(weighted_average),false
1788858790.187,21.293,0.005,0.014,1.928,87.869,0.001,0.016,1.915,87.936,-0.004,0.003,-0.013,0.013,17,weighted_average,kalman(weighted_average),false
1788858790.235,21.340,0.016,-0.001,1.900,87.632,0.009,0.003,1.907,87.788,-0.006,0.004,0.007,0.011,17,weighted_average,kalman(weighted_average),false
1788858790.286,21.391,0.020,-0.013,1.881,87.545,0.017,-0.010,1.891,87.647,-0.003,0.003,0.010,0.011,17,weighted_average,kalman(weighted_average),false
1788858790.337,21.442,0.015,-0.016,1.910,87.651,0.017,-0.019,1.899,87.618,0.003,-0.002,-0.011,0.011,17,weighted_average,kalman(weighted_average),false
1788858790.446,21.552,-0.010,-0.022,1.898,88.114,-0.004,-0.025,1.898,87.936,0.007,-0.004,0.000,0.008,17,weighted_average,kalman(weighted_average),false
1788858790.495,21.600,0.004,-0.030,1.881,87.884,-0.002,-0.030,1.886,87.945,-0.005,0.000,0.006,0.008,17,weighted_average,kalman(weighted_average),false
1788858790.549,21.654,-0.005,-0.044,1.880,87.977,-0.006,-0.040,1.880,87.995,-0.000,0.004,0.000,0.004,17,weighted_average,kalman(weighted_average),false
1788858790.595,21.700,0.009,-0.059,1.863,87.694,0.001,-0.054,1.868,87.864,-0.007,0.005,0.005,0.010,17,weighted_average,kalman(weighted_average),false
1788858790.651,21.756,0.013,-0.077,1.869,87.581,0.009,-0.073,1.864,87.709,-0.004,0.005,-0.004,0.008,17,weighted_average,kalman(weighted_average),false
1788858790.753,21.859,0.016,-0.103,1.889,87.509,0.016,-0.102,1.881,87.534,0.000,0.001,-0.008,0.008,17,weighted_average,kalman(weighted_average),false
1788858790.806,21.911,0.018,-0.113,1.887,87.460,0.019,-0.115,1.887,87.457,0.001,-0.001,0.000,0.002,17,weighted_average,kalman(weighted_average),false
1788858790.858,21.963,0.002,-0.119,1.903,87.765,0.009,-0.123,1.900,87.594,0.007,-0.003,-0.004,0.009,17,weighted_average,kalman(weighted_average),false
1788858790.908,22.013,-0.004,-0.123,1.895,87.865,0.000,-0.127,1.900,87.738,0.004,-0.004,0.005,0.008,17,weighted_average,kalman(weighted_average),false
1788858790.960,22.065,-0.002,-0.136,1.868,87.828,-0.004,-0.136,1.883,87.810,-0.001,0.000,0.015,0.015,17,weighted_average,kalman(weighted_average),false
1788858791.063,22.168,0.004,-0.163,1.883,87.706,0.001,-0.161,1.881,87.775,-0.004,0.002,-0.002,0.005,17,weighted_average,kalman(weighted_average),false
1788858791.116,22.221,0.007,-0.185,1.879,87.611,0.005,-0.181,1.879,87.679,-0.002,0.004,0.000,0.004,17,weighted_average,kalman(weighted_average),false
1788858791.165,22.270,-0.000,-0.205,1.877,87.682,0.003,-0.201,1.877,87.666,0.003,0.003,0.000,0.005,17,weighted_average,kalman(weighted_average),false
1788858791.218,22.324,-0.007,-0.198,1.868,87.873,-0.003,-0.206,1.871,87.765,0.004,-0.008,0.003,0.010,17,weighted_average,kalman(weighted_average),false
1788858791.268,22.373,0.001,-0.218,1.898,87.690,-0.002,-0.218,1.885,87.735,-0.002,0.000,-0.012,0.012,17,weighted_average,kalman(weighted_average),false
1788858791.361,22.467,0.008,-0.248,1.878,87.505,0.005,-0.246,1.882,87.585,-0.003,0.002,0.004,0.005,17,weighted_average,kalman(weighted_average),false
1788858791.410,22.515,0.006,-0.264,1.884,87.547,0.006,-0.263,1.883,87.541,0.001,0.002,-0.001,0.002,17,weighted_average,kalman(weighted_average),false
1788858791.462,22.568,0.010,-0.282,1.899,87.430,0.010,-0.281,1.893,87.457,-0.000,0.001,-0.006,0.006,17,weighted_average,kalman(weighted_average),false
1788858791.515,22.621,-0.008,-0.285,1.904,87.805,-0.000,-0.290,1.902,87.614,0.008,-0.005,-0.003,0.010,17,weighted_average,kalman(weighted_average),false
1788858791.563,22.668,0.000,-0.314,1.898,87.572,-0.001,-0.309,1.902,87.600,-0.001,0.005,0.004,0.007,17,weighted_average,kalman(weighted_average),false
1788858791.655,22.761,0.009,-0.334,1.885,87.389,0.005,-0.335,1.891,87.466,-0.004,-0.001,0.006,0.007,17,weighted_average,kalman(weighted_average),false
1788858791.702,22.807,-0.007,-0.326,1.880,87.751,-0.002,-0.334,1.883,87.608,0.005,-0.008,0.002,0.010,17,weighted_average,kalman(weighted_average),false
1788858791.757,22.862,0.009,-0.364,1.891,87.337,0.004,-0.356,1.885,87.468,-0.005,0.008,-0.005,0.011,17,weighted_average,kalman(weighted_average),false
1788858791.805,22.910,-0.016,-0.357,1.869,87.880,-0.007,-0.362,1.875,87.667,0.009,-0.005,0.006,0.012,17,weighted_average,kalman(weighted_average),false
1788858791.856,22.961,-0.010,-0.372,1.876,87.753,-0.011,-0.372,1.873,87.734,-0.000,-0.000,-0.003,0.003,17,weighted_average,kalman(weighted_average),false
1788858791.950,23.055,-0.005,-0.408,1.889,87.595,-0.008,-0.404,1.884,87.676,-0.003,0.004,-0.006,0.008,17,weighted_average,kalman(weighted_average),false
1788858791.997,23.103,-0.004,-0.415,1.867,87.552,-0.005,-0.416,1.874,87.605,-0.001,-0.001,0.007,0.007,17,weighted_average,kalman(weighted_average),false
1788858792.050,23.155,-0.008,-0.435,1.874,87.582,-0.006,-0.434,1.873,87.580,0.002,0.001,-0.000,0.002,17,weighted_average,kalman(weighted_average),false
1788858792.100,23.205,-0.003,-0.447,1.874,87.474,-0.004,-0.448,1.873,87.512,-0.001,-0.001,-0.001,0.002,17,weighted_average,kalman(weighted_average),false
1788858792.152,23.258,-0.008,-0.467,1.887,87.526,-0.006,-0.466,1.881,87.499,0.002,0.001,-0.006,0.006,17,weighted_average,kalman(weighted_average),false
1788858792.252,23.357,-0.013,-0.485,1.867,87.627,-0.012,-0.487,1.872,87.566,0.002,-0.003,0.004,0.005,17,weighted_average,kalman(weighted_average),false
1788858792.303,23.409,-0.017,-0.492,1.861,87.677,-0.016,-0.495,1.863,87.637,0.001,-0.002,0.002,0.004,17,weighted_average,kalman(weighted_average),false
1788858792.345,23.450,-0.011,-0.519,1.863,87.489,-0.014,-0.512,1.861,87.574,-0.003,0.007,-0.002,0.008,17,weighted_average,kalman(weighted_average),false
1788858792.399,23.504,-0.013,-0.525,1.872,87.543,-0.014,-0.526,1.866,87.558,-0.001,-0.001,-0.006,0.006,17,weighted_average,kalman(weighted_average),false
1788858792.449,23.554,-0.012,-0.549,1.865,87.443,-0.013,-0.545,1.865,87.496,-0.001,0.004,0.000,0.004,17,weighted_average,kalman(weighted_average),false
1788858792.542,23.647,-0.007,-0.577,1.864,87.293,-0.008,-0.576,1.864,87.346,-0.001,0.001,-0.000,0.002,17,weighted_average,kalman(weighted_average),false
1788858792.593,23.698,-0.014,-0.582,1.854,87.400,-0.011,-0.586,1.858,87.351,0.003,-0.004,0.003,0.006,17,weighted_average,kalman(weighted_average),false
1788858792.642,23.747,-0.011,-0.605,1.851,87.262,-0.011,-0.603,1.852,87.286,-0.000,0.002,0.001,0.003,17,weighted_average,kalman(weighted_average),false
1788858792.692,23.798,-0.017,-0.610,1.847,87.378,-0.015,-0.613,1.848,87.312,0.002,-0.003,0.000,0.004,17,weighted_average,kalman(weighted_average),false
1788858792.748,23.853,-0.013,-0.637,1.857,87.198,-0.014,-0.633,1.852,87.240,-0.001,0.004,-0.006,0.007,17,weighted_average,kalman(weighted_average),false
1788858792.836,23.941,-0.030,-0.648,1.849,87.573,-0.026,-0.651,1.850,87.431,0.004,-0.003,0.000,0.005,17,weighted_average,kalman(weighted_average),false
1788858792.886,23.992,-0.023,-0.667,1.859,87.340,-0.026,-0.666,1.855,87.401,-0.003,0.002,-0.004,0.005,17,weighted_average,kalman(weighted_average),false
1788858792.937,24.042,-0.023,-0.682,1.838,87.306,-0.025,-0.681,1.845,87.361,-0.002,0.001,0.007,0.008,17,weighted_average,kalman(weighted_average),false
1788858792.990,24.095,-0.024,-0.695,1.839,87.256,-0.025,-0.695,1.840,87.305,-0.001,-0.000,0.001,0.002,17,weighted_average,kalman(weighted_average),false
1788858793.037,24.142,-0.029,-0.702,1.839,87.340,-0.028,-0.704,1.838,87.314,0.001,-0.002,-0.001,0.003,17,weighted_average,kalman(weighted_average),false
1788858793.131,24.236,-0.024,-0.736,1.841,87.103,-0.026,-0.734,1.839,87.170,-0.002,0.002,-0.003,0.004,17,weighted_average,kalman(weighted_average),false
1788858793.181,24.286,-0.027,-0.750,1.836,87.154,-0.027,-0.749,1.837,87.137,0.001,0.000,0.001,0.001,17,weighted_average,kalman(weighted_average),false
1788858793.233,24.338,-0.029,-0.759,1.845,87.172,-0.028,-0.762,1.841,87.135,0.001,-0.002,-0.003,0.004,17,weighted_average,kalman(weighted_average),false
1788858793.284,24.389,-0.032,-0.776,1.835,87.156,-0.031,-0.776,1.838,87.132,0.001,0.000,0.003,0.003,17,weighted_average,kalman(weighted_average),false
1788858793.333,24.438,-0.029,-0.786,1.820,87.073,-0.031,-0.787,1.827,87.092,-0.001,-0.002,0.007,0.007,17,weighted_average,kalman(weighted_average),false
1788858793.428,24.534,-0.036,-0.794,1.765,88.137,-0.035,-0.798,1.777,87.767,0.001,-0.004,0.013,0.013,18,weighted_average,kalman(weighted_average),false
1788858793.476,24.581,-0.888,-0.452,0.973,99.685,-0.035,-0.798,1.777,94.649,0.853,-0.346,0.804,1.222,3,weighted_average,kalman(weighted_average),true
1788858793.527,24.632,-0.586,-0.375,1.668,96.025,-0.035,-0.798,1.777,96.599,0.552,-0.423,0.109,0.704,3,weighted_average,kalman(weighted_average),true
1788858793.583,24.689,-0.044,-0.836,1.760,88.188,-0.043,-0.832,1.761,93.192,0.001,0.004,0.002,0.005,18,weighted_average,kalman(weighted_average),false
1788858793.629,24.734,-0.517,-0.396,1.456,95.138,-0.043,-0.832,1.761,94.292,0.473,-0.436,0.305,0.712,3,weighted_average,kalman(weighted_average),true
1788858793.718,24.824,-0.536,-0.481,0.953,95.374,-0.043,-0.832,1.761,95.334,0.493,-0.351,0.809,1.010,3,weighted_average,kalman(weighted_average),true
1788858793.768,24.873,-0.075,-0.877,1.773,88.665,-0.072,-0.873,1.772,91.794,0.003,0.004,-0.001,0.005,18,weighted_average,kalman(weighted_average),false
1788858793.821,24.926,-0.635,-0.479,1.341,96.629,-0.072,-0.873,1.772,94.013,0.563,-0.394,0.431,0.811,3,weighted_average,kalman(weighted_average),true
1788858793.869,24.974,-0.053,-0.920,1.756,88.172,-0.057,-0.910,1.759,91.077,-0.004,0.010,0.003,0.011,18,weighted_average,kalman(weighted_average),false
1788858793.922,25.027,-0.049,-0.924,1.761,88.141,-0.050,-0.924,1.759,89.092,-0.001,0.000,-0.002,0.003,18,weighted_average,kalman(weighted_average),false
1788858794.013,25.118,-0.081,-0.955,1.775,88.657,-0.071,-0.954,1.770,88.019,0.010,0.002,-0.005,0.011,18,weighted_average,kalman(weighted_average),false
1788858794.061,25.166,-0.055,-0.961,1.759,88.178,-0.063,-0.964,1.764,87.764,-0.008,-0.003,0.005,0.010,18,weighted_average,kalman(weighted_average),false
1788858794.112,25.217,-0.048,-0.975,1.761,88.074,-0.054,-0.976,1.762,87.631,-0.006,-0.001,0.001,0.006,18,weighted_average,kalman(weighted_average),false
1788858794.162,25.267,-0.441,-0.565,1.749,94.318,-0.054,-0.976,1.762,90.921,0.387,-0.411,0.014,0.564,3,weighted_average,kalman(weighted_average),true
1788858794.219,25.324,-0.050,-1.004,1.761,88.074,-0.051,-0.998,1.761,89.833,-0.001,0.006,0.000,0.006,18,weighted_average,kalman(weighted_average),false
1788858794.318,25.424,-0.050,-1.026,1.756,88.075,-0.050,-1.023,1.757,88.716,0.000,0.003,0.001,0.003,18,weighted_average,kalman(weighted_average),false
1788858794.368,25.473,-0.055,-1.037,1.765,88.135,-0.053,-1.037,1.762,88.235,0.002,0.001,-0.003,0.004,18,weighted_average,kalman(weighted_average),false
1788858794.417,25.522,-0.052,-1.064,1.764,88.038,-0.053,-1.058,1.763,87.952,-0.001,0.006,-0.000,0.006,18,weighted_average,kalman(weighted_average),false
1788858794.466,25.571,-0.052,-1.064,1.764,88.038,-0.052,-1.069,1.764,87.828,-0.001,-0.004,0.000,0.004,18,weighted_average,kalman(weighted_average),false
1788858794.520,25.625,-0.053,-1.079,1.758,88.055,-0.053,-1.081,1.761,87.807,0.000,-0.002,0.003,0.003,18,weighted_average,kalman(weighted_average),false
1788858794.616,25.721,-0.052,-1.106,1.763,87.999,-0.052,-1.106,1.762,87.821,-0.000,0.000,-0.001,0.001,18,weighted_average,kalman(weighted_average),false
1788858794.661,25.767,-0.048,-1.107,1.756,87.986,-0.050,-1.111,1.758,87.893,-0.001,-0.004,0.002,0.005,18,weighted_average,kalman(weighted_average),false
1788858794.714,25.819,-0.053,-1.130,1.768,88.040,-0.051,-1.127,1.764,87.967,0.002,0.004,-0.004,0.006,18,weighted_average,kalman(weighted_average),false
1788858794.763,25.868,-0.059,-1.146,1.765,88.080,-0.056,-1.143,1.765,88.035,0.003,0.003,-0.000,0.004,18,weighted_average,kalman(weighted_average),false
1788858794.816,25.921,-0.060,-1.163,1.759,88.102,-0.059,-1.161,1.762,88.089,0.001,0.002,0.003,0.004,18,weighted_average,kalman(weighted_average),false
1788858794.904,26.010,-0.056,-1.177,1.764,88.060,-0.058,-1.180,1.763,88.097,-0.002,-0.003,-0.001,0.004,18,weighted_average,kalman(weighted_average),false
1788858794.956,26.061,-0.058,-1.197,1.766,88.082,-0.058,-1.195,1.765,88.096,0.000,0.002,-0.001,0.002,18,weighted_average,kalman(weighted_average),false
1788858795.005,26.110,-0.055,-1.213,1.767,88.037,-0.056,-1.211,1.767,88.070,-0.001,0.002,-0.000,0.002,18,weighted_average,kalman(weighted_average),false
1788858795.057,26.162,-0.053,-1.219,1.767,88.016,-0.054,-1.222,1.768,88.041,-0.001,-0.003,0.000,0.003,18,weighted_average,kalman(weighted_average),false
1788858795.108,26.214,-0.057,-1.230,1.766,88.070,-0.055,-1.232,1.767,88.050,0.002,-0.002,0.001,0.003,18,weighted_average,kalman(weighted_average),false
1788858795.192,26.297,-0.052,-1.253,1.768,88.001,-0.053,-1.252,1.768,88.017,-0.001,0.001,0.000,0.001,18,weighted_average,kalman(weighted_average),false
1788858795.245,26.350,-0.060,-1.278,1.767,88.070,-0.057,-1.273,1.767,88.041,0.003,0.005,0.001,0.006,18,weighted_average,kalman(weighted_average),false
1788858795.297,26.402,-0.055,-1.285,1.774,88.008,-0.057,-1.287,1.772,88.023,-0.001,-0.002,-0.003,0.003,18,weighted_average,kalman(weighted_average),false
1788858795.348,26.454,-0.056,-1.302,1.771,88.007,-0.056,-1.302,1.772,88.012,-0.000,0.000,0.001,0.001,18,weighted_average,kalman(weighted_average),false
1788858795.397,26.503,-0.055,-1.309,1.769,87.987,-0.056,-1.312,1.771,87.995,-0.001,-0.003,0.002,0.003,18,weighted_average,kalman(weighted_average),false
1788858795.489,26.594,-0.058,-1.342,1.775,88.016,-0.057,-1.340,1.774,88.002,0.001,0.002,-0.001,0.002,18,weighted_average,kalman(weighted_average),false
1788858795.541,26.646,-0.060,-1.351,1.778,88.048,-0.059,-1.353,1.777,88.028,0.001,-0.002,-0.001,0.002,18,weighted_average,kalman(weighted_average),false
1788858795.597,26.703,-0.054,-1.355,1.766,87.974,-0.056,-1.360,1.771,88.001,-0.002,-0.005,0.005,0.007,18,weighted_average,kalman(weighted_average),false
1788858795.647,26.752,-0.055,-1.375,1.772,87.979,-0.055,-1.373,1.771,87.988,-0.000,0.002,-0.001,0.002,18,weighted_average,kalman(weighted_average),false
1788858795.691,26.796,-0.053,-1.393,1.773,87.951,-0.054,-1.389,1.772,87.966,-0.001,0.005,-0.001,0.005,18,weighted_average,kalman(weighted_average),false
1788858795.779,26.884,-0.050,-1.420,1.771,87.912,-0.050,-1.418,1.771,87.924,-0.000,0.002,0.000,0.002,18,weighted_average,kalman(weighted_average),false
1788858795.830,26.935,-0.046,-1.425,1.778,87.869,-0.047,-1.429,1.776,87.884,-0.001,-0.003,-0.003,0.004,18,weighted_average,kalman(weighted_average),false
1788858795.881,26.986,-0.049,-1.444,1.774,87.930,-0.047,-1.443,1.776,87.897,0.002,0.001,0.001,0.002,18,weighted_average,kalman(weighted_average),false
1788858795.930,27.036,-0.050,-1.454,1.780,87.958,-0.049,-1.455,1.778,87.923,0.002,-0.001,-0.001,0.002,18,weighted_average,kalman(weighted_average),false
1788858795.981,27.086,-0.048,-1.470,1.770,87.913,-0.048,-1.470,1.774,87.918,-0.000,0.001,0.004,0.004,18,weighted_average,kalman(weighted_average),false
1788858796.069,27.174,-0.050,-1.498,1.772,87.945,-0.050,-1.497,1.772,87.935,0.001,0.001,0.000,0.002,18,weighted_average,kalman(weighted_average),false
1788858796.121,27.226,-0.042,-1.504,1.777,87.821,-0.045,-1.507,1.775,87.872,-0.003,-0.003,-0.002,0.005,18,weighted_average,kalman(weighted_average),false
1788858796.172,27.278,-0.041,-1.518,1.779,87.837,-0.042,-1.519,1.778,87.844,-0.001,-0.001,-0.001,0.002,18,weighted_average,kalman(weighted_average),false
1788858796.223,27.329,-0.046,-1.531,1.777,87.898,-0.044,-1.531,1.778,87.862,0.003,-0.000,0.001,0.003,18,weighted_average,kalman(weighted_average),false
1788858796.273,27.378,-0.047,-1.553,1.780,87.861,-0.045,-1.549,1.780,87.858,0.001,0.004,-0.001,0.004,18,weighted_average,kalman(weighted_average),false
1788858796.364,27.469,-0.047,-1.570,1.781,87.861,-0.047,-1.571,1.782,87.856,0.000,-0.001,0.000,0.001,18,weighted_average,kalman(weighted_average),false
1788858796.414,27.520,-0.052,-1.590,1.783,87.920,-0.050,-1.588,1.783,87.891,0.002,0.002,0.000,0.003,18,weighted_average,kalman(weighted_average),false
1788858796.467,27.572,-0.050,-1.598,1.784,87.894,-0.051,-1.600,1.784,87.898,-0.001,-0.002,-0.000,0.002,18,weighted_average,kalman(weighted_average),false
1788858796.521,27.626,-0.053,-1.619,1.787,87.911,-0.053,-1.617,1.786,87.909,0.000,0.002,-0.001,0.002,18,weighted_average,kalman(weighted_average),false
1788858796.567,27.672,-0.050,-1.625,1.783,87.855,-0.052,-1.627,1.785,87.886,-0.002,-0.002,0.002,0.003,18,weighted_average,kalman(weighted_average),false
1788858796.655,27.761,-0.051,-1.651,1.779,87.876,-0.051,-1.651,1.781,87.879,-0.000,0.000,0.002,0.002,18,weighted_average,kalman(weighted_average),false
1788858796.705,27.810,-0.051,-1.668,1.782,87.874,-0.051,-1.667,1.781,87.875,-0.000,0.002,-0.001,0.002,18,weighted_average,kalman(weighted_average),false
1788858796.758,27.863,-0.047,-1.675,1.785,87.828,-0.049,-1.678,1.783,87.847,-0.001,-0.003,-0.002,0.003,18,weighted_average,kalman(weighted_average),false
1788858796.806,27.912,-0.052,-1.692,1.782,87.916,-0.050,-1.691,1.783,87.878,0.002,0.001,0.001,0.002,18,weighted_average,kalman(weighted_average),false
1788858796.858,27.963,-0.052,-1.701,1.787,87.927,-0.051,-1.702,1.785,87.905,0.001,-0.002,-0.001,0.002,18,weighted_average,kalman(weighted_average),false
1788858796.953,28.058,-0.046,-1.720,1.792,87.843,-0.048,-1.721,1.791,87.871,-0.001,-0.001,-0.001,0.002,18,weighted_average,kalman(weighted_average),false
1788858797.000,28.106,-0.047,-1.735,1.789,87.833,-0.047,-1.734,1.791,87.846,0.000,0.001,0.002,0.002,18,weighted_average,kalman(weighted_average),false
1788858797.052,28.157,-0.046,-1.741,1.794,87.819,-0.046,-1.743,1.793,87.824,0.000,-0.002,-0.001,0.002,18,weighted_average,kalman(weighted_average),false
1788858797.102,28.207,-0.051,-1.755,1.796,87.907,-0.048,-1.754,1.796,87.860,0.002,0.001,-0.000,0.003,18,weighted_average,kalman(weighted_average),false
1788858797.156,28.262,-0.047,-1.758,1.795,87.847,-0.048,-1.761,1.796,87.854,-0.001,-0.003,0.001,0.003,18,weighted_average,kalman(weighted_average),false
1788858797.244,28.349,-0.048,-1.769,1.799,87.864,-0.048,-1.771,1.799,87.860,0.000,-0.002,-0.000,0.002,18,weighted_average,kalman(weighted_average),false
1788858797.298,28.403,-0.046,-1.772,1.795,87.849,-0.047,-1.774,1.797,87.854,-0.000,-0.002,0.002,0.003,18,weighted_average,kalman(weighted_average),false
1788858797.351,28.457,-0.044,-1.778,1.801,87.807,-0.045,-1.778,1.800,87.827,-0.001,-0.000,-0.002,0.002,18,weighted_average,kalman(weighted_average),false
1788858797.403,28.509,-0.048,-1.788,1.800,87.874,-0.047,-1.786,1.800,87.848,0.002,0.002,0.000,0.003,18,weighted_average,kalman(weighted_average),false
1788858797.448,28.553,-0.041,-1.789,1.800,87.787,-0.043,-1.790,1.800,87.817,-0.002,-0.001,0.001,0.003,18,weighted_average,kalman(weighted_average),false
1788858797.537,28.642,-0.038,-1.796,1.806,87.824,-0.039,-1.797,1.805,87.815,-0.001,-0.001,-0.001,0.002,18,weighted_average,kalman(weighted_average),false
1788858797.585,28.691,-0.040,-1.803,1.802,87.845,-0.039,-1.802,1.804,87.830,0.001,0.001,0.002,0.002,18,weighted_average,kalman(weighted_average),false
1788858797.636,28.741,-0.043,-1.810,1.807,87.876,-0.041,-1.809,1.806,87.856,0.002,0.001,-0.001,0.003,18,weighted_average,kalman(weighted_average),false
1788858797.688,28.794,-0.039,-1.807,1.802,87.831,-0.040,-1.810,1.804,87.848,-0.001,-0.003,0.002,0.004,18,weighted_average,kalman(weighted_average),false
1788858797.736,28.842,-0.042,-1.810,1.803,87.856,-0.041,-1.811,1.803,87.854,0.001,-0.001,0.001,0.002,18,weighted_average,kalman(weighted_average),false
1788858797.826,28.931,-0.033,-1.804,1.802,87.739,-0.035,-1.807,1.802,87.784,-0.002,-0.003,0.000,0.004,18,weighted_average,kalman(weighted_average),false
1788858797.881,28.986,-0.040,-1.809,1.800,87.815,-0.037,-1.808,1.801,87.792,0.002,0.001,0.000,0.003,18,weighted_average,kalman(weighted_average),false
1788858797.927,29.032,-0.039,-1.810,1.795,87.792,-0.038,-1.809,1.797,87.787,0.001,0.001,0.002,0.002,18,weighted_average,kalman(weighted_average),false
1788858797.982,29.087,-0.038,-1.809,1.801,87.788,-0.038,-1.809,1.798,87.783,-0.000,-0.000,-0.002,0.002,18,weighted_average,kalman(weighted_average),false
1788858798.027,29.132,-0.035,-1.806,1.796,87.756,-0.036,-1.807,1.796,87.766,-0.001,-0.002,0.001,0.002,18,weighted_average,kalman(weighted_average),false
1788858798.118,29.223,-0.032,-1.809,1.799,87.714,-0.033,-1.808,1.798,87.726,-0.001,0.001,-0.001,0.002,18,weighted_average,kalman(weighted_average),false
1788858798.169,29.274,-0.037,-1.814,1.797,87.776,-0.035,-1.812,1.797,87.747,0.002,0.002,0.001,0.003,18,weighted_average,kalman(weighted_average),false
1788858798.217,29.322,-0.037,-1.817,1.799,87.820,-0.036,-1.816,1.798,87.784,0.001,0.001,-0.001,0.002,18,weighted_average,kalman(weighted_average),false
1788858798.266,29.371,-0.032,-1.816,1.799,87.738,-0.034,-1.817,1.799,87.765,-0.002,-0.001,-0.000,0.002,18,weighted_average,kalman(weighted_average),false
1788858798.322,29.428,-0.033,-1.824,1.801,87.760,-0.033,-1.822,1.800,87.763,-0.000,0.001,-0.001,0.002,18,weighted_average,kalman(weighted_average),false
1788858798.413,29.518,-0.031,-1.836,1.801,87.775,-0.032,-1.834,1.801,87.771,-0.000,0.002,0.000,0.002,18,weighted_average,kalman(weighted_average),false
1788858798.464,29.569,-0.032,-1.841,1.806,87.812,-0.032,-1.841,1.804,87.795,0.001,0.000,-0.001,0.001,18,weighted_average,kalman(weighted_average),false
1788858798.519,29.624,-0.033,-1.847,1.805,87.820,-0.032,-1.847,1.805,87.814,0.001,-0.000,0.000,0.001,18,weighted_average,kalman(weighted_average),false
1788858798.565,29.671,-0.033,-1.856,1.808,87.856,-0.032,-1.855,1.807,87.841,0.000,0.001,-0.001,0.001,18,weighted_average,kalman(weighted_average),false
1788858798.619,29.724,-0.033,-1.865,1.807,87.846,-0.033,-1.864,1.808,87.853,0.000,0.001,0.001,0.001,18,weighted_average,kalman(weighted_average),false
1788858798.711,29.817,-0.030,-1.880,1.807,87.877,-0.031,-1.880,1.808,87.879,-0.001,0.001,0.001,0.001,18,weighted_average,kalman(weighted_average),false
1788858798.762,29.867,-0.026,-1.883,1.811,87.838,-0.027,-1.885,1.810,87.861,-0.002,-0.002,-0.001,0.002,18,weighted_average,kalman(weighted_average),false
1788858798.815,29.921,-0.026,-1.899,1.810,87.861,-0.026,-1.897,1.810,87.863,0.000,0.002,0.000,0.002,18,weighted_average,kalman(weighted_average),false
1788858798.861,29.966,-0.023,-1.904,1.812,87.831,-0.023,-1.904,1.812,87.847,-0.001,-0.000,-0.000,0.001,18,weighted_average,kalman(weighted_average),false
1788858798.914,30.019,-0.058,-1.822,1.863,89.050,-0.043,-1.858,1.843,88.474,0.015,-0.037,-0.020,0.044,3|18,weighted_average,kalman(weighted_average),false
1788858799.003,30.108,-0.038,-1.841,1.834,88.139,-0.043,-1.838,1.843,88.394,-0.005,0.003,0.009,0.010,15|18,weighted_average,kalman(weighted_average),false
1788858799.056,30.161,0.009,-1.643,1.854,87.272,-0.010,-1.706,1.852,87.770,-0.018,-0.062,-0.003,0.065,15,weighted_average,kalman(weighted_average),false
1788858799.104,30.209,-0.162,-1.819,1.667,90.679,-0.097,-1.750,1.741,89.244,0.064,0.068,0.074,0.120,3|15|18,weighted_average,kalman(weighted_average),false
1788858799.155,30.260,-0.165,-1.827,1.659,90.761,-0.151,-1.789,1.673,90.232,0.015,0.038,0.014,0.043,3|15|18,weighted_average,kalman(weighted_average),false
1788858799.202,30.307,-0.093,-1.695,1.863,90.019,-0.133,-1.737,1.762,90.406,-0.040,-0.042,-0.101,0.116,3|15,weighted_average,kalman(weighted_average),false
1788858799.293,30.398,-0.147,-1.714,1.840,90.962,-0.151,-1.711,1.823,91.062,-0.004,0.003,-0.017,0.018,3|15,weighted_average,kalman(weighted_average),false
1788858799.340,30.446,0.005,-1.735,1.874,88.371,-0.056,-1.721,1.865,89.719,-0.060,0.014,-0.009,0.062,3|15,weighted_average,kalman(weighted_average),false
1788858799.395,30.500,0.002,-1.737,1.806,87.471,-0.005,-1.729,1.842,88.376,-0.007,0.007,0.036,0.037,15,weighted_average,kalman(weighted_average),false
1788858799.444,30.549,0.032,-1.766,1.900,87.907,0.034,-1.752,1.880,87.848,0.001,0.014,-0.020,0.025,3|15,weighted_average,kalman(weighted_average),false
1788858799.492,30.597,0.047,-1.773,1.908,86.688,0.058,-1.769,1.905,86.983,0.010,0.005,-0.003,0.012,15,weighted_average,kalman(weighted_average),false
1788858799.579,30.684,-0.236,-1.800,1.544,92.601,0.058,-1.769,1.905,90.103,0.294,0.032,0.361,0.467,3|15,weighted_average,kalman(weighted_average),true
1788858799.628,30.733,-0.047,-1.801,1.830,89.364,-0.032,-1.796,1.841,90.041,0.015,0.005,0.011,0.020,3|15,weighted_average,kalman(weighted_average),false
1788858799.680,30.785,0.014,-1.840,1.891,87.335,-0.013,-1.828,1.866,88.822,-0.027,0.012,-0.025,0.039,15,weighted_average,kalman(weighted_average),false
1788858799.730,30.835,-0.005,-1.859,1.874,88.699,-0.013,-1.854,1.869,88.709,-0.008,0.005,-0.005,0.010,3|15,weighted_average,kalman(weighted_average),false
1788858799.786,30.891,-0.079,-1.862,1.894,90.050,-0.057,-1.868,1.884,89.373,0.023,-0.006,-0.010,0.025,3|15,weighted_average,kalman(weighted_average),false
1788858799.872,30.978,-0.032,-1.912,1.901,89.312,-0.048,-1.908,1.899,89.437,-0.016,0.004,-0.001,0.017,3|15,weighted_average,kalman(weighted_average),false
1788858799.924,31.030,0.026,-1.897,1.829,87.264,-0.001,-1.909,1.856,88.229,-0.027,-0.011,0.027,0.040,15,weighted_average,kalman(weighted_average),false
1788858799.975,31.081,-0.067,-1.934,1.864,90.022,-0.034,-1.929,1.855,89.031,0.033,0.005,-0.009,0.034,3|15,weighted_average,kalman(weighted_average),false
1788858800.024,31.129,-0.073,-1.931,1.843,90.146,-0.059,-1.936,1.845,89.633,0.014,-0.005,0.002,0.015,3|15,weighted_average,kalman(weighted_average),false
1788858800.076,31.182,-0.275,-1.964,1.533,93.841,-0.059,-1.936,1.845,91.949,0.215,0.028,0.311,0.380,3|15,weighted_average,kalman(weighted_average),true
1788858800.161,31.267,0.018,-1.991,1.905,87.515,0.006,-1.983,1.896,89.752,-0.012,0.009,-0.009,0.017,15,weighted_average,kalman(weighted_average),false
1788858800.211,31.316,0.023,-2.001,1.862,87.428,0.025,-2.000,1.880,88.287,0.002,0.001,0.018,0.018,15,weighted_average,kalman(weighted_average),false
1788858800.261,31.366,0.006,-2.022,1.884,87.769,0.021,-2.020,1.884,87.654,0.015,0.002,-0.000,0.015,15,weighted_average,kalman(weighted_average),false
1788858800.316,31.421,-0.027,-2.052,1.867,88.452,-0.005,-2.048,1.875,87.724,0.023,0.005,0.008,0.024,15,weighted_average,kalman(weighted_average),false
1788858800.363,31.469,0.000,-2.058,1.850,87.920,-0.004,-2.062,1.860,87.631,-0.005,-0.004,0.009,0.011,15,weighted_average,kalman(weighted_average),false
1788858800.452,31.557,0.025,-2.074,1.854,87.458,0.016,-2.080,1.852,87.323,-0.009,-0.006,-0.002,0.011,15,weighted_average,kalman(weighted_average),false
1788858800.498,31.604,-0.007,-2.093,1.829,89.187,0.004,-2.092,1.836,88.264,0.011,0.001,0.006,0.013,3|15,weighted_average,kalman(weighted_average),false
1788858800.551,31.656,0.033,-2.105,1.871,88.401,0.022,-2.105,1.854,88.426,-0.011,-0.000,-0.018,0.021,3|15,weighted_average,kalman(weighted_average),false
1788858800.601,31.707,-0.044,-2.107,1.800,89.924,-0.015,-2.111,1.822,89.297,0.029,-0.004,0.022,0.037,3|15,weighted_average,kalman(weighted_average),false
1788858800.658,31.763,0.021,-2.139,1.871,87.570,0.002,-2.132,1.847,88.582,-0.019,0.006,-0.024,0.031,15,weighted_average,kalman(weighted_average),false
1788858800.749,31.854,-0.002,-2.148,1.857,89.119,-0.000,-2.151,1.857,88.938,0.002,-0.002,-0.000,0.003,3|15,weighted_average,kalman(weighted_average),false
1788858800.794,31.899,0.013,-2.181,1.855,87.752,0.008,-2.173,1.857,88.327,-0.005,0.007,0.002,0.009,15,weighted_average,kalman(weighted_average),false
1788858800.848,31.954,0.033,-2.200,1.885,87.352,0.025,-2.197,1.876,87.728,-0.008,0.003,-0.009,0.013,15,weighted_average,kalman(weighted_average),false
1788858800.896,32.001,0.009,-2.209,1.832,87.851,0.019,-2.211,1.854,87.659,0.010,-0.002,0.021,0.024,15,weighted_average,kalman(weighted_average),false
1788858800.951,32.056,0.007,-2.231,1.828,87.914,0.013,-2.231,1.836,87.681,0.006,0.000,0.008,0.010,15,weighted_average,kalman(weighted_average),false
1788858801.039,32.145,-0.002,-2.262,1.867,88.115,0.001,-2.262,1.855,87.882,0.003,0.000,-0.012,0.013,15,weighted_average,kalman(weighted_average),false
1788858801.088,32.193,0.001,-2.255,1.832,89.165,-0.001,-2.263,1.842,88.617,-0.002,-0.009,0.010,0.014,3|15,weighted_average,kalman(weighted_average),false
1788858801.145,32.250,-0.008,-2.288,1.860,89.393,-0.007,-2.283,1.853,89.188,0.001,0.004,-0.008,0.009,3|15,weighted_average,kalman(weighted_average),false
1788858801.191,32.296,0.012,-2.302,1.839,87.841,0.003,-2.300,1.846,88.651,-0.010,0.002,0.007,0.012,15,weighted_average,kalman(weighted_average),false
1788858801.240,32.345,0.009,-2.320,1.845,87.892,0.007,-2.318,1.845,88.293,-0.002,0.002,0.000,0.003,15,weighted_average,kalman(weighted_average),false
1788858801.333,32.438,-0.010,-2.330,1.842,89.455,-0.004,-2.335,1.842,88.996,0.005,-0.005,0.000,0.007,3|15,weighted_average,kalman(weighted_average),false
1788858801.390,32.495,-0.020,-2.351,1.803,89.687,-0.017,-2.349,1.815,89.508,0.003,0.001,0.012,0.013,3|15,weighted_average,kalman(weighted_average),false
1788858801.436,32.541,0.003,-2.374,1.846,88.007,-0.008,-2.368,1.829,88.835,-0.010,0.005,-0.017,0.020,15,weighted_average,kalman(weighted_average),false
1788858801.488,32.593,0.014,-2.391,1.850,87.746,0.005,-2.388,1.841,88.244,-0.009,0.002,-0.008,0.012,15,weighted_average,kalman(weighted_average),false
1788858801.539,32.644,0.002,-2.392,1.860,89.201,0.005,-2.398,1.854,88.633,0.004,-0.005,-0.006,0.008,3|15,weighted_average,kalman(weighted_average),false
1788858801.622,32.727,-0.011,-2.440,1.845,88.279,-0.005,-2.434,1.852,88.406,0.006,0.005,0.006,0.010,15,weighted_average,kalman(weighted_average),false
1788858801.674,32.779,-0.004,-2.448,1.851,89.301,-0.005,-2.450,1.852,88.877,-0.002,-0.002,0.001,0.003,3|15,weighted_average,kalman(weighted_average),false
1788858801.726,32.831,-0.006,-2.455,1.837,89.363,-0.007,-2.460,1.843,89.195,-0.001,-0.005,0.006,0.008,3|15,weighted_average,kalman(weighted_average),false
1788858801.777,32.883,0.008,-2.481,1.864,87.774,0.002,-2.479,1.854,88.531,-0.007,0.003,-0.010,0.012,15,weighted_average,kalman(weighted_average),false
1788858801.827,32.932,-0.006,-2.495,1.850,88.076,-0.002,-2.495,1.853,88.242,0.004,0.000,0.003,0.005,15,weighted_average,kalman(weighted_average),false
1788858801.914,33.019,-0.016,-2.532,1.854,88.292,-0.012,-2.529,1.855,88.162,0.004,0.002,0.000,0.005,15,weighted_average,kalman(weighted_average),false
1788858801.962,33.067,-0.003,-2.532,1.836,89.234,-0.008,-2.538,1.843,88.721,-0.005,-0.006,0.007,0.010,3|15,weighted_average,kalman(weighted_average),false
1788858802.018,33.123,-0.016,-2.560,1.853,88.266,-0.014,-2.558,1.848,88.535,0.003,0.002,-0.006,0.006,15,weighted_average,kalman(weighted_average),false
1788858802.065,33.170,-0.009,-2.557,1.841,89.364,-0.012,-2.563,1.843,88.974,-0.003,-0.006,0.003,0.007,3|15,weighted_average,kalman(weighted_average),false
1788858802.121,33.226,-0.004,-2.571,1.839,89.233,-0.007,-2.573,1.840,89.198,-0.004,-0.002,0.001,0.004,3|15,weighted_average,kalman(weighted_average),false
1788858802.207,33.312,-0.014,-2.616,1.832,88.180,-0.012,-2.609,1.833,88.656,0.002,0.007,0.001,0.007,15,weighted_average,kalman(weighted_average),false
1788858802.260,33.365,-0.009,-2.619,1.829,88.038,-0.011,-2.623,1.829,88.248,-0.001,-0.003,0.000,0.003,15,weighted_average,kalman(weighted_average),false
1788858802.311,33.416,-0.018,-2.651,1.858,88.245,-0.015,-2.647,1.846,88.146,0.003,0.005,-0.012,0.013,15,weighted_average,kalman(weighted_average),false
1788858802.360,33.465,-0.014,-2.645,1.815,89.462,-0.015,-2.653,1.830,88.751,-0.002,-0.008,0.014,0.017,3|15,weighted_average,kalman(weighted_average),false
1788858802.411,33.517,0.006,-2.669,1.837,88.999,-0.003,-2.668,1.832,88.927,-0.009,0.001,-0.005,0.010,3|15,weighted_average,kalman(weighted_average),false
1788858802.493,33.598,-0.017,-2.699,1.846,88.189,-0.011,-2.697,1.842,88.547,0.006,0.002,-0.004,0.008,15,weighted_average,kalman(weighted_average),false
1788858802.544,33.649,-0.000,-2.709,1.833,87.758,-0.005,-2.711,1.838,88.070,-0.005,-0.002,0.004,0.007,15,weighted_average,kalman(weighted_average),false
1788858802.599,33.705,-0.006,-2.719,1.822,89.290,-0.005,-2.722,1.828,88.636,0.001,-0.003,0.006,0.007,3|15,weighted_average,kalman(weighted_average),false
1788858802.645,33.750,-0.005,-2.742,1.823,89.268,-0.005,-2.739,1.823,88.989,0.001,0.003,0.001,0.003,3|15,weighted_average,kalman(weighted_average),false
1788858802.696,33.801,-0.024,-2.759,1.830,88.347,-0.016,-2.757,1.825,88.743,0.008,0.002,-0.005,0.009,15,weighted_average,kalman(weighted_average),false
1788858802.786,33.892,-0.016,-2.785,1.823,88.134,-0.018,-2.785,1.823,88.364,-0.002,-0.000,-0.000,0.002,15,weighted_average,kalman(weighted_average),false
1788858802.832,33.937,0.018,-2.804,1.824,88.681,0.004,-2.803,1.823,88.489,-0.014,0.002,-0.001,0.014,3|15,weighted_average,kalman(weighted_average),false
1788858802.889,33.994,0.020,-2.807,1.821,88.616,0.018,-2.813,1.821,88.540,-0.002,-0.005,0.000,0.006,3|15,weighted_average,kalman(weighted_average),false
1788858802.935,34.040,0.013,-2.831,1.837,88.790,0.019,-2.829,1.830,88.667,0.006,0.003,-0.007,0.009,3|15,weighted_average,kalman(weighted_average),false
1788858802.987,34.093,-0.004,-2.837,1.827,89.251,0.008,-2.840,1.830,88.993,0.012,-0.003,0.003,0.013,3|15,weighted_average,kalman(weighted_average),false
1788858803.072,34.178,-0.002,-2.864,1.825,89.209,-0.000,-2.863,1.827,89.216,0.002,0.001,0.002,0.003,3|15,weighted_average,kalman(weighted_average),false
1788858803.123,34.228,0.001,-2.878,1.831,89.128,-0.001,-2.878,1.829,89.226,-0.002,0.000,-0.002,0.003,3|15,weighted_average,kalman(weighted_average),false
1788858803.200,34.305,0.005,-2.887,1.829,89.045,0.002,-2.891,1.830,89.164,-0.002,-0.003,0.000,0.004,3|15,weighted_average,kalman(weighted_average),false
1788858803.237,34.343,-0.003,-2.895,1.825,89.244,-0.001,-2.897,1.827,89.213,0.002,-0.001,0.002,0.003,3|15,weighted_average,kalman(weighted_average),false
1788858803.281,34.387,-0.014,-2.921,1.824,88.076,-0.009,-2.914,1.825,88.667,0.006,0.007,0.001,0.009,15,weighted_average,kalman(weighted_average),false
1788858803.367,34.472,-0.016,-2.960,1.832,88.106,-0.016,-2.954,1.830,88.206,-0.000,0.007,-0.003,0.007,15,weighted_average,kalman(weighted_average),false
1788858803.417,34.523,0.001,-2.963,1.829,89.158,-0.006,-2.967,1.830,88.641,-0.008,-0.004,0.001,0.009,3|15,weighted_average,kalman(weighted_average),false
1788858803.466,34.571,0.003,-2.975,1.810,89.120,0.000,-2.979,1.818,88.899,-0.003,-0.003,0.008,0.009,3|15,weighted_average,kalman(weighted_average),false
1788858803.519,34.624,0.003,-2.975,1.810,89.120,0.003,-2.983,1.811,89.062,0.000,-0.008,0.001,0.008,3|15,weighted_average,kalman(weighted_average),false
1788858803.568,34.673,0.016,-3.010,1.823,88.766,0.012,-3.003,1.816,88.966,-0.003,0.007,-0.007,0.011,3|15,weighted_average,kalman(weighted_average),false
1788858803.657,34.762,0.016,-3.027,1.821,88.735,0.018,-3.027,1.819,88.845,0.002,-0.001,-0.002,0.002,3|15,weighted_average,kalman(weighted_average),false
1788858803.704,34.810,0.010,-3.046,1.830,88.900,0.014,-3.044,1.827,88.865,0.004,0.002,-0.003,0.006,3|15,weighted_average,kalman(weighted_average),false
1788858803.759,34.864,-0.015,-3.060,1.827,88.008,-0.004,-3.060,1.828,88.388,0.011,-0.001,0.001,0.011,15,weighted_average,kalman(weighted_average),false
1788858803.806,34.911,-0.012,-3.077,1.833,87.904,-0.012,-3.076,1.832,88.058,0.000,0.001,-0.001,0.001,15,weighted_average,kalman(weighted_average),false
1788858803.858,34.963,0.015,-3.082,1.823,88.741,0.001,-3.086,1.828,88.297,-0.014,-0.004,0.005,0.016,3|15,weighted_average,kalman(weighted_average),false
1788858803.945,35.051,-0.022,-3.116,1.834,88.156,-0.015,-3.115,1.832,88.165,0.007,0.002,-0.002,0.007,15,weighted_average,kalman(weighted_average),false
1788858803.995,35.101,-0.018,-3.122,1.834,88.002,-0.019,-3.125,1.834,88.042,-0.002,-0.003,-0.000,0.003,15,weighted_average,kalman(weighted_average),false
1788858804.052,35.157,0.015,-3.136,1.819,88.723,0.000,-3.137,1.825,88.378,-0.014,-0.001,0.006,0.016,3|15,weighted_average,kalman(weighted_average),false
1788858804.099,35.204,-0.015,-3.153,1.829,87.879,-0.007,-3.151,1.826,88.146,0.008,0.002,-0.003,0.009,15,weighted_average,kalman(weighted_average),false
1788858804.150,35.255,-0.017,-3.163,1.828,87.944,-0.013,-3.163,1.827,88.022,0.004,-0.001,-0.001,0.005,15,weighted_average,kalman(weighted_average),false
1788858804.239,35.344,0.010,-3.184,1.828,88.820,0.003,-3.185,1.828,88.491,-0.007,-0.000,-0.001,0.007,3|15,weighted_average,kalman(weighted_average),false
1788858804.291,35.396,0.017,-3.195,1.840,88.583,0.015,-3.196,1.836,88.605,-0.003,-0.001,-0.004,0.005,3|15,weighted_average,kalman(weighted_average),false
1788858804.341,35.446,-0.025,-3.217,1.841,88.166,-0.006,-3.213,1.841,88.426,0.019,0.004,-0.000,0.019,15,weighted_average,kalman(weighted_average),false
1788858804.394,35.499,-0.026,-3.225,1.839,88.209,-0.020,-3.226,1.841,88.319,0.006,-0.001,0.002,0.006,15,weighted_average,kalman(weighted_average),false
1788858804.443,35.548,-0.031,-3.236,1.831,88.311,-0.030,-3.238,1.836,88.303,0.001,-0.001,0.005,0.005,15,weighted_average,kalman(weighted_average),false
1788858804.531,35.636,0.013,-3.242,1.829,88.684,-0.003,-3.247,1.831,88.533,-0.016,-0.005,0.002,0.016,3|15,weighted_average,kalman(weighted_average),false
1788858804.582,35.687,-0.046,-3.273,1.847,88.610,-0.027,-3.266,1.840,88.608,0.019,0.007,-0.007,0.021,15,weighted_average,kalman(weighted_average),false
1788858804.631,35.736,0.022,-3.265,1.840,87.856,0.001,-3.270,1.841,88.239,-0.021,-0.005,0.001,0.022,3|15,weighted_average,kalman(weighted_average),false
1788858804.686,35.791,-0.041,-3.290,1.854,87.342,-0.022,-3.286,1.850,87.712,0.020,0.004,-0.004,0.021,15,weighted_average,kalman(weighted_average),false
1788858804.736,35.842,0.022,-3.284,1.832,86.647,0.003,-3.290,1.841,87.042,-0.020,-0.006,0.009,0.022,3|15,weighted_average,kalman(weighted_average),false
1788858804.832,35.938,0.077,-3.295,1.828,85.687,0.063,-3.297,1.831,85.892,-0.014,-0.002,0.003,0.014,3,weighted_average,kalman(weighted_average),false
1788858804.882,35.988,0.062,-3.299,1.824,85.491,0.072,-3.300,1.825,85.436,0.010,-0.001,0.001,0.010,3,weighted_average,kalman(weighted_average),false
1788858804.929,36.034,0.078,-3.315,1.831,84.247,0.083,-3.310,1.827,84.587,0.004,0.004,-0.005,0.008,3,weighted_average,kalman(weighted_average),false
1788858804.986,36.091,0.074,-3.317,1.824,84.057,0.084,-3.317,1.824,83.966,0.010,-0.001,0.000,0.010,3,weighted_average,kalman(weighted_average),false
1788858805.030,36.135,0.088,-3.330,1.836,83.257,0.089,-3.327,1.830,83.346,0.002,0.003,-0.006,0.007,3,weighted_average,kalman(weighted_average),false
1788858805.119,36.224,0.100,-3.350,1.837,81.950,0.101,-3.348,1.836,82.048,0.001,0.002,-0.001,0.003,3,weighted_average,kalman(weighted_average),false
1788858805.164,36.269,0.087,-3.350,1.822,81.914,0.095,-3.353,1.828,81.695,0.008,-0.003,0.006,0.010,3,weighted_average,kalman(weighted_average),false
1788858805.220,36.325,0.106,-3.369,1.843,80.935,0.103,-3.367,1.837,80.973,-0.004,0.002,-0.006,0.007,3,weighted_average,kalman(weighted_average),false
1788858805.265,36.371,0.103,-3.373,1.832,80.570,0.105,-3.374,1.835,80.495,0.001,-0.001,0.003,0.004,3,weighted_average,kalman(weighted_average),false
1788858805.319,36.424,0.113,-3.384,1.842,79.971,0.111,-3.384,1.839,79.920,-0.002,-0.000,-0.002,0.003,3,weighted_average,kalman(weighted_average),false
1788858805.407,36.513,0.134,-3.408,1.845,78.530,0.130,-3.406,1.845,78.669,-0.004,0.002,-0.000,0.004,3,weighted_average,kalman(weighted_average),false
1788858805.460,36.565,0.140,-3.415,1.847,78.109,0.140,-3.416,1.847,78.053,0.000,-0.001,0.000,0.001,3,weighted_average,kalman(weighted_average),false
1788858805.506,36.611,0.139,-3.415,1.837,77.954,0.142,-3.419,1.842,77.731,0.004,-0.004,0.005,0.007,3,weighted_average,kalman(weighted_average),false
1788858805.558,36.664,0.153,-3.432,1.841,77.015,0.152,-3.430,1.841,77.083,-0.001,0.002,0.000,0.002,3,weighted_average,kalman(weighted_average),false
1788858805.611,36.716,0.174,-3.451,1.843,75.817,0.169,-3.446,1.842,76.133,-0.006,0.005,-0.001,0.008,3,weighted_average,kalman(weighted_average),false
1788858805.696,36.801,0.174,-3.458,1.840,75.465,0.178,-3.460,1.841,75.281,0.004,-0.002,0.001,0.005,3,weighted_average,kalman(weighted_average),false
1788858805.747,36.852,0.184,-3.473,1.846,74.697,0.184,-3.472,1.844,74.697,0.000,0.001,-0.002,0.003,3,weighted_average,kalman(weighted_average),false
1788858805.797,36.902,0.193,-3.482,1.848,74.188,0.192,-3.482,1.846,74.154,-0.001,-0.000,-0.001,0.001,3,weighted_average,kalman(weighted_average),false
1788858805.852,36.957,0.204,-3.497,1.843,73.400,0.202,-3.495,1.845,73.461,-0.001,0.001,0.002,0.003,3,weighted_average,kalman(weighted_average),false
1788858805.902,37.007,0.226,-3.520,1.853,72.121,0.220,-3.515,1.850,72.485,-0.006,0.006,-0.003,0.009,3,weighted_average,kalman(weighted_average),false
1788858805.990,37.096,0.232,-3.532,1.854,71.566,0.234,-3.534,1.854,71.434,0.003,-0.002,0.000,0.004,3,weighted_average,kalman(weighted_average),false
1788858806.040,37.145,0.239,-3.543,1.853,70.922,0.240,-3.544,1.854,70.868,0.002,-0.001,0.001,0.002,3,weighted_average,kalman(weighted_average),false
1788858806.094,37.199,0.244,-3.550,1.853,70.533,0.246,-3.552,1.854,70.384,0.002,-0.002,0.001,0.003,3,weighted_average,kalman(weighted_average),false
1788858806.142,37.247,0.255,-3.565,1.853,69.686,0.254,-3.563,1.853,69.766,-0.001,0.001,0.001,0.002,3,weighted_average,kalman(weighted_average),false
1788858806.191,37.296,0.260,-3.572,1.852,69.278,0.261,-3.572,1.852,69.235,0.000,-0.001,0.001,0.001,3,weighted_average,kalman(weighted_average),false
1788858806.278,37.383,0.276,-3.598,1.860,67.987,0.276,-3.595,1.858,68.083,-0.001,0.002,-0.002,0.003,3,weighted_average,kalman(weighted_average),false
1788858806.327,37.432,0.287,-3.609,1.856,67.323,0.286,-3.608,1.857,67.386,-0.001,0.000,0.001,0.002,3,weighted_average,kalman(weighted_average),false
1788858806.385,37.491,0.291,-3.619,1.860,66.738,0.293,-3.621,1.860,66.687,0.002,-0.001,-0.000,0.002,3,weighted_average,kalman(weighted_average),false
1788858806.430,37.535,0.291,-3.628,1.857,66.301,0.295,-3.629,1.859,66.217,0.004,-0.001,0.002,0.004,3,weighted_average,kalman(weighted_average),false
1788858806.485,37.590,0.301,-3.641,1.861,65.613,0.301,-3.641,1.860,65.583,-0.000,-0.000,-0.000,0.000,3,weighted_average,kalman(weighted_average),false
1788858806.571,37.676,0.316,-3.661,1.860,64.299,0.315,-3.661,1.860,64.400,-0.002,0.001,0.000,0.002,3,weighted_average,kalman(weighted_average),false
1788858806.622,37.727,0.322,-3.671,1.861,63.785,0.322,-3.671,1.861,63.764,0.000,-0.001,-0.000,0.001,3,weighted_average,kalman(weighted_average),false
1788858806.676,37.781,0.333,-3.687,1.861,62.836,0.332,-3.685,1.861,62.940,-0.001,0.001,0.000,0.002,3,weighted_average,kalman(weighted_average),false
1788858806.724,37.829,0.337,-3.692,1.859,62.445,0.338,-3.694,1.860,62.368,0.001,-0.002,0.001,0.003,3,weighted_average,kalman(weighted_average),false
1788858806.782,37.888,0.345,-3.709,1.865,61.537,0.346,-3.708,1.863,61.568,0.000,0.001,-0.002,0.003,3,weighted_average,kalman(weighted_average),false
1788858806.870,37.975,0.347,-3.714,1.862,61.066,0.350,-3.718,1.863,60.831,0.003,-0.004,0.001,0.005,3,weighted_average,kalman(weighted_average),false
1788858806.920,38.025,0.360,-3.732,1.864,59.976,0.358,-3.730,1.864,60.123,-0.002,0.003,-0.000,0.004,3,weighted_average,kalman(weighted_average),false
1788858806.968,38.073,0.367,-3.746,1.867,59.179,0.366,-3.743,1.866,59.355,-0.002,0.003,-0.001,0.003,3,weighted_average,kalman(weighted_average),false
1788858807.021,38.126,0.371,-3.748,1.865,58.846,0.371,-3.751,1.866,58.760,0.001,-0.002,0.001,0.003,3,weighted_average,kalman(weighted_average),false
1788858807.068,38.173,0.378,-3.761,1.869,58.051,0.378,-3.760,1.868,58.113,-0.000,0.001,-0.001,0.001,3,weighted_average,kalman(weighted_average),false
1788858807.156,38.261,0.387,-3.768,1.865,57.291,0.387,-3.771,1.866,57.177,0.000,-0.003,0.001,0.003,3,weighted_average,kalman(weighted_average),false
1788858807.215,38.321,0.395,-3.779,1.869,56.466,0.395,-3.779,1.868,56.476,-0.000,0.000,-0.001,0.001,3,weighted_average,kalman(weighted_average),false
1788858807.259,38.364,0.399,-3.784,1.870,56.079,0.400,-3.785,1.869,56.027,0.000,-0.000,-0.001,0.001,3,weighted_average,kalman(weighted_average),false
1788858807.314,38.419,0.409,-3.793,1.866,55.255,0.408,-3.792,1.868,55.329,-0.001,0.000,0.001,0.002,3,weighted_average,kalman(weighted_average),false
1788858807.358,38.463,0.412,-3.796,1.870,54.935,0.413,-3.797,1.869,54.872,0.001,-0.001,-0.001,0.002,3,weighted_average,kalman(weighted_average),false
1788858807.446,38.551,0.426,-3.808,1.868,53.784,0.425,-3.808,1.869,53.818,-0.001,0.000,0.000,0.001,3,weighted_average,kalman(weighted_average),false
1788858807.494,38.599,0.430,-3.811,1.868,53.433,0.431,-3.812,1.868,53.351,0.001,-0.001,0.000,0.001,3,weighted_average,kalman(weighted_average),false
1788858807.544,38.649,0.440,-3.820,1.868,52.607,0.439,-3.819,1.868,52.696,-0.001,0.001,0.000,0.002,3,weighted_average,kalman(weighted_average),false
1788858807.594,38.700,0.444,-3.823,1.870,52.267,0.445,-3.824,1.869,52.190,0.001,-0.001,-0.001,0.002,3,weighted_average,kalman(weighted_average),false
1788858807.647,38.752,0.454,-3.831,1.866,51.492,0.453,-3.830,1.867,51.545,-0.001,0.000,0.001,0.002,3,weighted_average,kalman(weighted_average),false
1788858807.743,38.848,0.469,-3.840,1.865,50.380,0.468,-3.840,1.865,50.398,-0.000,-0.000,0.000,0.001,3,weighted_average,kalman(weighted_average),false
1788858807.793,38.898,0.474,-3.845,1.868,49.922,0.475,-3.845,1.867,49.876,0.001,0.000,-0.001,0.002,3,weighted_average,kalman(weighted_average),false
1788858807.845,38.950,0.485,-3.850,1.863,49.145,0.484,-3.850,1.864,49.206,-0.001,-0.000,0.002,0.002,3,weighted_average,kalman(weighted_average),false
1788858807.892,38.997,0.490,-3.853,1.865,48.788,0.490,-3.854,1.864,48.720,0.001,-0.001,-0.001,0.001,3,weighted_average,kalman(weighted_average),false
1788858807.946,39.051,0.501,-3.859,1.863,47.979,0.500,-3.859,1.863,48.038,-0.001,0.000,0.000,0.001,3,weighted_average,kalman(weighted_average),false
1788858808.029,39.134,0.511,-3.862,1.860,47.291,0.512,-3.863,1.861,47.204,0.001,-0.001,0.001,0.002,3,weighted_average,kalman(weighted_average),false
1788858808.084,39.189,0.522,-3.871,1.864,46.456,0.522,-3.869,1.862,46.520,-0.001,0.001,-0.002,0.002,3,weighted_average,kalman(weighted_average),false
1788858808.132,39.237,0.528,-3.872,1.861,46.123,0.528,-3.872,1.862,46.052,0.001,-0.001,0.000,0.001,3,weighted_average,kalman(weighted_average),false
1788858808.182,39.288,0.542,-3.880,1.860,45.226,0.540,-3.879,1.860,45.357,-0.002,0.002,0.001,0.003,3,weighted_average,kalman(weighted_average),false
1788858808.234,39.339,0.551,-3.881,1.861,44.644,0.550,-3.882,1.861,44.692,-0.001,-0.001,-0.001,0.002,3,weighted_average,kalman(weighted_average),false
1788858808.323,39.428,0.564,-3.889,1.861,43.758,0.565,-3.889,1.861,43.702,0.001,-0.000,-0.000,0.001,3,weighted_average,kalman(weighted_average),false
1788858808.375,39.480,0.576,-3.890,1.862,43.102,0.576,-3.891,1.861,43.105,-0.001,-0.001,-0.000,0.001,3,weighted_average,kalman(weighted_average),false
1788858808.424,39.530,0.590,-3.895,1.857,42.278,0.588,-3.895,1.859,42.394,-0.002,0.000,0.002,0.003,3,weighted_average,kalman(weighted_average),false
1788858808.474,39.579,0.595,-3.896,1.859,41.958,0.597,-3.897,1.858,41.871,0.001,-0.001,-0.000,0.002,3,weighted_average,kalman(weighted_average),false
1788858808.525,39.630,0.604,-3.898,1.856,41.527,0.605,-3.899,1.856,41.401,0.001,-0.001,0.001,0.002,3,weighted_average,kalman(weighted_average),false
1788858808.614,39.720,0.623,-3.902,1.854,40.443,0.623,-3.902,1.854,40.435,-0.001,-0.000,0.000,0.001,3,weighted_average,kalman(weighted_average),false
1788858808.661,39.766,0.636,-3.905,1.854,39.721,0.634,-3.905,1.853,39.814,-0.002,0.000,-0.001,0.002,3,weighted_average,kalman(weighted_average),false
1788858808.717,39.822,0.643,-3.907,1.851,39.303,0.645,-3.907,1.851,39.241,0.001,-0.000,0.000,0.001,3,weighted_average,kalman(weighted_average),false
1788858808.763,39.868,0.657,-3.911,1.852,38.499,0.656,-3.911,1.851,38.610,-0.001,0.001,-0.001,0.002,3,weighted_average,kalman(weighted_average),false
1788858808.817,39.922,0.664,-3.911,1.850,38.158,0.666,-3.912,1.850,38.066,0.001,-0.001,0.000,0.002,3,weighted_average,kalman(weighted_average),false
1788858808.903,40.008,0.685,-3.916,1.848,36.920,0.684,-3.916,1.848,36.986,-0.001,0.000,0.000,0.001,3,weighted_average,kalman(weighted_average),false
1788858808.954,40.060,0.691,-3.916,1.844,36.605,0.693,-3.917,1.845,36.502,0.001,-0.001,0.001,0.002,3,weighted_average,kalman(weighted_average),false
1788858809.004,40.109,0.704,-3.918,1.844,35.828,0.703,-3.918,1.844,35.886,-0.001,-0.000,-0.000,0.001,3,weighted_average,kalman(weighted_average),false
1788858809.056,40.161,0.711,-3.922,1.844,35.393,0.712,-3.921,1.843,35.341,0.001,0.001,-0.001,0.002,3,weighted_average,kalman(weighted_average),false
1788858809.106,40.212,0.724,-3.926,1.842,34.566,0.723,-3.925,1.842,34.669,-0.001,0.001,-0.000,0.002,3,weighted_average,kalman(weighted_average),false
1788858809.192,40.297,0.738,-3.928,1.839,33.798,0.739,-3.929,1.839,33.745,0.000,-0.000,0.000,0.001,3,weighted_average,kalman(weighted_average),false
1788858809.242,40.347,0.751,-3.930,1.837,33.073,0.750,-3.931,1.837,33.120,-0.001,-0.000,0.000,0.001,3,weighted_average,kalman(weighted_average),false
1788858809.293,40.398,0.757,-3.934,1.838,32.642,0.758,-3.933,1.837,32.586,0.001,0.000,-0.001,0.002,3,weighted_average,kalman(weighted_average),false
1788858809.343,40.449,0.771,-3.937,1.835,31.816,0.770,-3.937,1.836,31.912,-0.001,0.001,0.000,0.002,3,weighted_average,kalman(weighted_average),false
1788858809.393,40.498,0.783,-3.940,1.835,31.064,0.782,-3.940,1.835,31.187,-0.001,-0.000,0.000,0.001,3,weighted_average,kalman(weighted_average),false
1788858809.483,40.588,0.797,-3.944,1.834,30.226,0.798,-3.944,1.834,30.155,0.001,-0.000,-0.000,0.001,3,weighted_average,kalman(weighted_average),false
1788858809.528,40.634,0.810,-3.947,1.830,29.432,0.809,-3.947,1.831,29.512,-0.001,0.000,0.001,0.002,3,weighted_average,kalman(weighted_average),false
1788858809.579,40.684,0.818,-3.950,1.835,28.957,0.818,-3.950,1.833,28.915,0.001,0.000,-0.002,0.002,3,weighted_average,kalman(weighted_average),false
1788858809.631,40.737,0.831,-3.954,1.831,28.130,0.830,-3.954,1.832,28.196,-0.001,0.000,0.001,0.001,3,weighted_average,kalman(weighted_average),false
1788858809.689,40.794,0.760,-3.945,1.841,28.504,0.790,-3.949,1.838,28.025,0.030,-0.005,-0.004,0.031,3|18,weighted_average,kalman(weighted_average),false
1788858809.773,40.878,0.770,-3.954,1.838,27.184,0.770,-3.953,1.839,27.217,0.000,0.001,0.001,0.002,3|18,weighted_average,kalman(weighted_average),false
1788858809.825,40.930,0.677,-3.935,1.828,27.844,0.706,-3.942,1.832,27.369,0.028,-0.007,0.004,0.029,18,weighted_average,kalman(weighted_average),false
1788858809.882,40.987,0.788,-3.954,1.840,26.051,0.745,-3.948,1.836,26.502,-0.044,0.006,-0.004,0.044,3|18,weighted_average,kalman(weighted_average),false
1788858809.927,41.033,0.702,-3.956,1.815,26.011,0.719,-3.953,1.824,26.052,0.017,0.003,0.009,0.020,18,weighted_average,kalman(weighted_average),false
1788858809.982,41.087,0.810,-3.960,1.832,24.726,0.770,-3.958,1.826,25.112,-0.040,0.002,-0.005,0.041,3|18,weighted_average,kalman(weighted_average),false
1788858810.071,41.176,0.826,-3.970,1.839,23.357,0.819,-3.969,1.835,23.589,-0.007,0.001,-0.004,0.008,3|18,weighted_average,kalman(weighted_average),false
1788858810.123,41.229,0.732,-3.960,1.833,23.702,0.771,-3.965,1.835,23.317,0.039,-0.005,0.002,0.039,18,weighted_average,kalman(weighted_average),false
1788858810.174,41.280,0.740,-3.965,1.843,22.910,0.749,-3.965,1.840,22.827,0.009,-0.001,-0.002,0.009,18,weighted_average,kalman(weighted_average),false
1788858810.223,41.328,0.753,-3.973,1.813,22.247,0.746,-3.970,1.825,22.271,-0.007,0.003,0.012,0.015,18,weighted_average,kalman(weighted_average),false
1788858810.272,41.377,0.756,-3.978,1.849,21.547,0.748,-3.976,1.837,21.637,-0.008,0.002,-0.012,0.014,18,weighted_average,kalman(weighted_average),false
1788858810.360,41.465,0.766,-3.987,1.848,20.667,0.759,-3.986,1.847,20.644,-0.007,0.001,-0.002,0.007,18,weighted_average,kalman(weighted_average),false
1788858810.410,41.516,0.782,-3.999,1.839,19.625,0.775,-3.996,1.843,19.816,-0.007,0.003,0.004,0.008,18,weighted_average,kalman(weighted_average),false
1788858810.464,41.569,0.784,-3.986,1.846,19.738,0.784,-3.993,1.846,19.455,0.001,-0.007,-0.001,0.007,18,weighted_average,kalman(weighted_average),false
1788858810.512,41.617,0.798,-4.005,1.845,18.582,0.796,-4.001,1.846,18.750,-0.002,0.004,0.001,0.004,18,weighted_average,kalman(weighted_average),false
1788858810.563,41.668,0.795,-3.981,1.867,19.018,0.800,-3.991,1.859,18.592,0.005,-0.010,-0.008,0.014,18,weighted_average,kalman(weighted_average),false
1788858810.652,41.757,0.820,-3.986,1.836,17.866,0.818,-3.987,1.845,17.845,-0.002,-0.001,0.009,0.009,18,weighted_average,kalman(weighted_average),false
1788858810.703,41.808,0.840,-4.029,1.821,15.984,0.836,-4.013,1.827,16.590,-0.004,0.015,0.007,0.017,18,weighted_average,kalman(weighted_average),false
1788858810.754,41.860,0.840,-3.992,1.832,16.765,0.843,-4.004,1.826,16.349,0.004,-0.012,-0.006,0.014,18,weighted_average,kalman(weighted_average),false
1788858810.805,41.910,0.962,-4.044,1.831,14.361,0.919,-4.029,1.826,15.046,-0.043,0.015,-0.004,0.046,3|18,weighted_average,kalman(weighted_average),false
1788858810.855,41.961,0.860,-4.019,1.825,15.050,0.900,-4.028,1.824,14.653,0.040,-0.009,-0.001,0.041,18,weighted_average,kalman(weighted_average),false
1788858810.943,42.048,0.880,-4.004,1.821,14.541,0.892,-4.013,1.821,14.164,0.011,-0.009,-0.001,0.015,18,weighted_average,kalman(weighted_average),false
1788858810.991,42.096,0.995,-4.059,1.826,12.421,0.957,-4.040,1.823,13.013,-0.038,0.018,-0.003,0.042,3|18,weighted_average,kalman(weighted_average),false
1788858811.041,42.147,0.893,-4.028,1.843,12.982,0.929,-4.036,1.835,12.671,0.036,-0.009,-0.007,0.038,18,weighted_average,kalman(weighted_average),false
1788858811.091,42.196,0.902,-4.068,1.847,11.557,0.914,-4.056,1.844,11.824,0.012,0.011,-0.003,0.017,18,weighted_average,kalman(weighted_average),false
1788858811.148,42.253,0.922,-4.015,1.800,12.337,0.917,-4.035,1.820,11.750,-0.005,-0.020,0.020,0.029,18,weighted_average,kalman(weighted_average),false
1788858811.232,42.337,0.940,-4.035,1.805,10.861,0.934,-4.034,1.806,10.921,-0.007,0.002,0.001,0.007,18,weighted_average,kalman(weighted_average),false
1788858811.285,42.390,0.937,-4.070,1.844,9.643,0.939,-4.057,1.828,9.976,0.001,0.013,-0.016,0.021,18,weighted_average,kalman(weighted_average),false
1788858811.332,42.437,0.949,-4.076,1.822,9.133,0.947,-4.072,1.827,9.255,-0.002,0.004,0.004,0.006,18,weighted_average,kalman(weighted_average),false
1788858811.384,42.489,0.963,-4.072,1.818,8.603,0.959,-4.077,1.823,8.584,-0.004,-0.005,0.004,0.007,18,weighted_average,kalman(weighted_average),false
1788858811.433,42.539,0.977,-4.052,1.791,8.475,0.974,-4.066,1.804,8.207,-0.003,-0.014,0.013,0.019,18,weighted_average,kalman(weighted_average),false
1788858811.527,42.632,0.989,-4.092,1.805,6.785,0.991,-4.085,1.801,6.913,0.001,0.006,-0.004,0.008,18,weighted_average,kalman(weighted_average),false
1788858811.576,42.682,0.988,-4.107,1.845,5.786,0.992,-4.103,1.828,5.991,0.004,0.005,-0.017,0.018,18,weighted_average,kalman(weighted_average),false
1788858811.628,42.733,1.003,-4.154,1.798,4.183,1.001,-4.139,1.814,4.657,-0.002,0.015,0.016,0.022,18,weighted_average,kalman(weighted_average),false
1788858811.683,42.788,1.013,-4.137,1.802,4.025,1.012,-4.147,1.806,3.834,-0.001,-0.011,0.004,0.012,18,weighted_average,kalman(weighted_average),false
1788858811.731,42.836,1.018,-4.126,1.800,3.989,1.019,-4.140,1.801,3.514,0.000,-0.015,0.001,0.015,18,weighted_average,kalman(weighted_average),false
1788858811.820,42.925,1.035,-4.140,1.788,2.622,1.034,-4.143,1.790,2.501,-0.000,-0.003,0.001,0.003,18,weighted_average,kalman(weighted_average),false
1788858811.866,42.971,1.042,-4.155,1.796,1.585,1.042,-4.151,1.791,1.743,0.000,0.003,-0.004,0.005,18,weighted_average,kalman(weighted_average),false
1788858811.918,43.023,1.052,-4.163,1.777,1.018,1.051,-4.161,1.782,1.025,-0.000,0.002,0.004,0.005,18,weighted_average,kalman(weighted_average),false
1788858811.966,43.072,1.041,-4.174,1.858,0.082,1.048,-4.172,1.825,0.214,0.008,0.003,-0.033,0.034,18,weighted_average,kalman(weighted_average),false
1788858812.020,43.125,1.056,-4.160,1.817,0.114,1.055,-4.168,1.827,-0.214,-0.001,-0.008,0.010,0.013,18,weighted_average,kalman(weighted_average),false
1788858812.106,43.211,1.072,-4.161,1.799,-0.847,1.069,-4.164,1.810,-0.997,-0.003,-0.003,0.012,0.012,18,weighted_average,kalman(weighted_average),false
1788858812.158,43.264,1.075,-4.123,1.799,-0.167,1.076,-4.137,1.801,-0.754,0.001,-0.014,0.002,0.014,18,weighted_average,kalman(weighted_average),false
1788858812.212,43.317,1.073,-4.173,1.845,-2.162,1.077,-4.155,1.826,-1.646,0.004,0.018,-0.019,0.026,18,weighted_average,kalman(weighted_average),false
1788858812.259,43.364,1.081,-4.145,1.831,-1.753,1.081,-4.150,1.832,-1.912,-0.000,-0.004,0.001,0.004,18,weighted_average,kalman(weighted_average),false
1788858812.314,43.420,1.083,-4.176,1.847,-3.210,1.084,-4.165,1.844,-2.810,0.001,0.011,-0.003,0.011,18,weighted_average,kalman(weighted_average),false
1788858812.403,43.508,1.105,-4.110,1.797,-2.526,1.101,-4.126,1.813,-2.977,-0.004,-0.017,0.016,0.024,18,weighted_average,kalman(weighted_average),false
1788858812.459,43.564,1.110,-4.132,1.778,-3.418,1.110,-4.125,1.785,-3.365,0.000,0.008,0.007,0.010,18,weighted_average,kalman(weighted_average),false
1788858812.504,43.609,1.112,-4.198,1.789,-5.795,1.115,-4.166,1.781,-4.778,0.002,0.032,-0.008,0.033,18,weighted_average,kalman(weighted_average),false
1788858812.553,43.658,1.118,-4.164,1.780,-5.255,1.119,-4.170,1.775,-5.356,0.001,-0.006,-0.005,0.008,18,weighted_average,kalman(weighted_average),false
1788858812.607,43.713,1.124,-4.175,1.779,-6.283,1.125,-4.177,1.773,-6.189,0.001,-0.002,-0.006,0.006,18,weighted_average,kalman(weighted_average),false
1788858812.696,43.801,1.123,-4.171,1.805,-6.935,1.126,-4.176,1.794,-7.111,0.003,-0.005,-0.011,0.012,18,weighted_average,kalman(weighted_average),false
1788858812.743,43.848,1.122,-4.141,1.837,-6.995,1.124,-4.154,1.824,-7.293,0.002,-0.013,-0.013,0.019,18,weighted_average,kalman(weighted_average),false
1788858812.792,43.897,1.126,-4.170,1.822,-8.120,1.125,-4.160,1.830,-7.945,-0.001,0.009,0.008,0.012,18,weighted_average,kalman(weighted_average),false
1788858812.853,43.959,1.146,-4.142,1.735,-7.781,1.139,-4.148,1.774,-8.138,-0.007,-0.006,0.039,0.040,18,weighted_average,kalman(weighted_average),false
1788858812.896,44.001,1.133,-4.165,1.840,-9.238,1.138,-4.155,1.806,-8.850,0.005,0.010,-0.035,0.036,18,weighted_average,kalman(weighted_average),false
1788858812.985,44.090,1.134,-4.202,1.828,-11.459,1.137,-4.190,1.823,-10.847,0.003,0.013,-0.005,0.014,18,weighted_average,kalman(weighted_average),false
1788858813.031,44.137,1.145,-4.174,1.795,-11.626,1.142,-4.185,1.808,-11.648,-0.003,-0.011,0.013,0.017,18,weighted_average,kalman(weighted_average),false
1788858813.086,44.191,1.136,-4.229,1.817,-13.525,1.139,-4.216,1.813,-13.110,0.003,0.014,-0.004,0.015,18,weighted_average,kalman(weighted_average),false
1788858813.133,44.238,1.145,-4.174,1.793,-13.075,1.142,-4.197,1.801,-13.575,-0.002,-0.023,0.009,0.025,18,weighted_average,kalman(weighted_average),false
1788858813.191,44.296,1.139,-4.210,1.814,-14.507,1.141,-4.206,1.807,-14.543,0.002,0.004,-0.006,0.008,18,weighted_average,kalman(weighted_average),false
1788858813.279,44.384,1.126,-4.269,1.840,-17.587,1.130,-4.255,1.831,-17.041,0.004,0.014,-0.008,0.017,18,weighted_average,kalman(weighted_average),false
1788858813.331,44.436,1.141,-4.232,1.791,-17.136,1.136,-4.248,1.809,-17.630,-0.005,-0.016,0.018,0.024,18,weighted_average,kalman(weighted_average),false
1788858813.381,44.487,1.126,-4.225,1.845,-18.059,1.130,-4.237,1.829,-18.306,0.004,-0.012,-0.015,0.020,18,weighted_average,kalman(weighted_average),false
1788858813.432,44.537,1.137,-4.166,1.798,-17.498,1.133,-4.195,1.813,-18.294,-0.004,-0.028,0.015,0.032,18,weighted_average,kalman(weighted_average),false
1788858813.486,44.591,1.126,-4.209,1.833,-19.134,1.128,-4.196,1.824,-19.017,0.003,0.013,-0.009,0.016,18,weighted_average,kalman(weighted_average),false
1788858813.580,44.686,1.116,-4.203,1.865,-20.455,1.118,-4.197,1.856,-20.353,0.002,0.006,-0.008,0.011,18,weighted_average,kalman(weighted_average),false
1788858813.629,44.734,1.133,-4.166,1.798,-19.866,1.126,-4.176,1.823,-20.352,-0.007,-0.011,0.026,0.029,18,weighted_average,kalman(weighted_average),false
1788858813.679,44.784,1.115,-4.221,1.840,-22.286,1.120,-4.200,1.831,-21.598,0.004,0.021,-0.009,0.023,18,weighted_average,kalman(weighted_average),false
1788858813.729,44.834,1.120,-4.192,1.825,-21.982,1.119,-4.197,1.827,-22.146,-0.001,-0.005,0.002,0.006,18,weighted_average,kalman(weighted_average),false
1788858813.778,44.883,1.123,-4.213,1.792,-23.377,1.120,-4.207,1.806,-23.090,-0.002,0.006,0.014,0.015,18,weighted_average,kalman(weighted_average),false
1788858813.868,44.973,1.109,-4.201,1.845,-24.121,1.112,-4.205,1.830,-24.247,0.003,-0.004,-0.015,0.016,18,weighted_average,kalman(weighted_average),false
1788858813.917,45.022,1.119,-4.165,1.814,-24.116,1.115,-4.179,1.822,-24.464,-0.004,-0.014,0.009,0.017,18,weighted_average,kalman(weighted_average),false
1788858813.968,45.074,1.120,-4.165,1.797,-24.535,1.118,-4.166,1.807,-24.750,-0.002,-0.001,0.010,0.011,18,weighted_average,kalman(weighted_average),false
1788858814.021,45.127,1.133,-4.144,1.722,-24.775,1.127,-4.148,1.752,-24.978,-0.006,-0.004,0.030,0.031,18,weighted_average,kalman(weighted_average),false
1788858814.068,45.174,1.399,-4.369,1.850,-28.014,1.127,-4.148,1.752,-26.689,-0.272,0.221,-0.098,0.364,9,weighted_average,kalman(weighted_average),true
1788858814.157,45.262,1.418,-4.370,1.829,-28.753,1.373,-4.335,1.817,-28.543,-0.045,0.035,-0.012,0.058,9,weighted_average,kalman(weighted_average),false
1788858814.209,45.314,1.396,-4.379,1.852,-29.949,1.418,-4.387,1.848,-29.772,0.022,-0.008,-0.004,0.023,9,weighted_average,kalman(weighted_average),false
1788858814.259,45.364,1.412,-4.375,1.795,-30.193,1.440,-4.402,1.825,-30.486,0.028,-0.027,0.030,0.049,9,weighted_average,kalman(weighted_average),false
1788858814.311,45.416,1.415,-4.369,1.863,-31.036,1.443,-4.397,1.850,-31.231,0.028,-0.028,-0.013,0.042,9,weighted_average,kalman(weighted_average),false
1788858814.360,45.466,1.425,-4.358,1.837,-31.233,1.443,-4.381,1.848,-31.637,0.018,-0.024,0.011,0.031,9,weighted_average,kalman(weighted_average),false
1788858814.451,45.556,1.421,-4.363,1.850,-32.668,1.433,-4.369,1.852,-32.751,0.012,-0.006,0.002,0.014,9,weighted_average,kalman(weighted_average),false
1788858814.499,45.604,1.425,-4.373,1.805,-33.178,1.428,-4.370,1.824,-33.261,0.003,0.003,0.018,0.019,9,weighted_average,kalman(weighted_average),false
1788858814.552,45.657,1.437,-4.365,1.818,-33.900,1.432,-4.366,1.816,-33.904,-0.004,-0.001,-0.002,0.005,9,weighted_average,kalman(weighted_average),false
1788858814.599,45.704,1.448,-4.367,1.824,-34.738,1.441,-4.366,1.817,-34.610,-0.006,0.002,-0.007,0.009,9,weighted_average,kalman(weighted_average),false
1788858814.652,45.757,1.430,-4.363,1.829,-35.213,1.437,-4.363,1.822,-35.254,0.006,-0.000,-0.007,0.009,9,weighted_average,kalman(weighted_average),false
1788858814.741,45.846,1.435,-4.346,1.842,-36.037,1.436,-4.349,1.837,-36.163,0.000,-0.004,-0.005,0.006,9,weighted_average,kalman(weighted_average),false
1788858814.791,45.897,1.435,-4.342,1.864,-36.303,1.435,-4.342,1.856,-36.484,0.000,-0.000,-0.007,0.007,9,weighted_average,kalman(weighted_average),false
1788858814.841,45.946,1.433,-4.343,1.871,-36.857,1.434,-4.340,1.870,-36.902,0.001,0.003,-0.001,0.003,9,weighted_average,kalman(weighted_average),false
1788858814.893,45.999,1.438,-4.339,1.853,-36.997,1.436,-4.337,1.865,-37.176,-0.002,0.001,0.012,0.012,9,weighted_average,kalman(weighted_average),false
1788858814.946,46.051,1.425,-4.340,1.866,-37.618,1.430,-4.337,1.868,-37.598,0.005,0.003,0.001,0.006,9,weighted_average,kalman(weighted_average),false
1788858815.031,46.136,1.466,-4.295,1.860,-37.123,1.455,-4.306,1.864,-37.541,-0.011,-0.010,0.004,0.016,9,weighted_average,kalman(weighted_average),false
1788858815.084,46.189,1.453,-4.305,1.866,-37.528,1.457,-4.300,1.865,-37.596,0.005,0.005,-0.001,0.007,9,weighted_average,kalman(weighted_average),false
1788858815.131,46.236,1.435,-4.310,1.871,-37.822,1.446,-4.302,1.869,-37.763,0.011,0.008,-0.003,0.014,9,weighted_average,kalman(weighted_average),false
1788858815.186,46.292,1.443,-4.300,1.857,-37.676,1.444,-4.299,1.862,-37.783,0.001,0.001,0.005,0.006,9,weighted_average,kalman(weighted_average),false
1788858815.231,46.336,1.436,-4.299,1.869,-37.798,1.439,-4.298,1.865,-37.829,0.003,0.002,-0.003,0.005,9,weighted_average,kalman(weighted_average),false
1788858815.324,46.429,1.438,-4.299,1.833,-37.789,1.436,-4.297,1.841,-37.852,-0.001,0.002,0.008,0.008,9,weighted_average,kalman(weighted_average),false
1788858815.371,46.477,1.420,-4.297,1.885,-37.981,1.425,-4.297,1.866,-37.939,0.006,-0.000,-0.019,0.020,9,weighted_average,kalman(weighted_average),false
1788858815.421,46.526,1.428,-4.285,1.860,-37.858,1.425,-4.289,1.864,-37.920,-0.003,-0.004,0.004,0.007,9,weighted_average,kalman(weighted_average),false
1788858815.474,46.579,1.428,-4.285,1.860,-37.858,1.425,-4.285,1.862,-37.901,-0.003,-0.000,0.002,0.004,9,weighted_average,kalman(weighted_average),false
1788858815.533,46.638,1.428,-4.285,1.860,-37.858,1.426,-4.284,1.861,-37.883,-0.002,0.002,0.001,0.003,9,weighted_average,kalman(weighted_average),false
1788858815.623,46.728,1.414,-4.268,1.844,-37.897,1.417,-4.271,1.848,-37.892,0.003,-0.003,0.004,0.006,9,weighted_average,kalman(weighted_average),false
1788858815.678,46.783,1.398,-4.267,1.861,-38.103,1.402,-4.266,1.855,-38.018,0.005,0.001,-0.007,0.008,9,weighted_average,kalman(weighted_average),false
1788858815.726,46.831,1.408,-4.253,1.858,-37.899,1.403,-4.256,1.857,-37.974,-0.005,-0.003,-0.001,0.006,9,weighted_average,kalman(weighted_average),false
1788858815.778,46.884,1.422,-4.235,1.854,-37.625,1.412,-4.240,1.856,-37.795,-0.009,-0.005,0.001,0.011,9,weighted_average,kalman(weighted_average),false
1788858815.826,46.931,1.405,-4.244,1.886,-37.928,1.409,-4.238,1.873,-37.838,0.004,0.006,-0.012,0.014,9,weighted_average,kalman(weighted_average),false
1788858815.921,47.026,1.408,-4.224,1.855,-37.730,1.408,-4.224,1.863,-37.754,-0.000,-0.000,0.008,0.008,9,weighted_average,kalman(weighted_average),false
1788858815.965,47.070,1.426,-4.207,1.849,-37.455,1.419,-4.211,1.853,-37.574,-0.007,-0.004,0.004,0.009,9,weighted_average,kalman(weighted_average),false
1788858816.017,47.122,1.405,-4.214,1.856,-37.741,1.412,-4.209,1.852,-37.622,0.007,0.005,-0.003,0.010,9,weighted_average,kalman(weighted_average),false
1788858816.066,47.171,1.392,-4.207,1.849,-37.813,1.400,-4.205,1.849,-37.703,0.008,0.002,0.000,0.008,9,weighted_average,kalman(weighted_average),false
1788858816.116,47.222,1.379,-4.207,1.872,-37.976,1.385,-4.204,1.861,-37.846,0.006,0.003,-0.011,0.013,9,weighted_average,kalman(weighted_average),false
1788858816.210,47.315,1.399,-4.182,1.850,-37.589,1.391,-4.186,1.854,-37.711,-0.008,-0.004,0.004,0.010,9,weighted_average,kalman(weighted_average),false
1788858816.257,47.362,1.388,-4.191,1.848,-37.810,1.389,-4.186,1.849,-37.754,0.001,0.005,0.001,0.005,9,weighted_average,kalman(weighted_average),false
1788858816.311,47.416,1.369,-4.192,1.843,-38.028,1.376,-4.188,1.844,-37.903,0.008,0.004,0.001,0.009,9,weighted_average,kalman(weighted_average),false
1788858816.358,47.464,1.384,-4.180,1.842,-37.787,1.379,-4.182,1.841,-37.866,-0.005,-0.003,-0.001,0.006,9,weighted_average,kalman(weighted_average),false
1788858816.409,47.514,1.370,-4.171,1.844,-37.864,1.372,-4.174,1.841,-37.875,0.003,-0.003,-0.003,0.005,9,weighted_average,kalman(weighted_average),false
1788858816.497,47.602,1.349,-4.173,1.837,-38.109,1.353,-4.171,1.837,-38.035,0.004,0.002,0.000,0.005,9,weighted_average,kalman(weighted_average),false
1788858816.549,47.654,1.369,-4.153,1.830,-37.727,1.360,-4.158,1.832,-37.885,-0.009,-0.005,0.002,0.010,9,weighted_average,kalman(weighted_average),false
1788858816.597,47.702,1.337,-4.164,1.858,-38.183,1.346,-4.159,1.847,-38.038,0.008,0.005,-0.012,0.015,9,weighted_average,kalman(weighted_average),false
1788858816.653,47.758,1.354,-4.149,1.844,-37.866,1.348,-4.151,1.847,-37.968,-0.006,-0.002,0.003,0.008,9,weighted_average,kalman(weighted_average),false
1788858816.701,47.806,1.327,-4.157,1.860,-38.247,1.334,-4.153,1.856,-38.113,0.007,0.005,-0.005,0.010,9,weighted_average,kalman(weighted_average),false
1788858816.794,47.900,1.341,-4.142,1.844,-37.975,1.336,-4.143,1.849,-38.057,-0.005,-0.001,0.005,0.008,9,weighted_average,kalman(weighted_average),false
1788858816.849,47.955,1.337,-4.130,1.861,-37.916,1.336,-4.133,1.857,-37.972,-0.001,-0.003,-0.005,0.005,9,weighted_average,kalman(weighted_average),false
1788858816.893,47.998,1.322,-4.137,1.862,-38.133,1.328,-4.132,1.861,-38.044,0.006,0.004,-0.001,0.007,9,weighted_average,kalman(weighted_average),false
1788858816.946,48.052,1.328,-4.129,1.848,-38.008,1.326,-4.129,1.855,-38.027,-0.002,0.001,0.006,0.007,9,weighted_average,kalman(weighted_average),false
1788858816.993,48.098,1.307,-4.136,1.872,-38.291,1.314,-4.132,1.864,-38.159,0.007,0.005,-0.007,0.011,9,weighted_average,kalman(weighted_average),false
1788858817.083,48.189,1.307,-4.132,1.841,-38.262,1.306,-4.132,1.849,-38.254,-0.001,0.001,0.008,0.008,9,weighted_average,kalman(weighted_average),false
1788858817.133,48.238,1.323,-4.113,1.865,-37.934,1.315,-4.119,1.857,-38.093,-0.008,-0.007,-0.008,0.013,9,weighted_average,kalman(weighted_average),false
1788858817.193,48.299,1.312,-4.109,1.864,-37.978,1.314,-4.110,1.862,-38.014,0.002,-0.001,-0.002,0.003,9,weighted_average,kalman(weighted_average),false
1788858817.235,48.341,1.307,-4.112,1.854,-38.058,1.310,-4.109,1.858,-38.019,0.003,0.003,0.004,0.006,9,weighted_average,kalman(weighted_average),false
1788858817.286,48.391,1.324,-4.100,1.841,-37.774,1.318,-4.101,1.848,-37.880,-0.007,-0.002,0.007,0.010,9,weighted_average,kalman(weighted_average),false
1788858817.377,48.483,1.310,-4.105,1.855,-37.973,1.313,-4.101,1.851,-37.898,0.003,0.004,-0.004,0.006,9,weighted_average,kalman(weighted_average),false
1788858817.427,48.532,1.303,-4.106,1.849,-38.068,1.306,-4.104,1.850,-37.988,0.003,0.002,0.001,0.004,9,weighted_average,kalman(weighted_average),false
1788858817.480,48.586,1.291,-4.116,1.847,-38.283,1.295,-4.112,1.848,-38.160,0.004,0.004,0.001,0.006,9,weighted_average,kalman(weighted_average),false
1788858817.530,48.635,1.307,-4.108,1.857,-38.096,1.299,-4.111,1.853,-38.160,-0.007,-0.003,-0.004,0.009,9,weighted_average,kalman(weighted_average),false
1788858817.584,48.689,1.298,-4.101,1.870,-38.094,1.298,-4.106,1.864,-38.149,-0.000,-0.004,-0.006,0.007,9,weighted_average,kalman(weighted_average),false
1788858817.676,48.782,1.305,-4.100,1.849,-38.030,1.302,-4.101,1.855,-38.087,-0.003,-0.001,0.006,0.007,9,weighted_average,kalman(weighted_average),false
1788858817.726,48.831,1.311,-4.100,1.842,-37.994,1.308,-4.099,1.846,-38.029,-0.003,0.001,0.004,0.005,9,weighted_average,kalman(weighted_average),false
1788858817.781,48.886,1.306,-4.099,1.852,-38.044,1.308,-4.098,1.847,-38.023,0.002,0.001,-0.005,0.005,9,weighted_average,kalman(weighted_average),false
1788858817.836,48.941,1.296,-4.100,1.883,-38.188,1.301,-4.099,1.869,-38.104,0.005,0.001,-0.014,0.015,9,weighted_average,kalman(weighted_average),false
1788858817.889,48.994,1.313,-4.098,1.855,-38.006,1.307,-4.098,1.863,-38.059,-0.005,-0.000,0.009,0.010,9,weighted_average,kalman(weighted_average),false
1788858817.979,49.084,1.317,-4.089,1.861,-37.896,1.315,-4.091,1.862,-37.950,-0.002,-0.002,0.002,0.003,9,weighted_average,kalman(weighted_average),false
1788858818.026,49.131,1.307,-4.097,1.841,-38.063,1.311,-4.094,1.849,-37.997,0.004,0.003,0.008,0.009,9,weighted_average,kalman(weighted_average),false
1788858818.081,49.186,1.309,-4.099,1.865,-38.113,1.310,-4.097,1.857,-38.056,0.001,0.002,-0.009,0.009,9,weighted_average,kalman(weighted_average),false
1788858818.127,49.232,1.303,-4.098,1.878,-38.156,1.305,-4.098,1.870,-38.114,0.003,0.000,-0.009,0.009,9,weighted_average,kalman(weighted_average),false
1788858818.185,49.291,1.319,-4.088,1.876,-37.911,1.313,-4.092,1.876,-38.021,-0.006,-0.004,0.000,0.007,9,weighted_average,kalman(weighted_average),false
1788858818.285,49.391,1.306,-4.106,1.882,-38.235,1.308,-4.102,1.883,-38.159,0.003,0.004,0.001,0.005,9,weighted_average,kalman(weighted_average),false
1788858818.331,49.437,1.314,-4.102,1.850,-38.140,1.311,-4.103,1.863,-38.165,-0.002,-0.001,0.013,0.013,9,weighted_average,kalman(weighted_average),false
1788858818.384,49.490,1.315,-4.099,1.858,-38.133,1.314,-4.102,1.857,-38.162,-0.001,-0.003,-0.001,0.003,9,weighted_average,kalman(weighted_average),false
1788858818.434,49.539,1.320,-4.099,1.863,-38.100,1.318,-4.101,1.858,-38.138,-0.002,-0.002,-0.004,0.005,9,weighted_average,kalman(weighted_average),false
1788858818.490,49.595,1.329,-4.093,1.858,-37.963,1.326,-4.096,1.857,-38.046,-0.003,-0.003,-0.001,0.005,9,weighted_average,kalman(weighted_average),false
1788858818.589,49.695,1.321,-4.107,1.874,-38.263,1.324,-4.103,1.870,-38.176,0.003,0.003,-0.005,0.007,9,weighted_average,kalman(weighted_average),false
1788858818.641,49.746,1.337,-4.094,1.875,-38.022,1.333,-4.098,1.875,-38.100,-0.004,-0.004,0.000,0.006,9,weighted_average,kalman(weighted_average),false
1788858818.691,49.796,1.331,-4.098,1.871,-38.133,1.333,-4.098,1.874,-38.116,0.002,0.000,0.003,0.004,9,weighted_average,kalman(weighted_average),false
1788858818.744,49.849,1.335,-4.092,1.885,-38.073,1.335,-4.094,1.882,-38.095,-0.000,-0.002,-0.003,0.004,9,weighted_average,kalman(weighted_average),false
1788858818.793,49.898,1.337,-4.095,1.865,-38.104,1.337,-4.094,1.873,-38.097,0.000,0.001,0.009,0.009,9,weighted_average,kalman(weighted_average),false
1788858818.882,49.987,1.347,-4.094,1.864,-38.057,1.345,-4.094,1.866,-38.069,-0.002,0.001,0.002,0.003,9,weighted_average,kalman(weighted_average),false
1788858818.934,50.039,1.345,-4.101,1.874,-38.199,1.347,-4.098,1.870,-38.139,0.001,0.003,-0.004,0.005,9,weighted_average,kalman(weighted_average),false
1788858818.984,50.089,1.354,-4.091,1.880,-38.033,1.352,-4.094,1.876,-38.090,-0.002,-0.003,-0.004,0.005,9,weighted_average,kalman(weighted_average),false
1788858819.041,50.146,1.343,-4.098,1.901,-38.237,1.348,-4.097,1.893,-38.167,0.005,0.002,-0.008,0.010,9,weighted_average,kalman(weighted_average),false
1788858819.083,50.188,1.354,-4.097,1.875,-38.136,1.352,-4.097,1.886,-38.162,-0.002,-0.000,0.011,0.011,9,weighted_average,kalman(weighted_average),false
1788858819.176,50.281,1.360,-4.098,1.876,-38.108,1.359,-4.098,1.879,-38.137,-0.001,0.000,0.004,0.004,9,weighted_average,kalman(weighted_average),false
1788858819.222,50.327,1.354,-4.103,1.888,-38.216,1.357,-4.101,1.884,-38.179,0.003,0.002,-0.004,0.005,9,weighted_average,kalman(weighted_average),false
1788858819.279,50.384,1.363,-4.102,1.882,-38.132,1.362,-4.103,1.883,-38.159,-0.002,-0.000,0.001,0.002,9,weighted_average,kalman(weighted_average),false
1788858819.326,50.432,1.369,-4.101,1.872,-38.057,1.367,-4.102,1.876,-38.106,-0.002,-0.001,0.005,0.005,9,weighted_average,kalman(weighted_average),false
1788858819.378,50.483,1.385,-4.099,1.874,-37.890,1.379,-4.100,1.874,-37.984,-0.005,-0.001,-0.000,0.006,9,weighted_average,kalman(weighted_average),false
1788858819.470,50.575,1.368,-4.118,1.863,-38.221,1.375,-4.113,1.864,-38.104,0.006,0.005,0.001,0.008,9,weighted_average,kalman(weighted_average),false
1788858819.521,50.626,1.371,-4.117,1.859,-38.168,1.372,-4.118,1.859,-38.151,0.001,-0.001,0.000,0.001,9,weighted_average,kalman(weighted_average),false
1788858819.570,50.675,1.387,-4.104,1.849,-37.848,1.381,-4.111,1.851,-38.002,-0.006,-0.007,0.002,0.010,9,weighted_average,kalman(weighted_average),false
1788858819.625,50.730,1.378,-4.107,1.880,-37.942,1.380,-4.109,1.866,-37.953,0.002,-0.002,-0.013,0.014,9,weighted_average,kalman(weighted_average),false
1788858819.672,50.777,1.382,-4.108,1.885,-37.891,1.382,-4.108,1.878,-37.904,-0.000,0.000,-0.006,0.006,9,weighted_average,kalman(weighted_average),false
1788858819.765,50.871,1.386,-4.111,1.882,-37.857,1.386,-4.110,1.885,-37.846,-0.000,0.001,0.002,0.003,9,weighted_average,kalman(weighted_average),false
1788858819.813,50.918,1.402,-4.115,1.860,-37.724,1.397,-4.113,1.870,-37.763,-0.005,0.002,0.010,0.012,9,weighted_average,kalman(weighted_average),false
1788858819.862,50.967,1.369,-4.135,1.876,-38.184,1.382,-4.127,1.872,-37.964,0.013,0.008,-0.004,0.016,9,weighted_average,kalman(weighted_average),false
1788858819.913,51.019,1.368,-4.139,1.867,-38.197,1.372,-4.137,1.868,-38.105,0.004,0.001,0.002,0.005,9,weighted_average,kalman(weighted_average),false
1788858819.966,51.071,1.365,-4.141,1.886,-38.245,1.365,-4.143,1.878,-38.214,0.000,-0.002,-0.008,0.008,9,weighted_average,kalman(weighted_average),false
1788858820.059,51.164,1.380,-4.139,1.864,-37.998,1.373,-4.143,1.868,-38.126,-0.006,-0.004,0.005,0.009,9,weighted_average,kalman(weighted_average),false
1788858820.110,51.215,1.364,-4.149,1.875,-38.183,1.368,-4.147,1.872,-38.159,0.004,0.002,-0.004,0.006,9,weighted_average,kalman(weighted_average),false
1788858820.162,51.268,1.362,-4.157,1.892,-38.267,1.364,-4.155,1.885,-38.224,0.002,0.003,-0.008,0.009,9,weighted_average,kalman(weighted_average),false
1788858820.218,51.324,1.364,-4.155,1.865,-38.143,1.363,-4.157,1.874,-38.194,-0.001,-0.002,0.009,0.010,9,weighted_average,kalman(weighted_average),false
1788858820.267,51.372,1.362,-4.170,1.853,-38.301,1.362,-4.166,1.861,-38.253,0.000,0.004,0.008,0.009,9,weighted_average,kalman(weighted_average),false
1788858820.357,51.462,1.366,-4.165,1.862,-38.115,1.364,-4.168,1.858,-38.180,-0.002,-0.003,-0.004,0.005,9,weighted_average,kalman(weighted_average),false
1788858820.404,51.509,1.369,-4.158,1.874,-37.944,1.367,-4.162,1.868,-38.042,-0.001,-0.005,-0.007,0.008,9,weighted_average,kalman(weighted_average),false
1788858820.456,51.561,1.355,-4.173,1.882,-38.205,1.360,-4.168,1.877,-38.102,0.006,0.005,-0.004,0.008,9,weighted_average,kalman(weighted_average),false
1788858820.504,51.609,1.355,-4.184,1.835,-38.228,1.356,-4.179,1.854,-38.160,0.001,0.006,0.019,0.020,9,weighted_average,kalman(weighted_average),false
1788858820.557,51.662,1.356,-4.187,1.829,-38.219,1.355,-4.186,1.837,-38.195,-0.001,0.001,0.007,0.007,9,weighted_average,kalman(weighted_average),false
1788858820.649,51.754,1.356,-4.179,1.866,-38.045,1.355,-4.184,1.853,-38.109,-0.001,-0.005,-0.012,0.013,9,weighted_average,kalman(weighted_average),false
1788858820.696,51.801,1.368,-4.172,1.872,-37.847,1.363,-4.176,1.867,-37.952,-0.005,-0.004,-0.005,0.008,9,weighted_average,kalman(weighted_average),false
1788858820.752,51.857,1.369,-4.181,1.839,-37.870,1.368,-4.178,1.853,-37.871,-0.001,0.003,0.014,0.014,9,weighted_average,kalman(weighted_average),false
1788858820.796,51.901,1.365,-4.185,1.856,-37.905,1.368,-4.182,1.854,-37.857,0.003,0.003,-0.002,0.005,9,weighted_average,kalman(weighted_average),false
1788858820.851,51.957,1.363,-4.190,1.841,-37.954,1.366,-4.188,1.846,-37.880,0.003,0.003,0.005,0.006,9,weighted_average,kalman(weighted_average),false
1788858820.943,52.048,1.361,-4.182,1.874,-37.824,1.362,-4.185,1.865,-37.827,0.001,-0.003,-0.009,0.009,9,weighted_average,kalman(weighted_average),false
1788858820.994,52.099,1.344,-4.204,1.839,-38.171,1.350,-4.197,1.851,-38.014,0.006,0.007,0.012,0.015,9,weighted_average,kalman(weighted_average),false
1788858821.048,52.153,1.343,-4.204,1.867,-38.153,1.343,-4.204,1.860,-38.114,0.000,0.001,-0.007,0.007,9,weighted_average,kalman(weighted_average),false
1788858821.095,52.200,1.336,-4.210,1.837,-38.224,1.336,-4.210,1.847,-38.201,0.000,0.000,0.010,0.010,9,weighted_average,kalman(weighted_average),false
1788858821.146,52.252,1.354,-4.202,1.842,-37.939,1.344,-4.208,1.842,-38.101,-0.010,-0.005,0.001,0.011,9,weighted_average,kalman(weighted_average),false
1788858821.239,52.344,1.339,-4.212,1.859,-38.115,1.340,-4.212,1.853,-38.119,0.001,-0.000,-0.006,0.006,9,weighted_average,kalman(weighted_average),false
1788858821.287,52.393,1.336,-4.214,1.841,-38.152,1.337,-4.214,1.847,-38.142,0.001,0.000,0.006,0.006,9,weighted_average,kalman(weighted_average),false
1788858821.336,52.441,1.339,-4.209,1.866,-38.011,1.337,-4.212,1.858,-38.079,-0.002,-0.003,-0.008,0.009,9,weighted_average,kalman(weighted_average),false
1788858821.386,52.492,1.338,-4.213,1.827,-38.051,1.337,-4.213,1.841,-38.058,-0.001,0.000,0.014,0.014,9,weighted_average,kalman(weighted_average),false
1788858821.441,52.546,1.333,-4.220,1.851,-38.156,1.334,-4.217,1.845,-38.102,0.001,0.002,-0.006,0.006,9,weighted_average,kalman(weighted_average),false
1788858821.525,52.631,1.353,-4.208,1.862,-37.802,1.347,-4.211,1.857,-37.916,-0.006,-0.004,-0.005,0.009,9,weighted_average,kalman(weighted_average),false
1788858821.582,52.687,1.335,-4.225,1.838,-38.118,1.341,-4.220,1.846,-38.005,0.006,0.005,0.008,0.012,9,weighted_average,kalman(weighted_average),false
1788858821.629,52.734,1.343,-4.223,1.819,-38.001,1.343,-4.223,1.829,-38.000,-0.001,0.000,0.010,0.010,9,weighted_average,kalman(weighted_average),false
1788858821.681,52.787,1.332,-4.228,1.848,-38.129,1.337,-4.227,1.837,-38.065,0.004,0.001,-0.011,0.012,9,weighted_average,kalman(weighted_average),false
1788858821.729,52.834,1.343,-4.227,1.822,-37.987,1.339,-4.229,1.828,-38.034,-0.004,-0.001,0.006,0.007,9,weighted_average,kalman(weighted_average),false
1788858821.820,52.925,1.343,-4.225,1.840,-37.939,1.342,-4.227,1.835,-37.974,-0.001,-0.002,-0.006,0.006,9,weighted_average,kalman(weighted_average),false
1788858821.874,52.980,1.345,-4.240,1.814,-38.066,1.344,-4.236,1.822,-38.018,-0.001,0.004,0.008,0.009,9,weighted_average,kalman(weighted_average),false
1788858821.921,53.027,1.327,-4.245,1.843,-38.298,1.335,-4.243,1.833,-38.169,0.007,0.002,-0.010,0.013,9,weighted_average,kalman(weighted_average),false
1788858821.986,53.091,1.343,-4.240,1.836,-38.110,1.338,-4.243,1.836,-38.166,-0.004,-0.003,-0.000,0.005,9,weighted_average,kalman(weighted_average),false
1788858822.029,53.134,1.345,-4.239,1.826,-38.041,1.342,-4.242,1.831,-38.114,-0.003,-0.003,0.005,0.006,9,weighted_average,kalman(weighted_average),false
1788858822.117,53.222,1.352,-4.236,1.855,-37.986,1.350,-4.238,1.848,-38.033,-0.002,-0.002,-0.007,0.007,9,weighted_average,kalman(weighted_average),false
1788858822.170,53.275,1.344,-4.241,1.842,-38.114,1.348,-4.240,1.847,-38.068,0.003,0.002,0.004,0.006,9,weighted_average,kalman(weighted_average),false
1788858822.226,53.331,1.340,-4.247,1.839,-38.202,1.343,-4.244,1.843,-38.140,0.003,0.003,0.004,0.006,9,weighted_average,kalman(weighted_average),false
1788858822.269,53.374,1.337,-4.249,1.859,-38.282,1.339,-4.248,1.852,-38.222,0.002,0.001,-0.006,0.007,9,weighted_average,kalman(weighted_average),false
1788858822.319,53.424,1.342,-4.243,1.846,-38.161,1.339,-4.246,1.850,-38.212,-0.003,-0.003,0.004,0.006,9,weighted_average,kalman(weighted_average),false
1788858822.419,53.524,1.360,-4.239,1.832,-37.964,1.354,-4.241,1.837,-38.061,-0.005,-0.002,0.005,0.007,9,weighted_average,kalman(weighted_average),false
1788858822.478,53.584,1.353,-4.248,1.825,-38.115,1.356,-4.245,1.827,-38.073,0.003,0.003,0.001,0.004,9,weighted_average,kalman(weighted_average),false
1788858822.526,53.632,1.363,-4.242,1.818,-37.968,1.361,-4.243,1.819,-38.006,-0.001,-0.001,0.001,0.002,9,weighted_average,kalman(weighted_average),false
1788858822.575,53.680,1.355,-4.247,1.845,-38.138,1.359,-4.246,1.831,-38.057,0.005,0.002,-0.013,0.014,9,weighted_average,kalman(weighted_average),false
1788858822.627,53.732,1.340,-4.254,1.867,-38.345,1.348,-4.251,1.853,-38.204,0.008,0.003,-0.014,0.016,9,weighted_average,kalman(weighted_average),false
1788858822.722,53.827,1.362,-4.244,1.874,-38.076,1.357,-4.247,1.873,-38.149,-0.005,-0.003,-0.000,0.006,9,weighted_average,kalman(weighted_average),false
1788858822.772,53.877,1.383,-4.230,1.857,-37.756,1.375,-4.235,1.866,-37.920,-0.008,-0.006,0.009,0.014,9,weighted_average,kalman(weighted_average),false
1788858822.822,53.927,1.368,-4.242,1.872,-38.035,1.374,-4.237,1.871,-37.944,0.006,0.005,-0.001,0.008,9,weighted_average,kalman(weighted_average),false
1788858822.875,53.981,1.378,-4.231,1.860,-37.814,1.379,-4.232,1.866,-37.852,0.001,-0.001,0.006,0.006,9,weighted_average,kalman(weighted_average),false
1788858822.923,54.028,1.353,-4.260,1.833,-38.352,1.365,-4.247,1.846,-38.081,0.012,0.013,0.013,0.022,9,weighted_average,kalman(weighted_average),false
1788858823.019,54.124,1.376,-4.242,1.854,-37.991,1.372,-4.245,1.848,-38.047,-0.004,-0.003,-0.006,0.008,9,weighted_average,kalman(weighted_average),false
1788858823.063,54.168,1.371,-4.242,1.881,-38.035,1.372,-4.243,1.869,-38.041,0.001,-0.001,-0.012,0.012,9,weighted_average,kalman(weighted_average),false
1788858823.119,54.224,1.372,-4.257,1.839,-38.206,1.372,-4.251,1.853,-38.132,0.001,0.005,0.014,0.015,9,weighted_average,kalman(weighted_average),false
1788858823.166,54.272,1.377,-4.248,1.876,-38.085,1.376,-4.250,1.866,-38.121,-0.001,-0.003,-0.010,0.010,9,weighted_average,kalman(weighted_average),false
1788858823.218,54.324,1.365,-4.251,1.868,-38.210,1.370,-4.252,1.869,-38.176,0.005,-0.000,0.001,0.005,9,weighted_average,kalman(weighted_average),false
1788858823.311,54.416,1.378,-4.243,1.859,-38.010,1.375,-4.246,1.863,-38.087,-0.003,-0.003,0.004,0.006,9,weighted_average,kalman(weighted_average),false
1788858823.357,54.462,1.354,-4.261,1.838,-38.420,1.362,-4.255,1.846,-38.265,0.009,0.006,0.009,0.014,9,weighted_average,kalman(weighted_average),false
1788858823.407,54.512,1.375,-4.237,1.858,-37.998,1.368,-4.245,1.850,-38.145,-0.007,-0.008,-0.008,0.013,9,weighted_average,kalman(weighted_average),false
1788858823.457,54.562,1.380,-4.242,1.846,-37.991,1.375,-4.242,1.847,-38.060,-0.005,-0.000,0.000,0.005,9,weighted_average,kalman(weighted_average),false
1788858823.507,54.612,1.373,-4.245,1.863,-38.114,1.375,-4.242,1.855,-38.070,0.002,0.002,-0.008,0.008,9,weighted_average,kalman(weighted_average),false
1788858823.598,54.703,1.373,-4.241,1.889,-38.110,1.375,-4.241,1.881,-38.083,0.001,0.000,-0.008,0.008,9,weighted_average,kalman(weighted_average),false
1788858823.649,54.754,1.363,-4.244,1.884,-38.253,1.367,-4.243,1.887,-38.179,0.004,0.002,0.003,0.005,9,weighted_average,kalman(weighted_average),false
1788858823.696,54.801,1.365,-4.240,1.882,-38.169,1.365,-4.241,1.887,-38.188,-0.000,-0.001,0.006,0.006,9,weighted_average,kalman(weighted_average),false
1788858823.749,54.855,1.363,-4.240,1.880,-38.178,1.363,-4.240,1.885,-38.195,-0.000,-0.000,0.005,0.005,9,weighted_average,kalman(weighted_average),false
1788858823.796,54.901,1.372,-4.230,1.890,-38.020,1.367,-4.234,1.888,-38.114,-0.005,-0.004,-0.001,0.006,9,weighted_average,kalman(weighted_average),false
1788858823.885,54.990,1.369,-4.227,1.898,-38.026,1.369,-4.227,1.897,-38.047,-0.000,-0.000,-0.001,0.001,9,weighted_average,kalman(weighted_average),false
1788858823.934,55.040,1.363,-4.231,1.888,-38.141,1.365,-4.228,1.893,-38.087,0.002,0.003,0.005,0.006,9,weighted_average,kalman(weighted_average),false
1788858823.993,55.099,1.368,-4.227,1.890,-38.067,1.366,-4.227,1.891,-38.073,-0.001,0.000,0.001,0.002,9,weighted_average,kalman(weighted_average),false
1788858824.040,55.145,1.363,-4.226,1.886,-38.117,1.365,-4.226,1.888,-38.093,0.001,0.000,0.002,0.003,9,weighted_average,kalman(weighted_average),false
1788858824.089,55.194,1.362,-4.235,1.862,-38.225,1.362,-4.231,1.872,-38.161,0.001,0.004,0.010,0.011,9,weighted_average,kalman(weighted_average),false
1788858824.177,55.283,1.354,-4.231,1.884,-38.250,1.355,-4.232,1.877,-38.234,0.002,-0.001,-0.007,0.007,9,weighted_average,kalman(weighted_average),false
1788858824.230,55.335,1.348,-4.239,1.886,-38.414,1.349,-4.237,1.883,-38.353,0.001,0.002,-0.003,0.004,9,weighted_average,kalman(weighted_average),false
1788858824.283,55.388,1.356,-4.232,1.892,-38.267,1.352,-4.235,1.889,-38.336,-0.004,-0.003,-0.002,0.006,9,weighted_average,kalman(weighted_average),false
1788858824.327,55.433,1.354,-4.223,1.902,-38.220,1.353,-4.228,1.898,-38.292,-0.002,-0.005,-0.004,0.006,9,weighted_average,kalman(weighted_average),false
1788858824.381,55.487,1.371,-4.214,1.893,-37.972,1.364,-4.219,1.898,-38.129,-0.008,-0.004,0.005,0.010,9,weighted_average,kalman(weighted_average),false
1788858824.492,55.597,1.365,-4.215,1.876,-38.042,1.367,-4.213,1.882,-38.034,0.002,0.001,0.006,0.006,9,weighted_average,kalman(weighted_average),false
1788858824.534,55.640,1.360,-4.217,1.878,-38.113,1.363,-4.215,1.877,-38.063,0.003,0.002,-0.001,0.004,9,weighted_average,kalman(weighted_average),false
1788858824.586,55.691,1.361,-4.214,1.891,-38.090,1.362,-4.214,1.883,-38.068,0.000,0.000,-0.008,0.008,9,weighted_average,kalman(weighted_average),false
1788858824.633,55.738,1.352,-4.221,1.888,-38.262,1.356,-4.218,1.886,-38.164,0.004,0.003,-0.002,0.005,9,weighted_average,kalman(weighted_average),false
1788858824.684,55.790,1.373,-4.203,1.890,-37.885,1.365,-4.210,1.889,-38.032,-0.009,-0.006,-0.002,0.011,9,weighted_average,kalman(weighted_average),false
1788858824.776,55.881,1.347,-4.219,1.879,-38.308,1.352,-4.215,1.883,-38.193,0.006,0.004,0.003,0.007,9,weighted_average,kalman(weighted_average),false
1788858824.829,55.934,1.355,-4.208,1.896,-38.125,1.353,-4.211,1.891,-38.174,-0.003,-0.003,-0.006,0.007,9,weighted_average,kalman(weighted_average),false
1788858824.879,55.984,1.376,-4.196,1.889,-37.839,1.366,-4.201,1.891,-38.002,-0.010,-0.006,0.002,0.011,9,weighted_average,kalman(weighted_average),false
1788858824.926,56.031,1.360,-4.211,1.868,-38.145,1.364,-4.205,1.878,-38.054,0.004,0.006,0.010,0.012,9,weighted_average,kalman(weighted_average),false
1788858824.980,56.086,1.350,-4.210,1.894,-38.228,1.356,-4.208,1.886,-38.139,0.006,0.002,-0.009,0.011,9,weighted_average,kalman(weighted_average),false
1788858825.072,56.177,1.346,-4.210,1.901,-38.264,1.348,-4.210,1.898,-38.235,0.001,0.000,-0.003,0.004,9,weighted_average,kalman(weighted_average),false
1788858825.125,56.230,1.354,-4.203,1.916,-38.132,1.350,-4.206,1.912,-38.193,-0.003,-0.003,-0.004,0.006,9,weighted_average,kalman(weighted_average),false
1788858825.178,56.283,1.369,-4.202,1.881,-37.976,1.362,-4.203,1.896,-38.078,-0.007,-0.001,0.015,0.017,9,weighted_average,kalman(weighted_average),false
1788858825.224,56.329,1.368,-4.201,1.890,-37.986,1.367,-4.201,1.892,-38.016,-0.001,0.000,0.002,0.002,9,weighted_average,kalman(weighted_average),false
1788858825.277,56.383,1.353,-4.200,1.913,-38.095,1.361,-4.200,1.904,-38.034,0.007,0.001,-0.010,0.012,9,weighted_average,kalman(weighted_average),false
1788858825.377,56.482,1.368,-4.200,1.904,-37.958,1.366,-4.200,1.906,-37.969,-0.002,0.001,0.001,0.002,9,weighted_average,kalman(weighted_average),false
1788858825.426,56.531,1.361,-4.215,1.930,-38.337,1.364,-4.209,1.922,-38.170,0.003,0.005,-0.008,0.010,9,weighted_average,kalman(weighted_average),false
1788858825.478,56.584,1.341,-4.236,1.865,-38.986,1.350,-4.228,1.889,-38.646,0.008,0.008,0.024,0.027,9,weighted_average,kalman(weighted_average),false
1788858825.529,56.634,1.344,-4.238,1.909,-39.679,1.344,-4.238,1.897,-39.289,-0.000,-0.000,-0.012,0.012,9,weighted_average,kalman(weighted_average),false
1788858825.584,56.689,1.349,-4.224,1.917,-39.859,1.344,-4.234,1.909,-39.778,-0.005,-0.010,-0.009,0.014,9,weighted_average,kalman(weighted_average),false
1788858825.690,56.795,1.347,-4.239,1.887,-41.126,1.345,-4.240,1.893,-40.971,-0.002,-0.000,0.006,0.006,9,weighted_average,kalman(weighted_average),false
1788858825.741,56.847,1.349,-4.235,1.885,-41.424,1.348,-4.238,1.886,-41.455,-0.001,-0.002,0.000,0.003,9,weighted_average,kalman(weighted_average),false
1788858825.794,56.899,1.335,-4.235,1.907,-42.319,1.340,-4.237,1.897,-42.171,0.005,-0.001,-0.010,0.012,9,weighted_average,kalman(weighted_average),false
1788858825.847,56.953,1.327,-4.246,1.922,-43.235,1.331,-4.242,1.913,-43.027,0.004,0.003,-0.009,0.010,9,weighted_average,kalman(weighted_average),false
1788858825.954,57.059,1.338,-4.239,1.882,-44.054,1.334,-4.240,1.891,-44.160,-0.004,-0.002,0.009,0.010,9,weighted_average,kalman(weighted_average),false
1788858826.000,57.105,1.321,-4.236,1.912,-44.539,1.326,-4.238,1.902,-44.599,0.005,-0.001,-0.010,0.011,9,weighted_average,kalman(weighted_average),false
1788858826.056,57.161,1.322,-4.237,1.904,-45.154,1.322,-4.237,1.903,-45.175,0.000,0.001,-0.001,0.001,9,weighted_average,kalman(weighted_average),false
1788858826.100,57.205,1.341,-4.210,1.907,-44.998,1.332,-4.221,1.906,-45.308,-0.009,-0.011,-0.002,0.014,9,weighted_average,kalman(weighted_average),false
1788858826.155,57.261,1.334,-4.214,1.912,-45.717,1.335,-4.213,1.910,-45.738,0.000,0.001,-0.002,0.002,9,weighted_average,kalman(weighted_average),false
1788858826.261,57.366,1.310,-4.217,1.918,-46.944,1.316,-4.213,1.917,-46.836,0.006,0.004,-0.000,0.007,9,weighted_average,kalman(weighted_average),false
1788858826.313,57.418,1.301,-4.217,1.893,-47.634,1.303,-4.215,1.902,-47.519,0.002,0.002,0.009,0.009,9,weighted_average,kalman(weighted_average),false
1788858826.364,57.469,1.325,-4.200,1.915,-47.606,1.313,-4.206,1.908,-47.816,-0.012,-0.006,-0.007,0.015,9,weighted_average,kalman(weighted_average),false
1788858826.414,57.519,1.308,-4.210,1.885,-48.474,1.310,-4.207,1.894,-48.380,0.001,0.003,0.009,0.010,9,weighted_average,kalman(weighted_average),false
1788858826.463,57.569,1.295,-4.211,1.910,-48.951,1.300,-4.209,1.901,-48.913,0.005,0.003,-0.009,0.011,9,weighted_average,kalman(weighted_average),false
1788858826.568,57.673,1.315,-4.186,1.903,-49.432,1.309,-4.191,1.902,-49.601,-0.006,-0.005,-0.001,0.007,9,weighted_average,kalman(weighted_average),false
1788858826.623,57.729,1.302,-4.187,1.905,-50.193,1.306,-4.185,1.904,-50.123,0.004,0.001,-0.001,0.004,9,weighted_average,kalman(weighted_average),false
1788858826.670,57.775,1.289,-4.178,1.898,-50.874,1.295,-4.179,1.901,-50.706,0.007,-0.000,0.003,0.007,9,weighted_average,kalman(weighted_average),false
1788858826.722,57.827,1.292,-4.178,1.905,-51.190,1.292,-4.176,1.903,-51.201,-0.001,0.002,-0.002,0.003,9,weighted_average,kalman(weighted_average),false
1788858826.770,57.875,1.283,-4.178,1.905,-51.613,1.285,-4.175,1.905,-51.636,0.002,0.003,-0.001,0.004,9,weighted_average,kalman(weighted_average),false
1788858826.882,57.987,1.270,-4.155,1.906,-52.801,1.270,-4.158,1.906,-52.769,0.001,-0.002,0.000,0.003,9,weighted_average,kalman(weighted_average),false
1788858826.930,58.035,1.263,-4.152,1.911,-53.169,1.263,-4.152,1.910,-53.202,0.001,0.001,-0.002,0.002,9,weighted_average,kalman(weighted_average),false
1788858826.981,58.086,1.260,-4.144,1.911,-53.793,1.259,-4.144,1.911,-53.748,-0.002,-0.000,0.000,0.002,9,weighted_average,kalman(weighted_average),false
1788858827.032,58.137,1.241,-4.160,1.901,-54.481,1.246,-4.151,1.906,-54.380,0.005,0.009,0.005,0.011,9,weighted_average,kalman(weighted_average),false
1788858827.149,58.255,1.206,-4.156,1.943,-56.220,1.209,-4.155,1.936,-56.071,0.003,0.001,-0.007,0.008,9,weighted_average,kalman(weighted_average),false
1788858827.198,58.303,1.218,-4.146,1.909,-56.280,1.210,-4.150,1.922,-56.463,-0.008,-0.003,0.013,0.016,9,weighted_average,kalman(weighted_average),false
1788858827.250,58.356,1.195,-4.147,1.941,-57.166,1.197,-4.148,1.934,-57.131,0.002,-0.000,-0.007,0.007,9,weighted_average,kalman(weighted_average),false
1788858827.300,58.405,1.183,-4.153,1.951,-57.671,1.185,-4.150,1.947,-57.699,0.002,0.003,-0.004,0.005,9,weighted_average,kalman(weighted_average),false
1788858827.407,58.512,1.151,-4.254,1.842,-59.286,1.153,-4.233,1.867,-59.194,0.002,0.021,0.025,0.032,10,weighted_average,kalman(weighted_average),false
1788858827.457,58.563,1.140,-4.286,1.834,-60.066,1.139,-4.281,1.834,-59.988,-0.000,0.006,-0.000,0.006,10,weighted_average,kalman(weighted_average),false
1788858827.506,58.611,1.131,-4.255,1.844,-60.494,1.129,-4.280,1.828,-60.576,-0.002,-0.025,-0.016,0.030,10,weighted_average,kalman(weighted_average),false
1788858827.557,58.663,1.132,-4.239,1.824,-60.668,1.126,-4.264,1.817,-60.952,-0.006,-0.025,-0.007,0.027,10,weighted_average,kalman(weighted_average),false
1788858827.668,58.773,1.093,-4.257,1.864,-62.179,1.096,-4.260,1.848,-62.183,0.003,-0.004,-0.016,0.017,10,weighted_average,kalman(weighted_average),false
1788858827.719,58.824,1.092,-4.254,1.851,-62.720,1.089,-4.256,1.854,-62.735,-0.003,-0.002,0.003,0.005,10,weighted_average,kalman(weighted_average),false
1788858827.766,58.871,1.083,-4.244,1.844,-62.976,1.081,-4.247,1.851,-63.104,-0.002,-0.003,0.008,0.008,10,weighted_average,kalman(weighted_average),false
1788858827.821,58.927,1.061,-4.241,1.906,-63.724,1.065,-4.241,1.887,-63.692,0.004,-0.000,-0.019,0.019,10,weighted_average,kalman(weighted_average),false
1788858827.936,59.041,1.035,-4.231,1.895,-64.717,1.036,-4.230,1.901,-64.756,0.000,0.000,0.006,0.006,10,weighted_average,kalman(weighted_average),false
1788858827.988,59.093,1.014,-4.249,1.829,-65.649,1.017,-4.242,1.854,-65.494,0.003,0.008,0.025,0.026,10,weighted_average,kalman(weighted_average),false
1788858828.038,59.143,1.020,-4.247,1.839,-65.851,1.013,-4.246,1.838,-65.939,-0.007,0.001,-0.000,0.007,10,weighted_average,kalman(weighted_average),false
1788858828.088,59.193,1.007,-4.246,1.838,-66.522,1.005,-4.247,1.831,-66.492,-0.001,-0.002,-0.006,0.007,10,weighted_average,kalman(weighted_average),false
1788858828.196,59.301,0.965,-4.248,1.848,-67.838,0.970,-4.249,1.840,-67.781,0.004,-0.001,-0.009,0.010,10,weighted_average,kalman(weighted_average),false
1788858828.249,59.355,0.962,-4.238,1.821,-68.012,0.959,-4.242,1.828,-68.166,-0.003,-0.004,0.007,0.009,10,weighted_average,kalman(weighted_average),false
1788858828.302,59.407,0.949,-4.238,1.859,-68.758,0.948,-4.238,1.846,-68.727,-0.001,-0.001,-0.013,0.013,10,weighted_average,kalman(weighted_average),false
1788858828.349,59.455,0.924,-4.233,1.869,-69.610,0.929,-4.234,1.862,-69.422,0.005,-0.001,-0.007,0.008,10,weighted_average,kalman(weighted_average),false
1788858828.452,59.557,0.903,-4.230,1.859,-70.688,0.901,-4.229,1.864,-70.667,-0.001,0.001,0.005,0.005,10,weighted_average,kalman(weighted_average),false
1788858828.502,59.607,0.875,-4.224,1.868,-71.537,0.879,-4.225,1.868,-71.425,0.004,-0.001,-0.001,0.005,10,weighted_average,kalman(weighted_average),false
1788858828.555,59.660,0.871,-4.244,1.844,-72.055,0.867,-4.236,1.853,-72.085,-0.004,0.008,0.010,0.013,10,weighted_average,kalman(weighted_average),false
1788858828.606,59.711,0.854,-4.223,1.868,-72.634,0.854,-4.229,1.860,-72.684,-0.001,-0.006,-0.007,0.010,10,weighted_average,kalman(weighted_average),false
1788858828.717,59.822,0.837,-4.211,1.855,-73.591,0.835,-4.214,1.856,-73.726,-0.003,-0.003,0.001,0.004,10,weighted_average,kalman(weighted_average),false
1788858828.769,59.875,0.828,-4.226,1.859,-74.143,0.827,-4.220,1.858,-74.186,-0.001,0.006,-0.002,0.006,10,weighted_average,kalman(weighted_average),false
1788858828.821,59.927,0.829,-4.208,1.833,-74.552,0.826,-4.212,1.842,-74.610,-0.004,-0.004,0.009,0.011,10,weighted_average,kalman(weighted_average),false
1788858828.873,59.979,0.813,-4.220,1.794,-75.130,0.816,-4.215,1.810,-75.107,0.003,0.004,0.015,0.016,10,weighted_average,kalman(weighted_average),false
1788858828.979,60.085,0.695,-4.308,1.871,-77.937,0.716,-4.289,1.851,-77.391,0.021,0.019,-0.020,0.035,11,weighted_average,kalman(weighted_average),false
1788858829.032,60.137,0.674,-4.309,1.873,-78.477,0.673,-4.313,1.871,-78.428,-0.001,-0.004,-0.002,0.005,11,weighted_average,kalman(weighted_average),false
1788858829.080,60.185,0.669,-4.297,1.870,-79.072,0.655,-4.313,1.877,-79.189,-0.014,-0.016,0.007,0.022,11,weighted_average,kalman(weighted_average),false
1788858829.131,60.236,0.668,-4.295,1.886,-79.412,0.650,-4.308,1.888,-79.735,-0.018,-0.014,0.001,0.023,11,weighted_average,kalman(weighted_average),false
1788858829.187,60.292,0.642,-4.289,1.874,-80.282,0.636,-4.299,1.884,-80.427,-0.005,-0.010,0.010,0.015,11,weighted_average,kalman(weighted_average),false
1788858829.293,60.399,0.614,-4.278,1.887,-81.459,0.611,-4.282,1.889,-81.595,-0.002,-0.004,0.001,0.005,11,weighted_average,kalman(weighted_average),false
1788858829.344,60.449,0.604,-4.272,1.884,-82.159,0.603,-4.273,1.887,-82.171,-0.002,-0.001,0.002,0.003,11,weighted_average,kalman(weighted_average),false
1788858829.395,60.501,0.599,-4.271,1.880,-82.503,0.596,-4.269,1.883,-82.624,-0.003,0.003,0.002,0.005,11,weighted_average,kalman(weighted_average),false
1788858829.453,60.558,-0.562,-4.732,1.919,-94.073,0.596,-4.269,1.883,-89.309,1.159,0.463,-0.037,1.248,12,weighted_average,kalman(weighted_average),true
1788858829.560,60.666,0.520,-3.813,1.849,-83.209,0.528,-3.861,1.852,-86.575,0.008,-0.049,0.004,0.049,0,weighted_average,kalman(weighted_average),false
1788858829.621,60.726,0.505,-3.798,1.842,-83.856,0.504,-3.770,1.842,-84.746,-0.001,0.029,-0.000,0.029,0,weighted_average,kalman(weighted_average),false
1788858829.673,60.778,0.397,-4.463,1.567,-86.494,0.504,-3.770,1.842,-85.391,0.107,0.693,0.275,0.753,12,weighted_average,kalman(weighted_average),true
1788858829.721,60.826,0.478,-3.780,1.840,-84.779,0.483,-3.778,1.840,-84.944,0.005,0.002,0.000,0.006,0,weighted_average,kalman(weighted_average),false
1788858829.826,60.932,0.462,-3.771,1.836,-85.142,0.463,-3.774,1.836,-84.869,0.001,-0.003,0.001,0.003,0,weighted_average,kalman(weighted_average),false
1788858829.879,60.984,0.443,-3.767,1.829,-85.343,0.446,-3.768,1.831,-85.105,0.003,-0.002,0.002,0.004,0,weighted_average,kalman(weighted_average),false
1788858829.929,61.034,0.448,-3.754,1.835,-85.262,0.443,-3.758,1.832,-85.197,-0.005,-0.004,-0.003,0.007,0,weighted_average,kalman(weighted_average),false
1788858829.981,61.086,0.235,-4.207,1.843,-87.531,0.443,-3.758,1.832,-86.472,0.208,0.449,-0.011,0.495,4,weighted_average,kalman(weighted_average),true
1788858830.088,61.193,0.411,-3.755,1.838,-85.977,0.415,-3.755,1.837,-86.419,0.004,-0.000,-0.001,0.004,0,weighted_average,kalman(weighted_average),false
1788858830.136,61.242,0.419,-3.740,1.838,-86.076,0.414,-3.745,1.839,-86.258,-0.004,-0.005,0.000,0.006,0,weighted_average,kalman(weighted_average),false
1788858830.199,61.304,0.387,-3.737,1.839,-86.657,0.394,-3.738,1.839,-86.499,0.006,-0.001,0.001,0.006,0,weighted_average,kalman(weighted_average),false
1788858830.249,61.354,0.393,-3.723,1.831,-86.764,0.389,-3.727,1.834,-86.685,-0.004,-0.003,0.003,0.006,0,weighted_average,kalman(weighted_average),false
1788858830.361,61.466,0.391,-3.712,1.824,-86.865,0.387,-3.712,1.826,-86.892,-0.004,0.001,0.001,0.004,0,weighted_average,kalman(weighted_average),false
1788858830.412,61.518,0.369,-3.716,1.833,-87.125,0.374,-3.712,1.830,-87.073,0.006,0.004,-0.004,0.008,0,weighted_average,kalman(weighted_average),false
1788858830.460,61.566,0.374,-3.704,1.824,-86.959,0.372,-3.706,1.826,-87.065,-0.002,-0.002,0.002,0.004,0,weighted_average,kalman(weighted_average),false
1788858830.509,61.615,0.347,-3.699,1.837,-87.229,0.355,-3.700,1.832,-87.189,0.008,-0.001,-0.005,0.010,0,weighted_average,kalman(weighted_average),false
1788858830.620,61.725,0.341,-3.688,1.843,-87.160,0.339,-3.688,1.842,-87.230,-0.001,0.000,-0.001,0.002,0,weighted_average,kalman(weighted_average),false
1788858830.677,61.783,0.323,-3.687,1.832,-87.271,0.326,-3.686,1.836,-87.271,0.002,0.002,0.004,0.005,0,weighted_average,kalman(weighted_average),false
1788858830.726,61.831,0.307,-3.676,1.829,-87.431,0.310,-3.678,1.832,-87.376,0.004,-0.002,0.003,0.005,0,weighted_average,kalman(weighted_average),false
1788858830.777,61.883,0.314,-3.667,1.840,-87.176,0.307,-3.669,1.836,-87.297,-0.006,-0.002,-0.004,0.008,0,weighted_average,kalman(weighted_average),false
1788858830.882,61.988,0.280,-3.660,1.840,-87.444,0.282,-3.659,1.840,-87.407,0.002,0.001,-0.001,0.003,0,weighted_average,kalman(weighted_average),false
1788858830.933,62.038,0.296,-3.660,1.826,-87.167,0.288,-3.658,1.831,-87.282,-0.009,0.002,0.005,0.010,0,weighted_average,kalman(weighted_average),false
1788858830.989,62.094,0.272,-3.646,1.839,-87.362,0.276,-3.649,1.835,-87.319,0.004,-0.003,-0.004,0.006,0,weighted_average,kalman(weighted_average),false
1788858831.039,62.145,0.261,-3.642,1.839,-87.373,0.264,-3.643,1.837,-87.349,0.003,-0.000,-0.001,0.003,0,weighted_average,kalman(weighted_average),false
1788858831.150,62.255,0.245,-3.630,1.831,-87.376,0.245,-3.630,1.832,-87.376,-0.000,0.000,0.002,0.002,0,weighted_average,kalman(weighted_average),false
1788858831.196,62.301,0.241,-3.628,1.838,-87.411,0.239,-3.627,1.836,-87.401,-0.001,0.001,-0.003,0.003,0,weighted_average,kalman(weighted_average),false
1788858831.249,62.354,0.231,-3.617,1.845,-87.474,0.231,-3.619,1.841,-87.450,-0.000,-0.001,-0.003,0.004,0,weighted_average,kalman(weighted_average),false
1788858831.299,62.404,0.241,-3.614,1.836,-87.203,0.234,-3.613,1.839,-87.331,-0.007,0.000,0.003,0.008,0,weighted_average,kalman(weighted_average),false
1788858831.348,62.453,0.210,-3.607,1.844,-87.500,0.219,-3.607,1.842,-87.407,0.009,-0.000,-0.002,0.009,0,weighted_average,kalman(weighted_average),false
1788858831.440,62.545,0.196,-3.597,1.839,-87.487,0.198,-3.597,1.840,-87.467,0.002,0.000,0.002,0.002,0,weighted_average,kalman(weighted_average),false
1788858831.490,62.596,0.184,-3.589,1.846,-87.579,0.185,-3.590,1.844,-87.542,0.001,-0.001,-0.002,0.002,0,weighted_average,kalman(weighted_average),false
1788858831.544,62.650,0.192,-3.580,1.843,-87.348,0.185,-3.581,1.844,-87.455,-0.007,-0.001,0.001,0.007,0,weighted_average,kalman(weighted_average),false
1788858831.593,62.698,0.190,-3.573,1.832,-87.350,0.186,-3.573,1.837,-87.398,-0.004,-0.000,0.005,0.007,0,weighted_average,kalman(weighted_average),false
1788858831.643,62.748,0.164,-3.570,1.845,-87.604,0.172,-3.568,1.841,-87.493,0.008,0.002,-0.004,0.009,0,weighted_average,kalman(weighted_average),false
1788858831.741,62.847,0.167,-3.558,1.838,-87.400,0.165,-3.558,1.839,-87.443,-0.003,0.001,0.001,0.003,0,weighted_average,kalman(weighted_average),false
1788858831.793,62.898,0.158,-3.556,1.840,-87.476,0.159,-3.554,1.839,-87.457,0.001,0.001,-0.001,0.002,0,weighted_average,kalman(weighted_average),false
1788858831.840,62.945,0.159,-3.550,1.838,-87.385,0.157,-3.550,1.839,-87.417,-0.002,-0.000,0.000,0.002,0,weighted_average,kalman(weighted_average),false
1788858831.892,62.997,0.154,-3.545,1.841,-87.403,0.154,-3.545,1.840,-87.402,-0.000,-0.000,-0.001,0.001,0,weighted_average,kalman(weighted_average),false
1788858831.948,63.053,0.136,-3.535,1.833,-87.559,0.141,-3.536,1.836,-87.479,0.005,-0.002,0.002,0.006,0,weighted_average,kalman(weighted_average),false
1788858832.056,63.161,0.127,-3.527,1.839,-87.577,0.127,-3.526,1.838,-87.559,-0.000,0.001,-0.001,0.002,0,weighted_average,kalman(weighted_average),false
1788858832.110,63.215,0.139,-3.516,1.832,-87.390,0.133,-3.518,1.834,-87.470,-0.006,-0.002,0.002,0.007,0,weighted_average,kalman(weighted_average),false
1788858832.159,63.264,0.127,-3.519,1.837,-87.509,0.129,-3.516,1.836,-87.487,0.002,0.003,-0.001,0.004,0,weighted_average,kalman(weighted_average),false
1788858832.222,63.327,0.118,-3.509,1.833,-87.547,0.121,-3.510,1.834,-87.521,0.003,-0.001,0.001,0.003,0,weighted_average,kalman(weighted_average),false
1788858832.324,63.429,0.121,-3.495,1.833,-87.418,0.119,-3.496,1.833,-87.454,-0.002,-0.001,-0.000,0.002,0,weighted_average,kalman(weighted_average),false
1788858832.380,63.486,0.116,-3.492,1.823,-87.435,0.116,-3.491,1.826,-87.434,0.000,0.001,0.003,0.003,0,weighted_average,kalman(weighted_average),false
1788858832.425,63.530,0.114,-3.475,1.823,-87.418,0.114,-3.479,1.823,-87.417,0.000,-0.004,0.000,0.004,0,weighted_average,kalman(weighted_average),false
1788858832.478,63.584,0.114,-3.475,1.823,-87.418,0.114,-3.473,1.821,-87.408,-0.001,0.002,-0.001,0.002,0,weighted_average,kalman(weighted_average),false
1788858832.529,63.634,0.088,-3.482,1.817,-87.726,0.097,-3.475,1.818,-87.567,0.010,0.006,0.001,0.012,0,weighted_average,kalman(weighted_average),false
1788858832.635,63.741,0.097,-3.467,1.820,-87.541,0.093,-3.467,1.818,-87.578,-0.003,-0.000,-0.002,0.004,0,weighted_average,kalman(weighted_average),false
1788858832.700,63.805,0.108,-3.465,1.821,-87.366,0.103,-3.464,1.820,-87.450,-0.005,0.001,-0.001,0.005,0,weighted_average,kalman(weighted_average),false
1788858832.743,63.848,0.098,-3.464,1.813,-87.510,0.101,-3.463,1.816,-87.468,0.003,0.001,0.003,0.005,0,weighted_average,kalman(weighted_average),false
1788858832.790,63.896,0.098,-3.458,1.815,-87.467,0.099,-3.459,1.815,-87.459,0.002,-0.001,-0.000,0.002,0,weighted_average,kalman(weighted_average),false
1788858832.846,63.951,0.081,-3.454,1.814,-87.655,0.088,-3.455,1.814,-87.555,0.007,-0.001,-0.000,0.007,0,weighted_average,kalman(weighted_average),false
1788858832.960,64.065,0.084,-3.452,1.817,-87.633,0.083,-3.451,1.816,-87.627,-0.001,0.001,-0.001,0.002,0,weighted_average,kalman(weighted_average),false
1788858833.001,64.107,0.099,-3.443,1.812,-87.392,0.092,-3.445,1.814,-87.504,-0.006,-0.002,0.002,0.007,0,weighted_average,kalman(weighted_average),false
1788858833.054,64.159,0.098,-3.446,1.822,-87.378,0.097,-3.444,1.819,-87.423,-0.001,0.001,-0.003,0.004,0,weighted_average,kalman(weighted_average),false
1788858833.098,64.204,0.092,-3.451,1.822,-87.477,0.095,-3.447,1.821,-87.432,0.004,0.004,-0.000,0.005,0,weighted_average,kalman(weighted_average),false
1788858833.150,64.255,0.087,-3.441,1.819,-87.494,0.091,-3.443,1.821,-87.451,0.004,-0.002,0.002,0.005,0,weighted_average,kalman(weighted_average),false
1788858833.250,64.356,0.084,-3.437,1.826,-87.574,0.085,-3.438,1.825,-87.528,0.001,-0.001,-0.001,0.001,0,weighted_average,kalman(weighted_average),false
1788858833.294,64.399,0.098,-3.435,1.824,-87.335,0.092,-3.435,1.825,-87.429,-0.006,-0.000,0.001,0.006,0,weighted_average,kalman(weighted_average),false
1788858833.347,64.452,0.093,-3.436,1.823,-87.403,0.093,-3.435,1.824,-87.405,0.001,0.001,0.001,0.002,0,weighted_average,kalman(weighted_average),false
1788858833.398,64.503,0.089,-3.433,1.830,-87.473,0.091,-3.433,1.828,-87.432,0.002,0.000,-0.002,0.003,0,weighted_average,kalman(weighted_average),false
1788858833.446,64.551,0.092,-3.433,1.824,-87.434,0.092,-3.432,1.826,-87.431,-0.001,0.000,0.002,0.002,0,weighted_average,kalman(weighted_average),false
1788858833.542,64.648,0.093,-3.432,1.824,-87.418,0.093,-3.431,1.825,-87.420,-0.000,0.001,0.001,0.001,0,weighted_average,kalman(weighted_average),false
1788858833.589,64.694,0.093,-3.428,1.830,-87.425,0.093,-3.429,1.828,-87.421,0.000,-0.001,-0.002,0.002,0,weighted_average,kalman(weighted_average),false
1788858833.645,64.750,0.081,-3.427,1.827,-87.617,0.086,-3.427,1.828,-87.529,0.005,-0.000,0.001,0.005,0,weighted_average,kalman(weighted_average),false
1788858833.697,64.802,0.093,-3.432,1.827,-87.484,0.089,-3.430,1.828,-87.522,-0.004,0.003,0.001,0.005,0,weighted_average,kalman(weighted_average),false
1788858833.746,64.851,0.090,-3.426,1.835,-87.526,0.090,-3.427,1.832,-87.534,-0.001,-0.002,-0.003,0.003,0,weighted_average,kalman(weighted_average),false
1788858833.842,64.948,0.097,-3.429,1.821,-87.455,0.095,-3.428,1.824,-87.493,-0.002,0.001,0.004,0.004,0,weighted_average,kalman(weighted_average),false
1788858833.890,64.996,0.085,-3.428,1.822,-87.635,0.090,-3.428,1.822,-87.571,0.004,-0.000,-0.000,0.004,0,weighted_average,kalman(weighted_average),false
1788858833.945,65.050,0.094,-3.427,1.825,-87.509,0.092,-3.427,1.823,-87.547,-0.002,-0.000,-0.002,0.003,0,weighted_average,kalman(weighted_average),false
1788858833.994,65.099,0.105,-3.428,1.822,-87.372,0.100,-3.427,1.822,-87.457,-0.005,0.000,-0.000,0.005,0,weighted_average,kalman(weighted_average),false
1788858834.043,65.148,0.100,-3.426,1.815,-87.432,0.101,-3.426,1.818,-87.431,0.002,-0.001,0.002,0.003,0,weighted_average,kalman(weighted_average),false
1788858834.134,65.240,0.092,-3.428,1.819,-87.575,0.096,-3.428,1.817,-87.507,0.004,0.001,-0.001,0.004,0,weighted_average,kalman(weighted_average),false
1788858834.185,65.290,0.103,-3.429,1.823,-87.435,0.100,-3.428,1.821,-87.473,-0.003,0.000,-0.002,0.004,0,weighted_average,kalman(weighted_average),false
1788858834.237,65.343,0.106,-3.435,1.816,-87.435,0.104,-3.433,1.818,-87.451,-0.002,0.002,0.002,0.004,0,weighted_average,kalman(weighted_average),false
1788858834.292,65.398,0.101,-3.434,1.826,-87.496,0.103,-3.435,1.823,-87.472,0.002,-0.000,-0.003,0.004,0,weighted_average,kalman(weighted_average),false
1788858834.340,65.445,0.104,-3.430,1.818,-87.470,0.104,-3.433,1.821,-87.471,0.000,-0.003,0.003,0.004,0,weighted_average,kalman(weighted_average),false
1788858834.436,65.541,0.110,-3.433,1.819,-87.414,0.109,-3.433,1.820,-87.434,-0.001,-0.000,0.001,0.001,0,weighted_average,kalman(weighted_average),false
1788858834.486,65.592,0.112,-3.438,1.810,-87.386,0.112,-3.436,1.813,-87.401,-0.000,0.002,0.003,0.003,0,weighted_average,kalman(weighted_average),false
1788858834.534,65.639,0.113,-3.434,1.817,-87.405,0.113,-3.435,1.814,-87.394,0.001,-0.002,-0.002,0.003,0,weighted_average,kalman(weighted_average),false
1788858834.584,65.690,0.111,-3.436,1.815,-87.462,0.113,-3.436,1.814,-87.422,0.002,0.000,-0.001,0.002,0,weighted_average,kalman(weighted_average),false
1788858834.636,65.742,0.115,-3.436,1.819,-87.403,0.114,-3.437,1.817,-87.412,-0.001,-0.000,-0.002,0.002,0,weighted_average,kalman(weighted_average),false
1788858834.737,65.842,0.116,-3.438,1.814,-87.422,0.116,-3.438,1.815,-87.416,0.000,0.000,0.001,0.001,0,weighted_average,kalman(weighted_average),false
1788858834.785,65.890,0.123,-3.437,1.807,-87.357,0.121,-3.437,1.809,-87.382,-0.002,-0.000,0.003,0.003,0,weighted_average,kalman(weighted_average),false
1788858834.834,65.939,0.107,-3.434,1.815,-87.562,0.113,-3.436,1.811,-87.474,0.006,-0.001,-0.003,0.007,0,weighted_average,kalman(weighted_average),false
1788858834.886,65.991,0.120,-3.438,1.813,-87.441,0.117,-3.437,1.812,-87.469,-0.004,0.001,-0.001,0.004,0,weighted_average,kalman(weighted_average),false
1788858834.940,66.046,0.126,-3.436,1.813,-87.350,0.123,-3.437,1.813,-87.413,-0.003,-0.001,-0.000,0.003,0,weighted_average,kalman(weighted_average),false
1788858835.037,66.142,0.114,-3.435,1.803,-87.483,0.117,-3.435,1.805,-87.453,0.003,-0.000,0.002,0.004,0,weighted_average,kalman(weighted_average),false
1788858835.087,66.192,0.114,-3.440,1.807,-87.572,0.114,-3.438,1.805,-87.527,0.001,0.002,-0.002,0.003,0,weighted_average,kalman(weighted_average),false
1788858835.148,66.254,0.120,-3.436,1.806,-87.480,0.117,-3.437,1.805,-87.516,-0.003,-0.001,-0.001,0.003,0,weighted_average,kalman(weighted_average),false
1788858835.192,66.298,0.123,-3.434,1.805,-87.428,0.121,-3.435,1.805,-87.477,-0.002,-0.001,-0.000,0.002,0,weighted_average,kalman(weighted_average),false
1788858835.245,66.350,0.114,-3.448,1.814,-87.617,0.118,-3.443,1.810,-87.548,0.003,0.005,-0.004,0.007,0,weighted_average,kalman(weighted_average),false
1788858835.335,66.441,0.124,-3.443,1.804,-87.438,0.122,-3.444,1.806,-87.491,-0.002,-0.001,0.002,0.003,0,weighted_average,kalman(weighted_average),false
1788858835.390,66.496,0.115,-3.445,1.804,-87.596,0.118,-3.445,1.804,-87.548,0.003,-0.000,0.000,0.003,0,weighted_average,kalman(weighted_average),false
1788858835.446,66.551,0.122,-3.448,1.803,-87.573,0.120,-3.448,1.803,-87.568,-0.002,0.001,-0.000,0.002,0,weighted_average,kalman(weighted_average),false
1788858835.490,66.595,0.121,-3.453,1.812,-87.556,0.121,-3.451,1.808,-87.568,0.000,0.002,-0.004,0.005,0,weighted_average,kalman(weighted_average),false
1788858835.545,66.650,0.126,-3.452,1.803,-87.537,0.124,-3.453,1.806,-87.557,-0.002,-0.001,0.002,0.003,0,weighted_average,kalman(weighted_average),false
1788858835.638,66.743,0.130,-3.456,1.815,-87.542,0.129,-3.456,1.813,-87.549,-0.001,-0.000,-0.002,0.003,0,weighted_average,kalman(weighted_average),false
1788858835.686,66.791,0.121,-3.458,1.805,-87.613,0.125,-3.458,1.809,-87.584,0.004,0.000,0.004,0.005,0,weighted_average,kalman(weighted_average),false
1788858835.747,66.852,0.127,-3.451,1.802,-87.528,0.126,-3.454,1.804,-87.557,-0.001,-0.003,0.002,0.004,0,weighted_average,kalman(weighted_average),false
1788858835.789,66.895,0.130,-3.452,1.800,-87.502,0.128,-3.453,1.801,-87.528,-0.002,-0.001,0.001,0.002,0,weighted_average,kalman(weighted_average),false
1788858835.846,66.951,0.125,-3.457,1.807,-87.586,0.127,-3.455,1.804,-87.552,0.002,0.002,-0.004,0.005,0,weighted_average,kalman(weighted_average),false
1788858835.939,67.044,0.136,-3.456,1.799,-87.453,0.134,-3.456,1.800,-87.488,-0.002,0.000,0.001,0.003,0,weighted_average,kalman(weighted_average),false
1788858835.988,67.093,0.124,-3.468,1.798,-87.623,0.128,-3.464,1.798,-87.556,0.005,0.004,0.000,0.006,0,weighted_average,kalman(weighted_average),false
1788858836.046,67.151,0.125,-3.460,1.803,-87.593,0.126,-3.463,1.800,-87.582,0.001,-0.003,-0.003,0.004,0,weighted_average,kalman(weighted_average),false
1788858836.092,67.197,0.128,-3.460,1.799,-87.583,0.127,-3.462,1.799,-87.589,-0.002,-0.002,0.001,0.002,0,weighted_average,kalman(weighted_average),false
1788858836.146,67.251,0.126,-3.462,1.799,-87.606,0.126,-3.462,1.799,-87.604,0.000,0.000,0.000,0.000,0,weighted_average,kalman(weighted_average),false
1788858836.242,67.347,0.121,-3.463,1.794,-87.691,0.122,-3.463,1.795,-87.670,0.001,0.000,0.001,0.001,0,weighted_average,kalman(weighted_average),false
1788858836.289,67.394,0.122,-3.462,1.802,-87.666,0.121,-3.463,1.799,-87.679,-0.001,-0.000,-0.003,0.003,0,weighted_average,kalman(weighted_average),false
1788858836.344,67.449,0.127,-3.464,1.803,-87.603,0.124,-3.464,1.802,-87.647,-0.003,0.000,-0.001,0.003,0,weighted_average,kalman(weighted_average),false
1788858836.392,67.497,0.121,-3.467,1.803,-87.668,0.122,-3.466,1.803,-87.659,0.002,0.001,-0.000,0.002,0,weighted_average,kalman(weighted_average),false
1788858836.448,67.553,0.124,-3.467,1.805,-87.621,0.123,-3.467,1.805,-87.641,-0.001,-0.000,0.000,0.001,0,weighted_average,kalman(weighted_average),false
1788858836.544,67.649,0.128,-3.467,1.802,-87.540,0.127,-3.467,1.803,-87.572,-0.001,-0.001,0.001,0.002,0,weighted_average,kalman(weighted_average),false
1788858836.590,67.696,0.119,-3.468,1.807,-87.673,0.122,-3.468,1.806,-87.619,0.003,0.000,-0.001,0.004,0,weighted_average,kalman(weighted_average),false
1788858836.644,67.749,0.116,-3.469,1.805,-87.730,0.118,-3.469,1.806,-87.680,0.002,0.000,0.000,0.002,0,weighted_average,kalman(weighted_average),false
1788858836.694,67.799,0.116,-3.469,1.807,-87.736,0.115,-3.469,1.807,-87.720,-0.000,-0.000,-0.000,0.000,0,weighted_average,kalman(weighted_average),false
1788858836.748,67.853,0.129,-3.466,1.806,-87.521,0.123,-3.468,1.806,-87.628,-0.006,-0.001,0.000,0.006,0,weighted_average,kalman(weighted_average),false
1788858836.841,67.946,0.118,-3.467,1.810,-87.680,0.120,-3.467,1.809,-87.653,0.002,0.000,-0.001,0.002,0,weighted_average,kalman(weighted_average),false
1788858836.891,67.996,0.126,-3.471,1.815,-87.569,0.124,-3.470,1.813,-87.606,-0.002,0.001,-0.002,0.003,0,weighted_average,kalman(weighted_average),false
1788858836.944,68.049,0.125,-3.465,1.811,-87.635,0.125,-3.467,1.813,-87.615,0.000,-0.002,0.002,0.003,0,weighted_average,kalman(weighted_average),false
1788858836.994,68.100,0.125,-3.466,1.811,-87.560,0.125,-3.466,1.812,-87.583,0.000,-0.000,0.001,0.001,0,weighted_average,kalman(weighted_average),false
1788858837.046,68.152,0.133,-3.472,1.805,-87.463,0.131,-3.469,1.808,-87.513,-0.003,0.003,0.003,0.005,0,weighted_average,kalman(weighted_average),false
1788858837.144,68.249,0.125,-3.465,1.814,-87.594,0.127,-3.466,1.812,-87.546,0.003,-0.001,-0.002,0.004,0,weighted_average,kalman(weighted_average),false
1788858837.192,68.297,0.126,-3.465,1.810,-87.576,0.126,-3.465,1.811,-87.564,0.000,-0.000,0.001,0.001,0,weighted_average,kalman(weighted_average),false
1788858837.246,68.352,0.126,-3.465,1.808,-87.568,0.125,-3.465,1.809,-87.569,-0.000,0.000,0.001,0.001,0,weighted_average,kalman(weighted_average),false
1788858837.294,68.399,0.131,-3.461,1.812,-87.510,0.129,-3.462,1.811,-87.541,-0.003,-0.001,-0.001,0.003,0,weighted_average,kalman(weighted_average),false
1788858837.345,68.450,0.128,-3.461,1.807,-87.537,0.128,-3.461,1.809,-87.536,0.001,0.000,0.002,0.002,0,weighted_average,kalman(weighted_average),false
1788858837.434,68.540,0.119,-3.465,1.810,-87.642,0.122,-3.463,1.809,-87.601,0.003,0.002,-0.001,0.003,0,weighted_average,kalman(weighted_average),false
1788858837.492,68.598,0.120,-3.462,1.807,-87.624,0.120,-3.463,1.808,-87.624,-0.001,-0.001,0.001,0.001,0,weighted_average,kalman(weighted_average),false
1788858837.550,68.656,0.116,-3.459,1.813,-87.701,0.116,-3.460,1.811,-87.679,0.000,-0.001,-0.002,0.002,0,weighted_average,kalman(weighted_average),false
1788858837.592,68.698,0.111,-3.461,1.811,-87.772,0.112,-3.460,1.811,-87.739,0.001,0.001,0.000,0.002,0,weighted_average,kalman(weighted_average),false
1788858837.643,68.748,0.112,-3.456,1.810,-87.726,0.111,-3.458,1.811,-87.754,-0.001,-0.001,0.001,0.002,0,weighted_average,kalman(weighted_average),false
1788858837.749,68.854,0.108,-3.452,1.809,-87.769,0.107,-3.453,1.809,-87.786,-0.001,-0.000,0.000,0.001,0,weighted_average,kalman(weighted_average),false
1788858837.790,68.895,0.121,-3.455,1.803,-87.586,0.115,-3.453,1.806,-87.681,-0.006,0.001,0.002,0.006,0,weighted_average,kalman(weighted_average),false
1788858837.839,68.944,0.111,-3.453,1.806,-87.670,0.114,-3.453,1.805,-87.664,0.003,0.000,-0.001,0.003,0,weighted_average,kalman(weighted_average),false
1788858837.891,68.996,0.102,-3.450,1.801,-87.780,0.107,-3.451,1.802,-87.715,0.005,-0.001,0.001,0.005,0,weighted_average,kalman(weighted_average),false
1788858837.942,69.047,0.105,-3.451,1.805,-87.751,0.104,-3.450,1.803,-87.736,-0.000,0.000,-0.002,0.002,0,weighted_average,kalman(weighted_average),false
1788858838.038,69.144,0.116,-3.444,1.804,-87.584,0.112,-3.445,1.804,-87.641,-0.004,-0.001,-0.000,0.004,0,weighted_average,kalman(weighted_average),false
1788858838.089,69.195,0.111,-3.448,1.808,-87.653,0.113,-3.446,1.807,-87.636,0.001,0.002,-0.002,0.003,0,weighted_average,kalman(weighted_average),false
1788858838.139,69.244,0.113,-3.445,1.807,-87.591,0.114,-3.445,1.807,-87.602,0.001,-0.000,0.000,0.001,0,weighted_average,kalman(weighted_average),false
1788858838.190,69.295,0.115,-3.439,1.803,-87.572,0.115,-3.441,1.805,-87.574,0.000,-0.002,0.002,0.003,0,weighted_average,kalman(weighted_average),false
1788858838.239,69.344,0.104,-3.441,1.804,-87.715,0.109,-3.440,1.804,-87.634,0.005,0.001,0.000,0.005,0,weighted_average,kalman(weighted_average),false
1788858838.331,69.436,0.089,-3.439,1.803,-87.881,0.093,-3.439,1.803,-87.797,0.004,0.001,-0.000,0.004,0,weighted_average,kalman(weighted_average),false
1788858838.382,69.487,0.102,-3.441,1.800,-87.725,0.096,-3.440,1.801,-87.781,-0.005,0.001,0.001,0.006,0,weighted_average,kalman(weighted_average),false
1788858838.436,69.541,0.103,-3.442,1.806,-87.665,0.099,-3.441,1.803,-87.732,-0.003,0.001,-0.002,0.004,0,weighted_average,kalman(weighted_average),false
1788858838.487,69.592,0.117,-3.437,1.809,-87.504,0.110,-3.439,1.807,-87.611,-0.007,-0.002,-0.002,0.008,0,weighted_average,kalman(weighted_average),false
1788858838.536,69.642,0.104,-3.442,1.810,-87.653,0.108,-3.440,1.810,-87.614,0.005,0.001,-0.001,0.005,0,weighted_average,kalman(weighted_average),false
1788858838.633,69.738,0.096,-3.436,1.804,-87.788,0.100,-3.437,1.807,-87.713,0.004,-0.001,0.002,0.005,0,weighted_average,kalman(weighted_average),false
1788858838.682,69.787,0.092,-3.437,1.806,-87.854,0.093,-3.437,1.806,-87.805,0.002,0.000,-0.000,0.002,0,weighted_average,kalman(weighted_average),false
1788858838.737,69.842,0.096,-3.436,1.804,-87.788,0.093,-3.436,1.804,-87.820,-0.003,0.000,0.000,0.003,0,weighted_average,kalman(weighted_average),false
1788858838.789,69.894,0.092,-3.434,1.807,-87.834,0.092,-3.435,1.806,-87.844,-0.001,-0.001,-0.001,0.002,0,weighted_average,kalman(weighted_average),false
1788858838.833,69.938,0.103,-3.436,1.807,-87.693,0.097,-3.435,1.807,-87.782,-0.006,0.001,-0.001,0.006,0,weighted_average,kalman(weighted_average),false
1788858838.931,70.036,0.097,-3.436,1.807,-87.748,0.098,-3.435,1.807,-87.759,0.001,0.000,0.000,0.001,0,weighted_average,kalman(weighted_average),false
1788858838.978,70.084,0.089,-3.433,1.810,-87.864,0.092,-3.434,1.809,-87.816,0.003,-0.001,-0.001,0.004,0,weighted_average,kalman(weighted_average),false
1788858839.030,70.135,0.095,-3.433,1.814,-87.784,0.093,-3.433,1.813,-87.805,-0.002,-0.000,-0.002,0.003,0,weighted_average,kalman(weighted_average),false
1788858839.081,70.186,0.092,-3.433,1.814,-87.803,0.092,-3.433,1.814,-87.807,-0.000,0.000,0.000,0.000,0,weighted_average,kalman(weighted_average),false
1788858839.130,70.235,0.092,-3.433,1.812,-87.814,0.092,-3.433,1.814,-87.813,-0.000,0.000,0.002,0.002,0,weighted_average,kalman(weighted_average),false
1788858839.222,70.328,0.076,-3.434,1.814,-88.016,0.080,-3.434,1.814,-87.949,0.004,0.001,0.000,0.004,0,weighted_average,kalman(weighted_average),false
1788858839.276,70.381,0.080,-3.430,1.815,-87.949,0.078,-3.432,1.815,-87.971,-0.002,-0.001,-0.000,0.003,0,weighted_average,kalman(weighted_average),false
1788858839.324,70.429,0.080,-3.431,1.812,-87.951,0.078,-3.431,1.813,-87.978,-0.002,-0.000,0.001,0.002,0,weighted_average,kalman(weighted_average),false
1788858839.375,70.480,0.083,-3.427,1.805,-87.944,0.080,-3.428,1.808,-87.973,-0.003,-0.001,0.003,0.004,0,weighted_average,kalman(weighted_average),false
1788858839.423,70.528,0.087,-3.429,1.802,-87.851,0.084,-3.428,1.804,-87.919,-0.003,0.001,0.001,0.003,0,weighted_average,kalman(weighted_average),false
1788858839.517,70.622,0.111,-3.426,1.819,-87.525,0.105,-3.426,1.813,-87.655,-0.006,-0.000,-0.005,0.008,0,weighted_average,kalman(weighted_average),false
1788858839.573,70.678,0.101,-3.429,1.809,-87.672,0.106,-3.428,1.812,-87.622,0.005,0.001,0.003,0.006,0,weighted_average,kalman(weighted_average),false
1788858839.620,70.726,0.103,-3.429,1.809,-87.645,0.106,-3.428,1.810,-87.604,0.003,0.000,0.002,0.004,0,weighted_average,kalman(weighted_average),false
1788858839.675,70.781,0.092,-3.429,1.807,-87.771,0.098,-3.429,1.808,-87.668,0.007,-0.000,0.001,0.007,0,weighted_average,kalman(weighted_average),false
1788858839.720,70.825,0.095,-3.428,1.813,-87.727,0.096,-3.428,1.811,-87.694,0.001,-0.001,-0.002,0.003,0,weighted_average,kalman(weighted_average),false
1788858839.818,70.923,0.106,-3.427,1.814,-87.606,0.102,-3.427,1.813,-87.637,-0.003,-0.000,-0.001,0.003,0,weighted_average,kalman(weighted_average),false
1788858839.863,70.968,0.100,-3.427,1.815,-87.691,0.101,-3.427,1.815,-87.660,0.002,0.000,-0.000,0.002,0,weighted_average,kalman(weighted_average),false
1788858839.916,71.022,0.098,-3.427,1.810,-87.712,0.100,-3.427,1.813,-87.686,0.002,0.001,0.002,0.003,0,weighted_average,kalman(weighted_average),false
1788858839.965,71.070,0.093,-3.421,1.817,-87.751,0.096,-3.424,1.815,-87.723,0.003,-0.002,-0.002,0.004,0,weighted_average,kalman(weighted_average),false
1788858840.021,71.126,0.095,-3.424,1.818,-87.745,0.095,-3.423,1.817,-87.744,-0.001,0.001,-0.001,0.001,0,weighted_average,kalman(weighted_average),false
1788858840.114,71.219,0.092,-3.421,1.817,-87.798,0.092,-3.421,1.817,-87.791,-0.000,-0.000,0.001,0.001,0,weighted_average,kalman(weighted_average),false
1788858840.172,71.277,0.095,-3.423,1.814,-87.779,0.094,-3.422,1.815,-87.794,-0.001,0.001,0.001,0.002,0,weighted_average,kalman(weighted_average),false
1788858840.227,71.332,0.089,-3.422,1.815,-87.855,0.091,-3.422,1.815,-87.836,0.002,0.000,-0.000,0.002,0,weighted_average,kalman(weighted_average),false
1788858840.274,71.380,0.091,-3.425,1.808,-87.840,0.090,-3.424,1.811,-87.849,-0.001,0.001,0.002,0.003,0,weighted_average,kalman(weighted_average),false
1788858840.319,71.424,0.090,-3.420,1.815,-87.823,0.090,-3.422,1.812,-87.845,-0.000,-0.002,-0.003,0.003,0,weighted_average,kalman(weighted_average),false
1788858840.413,71.518,0.099,-3.422,1.813,-87.700,0.096,-3.422,1.812,-87.759,-0.002,0.000,-0.000,0.002,0,weighted_average,kalman(weighted_average),false
1788858840.463,71.569,0.099,-3.422,1.813,-87.700,0.099,-3.422,1.812,-87.714,0.000,0.000,-0.000,0.000,0,weighted_average,kalman(weighted_average),false
1788858840.516,71.621,0.077,-3.425,1.821,-88.031,0.086,-3.424,1.818,-87.873,0.009,0.001,-0.003,0.010,0,weighted_average,kalman(weighted_average),false
1788858840.567,71.672,0.080,-3.425,1.824,-87.945,0.081,-3.425,1.822,-87.928,0.001,0.000,-0.002,0.002,0,weighted_average,kalman(weighted_average),false
1788858840.619,71.724,0.090,-3.423,1.816,-87.832,0.085,-3.424,1.820,-87.898,-0.006,-0.001,0.004,0.007,0,weighted_average,kalman(weighted_average),false
1788858840.729,71.834,0.097,-3.422,1.814,-87.742,0.094,-3.423,1.815,-87.798,-0.003,-0.001,0.001,0.003,0,weighted_average,kalman(weighted_average),false
1788858840.783,71.889,0.090,-3.421,1.817,-87.817,0.092,-3.421,1.815,-87.796,0.003,-0.000,-0.001,0.003,0,weighted_average,kalman(weighted_average),false
1788858840.820,71.925,0.087,-3.425,1.817,-87.878,0.089,-3.423,1.816,-87.831,0.003,0.002,-0.001,0.003,0,weighted_average,kalman(weighted_average),false
1788858840.877,71.982,0.093,-3.425,1.808,-87.790,0.091,-3.424,1.811,-87.808,-0.001,0.001,0.003,0.003,0,weighted_average,kalman(weighted_average),false
1788858840.924,72.029,0.094,-3.424,1.815,-87.755,0.093,-3.424,1.812,-87.777,-0.001,-0.000,-0.003,0.003,0,weighted_average,kalman(weighted_average),false
1788858841.017,72.122,0.091,-3.425,1.824,-87.849,0.092,-3.425,1.821,-87.813,0.001,0.000,-0.003,0.003,0,weighted_average,kalman(weighted_average),false
1788858841.067,72.173,0.100,-3.432,1.818,-87.698,0.097,-3.429,1.820,-87.750,-0.003,0.002,0.002,0.004,0,weighted_average,kalman(weighted_average),false
1788858841.122,72.228,0.109,-3.427,1.818,-87.601,0.106,-3.429,1.820,-87.658,-0.003,-0.002,0.001,0.004,0,weighted_average,kalman(weighted_average),false
1788858841.175,72.280,0.097,-3.426,1.815,-87.765,0.102,-3.427,1.817,-87.695,0.005,-0.001,0.002,0.006,0,weighted_average,kalman(weighted_average),false
1788858841.223,72.328,0.102,-3.428,1.817,-87.693,0.103,-3.428,1.816,-87.687,0.000,0.000,-0.000,0.001,0,weighted_average,kalman(weighted_average),false
1788858841.322,72.427,0.107,-3.423,1.809,-87.663,0.107,-3.424,1.811,-87.663,-0.001,-0.001,0.001,0.002,0,weighted_average,kalman(weighted_average),false
1788858841.371,72.476,0.096,-3.420,1.810,-87.789,0.101,-3.421,1.810,-87.731,0.004,-0.001,-0.001,0.004,0,weighted_average,kalman(weighted_average),false
1788858841.423,72.529,0.104,-3.430,1.813,-87.778,0.102,-3.426,1.811,-87.764,-0.002,0.004,-0.002,0.005,0,weighted_average,kalman(weighted_average),false
1788858841.477,72.582,0.099,-3.426,1.811,-87.812,0.100,-3.426,1.811,-87.801,0.001,-0.001,-0.000,0.001,0,weighted_average,kalman(weighted_average),false
1788858841.520,72.625,0.106,-3.431,1.822,-87.661,0.103,-3.429,1.817,-87.743,-0.003,0.002,-0.005,0.006,0,weighted_average,kalman(weighted_average),false
1788858841.612,72.718,0.098,-3.434,1.822,-87.847,0.100,-3.433,1.822,-87.809,0.002,0.000,-0.000,0.002,0,weighted_average,kalman(weighted_average),false
1788858841.661,72.766,0.107,-3.429,1.819,-87.740,0.104,-3.431,1.821,-87.779,-0.003,-0.002,0.002,0.004,0,weighted_average,kalman(weighted_average),false
1788858841.720,72.825,0.104,-3.430,1.822,-87.787,0.104,-3.431,1.822,-87.786,0.000,-0.001,0.000,0.001,0,weighted_average,kalman(weighted_average),false
1788858841.780,72.885,0.093,-3.430,1.820,-87.922,0.097,-3.430,1.821,-87.866,0.004,0.000,0.001,0.004,0,weighted_average,kalman(weighted_average),false
1788858841.880,72.985,0.102,-3.427,1.821,-87.852,0.100,-3.428,1.821,-87.875,-0.002,-0.001,-0.000,0.002,0,weighted_average,kalman(weighted_average),false
1788858841.928,73.033,0.116,-3.429,1.818,-87.648,0.111,-3.428,1.819,-87.748,-0.006,0.001,0.001,0.006,0,weighted_average,kalman(weighted_average),false
1788858841.980,73.085,0.095,-3.429,1.823,-87.975,0.103,-3.428,1.821,-87.856,0.008,0.000,-0.002,0.008,0,weighted_average,kalman(weighted_average),false
1788858842.038,73.143,0.104,-3.428,1.820,-87.843,0.103,-3.428,1.821,-87.856,-0.001,-0.000,0.001,0.001,0,weighted_average,kalman(weighted_average),false
1788858842.090,73.195,0.110,-3.424,1.823,-87.772,0.108,-3.425,1.822,-87.815,-0.003,-0.001,-0.001,0.003,0,weighted_average,kalman(weighted_average),false
1788858842.184,73.289,0.105,-3.425,1.823,-87.835,0.107,-3.425,1.823,-87.823,0.001,0.000,0.000,0.001,0,weighted_average,kalman(weighted_average),false
1788858842.235,73.340,0.108,-3.423,1.815,-87.816,0.107,-3.423,1.818,-87.819,-0.000,-0.000,0.003,0.003,0,weighted_average,kalman(weighted_average),false
1788858842.288,73.393,0.106,-3.419,1.824,-87.820,0.107,-3.420,1.821,-87.819,0.001,-0.001,-0.003,0.003,0,weighted_average,kalman(weighted_average),false
1788858842.346,73.451,0.111,-3.422,1.818,-87.757,0.109,-3.420,1.819,-87.784,-0.001,0.002,0.001,0.002,0,weighted_average,kalman(weighted_average),false
1788858842.399,73.504,0.105,-3.419,1.823,-87.855,0.107,-3.419,1.821,-87.816,0.002,-0.000,-0.002,0.003,0,weighted_average,kalman(weighted_average),false
1788858842.496,73.601,0.117,-3.424,1.825,-87.720,0.114,-3.423,1.825,-87.753,-0.003,0.002,-0.001,0.003,0,weighted_average,kalman(weighted_average),false
1788858842.547,73.652,0.103,-3.413,1.819,-87.922,0.108,-3.417,1.822,-87.843,0.005,-0.004,0.002,0.007,0,weighted_average,kalman(weighted_average),false
1788858842.598,73.703,0.106,-3.412,1.815,-87.867,0.106,-3.413,1.817,-87.865,0.000,-0.001,0.003,0.003,0,weighted_average,kalman(weighted_average),false
1788858842.648,73.754,0.110,-3.409,1.815,-87.830,0.108,-3.410,1.815,-87.856,-0.002,-0.000,-0.000,0.002,0,weighted_average,kalman(weighted_average),false
1788858842.699,73.804,0.116,-3.405,1.817,-87.728,0.113,-3.406,1.815,-87.794,-0.003,-0.001,-0.002,0.004,0,weighted_average,kalman(weighted_average),false
1788858842.793,73.898,0.112,-3.406,1.815,-87.800,0.113,-3.404,1.815,-87.788,0.001,0.001,-0.000,0.002,0,weighted_average,kalman(weighted_average),false
1788858842.846,73.951,0.113,-3.406,1.816,-87.784,0.113,-3.405,1.815,-87.782,0.000,0.001,-0.001,0.001,0,weighted_average,kalman(weighted_average),false
1788858842.894,74.000,0.112,-3.402,1.814,-87.793,0.113,-3.403,1.814,-87.785,0.000,-0.001,0.001,0.001,0,weighted_average,kalman(weighted_average),false
1788858842.951,74.056,0.120,-3.405,1.815,-87.716,0.117,-3.404,1.815,-87.746,-0.003,0.001,-0.000,0.003,0,weighted_average,kalman(weighted_average),false
1788858843.002,74.107,0.115,-3.404,1.821,-87.784,0.117,-3.404,1.819,-87.759,0.002,-0.000,-0.003,0.003,0,weighted_average,kalman(weighted_average),false
1788858843.098,74.204,0.111,-3.398,1.818,-87.818,0.113,-3.399,1.819,-87.795,0.002,-0.001,0.001,0.002,0,weighted_average,kalman(weighted_average),false
1788858843.155,74.260,0.113,-3.397,1.817,-87.814,0.112,-3.397,1.818,-87.811,-0.000,0.000,0.001,0.001,0,weighted_average,kalman(weighted_average),false
1788858843.206,74.311,0.114,-3.396,1.816,-87.807,0.113,-3.396,1.817,-87.814,-0.001,0.001,0.000,0.001,0,weighted_average,kalman(weighted_average),false
1788858843.254,74.359,0.106,-3.398,1.817,-87.921,0.108,-3.396,1.816,-87.874,0.003,0.001,-0.000,0.003,0,weighted_average,kalman(weighted_average),false
1788858843.306,74.411,0.106,-3.398,1.818,-87.869,0.106,-3.397,1.817,-87.885,-0.000,0.001,-0.001,0.001,0,weighted_average,kalman(weighted_average),false
1788858843.400,74.505,0.110,-3.393,1.822,-87.812,0.108,-3.394,1.821,-87.850,-0.002,-0.001,-0.001,0.002,0,weighted_average,kalman(weighted_average),false
1788858843.452,74.558,0.113,-3.391,1.813,-87.770,0.111,-3.391,1.816,-87.801,-0.001,-0.000,0.003,0.004,0,weighted_average,kalman(weighted_average),false
1788858843.506,74.611,0.095,-3.392,1.819,-88.018,0.102,-3.391,1.817,-87.912,0.006,0.001,-0.002,0.007,0,weighted_average,kalman(weighted_average),false
1788858843.555,74.660,0.095,-3.393,1.814,-88.025,0.096,-3.392,1.815,-87.984,0.002,0.001,0.001,0.002,0,weighted_average,kalman(weighted_average),false
1788858843.610,74.715,0.100,-3.391,1.814,-87.924,0.097,-3.391,1.814,-87.973,-0.003,-0.000,0.000,0.003,0,weighted_average,kalman(weighted_average),false
1788858843.712,74.817,0.101,-3.392,1.817,-87.941,0.099,-3.392,1.816,-87.966,-0.002,0.000,-0.001,0.002,0,weighted_average,kalman(weighted_average),false
1788858843.759,74.864,0.105,-3.391,1.809,-87.864,0.103,-3.391,1.812,-87.909,-0.002,-0.000,0.002,0.003,0,weighted_average,kalman(weighted_average),false
1788858843.817,74.922,0.105,-3.388,1.811,-87.848,0.105,-3.389,1.811,-87.865,0.001,-0.001,-0.000,0.001,0,weighted_average,kalman(weighted_average),false
1788858843.859,74.965,0.106,-3.386,1.814,-87.847,0.106,-3.387,1.812,-87.845,0.000,-0.001,-0.002,0.002,0,weighted_average,kalman(weighted_average),false
1788858843.909,75.015,0.099,-3.389,1.809,-87.924,0.103,-3.388,1.810,-87.873,0.004,0.002,0.002,0.004,0,weighted_average,kalman(weighted_average),false
1788858844.005,75.111,0.101,-3.393,1.807,-87.904,0.101,-3.392,1.807,-87.890,0.000,0.002,0.000,0.002,0,weighted_average,kalman(weighted_average),false
1788858844.057,75.162,0.110,-3.391,1.804,-87.815,0.107,-3.392,1.804,-87.848,-0.003,-0.001,0.001,0.004,0,weighted_average,kalman(weighted_average),false
1788858844.105,75.210,0.123,-3.386,1.811,-87.676,0.118,-3.389,1.808,-87.750,-0.005,-0.002,-0.003,0.007,0,weighted_average,kalman(weighted_average),false
1788858844.156,75.261,0.109,-3.387,1.813,-87.880,0.115,-3.387,1.811,-87.798,0.006,-0.001,-0.002,0.006,0,weighted_average,kalman(weighted_average),false
1788858844.204,75.310,0.105,-3.383,1.815,-87.962,0.110,-3.385,1.814,-87.877,0.005,-0.001,-0.001,0.005,0,weighted_average,kalman(weighted_average),false
1788858844.306,75.412,0.113,-3.385,1.818,-87.849,0.111,-3.384,1.818,-87.871,-0.001,0.001,0.000,0.001,0,weighted_average,kalman(weighted_average),false
1788858844.355,75.461,0.116,-3.382,1.810,-87.824,0.114,-3.382,1.814,-87.845,-0.001,-0.001,0.003,0.003,0,weighted_average,kalman(weighted_average),false
1788858844.409,75.514,0.107,-3.381,1.805,-87.981,0.111,-3.381,1.808,-87.918,0.003,-0.000,0.003,0.004,0,weighted_average,kalman(weighted_average),false
1788858844.455,75.560,0.110,-3.389,1.814,-87.952,0.110,-3.385,1.810,-87.945,-0.000,0.004,-0.004,0.005,0,weighted_average,kalman(weighted_average),false
1788858844.513,75.618,0.099,-3.388,1.818,-88.102,0.103,-3.387,1.815,-88.043,0.004,0.001,-0.003,0.005,0,weighted_average,kalman(weighted_average),false
1788858844.611,75.716,0.122,-3.385,1.810,-87.798,0.116,-3.386,1.812,-87.907,-0.006,-0.001,0.002,0.006,0,weighted_average,kalman(weighted_average),false
1788858844.657,75.762,0.114,-3.393,1.802,-87.935,0.117,-3.390,1.805,-87.910,0.002,0.003,0.003,0.005,0,weighted_average,kalman(weighted_average),false
1788858844.712,75.817,0.121,-3.392,1.810,-87.869,0.120,-3.392,1.807,-87.878,-0.000,-0.000,-0.003,0.003,0,weighted_average,kalman(weighted_average),false
1788858844.763,75.868,0.113,-3.386,1.804,-87.978,0.117,-3.389,1.805,-87.920,0.004,-0.003,0.001,0.005,0,weighted_average,kalman(weighted_average),false
1788858844.813,75.919,0.123,-3.391,1.809,-87.857,0.121,-3.390,1.807,-87.887,-0.002,0.001,-0.002,0.003,0,weighted_average,kalman(weighted_average),false
1788858844.910,76.016,0.127,-3.392,1.804,-87.822,0.126,-3.391,1.804,-87.836,-0.000,0.000,0.001,0.001,0,weighted_average,kalman(weighted_average),false
1788858844.957,76.062,0.128,-3.393,1.804,-87.811,0.128,-3.393,1.804,-87.813,0.000,0.000,-0.000,0.001,0,weighted_average,kalman(weighted_average),false
1788858845.009,76.114,0.127,-3.392,1.811,-87.843,0.128,-3.393,1.808,-87.819,0.002,-0.000,-0.003,0.003,0,weighted_average,kalman(weighted_average),false
1788858845.058,76.164,0.119,-3.396,1.802,-87.938,0.123,-3.395,1.805,-87.876,0.004,0.001,0.003,0.005,0,weighted_average,kalman(weighted_average),false
1788858845.119,76.224,0.120,-3.392,1.802,-87.917,0.120,-3.393,1.803,-87.905,0.000,-0.002,0.001,0.002,0,weighted_average,kalman(weighted_average),false
1788858845.219,76.325,0.116,-3.399,1.809,-88.019,0.116,-3.398,1.807,-87.995,0.000,0.001,-0.002,0.002,0,weighted_average,kalman(weighted_average),false
1788858845.276,76.381,0.120,-3.399,1.800,-87.984,0.118,-3.399,1.803,-88.004,-0.002,-0.000,0.003,0.003,0,weighted_average,kalman(weighted_average),false
1788858845.319,76.424,0.126,-3.397,1.801,-87.906,0.123,-3.399,1.801,-87.963,-0.003,-0.001,0.001,0.004,0,weighted_average,kalman(weighted_average),false
1788858845.363,76.468,0.134,-3.398,1.803,-87.831,0.130,-3.399,1.802,-87.898,-0.004,-0.001,-0.001,0.004,0,weighted_average,kalman(weighted_average),false
1788858845.415,76.520,0.133,-3.398,1.804,-87.826,0.134,-3.398,1.803,-87.851,0.000,-0.000,-0.001,0.001,0,weighted_average,kalman(weighted_average),false
1788858845.513,76.618,0.125,-3.403,1.800,-87.963,0.129,-3.402,1.801,-87.906,0.004,0.001,0.001,0.004,0,weighted_average,kalman(weighted_average),false
1788858845.562,76.668,0.130,-3.399,1.803,-87.900,0.129,-3.401,1.802,-87.907,-0.001,-0.001,-0.001,0.002,0,weighted_average,kalman(weighted_average),false
1788858845.616,76.722,0.128,-3.401,1.801,-87.900,0.128,-3.401,1.802,-87.906,0.000,0.000,0.000,0.000,0,weighted_average,kalman(weighted_average),false
1788858845.668,76.773,0.137,-3.401,1.800,-87.819,0.133,-3.401,1.801,-87.861,-0.004,-0.000,0.001,0.004,0,weighted_average,kalman(weighted_average),false
1788858845.718,76.824,0.129,-3.402,1.805,-87.907,0.131,-3.402,1.803,-87.879,0.003,0.001,-0.002,0.003,0,weighted_average,kalman(weighted_average),false
1788858845.812,76.917,0.123,-3.406,1.811,-87.991,0.125,-3.405,1.809,-87.951,0.002,0.001,-0.001,0.003,0,weighted_average,kalman(weighted_average),false
1788858845.867,76.972,0.129,-3.407,1.806,-87.875,0.126,-3.407,1.808,-87.918,-0.002,0.000,0.002,0.003,0,weighted_average,kalman(weighted_average),false
1788858845.919,77.024,0.109,-3.404,1.803,-88.119,0.115,-3.405,1.805,-88.032,0.006,-0.002,0.002,0.006,0,weighted_average,kalman(weighted_average),false
1788858845.975,77.081,0.115,-3.409,1.811,-88.041,0.113,-3.408,1.809,-88.058,-0.002,0.001,-0.003,0.004,0,weighted_average,kalman(weighted_average),false
1788858846.076,77.182,0.128,-3.405,1.801,-87.846,0.123,-3.406,1.803,-87.932,-0.005,-0.001,0.002,0.005,0,weighted_average,kalman(weighted_average),false
1788858846.123,77.228,0.134,-3.399,1.794,-87.754,0.131,-3.401,1.796,-87.816,-0.002,-0.002,0.003,0.004,0,weighted_average,kalman(weighted_average),false
1788858846.172,77.277,0.123,-3.402,1.801,-87.867,0.129,-3.401,1.798,-87.815,0.005,0.001,-0.003,0.006,0,weighted_average,kalman(weighted_average),false
1788858846.227,77.333,0.126,-3.405,1.802,-87.835,0.128,-3.403,1.800,-87.805,0.002,0.002,-0.002,0.004,0,weighted_average,kalman(weighted_average),false
1788858846.282,77.388,0.116,-3.406,1.811,-87.915,0.121,-3.405,1.806,-87.850,0.005,0.001,-0.004,0.006,0,weighted_average,kalman(weighted_average),false
1788858846.376,77.481,0.115,-3.401,1.806,-87.893,0.115,-3.403,1.807,-87.877,0.000,-0.001,0.001,0.002,0,weighted_average,kalman(weighted_average),false
1788858846.423,77.529,0.109,-3.399,1.807,-87.966,0.110,-3.400,1.808,-87.931,0.001,-0.001,0.000,0.002,0,weighted_average,kalman(weighted_average),false
1788858846.485,77.590,0.096,-3.406,1.812,-88.056,0.099,-3.403,1.811,-88.016,0.003,0.003,-0.001,0.005,0,weighted_average,kalman(weighted_average),false
1788858846.529,77.635,0.104,-3.397,1.800,-87.950,0.100,-3.400,1.805,-88.000,-0.004,-0.003,0.005,0.007,0,weighted_average,kalman(weighted_average),false
1788858846.580,77.686,0.097,-3.399,1.806,-88.091,0.097,-3.399,1.805,-88.060,-0.001,-0.000,-0.001,0.001,0,weighted_average,kalman(weighted_average),false
1788858846.679,77.784,0.095,-3.403,1.807,-88.041,0.094,-3.401,1.806,-88.071,-0.001,0.001,-0.001,0.002,0,weighted_average,kalman(weighted_average),false
1788858846.729,77.834,0.092,-3.404,1.805,-88.068,0.092,-3.403,1.806,-88.075,0.000,0.001,0.001,0.001,0,weighted_average,kalman(weighted_average),false
1788858846.780,77.885,0.095,-3.401,1.811,-87.990,0.093,-3.402,1.809,-88.034,-0.002,-0.001,-0.002,0.003,0,weighted_average,kalman(weighted_average),false
1788858846.831,77.936,0.091,-3.399,1.810,-88.039,0.091,-3.401,1.811,-88.033,0.001,-0.001,0.000,0.002,0,weighted_average,kalman(weighted_average),false
1788858846.884,77.989,0.093,-3.395,1.804,-87.986,0.092,-3.397,1.807,-88.006,-0.001,-0.002,0.003,0.004,0,weighted_average,kalman(weighted_average),false
1788858846.980,78.086,0.096,-3.396,1.805,-87.939,0.095,-3.396,1.805,-87.953,-0.001,0.001,0.000,0.001,0,weighted_average,kalman(weighted_average),false
1788858847.034,78.139,0.089,-3.396,1.806,-87.994,0.092,-3.395,1.805,-87.967,0.002,0.000,-0.001,0.003,0,weighted_average,kalman(weighted_average),false
1788858847.077,78.182,0.079,-3.390,1.804,-88.138,0.084,-3.392,1.804,-88.053,0.005,-0.002,0.000,0.005,0,weighted_average,kalman(weighted_average),false
1788858847.128,78.233,0.089,-3.393,1.802,-87.983,0.085,-3.392,1.803,-88.028,-0.004,0.001,0.001,0.004,0,weighted_average,kalman(weighted_average),false
1788858847.180,78.285,0.079,-3.399,1.809,-88.106,0.081,-3.395,1.806,-88.072,0.002,0.003,-0.003,0.005,0,weighted_average,kalman(weighted_average),false
1788858847.287,78.392,0.090,-3.393,1.811,-87.938,0.087,-3.394,1.810,-87.991,-0.003,-0.001,-0.001,0.003,0,weighted_average,kalman(weighted_average),false
1788858847.330,78.436,0.093,-3.391,1.812,-87.890,0.092,-3.392,1.812,-87.925,-0.002,-0.001,0.000,0.002,0,weighted_average,kalman(weighted_average),false
1788858847.386,78.491,0.080,-3.391,1.811,-88.111,0.086,-3.391,1.812,-88.010,0.006,0.000,0.001,0.006,0,weighted_average,kalman(weighted_average),false
1788858847.434,78.539,0.078,-3.394,1.810,-88.138,0.081,-3.392,1.811,-88.081,0.003,0.001,0.001,0.003,0,weighted_average,kalman(weighted_average),false
1788858847.507,78.613,0.087,-3.397,1.809,-87.993,0.084,-3.395,1.810,-88.046,-0.003,0.001,0.001,0.004,0,weighted_average,kalman(weighted_average),false
1788858847.608,78.713,0.089,-3.391,1.809,-87.988,0.088,-3.393,1.809,-88.006,-0.001,-0.001,-0.000,0.002,0,weighted_average,kalman(weighted_average),false
1788858847.655,78.761,0.102,-3.392,1.807,-87.853,0.098,-3.392,1.808,-87.912,-0.004,0.000,0.001,0.004,0,weighted_average,kalman(weighted_average),false
1788858847.707,78.812,0.079,-3.391,1.804,-88.168,0.088,-3.391,1.805,-88.034,0.009,-0.000,0.001,0.009,0,weighted_average,kalman(weighted_average),false
1788858847.759,78.864,0.085,-3.394,1.803,-88.104,0.086,-3.392,1.803,-88.079,0.001,0.002,0.000,0.002,0,weighted_average,kalman(weighted_average),false
1788858847.809,78.914,0.081,-3.390,1.805,-88.177,0.082,-3.391,1.803,-88.144,0.001,-0.001,-0.001,0.002,0,weighted_average,kalman(weighted_average),false
1788858847.905,79.010,0.077,-3.394,1.804,-88.245,0.077,-3.393,1.803,-88.237,0.000,0.001,-0.001,0.001,0,weighted_average,kalman(weighted_average),false
1788858847.956,79.061,0.078,-3.391,1.801,-88.233,0.077,-3.392,1.801,-88.254,-0.001,-0.001,0.001,0.002,0,weighted_average,kalman(weighted_average),false
1788858848.009,79.114,0.075,-3.390,1.805,-88.292,0.075,-3.391,1.803,-88.292,0.000,-0.001,-0.002,0.002,0,weighted_average,kalman(weighted_average),false
1788858848.063,79.169,0.080,-3.396,1.813,-88.253,0.078,-3.394,1.809,-88.288,-0.002,0.002,-0.004,0.005,0,weighted_average,kalman(weighted_average),false
1788858848.122,79.227,0.098,-3.394,1.818,-88.023,0.091,-3.394,1.816,-88.152,-0.007,-0.001,-0.002,0.008,0,weighted_average,kalman(weighted_average),false
1788858848.217,79.323,0.097,-3.391,1.811,-88.057,0.098,-3.392,1.814,-88.066,0.001,-0.001,0.003,0.003,0,weighted_average,kalman(weighted_average),false
1788858848.267,79.372,0.094,-3.390,1.808,-88.093,0.097,-3.391,1.810,-88.064,0.003,-0.001,0.002,0.003,0,weighted_average,kalman(weighted_average),false
1788858848.327,79.432,0.110,-3.393,1.805,-87.910,0.106,-3.391,1.806,-87.961,-0.004,0.001,0.001,0.004,0,weighted_average,kalman(weighted_average),false
1788858848.369,79.475,0.081,-3.395,1.817,-88.353,0.093,-3.393,1.811,-88.141,0.012,0.002,-0.006,0.014,0,weighted_average,kalman(weighted_average),false
1788858848.420,79.525,0.085,-3.397,1.814,-88.303,0.087,-3.396,1.813,-88.237,0.002,0.001,-0.001,0.003,0,weighted_average,kalman(weighted_average),false
1788858848.511,79.616,0.098,-3.385,1.820,-88.077,0.093,-3.388,1.819,-88.166,-0.005,-0.004,-0.001,0.006,0,weighted_average,kalman(weighted_average),false
1788858848.564,79.669,0.095,-3.389,1.812,-88.117,0.095,-3.387,1.815,-88.135,-0.000,0.001,0.004,0.004,0,weighted_average,kalman(weighted_average),false
1788858848.616,79.721,0.100,-3.384,1.809,-88.025,0.099,-3.385,1.811,-88.067,-0.001,-0.000,0.002,0.003,0,weighted_average,kalman(weighted_average),false
1788858848.672,79.778,0.097,-3.386,1.817,-88.083,0.099,-3.385,1.814,-88.059,0.002,0.001,-0.003,0.004,0,weighted_average,kalman(weighted_average),false
1788858848.787,79.892,0.095,-3.389,1.802,-88.160,0.096,-3.388,1.804,-88.119,0.001,0.001,0.002,0.003,0,weighted_average,kalman(weighted_average),false
1788858848.835,79.940,0.097,-3.387,1.809,-88.112,0.096,-3.387,1.806,-88.121,-0.001,-0.001,-0.003,0.003,0,weighted_average,kalman(weighted_average),false
1788858848.887,79.993,0.097,-3.386,1.805,-88.091,0.096,-3.387,1.805,-88.110,-0.000,-0.001,-0.000,0.001,0,weighted_average,kalman(weighted_average),false
1788858848.943,80.048,0.095,-3.382,1.801,-88.124,0.095,-3.384,1.802,-88.119,0.001,-0.002,0.001,0.002,0,weighted_average,kalman(weighted_average),false
1788858849.044,80.150,0.105,-3.393,1.800,-87.999,0.103,-3.390,1.800,-88.039,-0.002,0.003,-0.001,0.004,0,weighted_average,kalman(weighted_average),false
1788858849.099,80.204,0.110,-3.384,1.789,-87.926,0.109,-3.387,1.792,-87.959,-0.001,-0.003,0.003,0.004,0,weighted_average,kalman(weighted_average),false
1788858849.152,80.257,0.101,-3.391,1.790,-88.090,0.105,-3.390,1.789,-88.013,0.005,0.002,-0.001,0.005,0,weighted_average,kalman(weighted_average),false
1788858849.203,80.308,0.105,-3.381,1.794,-88.045,0.105,-3.385,1.791,-88.026,0.000,-0.004,-0.003,0.005,0,weighted_average,kalman(weighted_average),false
1788858849.311,80.416,0.107,-3.377,1.788,-88.018,0.107,-3.378,1.788,-88.020,-0.000,-0.001,-0.000,0.001,0,weighted_average,kalman(weighted_average),false
1788858849.361,80.466,0.098,-3.375,1.782,-88.148,0.101,-3.375,1.784,-88.095,0.003,0.000,0.002,0.004,0,weighted_average,kalman(weighted_average),false
1788858849.410,80.516,0.100,-3.371,1.785,-88.085,0.100,-3.371,1.783,-88.101,-0.000,-0.000,-0.001,0.002,0,weighted_average,kalman(weighted_average),false
1788858849.460,80.565,0.106,-3.370,1.784,-88.014,0.103,-3.369,1.783,-88.063,-0.003,0.001,-0.001,0.003,0,weighted_average,kalman(weighted_average),false
1788858849.513,80.619,0.109,-3.373,1.782,-88.059,0.106,-3.370,1.782,-88.060,-0.002,0.002,0.000,0.003,0,weighted_average,kalman(weighted_average),false
1788858849.618,80.724,0.097,-3.357,1.776,-88.146,0.100,-3.359,1.777,-88.119,0.003,-0.002,0.001,0.004,0,weighted_average,kalman(weighted_average),false
1788858849.676,80.781,0.098,-3.350,1.774,-88.098,0.098,-3.351,1.774,-88.115,-0.001,-0.001,0.000,0.001,0,weighted_average,kalman(weighted_average),false
1788858849.723,80.828,0.103,-3.343,1.774,-88.046,0.100,-3.344,1.773,-88.082,-0.003,-0.001,-0.001,0.003,0,weighted_average,kalman(weighted_average),false
1788858849.775,80.880,0.104,-3.340,1.773,-88.025,0.103,-3.339,1.772,-88.049,-0.002,0.001,-0.001,0.002,0,weighted_average,kalman(weighted_average),false
1788858849.882,80.987,0.097,-3.325,1.770,-88.109,0.099,-3.326,1.770,-88.082,0.001,-0.000,-0.000,0.002,0,weighted_average,kalman(weighted_average),false
1788858849.931,81.037,0.095,-3.320,1.763,-88.130,0.096,-3.320,1.765,-88.114,0.001,0.000,0.002,0.002,0,weighted_average,kalman(weighted_average),false
1788858849.983,81.089,0.097,-3.314,1.758,-88.113,0.096,-3.314,1.759,-88.121,-0.001,0.000,0.001,0.002,0,weighted_average,kalman(weighted_average),false
1788858850.036,81.142,0.105,-3.304,1.758,-87.983,0.101,-3.305,1.757,-88.052,-0.004,-0.001,-0.001,0.004,0,weighted_average,kalman(weighted_average),false
1788858850.149,81.254,0.102,-3.280,1.759,-88.037,0.102,-3.282,1.757,-88.031,0.000,-0.002,-0.002,0.002,0,weighted_average,kalman(weighted_average),false
1788858850.193,81.299,0.105,-3.275,1.756,-87.992,0.104,-3.274,1.756,-88.004,-0.001,0.001,0.000,0.001,0,weighted_average,kalman(weighted_average),false
1788858850.254,81.359,0.097,-3.264,1.760,-88.095,0.100,-3.264,1.758,-88.049,0.003,0.001,-0.001,0.004,0,weighted_average,kalman(weighted_average),false
1788858850.300,81.405,0.097,-3.250,1.759,-88.093,0.098,-3.252,1.759,-88.075,0.000,-0.002,-0.000,0.002,0,weighted_average,kalman(weighted_average),false
1788858850.411,81.516,0.095,-3.230,1.757,-88.115,0.095,-3.229,1.757,-88.112,-0.000,0.000,0.001,0.001,0,weighted_average,kalman(weighted_average),false
1788858850.461,81.566,0.095,-3.221,1.766,-88.110,0.095,-3.221,1.763,-88.117,-0.000,0.001,-0.003,0.003,0,weighted_average,kalman(weighted_average),false
1788858850.516,81.622,0.100,-3.212,1.761,-88.064,0.098,-3.212,1.763,-88.092,-0.002,0.001,0.002,0.003,0,weighted_average,kalman(weighted_average),false
1788858850.565,81.670,0.088,-3.200,1.764,-88.198,0.093,-3.201,1.764,-88.148,0.004,-0.001,-0.000,0.004,0,weighted_average,kalman(weighted_average),false
1788858850.672,81.777,0.096,-3.176,1.757,-88.105,0.094,-3.177,1.759,-88.130,-0.001,-0.001,0.002,0.002,0,weighted_average,kalman(weighted_average),false
1788858850.724,81.829,0.098,-3.167,1.758,-88.086,0.097,-3.167,1.757,-88.103,-0.001,0.001,-0.000,0.001,0,weighted_average,kalman(weighted_average),false
1788858850.776,81.881,0.100,-3.157,1.748,-88.049,0.099,-3.157,1.751,-88.068,-0.000,0.001,0.003,0.003,0,weighted_average,kalman(weighted_average),false
1788858850.826,81.931,0.100,-3.148,1.761,-88.045,0.100,-3.147,1.756,-88.047,0.000,0.000,-0.005,0.005,0,weighted_average,kalman(weighted_average),false
1788858850.880,81.985,0.102,-3.138,1.760,-88.021,0.102,-3.138,1.759,-88.023,-0.000,0.000,-0.002,0.002,0,weighted_average,kalman(weighted_average),false
1788858850.987,82.092,0.093,-3.118,1.761,-88.165,0.096,-3.118,1.761,-88.110,0.002,0.000,-0.000,0.002,0,weighted_average,kalman(weighted_average),false
1788858851.033,82.138,0.099,-3.108,1.767,-88.058,0.097,-3.109,1.765,-88.090,-0.002,-0.000,-0.002,0.003,0,weighted_average,kalman(weighted_average),false
1788858851.085,82.190,0.093,-3.096,1.761,-88.170,0.094,-3.097,1.764,-88.138,0.001,-0.001,0.003,0.003,0,weighted_average,kalman(weighted_average),false
1788858851.138,82.243,0.093,-3.083,1.762,-88.138,0.093,-3.084,1.763,-88.149,-0.000,-0.001,0.001,0.002,0,weighted_average,kalman(weighted_average),false
1788858851.248,82.353,0.098,-3.057,1.769,-88.028,0.097,-3.058,1.768,-88.074,-0.002,-0.001,-0.001,0.002,0,weighted_average,kalman(weighted_average),false
1788858851.294,82.399,0.092,-3.054,1.771,-88.159,0.094,-3.051,1.770,-88.115,0.002,0.003,-0.000,0.003,0,weighted_average,kalman(weighted_average),false
1788858851.351,82.456,0.099,-3.040,1.768,-88.085,0.097,-3.040,1.770,-88.098,-0.002,0.000,0.002,0.002,0,weighted_average,kalman(weighted_average),false
1788858851.397,82.503,0.105,-3.027,1.765,-87.972,0.102,-3.029,1.768,-88.029,-0.003,-0.001,0.002,0.004,0,weighted_average,kalman(weighted_average),false
1788858851.451,82.556,0.099,-3.015,1.769,-88.072,0.102,-3.016,1.768,-88.037,0.002,-0.001,-0.001,0.003,0,weighted_average,kalman(weighted_average),false
1788858851.560,82.665,0.091,-2.995,1.774,-88.202,0.094,-2.994,1.773,-88.145,0.003,0.001,-0.001,0.003,0,weighted_average,kalman(weighted_average),false
1788858851.606,82.711,0.094,-2.982,1.771,-88.180,0.093,-2.983,1.772,-88.178,-0.001,-0.001,0.001,0.002,0,weighted_average,kalman(weighted_average),false
1788858851.659,82.764,0.100,-2.973,1.774,-88.072,0.097,-2.972,1.774,-88.136,-0.004,0.001,-0.000,0.004,0,weighted_average,kalman(weighted_average),false
1788858851.711,82.817,0.099,-2.957,1.774,-88.094,0.098,-2.959,1.774,-88.116,-0.001,-0.002,0.000,0.002,0,weighted_average,kalman(weighted_average),false
1788858851.821,82.926,0.098,-2.934,1.779,-88.101,0.098,-2.934,1.779,-88.104,0.000,0.000,-0.001,0.001,0,weighted_average,kalman(weighted_average),false
1788858851.878,82.983,0.091,-2.927,1.774,-88.209,0.094,-2.925,1.776,-88.167,0.002,0.002,0.002,0.003,0,weighted_average,kalman(weighted_average),false
1788858851.925,83.030,0.091,-2.911,1.781,-88.214,0.091,-2.913,1.779,-88.201,0.000,-0.002,-0.002,0.003,0,weighted_average,kalman(weighted_average),false
1788858851.978,83.083,0.096,-2.899,1.786,-88.142,0.093,-2.900,1.784,-88.181,-0.003,-0.001,-0.002,0.003,0,weighted_average,kalman(weighted_average),false
1788858852.084,83.189,0.094,-2.876,1.791,-88.159,0.094,-2.876,1.791,-88.171,-0.000,0.000,-0.000,0.000,0,weighted_average,kalman(weighted_average),false
1788858852.132,83.237,0.098,-2.866,1.786,-88.137,0.096,-2.866,1.789,-88.150,-0.001,0.000,0.003,0.003,0,weighted_average,kalman(weighted_average),false
1788858852.188,83.294,0.097,-2.857,1.791,-88.141,0.097,-2.856,1.791,-88.141,0.000,0.001,-0.000,0.002,0,weighted_average,kalman(weighted_average),false
1788858852.236,83.341,0.106,-2.850,1.786,-87.995,0.103,-2.849,1.788,-88.060,-0.003,0.002,0.002,0.004,0,weighted_average,kalman(weighted_average),false
1788858852.344,83.450,0.104,-2.820,1.787,-88.033,0.105,-2.822,1.787,-88.019,0.001,-0.002,0.000,0.002,0,weighted_average,kalman(weighted_average),false
1788858852.397,83.502,0.101,-2.817,1.787,-88.085,0.103,-2.815,1.787,-88.049,0.002,0.002,-0.000,0.003,0,weighted_average,kalman(weighted_average),false
1788858852.445,83.551,0.099,-2.800,1.787,-88.134,0.100,-2.802,1.787,-88.094,0.001,-0.002,0.000,0.002,0,weighted_average,kalman(weighted_average),false
1788858852.494,83.599,0.098,-2.800,1.798,-88.150,0.098,-2.796,1.794,-88.130,0.001,0.003,-0.005,0.006,0,weighted_average,kalman(weighted_average),false
1788858852.608,83.713,0.097,-2.768,1.799,-88.131,0.097,-2.769,1.799,-88.144,-0.001,-0.001,0.000,0.002,0,weighted_average,kalman(weighted_average),false
1788858852.657,83.762,0.105,-2.759,1.798,-88.034,0.102,-2.759,1.799,-88.082,-0.003,0.000,0.001,0.003,0,weighted_average,kalman(weighted_average),false
1788858852.703,83.808,0.094,-2.745,1.800,-88.184,0.098,-2.746,1.800,-88.130,0.004,-0.001,-0.000,0.004,0,weighted_average,kalman(weighted_average),false
1788858852.756,83.861,0.100,-2.740,1.794,-88.121,0.099,-2.738,1.797,-88.128,-0.001,0.003,0.003,0.004,0,weighted_average,kalman(weighted_average),false
1788858852.868,83.973,0.104,-2.711,1.805,-88.025,0.103,-2.711,1.803,-88.056,-0.001,-0.001,-0.002,0.002,0,weighted_average,kalman(weighted_average),false
1788858852.920,84.025,0.099,-2.707,1.804,-88.118,0.101,-2.705,1.805,-88.083,0.002,0.003,0.000,0.003,0,weighted_average,kalman(weighted_average),false
1788858852.973,84.078,0.097,-2.699,1.807,-88.169,0.098,-2.698,1.807,-88.129,0.002,0.002,0.000,0.002,0,weighted_average,kalman(weighted_average),false
1788858853.023,84.129,0.105,-2.691,1.796,-88.017,0.102,-2.690,1.801,-88.074,-0.003,0.001,0.005,0.006,0,weighted_average,kalman(weighted_average),false
1788858853.129,84.234,0.109,-3.134,1.792,-88.894,0.102,-2.690,1.801,-88.644,-0.006,0.443,0.009,0.443,12,weighted_average,kalman(weighted_average),true
1788858853.188,84.293,0.022,-3.167,1.751,-90.018,0.030,-3.121,1.756,-89.583,0.008,0.047,0.005,0.047,12,weighted_average,kalman(weighted_average),false
1788858853.233,84.338,0.132,-3.091,1.729,-88.568,0.087,-3.147,1.734,-89.216,-0.044,-0.056,0.005,0.072,12,weighted_average,kalman(weighted_average),false
1788858853.288,84.393,0.130,-3.090,1.757,-88.620,0.117,-3.153,1.741,-88.979,-0.013,-0.063,-0.016,0.066,12,weighted_average,kalman(weighted_average),false
1788858853.400,84.505,-2.483,-3.080,1.288,-120.359,0.117,-3.153,1.741,-111.722,2.599,-0.074,0.453,2.640,12,weighted_average,kalman(weighted_average),true
1788858853.450,84.555,0.143,-3.045,1.688,-88.422,0.141,-3.055,1.693,-100.950,-0.003,-0.010,0.005,0.012,12,weighted_average,kalman(weighted_average),false
1788858853.503,84.608,0.020,-3.104,1.573,-90.094,0.063,-3.076,1.607,-95.401,0.043,0.028,0.034,0.062,12,weighted_average,kalman(weighted_average),false
1788858853.550,84.655,0.127,-3.017,1.765,-88.637,0.091,-3.037,1.685,-91.318,-0.035,-0.020,-0.080,0.089,12,weighted_average,kalman(weighted_average),false
1788858853.602,84.707,0.053,-3.037,1.742,-89.614,0.067,-3.027,1.723,-89.314,0.014,0.010,-0.019,0.026,12,weighted_average,kalman(weighted_average),false
1788858853.712,84.817,0.085,-3.009,1.753,-89.272,0.076,-3.005,1.756,-87.926,-0.009,0.004,0.003,0.010,12,weighted_average,kalman(weighted_average),false
1788858853.762,84.867,0.087,-2.992,1.782,-89.238,0.085,-2.993,1.779,-88.308,-0.003,-0.001,-0.003,0.004,12,weighted_average,kalman(weighted_average),false
1788858853.818,84.923,-0.011,-3.006,1.747,-90.506,0.025,-2.997,1.765,-89.333,0.036,0.009,0.018,0.041,12,weighted_average,kalman(weighted_average),false
1788858853.864,84.969,0.022,-2.991,1.715,-90.089,0.014,-2.992,1.737,-89.759,-0.008,-0.001,0.022,0.023,12,weighted_average,kalman(weighted_average),false
1788858853.970,85.075,0.101,-2.912,1.775,-88.902,0.075,-2.927,1.763,-89.283,-0.026,-0.015,-0.013,0.032,12,weighted_average,kalman(weighted_average),false
1788858854.023,85.129,0.038,-2.929,1.830,-89.735,0.059,-2.919,1.812,-89.506,0.020,0.011,-0.018,0.029,12,weighted_average,kalman(weighted_average),false
1788858854.069,85.174,-0.033,-2.943,1.739,-90.602,0.005,-2.927,1.777,-90.098,0.038,0.016,0.038,0.056,12,weighted_average,kalman(weighted_average),false
1788858854.123,85.228,-0.050,-2.938,1.755,-90.790,-0.037,-2.931,1.764,-90.577,0.013,0.008,0.009,0.017,12,weighted_average,kalman(weighted_average),false
1788858854.228,85.333,0.071,-2.849,1.769,-89.021,0.037,-2.865,1.766,-89.674,-0.035,-0.016,-0.003,0.038,12,weighted_average,kalman(weighted_average),false
1788858854.301,85.406,-0.137,-2.900,1.917,-91.816,-0.082,-2.880,1.879,-90.987,0.055,0.019,-0.038,0.070,12,weighted_average,kalman(weighted_average),false
1788858854.357,85.462,0.025,-2.826,1.758,-89.502,-0.025,-2.842,1.816,-90.257,-0.051,-0.017,0.058,0.079,12,weighted_average,kalman(weighted_average),false
1788858854.404,85.509,0.038,-2.797,1.829,-89.280,0.014,-2.808,1.823,-89.712,-0.023,-0.011,-0.006,0.026,12,weighted_average,kalman(weighted_average),false
1788858854.504,85.609,0.016,-2.766,1.816,-89.439,0.025,-2.763,1.819,-89.386,0.008,0.002,0.002,0.009,12,weighted_average,kalman(weighted_average),false
1788858854.557,85.662,0.085,-2.724,1.786,-88.402,0.068,-2.729,1.796,-88.722,-0.017,-0.005,0.010,0.021,12,weighted_average,kalman(weighted_average),false
1788858854.611,85.717,0.020,-2.742,1.772,-89.270,0.046,-2.727,1.776,-88.868,0.026,0.015,0.005,0.030,12,weighted_average,kalman(weighted_average),false
1788858854.661,85.766,0.025,-2.721,1.785,-89.149,0.034,-2.718,1.776,-88.942,0.009,0.004,-0.009,0.014,12,weighted_average,kalman(weighted_average),false
1788858854.711,85.816,-0.165,-2.779,1.824,-91.775,-0.086,-2.749,1.801,-90.374,0.079,0.030,-0.023,0.087,12,weighted_average,kalman(weighted_average),false
1788858854.805,85.911,-0.009,-2.688,1.773,-89.488,-0.053,-2.706,1.783,-90.074,-0.043,-0.018,0.010,0.048,12,weighted_average,kalman(weighted_average),false
1788858854.854,85.959,-0.097,-2.712,1.744,-90.666,-0.080,-2.704,1.755,-90.431,0.017,0.008,0.011,0.022,12,weighted_average,kalman(weighted_average),false
1788858854.904,86.009,-0.080,-2.692,1.786,-90.402,-0.084,-2.692,1.768,-90.487,-0.004,-0.001,-0.018,0.018,12,weighted_average,kalman(weighted_average),false
1788858854.960,86.065,-0.044,-2.665,1.733,-89.837,-0.062,-2.671,1.745,-90.195,-0.018,-0.005,0.012,0.022,12,weighted_average,kalman(weighted_average),false
1788858855.002,86.107,-0.026,-2.617,1.882,-89.497,-0.039,-2.635,1.819,-89.835,-0.013,-0.018,-0.063,0.067,12,weighted_average,kalman(weighted_average),false
1788858855.096,86.202,-0.012,-2.601,1.787,-89.233,-0.013,-2.597,1.807,-89.347,-0.000,0.003,0.020,0.020,12,weighted_average,kalman(weighted_average),false
1788858855.146,86.251,-0.014,-2.574,1.781,-89.154,-0.008,-2.575,1.790,-89.143,0.005,-0.001,0.009,0.010,12,weighted_average,kalman(weighted_average),false
1788858855.196,86.301,-0.022,-2.568,1.831,-89.258,-0.013,-2.562,1.812,-89.106,0.009,0.005,-0.019,0.022,12,weighted_average,kalman(weighted_average),false
1788858855.250,86.356,-0.040,-2.561,1.773,-89.473,-0.028,-2.554,1.790,-89.228,0.012,0.007,0.017,0.022,12,weighted_average,kalman(weighted_average),false
1788858855.300,86.405,-0.056,-2.542,1.785,-89.611,-0.047,-2.542,1.784,-89.403,0.009,0.000,-0.001,0.009,12,weighted_average,kalman(weighted_average),false
1788858855.400,86.505,-0.043,-2.519,1.765,-89.372,-0.049,-2.519,1.766,-89.400,-0.006,0.000,0.001,0.006,12,weighted_average,kalman(weighted_average),false
1788858855.450,86.555,-0.054,-2.498,1.820,-89.484,-0.053,-2.501,1.799,-89.452,0.001,-0.003,-0.021,0.022,12,weighted_average,kalman(weighted_average),false
1788858855.500,86.606,-0.079,-2.495,1.806,-89.822,-0.071,-2.492,1.807,-89.665,0.008,0.003,0.001,0.009,12,weighted_average,kalman(weighted_average),false
1788858855.554,86.659,-0.130,-2.492,1.816,-90.527,-0.111,-2.487,1.816,-90.177,0.019,0.005,0.000,0.019,12,weighted_average,kalman(weighted_average),false
1788858855.607,86.713,-0.041,-2.426,1.834,-89.126,-0.078,-2.446,1.831,-89.732,-0.036,-0.020,-0.004,0.042,12,weighted_average,kalman(weighted_average),false
1788858855.697,86.803,-0.123,-2.453,1.837,-90.349,-0.111,-2.441,1.841,-90.131,0.012,0.012,0.003,0.017,12,weighted_average,kalman(weighted_average),false
1788858855.752,86.857,-0.074,-2.402,1.846,-89.521,-0.091,-2.412,1.847,-89.834,-0.017,-0.011,0.001,0.020,12,weighted_average,kalman(weighted_average),false
1788858855.799,86.904,-0.099,-2.402,1.811,-89.851,-0.095,-2.400,1.827,-89.835,0.004,0.002,0.016,0.017,12,weighted_average,kalman(weighted_average),false
1788858855.853,86.958,-0.101,-2.384,1.788,-89.825,-0.099,-2.384,1.801,-89.823,0.002,0.000,0.013,0.013,12,weighted_average,kalman(weighted_average),false
1788858855.900,87.006,-0.078,-2.354,1.793,-89.434,-0.088,-2.361,1.791,-89.618,-0.009,-0.007,-0.002,0.012,12,weighted_average,kalman(weighted_average),false
1788858855.997,87.102,-0.124,-2.347,1.820,-90.066,-0.114,-2.341,1.807,-89.864,0.010,0.005,-0.013,0.017,12,weighted_average,kalman(weighted_average),false
1788858856.050,87.155,-0.120,-2.322,1.814,-89.949,-0.122,-2.325,1.813,-89.940,-0.001,-0.002,-0.000,0.003,12,weighted_average,kalman(weighted_average),false
1788858856.098,87.204,-0.115,-2.307,1.837,-89.853,-0.121,-2.309,1.830,-89.922,-0.006,-0.002,-0.007,0.009,12,weighted_average,kalman(weighted_average),false
1788858856.149,87.254,-0.094,-2.274,1.833,-89.479,-0.107,-2.282,1.836,-89.706,-0.012,-0.008,0.003,0.015,12,weighted_average,kalman(weighted_average),false
1788858856.197,87.302,-0.109,-2.282,1.773,-89.710,-0.107,-2.274,1.802,-89.683,0.002,0.008,0.029,0.031,12,weighted_average,kalman(weighted_average),false
1788858856.299,87.404,-0.102,-2.237,1.758,-89.533,-0.102,-2.239,1.764,-89.553,-0.000,-0.001,0.005,0.006,12,weighted_average,kalman(weighted_average),false
1788858856.350,87.455,-0.109,-2.223,1.753,-89.600,-0.106,-2.222,1.750,-89.557,0.003,0.001,-0.003,0.004,12,weighted_average,kalman(weighted_average),false
1788858856.400,87.505,-0.143,-2.235,1.742,-90.146,-0.129,-2.224,1.739,-89.863,0.014,0.011,-0.003,0.018,12,weighted_average,kalman(weighted_average),false
1788858856.452,87.558,-0.100,-2.177,1.806,-89.399,-0.115,-2.192,1.775,-89.655,-0.015,-0.015,-0.032,0.038,12,weighted_average,kalman(weighted_average),false
1788858856.508,87.613,-0.166,-2.201,1.774,-90.475,-0.147,-2.189,1.778,-90.088,0.019,0.011,0.004,0.023,12,weighted_average,kalman(weighted_average),false
1788858856.601,87.706,-0.195,-2.190,1.719,-90.924,-0.189,-2.185,1.735,-90.731,0.006,0.005,0.017,0.018,12,weighted_average,kalman(weighted_average),false
1788858856.652,87.757,-0.156,-2.147,1.778,-90.299,-0.175,-2.159,1.757,-90.597,-0.019,-0.012,-0.021,0.030,12,weighted_average,kalman(weighted_average),false
1788858856.704,87.809,-0.119,-2.109,1.785,-89.692,-0.142,-2.122,1.775,-90.158,-0.023,-0.013,-0.010,0.028,12,weighted_average,kalman(weighted_average),false
1788858856.757,87.862,-0.102,-2.078,1.836,-89.382,-0.113,-2.086,1.816,-89.704,-0.010,-0.007,-0.020,0.024,12,weighted_average,kalman(weighted_average),false
1788858856.804,87.909,-0.093,-2.063,1.800,-89.270,-0.094,-2.061,1.815,-89.387,-0.000,0.002,0.015,0.015,12,weighted_average,kalman(weighted_average),false
1788858856.897,88.003,-0.108,-2.047,1.770,-89.527,-0.095,-2.038,1.787,-89.318,0.012,0.009,0.017,0.023,12,weighted_average,kalman(weighted_average),false
1788858856.952,88.057,-0.111,-2.039,1.781,-89.595,-0.104,-2.033,1.779,-89.432,0.006,0.006,-0.001,0.009,12,weighted_average,kalman(weighted_average),false
1788858857.001,88.106,-0.083,-2.009,1.775,-89.145,-0.092,-2.015,1.773,-89.264,-0.009,-0.005,-0.001,0.011,12,weighted_average,kalman(weighted_average),false
1788858857.053,88.158,-0.100,-2.004,1.798,-89.436,-0.095,-2.003,1.785,-89.318,0.005,0.002,-0.013,0.014,12,weighted_average,kalman(weighted_average),false
1788858857.100,88.205,-0.074,-1.974,1.779,-89.020,-0.082,-1.981,1.782,-89.152,-0.009,-0.007,0.003,0.011,12,weighted_average,kalman(weighted_average),false
1788858857.201,88.306,-0.110,-1.978,1.778,-89.702,-0.101,-1.971,1.779,-89.473,0.009,0.007,0.000,0.011,12,weighted_average,kalman(weighted_average),false
1788858857.253,88.358,-0.089,-1.952,1.773,-89.393,-0.095,-1.956,1.774,-89.464,-0.007,-0.004,0.001,0.008,12,weighted_average,kalman(weighted_average),false
1788858857.314,88.419,-0.080,-1.926,1.797,-89.216,-0.086,-1.932,1.788,-89.346,-0.006,-0.006,-0.008,0.012,12,weighted_average,kalman(weighted_average),false
1788858857.353,88.458,-0.102,-1.930,1.811,-89.714,-0.094,-1.926,1.803,-89.528,0.008,0.004,-0.008,0.012,12,weighted_average,kalman(weighted_average),false
1788858857.403,88.509,-0.081,-1.909,1.793,-89.353,-0.087,-1.911,1.801,-89.467,-0.006,-0.002,0.008,0.010,12,weighted_average,kalman(weighted_average),false
1788858857.506,88.611,-0.092,-1.883,1.800,-89.672,-0.090,-1.883,1.803,-89.616,0.002,0.000,0.002,0.003,12,weighted_average,kalman(weighted_average),false
1788858857.553,88.659,-0.075,-1.870,1.779,-89.382,-0.081,-1.870,1.788,-89.504,-0.006,0.000,0.009,0.010,12,weighted_average,kalman(weighted_average),false
1788858857.608,88.714,-0.078,-1.863,1.792,-89.466,-0.078,-1.860,1.788,-89.481,0.001,0.003,-0.004,0.005,12,weighted_average,kalman(weighted_average),false
1788858857.654,88.759,-0.059,-1.839,1.808,-89.155,-0.066,-1.843,1.799,-89.308,-0.007,-0.005,-0.009,0.012,12,weighted_average,kalman(weighted_average),false
1788858857.706,88.812,-0.052,-1.828,1.795,-89.038,-0.055,-1.828,1.798,-89.133,-0.002,-0.000,0.003,0.004,12,weighted_average,kalman(weighted_average),false
1788858857.801,88.906,-0.036,-1.808,1.790,-88.710,-0.037,-1.807,1.792,-88.787,-0.001,0.002,0.002,0.003,12,weighted_average,kalman(weighted_average),false
1788858857.856,88.962,-0.041,-1.806,1.765,-88.265,-0.036,-1.802,1.773,-88.405,0.005,0.004,0.008,0.010,12,weighted_average,kalman(weighted_average),false
1788858857.903,89.009,-0.016,-1.781,1.798,-87.420,-0.022,-1.786,1.785,-87.775,-0.006,-0.005,-0.013,0.015,12,weighted_average,kalman(weighted_average),false
1788858857.955,89.060,-0.027,-1.787,1.782,-86.961,-0.021,-1.782,1.783,-87.162,0.006,0.005,0.001,0.008,12,weighted_average,kalman(weighted_average),false
1788858858.004,89.109,0.006,-1.755,1.822,-85.953,-0.003,-1.763,1.805,-86.328,-0.009,-0.007,-0.016,0.020,12,weighted_average,kalman(weighted_average),false
1788858858.098,89.203,-0.007,-1.751,1.826,-85.107,-0.001,-1.748,1.825,-85.141,0.006,0.003,-0.001,0.007,12,weighted_average,kalman(weighted_average),false
1788858858.151,89.256,-0.031,-1.763,1.792,-84.860,-0.020,-1.755,1.807,-84.707,0.011,0.008,0.015,0.020,12,weighted_average,kalman(weighted_average),false
1788858858.198,89.303,-0.019,-1.750,1.821,-84.237,-0.022,-1.751,1.814,-84.219,-0.003,-0.001,-0.007,0.007,12,weighted_average,kalman(weighted_average),false
1788858858.251,89.357,-0.087,-1.796,1.816,-84.840,-0.064,-1.778,1.816,-84.285,0.023,0.018,0.000,0.030,12,weighted_average,kalman(weighted_average),false
1788858858.299,89.404,-0.035,-1.755,1.833,-83.421,-0.055,-1.768,1.827,-83.700,-0.020,-0.013,-0.007,0.025,12,weighted_average,kalman(weighted_average),false
1788858858.398,89.503,-0.080,-1.777,1.867,-83.052,-0.078,-1.776,1.860,-82.998,0.002,0.001,-0.007,0.007,12,weighted_average,kalman(weighted_average),false
1788858858.448,89.554,-0.048,-1.750,1.845,-81.593,-0.062,-1.760,1.856,-82.024,-0.014,-0.010,0.010,0.020,12,weighted_average,kalman(weighted_average),false
1788858858.498,89.603,-0.009,-1.733,1.831,-80.454,-0.029,-1.742,1.843,-80.908,-0.020,-0.008,0.012,0.025,12,weighted_average,kalman(weighted_average),false
1788858858.551,89.657,0.005,-1.726,1.821,-79.341,-0.002,-1.727,1.829,-79.680,-0.007,-0.002,0.008,0.010,12,weighted_average,kalman(weighted_average),false
1788858858.602,89.707,-0.020,-1.745,1.806,-78.944,-0.005,-1.733,1.812,-78.853,0.015,0.012,0.006,0.020,12,weighted_average,kalman(weighted_average),false
1788858858.697,89.802,0.015,-1.717,1.874,-77.378,0.014,-1.719,1.854,-77.315,-0.000,-0.002,-0.020,0.020,12,weighted_average,kalman(weighted_average),false
1788858858.748,89.853,-0.026,-1.745,1.822,-77.329,-0.008,-1.733,1.838,-76.961,0.017,0.011,0.017,0.027,12,weighted_average,kalman(weighted_average),false
1788858858.798,89.903,0.005,-1.725,1.849,-76.301,-0.002,-1.729,1.845,-76.305,-0.007,-0.004,-0.003,0.009,12,weighted_average,kalman(weighted_average),false
1788858858.852,89.957,-0.030,-1.748,1.827,-76.180,-0.019,-1.741,1.836,-75.912,0.011,0.007,0.009,0.016,12,weighted_average,kalman(weighted_average),false
1788858858.899,90.005,-0.011,-1.731,1.845,-74.949,-0.017,-1.737,1.841,-75.163,-0.006,-0.006,-0.005,0.010,12,weighted_average,kalman(weighted_average),false
1788858858.998,90.103,0.006,-1.721,1.858,-73.833,-0.001,-1.726,1.855,-73.866,-0.007,-0.004,-0.004,0.009,12,weighted_average,kalman(weighted_average),false
1788858859.050,90.155,-0.023,-1.751,1.792,-73.693,-0.013,-1.741,1.815,-73.484,0.010,0.010,0.023,0.027,12,weighted_average,kalman(weighted_average),false
1788858859.096,90.201,-0.028,-1.748,1.843,-73.355,-0.023,-1.747,1.827,-73.179,0.005,0.001,-0.016,0.017,12,weighted_average,kalman(weighted_average),false
1788858859.147,90.253,-0.008,-1.738,1.839,-72.247,-0.016,-1.744,1.833,-72.459,-0.008,-0.005,-0.006,0.011,12,weighted_average,kalman(weighted_average),false
1788858859.196,90.301,-0.014,-1.743,1.869,-71.984,-0.015,-1.744,1.854,-71.954,-0.001,-0.001,-0.015,0.015,12,weighted_average,kalman(weighted_average),false
1788858859.293,90.398,-0.053,-1.759,1.869,-71.677,-0.044,-1.756,1.870,-71.415,0.009,0.003,0.001,0.010,12,weighted_average,kalman(weighted_average),false
1788858859.340,90.445,-0.034,-1.750,1.851,-71.010,-0.041,-1.754,1.861,-71.038,-0.008,-0.004,0.010,0.013,12,weighted_average,kalman(weighted_average),false
1788858859.396,90.501,-0.009,-1.728,1.893,-69.881,-0.023,-1.738,1.882,-70.207,-0.014,-0.010,-0.011,0.021,12,weighted_average,kalman(weighted_average),false
1788858859.441,90.547,-0.008,-1.738,1.834,-69.343,-0.013,-1.736,1.857,-69.530,-0.004,0.002,0.023,0.023,12,weighted_average,kalman(weighted_average),false
1788858859.488,90.594,-0.054,-1.751,1.918,-69.790,-0.033,-1.743,1.890,-69.384,0.020,0.008,-0.028,0.035,12,weighted_average,kalman(weighted_average),false
1788858859.579,90.684,-0.015,-1.730,1.895,-68.088,-0.022,-1.733,1.899,-68.263,-0.007,-0.004,0.004,0.009,12,weighted_average,kalman(weighted_average),false
1788858859.626,90.732,-0.038,-1.747,1.889,-68.228,-0.031,-1.740,1.895,-68.009,0.007,0.006,0.006,0.011,12,weighted_average,kalman(weighted_average),false
1788858859.685,90.791,-0.004,-1.725,1.897,-66.869,-0.014,-1.731,1.897,-67.128,-0.010,-0.006,0.000,0.012,12,weighted_average,kalman(weighted_average),false
1788858859.729,90.835,-0.031,-1.747,1.857,-67.097,-0.022,-1.739,1.874,-66.865,0.009,0.008,0.017,0.021,12,weighted_average,kalman(weighted_average),false
1788858859.783,90.889,-0.007,-1.730,1.888,-65.897,-0.012,-1.734,1.879,-66.106,-0.006,-0.004,-0.009,0.012,12,weighted_average,kalman(weighted_average),false
1788858859.871,90.976,-0.017,-1.742,1.850,-65.398,-0.014,-1.739,1.856,-65.293,0.003,0.003,0.006,0.008,12,weighted_average,kalman(weighted_average),false
1788858859.922,91.027,-0.011,-1.747,1.830,-64.576,-0.012,-1.745,1.835,-64.660,-0.001,0.002,0.006,0.006,12,weighted_average,kalman(weighted_average),false
1788858859.977,91.083,-0.008,-1.732,1.888,-63.646,-0.009,-1.738,1.863,-63.827,-0.001,-0.006,-0.025,0.026,12,weighted_average,kalman(weighted_average),false
1788858860.026,91.131,-0.037,-1.752,1.869,-63.854,-0.025,-1.746,1.868,-63.553,0.012,0.006,-0.001,0.013,12,weighted_average,kalman(weighted_average),false
1788858860.085,91.190,-0.012,-1.730,1.916,-62.567,-0.020,-1.738,1.900,-62.743,-0.007,-0.007,-0.015,0.019,12,weighted_average,kalman(weighted_average),false
1788858860.174,91.280,-0.011,-1.727,1.941,-61.409,-0.013,-1.729,1.938,-61.509,-0.002,-0.001,-0.003,0.004,12,weighted_average,kalman(weighted_average),false
1788858860.225,91.331,-0.012,-1.729,1.894,-61.103,-0.011,-1.728,1.916,-60.994,0.000,0.002,0.022,0.022,12,weighted_average,kalman(weighted_average),false
1788858860.280,91.385,0.018,-1.623,1.962,-59.189,0.008,-1.660,1.946,-59.704,-0.010,-0.037,-0.016,0.042,8|12,weighted_average,kalman(weighted_average),false
1788858860.328,91.433,0.026,-1.613,1.959,-58.264,0.023,-1.620,1.959,-58.569,-0.003,-0.007,0.000,0.007,8|12,weighted_average,kalman(weighted_average),false
1788858860.381,91.486,0.030,-1.610,1.966,-57.828,0.032,-1.599,1.969,-57.706,0.002,0.011,0.003,0.012,8|12,weighted_average,kalman(weighted_average),false
1788858860.476,91.582,0.030,-1.606,1.965,-56.729,0.035,-1.592,1.972,-56.488,0.005,0.014,0.006,0.017,8|12,weighted_average,kalman(weighted_average),false
1788858860.523,91.628,0.020,-1.608,1.957,-56.548,0.027,-1.600,1.964,-56.230,0.006,0.009,0.006,0.012,8|12,weighted_average,kalman(weighted_average),false
1788858860.579,91.684,0.030,-1.603,1.966,-55.712,0.028,-1.601,1.964,-55.651,-0.002,0.002,-0.001,0.003,8|12,weighted_average,kalman(weighted_average),false
1788858860.625,91.731,-0.013,-1.721,1.899,-56.871,0.004,-1.672,1.926,-56.042,0.017,0.048,0.026,0.057,12,weighted_average,kalman(weighted_average),false
1788858860.677,91.782,0.035,-1.596,1.960,-54.601,0.018,-1.640,1.939,-55.179,-0.017,-0.044,-0.021,0.051,8|12,weighted_average,kalman(weighted_average),false
1788858860.767,91.872,-0.008,-1.704,1.923,-55.027,-0.002,-1.689,1.925,-54.793,0.007,0.015,0.002,0.017,12,weighted_average,kalman(weighted_average),false
1788858860.819,91.924,0.006,-1.607,1.967,-53.797,0.000,-1.643,1.950,-54.086,-0.006,-0.036,-0.017,0.040,8|12,weighted_average,kalman(weighted_average),false
1788858860.868,91.973,0.018,-1.607,1.956,-52.928,0.010,-1.618,1.956,-53.263,-0.008,-0.011,0.001,0.014,8|12,weighted_average,kalman(weighted_average),false
1788858860.921,92.026,-0.000,-1.606,1.970,-52.828,0.005,-1.604,1.968,-52.746,0.005,0.002,-0.003,0.006,8|12,weighted_average,kalman(weighted_average),false
1788858860.970,92.075,0.010,-1.605,1.965,-51.927,0.007,-1.599,1.970,-52.068,-0.003,0.006,0.004,0.008,8|12,weighted_average,kalman(weighted_average),false
1788858861.068,92.173,0.011,-1.605,1.961,-50.784,0.011,-1.598,1.966,-50.819,-0.001,0.006,0.005,0.008,8|12,weighted_average,kalman(weighted_average),false
1788858861.117,92.223,0.007,-1.606,1.960,-50.501,0.009,-1.603,1.962,-50.375,0.002,0.003,0.002,0.004,8|12,weighted_average,kalman(weighted_average),false
1788858861.166,92.272,0.017,-1.599,1.958,-49.542,0.014,-1.601,1.959,-49.673,-0.003,-0.002,0.001,0.004,8|12,weighted_average,kalman(weighted_average),false
1788858861.224,92.329,-0.000,-1.609,1.948,-49.512,0.006,-1.606,1.951,-49.265,0.006,0.003,0.003,0.007,8|12,weighted_average,kalman(weighted_average),false
1788858861.269,92.374,-0.020,-1.692,1.952,-49.627,-0.010,-1.657,1.950,-49.226,0.010,0.035,-0.003,0.037,12,weighted_average,kalman(weighted_average),false
1788858861.360,92.465,0.001,-1.611,1.954,-48.084,-0.006,-1.634,1.951,-48.253,-0.007,-0.023,-0.002,0.024,8|12,weighted_average,kalman(weighted_average),false
1788858861.409,92.514,-0.007,-1.621,1.947,-47.585,-0.007,-1.623,1.949,-47.675,0.000,-0.003,0.001,0.003,8|12,weighted_average,kalman(weighted_average),false
1788858861.459,92.564,-0.030,-1.602,1.943,-47.971,-0.021,-1.607,1.945,-47.596,0.009,-0.005,0.002,0.011,8|11|12,weighted_average,kalman(weighted_average),false
1788858861.512,92.617,-0.045,-1.612,1.940,-47.541,-0.038,-1.605,1.941,-47.390,0.006,0.006,0.001,0.009,8|11|12,weighted_average,kalman(weighted_average),false
1788858861.561,92.667,-0.052,-1.717,1.929,-47.386,-0.051,-1.669,1.932,-47.245,0.001,0.048,0.003,0.048,12,weighted_average,kalman(weighted_average),false
1788858861.660,92.765,-0.033,-1.622,1.936,-45.935,-0.042,-1.644,1.932,-46.205,-0.009,-0.022,-0.003,0.024,8|11|12,weighted_average,kalman(weighted_average),false
1788858861.708,92.813,-0.060,-1.619,1.935,-45.804,-0.053,-1.625,1.934,-45.795,0.007,-0.006,-0.001,0.009,11,weighted_average,kalman(weighted_average),false
1788858861.758,92.863,-0.050,-1.642,1.928,-45.234,-0.053,-1.631,1.931,-45.292,-0.003,0.011,0.002,0.012,11|12,weighted_average,kalman(weighted_average),false
1788858861.812,92.917,-0.063,-1.631,1.932,-44.764,-0.060,-1.629,1.931,-44.777,0.003,0.002,-0.001,0.004,11,weighted_average,kalman(weighted_average),false
1788858861.857,92.963,-0.042,-1.623,1.944,-43.757,-0.051,-1.624,1.938,-44.051,-0.009,-0.001,-0.006,0.011,8|11,weighted_average,kalman(weighted_average),false
1788858861.950,93.055,-0.038,-1.627,1.941,-42.445,-0.041,-1.624,1.942,-42.639,-0.003,0.003,0.001,0.004,8|11,weighted_average,kalman(weighted_average),false
1788858861.998,93.103,-0.064,-1.641,1.932,-42.369,-0.054,-1.635,1.936,-42.192,0.010,0.006,0.004,0.012,11,weighted_average,kalman(weighted_average),false
1788858862.052,93.158,-0.035,-1.624,1.941,-41.124,-0.043,-1.630,1.939,-41.303,-0.008,-0.006,-0.002,0.010,8|10|11,weighted_average,kalman(weighted_average),false
1788858862.100,93.206,-0.064,-1.648,1.927,-41.210,-0.054,-1.641,1.932,-40.937,0.009,0.007,0.005,0.013,11,weighted_average,kalman(weighted_average),false
1788858862.152,93.258,-0.037,-1.630,1.940,-39.983,-0.045,-1.636,1.935,-40.147,-0.008,-0.006,-0.004,0.011,8|10|11,weighted_average,kalman(weighted_average),false
1788858862.247,93.352,-0.042,-1.645,1.938,-39.094,-0.041,-1.643,1.938,-39.035,0.000,0.002,-0.001,0.002,8|11,weighted_average,kalman(weighted_average),false
1788858862.292,93.398,-0.038,-1.641,1.936,-38.228,-0.038,-1.643,1.937,-38.337,-0.001,-0.002,0.001,0.002,8|10|11,weighted_average,kalman(weighted_average),false
1788858862.347,93.452,-0.039,-1.645,1.932,-37.933,-0.038,-1.645,1.934,-37.791,0.001,-0.000,0.002,0.002,8|10|11,weighted_average,kalman(weighted_average),false
1788858862.396,93.501,-0.042,-1.657,1.940,-37.407,-0.040,-1.652,1.937,-37.312,0.003,0.004,-0.003,0.005,8|11,weighted_average,kalman(weighted_average),false
1788858862.448,93.553,-0.037,-1.660,1.929,-37.003,-0.038,-1.659,1.932,-36.873,-0.001,0.001,0.003,0.004,8|11,weighted_average,kalman(weighted_average),false
1788858862.537,93.643,-0.031,-1.658,1.924,-35.848,-0.033,-1.661,1.926,-35.886,-0.002,-0.002,0.001,0.003,8|10|11,weighted_average,kalman(weighted_average),false
1788858862.587,93.692,-0.038,-1.663,1.932,-35.663,-0.035,-1.663,1.929,-35.531,0.003,-0.000,-0.003,0.004,8|10|11,weighted_average,kalman(weighted_average),false
1788858862.636,93.741,-0.032,-1.678,1.920,-35.055,-0.033,-1.673,1.923,-35.058,-0.001,0.005,0.003,0.006,8|11,weighted_average,kalman(weighted_average),false
1788858862.689,93.795,-0.035,-1.671,1.927,-34.644,-0.034,-1.674,1.924,-34.602,0.001,-0.003,-0.003,0.004,8|10|11,weighted_average,kalman(weighted_average),false
1788858862.740,93.845,-0.031,-1.691,1.913,-34.113,-0.032,-1.686,1.917,-34.126,-0.001,0.005,0.004,0.007,8|11,weighted_average,kalman(weighted_average),false
1788858862.836,93.941,-0.036,-1.694,1.898,-33.160,-0.035,-1.695,1.901,-33.185,0.001,-0.001,0.003,0.003,10|11,weighted_average,kalman(weighted_average),false
1788858862.887,93.992,-0.029,-1.692,1.916,-32.486,-0.031,-1.695,1.908,-32.572,-0.002,-0.003,-0.008,0.009,8|10|11,weighted_average,kalman(weighted_average),false
1788858862.933,94.038,-0.020,-1.696,1.907,-31.552,-0.024,-1.697,1.907,-31.806,-0.004,-0.001,0.000,0.004,8|10|11,weighted_average,kalman(weighted_average),false
1788858862.986,94.091,-0.031,-1.711,1.914,-31.508,-0.027,-1.706,1.911,-31.337,0.004,0.004,-0.003,0.007,8|11,weighted_average,kalman(weighted_average),false
1788858863.033,94.138,-0.019,-1.703,1.911,-30.398,-0.021,-1.706,1.911,-30.599,-0.003,-0.004,0.000,0.005,8|10|11,weighted_average,kalman(weighted_average),false
1788858863.126,94.231,-0.022,-1.722,1.903,-29.496,-0.021,-1.720,1.905,-29.472,0.001,0.002,0.002,0.004,8|11,weighted_average,kalman(weighted_average),false
1788858863.183,94.288,-0.018,-1.711,1.909,-28.866,-0.018,-1.716,1.907,-28.830,-0.001,-0.005,-0.002,0.005,8|10|11,weighted_average,kalman(weighted_average),false
1788858863.234,94.339,-0.029,-1.715,1.896,-28.804,-0.025,-1.716,1.900,-28.543,0.005,-0.001,0.004,0.006,10|11,weighted_average,kalman(weighted_average),false
1788858863.283,94.388,-0.016,-1.720,1.908,-27.786,-0.020,-1.719,1.903,-27.919,-0.004,0.001,-0.004,0.006,8|10|11,weighted_average,kalman(weighted_average),false
1788858863.332,94.437,-0.046,-1.744,1.898,-28.314,-0.035,-1.734,1.900,-27.867,0.011,0.010,0.002,0.015,11,weighted_average,kalman(weighted_average),false
1788858863.423,94.528,-0.009,-1.725,1.902,-25.777,-0.018,-1.731,1.901,-26.275,-0.010,-0.006,-0.001,0.011,8|10|11,weighted_average,kalman(weighted_average),false
1788858863.474,94.580,-0.009,-1.722,1.907,-25.299,-0.010,-1.725,1.905,-25.411,-0.001,-0.003,-0.002,0.004,8|10|11,weighted_average,kalman(weighted_average),false
1788858863.524,94.629,-0.018,-1.737,1.911,-25.308,-0.012,-1.732,1.909,-25.013,0.006,0.005,-0.001,0.008,8|11,weighted_average,kalman(weighted_average),false
1788858863.574,94.680,-0.012,-1.728,1.907,-24.326,-0.011,-1.730,1.909,-24.356,0.001,-0.002,0.002,0.003,8|10|11,weighted_average,kalman(weighted_average),false
1788858863.624,94.730,-0.015,-1.735,1.911,-24.017,-0.012,-1.733,1.911,-23.874,0.003,0.002,-0.000,0.003,8|11,weighted_average,kalman(weighted_average),false
1788858863.715,94.820,-0.036,-1.747,1.888,-23.520,-0.029,-1.744,1.895,-23.274,0.006,0.003,0.007,0.010,11,weighted_average,kalman(weighted_average),false
1788858863.764,94.869,-0.010,-1.724,1.908,-21.948,-0.020,-1.733,1.901,-22.342,-0.009,-0.009,-0.007,0.015,8|10|11,weighted_average,kalman(weighted_average),false
1788858863.818,94.923,-0.018,-1.737,1.907,-21.896,-0.019,-1.735,1.904,-21.801,-0.000,0.002,-0.002,0.003,8|11,weighted_average,kalman(weighted_average),false
1788858863.865,94.971,-0.016,-1.736,1.907,-21.090,-0.017,-1.735,1.906,-21.175,-0.001,0.001,-0.001,0.001,8|11,weighted_average,kalman(weighted_average),false
1788858863.919,95.024,-0.010,-1.723,1.907,-20.485,-0.013,-1.728,1.907,-20.507,-0.002,-0.005,0.000,0.005,8|10|11,weighted_average,kalman(weighted_average),false
1788858864.013,95.118,-0.009,-1.721,1.903,-19.257,-0.009,-1.721,1.904,-19.295,0.000,-0.000,0.001,0.002,8|10|11,weighted_average,kalman(weighted_average),false
1788858864.060,95.166,-0.011,-1.722,1.898,-18.949,-0.009,-1.721,1.900,-18.840,0.001,0.002,0.002,0.003,8|10|11,weighted_average,kalman(weighted_average),false
1788858864.112,95.217,-0.018,-1.729,1.902,-18.387,-0.015,-1.725,1.901,-18.322,0.004,0.004,-0.002,0.006,8|11,weighted_average,kalman(weighted_average),false
1788858864.162,95.267,-0.040,-1.747,1.881,-18.777,-0.030,-1.738,1.888,-18.299,0.009,0.008,0.007,0.015,11,weighted_average,kalman(weighted_average),false
1788858864.216,95.321,-0.021,-1.731,1.902,-17.760,-0.028,-1.736,1.894,-17.825,-0.007,-0.005,-0.008,0.012,8|11,weighted_average,kalman(weighted_average),false
1788858864.310,95.415,-0.023,-1.729,1.898,-16.202,-0.026,-1.732,1.897,-16.499,-0.003,-0.003,-0.001,0.004,8|11,weighted_average,kalman(weighted_average),false
1788858864.359,95.465,-0.016,-1.717,1.891,-15.536,-0.019,-1.722,1.893,-15.695,-0.003,-0.004,0.003,0.006,8|10|11,weighted_average,kalman(weighted_average),false
1788858864.416,95.522,-0.033,-1.733,1.895,-15.596,-0.027,-1.727,1.894,-15.306,0.006,0.006,-0.001,0.009,8|11,weighted_average,kalman(weighted_average),false
1788858864.464,95.569,-0.049,-1.741,1.880,-15.713,-0.041,-1.735,1.885,-15.276,0.008,0.006,0.006,0.012,11,weighted_average,kalman(weighted_average),false
1788858864.515,95.621,-0.053,-1.740,1.886,-14.922,-0.051,-1.740,1.884,-14.910,0.002,0.000,-0.002,0.003,11,weighted_average,kalman(weighted_average),false
1788858864.606,95.711,-0.058,-1.740,1.882,-13.820,-0.060,-1.741,1.881,-13.972,-0.002,-0.002,-0.001,0.003,11,weighted_average,kalman(weighted_average),false
1788858864.659,95.765,-0.052,-1.738,1.875,-13.337,-0.057,-1.740,1.877,-13.394,-0.005,-0.002,0.001,0.005,11,weighted_average,kalman(weighted_average),false
1788858864.741,95.847,-0.049,-1.736,1.870,-12.832,-0.052,-1.737,1.871,-12.749,-0.003,-0.001,0.000,0.003,11,weighted_average,kalman(weighted_average),false
1788858864.798,95.903,-0.049,-1.736,1.870,-12.832,-0.050,-1.736,1.869,-12.595,-0.000,0.000,-0.001,0.001,11,weighted_average,kalman(weighted_average),false
1788858864.902,96.007,-0.027,-1.673,1.879,-11.194,-0.031,-1.685,1.876,-11.402,-0.004,-0.012,-0.003,0.013,9|11,weighted_average,kalman(weighted_average),false
1788858864.955,96.060,-0.030,-1.670,1.882,-10.380,-0.027,-1.667,1.881,-10.577,0.002,0.003,-0.001,0.004,9|11,weighted_average,kalman(weighted_average),false
1788858865.003,96.108,-0.032,-1.664,1.882,-9.479,-0.028,-1.658,1.883,-9.711,0.004,0.006,0.001,0.007,9|11,weighted_average,kalman(weighted_average),false
1788858865.049,96.154,-0.030,-1.661,1.880,-8.372,-0.028,-1.654,1.882,-8.706,0.002,0.007,0.002,0.008,9|11,weighted_average,kalman(weighted_average),false
1788858865.098,96.204,-0.029,-1.668,1.881,-7.897,-0.028,-1.658,1.882,-7.891,0.001,0.010,0.001,0.010,9|11,weighted_average,kalman(weighted_average),false
1788858865.184,96.290,-0.033,-1.663,1.880,-7.379,-0.031,-1.659,1.881,-7.043,0.002,0.003,0.001,0.004,9|11,weighted_average,kalman(weighted_average),false
1788858865.237,96.342,-0.032,-1.670,1.891,-7.252,-0.032,-1.666,1.887,-6.880,0.000,0.004,-0.004,0.005,9|11,weighted_average,kalman(weighted_average),false
1788858865.289,96.395,-0.037,-1.664,1.887,-6.745,-0.036,-1.666,1.888,-6.591,0.001,-0.002,0.001,0.003,9|11,weighted_average,kalman(weighted_average),false
1788858865.336,96.441,-0.040,-1.668,1.888,-5.702,-0.039,-1.668,1.888,-5.958,0.001,0.000,0.001,0.001,9|11,weighted_average,kalman(weighted_average),false
1788858865.389,96.494,-0.044,-1.667,1.890,-4.491,-0.043,-1.668,1.890,-4.952,0.001,-0.001,-0.000,0.001,9|11,weighted_average,kalman(weighted_average),false
1788858865.481,96.586,0.002,-1.551,1.912,-0.648,-0.011,-1.580,1.908,-1.713,-0.013,-0.029,-0.005,0.032,9,weighted_average,kalman(weighted_average),false
1788858865.528,96.633,-0.014,-1.532,1.928,0.755,-0.008,-1.536,1.923,0.239,0.006,-0.005,-0.005,0.009,9,weighted_average,kalman(weighted_average),false
1788858865.584,96.690,-0.007,-1.592,1.917,0.275,-0.004,-1.555,1.924,1.052,0.003,0.037,0.007,0.038,9|10,weighted_average,kalman(weighted_average),false
1788858865.630,96.735,-0.013,-1.535,1.926,1.932,-0.007,-1.539,1.928,2.059,0.006,-0.004,0.001,0.007,9,weighted_average,kalman(weighted_average),false
1788858865.686,96.791,0.004,-1.558,1.906,1.676,0.001,-1.544,1.917,2.484,-0.003,0.014,0.011,0.018,9,weighted_average,kalman(weighted_average),false
1788858865.778,96.884,-0.005,-1.557,1.923,3.009,-0.002,-1.551,1.921,3.388,0.004,0.006,-0.003,0.007,9,weighted_average,kalman(weighted_average),false
1788858865.825,96.930,-0.018,-1.551,1.951,4.017,-0.012,-1.552,1.940,3.999,0.006,-0.001,-0.010,0.012,9,weighted_average,kalman(weighted_average),false
1788858865.878,96.983,-0.009,-1.562,1.925,4.083,-0.012,-1.558,1.934,4.351,-0.003,0.003,0.010,0.011,9,weighted_average,kalman(weighted_average),false
1788858865.926,97.031,-0.021,-1.548,1.945,5.254,-0.018,-1.554,1.941,5.058,0.003,-0.006,-0.003,0.007,9,weighted_average,kalman(weighted_average),false
1788858865.989,97.094,-0.026,-1.598,1.932,5.082,-0.025,-1.583,1.937,5.403,0.001,0.016,0.005,0.017,9|10,weighted_average,kalman(weighted_average),false
1788858866.085,97.190,-0.017,-1.564,1.937,6.488,-0.021,-1.573,1.937,6.420,-0.004,-0.010,0.000,0.010,9,weighted_average,kalman(weighted_average),false
1788858866.132,97.237,-0.034,-1.544,1.957,7.919,-0.029,-1.554,1.950,7.482,0.005,-0.010,-0.007,0.013,9,weighted_average,kalman(weighted_average),false
1788858866.185,97.291,-0.027,-1.612,1.939,7.217,-0.029,-1.587,1.945,7.676,-0.002,0.025,0.006,0.026,9|10,weighted_average,kalman(weighted_average),false
1788858866.234,97.339,-0.030,-1.563,1.960,8.633,-0.030,-1.576,1.954,8.412,-0.000,-0.013,-0.006,0.014,9,weighted_average,kalman(weighted_average),false
1788858866.284,97.389,-0.030,-1.617,1.946,8.338,-0.031,-1.601,1.951,8.664,-0.001,0.016,0.005,0.017,9|10,weighted_average,kalman(weighted_average),false
1788858866.370,97.475,-0.018,-1.591,1.946,9.523,-0.022,-1.599,1.948,9.506,-0.004,-0.008,0.002,0.009,9,weighted_average,kalman(weighted_average),false
1788858866.420,97.525,-0.032,-1.570,1.951,11.084,-0.027,-1.581,1.949,10.610,0.005,-0.011,-0.002,0.012,9,weighted_average,kalman(weighted_average),false
1788858866.472,97.577,-0.017,-1.596,1.928,10.772,-0.021,-1.587,1.936,11.030,-0.004,0.008,0.008,0.012,9,weighted_average,kalman(weighted_average),false
1788858866.526,97.631,-0.031,-1.578,1.949,11.764,-0.026,-1.581,1.942,11.722,0.005,-0.003,-0.007,0.009,9,weighted_average,kalman(weighted_average),false
1788858866.572,97.678,-0.016,-1.605,1.928,11.985,-0.020,-1.594,1.933,12.134,-0.004,0.011,0.006,0.013,9,weighted_average,kalman(weighted_average),false
1788858866.661,97.766,-0.018,-1.614,1.929,13.377,-0.018,-1.610,1.928,13.283,0.000,0.004,-0.001,0.004,9,weighted_average,kalman(weighted_average),false
1788858866.713,97.818,-0.041,-1.591,1.958,14.648,-0.032,-1.601,1.946,14.342,0.009,-0.009,-0.011,0.017,9,weighted_average,kalman(weighted_average),false
1788858866.760,97.865,-0.014,-1.643,1.922,14.211,-0.023,-1.626,1.934,14.608,-0.009,0.017,0.012,0.023,9,weighted_average,kalman(weighted_average),false
1788858866.817,97.923,-0.034,-1.621,1.957,15.436,-0.030,-1.628,1.948,15.374,0.004,-0.007,-0.009,0.012,9,weighted_average,kalman(weighted_average),false
1788858866.862,97.967,-0.020,-1.647,1.931,15.747,-0.025,-1.641,1.940,15.838,-0.005,0.006,0.009,0.011,9,weighted_average,kalman(weighted_average),false
1788858866.952,98.058,-0.034,-1.633,1.955,17.272,-0.031,-1.640,1.951,17.146,0.003,-0.007,-0.004,0.008,9,weighted_average,kalman(weighted_average),false
1788858867.001,98.107,-0.030,-1.650,1.952,17.851,-0.031,-1.647,1.954,17.833,-0.002,0.003,0.001,0.004,9,weighted_average,kalman(weighted_average),false
1788858867.056,98.161,-0.029,-1.656,1.958,18.279,-0.031,-1.654,1.958,18.412,-0.001,0.002,0.000,0.002,9,weighted_average,kalman(weighted_average),false
1788858867.110,98.215,-0.029,-1.667,1.959,19.062,-0.030,-1.664,1.960,19.077,-0.001,0.003,0.001,0.003,9,weighted_average,kalman(weighted_average),false
1788858867.155,98.260,-0.025,-1.665,1.951,19.664,-0.027,-1.667,1.956,19.647,-0.002,-0.002,0.005,0.006,9,weighted_average,kalman(weighted_average),false
1788858867.243,98.348,-0.030,-1.673,1.958,21.033,-0.029,-1.674,1.958,20.929,0.001,-0.001,-0.001,0.002,9,weighted_average,kalman(weighted_average),false
1788858867.292,98.397,-0.028,-1.680,1.961,21.820,-0.028,-1.680,1.960,21.726,-0.000,0.001,-0.001,0.001,9,weighted_average,kalman(weighted_average),false
1788858867.346,98.452,-0.025,-1.693,1.963,22.010,-0.026,-1.690,1.963,22.242,-0.001,0.003,-0.001,0.003,9,weighted_average,kalman(weighted_average),false
1788858867.395,98.500,-0.021,-1.710,1.961,22.534,-0.023,-1.704,1.962,22.686,-0.002,0.005,0.001,0.006,9,weighted_average,kalman(weighted_average),false
1788858867.446,98.552,-0.018,-1.710,1.950,23.021,-0.019,-1.712,1.956,23.144,-0.001,-0.002,0.005,0.006,9,weighted_average,kalman(weighted_average),false
1788858867.534,98.640,-0.016,-1.714,1.944,24.374,-0.015,-1.717,1.946,24.266,0.000,-0.004,0.002,0.004,9,weighted_average,kalman(weighted_average),false
1788858867.590,98.696,-0.002,-1.737,1.916,24.136,-0.005,-1.732,1.924,24.463,-0.004,0.005,0.008,0.010,9,weighted_average,kalman(weighted_average),false
1788858867.641,98.746,-0.016,-1.722,1.940,25.683,-0.010,-1.729,1.930,25.325,0.006,-0.007,-0.011,0.014,9,weighted_average,kalman(weighted_average),false
1788858867.688,98.794,-0.001,-1.751,1.920,25.319,-0.004,-1.744,1.922,25.590,-0.003,0.007,0.002,0.008,9,weighted_average,kalman(weighted_average),false
1788858867.738,98.843,-0.017,-1.730,1.945,27.071,-0.010,-1.739,1.933,26.577,0.007,-0.009,-0.012,0.016,9,weighted_average,kalman(weighted_average),false
1788858867.823,98.928,-0.022,-1.725,1.946,28.246,-0.019,-1.730,1.943,28.044,0.003,-0.005,-0.003,0.006,9,weighted_average,kalman(weighted_average),false
1788858867.877,98.983,0.000,-1.772,1.906,27.835,-0.008,-1.757,1.920,28.280,-0.008,0.015,0.015,0.023,9,weighted_average,kalman(weighted_average),false
1788858867.926,99.031,-0.023,-1.753,1.955,29.001,-0.016,-1.758,1.939,28.919,0.007,-0.005,-0.017,0.019,9,weighted_average,kalman(weighted_average),false
1788858867.984,99.089,-0.013,-1.788,1.937,28.903,-0.015,-1.780,1.939,29.223,-0.002,0.008,0.002,0.009,9,weighted_average,kalman(weighted_average),false
1788858868.028,99.133,-0.027,-1.779,1.966,29.677,-0.022,-1.784,1.956,29.654,0.005,-0.005,-0.010,0.012,9,weighted_average,kalman(weighted_average),false
1788858868.123,99.229,-0.028,-1.771,1.956,31.107,-0.028,-1.779,1.960,30.918,-0.000,-0.008,0.004,0.008,9,weighted_average,kalman(weighted_average),false
1788858868.174,99.279,-0.020,-1.801,1.952,31.047,-0.024,-1.793,1.956,31.248,-0.004,0.008,0.004,0.010,9,weighted_average,kalman(weighted_average),false
1788858868.221,99.326,-0.097,-1.896,1.929,30.684,-0.069,-1.858,1.940,31.169,0.029,0.038,0.011,0.049,9|17,weighted_average,kalman(weighted_average),false
1788858868.274,99.380,-0.016,-1.805,1.940,32.082,-0.045,-1.839,1.937,31.807,-0.028,-0.034,-0.003,0.044,9,weighted_average,kalman(weighted_average),false
1788858868.323,99.428,-0.022,-1.780,1.946,33.198,-0.031,-1.807,1.940,32.720,-0.009,-0.027,-0.006,0.029,9,weighted_average,kalman(weighted_average),false
1788858868.413,99.518,-0.154,-1.993,1.917,32.285,-0.120,-1.941,1.923,32.817,0.035,0.052,0.005,0.063,17,weighted_average,kalman(weighted_average),false
1788858868.466,99.571,-0.155,-1.998,1.921,32.585,-0.156,-1.998,1.918,32.796,-0.001,-0.001,-0.002,0.003,17,weighted_average,kalman(weighted_average),false
1788858868.519,99.624,-0.155,-1.993,1.918,33.058,-0.170,-2.017,1.916,33.015,-0.015,-0.024,-0.002,0.028,17,weighted_average,kalman(weighted_average),false
1788858868.564,99.670,-0.156,-1.997,1.923,33.742,-0.171,-2.019,1.918,33.464,-0.015,-0.022,-0.005,0.027,17,weighted_average,kalman(weighted_average),false
1788858868.620,99.725,-0.157,-1.993,1.923,34.171,-0.169,-2.013,1.920,33.982,-0.013,-0.020,-0.002,0.024,17,weighted_average,kalman(weighted_average),false
1788858868.711,99.817,-0.154,-1.995,1.923,35.161,-0.161,-2.004,1.923,34.974,-0.007,-0.009,-0.001,0.011,17,weighted_average,kalman(weighted_average),false
1788858868.759,99.864,-0.157,-1.993,1.921,35.650,-0.158,-1.996,1.922,35.552,-0.001,-0.003,0.001,0.004,17,weighted_average,kalman(weighted_average),false
1788858868.814,99.919,-0.158,-1.991,1.922,36.437,-0.157,-1.991,1.922,36.294,0.001,-0.000,-0.000,0.001,17,weighted_average,kalman(weighted_average),false
1788858868.861,99.966,-0.161,-1.991,1.930,37.212,-0.159,-1.989,1.927,37.038,0.002,0.002,-0.003,0.004,17,weighted_average,kalman(weighted_average),false
1788858868.914,100.019,-0.158,-1.992,1.924,37.482,-0.158,-1.989,1.926,37.596,-0.000,0.003,0.002,0.003,17,weighted_average,kalman(weighted_average),false
1788858869.004,100.109,-0.154,-1.973,1.887,39.244,-0.155,-1.976,1.897,39.047,-0.001,-0.003,0.010,0.011,17|18,weighted_average,kalman(weighted_average),false
1788858869.055,100.160,-0.152,-1.973,1.888,39.587,-0.152,-1.972,1.887,39.672,-0.001,0.001,-0.001,0.002,17|18,weighted_average,kalman(weighted_average),false
1788858869.113,100.218,-0.151,-1.969,1.885,40.408,-0.151,-1.968,1.881,40.438,0.000,0.001,-0.004,0.004,17|18,weighted_average,kalman(weighted_average),false
1788858869.156,100.261,-0.153,-1.968,1.889,40.840,-0.151,-1.967,1.883,40.928,0.001,0.002,-0.006,0.006,17|18,weighted_average,kalman(weighted_average),false
1788858869.210,100.315,-0.145,-1.963,1.886,41.517,-0.147,-1.963,1.883,41.568,-0.002,-0.000,-0.003,0.004,17|18,weighted_average,kalman(weighted_average),false
1788858869.301,100.406,-0.139,-1.955,1.886,42.643,-0.140,-1.956,1.884,42.664,-0.001,-0.000,-0.002,0.002,17|18,weighted_average,kalman(weighted_average),false
1788858869.364,100.470,-0.140,-1.956,1.891,43.058,-0.139,-1.955,1.889,43.203,0.002,0.002,-0.002,0.003,17|18,weighted_average,kalman(weighted_average),false
1788858869.403,100.508,-0.133,-1.952,1.887,43.793,-0.135,-1.952,1.889,43.703,-0.001,-0.000,0.001,0.002,17|18,weighted_average,kalman(weighted_average),false
1788858869.462,100.567,-0.131,-1.951,1.886,44.190,-0.131,-1.950,1.888,44.270,0.000,0.000,0.001,0.001,17|18,weighted_average,kalman(weighted_average),false
1788858869.510,100.615,-0.127,-1.944,1.888,45.034,-0.128,-1.946,1.888,44.913,-0.000,-0.002,-0.000,0.002,17|18,weighted_average,kalman(weighted_average),false
1788858869.597,100.703,-0.122,-1.941,1.889,45.821,-0.122,-1.941,1.889,45.856,0.000,0.000,-0.000,0.000,17|18,weighted_average,kalman(weighted_average),false
1788858869.649,100.754,-0.115,-1.934,1.887,46.589,-0.117,-1.936,1.888,46.520,-0.001,-0.001,0.001,0.002,17|18,weighted_average,kalman(weighted_average),false
1788858869.696,100.802,-0.113,-1.933,1.890,46.948,-0.113,-1.932,1.889,47.009,0.000,0.000,-0.001,0.001,17|18,weighted_average,kalman(weighted_average),false
1788858869.751,100.856,-0.105,-1.922,1.886,47.774,-0.106,-1.924,1.887,47.701,-0.001,-0.003,0.002,0.003,17|18,weighted_average,kalman(weighted_average),false
1788858869.798,100.903,-0.096,-1.920,1.886,48.420,-0.098,-1.920,1.886,48.340,-0.002,0.000,0.000,0.002,17|18,weighted_average,kalman(weighted_average),false
1788858869.889,100.995,-0.091,-1.918,1.890,49.170,-0.090,-1.916,1.889,49.278,0.001,0.002,-0.001,0.003,17|18,weighted_average,kalman(weighted_average),false
1788858869.943,101.049,-0.085,-1.911,1.887,49.996,-0.085,-1.911,1.888,49.943,0.000,-0.001,0.001,0.001,17|18,weighted_average,kalman(weighted_average),false
1788858869.993,101.098,-0.081,-1.911,1.890,50.303,-0.081,-1.910,1.889,50.399,0.000,0.001,-0.001,0.002,17|18,weighted_average,kalman(weighted_average),false
1788858870.047,101.152,-0.075,-1.902,1.886,51.101,-0.075,-1.904,1.887,51.047,-0.000,-0.002,0.001,0.002,17|18,weighted_average,kalman(weighted_average),false
1788858870.093,101.199,-0.066,-1.899,1.885,51.694,-0.068,-1.900,1.886,51.629,-0.002,-0.001,0.001,0.002,17|18,weighted_average,kalman(weighted_average),false
1788858870.186,101.292,-0.061,-1.898,1.887,52.335,-0.060,-1.896,1.886,52.465,0.001,0.001,-0.001,0.002,17|18,weighted_average,kalman(weighted_average),false
1788858870.239,101.344,-0.054,-1.890,1.887,53.105,-0.055,-1.891,1.887,53.055,-0.000,-0.001,-0.000,0.001,17|18,weighted_average,kalman(weighted_average),false
1788858870.291,101.396,-0.050,-1.893,1.889,53.339,-0.050,-1.891,1.888,53.456,0.000,0.002,-0.001,0.002,17|18,weighted_average,kalman(weighted_average),false
1788858870.338,101.443,-0.043,-1.884,1.883,54.181,-0.044,-1.886,1.886,54.044,-0.001,-0.002,0.002,0.003,17|18,weighted_average,kalman(weighted_average),false
1788858870.390,101.495,-0.040,-1.885,1.889,54.497,-0.039,-1.884,1.887,54.540,0.001,0.001,-0.002,0.002,17|18,weighted_average,kalman(weighted_average),false
1788858870.482,101.587,-0.030,-1.876,1.882,55.589,-0.030,-1.876,1.883,55.548,-0.000,-0.001,0.001,0.002,17|18,weighted_average,kalman(weighted_average),false
1788858870.530,101.636,-0.026,-1.877,1.884,56.265,-0.026,-1.876,1.884,56.178,0.000,0.002,-0.001,0.002,17|18,weighted_average,kalman(weighted_average),false
1788858870.589,101.695,-0.024,-1.880,1.887,56.567,-0.022,-1.877,1.885,56.691,0.001,0.003,-0.002,0.003,17|18,weighted_average,kalman(weighted_average),false
1788858870.631,101.736,-0.018,-1.868,1.881,57.447,-0.019,-1.872,1.883,57.284,-0.000,-0.004,0.002,0.004,17|18,weighted_average,kalman(weighted_average),false
1788858870.687,101.792,-0.013,-1.872,1.891,57.621,-0.013,-1.871,1.888,57.766,-0.001,0.001,-0.003,0.004,17|18,weighted_average,kalman(weighted_average),false
1788858870.779,101.884,-0.011,-1.870,1.888,58.818,-0.009,-1.870,1.889,58.782,0.001,0.001,0.001,0.002,17|18,weighted_average,kalman(weighted_average),false
1788858870.827,101.933,-0.007,-1.871,1.880,59.525,-0.007,-1.870,1.883,59.432,0.000,0.001,0.003,0.003,17|18,weighted_average,kalman(weighted_average),false
1788858870.883,101.988,-0.009,-1.872,1.887,59.944,-0.007,-1.871,1.885,60.003,0.002,0.001,-0.002,0.003,17|18,weighted_average,kalman(weighted_average),false
1788858870.929,102.034,-0.006,-1.869,1.880,60.295,-0.006,-1.870,1.882,60.404,0.000,-0.001,0.002,0.002,17|18,weighted_average,kalman(weighted_average),false
1788858870.984,102.089,-0.005,-1.871,1.884,60.996,-0.005,-1.871,1.882,60.983,0.000,0.001,-0.001,0.001,17|18,weighted_average,kalman(weighted_average),false
1788858871.078,102.183,-0.004,-1.877,1.883,61.922,-0.004,-1.876,1.882,61.937,0.000,0.001,-0.000,0.001,17|18,weighted_average,kalman(weighted_average),false
1788858871.126,102.231,-0.004,-1.875,1.879,62.319,-0.003,-1.876,1.880,62.365,0.000,-0.001,0.001,0.001,17|18,weighted_average,kalman(weighted_average),false
1788858871.178,102.283,-0.006,-1.878,1.880,63.060,-0.005,-1.878,1.880,62.975,0.001,0.000,-0.000,0.001,17|18,weighted_average,kalman(weighted_average),false
1788858871.226,102.332,-0.006,-1.879,1.877,63.394,-0.006,-1.879,1.878,63.437,0.000,-0.000,0.001,0.001,17|18,weighted_average,kalman(weighted_average),false
1788858871.279,102.384,-0.010,-1.882,1.878,64.181,-0.009,-1.882,1.877,64.083,0.001,0.001,-0.000,0.002,17|18,weighted_average,kalman(weighted_average),false
1788858871.370,102.475,-0.011,-1.885,1.880,64.929,-0.011,-1.885,1.879,64.979,-0.000,0.000,-0.001,0.001,17|18,weighted_average,kalman(weighted_average),false
1788858871.418,102.523,-0.014,-1.889,1.876,66.152,-0.013,-1.888,1.877,65.858,0.000,0.001,0.001,0.001,17|18,weighted_average,kalman(weighted_average),false
1788858871.480,102.585,-0.014,-1.892,1.873,66.518,-0.014,-1.892,1.874,66.580,-0.001,-0.000,0.001,0.001,17|18,weighted_average,kalman(weighted_average),false
1788858871.524,102.629,-0.015,-1.889,1.871,66.957,-0.015,-1.891,1.872,67.039,-0.000,-0.002,0.000,0.002,17|18,weighted_average,kalman(weighted_average),false
1788858871.571,102.676,-0.017,-1.897,1.873,67.741,-0.017,-1.895,1.872,67.666,0.000,0.002,-0.001,0.002,17|18,weighted_average,kalman(weighted_average),false
1788858871.662,102.768,-0.022,-1.899,1.873,68.618,-0.021,-1.899,1.872,68.680,0.001,-0.000,-0.001,0.001,17|18,weighted_average,kalman(weighted_average),false
1788858871.714,102.819,-0.020,-1.900,1.866,69.318,-0.021,-1.901,1.868,69.297,-0.001,-0.000,0.002,0.002,17|18,weighted_average,kalman(weighted_average),false
1788858871.768,102.874,-0.021,-1.903,1.870,69.683,-0.022,-1.903,1.868,69.796,-0.001,-0.000,-0.001,0.001,17|18,weighted_average,kalman(weighted_average),false
1788858871.815,102.920,-0.022,-1.906,1.862,70.423,-0.022,-1.906,1.864,70.362,0.000,0.001,0.002,0.002,17|18,weighted_average,kalman(weighted_average),false
1788858871.864,102.969,-0.024,-1.910,1.861,71.211,-0.024,-1.909,1.861,71.060,0.000,0.001,0.000,0.001,17|18,weighted_average,kalman(weighted_average),false
1788858871.957,103.062,-0.025,-1.895,1.826,73.046,-0.026,-1.900,1.834,72.756,-0.000,-0.005,0.008,0.009,18,weighted_average,kalman(weighted_average),false
1788858872.002,103.108,-0.019,-1.892,1.823,73.752,-0.022,-1.894,1.823,73.635,-0.003,-0.002,-0.000,0.003,18,weighted_average,kalman(weighted_average),false
1788858872.055,103.161,-0.023,-1.897,1.824,74.188,-0.022,-1.894,1.819,74.349,0.001,0.003,-0.005,0.006,18,weighted_average,kalman(weighted_average),false
1788858872.108,103.214,-0.024,-1.900,1.820,74.907,-0.023,-1.897,1.816,75.037,0.001,0.003,-0.004,0.005,18,weighted_average,kalman(weighted_average),false
1788858872.156,103.261,-0.021,-1.902,1.823,75.174,-0.022,-1.900,1.818,75.450,-0.001,0.002,-0.005,0.005,18,weighted_average,kalman(weighted_average),false
1788858872.251,103.357,-0.025,-1.910,1.822,76.133,-0.024,-1.908,1.820,76.312,0.001,0.002,-0.002,0.003,18,weighted_average,kalman(weighted_average),false
1788858872.296,103.402,-0.225,-1.814,1.575,80.614,-0.024,-1.908,1.820,78.919,0.201,-0.095,0.245,0.331,3|18,weighted_average,kalman(weighted_average),true
1788858872.356,103.461,-0.026,-1.915,1.825,77.019,-0.025,-1.914,1.824,78.494,0.000,0.001,-0.001,0.002,18,weighted_average,kalman(weighted_average),false
1788858872.403,103.509,-0.084,-1.810,1.831,79.131,-0.062,-1.849,1.829,79.096,0.022,-0.039,-0.002,0.045,3|18,weighted_average,kalman(weighted_average),false
1788858872.451,103.556,-0.087,-1.813,1.826,79.469,-0.083,-1.818,1.828,79.567,0.004,-0.006,0.002,0.007,3|18,weighted_average,kalman(weighted_average),false
1788858872.543,103.649,-0.064,-1.822,1.861,79.941,-0.077,-1.808,1.853,80.178,-0.013,0.014,-0.007,0.020,3|18,weighted_average,kalman(weighted_average),false
1788858872.591,103.697,-0.085,-1.824,1.866,80.900,-0.082,-1.815,1.865,80.760,0.003,0.009,-0.001,0.009,3|18,weighted_average,kalman(weighted_average),false
1788858872.644,103.749,-0.160,-1.821,1.818,82.454,-0.132,-1.818,1.841,81.917,0.028,0.003,0.022,0.036,3|18,weighted_average,kalman(weighted_average),false
1788858872.693,103.798,-0.023,-1.930,1.830,79.935,-0.076,-1.885,1.833,81.210,-0.053,0.045,0.002,0.069,18,weighted_average,kalman(weighted_average),false
1788858872.745,103.850,-0.081,-1.821,1.824,82.171,-0.074,-1.859,1.825,81.820,0.007,-0.038,0.001,0.038,3|18,weighted_average,kalman(weighted_average),false
1788858872.834,103.940,-0.115,-1.823,1.789,83.776,-0.101,-1.834,1.795,83.306,0.013,-0.011,0.006,0.019,3|18,weighted_average,kalman(weighted_average),false
1788858872.886,103.992,-0.220,-1.840,1.583,85.838,-0.183,-1.835,1.651,85.054,0.037,0.005,0.068,0.078,3|18,weighted_average,kalman(weighted_average),false
1788858872.934,104.039,-0.043,-1.846,1.867,82.834,-0.183,-1.835,1.651,84.328,-0.139,0.011,-0.216,0.258,15|18,weighted_average,kalman(weighted_average),true
1788858872.989,104.094,-0.191,-1.837,1.602,86.267,-0.189,-1.836,1.612,85.586,0.002,0.000,0.011,0.011,3|18,weighted_average,kalman(weighted_average),false
1788858873.039,104.145,-0.022,-1.845,1.885,83.454,-0.189,-1.836,1.612,84.809,-0.167,0.009,-0.273,0.320,15|18,weighted_average,kalman(weighted_average),true
1788858873.136,104.241,-0.023,-1.849,1.875,84.150,-0.045,-1.848,1.840,84.486,-0.022,0.002,-0.034,0.041,15|18,weighted_average,kalman(weighted_average),false
1788858873.185,104.290,-0.044,-1.795,1.864,85.104,-0.028,-1.814,1.881,84.819,0.015,-0.019,0.017,0.030,3|15|18,weighted_average,kalman(weighted_average),false
1788858873.236,104.342,-0.079,-1.795,1.845,85.955,-0.047,-1.798,1.882,85.481,0.032,-0.002,0.037,0.049,3|15|18,weighted_average,kalman(weighted_average),false
1788858873.287,104.392,-0.030,-1.657,1.880,84.747,-0.033,-1.706,1.894,85.228,-0.003,-0.049,0.013,0.051,15,weighted_average,kalman(weighted_average),false
1788858873.342,104.447,-0.066,-1.842,1.838,86.306,-0.049,-1.770,1.869,85.853,0.018,0.072,0.031,0.080,3|18,weighted_average,kalman(weighted_average),false
1788858873.432,104.538,-0.054,-1.668,1.925,85.971,-0.053,-1.695,1.911,86.104,0.001,-0.027,-0.013,0.030,15,weighted_average,kalman(weighted_average),false
1788858873.485,104.590,-0.143,-1.797,1.691,88.158,-0.113,-1.751,1.773,87.383,0.030,0.046,0.082,0.098,3|15|18,weighted_average,kalman(weighted_average),false
1788858873.537,104.642,-0.048,-1.795,1.843,86.987,-0.083,-1.782,1.797,87.431,-0.035,0.013,-0.046,0.059,3|15|18,weighted_average,kalman(weighted_average),false
1788858873.589,104.694,-0.034,-1.800,1.890,86.915,-0.054,-1.800,1.847,87.338,-0.020,0.000,-0.043,0.047,3|15|18,weighted_average,kalman(weighted_average),false
1788858873.635,104.740,-0.021,-1.852,1.884,86.595,-0.030,-1.837,1.873,87.057,-0.009,0.015,-0.010,0.021,15|18,weighted_average,kalman(weighted_average),false
1788858873.726,104.831,0.025,-1.648,1.919,86.077,0.019,-1.709,1.916,86.453,-0.006,-0.061,-0.003,0.061,15,weighted_average,kalman(weighted_average),false
1788858873.780,104.885,-0.020,-1.793,1.921,87.403,0.002,-1.746,1.927,86.919,0.022,0.046,0.007,0.052,3|15|18,weighted_average,kalman(weighted_average),false
1788858873.828,104.934,-0.012,-1.848,1.884,86.840,-0.004,-1.805,1.907,86.896,0.008,0.043,0.023,0.049,15|18,weighted_average,kalman(weighted_average),false
1788858873.883,104.989,-0.044,-1.799,1.930,87.878,-0.029,-1.810,1.921,87.437,0.015,-0.011,-0.008,0.020,3|15|18,weighted_average,kalman(weighted_average),false
1788858873.929,105.034,0.002,-1.657,1.948,86.637,-0.015,-1.725,1.940,87.122,-0.017,-0.069,-0.009,0.071,15,weighted_average,kalman(weighted_average),false
1788858874.024,105.129,-0.054,-1.802,1.933,88.122,-0.045,-1.770,1.940,87.796,0.010,0.033,0.007,0.035,3|15|18,weighted_average,kalman(weighted_average),false
1788858874.075,105.180,-0.042,-1.791,1.927,87.933,-0.047,-1.789,1.933,87.981,-0.006,0.002,0.005,0.008,3|15|18,weighted_average,kalman(weighted_average),false
1788858874.127,105.232,-0.192,-1.838,1.599,90.577,-0.047,-1.789,1.933,89.513,0.145,0.050,0.334,0.368,3|18,weighted_average,kalman(weighted_average),true
1788858874.178,105.283,-0.005,-1.828,1.906,87.545,-0.014,-1.820,1.912,88.791,-0.009,0.008,0.006,0.013,3|18,weighted_average,kalman(weighted_average),false
1788858874.228,105.333,-0.025,-1.820,1.888,87.874,-0.017,-1.824,1.894,88.403,0.009,-0.004,0.006,0.011,3|18,weighted_average,kalman(weighted_average),false
1788858874.323,105.428,0.001,-1.914,1.871,86.833,-0.000,-1.896,1.871,87.355,-0.001,0.018,0.000,0.018,18,weighted_average,kalman(weighted_average),false
1788858874.377,105.482,0.003,-1.904,1.870,86.813,0.005,-1.913,1.866,86.871,0.002,-0.009,-0.004,0.010,18,weighted_average,kalman(weighted_average),false
1788858874.423,105.528,0.005,-1.892,1.870,86.807,0.007,-1.909,1.865,86.663,0.003,-0.017,-0.005,0.018,18,weighted_average,kalman(weighted_average),false
1788858874.475,105.580,0.001,-1.889,1.872,86.876,0.006,-1.902,1.867,86.608,0.004,-0.013,-0.005,0.015,18,weighted_average,kalman(weighted_average),false
1788858874.522,105.628,0.009,-1.879,1.872,86.781,0.008,-1.890,1.869,86.586,-0.000,-0.011,-0.002,0.011,18,weighted_average,kalman(weighted_average),false
1788858874.615,105.720,0.012,-1.857,1.866,86.782,0.012,-1.864,1.866,86.606,0.000,-0.007,0.001,0.007,18,weighted_average,kalman(weighted_average),false
1788858874.663,105.768,0.010,-1.846,1.867,86.855,0.011,-1.848,1.867,86.725,0.002,-0.003,-0.001,0.003,18,weighted_average,kalman(weighted_average),false
1788858874.717,105.822,0.016,-1.836,1.867,86.776,0.015,-1.835,1.867,86.758,-0.001,0.001,-0.000,0.002,18,weighted_average,kalman(weighted_average),false
1788858874.767,105.872,0.014,-1.822,1.865,86.845,0.015,-1.822,1.866,86.811,0.001,0.000,0.000,0.001,18,weighted_average,kalman(weighted_average),false
1788858874.819,105.924,0.016,-1.813,1.863,86.832,0.016,-1.811,1.864,86.837,0.000,0.002,0.001,0.002,18,weighted_average,kalman(weighted_average),false
1788858874.914,106.020,0.020,-1.786,1.859,86.811,0.020,-1.787,1.860,86.837,-0.000,-0.001,0.001,0.001,18,weighted_average,kalman(weighted_average),false
1788858874.961,106.066,0.022,-1.770,1.861,86.784,0.021,-1.772,1.860,86.811,-0.000,-0.002,-0.001,0.002,18,weighted_average,kalman(weighted_average),false
1788858875.017,106.122,0.020,-1.761,1.860,86.830,0.021,-1.759,1.860,86.820,0.001,0.002,-0.000,0.002,18,weighted_average,kalman(weighted_average),false
1788858875.063,106.168,0.020,-1.753,1.856,86.831,0.021,-1.750,1.857,86.826,0.001,0.002,0.001,0.003,18,weighted_average,kalman(weighted_average),false
1788858875.122,106.227,0.025,-1.731,1.854,86.801,0.023,-1.733,1.855,86.814,-0.001,-0.002,0.001,0.003,18,weighted_average,kalman(weighted_average),false
1788858875.216,106.321,0.021,-1.704,1.850,86.886,0.022,-1.705,1.850,86.861,0.001,-0.001,0.000,0.002,18,weighted_average,kalman(weighted_average),false
1788858875.261,106.367,0.021,-1.681,1.842,86.912,0.022,-1.685,1.844,86.896,0.000,-0.004,0.002,0.004,18,weighted_average,kalman(weighted_average),false
1788858875.317,106.422,0.023,-1.672,1.843,86.871,0.023,-1.670,1.842,86.893,-0.001,0.002,-0.001,0.003,18,weighted_average,kalman(weighted_average),false
1788858875.364,106.469,0.025,-1.652,1.841,86.859,0.024,-1.653,1.840,86.881,-0.001,-0.001,-0.001,0.002,18,weighted_average,kalman(weighted_average),false
1788858875.415,106.520,0.028,-1.631,1.832,86.795,0.027,-1.633,1.834,86.839,-0.001,-0.002,0.002,0.004,18,weighted_average,kalman(weighted_average),false
1788858875.512,106.618,0.022,-1.613,1.828,86.893,0.024,-1.610,1.828,86.867,0.002,0.004,-0.000,0.004,18,weighted_average,kalman(weighted_average),false
1788858875.560,106.665,0.024,-1.601,1.829,86.886,0.024,-1.600,1.828,86.881,-0.000,0.001,-0.002,0.002,18,weighted_average,kalman(weighted_average),false
1788858875.612,106.717,0.023,-1.581,1.827,86.894,0.023,-1.583,1.826,86.892,0.000,-0.002,-0.000,0.002,18,weighted_average,kalman(weighted_average),false
1788858875.663,106.768,0.024,-1.569,1.826,86.885,0.023,-1.569,1.826,86.893,-0.000,-0.000,-0.001,0.001,18,weighted_average,kalman(weighted_average),false
1788858875.716,106.821,0.017,-1.553,1.817,86.947,0.019,-1.553,1.820,86.925,0.002,-0.001,0.003,0.004,18,weighted_average,kalman(weighted_average),false
1788858875.814,106.919,0.013,-1.522,1.810,86.982,0.014,-1.523,1.811,86.973,0.001,-0.001,0.001,0.001,18,weighted_average,kalman(weighted_average),false
1788858875.859,106.964,0.016,-1.510,1.813,86.928,0.015,-1.509,1.810,86.956,-0.002,0.000,-0.002,0.003,18,weighted_average,kalman(weighted_average),false
1788858875.911,107.016,0.013,-1.491,1.810,86.948,0.013,-1.492,1.809,86.956,0.000,-0.001,-0.001,0.001,18,weighted_average,kalman(weighted_average),false
1788858875.961,107.066,0.012,-1.479,1.812,86.959,0.012,-1.478,1.810,86.960,-0.000,0.001,-0.002,0.003,18,weighted_average,kalman(weighted_average),false
1788858876.015,107.120,0.009,-1.458,1.808,86.979,0.009,-1.459,1.808,86.973,0.001,-0.001,0.001,0.002,18,weighted_average,kalman(weighted_average),false
1788858876.108,107.213,0.010,-1.424,1.802,86.917,0.009,-1.425,1.803,86.941,-0.001,-0.001,0.001,0.002,18,weighted_average,kalman(weighted_average),false
1788858876.158,107.263,0.004,-1.418,1.802,86.967,0.006,-1.414,1.802,86.952,0.001,0.004,-0.001,0.004,18,weighted_average,kalman(weighted_average),false
1788858876.208,107.313,0.001,-1.397,1.805,86.992,0.002,-1.398,1.803,86.973,0.001,-0.001,-0.002,0.003,18,weighted_average,kalman(weighted_average),false
1788858876.257,107.363,-0.000,-1.386,1.805,86.997,-0.000,-1.385,1.804,86.989,0.000,0.002,-0.001,0.002,18,weighted_average,kalman(weighted_average),false
1788858876.310,107.415,0.001,-1.362,1.798,86.939,-0.000,-1.365,1.801,86.968,-0.002,-0.003,0.002,0.004,18,weighted_average,kalman(weighted_average),false
1788858876.402,107.507,-0.007,-1.333,1.808,87.018,-0.006,-1.333,1.805,87.000,0.001,-0.000,-0.002,0.003,18,weighted_average,kalman(weighted_average),false
1788858876.453,107.558,-0.007,-1.322,1.803,86.999,-0.008,-1.320,1.804,87.004,-0.001,0.002,0.001,0.003,18,weighted_average,kalman(weighted_average),false
1788858876.501,107.607,-0.014,-1.306,1.805,87.057,-0.012,-1.306,1.805,87.036,0.002,0.000,0.000,0.002,18,weighted_average,kalman(weighted_average),false
1788858876.554,107.659,-0.017,-1.295,1.803,87.081,-0.017,-1.293,1.804,87.068,0.000,0.002,0.001,0.002,18,weighted_average,kalman(weighted_average),false
1788858876.607,107.712,-0.015,-1.284,1.805,87.028,-0.017,-1.282,1.804,87.058,-0.002,0.002,-0.000,0.003,18,weighted_average,kalman(weighted_average),false
1788858876.698,107.803,-0.021,-1.245,1.810,87.026,-0.021,-1.249,1.809,87.043,0.000,-0.004,-0.001,0.004,18,weighted_average,kalman(weighted_average),false
1788858876.752,107.858,-0.026,-1.238,1.814,87.068,-0.025,-1.235,1.813,87.057,0.001,0.002,-0.001,0.003,18,weighted_average,kalman(weighted_average),false
1788858876.802,107.908,-0.030,-1.218,1.817,87.086,-0.029,-1.219,1.816,87.075,0.001,-0.001,-0.001,0.001,18,weighted_average,kalman(weighted_average),false
1788858876.852,107.957,-0.031,-1.209,1.814,87.087,-0.032,-1.207,1.816,87.085,-0.001,0.002,0.002,0.003,18,weighted_average,kalman(weighted_average),false
1788858876.903,108.008,-0.032,-1.187,1.823,87.079,-0.033,-1.190,1.821,87.087,-0.001,-0.002,-0.002,0.003,18,weighted_average,kalman(weighted_average),false
1788858876.992,108.097,-0.034,-1.169,1.819,87.077,-0.035,-1.167,1.821,87.085,-0.001,0.002,0.002,0.003,18,weighted_average,kalman(weighted_average),false
1788858877.044,108.149,-0.040,-1.149,1.817,87.134,-0.039,-1.151,1.819,87.114,0.001,-0.001,0.002,0.003,18,weighted_average,kalman(weighted_average),false
1788858877.097,108.202,-0.039,-1.141,1.818,87.108,-0.040,-1.139,1.818,87.116,-0.001,0.002,-0.000,0.002,18,weighted_average,kalman(weighted_average),false
1788858877.147,108.252,-0.046,-1.125,1.826,87.181,-0.044,-1.125,1.823,87.154,0.001,-0.001,-0.003,0.004,18,weighted_average,kalman(weighted_average),false
1788858877.194,108.299,-0.042,-1.113,1.837,87.145,-0.044,-1.113,1.832,87.158,-0.002,0.000,-0.005,0.005,18,weighted_average,kalman(weighted_average),false
1788858877.292,108.397,-0.047,-1.084,1.826,87.173,-0.047,-1.085,1.830,87.177,-0.000,-0.001,0.003,0.003,18,weighted_average,kalman(weighted_average),false
1788858877.345,108.450,-0.042,-1.063,1.834,87.112,-0.044,-1.066,1.832,87.143,-0.002,-0.002,-0.001,0.003,18,weighted_average,kalman(weighted_average),false
1788858877.395,108.501,-0.046,-1.058,1.833,87.157,-0.045,-1.055,1.833,87.148,0.001,0.003,0.000,0.003,18,weighted_average,kalman(weighted_average),false
1788858877.447,108.553,-0.043,-1.036,1.837,87.129,-0.044,-1.038,1.836,87.137,-0.001,-0.002,-0.001,0.002,18,weighted_average,kalman(weighted_average),false
1788858877.495,108.601,-0.046,-1.024,1.836,87.143,-0.045,-1.024,1.836,87.138,0.001,-0.000,0.001,0.001,18,weighted_average,kalman(weighted_average),false
1788858877.588,108.694,-0.047,-1.005,1.838,87.151,-0.047,-1.003,1.838,87.145,0.000,0.002,0.000,0.002,18,weighted_average,kalman(weighted_average),false
1788858877.642,108.748,-0.051,-0.991,1.846,87.192,-0.050,-0.991,1.844,87.173,0.001,0.000,-0.002,0.003,18,weighted_average,kalman(weighted_average),false
1788858877.693,108.798,-0.047,-0.977,1.833,87.149,-0.049,-0.978,1.838,87.165,-0.002,-0.001,0.005,0.006,18,weighted_average,kalman(weighted_average),false
1788858877.740,108.845,-0.048,-0.959,1.836,87.152,-0.048,-0.962,1.837,87.160,-0.000,-0.003,0.001,0.003,18,weighted_average,kalman(weighted_average),false
1788858877.790,108.895,-0.053,-0.956,1.848,87.206,-0.051,-0.953,1.843,87.184,0.002,0.003,-0.005,0.006,18,weighted_average,kalman(weighted_average),false
1788858877.891,108.996,-0.051,-0.939,1.902,86.259,-0.052,-0.937,1.890,86.563,-0.001,0.002,-0.012,0.013,17,weighted_average,kalman(weighted_average),false
1788858877.937,109.043,-0.058,-0.933,1.932,86.295,-0.056,-0.932,1.924,86.324,0.002,0.002,-0.008,0.008,17,weighted_average,kalman(weighted_average),false
1788858877.995,109.100,-0.055,-0.919,1.901,86.545,-0.056,-0.921,1.920,86.335,-0.001,-0.002,0.019,0.019,17|18,weighted_average,kalman(weighted_average),false
1788858878.041,109.146,-0.066,-0.897,1.898,86.798,-0.062,-0.903,1.911,86.520,0.004,-0.007,0.013,0.015,17|18,weighted_average,kalman(weighted_average),false
1788858878.091,109.196,-0.064,-0.897,1.922,86.397,-0.065,-0.894,1.919,86.444,-0.001,0.002,-0.003,0.004,17,weighted_average,kalman(weighted_average),false
1788858878.191,109.296,-0.058,-0.873,1.905,86.504,-0.060,-0.873,1.910,86.458,-0.003,0.000,0.005,0.006,17|18,weighted_average,kalman(weighted_average),false
1788858878.239,109.344,-0.075,-0.855,1.914,86.806,-0.069,-0.858,1.912,86.654,0.006,-0.003,-0.003,0.007,17|18,weighted_average,kalman(weighted_average),false
1788858878.285,109.391,-0.071,-0.843,1.926,86.534,-0.072,-0.844,1.920,86.619,-0.000,-0.001,-0.006,0.006,17,weighted_average,kalman(weighted_average),false
1788858878.340,109.445,-0.075,-0.817,1.896,86.929,-0.075,-0.822,1.906,86.801,0.000,-0.005,0.011,0.012,17|18,weighted_average,kalman(weighted_average),false
1788858878.395,109.500,-0.070,-0.819,1.903,86.734,-0.073,-0.813,1.902,86.807,-0.003,0.006,-0.001,0.007,17|18,weighted_average,kalman(weighted_average),false
1788858878.485,109.591,-0.077,-0.799,1.932,86.539,-0.076,-0.797,1.923,86.664,0.001,0.002,-0.009,0.010,17,weighted_average,kalman(weighted_average),false
1788858878.536,109.642,-0.078,-0.780,1.925,86.549,-0.078,-0.782,1.927,86.585,0.000,-0.002,0.002,0.003,17,weighted_average,kalman(weighted_average),false
1788858878.587,109.692,-0.074,-0.778,1.937,86.428,-0.076,-0.775,1.935,86.478,-0.002,0.003,-0.001,0.004,17,weighted_average,kalman(weighted_average),false
1788858878.640,109.745,-0.085,-0.754,1.930,86.676,-0.082,-0.758,1.935,86.551,0.003,-0.004,0.005,0.008,17,weighted_average,kalman(weighted_average),false
1788858878.691,109.796,-0.079,-0.751,1.932,86.503,-0.081,-0.749,1.935,86.517,-0.002,0.002,0.002,0.004,17,weighted_average,kalman(weighted_average),false
1788858878.786,109.891,-0.078,-0.727,1.940,86.465,-0.079,-0.727,1.940,86.468,-0.001,-0.000,-0.001,0.001,17,weighted_average,kalman(weighted_average),false
1788858878.831,109.937,-0.083,-0.706,1.933,86.549,-0.081,-0.710,1.936,86.504,0.001,-0.004,0.003,0.005,17,weighted_average,kalman(weighted_average),false
1788858878.887,109.993,-0.081,-0.704,1.948,86.466,-0.081,-0.700,1.944,86.481,-0.001,0.004,-0.004,0.006,17,weighted_average,kalman(weighted_average),false
1788858878.932,110.038,-0.086,-0.679,1.938,86.603,-0.084,-0.683,1.941,86.539,0.002,-0.004,0.004,0.006,17,weighted_average,kalman(weighted_average),false
1788858878.986,110.091,-0.092,-0.669,1.939,86.717,-0.089,-0.669,1.940,86.639,0.002,0.000,0.001,0.003,17,weighted_average,kalman(weighted_average),false
1788858879.077,110.183,-0.082,-0.651,1.937,86.460,-0.085,-0.649,1.938,86.549,-0.003,0.002,0.001,0.004,17,weighted_average,kalman(weighted_average),false
1788858879.127,110.232,-0.084,-0.641,1.952,86.458,-0.084,-0.640,1.947,86.490,0.000,0.001,-0.005,0.005,17,weighted_average,kalman(weighted_average),false
1788858879.183,110.288,-0.090,-0.627,1.947,86.596,-0.088,-0.628,1.948,86.534,0.003,-0.000,0.001,0.003,17,weighted_average,kalman(weighted_average),false
1788858879.230,110.335,-0.093,-0.609,1.952,86.634,-0.091,-0.613,1.951,86.585,0.002,-0.003,-0.001,0.004,17,weighted_average,kalman(weighted_average),false
1788858879.283,110.389,-0.090,-0.607,1.963,86.543,-0.091,-0.604,1.959,86.571,-0.001,0.003,-0.003,0.005,17,weighted_average,kalman(weighted_average),false
1788858879.377,110.482,-0.091,-0.579,1.949,86.537,-0.091,-0.580,1.954,86.551,-0.001,-0.001,0.005,0.005,17,weighted_average,kalman(weighted_average),false
1788858879.425,110.530,-0.084,-0.566,1.941,86.367,-0.087,-0.567,1.945,86.445,-0.003,-0.001,0.004,0.005,17,weighted_average,kalman(weighted_average),false
1788858879.480,110.585,-0.093,-0.555,1.947,86.550,-0.090,-0.554,1.944,86.483,0.003,0.001,-0.003,0.004,17,weighted_average,kalman(weighted_average),false
1788858879.528,110.633,-0.090,-0.552,1.966,86.473,-0.090,-0.548,1.956,86.473,-0.000,0.004,-0.010,0.010,17,weighted_average,kalman(weighted_average),false
1788858879.583,110.688,-0.099,-0.523,1.957,86.715,-0.096,-0.529,1.958,86.596,0.003,-0.005,0.001,0.006,17,weighted_average,kalman(weighted_average),false
1788858879.676,110.781,-0.090,-0.508,1.957,86.477,-0.093,-0.507,1.959,86.540,-0.003,0.001,0.002,0.003,17,weighted_average,kalman(weighted_average),false
1788858879.726,110.831,-0.094,-0.500,1.959,86.546,-0.093,-0.498,1.959,86.540,0.001,0.002,0.000,0.002,17,weighted_average,kalman(weighted_average),false
1788858879.780,110.886,-0.084,-0.494,1.953,86.282,-0.087,-0.491,1.955,86.394,-0.003,0.003,0.002,0.005,17,weighted_average,kalman(weighted_average),false
1788858879.827,110.933,-0.085,-0.485,1.956,86.319,-0.085,-0.484,1.955,86.331,0.000,0.001,-0.001,0.001,17,weighted_average,kalman(weighted_average),false
1788858879.881,110.986,-0.089,-0.466,1.958,86.401,-0.086,-0.470,1.957,86.338,0.003,-0.003,-0.001,0.004,17,weighted_average,kalman(weighted_average),false
1788858879.978,111.083,-0.107,-0.432,1.972,86.817,-0.102,-0.436,1.968,86.638,0.005,-0.004,-0.003,0.007,17,weighted_average,kalman(weighted_average),false
1788858880.024,111.129,-0.106,-0.418,1.935,86.799,-0.107,-0.419,1.949,86.767,-0.001,-0.001,0.014,0.014,17,weighted_average,kalman(weighted_average),false
1788858880.078,111.183,-0.107,-0.405,1.944,86.821,-0.109,-0.404,1.944,86.849,-0.002,0.001,-0.001,0.003,17,weighted_average,kalman(weighted_average),false
1788858880.127,111.232,-0.116,-0.394,1.958,87.012,-0.115,-0.391,1.950,86.980,0.001,0.002,-0.008,0.008,17,weighted_average,kalman(weighted_average),false
1788858880.177,111.283,-0.099,-0.389,1.949,86.662,-0.108,-0.384,1.949,86.868,-0.009,0.005,0.000,0.010,17,weighted_average,kalman(weighted_average),false
1788858880.275,111.381,-0.105,-0.360,1.926,86.774,-0.105,-0.360,1.931,86.825,-0.000,-0.000,0.005,0.005,17,weighted_average,kalman(weighted_average),false
1788858880.323,111.428,-0.105,-0.358,1.973,86.786,-0.105,-0.355,1.956,86.801,0.000,0.003,-0.018,0.018,17,weighted_average,kalman(weighted_average),false
1788858880.373,111.478,-0.090,-0.351,1.942,86.459,-0.095,-0.349,1.949,86.611,-0.005,0.002,0.008,0.010,17,weighted_average,kalman(weighted_average),false
1788858880.420,111.525,-0.085,-0.339,1.927,86.369,-0.087,-0.340,1.937,86.452,-0.002,-0.001,0.009,0.010,17,weighted_average,kalman(weighted_average),false
1788858880.474,111.579,-0.096,-0.319,1.912,86.630,-0.090,-0.324,1.919,86.491,0.006,-0.005,0.007,0.011,17,weighted_average,kalman(weighted_average),false
1788858880.563,111.669,-0.095,-0.303,1.937,86.632,-0.093,-0.303,1.927,86.550,0.002,-0.000,-0.009,0.009,17,weighted_average,kalman(weighted_average),false
1788858880.616,111.722,-0.094,-0.293,1.931,86.626,-0.094,-0.292,1.930,86.594,0.000,0.001,-0.001,0.001,17,weighted_average,kalman(weighted_average),false
1788858880.665,111.770,-0.084,-0.288,1.960,86.440,-0.088,-0.286,1.949,86.518,-0.004,0.002,-0.011,0.012,17,weighted_average,kalman(weighted_average),false
1788858880.717,111.822,-0.076,-0.281,1.928,86.289,-0.080,-0.279,1.940,86.389,-0.004,0.002,0.012,0.013,17,weighted_average,kalman(weighted_average),false
1788858880.766,111.871,-0.096,-0.249,1.919,86.739,-0.088,-0.258,1.928,86.542,0.008,-0.009,0.009,0.015,17,weighted_average,kalman(weighted_average),false
1788858880.862,111.968,-0.089,-0.232,1.892,86.637,-0.089,-0.232,1.898,86.616,0.000,0.000,0.006,0.006,17,weighted_average,kalman(weighted_average),false
1788858880.912,112.017,-0.092,-0.220,1.930,86.701,-0.091,-0.219,1.914,86.678,0.001,0.000,-0.016,0.016,17,weighted_average,kalman(weighted_average),false
1788858880.962,112.067,-0.102,-0.186,1.896,86.984,-0.098,-0.194,1.903,86.863,0.004,-0.008,0.007,0.011,17,weighted_average,kalman(weighted_average),false
1788858881.015,112.120,-0.084,-0.195,1.929,86.643,-0.091,-0.187,1.917,86.791,-0.007,0.008,-0.012,0.016,17,weighted_average,kalman(weighted_average),false
1788858881.063,112.169,-0.077,-0.191,1.897,86.487,-0.083,-0.185,1.907,86.649,-0.005,0.007,0.009,0.013,17,weighted_average,kalman(weighted_average),false
1788858881.161,112.266,-0.070,-0.172,1.883,86.391,-0.071,-0.171,1.887,86.459,-0.001,0.001,0.004,0.005,17,weighted_average,kalman(weighted_average),false
1788858881.211,112.317,-0.081,-0.148,1.918,86.679,-0.075,-0.153,1.904,86.555,0.005,-0.005,-0.014,0.016,17,weighted_average,kalman(weighted_average),false
1788858881.267,112.372,-0.084,-0.135,1.883,86.759,-0.080,-0.137,1.892,86.663,0.004,-0.002,0.009,0.010,17,weighted_average,kalman(weighted_average),false
1788858881.319,112.424,-0.075,-0.136,1.922,86.578,-0.078,-0.131,1.909,86.631,-0.003,0.005,-0.013,0.014,17,weighted_average,kalman(weighted_average),false
1788858881.363,112.468,-0.102,-0.104,1.902,87.171,-0.092,-0.112,1.907,86.905,0.011,-0.008,0.005,0.014,17,weighted_average,kalman(weighted_average),false
1788858881.456,112.562,-0.096,-0.088,1.901,87.104,-0.098,-0.087,1.904,87.101,-0.002,0.001,0.002,0.003,17,weighted_average,kalman(weighted_average),false
1788858881.511,112.616,-0.076,-0.093,1.912,86.738,-0.085,-0.086,1.909,86.934,-0.008,0.007,-0.003,0.011,17,weighted_average,kalman(weighted_average),false
1788858881.558,112.663,-0.068,-0.091,1.896,86.596,-0.073,-0.086,1.902,86.755,-0.005,0.005,0.006,0.009,17,weighted_average,kalman(weighted_average),false
1788858881.614,112.719,-0.075,-0.072,1.896,86.778,-0.072,-0.075,1.898,86.737,0.004,-0.004,0.001,0.005,17,weighted_average,kalman(weighted_average),false
1788858881.659,112.764,-0.063,-0.073,1.888,86.549,-0.065,-0.071,1.891,86.622,-0.002,0.002,0.003,0.004,17,weighted_average,kalman(weighted_average),false
1788858881.752,112.857,-0.065,-0.060,1.910,86.711,-0.063,-0.060,1.903,86.635,0.003,-0.000,-0.007,0.007,17,weighted_average,kalman(weighted_average),false
1788858881.801,112.906,-0.054,-0.052,1.880,87.031,-0.056,-0.053,1.889,86.852,-0.003,-0.001,0.010,0.010,17,weighted_average,kalman(weighted_average),false
1788858881.857,112.962,-0.063,-0.051,1.904,87.472,-0.059,-0.049,1.897,87.231,0.004,0.002,-0.007,0.008,17,weighted_average,kalman(weighted_average),false
1788858881.903,113.008,-0.056,-0.045,1.866,87.973,-0.057,-0.045,1.879,87.692,-0.001,0.000,0.013,0.013,17,weighted_average,kalman(weighted_average),false
1788858881.955,113.060,-0.070,-0.043,1.892,88.484,-0.064,-0.042,1.884,88.244,0.006,0.001,-0.008,0.010,17,weighted_average,kalman(weighted_average),false
1788858882.047,113.152,-0.078,-0.030,1.908,89.514,-0.076,-0.031,1.901,89.309,0.003,-0.001,-0.007,0.007,17,weighted_average,kalman(weighted_average),false
1788858882.095,113.200,-0.080,-0.031,1.915,89.796,-0.081,-0.029,1.913,89.795,-0.000,0.002,-0.002,0.003,17,weighted_average,kalman(weighted_average),false
1788858882.151,113.256,-0.079,-0.039,1.942,90.215,-0.082,-0.034,1.935,90.280,-0.003,0.005,-0.007,0.009,17,weighted_average,kalman(weighted_average),false
1788858882.196,113.302,-0.076,-0.034,1.916,90.395,-0.080,-0.034,1.929,90.548,-0.004,-0.000,0.013,0.013,17,weighted_average,kalman(weighted_average),false
1788858882.249,113.354,-0.093,-0.022,1.936,91.202,-0.088,-0.027,1.936,91.099,0.005,-0.005,-0.000,0.007,17,weighted_average,kalman(weighted_average),false
1788858882.342,113.447,-0.123,0.005,1.930,92.505,-0.116,-0.002,1.934,92.314,0.007,-0.006,0.004,0.010,17,weighted_average,kalman(weighted_average),false
1788858882.395,113.500,-0.110,0.009,1.896,92.520,-0.117,0.010,1.909,92.692,-0.007,0.001,0.013,0.015,17,weighted_average,kalman(weighted_average),false
1788858882.446,113.551,-0.126,0.020,1.916,93.285,-0.125,0.020,1.909,93.248,0.001,0.000,-0.006,0.006,17,weighted_average,kalman(weighted_average),false
1788858882.491,113.596,-0.110,0.017,1.879,93.211,-0.119,0.022,1.889,93.456,-0.009,0.006,0.010,0.015,17,weighted_average,kalman(weighted_average),false
1788858882.544,113.649,-0.144,0.036,1.912,94.296,-0.135,0.033,1.898,94.111,0.009,-0.002,-0.015,0.017,17,weighted_average,kalman(weighted_average),false
1788858882.635,113.740,-0.115,0.033,1.872,94.439,-0.124,0.037,1.877,94.639,-0.009,0.004,0.005,0.011,17,weighted_average,kalman(weighted_average),false
1788858882.687,113.792,-0.125,0.049,1.839,94.879,-0.124,0.046,1.849,94.939,0.002,-0.003,0.009,0.010,17,weighted_average,kalman(weighted_average),false
1788858882.735,113.840,0.345,0.525,2.067,92.311,-0.124,0.046,1.849,93.684,-0.469,-0.478,-0.218,0.705,3,weighted_average,kalman(weighted_average),true
1788858882.789,113.895,-0.635,0.598,1.932,102.570,-0.124,0.046,1.849,98.355,0.512,-0.551,-0.083,0.757,3,weighted_average,kalman(weighted_average),true
1788858882.837,113.943,-0.348,0.617,2.048,100.314,-0.124,0.046,1.849,100.061,0.224,-0.570,-0.200,0.644,3,weighted_average,kalman(weighted_average),true
1788858882.928,114.033,0.198,0.629,1.282,95.235,-0.124,0.046,1.849,97.955,-0.321,-0.582,0.567,0.874,3,weighted_average,kalman(weighted_average),true
1788858882.978,114.084,-0.614,0.613,0.832,103.888,-0.124,0.046,1.849,101.278,0.490,-0.566,1.017,1.263,3,weighted_average,kalman(weighted_average),true
1788858883.027,114.132,0.144,0.638,2.008,97.175,0.137,0.624,2.004,99.572,-0.007,-0.015,-0.004,0.017,3,weighted_average,kalman(weighted_average),false
1788858883.081,114.186,-1.035,0.611,1.151,109.041,0.137,0.624,2.004,104.684,1.172,0.013,0.853,1.449,3,weighted_average,kalman(weighted_average),true
1788858883.128,114.233,-0.837,0.623,0.839,107.322,0.137,0.624,2.004,106.882,0.974,0.001,1.165,1.519,3,weighted_average,kalman(weighted_average),true
1788858883.225,114.331,-0.522,0.674,2.061,105.556,-0.474,0.670,2.057,107.307,0.048,-0.004,-0.004,0.048,3,weighted_average,kalman(weighted_average),false
1788858883.274,114.379,-0.496,0.733,1.493,105.739,-0.474,0.670,2.057,106.729,0.022,-0.063,0.564,0.568,3,weighted_average,kalman(weighted_average),true
1788858883.334,114.440,-1.203,0.639,1.509,113.150,-0.474,0.670,2.057,110.591,0.729,0.031,0.548,0.913,3,weighted_average,kalman(weighted_average),true
1788858883.375,114.480,-1.042,0.679,1.656,112.249,-0.474,0.670,2.057,112.050,0.567,-0.009,0.401,0.695,3,weighted_average,kalman(weighted_average),true
1788858883.423,114.528,-1.205,0.633,1.131,114.064,-0.474,0.670,2.057,113.818,0.731,0.037,0.926,1.180,3,weighted_average,kalman(weighted_average),true
1788858883.517,114.623,-0.470,0.548,1.894,106.773,-0.470,0.552,1.899,110.310,-0.000,0.004,0.005,0.006,5,weighted_average,kalman(weighted_average),false
1788858883.565,114.670,-0.510,0.552,1.878,107.985,-0.496,0.544,1.875,108.718,0.014,-0.007,-0.003,0.016,5,weighted_average,kalman(weighted_average),false
1788858883.620,114.725,-0.515,0.557,1.875,108.365,-0.512,0.546,1.864,108.027,0.003,-0.011,-0.011,0.016,5,weighted_average,kalman(weighted_average),false
1788858883.667,114.772,-0.540,0.565,1.871,109.296,-0.534,0.555,1.862,108.298,0.006,-0.010,-0.009,0.015,5,weighted_average,kalman(weighted_average),false
1788858883.720,114.825,-0.540,0.565,1.871,109.296,-0.545,0.561,1.863,108.578,-0.005,-0.004,-0.008,0.010,5,weighted_average,kalman(weighted_average),false
1788858883.816,114.922,-0.600,0.588,1.872,111.189,-0.594,0.583,1.867,110.195,0.006,-0.005,-0.004,0.009,5,weighted_average,kalman(weighted_average),false
1788858883.862,114.968,-0.595,0.590,1.889,111.420,-0.602,0.591,1.882,111.086,-0.007,0.001,-0.008,0.011,5,weighted_average,kalman(weighted_average),false
1788858883.915,115.021,-0.621,0.604,1.873,112.279,-0.621,0.603,1.879,112.051,0.000,-0.001,0.006,0.006,5,weighted_average,kalman(weighted_average),false
1788858883.965,115.071,-0.637,0.606,1.895,112.696,-0.638,0.609,1.889,112.745,-0.000,0.003,-0.006,0.006,5,weighted_average,kalman(weighted_average),false
1788858884.021,115.126,-0.664,0.622,1.856,113.538,-0.662,0.621,1.871,113.546,0.003,-0.001,0.015,0.016,5,weighted_average,kalman(weighted_average),false
1788858884.115,115.220,-0.710,0.636,1.870,114.764,-0.707,0.637,1.868,114.815,0.003,0.001,-0.002,0.003,5,weighted_average,kalman(weighted_average),false
1788858884.165,115.270,-0.724,0.638,1.878,115.190,-0.726,0.640,1.874,115.326,-0.002,0.003,-0.004,0.005,5,weighted_average,kalman(weighted_average),false
1788858884.219,115.324,-0.756,0.646,1.859,116.068,-0.753,0.646,1.865,116.038,0.003,0.001,0.006,0.006,5,weighted_average,kalman(weighted_average),false
1788858884.267,115.372,-0.754,0.644,1.881,116.280,-0.763,0.647,1.873,116.458,-0.009,0.003,-0.008,0.012,5,weighted_average,kalman(weighted_average),false
1788858884.318,115.423,-0.788,0.659,1.873,117.055,-0.785,0.656,1.874,117.047,0.003,-0.003,0.001,0.004,5,weighted_average,kalman(weighted_average),false
1788858884.415,115.520,-0.828,0.666,1.892,118.187,-0.827,0.666,1.888,118.176,0.001,0.000,-0.004,0.004,5,weighted_average,kalman(weighted_average),false
1788858884.462,115.567,-0.835,0.668,1.918,118.440,-0.839,0.670,1.909,118.563,-0.004,0.001,-0.008,0.009,5,weighted_average,kalman(weighted_average),false
1788858884.516,115.621,-0.860,0.680,1.880,119.181,-0.859,0.678,1.896,119.157,0.001,-0.002,0.016,0.016,5,weighted_average,kalman(weighted_average),false
1788858884.564,115.669,-0.881,0.675,1.905,119.692,-0.880,0.678,1.902,119.684,0.002,0.004,-0.003,0.005,5,weighted_average,kalman(weighted_average),false
1788858884.617,115.722,-0.889,0.685,1.900,120.263,-0.894,0.684,1.902,120.256,-0.004,-0.001,0.002,0.005,5,weighted_average,kalman(weighted_average),false
1788858884.717,115.822,-0.936,0.693,1.896,121.521,-0.934,0.693,1.898,121.462,0.002,-0.000,0.002,0.003,5,weighted_average,kalman(weighted_average),false
1788858884.763,115.868,-0.940,0.688,1.907,121.868,-0.944,0.691,1.903,121.923,-0.004,0.003,-0.004,0.006,5,weighted_average,kalman(weighted_average),false
1788858884.816,115.921,-0.970,0.700,1.888,122.698,-0.967,0.697,1.894,122.616,0.003,-0.002,0.006,0.007,5,weighted_average,kalman(weighted_average),false
1788858884.865,115.970,-0.980,0.699,1.913,123.065,-0.982,0.700,1.904,123.130,-0.002,0.001,-0.009,0.009,5,weighted_average,kalman(weighted_average),false
1788858884.920,116.026,-1.013,0.694,1.907,124.055,-1.008,0.698,1.907,123.917,0.004,0.004,-0.000,0.006,5,weighted_average,kalman(weighted_average),false
1788858885.012,116.117,-1.040,0.710,1.904,125.045,-1.041,0.707,1.906,125.049,-0.001,-0.003,0.002,0.004,5,weighted_average,kalman(weighted_average),false
1788858885.062,116.167,-1.039,0.704,1.936,125.351,-1.046,0.706,1.925,125.488,-0.007,0.003,-0.010,0.013,5,weighted_average,kalman(weighted_average),false
1788858885.114,116.219,-1.088,0.700,1.906,126.425,-1.077,0.703,1.917,126.262,0.011,0.003,0.010,0.015,5,weighted_average,kalman(weighted_average),false
1788858885.163,116.268,-1.086,0.698,1.927,126.653,-1.091,0.700,1.923,126.759,-0.005,0.002,-0.004,0.006,5,weighted_average,kalman(weighted_average),false
1788858885.218,116.323,-1.108,0.708,1.913,127.319,-1.109,0.704,1.918,127.355,-0.001,-0.004,0.005,0.007,5,weighted_average,kalman(weighted_average),false
1788858885.312,116.417,-1.134,0.706,1.902,128.440,-1.135,0.706,1.906,128.436,-0.002,0.000,0.004,0.004,5,weighted_average,kalman(weighted_average),false
1788858885.363,116.468,-1.159,0.702,1.903,128.994,-1.156,0.704,1.902,129.004,0.003,0.002,-0.001,0.003,5,weighted_average,kalman(weighted_average),false
1788858885.413,116.518,-1.180,0.712,1.915,129.672,-1.177,0.709,1.908,129.626,0.003,-0.003,-0.007,0.008,5,weighted_average,kalman(weighted_average),false
1788858885.461,116.566,-1.219,0.697,1.926,130.473,-1.210,0.703,1.919,130.340,0.010,0.005,-0.007,0.013,5,weighted_average,kalman(weighted_average),false
1788858885.516,116.621,-1.228,0.559,1.973,131.398,-1.232,0.614,1.954,131.231,-0.004,0.055,-0.019,0.058,13,weighted_average,kalman(weighted_average),false
1788858885.613,116.718,-1.282,0.545,1.957,132.976,-1.280,0.543,1.964,132.849,0.001,-0.001,0.007,0.008,13,weighted_average,kalman(weighted_average),false
1788858885.661,116.767,-1.284,0.539,1.988,133.293,-1.291,0.528,1.982,133.433,-0.007,-0.011,-0.006,0.015,13,weighted_average,kalman(weighted_average),false
1788858885.715,116.821,-1.322,0.534,1.960,134.247,-1.318,0.521,1.973,134.234,0.004,-0.013,0.013,0.019,13,weighted_average,kalman(weighted_average),false
1788858885.763,116.868,-1.336,0.525,1.974,134.718,-1.337,0.517,1.974,134.821,-0.001,-0.009,0.001,0.009,13,weighted_average,kalman(weighted_average),false
1788858885.815,116.920,-1.363,0.531,1.955,135.396,-1.361,0.520,1.964,135.465,0.002,-0.011,0.009,0.014,13,weighted_average,kalman(weighted_average),false
1788858885.908,117.014,-1.377,0.535,1.987,135.947,-1.383,0.530,1.980,136.208,-0.006,-0.006,-0.007,0.011,13,weighted_average,kalman(weighted_average),false
1788858885.956,117.061,-1.404,0.534,1.973,136.771,-1.401,0.533,1.978,136.729,0.003,-0.000,0.004,0.005,13,weighted_average,kalman(weighted_average),false
1788858886.006,117.111,-1.439,0.528,1.960,137.752,-1.430,0.531,1.968,137.515,0.008,0.003,0.008,0.012,13,weighted_average,kalman(weighted_average),false
1788858886.057,117.163,-1.436,0.532,1.978,137.965,-1.442,0.532,1.973,138.049,-0.007,0.000,-0.005,0.008,13,weighted_average,kalman(weighted_average),false
1788858886.112,117.217,-1.462,0.549,1.934,138.634,-1.462,0.543,1.949,138.654,0.000,-0.006,0.015,0.017,13,weighted_average,kalman(weighted_average),false
1788858886.201,117.307,-1.492,0.548,1.953,139.826,-1.492,0.549,1.948,139.771,-0.000,0.001,-0.006,0.006,13,weighted_average,kalman(weighted_average),false
1788858886.257,117.363,-1.500,0.537,1.984,140.272,-1.504,0.543,1.971,140.343,-0.004,0.005,-0.013,0.015,13,weighted_average,kalman(weighted_average),false
1788858886.305,117.411,-1.526,0.540,1.938,140.943,-1.522,0.541,1.954,140.916,0.003,0.001,0.016,0.016,13,weighted_average,kalman(weighted_average),false
1788858886.357,117.463,-1.519,0.547,1.958,140.985,-1.527,0.544,1.956,141.235,-0.008,-0.003,-0.003,0.009,13,weighted_average,kalman(weighted_average),false
1788858886.407,117.512,-1.553,0.533,1.933,141.852,-1.547,0.538,1.942,141.783,0.006,0.005,0.009,0.012,13,weighted_average,kalman(weighted_average),false
1788858886.500,117.605,-1.589,0.516,1.933,142.877,-1.585,0.521,1.932,142.822,0.004,0.004,-0.001,0.006,13,weighted_average,kalman(weighted_average),false
1788858886.555,117.660,-1.588,0.538,1.963,142.656,-1.594,0.529,1.951,142.968,-0.006,-0.009,-0.012,0.016,13,weighted_average,kalman(weighted_average),false
1788858886.616,117.721,-1.598,0.532,1.939,143.105,-1.603,0.531,1.945,143.243,-0.005,-0.001,0.006,0.008,13,weighted_average,kalman(weighted_average),false
1788858886.656,117.761,-1.601,0.540,1.951,143.044,-1.605,0.536,1.948,143.265,-0.004,-0.003,-0.003,0.006,13,weighted_average,kalman(weighted_average),false
1788858886.706,117.811,-1.629,0.525,1.952,143.495,-1.622,0.531,1.951,143.499,0.007,0.006,-0.001,0.009,13,weighted_average,kalman(weighted_average),false
1788858886.796,117.901,-1.632,0.544,1.929,143.300,-1.635,0.541,1.936,143.520,-0.003,-0.004,0.007,0.008,13,weighted_average,kalman(weighted_average),false
1788858886.847,117.953,-1.629,0.561,1.938,143.079,-1.634,0.555,1.935,143.308,-0.005,-0.006,-0.003,0.008,13,weighted_average,kalman(weighted_average),false
1788858886.897,118.002,-1.658,0.545,1.929,143.541,-1.650,0.552,1.930,143.427,0.008,0.007,0.001,0.010,13,weighted_average,kalman(weighted_average),false
1788858886.950,118.056,-1.658,0.555,1.902,143.458,-1.659,0.556,1.911,143.460,-0.001,0.000,0.009,0.009,13,weighted_average,kalman(weighted_average),false
1788858886.998,118.104,-1.675,0.551,1.911,143.691,-1.672,0.554,1.907,143.593,0.003,0.003,-0.004,0.006,13,weighted_average,kalman(weighted_average),false
1788858887.093,118.198,-1.678,0.567,1.918,143.583,-1.681,0.565,1.912,143.630,-0.004,-0.003,-0.006,0.008,13,weighted_average,kalman(weighted_average),false
1788858887.146,118.251,-1.685,0.566,1.920,143.677,-1.686,0.568,1.918,143.673,-0.001,0.001,-0.002,0.003,13,weighted_average,kalman(weighted_average),false
1788858887.196,118.301,-1.665,0.597,1.903,143.188,-1.675,0.587,1.909,143.426,-0.010,-0.010,0.007,0.016,13,weighted_average,kalman(weighted_average),false
1788858887.250,118.356,-1.679,0.593,1.903,143.441,-1.676,0.595,1.904,143.403,0.002,0.003,0.002,0.004,13,weighted_average,kalman(weighted_average),false
1788858887.295,118.400,-1.674,0.604,1.889,143.317,-1.675,0.604,1.894,143.339,-0.001,-0.000,0.005,0.005,13,weighted_average,kalman(weighted_average),false
1788858887.403,118.508,-1.685,0.601,1.892,143.566,-1.682,0.606,1.889,143.462,0.002,0.005,-0.002,0.006,13,weighted_average,kalman(weighted_average),false
1788858887.455,118.560,-1.680,0.627,1.867,143.308,-1.682,0.621,1.873,143.382,-0.002,-0.006,0.007,0.009,13,weighted_average,kalman(weighted_average),false
1788858887.494,118.599,-1.680,0.622,1.845,143.450,-1.681,0.624,1.854,143.414,-0.001,0.002,0.009,0.009,13,weighted_average,kalman(weighted_average),false
1788858887.544,118.649,-1.675,0.622,1.895,143.479,-1.678,0.625,1.872,143.450,-0.003,0.003,-0.022,0.023,13,weighted_average,kalman(weighted_average),false
1788858887.597,118.702,-1.692,0.622,1.876,143.671,-1.686,0.625,1.875,143.574,0.006,0.003,-0.001,0.007,13,weighted_average,kalman(weighted_average),false
1788858887.692,118.798,-1.680,0.640,1.871,143.483,-1.683,0.637,1.872,143.548,-0.003,-0.003,0.001,0.004,13,weighted_average,kalman(weighted_average),false
1788858887.743,118.849,-1.681,0.649,1.886,143.445,-1.681,0.647,1.881,143.492,-0.000,-0.002,-0.005,0.005,13,weighted_average,kalman(weighted_average),false
1788858887.792,118.898,-1.676,0.641,1.869,143.605,-1.677,0.646,1.875,143.547,-0.002,0.005,0.006,0.008,13,weighted_average,kalman(weighted_average),false
1788858887.846,118.951,-1.681,0.646,1.852,143.686,-1.679,0.648,1.860,143.626,0.002,0.001,0.009,0.009,13,weighted_average,kalman(weighted_average),false
1788858887.898,119.003,-1.673,0.654,1.853,143.574,-1.675,0.653,1.853,143.616,-0.002,-0.001,0.000,0.003,13,weighted_average,kalman(weighted_average),false
1788858887.991,119.096,-1.672,0.660,1.863,143.640,-1.672,0.660,1.857,143.643,0.000,0.000,-0.006,0.006,13,weighted_average,kalman(weighted_average),false
1788858888.043,119.148,-1.660,0.672,1.871,143.474,-1.664,0.669,1.867,143.552,-0.003,-0.003,-0.005,0.006,13,weighted_average,kalman(weighted_average),false
1788858888.094,119.200,-1.651,0.689,1.878,143.227,-1.654,0.684,1.875,143.363,-0.003,-0.005,-0.002,0.006,13,weighted_average,kalman(weighted_average),false
1788858888.151,119.256,-1.647,0.688,1.846,143.356,-1.647,0.691,1.860,143.318,0.000,0.003,0.013,0.013,13,weighted_average,kalman(weighted_average),false
1788858888.196,119.301,-1.651,0.685,1.874,143.447,-1.647,0.690,1.866,143.355,0.004,0.005,-0.007,0.010,13,weighted_average,kalman(weighted_average),false
1788858888.293,119.398,-1.641,0.689,1.878,143.489,-1.641,0.692,1.876,143.424,0.000,0.002,-0.002,0.003,13,weighted_average,kalman(weighted_average),false
1788858888.348,119.453,-1.625,0.720,1.865,143.078,-1.629,0.711,1.870,143.224,-0.004,-0.009,0.005,0.011,13,weighted_average,kalman(weighted_average),false
1788858888.393,119.499,-1.632,0.714,1.855,143.267,-1.628,0.716,1.861,143.221,0.004,0.002,0.006,0.007,13,weighted_average,kalman(weighted_average),false
1788858888.448,119.553,-1.637,0.704,1.864,143.481,-1.631,0.712,1.861,143.339,0.005,0.008,-0.003,0.010,13,weighted_average,kalman(weighted_average),false
1788858888.498,119.603,-1.621,0.722,1.857,143.210,-1.625,0.719,1.858,143.279,-0.004,-0.003,0.001,0.005,13,weighted_average,kalman(weighted_average),false
1788858888.595,119.700,-1.616,0.735,1.851,143.155,-1.617,0.734,1.852,143.189,-0.000,-0.002,0.000,0.002,13,weighted_average,kalman(weighted_average),false
1788858888.644,119.749,-1.619,0.733,1.873,143.226,-1.617,0.735,1.865,143.195,0.002,0.003,-0.009,0.009,13,weighted_average,kalman(weighted_average),false
1788858888.695,119.800,-1.594,0.757,1.860,142.807,-1.602,0.751,1.863,142.974,-0.008,-0.006,0.003,0.010,13,weighted_average,kalman(weighted_average),false
1788858888.743,119.848,-1.618,0.735,1.879,143.345,-1.608,0.745,1.874,143.125,0.009,0.010,-0.006,0.015,13,weighted_average,kalman(weighted_average),false
1788858888.792,119.898,-1.590,0.760,1.887,142.842,-1.597,0.755,1.884,142.976,-0.007,-0.005,-0.003,0.009,13,weighted_average,kalman(weighted_average),false
1788858888.891,119.996,-1.612,0.741,1.889,143.355,-1.606,0.747,1.892,143.194,0.006,0.006,0.002,0.009,13,weighted_average,kalman(weighted_average),false
1788858888.942,120.047,-1.604,0.751,1.868,143.250,-1.606,0.749,1.877,143.251,-0.002,-0.002,0.010,0.010,13,weighted_average,kalman(weighted_average),false
1788858888.992,120.097,-1.599,0.751,1.878,143.234,-1.602,0.750,1.877,143.268,-0.003,-0.001,-0.002,0.004,13,weighted_average,kalman(weighted_average),false
1788858889.045,120.151,-1.592,0.763,1.875,143.072,-1.596,0.758,1.874,143.184,-0.004,-0.005,-0.000,0.006,13,weighted_average,kalman(weighted_average),false
1788858889.094,120.200,-1.615,0.741,1.881,143.555,-1.606,0.749,1.877,143.375,0.009,0.009,-0.003,0.013,13,weighted_average,kalman(weighted_average),false
1788858889.192,120.297,-1.605,0.754,1.873,143.387,-1.606,0.752,1.874,143.425,-0.001,-0.002,0.001,0.003,13,weighted_average,kalman(weighted_average),false
1788858889.243,120.348,-1.601,0.752,1.882,143.412,-1.603,0.752,1.878,143.434,-0.002,0.000,-0.003,0.004,13,weighted_average,kalman(weighted_average),false
1788858889.293,120.398,-1.605,0.750,1.887,143.475,-1.604,0.751,1.884,143.469,0.001,0.001,-0.003,0.003,13,weighted_average,kalman(weighted_average),false
1788858889.346,120.451,-1.601,0.754,1.906,143.399,-1.602,0.753,1.899,143.446,-0.001,-0.001,-0.007,0.008,13,weighted_average,kalman(weighted_average),false
1788858889.396,120.501,-1.597,0.761,1.886,143.319,-1.599,0.758,1.895,143.385,-0.002,-0.003,0.008,0.009,13,weighted_average,kalman(weighted_average),false
1788858889.488,120.593,-1.585,0.769,1.902,143.122,-1.587,0.767,1.901,143.204,-0.003,-0.002,-0.001,0.003,13,weighted_average,kalman(weighted_average),false
1788858889.543,120.648,-1.604,0.756,1.897,143.448,-1.596,0.761,1.900,143.317,0.007,0.005,0.003,0.009,13,weighted_average,kalman(weighted_average),false
1788858889.593,120.699,-1.612,0.753,1.887,143.542,-1.607,0.756,1.892,143.440,0.005,0.003,0.005,0.008,13,weighted_average,kalman(weighted_average),false
1788858889.647,120.753,-1.597,0.763,1.897,143.304,-1.603,0.759,1.894,143.387,-0.006,-0.004,-0.003,0.007,13,weighted_average,kalman(weighted_average),false
1788858889.694,120.799,-1.606,0.753,1.893,143.495,-1.605,0.756,1.893,143.446,0.001,0.002,0.000,0.003,13,weighted_average,kalman(weighted_average),false
1788858889.794,120.899,-1.592,0.767,1.903,143.194,-1.596,0.764,1.901,143.293,-0.004,-0.003,-0.003,0.006,13,weighted_average,kalman(weighted_average),false
1788858889.845,120.951,-1.592,0.767,1.916,143.150,-1.592,0.767,1.912,143.189,-0.000,-0.000,-0.004,0.004,13,weighted_average,kalman(weighted_average),false
1788858889.894,120.999,-1.606,0.749,1.913,143.520,-1.599,0.757,1.915,143.339,0.007,0.008,0.002,0.011,13,weighted_average,kalman(weighted_average),false
1788858889.946,121.051,-1.593,0.763,1.907,143.201,-1.595,0.760,1.912,143.271,-0.003,-0.004,0.005,0.007,13,weighted_average,kalman(weighted_average),false
1788858889.999,121.104,-1.610,0.747,1.913,143.530,-1.604,0.752,1.913,143.399,0.006,0.005,0.000,0.008,13,weighted_average,kalman(weighted_average),false
1788858890.091,121.196,-1.598,0.753,1.925,143.316,-1.601,0.751,1.923,143.366,-0.003,-0.002,-0.002,0.004,13,weighted_average,kalman(weighted_average),false
1788858890.142,121.247,-1.607,0.744,1.904,143.511,-1.604,0.746,1.912,143.450,0.002,0.002,0.008,0.009,13,weighted_average,kalman(weighted_average),false
1788858890.195,121.300,-1.594,0.765,1.882,143.157,-1.598,0.757,1.892,143.303,-0.004,-0.008,0.010,0.014,13,weighted_average,kalman(weighted_average),false
1788858890.245,121.351,-1.597,0.759,1.904,143.206,-1.597,0.759,1.895,143.236,0.000,0.000,-0.009,0.009,13,weighted_average,kalman(weighted_average),false
1788858890.293,121.398,-1.603,0.744,1.908,143.439,-1.600,0.752,1.901,143.318,0.003,0.007,-0.007,0.011,13,weighted_average,kalman(weighted_average),false
1788858890.391,121.496,-1.587,0.757,1.905,143.138,-1.590,0.755,1.904,143.197,-0.003,-0.002,-0.001,0.004,13,weighted_average,kalman(weighted_average),false
1788858890.438,121.543,-1.601,0.746,1.916,143.371,-1.596,0.750,1.912,143.279,0.005,0.004,-0.004,0.007,13,weighted_average,kalman(weighted_average),false
1788858890.488,121.593,-1.585,0.757,1.922,143.103,-1.590,0.754,1.920,143.184,-0.004,-0.003,-0.002,0.006,13,weighted_average,kalman(weighted_average),false
1788858890.545,121.650,-1.594,0.751,1.888,143.291,-1.591,0.752,1.902,143.226,0.003,0.001,0.014,0.015,13,weighted_average,kalman(weighted_average),false
1788858890.591,121.696,-1.585,0.755,1.889,143.167,-1.587,0.754,1.892,143.193,-0.002,-0.002,0.004,0.004,13,weighted_average,kalman(weighted_average),false
1788858890.687,121.793,-1.595,0.754,1.865,143.293,-1.592,0.754,1.868,143.250,0.003,0.000,0.003,0.004,13,weighted_average,kalman(weighted_average),false
1788858890.737,121.843,-1.591,0.751,1.899,143.264,-1.592,0.752,1.884,143.264,-0.001,0.001,-0.015,0.015,13,weighted_average,kalman(weighted_average),false
1788858890.791,121.896,-1.600,0.752,1.874,143.352,-1.597,0.752,1.878,143.320,0.003,-0.000,0.004,0.005,13,weighted_average,kalman(weighted_average),false
1788858890.846,121.951,-1.593,0.752,1.897,143.300,-1.596,0.752,1.889,143.323,-0.003,-0.000,-0.008,0.008,13,weighted_average,kalman(weighted_average),false
1788858890.892,121.998,-1.595,0.751,1.892,143.330,-1.596,0.751,1.892,143.336,-0.000,0.000,-0.000,0.001,13,weighted_average,kalman(weighted_average),false
1788858890.986,122.091,-1.606,0.746,1.892,143.478,-1.604,0.747,1.894,143.440,0.002,0.001,0.002,0.003,13,weighted_average,kalman(weighted_average),false
1788858891.036,122.141,-1.598,0.752,1.890,143.345,-1.601,0.750,1.892,143.404,-0.003,-0.003,0.002,0.004,13,weighted_average,kalman(weighted_average),false
1788858891.089,122.194,-1.620,0.734,1.896,143.753,-1.614,0.740,1.894,143.603,0.007,0.006,-0.001,0.009,13,weighted_average,kalman(weighted_average),false
1788858891.141,122.246,-1.611,0.748,1.873,143.514,-1.614,0.743,1.882,143.593,-0.003,-0.005,0.009,0.011,13,weighted_average,kalman(weighted_average),false
1788858891.192,122.297,-1.587,0.765,1.879,143.115,-1.599,0.756,1.878,143.365,-0.012,-0.009,-0.001,0.015,13,weighted_average,kalman(weighted_average),false
1788858891.287,122.392,-1.609,0.753,1.871,143.434,-1.605,0.756,1.871,143.379,0.004,0.003,-0.000,0.005,13,weighted_average,kalman(weighted_average),false
1788858891.340,122.445,-1.604,0.756,1.898,143.321,-1.604,0.757,1.888,143.340,-0.001,0.000,-0.010,0.010,13,weighted_average,kalman(weighted_average),false
1788858891.393,122.498,-1.608,0.754,1.891,143.385,-1.607,0.755,1.892,143.355,0.001,0.001,0.001,0.002,13,weighted_average,kalman(weighted_average),false
1788858891.443,122.548,-1.608,0.754,1.909,143.364,-1.608,0.754,1.904,143.356,-0.000,0.000,-0.005,0.005,13,weighted_average,kalman(weighted_average),false
1788858891.489,122.595,-1.606,0.755,1.908,143.323,-1.607,0.755,1.909,143.337,-0.001,-0.000,0.001,0.002,13,weighted_average,kalman(weighted_average),false
1788858891.587,122.692,-1.625,0.745,1.889,143.642,-1.621,0.747,1.897,143.534,0.004,0.002,0.008,0.009,13,weighted_average,kalman(weighted_average),false
1788858891.638,122.743,-1.617,0.754,1.875,143.468,-1.621,0.750,1.881,143.524,-0.003,-0.003,0.006,0.008,13,weighted_average,kalman(weighted_average),false
1788858891.687,122.792,-1.636,0.745,1.859,143.729,-1.631,0.747,1.864,143.652,0.005,0.002,0.005,0.007,13,weighted_average,kalman(weighted_average),false
1788858891.738,122.843,-1.613,0.760,1.876,143.342,-1.623,0.754,1.866,143.522,-0.010,-0.006,-0.010,0.015,13,weighted_average,kalman(weighted_average),false
1788858891.791,122.896,-1.617,0.762,1.867,143.367,-1.619,0.760,1.864,143.440,-0.002,-0.002,-0.003,0.004,13,weighted_average,kalman(weighted_average),false
1788858891.887,122.992,-1.619,0.764,1.863,143.338,-1.618,0.765,1.862,143.353,0.001,0.001,-0.002,0.002,13,weighted_average,kalman(weighted_average),false
1788858891.938,123.043,-1.618,0.764,1.871,143.326,-1.618,0.765,1.867,143.320,0.000,0.001,-0.004,0.004,13,weighted_average,kalman(weighted_average),false
1788858891.989,123.094,-1.625,0.758,1.868,143.458,-1.622,0.762,1.868,143.379,0.003,0.003,0.000,0.005,13,weighted_average,kalman(weighted_average),false
1788858892.039,123.144,-1.615,0.769,1.881,143.222,-1.618,0.766,1.876,143.295,-0.003,-0.003,-0.004,0.006,13,weighted_average,kalman(weighted_average),false
1788858892.088,123.194,-1.628,0.759,1.873,143.486,-1.624,0.762,1.876,143.378,0.004,0.004,0.003,0.006,13,weighted_average,kalman(weighted_average),false
1788858892.192,123.297,-1.619,0.763,1.866,143.368,-1.621,0.763,1.869,143.377,-0.002,-0.001,0.003,0.004,13,weighted_average,kalman(weighted_average),false
1788858892.247,123.353,-1.632,0.757,1.870,143.526,-1.628,0.759,1.869,143.468,0.004,0.002,-0.001,0.004,13,weighted_average,kalman(weighted_average),false
1788858892.290,123.396,-1.620,0.766,1.864,143.304,-1.624,0.763,1.865,143.395,-0.004,-0.004,0.001,0.006,13,weighted_average,kalman(weighted_average),false
1788858892.341,123.446,-1.612,0.766,1.889,143.239,-1.617,0.765,1.878,143.312,-0.005,-0.001,-0.010,0.011,13,weighted_average,kalman(weighted_average),false
1788858892.391,123.496,-1.616,0.764,1.886,143.289,-1.615,0.765,1.885,143.285,0.001,0.001,-0.001,0.002,13,weighted_average,kalman(weighted_average),false
1788858892.495,123.600,-1.616,0.766,1.864,143.291,-1.615,0.766,1.871,143.270,0.002,0.000,0.007,0.007,13,weighted_average,kalman(weighted_average),false
1788858892.542,123.648,-1.613,0.766,1.888,143.268,-1.613,0.766,1.880,143.263,-0.000,0.000,-0.008,0.008,13,weighted_average,kalman(weighted_average),false
1788858892.591,123.697,-1.634,0.750,1.853,143.673,-1.626,0.757,1.864,143.480,0.008,0.006,0.011,0.015,13,weighted_average,kalman(weighted_average),false
1788858892.644,123.749,-1.616,0.764,1.870,143.345,-1.622,0.759,1.865,143.442,-0.006,-0.004,-0.005,0.009,13,weighted_average,kalman(weighted_average),false
1788858892.688,123.794,-1.612,0.766,1.877,143.288,-1.617,0.762,1.871,143.378,-0.004,-0.003,-0.006,0.008,13,weighted_average,kalman(weighted_average),false
1788858892.784,123.889,-1.609,0.763,1.859,143.304,-1.610,0.763,1.862,143.329,-0.001,0.000,0.003,0.003,13,weighted_average,kalman(weighted_average),false
1788858892.835,123.940,-1.625,0.745,1.881,143.601,-1.619,0.752,1.873,143.479,0.006,0.006,-0.008,0.012,13,weighted_average,kalman(weighted_average),false
1788858892.886,123.991,-1.616,0.752,1.894,143.424,-1.618,0.750,1.887,143.468,-0.002,-0.002,-0.007,0.008,13,weighted_average,kalman(weighted_average),false
1788858892.933,124.038,-1.606,0.765,1.870,143.202,-1.611,0.758,1.880,143.341,-0.005,-0.007,0.010,0.014,13,weighted_average,kalman(weighted_average),false
1788858892.991,124.097,-1.603,0.767,1.873,143.141,-1.605,0.764,1.877,143.217,-0.002,-0.003,0.003,0.005,13,weighted_average,kalman(weighted_average),false
1788858893.090,124.195,-1.605,0.760,1.898,143.173,-1.604,0.762,1.893,143.149,0.002,0.002,-0.005,0.006,13,weighted_average,kalman(weighted_average),false
1788858893.140,124.245,-1.608,0.754,1.890,143.290,-1.606,0.757,1.893,143.213,0.002,0.003,0.003,0.005,13,weighted_average,kalman(weighted_average),false
1788858893.191,124.296,-1.598,0.762,1.901,143.075,-1.601,0.759,1.900,143.135,-0.003,-0.003,-0.001,0.005,13,weighted_average,kalman(weighted_average),false
1788858893.244,124.350,-1.607,0.753,1.885,143.275,-1.604,0.755,1.893,143.196,0.003,0.002,0.008,0.008,13,weighted_average,kalman(weighted_average),false
1788858893.292,124.398,-1.605,0.753,1.873,143.286,-1.605,0.753,1.881,143.244,0.001,0.000,0.008,0.008,13,weighted_average,kalman(weighted_average),false
1788858893.387,124.493,-1.603,0.755,1.880,143.249,-1.604,0.754,1.878,143.259,-0.001,-0.001,-0.002,0.003,13,weighted_average,kalman(weighted_average),false
1788858893.440,124.545,-1.612,0.746,1.883,143.443,-1.609,0.748,1.880,143.371,0.003,0.003,-0.002,0.005,13,weighted_average,kalman(weighted_average),false
1788858893.500,124.605,-1.602,0.752,1.859,143.289,-1.605,0.750,1.866,143.347,-0.003,-0.002,0.007,0.008,13,weighted_average,kalman(weighted_average),false
1788858893.550,124.655,-1.598,0.751,1.879,143.271,-1.600,0.750,1.871,143.314,-0.003,-0.001,-0.007,0.008,13,weighted_average,kalman(weighted_average),false
1788858893.598,124.704,-1.597,0.756,1.869,143.191,-1.597,0.754,1.870,143.251,-0.001,-0.002,0.000,0.002,13,weighted_average,kalman(weighted_average),false
1788858893.695,124.800,-1.604,0.741,1.881,143.424,-1.601,0.745,1.878,143.353,0.003,0.004,-0.003,0.006,13,weighted_average,kalman(weighted_average),false
1788858893.751,124.856,-1.607,0.733,1.877,143.556,-1.606,0.735,1.878,143.487,0.002,0.002,0.001,0.003,13,weighted_average,kalman(weighted_average),false
1788858893.812,124.917,-1.599,0.738,1.902,143.374,-1.602,0.735,1.895,143.453,-0.003,-0.003,-0.007,0.008,13,weighted_average,kalman(weighted_average),false
1788858893.850,124.955,-1.597,0.735,1.895,143.415,-1.599,0.734,1.897,143.444,-0.002,-0.001,0.003,0.003,13,weighted_average,kalman(weighted_average),false
1788858893.899,125.005,-1.597,0.740,1.878,143.337,-1.597,0.736,1.889,143.397,-0.000,-0.003,0.011,0.011,13,weighted_average,kalman(weighted_average),false
1788858894.006,125.112,-1.593,0.742,1.894,143.216,-1.593,0.741,1.893,143.267,-0.000,-0.001,-0.001,0.002,13,weighted_average,kalman(weighted_average),false
1788858894.051,125.156,-1.600,0.741,1.879,143.290,-1.597,0.741,1.885,143.262,0.003,0.001,0.006,0.007,13,weighted_average,kalman(weighted_average),false
1788858894.095,125.201,-1.589,0.743,1.903,143.161,-1.593,0.743,1.895,143.195,-0.003,-0.000,-0.009,0.009,13,weighted_average,kalman(weighted_average),false
1788858894.146,125.252,-1.601,0.733,1.885,143.383,-1.597,0.738,1.890,143.270,0.004,0.004,0.005,0.008,13,weighted_average,kalman(weighted_average),false
1788858894.197,125.303,-1.583,0.745,1.921,143.058,-1.589,0.741,1.909,143.158,-0.006,-0.003,-0.013,0.014,13,weighted_average,kalman(weighted_average),false
1788858894.305,125.411,-1.588,0.744,1.911,143.101,-1.587,0.744,1.914,143.092,0.001,-0.000,0.003,0.003,13,weighted_average,kalman(weighted_average),false
1788858894.352,125.457,-1.596,0.738,1.901,143.246,-1.593,0.741,1.906,143.168,0.003,0.002,0.006,0.007,13,weighted_average,kalman(weighted_average),false
1788858894.402,125.507,-1.600,0.734,1.906,143.335,-1.598,0.736,1.905,143.261,0.002,0.002,-0.000,0.003,13,weighted_average,kalman(weighted_average),false
1788858894.450,125.555,-1.598,0.735,1.905,143.305,-1.599,0.735,1.905,143.301,-0.001,-0.001,-0.001,0.001,13,weighted_average,kalman(weighted_average),false
1788858894.508,125.613,-1.594,0.740,1.907,143.217,-1.597,0.737,1.906,143.276,-0.003,-0.003,-0.002,0.005,13,weighted_average,kalman(weighted_average),false
1788858894.607,125.712,-1.595,0.744,1.895,143.165,-1.596,0.743,1.898,143.209,-0.001,-0.002,0.002,0.003,13,weighted_average,kalman(weighted_average),false
1788858894.653,125.758,-1.602,0.742,1.908,143.255,-1.600,0.743,1.903,143.228,0.003,0.001,-0.005,0.006,13,weighted_average,kalman(weighted_average),false
1788858894.709,125.814,-1.596,0.748,1.903,143.138,-1.598,0.747,1.903,143.175,-0.002,-0.001,0.000,0.002,13,weighted_average,kalman(weighted_average),false
1788858894.762,125.867,-1.614,0.728,1.875,143.592,-1.608,0.736,1.886,143.391,0.006,0.008,0.011,0.015,13,weighted_average,kalman(weighted_average),false
1788858894.816,125.921,-1.604,0.747,1.900,143.236,-1.607,0.741,1.892,143.338,-0.003,-0.005,-0.009,0.011,13,weighted_average,kalman(weighted_average),false
1788858894.916,126.022,-1.613,0.747,1.880,143.346,-1.612,0.746,1.882,143.356,0.000,-0.001,0.002,0.002,13,weighted_average,kalman(weighted_average),false
1788858894.961,126.067,-1.616,0.743,1.901,143.467,-1.616,0.745,1.893,143.424,0.001,0.002,-0.009,0.009,13,weighted_average,kalman(weighted_average),false
1788858895.015,126.121,-1.615,0.745,1.864,143.465,-1.617,0.745,1.876,143.462,-0.001,0.000,0.011,0.011,13,weighted_average,kalman(weighted_average),false
1788858895.065,126.170,-1.613,0.748,1.910,143.382,-1.615,0.747,1.894,143.435,-0.002,-0.001,-0.016,0.016,13,weighted_average,kalman(weighted_average),false
1788858895.125,126.231,-1.603,0.756,1.903,143.238,-1.608,0.753,1.902,143.332,-0.004,-0.003,-0.001,0.005,13,weighted_average,kalman(weighted_average),false
1788858895.220,126.325,-1.616,0.752,1.906,143.418,-1.613,0.754,1.908,143.373,0.003,0.002,0.001,0.004,13,weighted_average,kalman(weighted_average),false
1788858895.268,126.373,-1.614,0.756,1.899,143.364,-1.614,0.756,1.903,143.369,-0.000,-0.001,0.004,0.004,13,weighted_average,kalman(weighted_average),false
1788858895.344,126.449,-1.608,0.764,1.894,143.236,-1.610,0.762,1.897,143.286,-0.002,-0.002,0.003,0.004,13,weighted_average,kalman(weighted_average),false
1788858895.394,126.499,-1.611,0.762,1.906,143.286,-1.610,0.763,1.902,143.273,0.001,0.001,-0.004,0.005,13,weighted_average,kalman(weighted_average),false
1788858895.495,126.600,-1.597,0.777,1.903,143.010,-1.599,0.775,1.903,143.076,-0.003,-0.002,0.000,0.003,13,weighted_average,kalman(weighted_average),false
1788858895.548,126.653,-1.618,0.763,1.910,143.375,-1.610,0.769,1.908,143.223,0.008,0.006,-0.002,0.010,13,weighted_average,kalman(weighted_average),false
1788858895.598,126.703,-1.598,0.775,1.905,143.083,-1.603,0.773,1.907,143.148,-0.005,-0.002,0.002,0.006,13,weighted_average,kalman(weighted_average),false
1788858895.644,126.749,-1.619,0.754,1.900,143.564,-1.612,0.763,1.903,143.353,0.007,0.008,0.004,0.012,13,weighted_average,kalman(weighted_average),false
1788858895.694,126.800,-1.616,0.764,1.901,143.395,-1.615,0.762,1.901,143.402,0.000,-0.002,0.001,0.002,13,weighted_average,kalman(weighted_average),false
1788858895.789,126.894,-1.607,0.776,1.903,143.190,-1.610,0.771,1.902,143.297,-0.003,-0.004,-0.001,0.006,13,weighted_average,kalman(weighted_average),false
1788858895.839,126.944,-1.617,0.764,1.892,143.418,-1.614,0.768,1.896,143.359,0.003,0.004,0.003,0.006,13,weighted_average,kalman(weighted_average),false
1788858895.893,126.998,-1.619,0.769,1.879,143.399,-1.617,0.769,1.884,143.386,0.002,-0.000,0.005,0.005,13,weighted_average,kalman(weighted_average),false
1788858895.947,127.052,-1.615,0.770,1.894,143.337,-1.617,0.770,1.888,143.367,-0.002,-0.000,-0.006,0.007,13,weighted_average,kalman(weighted_average),false
1788858895.997,127.102,-1.610,0.772,1.897,143.289,-1.613,0.771,1.893,143.327,-0.003,-0.000,-0.004,0.005,13,weighted_average,kalman(weighted_average),false
1788858896.092,127.197,-1.619,0.765,1.883,143.464,-1.617,0.767,1.886,143.411,0.002,0.002,0.003,0.004,13,weighted_average,kalman(weighted_average),false
1788858896.143,127.248,-1.601,0.781,1.895,143.107,-1.607,0.775,1.891,143.245,-0.006,-0.006,-0.004,0.009,13,weighted_average,kalman(weighted_average),false
1788858896.194,127.299,-1.625,0.762,1.900,143.528,-1.617,0.768,1.897,143.380,0.008,0.006,-0.003,0.011,13,weighted_average,kalman(weighted_average),false
1788858896.251,127.356,-1.620,0.764,1.889,143.474,-1.620,0.765,1.893,143.443,0.000,0.001,0.004,0.004,13,weighted_average,kalman(weighted_average),false
1788858896.295,127.400,-1.611,0.769,1.902,143.321,-1.616,0.767,1.898,143.396,-0.005,-0.002,-0.004,0.007,13,weighted_average,kalman(weighted_average),false
1788858896.394,127.500,-1.594,0.781,1.915,143.024,-1.599,0.777,1.912,143.150,-0.005,-0.003,-0.003,0.007,13,weighted_average,kalman(weighted_average),false
1788858896.444,127.549,-1.603,0.772,1.921,143.164,-1.599,0.775,1.920,143.123,0.004,0.003,-0.001,0.005,13,weighted_average,kalman(weighted_average),false
1788858896.491,127.596,-1.602,0.773,1.893,143.162,-1.600,0.775,1.906,143.116,0.003,0.002,0.013,0.013,13,weighted_average,kalman(weighted_average),false
1788858896.548,127.653,-1.612,0.759,1.891,143.418,-1.606,0.765,1.896,143.257,0.005,0.006,0.005,0.009,13,weighted_average,kalman(weighted_average),false
1788858896.601,127.706,-1.601,0.762,1.912,143.282,-1.604,0.761,1.904,143.281,-0.003,-0.000,-0.009,0.009,13,weighted_average,kalman(weighted_average),false
1788858896.695,127.800,-1.607,0.758,1.893,143.368,-1.606,0.757,1.896,143.353,0.001,-0.001,0.003,0.003,13,weighted_average,kalman(weighted_average),false
1788858896.748,127.853,-1.599,0.761,1.899,143.273,-1.601,0.759,1.897,143.321,-0.003,-0.002,-0.002,0.004,13,weighted_average,kalman(weighted_average),false
1788858896.796,127.901,-1.603,0.753,1.906,143.403,-1.602,0.755,1.902,143.369,0.001,0.002,-0.004,0.005,13,weighted_average,kalman(weighted_average),false
1788858896.853,127.958,-1.588,0.767,1.890,143.106,-1.593,0.762,1.895,143.236,-0.005,-0.006,0.005,0.009,13,weighted_average,kalman(weighted_average),false
1788858896.898,128.003,-1.588,0.762,1.905,143.169,-1.589,0.763,1.900,143.187,-0.000,0.001,-0.005,0.005,13,weighted_average,kalman(weighted_average),false
1788858896.994,128.099,-1.602,0.744,1.891,143.542,-1.596,0.749,1.894,143.397,0.005,0.005,0.002,0.008,13,weighted_average,kalman(weighted_average),false
1788858897.048,128.153,-1.589,0.754,1.898,143.299,-1.593,0.750,1.896,143.366,-0.003,-0.004,-0.002,0.006,13,weighted_average,kalman(weighted_average),false
1788858897.095,128.201,-1.598,0.749,1.884,143.445,-1.596,0.749,1.888,143.421,0.002,-0.000,0.004,0.005,13,weighted_average,kalman(weighted_average),false
1788858897.148,128.254,-1.585,0.755,1.894,143.272,-1.589,0.752,1.890,143.360,-0.005,-0.003,-0.004,0.007,13,weighted_average,kalman(weighted_average),false
1788858897.202,128.307,-1.580,0.756,1.907,143.216,-1.583,0.755,1.900,143.284,-0.003,-0.002,-0.007,0.008,13,weighted_average,kalman(weighted_average),false
1788858897.296,128.401,-1.591,0.741,1.908,143.517,-1.587,0.744,1.908,143.423,0.004,0.004,-0.000,0.005,13,weighted_average,kalman(weighted_average),false
1788858897.349,128.454,-1.580,0.748,1.884,143.376,-1.583,0.746,1.894,143.413,-0.003,-0.003,0.010,0.010,13,weighted_average,kalman(weighted_average),false
1788858897.400,128.505,-1.564,0.762,1.900,143.067,-1.570,0.755,1.896,143.233,-0.006,-0.007,-0.004,0.010,13,weighted_average,kalman(weighted_average),false
1788858897.457,128.563,-1.570,0.751,1.895,143.266,-1.568,0.754,1.895,143.225,0.002,0.003,-0.000,0.004,13,weighted_average,kalman(weighted_average),false
1788858897.503,128.608,-1.577,0.739,1.893,143.499,-1.572,0.745,1.893,143.352,0.006,0.007,0.000,0.009,13,weighted_average,kalman(weighted_average),false
1788858897.600,128.705,-1.572,0.745,1.890,143.407,-1.571,0.744,1.890,143.403,0.000,-0.001,0.000,0.001,13,weighted_average,kalman(weighted_average),false
1788858897.653,128.759,-1.564,0.750,1.913,143.271,-1.567,0.747,1.904,143.336,-0.002,-0.002,-0.008,0.009,13,weighted_average,kalman(weighted_average),false
1788858897.703,128.808,-1.561,0.747,1.907,143.300,-1.562,0.748,1.908,143.313,-0.001,0.000,0.001,0.002,13,weighted_average,kalman(weighted_average),false
1788858897.754,128.860,-1.568,0.742,1.896,143.449,-1.564,0.745,1.903,143.379,0.003,0.002,0.007,0.008,13,weighted_average,kalman(weighted_average),false
1788858897.807,128.912,-1.566,0.752,1.898,143.325,-1.565,0.749,1.900,143.358,0.001,-0.003,0.002,0.004,13,weighted_average,kalman(weighted_average),false
1788858897.901,129.006,-1.551,0.761,1.887,143.115,-1.555,0.759,1.890,143.198,-0.003,-0.002,0.003,0.005,13,weighted_average,kalman(weighted_average),false
1788858897.952,129.057,-1.556,0.758,1.896,143.178,-1.554,0.760,1.892,143.163,0.002,0.002,-0.004,0.005,13,weighted_average,kalman(weighted_average),false
1788858898.004,129.109,-1.554,0.754,1.919,143.210,-1.553,0.758,1.908,143.167,0.001,0.003,-0.011,0.011,13,weighted_average,kalman(weighted_average),false
1788858898.052,129.157,-1.556,0.760,1.899,143.181,-1.554,0.759,1.905,143.161,0.002,-0.001,0.006,0.007,13,weighted_average,kalman(weighted_average),false
1788858898.108,129.214,-1.554,0.758,1.903,143.199,-1.554,0.759,1.905,143.170,0.000,0.001,0.002,0.002,13,weighted_average,kalman(weighted_average),false
1788858898.214,129.319,-1.564,0.753,1.895,143.396,-1.562,0.755,1.898,143.323,0.002,0.001,0.002,0.004,13,weighted_average,kalman(weighted_average),false
1788858898.265,129.370,-1.563,0.758,1.899,143.324,-1.564,0.757,1.898,143.344,-0.001,-0.002,-0.002,0.003,13,weighted_average,kalman(weighted_average),false
1788858898.314,129.420,-1.569,0.756,1.893,143.446,-1.568,0.756,1.894,143.418,0.001,0.000,0.001,0.001,13,weighted_average,kalman(weighted_average),false
1788858898.362,129.468,-1.548,0.780,1.892,142.959,-1.557,0.770,1.892,143.202,-0.009,-0.010,-0.000,0.014,13,weighted_average,kalman(weighted_average),false
1788858898.409,129.515,-1.545,0.776,1.921,142.999,-1.549,0.776,1.908,143.080,-0.004,-0.000,-0.013,0.014,13,weighted_average,kalman(weighted_average),false
1788858898.504,129.610,-1.563,0.771,1.875,143.258,-1.557,0.775,1.886,143.151,0.006,0.004,0.011,0.013,13,weighted_average,kalman(weighted_average),false
1788858898.553,129.659,-1.560,0.776,1.879,143.182,-1.560,0.776,1.878,143.169,0.000,-0.000,-0.001,0.001,13,weighted_average,kalman(weighted_average),false
1788858898.607,129.712,-1.568,0.770,1.890,143.341,-1.566,0.772,1.882,143.267,0.002,0.003,-0.008,0.008,13,weighted_average,kalman(weighted_average),false
1788858898.656,129.761,-1.560,0.781,1.908,143.108,-1.564,0.777,1.897,143.202,-0.004,-0.004,-0.011,0.012,13,weighted_average,kalman(weighted_average),false
1788858898.712,129.818,-1.012,-1.576,0.837,-176.850,-1.564,0.777,1.897,164.760,-0.552,2.353,1.060,2.639,4,weighted_average,kalman(weighted_average),true
1788858898.807,129.912,-1.086,-1.464,0.851,-178.987,-1.564,0.777,1.897,-179.666,-0.477,2.241,1.046,2.519,4,weighted_average,kalman(weighted_average),true
1788858898.859,129.964,-1.157,-1.376,0.872,179.260,-1.564,0.777,1.897,-176.847,-0.407,2.153,1.024,2.419,4,weighted_average,kalman(weighted_average),true
1788858898.910,130.015,-1.289,-1.169,0.913,175.364,-1.564,0.777,1.897,-178.349,-0.275,1.946,0.984,2.198,4,weighted_average,kalman(weighted_average),true
1788858898.958,130.064,-1.236,-1.246,0.908,176.854,-1.564,0.777,1.897,-179.301,-0.328,2.023,0.988,2.275,4,weighted_average,kalman(weighted_average),true
1788858899.015,130.121,-1.369,-1.035,0.969,172.967,-1.369,-1.035,0.969,177.513,0.000,0.000,0.000,0.000,4,weighted_average,kalman(weighted_average),false
1788858899.114,130.219,-1.673,0.250,1.447,151.834,-1.672,0.247,1.445,160.064,0.001,-0.003,-0.001,0.003,4,weighted_average,kalman(weighted_average),false
1788858899.162,130.267,-1.470,-0.933,1.247,171.166,-1.672,0.247,1.445,163.989,-0.202,1.180,0.199,1.213,4,weighted_average,kalman(weighted_average),true
1788858899.222,130.327,-1.466,-0.943,1.242,171.349,-1.672,0.247,1.445,166.938,-0.206,1.189,0.204,1.224,4,weighted_average,kalman(weighted_average),true
1788858899.283,130.388,-1.047,-1.538,0.859,-177.630,-1.672,0.247,1.445,175.613,-0.625,1.785,0.586,1.980,4,weighted_average,kalman(weighted_average),true
1788858899.385,130.490,-1.572,0.799,1.903,142.265,-1.574,0.790,1.896,153.732,-0.002,-0.009,-0.008,0.012,13,weighted_average,kalman(weighted_average),false
1788858899.427,130.533,-1.567,0.804,1.897,142.162,-1.563,0.833,1.925,144.706,0.004,0.029,0.027,0.040,13,weighted_average,kalman(weighted_average),false
1788858899.479,130.585,-1.568,0.799,1.892,142.244,-1.560,0.844,1.930,139.657,0.008,0.045,0.038,0.060,13,weighted_average,kalman(weighted_average),false
1788858899.531,130.637,-1.576,0.795,1.896,142.389,-1.566,0.831,1.923,137.862,0.010,0.036,0.026,0.046,13,weighted_average,kalman(weighted_average),false
1788858899.635,130.741,-1.565,0.804,1.923,142.112,-1.564,0.817,1.930,137.746,0.001,0.014,0.006,0.015,13,weighted_average,kalman(weighted_average),false
1788858899.691,130.796,-1.579,0.783,1.913,142.276,-1.574,0.793,1.920,139.895,0.005,0.010,0.007,0.013,13,weighted_average,kalman(weighted_average),false
1788858899.739,130.844,-1.566,0.798,1.878,141.970,-1.570,0.791,1.894,140.995,-0.004,-0.007,0.015,0.017,13,weighted_average,kalman(weighted_average),false
1788858899.789,130.894,-1.547,0.819,1.921,141.289,-1.557,0.805,1.905,141.307,-0.009,-0.014,-0.016,0.023,13,weighted_average,kalman(weighted_average),false
1788858899.836,130.941,-1.582,0.803,1.926,141.111,-1.569,0.804,1.916,141.357,0.013,0.001,-0.009,0.016,13,weighted_average,kalman(weighted_average),false
1788858899.944,131.049,-1.570,0.810,1.925,139.955,-1.570,0.809,1.925,140.532,-0.001,-0.001,-0.000,0.001,13,weighted_average,kalman(weighted_average),false
1788858899.990,131.096,-1.553,0.819,1.911,139.414,-1.559,0.816,1.917,139.793,-0.006,-0.003,0.006,0.009,13,weighted_average,kalman(weighted_average),false
1788858900.043,131.148,-1.547,0.819,1.923,138.711,-1.550,0.819,1.920,138.994,-0.003,0.001,-0.003,0.004,13,weighted_average,kalman(weighted_average),false
1788858900.093,131.198,-1.564,0.802,1.907,138.803,-1.556,0.810,1.912,138.637,0.008,0.008,0.006,0.013,13,weighted_average,kalman(weighted_average),false
1788858900.140,131.245,-1.539,0.815,1.925,137.828,-1.546,0.812,1.919,138.002,-0.006,-0.003,-0.007,0.010,13,weighted_average,kalman(weighted_average),false
1788858900.243,131.348,-1.527,0.812,1.938,136.845,-1.528,0.812,1.934,136.856,-0.002,-0.000,-0.004,0.004,13,weighted_average,kalman(weighted_average),false
1788858900.294,131.400,-1.541,0.803,1.895,136.831,-1.534,0.806,1.911,136.609,0.007,0.003,0.016,0.017,13,weighted_average,kalman(weighted_average),false
1788858900.348,131.453,-1.518,0.803,1.937,135.897,-1.523,0.803,1.925,136.002,-0.005,0.000,-0.012,0.013,13,weighted_average,kalman(weighted_average),false
1788858900.402,131.508,-1.523,0.798,1.882,135.773,-1.520,0.799,1.899,135.638,0.002,0.001,0.017,0.017,13,weighted_average,kalman(weighted_average),false
1788858900.505,131.611,-1.515,0.784,1.884,134.916,-1.514,0.786,1.883,134.868,0.001,0.002,-0.001,0.002,13,weighted_average,kalman(weighted_average),false
1788858900.556,131.661,-1.515,0.784,1.884,134.916,-1.514,0.783,1.881,134.734,0.001,-0.001,-0.003,0.004,13,weighted_average,kalman(weighted_average),false
1788858900.613,131.718,-1.479,0.809,1.915,133.931,-1.491,0.798,1.901,134.129,-0.011,-0.011,-0.014,0.021,13,weighted_average,kalman(weighted_average),false
1788858900.657,131.763,-1.457,0.801,1.921,132.953,-1.466,0.801,1.915,133.350,-0.010,0.000,-0.006,0.011,13,weighted_average,kalman(weighted_average),false
1788858900.708,131.814,-1.457,0.801,1.921,132.953,-1.453,0.802,1.922,132.878,0.003,0.002,0.002,0.004,13,weighted_average,kalman(weighted_average),false
1788858900.823,131.929,-1.428,0.788,1.929,131.680,-1.426,0.792,1.932,131.686,0.002,0.004,0.002,0.005,13,weighted_average,kalman(weighted_average),false
1788858900.877,131.982,-1.419,0.779,1.892,131.221,-1.417,0.781,1.906,131.183,0.002,0.002,0.014,0.014,13,weighted_average,kalman(weighted_average),false
1788858900.928,132.033,-1.412,0.768,1.889,130.765,-1.410,0.770,1.892,130.727,0.002,0.002,0.003,0.004,13,weighted_average,kalman(weighted_average),false
1788858900.978,132.084,-1.382,0.777,1.920,130.045,-1.390,0.771,1.905,130.135,-0.007,-0.006,-0.015,0.018,13,weighted_average,kalman(weighted_average),false
1788858901.089,132.195,-1.347,0.770,1.890,128.329,-1.349,0.768,1.893,128.514,-0.002,-0.002,0.003,0.004,13,weighted_average,kalman(weighted_average),false
1788858901.141,132.246,-1.332,0.766,1.930,127.867,-1.332,0.766,1.916,127.845,0.001,0.000,-0.014,0.014,13,weighted_average,kalman(weighted_average),false
1788858901.196,132.301,-1.327,0.754,1.903,127.476,-1.322,0.758,1.910,127.319,0.005,0.004,0.008,0.010,13,weighted_average,kalman(weighted_average),false
1788858901.241,132.346,-1.308,0.761,1.925,126.873,-1.309,0.758,1.920,126.829,-0.001,-0.003,-0.006,0.006,13,weighted_average,kalman(weighted_average),false
1788858901.296,132.402,-1.308,0.761,1.925,126.873,-1.302,0.759,1.925,126.552,0.006,-0.002,-0.000,0.006,13,weighted_average,kalman(weighted_average),false
1788858901.408,132.513,-1.241,0.940,1.848,124.460,-1.249,0.905,1.864,124.765,-0.007,-0.034,0.017,0.039,5,weighted_average,kalman(weighted_average),false
1788858901.459,132.564,-1.244,0.932,1.883,124.262,-1.238,0.944,1.868,124.168,0.006,0.012,-0.015,0.020,5,weighted_average,kalman(weighted_average),false
1788858901.513,132.618,-1.244,0.932,1.883,124.262,-1.235,0.956,1.873,123.909,0.009,0.024,-0.010,0.028,5,weighted_average,kalman(weighted_average),false
1788858901.562,132.667,-1.223,0.922,1.905,123.529,-1.224,0.948,1.891,123.474,-0.000,0.026,-0.014,0.030,5,weighted_average,kalman(weighted_average),false
1788858901.673,132.778,-1.224,0.924,1.858,123.344,-1.220,0.935,1.866,123.076,0.005,0.011,0.009,0.015,5,weighted_average,kalman(weighted_average),false
1788858901.719,132.824,-1.170,0.923,1.878,121.961,-1.187,0.926,1.871,122.329,-0.016,0.003,-0.007,0.018,5,weighted_average,kalman(weighted_average),false
1788858901.770,132.875,-1.170,0.923,1.878,121.961,-1.170,0.921,1.874,121.929,-0.000,-0.002,-0.004,0.005,5,weighted_average,kalman(weighted_average),false
1788858901.821,132.926,-1.170,0.923,1.878,121.961,-1.164,0.920,1.876,121.747,0.006,-0.003,-0.002,0.007,5,weighted_average,kalman(weighted_average),false
1788858901.924,133.030,-1.183,0.917,1.901,121.818,-1.174,0.916,1.896,121.587,0.009,-0.001,-0.005,0.010,5,weighted_average,kalman(weighted_average),false
1788858901.982,133.087,-1.183,0.917,1.901,121.818,-1.181,0.916,1.902,121.663,0.002,-0.001,0.001,0.003,5,weighted_average,kalman(weighted_average),false
1788858902.031,133.137,-1.037,0.889,2.186,119.201,-1.093,0.899,2.083,120.268,-0.055,0.009,-0.103,0.117,5,weighted_average,kalman(weighted_average),false
1788858902.078,133.183,3.959,1.259,2.221,74.988,-1.093,0.899,2.083,96.504,-5.052,-0.360,-0.138,5.067,7,weighted_average,kalman(weighted_average),true
1788858902.124,133.229,3.959,1.259,2.221,74.988,-1.093,0.899,2.083,81.686,-5.052,-0.360,-0.138,5.067,7,weighted_average,kalman(weighted_average),true
1788858902.221,133.326,3.846,1.321,1.897,75.352,-1.093,0.899,2.083,70.233,-4.938,-0.422,0.186,4.960,7,weighted_average,kalman(weighted_average),true
1788858902.274,133.379,3.846,1.321,1.897,75.352,-1.093,0.899,2.083,69.930,-4.938,-0.422,0.186,4.960,7,weighted_average,kalman(weighted_average),true
1788858903.536,134.642,-0.618,0.734,1.992,113.333,-0.624,0.736,1.993,107.199,-0.006,0.002,0.001,0.006,5,weighted_average,kalman(weighted_average),false
1788858903.587,134.692,-0.642,0.733,1.977,113.638,-0.615,0.726,1.977,116.070,0.027,-0.007,-0.000,0.028,5,weighted_average,kalman(weighted_average),false
1788858903.646,134.751,-0.608,0.729,1.992,113.243,-0.598,0.723,1.984,119.729,0.010,-0.006,-0.008,0.014,5,weighted_average,kalman(weighted_average),false
1788858903.747,134.852,-0.601,0.729,1.982,113.106,-0.592,0.725,1.981,119.397,0.009,-0.004,-0.001,0.010,5,weighted_average,kalman(weighted_average),false
1788858903.797,134.902,-0.630,0.728,1.970,113.426,-0.615,0.727,1.974,116.790,0.015,-0.001,0.003,0.016,5,weighted_average,kalman(weighted_average),false
1788858903.850,134.955,-0.606,0.730,1.973,113.108,-0.612,0.729,1.971,115.006,-0.006,-0.001,-0.001,0.006,5,weighted_average,kalman(weighted_average),false
1788858903.904,135.009,-0.631,0.728,1.972,113.396,-0.625,0.729,1.970,114.003,0.006,0.001,-0.001,0.007,5,weighted_average,kalman(weighted_average),false
1788858904.011,135.116,-0.616,0.725,1.979,113.198,-0.621,0.726,1.976,113.115,-0.004,0.001,-0.003,0.005,5,weighted_average,kalman(weighted_average),false
1788858904.060,135.166,-0.619,0.731,1.965,113.188,-0.619,0.729,1.969,112.981,-0.000,-0.002,0.005,0.005,5,weighted_average,kalman(weighted_average),false
1788858904.110,135.215,-0.625,0.731,1.973,113.238,-0.622,0.730,1.971,112.974,0.003,-0.001,-0.002,0.004,5,weighted_average,kalman(weighted_average),false
1788858904.158,135.263,-0.616,0.733,1.973,113.094,-0.619,0.732,1.972,112.936,-0.003,-0.001,-0.001,0.003,5,weighted_average,kalman(weighted_average),false
1788858904.216,135.322,-0.615,0.729,1.978,113.096,-0.616,0.731,1.976,112.940,-0.001,0.002,-0.002,0.003,5,weighted_average,kalman(weighted_average),false
1788858904.325,135.430,-0.631,0.730,1.961,113.274,-0.627,0.730,1.965,113.121,0.004,0.000,0.004,0.005,5,weighted_average,kalman(weighted_average),false
1788858904.381,135.486,-0.625,0.727,1.977,113.210,-0.627,0.728,1.971,113.193,-0.002,0.001,-0.005,0.006,5,weighted_average,kalman(weighted_average),false
1788858904.428,135.534,-0.625,0.729,1.973,113.177,-0.627,0.728,1.973,113.205,-0.002,-0.001,-0.001,0.002,5,weighted_average,kalman(weighted_average),false
1788858904.480,135.585,-0.633,0.732,1.963,113.255,-0.631,0.730,1.967,113.250,0.002,-0.002,0.004,0.005,5,weighted_average,kalman(weighted_average),false
1788858904.582,135.687,-0.620,0.736,1.964,113.042,-0.623,0.735,1.964,113.131,-0.003,-0.001,-0.000,0.004,5,weighted_average,kalman(weighted_average),false
1788858904.633,135.738,-0.633,0.737,1.965,113.176,-0.629,0.737,1.964,113.145,0.004,0.000,-0.001,0.004,5,weighted_average,kalman(weighted_average),false
1788858904.683,135.788,-0.618,0.734,1.954,113.050,-0.622,0.736,1.957,113.087,-0.004,0.002,0.004,0.006,5,weighted_average,kalman(weighted_average),false
1788858904.737,135.843,-0.628,0.730,1.960,113.197,-0.624,0.732,1.957,113.132,0.003,0.003,-0.002,0.005,5,weighted_average,kalman(weighted_average),false
1788858904.841,135.946,-0.634,0.734,1.959,113.221,-0.632,0.733,1.958,113.192,0.002,-0.001,-0.001,0.003,5,weighted_average,kalman(weighted_average),false
1788858904.889,135.995,-0.625,0.736,1.955,113.100,-0.628,0.735,1.956,113.147,-0.004,-0.001,0.001,0.004,5,weighted_average,kalman(weighted_average),false
1788858904.949,136.054,-0.620,0.736,1.940,113.065,-0.623,0.736,1.945,113.098,-0.003,0.000,0.005,0.006,5,weighted_average,kalman(weighted_average),false
1788858904.993,136.098,-0.628,0.738,1.948,113.123,-0.625,0.737,1.945,113.103,0.003,-0.000,-0.003,0.004,5,weighted_average,kalman(weighted_average),false
1788858905.049,136.154,-0.629,0.738,1.952,113.132,-0.627,0.738,1.948,113.113,0.002,0.000,-0.004,0.005,5,weighted_average,kalman(weighted_average),false
1788858905.148,136.253,-0.628,0.741,1.943,113.091,-0.628,0.741,1.944,113.096,-0.000,-0.000,0.001,0.001,5,weighted_average,kalman(weighted_average),false
1788858905.202,136.308,-0.626,0.740,1.957,113.082,-0.627,0.741,1.952,113.084,-0.001,0.001,-0.005,0.005,5,weighted_average,kalman(weighted_average),false
1788858905.249,136.355,-0.625,0.742,1.946,113.057,-0.625,0.742,1.950,113.066,-0.001,-0.000,0.003,0.003,5,weighted_average,kalman(weighted_average),false
1788858905.305,136.411,-0.633,0.744,1.948,113.159,-0.630,0.743,1.949,113.111,0.003,-0.000,0.001,0.003,5,weighted_average,kalman(weighted_average),false
1788858905.408,136.513,-0.623,0.751,1.931,113.013,-0.625,0.750,1.935,113.048,-0.002,-0.001,0.004,0.004,5,weighted_average,kalman(weighted_average),false
1788858905.460,136.565,-0.617,0.754,1.949,112.925,-0.619,0.753,1.942,112.967,-0.002,-0.000,-0.007,0.007,5,weighted_average,kalman(weighted_average),false
1788858905.507,136.612,-0.622,0.755,1.942,112.981,-0.620,0.755,1.942,112.957,0.003,0.001,0.000,0.003,5,weighted_average,kalman(weighted_average),false
1788858905.559,136.665,-0.636,0.758,1.939,113.097,-0.629,0.758,1.940,113.017,0.007,0.000,0.001,0.007,5,weighted_average,kalman(weighted_average),false
1788858905.615,136.720,-0.623,0.756,1.928,112.992,-0.627,0.758,1.932,113.004,-0.003,0.002,0.004,0.006,5,weighted_average,kalman(weighted_average),false
1788858905.715,136.820,-0.622,0.756,1.948,112.941,-0.623,0.757,1.942,112.959,-0.001,0.001,-0.005,0.005,5,weighted_average,kalman(weighted_average),false
1788858905.760,136.866,-0.619,0.759,1.940,112.884,-0.620,0.758,1.942,112.910,-0.001,-0.001,0.002,0.003,5,weighted_average,kalman(weighted_average),false
1788858905.814,136.919,-0.612,0.759,1.942,112.797,-0.615,0.759,1.943,112.834,-0.002,-0.000,0.001,0.002,5,weighted_average,kalman(weighted_average),false
1788858905.859,136.964,-0.624,0.763,1.940,112.865,-0.619,0.762,1.942,112.830,0.005,-0.002,0.002,0.006,5,weighted_average,kalman(weighted_average),false
1788858905.914,137.020,-0.642,0.764,1.957,113.022,-0.633,0.764,1.952,112.915,0.009,-0.000,-0.006,0.011,5,weighted_average,kalman(weighted_average),false
1788858906.006,137.111,-0.634,0.759,1.945,113.005,-0.636,0.761,1.949,112.980,-0.002,0.002,0.003,0.005,5,weighted_average,kalman(weighted_average),false
1788858906.054,137.159,-0.630,0.760,1.944,112.950,-0.633,0.760,1.945,112.974,-0.003,-0.000,0.002,0.004,5,weighted_average,kalman(weighted_average),false
1788858906.113,137.218,-0.635,0.760,1.934,113.014,-0.634,0.759,1.938,113.004,0.001,-0.000,0.003,0.003,5,weighted_average,kalman(weighted_average),false
1788858906.159,137.264,-0.635,0.757,1.961,113.000,-0.635,0.758,1.950,113.011,0.000,0.001,-0.011,0.011,5,weighted_average,kalman(weighted_average),false
1788858906.212,137.317,-0.640,0.766,1.944,112.970,-0.638,0.763,1.948,112.997,0.002,-0.004,0.004,0.006,5,weighted_average,kalman(weighted_average),false
1788858906.306,137.412,-0.626,0.761,1.951,112.848,-0.630,0.762,1.950,112.901,-0.004,0.001,-0.001,0.004,5,weighted_average,kalman(weighted_average),false
1788858906.355,137.461,-0.641,0.769,1.947,112.932,-0.636,0.767,1.949,112.905,0.005,-0.002,0.002,0.006,5,weighted_average,kalman(weighted_average),false
1788858906.409,137.514,-0.633,0.770,1.954,112.812,-0.634,0.770,1.952,112.845,-0.001,-0.001,-0.002,0.003,5,weighted_average,kalman(weighted_average),false
1788858906.462,137.568,-0.641,0.766,1.953,112.933,-0.639,0.769,1.953,112.876,0.003,0.002,0.000,0.004,5,weighted_average,kalman(weighted_average),false
1788858906.508,137.613,-0.644,0.768,1.971,112.893,-0.642,0.769,1.964,112.880,0.001,0.000,-0.007,0.007,5,weighted_average,kalman(weighted_average),false
1788858906.606,137.711,-0.647,0.769,1.940,112.938,-0.647,0.769,1.948,112.915,-0.000,0.000,0.008,0.008,5,weighted_average,kalman(weighted_average),false
1788858906.651,137.756,-0.656,0.769,1.960,113.013,-0.654,0.769,1.954,112.975,0.003,0.000,-0.006,0.007,5,weighted_average,kalman(weighted_average),false
1788858906.702,137.807,-0.655,0.779,1.948,112.905,-0.656,0.775,1.950,112.950,-0.001,-0.004,0.002,0.004,5,weighted_average,kalman(weighted_average),false
1788858906.751,137.856,-0.648,0.781,1.952,112.777,-0.653,0.780,1.950,112.865,-0.005,-0.001,-0.002,0.005,5,weighted_average,kalman(weighted_average),false
1788858906.803,137.908,-0.660,0.777,1.961,112.919,-0.657,0.779,1.956,112.881,0.003,0.002,-0.005,0.006,5,weighted_average,kalman(weighted_average),false
1788858906.895,138.000,-0.669,0.782,1.963,112.925,-0.667,0.782,1.963,112.904,0.002,0.000,-0.001,0.002,5,weighted_average,kalman(weighted_average),false
1788858906.946,138.051,-0.652,0.783,1.956,112.719,-0.659,0.784,1.960,112.799,-0.007,0.000,0.003,0.008,5,weighted_average,kalman(weighted_average),false
1788858906.994,138.099,-0.670,0.782,1.967,112.882,-0.665,0.783,1.964,112.829,0.005,0.001,-0.003,0.006,5,weighted_average,kalman(weighted_average),false
1788858907.047,138.152,-0.669,0.783,1.962,112.852,-0.668,0.784,1.964,112.835,0.000,0.000,0.002,0.002,5,weighted_average,kalman(weighted_average),false
1788858907.094,138.199,-0.669,0.782,1.958,112.824,-0.670,0.783,1.961,112.827,-0.001,0.001,0.003,0.003,5,weighted_average,kalman(weighted_average),false
1788858907.188,138.293,-0.674,0.781,1.968,112.840,-0.674,0.782,1.966,112.831,-0.000,0.000,-0.002,0.002,5,weighted_average,kalman(weighted_average),false
1788858907.233,138.338,-0.675,0.783,1.986,112.796,-0.675,0.783,1.979,112.811,-0.000,-0.001,-0.007,0.007,5,weighted_average,kalman(weighted_average),false
1788858907.287,138.392,-0.689,0.785,1.967,112.947,-0.685,0.784,1.975,112.882,0.004,-0.001,0.007,0.009,5,weighted_average,kalman(weighted_average),false
1788858907.342,138.447,-0.681,0.781,1.975,112.855,-0.684,0.783,1.976,112.878,-0.004,0.001,0.000,0.004,5,weighted_average,kalman(weighted_average),false
1788858907.389,138.494,-0.674,0.784,1.971,112.750,-0.679,0.783,1.973,112.817,-0.005,-0.001,0.003,0.006,5,weighted_average,kalman(weighted_average),false
1788858907.487,138.592,-0.683,0.782,1.962,112.829,-0.682,0.783,1.965,112.816,0.001,0.000,0.002,0.003,5,weighted_average,kalman(weighted_average),false
1788858907.537,138.643,-0.691,0.791,1.971,112.816,-0.688,0.788,1.968,112.814,0.003,-0.003,-0.003,0.005,5,weighted_average,kalman(weighted_average),false
1788858907.587,138.693,-0.694,0.788,1.967,112.873,-0.693,0.789,1.967,112.845,0.001,0.001,-0.000,0.001,5,weighted_average,kalman(weighted_average),false
1788858907.642,138.747,-0.701,0.788,1.958,112.938,-0.700,0.789,1.961,112.900,0.002,0.001,0.003,0.003,5,weighted_average,kalman(weighted_average),false
1788858907.687,138.793,-0.684,0.787,1.971,112.730,-0.692,0.788,1.966,112.824,-0.009,0.001,-0.005,0.010,5,weighted_average,kalman(weighted_average),false
1788858907.786,138.891,-0.695,0.784,1.972,112.867,-0.694,0.785,1.971,112.846,0.001,0.001,-0.001,0.002,5,weighted_average,kalman(weighted_average),false
1788858907.835,138.940,-0.706,0.792,1.973,112.905,-0.702,0.789,1.973,112.882,0.004,-0.003,-0.000,0.005,5,weighted_average,kalman(weighted_average),false
1788858907.884,138.990,-0.695,0.787,1.966,112.825,-0.700,0.788,1.969,112.858,-0.004,0.001,0.004,0.006,5,weighted_average,kalman(weighted_average),false
1788858907.936,139.042,-0.683,0.786,1.973,112.685,-0.690,0.787,1.971,112.767,-0.007,0.001,-0.002,0.007,5,weighted_average,kalman(weighted_average),false
1788858907.985,139.090,-0.691,0.788,1.977,112.748,-0.689,0.788,1.975,112.743,0.002,-0.000,-0.002,0.003,5,weighted_average,kalman(weighted_average),false
1788858908.076,139.181,-0.703,0.787,1.978,112.897,-0.699,0.787,1.978,112.824,0.005,0.000,0.000,0.005,5,weighted_average,kalman(weighted_average),false
1788858908.126,139.232,-0.705,0.790,1.973,112.887,-0.704,0.789,1.975,112.868,0.001,-0.001,0.002,0.003,5,weighted_average,kalman(weighted_average),false
1788858908.181,139.286,-0.698,0.787,1.989,112.827,-0.702,0.788,1.984,112.858,-0.004,0.001,-0.005,0.007,5,weighted_average,kalman(weighted_average),false
1788858908.230,139.335,-0.702,0.791,1.984,112.823,-0.703,0.789,1.985,112.846,-0.001,-0.001,0.002,0.002,5,weighted_average,kalman(weighted_average),false
1788858908.283,139.388,-0.698,0.789,1.991,112.764,-0.700,0.790,1.990,112.805,-0.002,0.000,-0.001,0.003,5,weighted_average,kalman(weighted_average),false
1788858908.379,139.484,-0.695,0.791,1.988,112.721,-0.696,0.791,1.990,112.742,-0.001,-0.000,0.002,0.002,5,weighted_average,kalman(weighted_average),false
1788858908.425,139.531,-0.700,0.791,1.979,112.787,-0.698,0.791,1.983,112.757,0.002,0.000,0.004,0.005,5,weighted_average,kalman(weighted_average),false
1788858908.477,139.582,-0.705,0.795,1.973,112.805,-0.703,0.794,1.976,112.778,0.003,-0.001,0.003,0.004,5,weighted_average,kalman(weighted_average),false
1788858908.529,139.634,-0.708,0.794,1.989,112.813,-0.706,0.795,1.982,112.797,0.001,0.000,-0.007,0.007,5,weighted_average,kalman(weighted_average),false
1788858908.578,139.683,-0.711,0.798,1.987,112.818,-0.710,0.797,1.985,112.811,0.001,-0.001,-0.002,0.002,5,weighted_average,kalman(weighted_average),false
1788858908.672,139.777,-0.712,0.801,1.972,112.835,-0.713,0.801,1.976,112.833,-0.001,-0.000,0.004,0.004,5,weighted_average,kalman(weighted_average),false
1788858908.719,139.824,-0.705,0.800,1.990,112.741,-0.709,0.801,1.984,112.785,-0.004,0.001,-0.007,0.008,5,weighted_average,kalman(weighted_average),false
1788858908.772,139.877,-0.705,0.798,1.986,112.772,-0.706,0.800,1.986,112.773,-0.001,0.002,-0.000,0.002,5,weighted_average,kalman(weighted_average),false
1788858908.819,139.925,-0.707,0.799,1.984,112.783,-0.706,0.800,1.986,112.774,0.001,0.000,0.001,0.002,5,weighted_average,kalman(weighted_average),false
1788858908.874,139.979,-0.712,0.806,1.981,112.785,-0.710,0.804,1.983,112.776,0.003,-0.003,0.002,0.004,5,weighted_average,kalman(weighted_average),false
1788858908.963,140.068,-0.705,0.808,1.976,112.720,-0.707,0.807,1.977,112.738,-0.002,-0.000,0.002,0.002,5,weighted_average,kalman(weighted_average),false
1788858909.015,140.121,-0.707,0.806,1.997,112.720,-0.706,0.807,1.989,112.721,0.000,0.001,-0.008,0.008,5,weighted_average,kalman(weighted_average),false
1788858909.069,140.174,-0.716,0.803,1.989,112.879,-0.712,0.805,1.990,112.801,0.004,0.002,0.002,0.004,5,weighted_average,kalman(weighted_average),false
1788858909.116,140.221,-0.706,0.806,1.993,112.741,-0.709,0.805,1.993,112.778,-0.003,-0.001,-0.000,0.003,5,weighted_average,kalman(weighted_average),false
1788858909.170,140.275,-0.697,0.813,1.991,112.580,-0.702,0.810,1.993,112.676,-0.005,-0.003,0.002,0.006,5,weighted_average,kalman(weighted_average),false
1788858909.258,140.364,-0.702,0.809,1.980,112.699,-0.701,0.810,1.984,112.670,0.001,0.001,0.004,0.004,5,weighted_average,kalman(weighted_average),false
1788858909.311,140.417,-0.716,0.808,1.989,112.854,-0.710,0.809,1.986,112.770,0.006,0.001,-0.003,0.007,5,weighted_average,kalman(weighted_average),false
1788858909.360,140.465,-0.702,0.810,1.986,112.699,-0.706,0.809,1.986,112.744,-0.005,-0.000,0.000,0.005,5,weighted_average,kalman(weighted_average),false
1788858909.412,140.517,-0.697,0.809,1.977,112.668,-0.701,0.809,1.980,112.707,-0.004,0.000,0.003,0.005,5,weighted_average,kalman(weighted_average),false
1788858909.464,140.570,-0.706,0.811,1.971,112.740,-0.703,0.810,1.973,112.721,0.003,-0.001,0.002,0.004,5,weighted_average,kalman(weighted_average),false
1788858909.558,140.663,-0.711,0.808,1.976,112.816,-0.709,0.809,1.973,112.783,0.002,0.001,-0.003,0.003,5,weighted_average,kalman(weighted_average),false
1788858909.608,140.713,-0.716,0.808,1.960,112.878,-0.714,0.808,1.964,112.847,0.001,0.000,0.004,0.004,5,weighted_average,kalman(weighted_average),false
1788858909.660,140.765,-0.696,0.803,1.975,112.695,-0.704,0.805,1.969,112.781,-0.008,0.002,-0.006,0.010,5,weighted_average,kalman(weighted_average),false
1788858909.713,140.818,-0.698,0.807,1.967,112.686,-0.699,0.805,1.967,112.730,-0.002,-0.001,0.001,0.002,5,weighted_average,kalman(weighted_average),false
1788858909.759,140.864,-0.702,0.808,1.977,112.729,-0.700,0.807,1.973,112.721,0.003,-0.002,-0.004,0.005,5,weighted_average,kalman(weighted_average),false
1788858909.852,140.957,-0.706,0.805,1.984,112.801,-0.704,0.806,1.982,112.763,0.002,0.001,-0.002,0.003,5,weighted_average,kalman(weighted_average),false
1788858909.909,141.014,-0.707,0.801,1.970,112.857,-0.707,0.803,1.975,112.824,0.001,0.001,0.006,0.006,5,weighted_average,kalman(weighted_average),false
1788858909.953,141.058,-0.704,0.803,1.978,112.800,-0.706,0.802,1.977,112.822,-0.002,-0.001,-0.001,0.002,5,weighted_average,kalman(weighted_average),false
1788858910.008,141.113,-0.703,0.805,1.976,112.748,-0.704,0.804,1.977,112.792,-0.001,-0.002,0.000,0.002,5,weighted_average,kalman(weighted_average),false
1788858910.056,141.161,-0.706,0.803,1.980,112.800,-0.705,0.803,1.978,112.796,0.001,0.000,-0.001,0.002,5,weighted_average,kalman(weighted_average),false
1788858910.154,141.259,-0.705,0.799,1.973,112.819,-0.705,0.800,1.975,112.813,-0.000,0.001,0.002,0.002,5,weighted_average,kalman(weighted_average),false
1788858910.201,141.306,-0.710,0.804,1.977,112.818,-0.709,0.802,1.975,112.818,0.002,-0.002,-0.001,0.003,5,weighted_average,kalman(weighted_average),false
1788858910.248,141.353,-0.705,0.807,1.971,112.728,-0.707,0.805,1.973,112.773,-0.002,-0.002,0.002,0.003,5,weighted_average,kalman(weighted_average),false
1788858910.296,141.401,-0.705,0.804,1.969,112.751,-0.706,0.805,1.970,112.756,-0.001,0.001,0.001,0.002,5,weighted_average,kalman(weighted_average),false
1788858910.349,141.454,-0.704,0.802,1.965,112.763,-0.705,0.803,1.966,112.753,-0.001,0.002,0.001,0.002,5,weighted_average,kalman(weighted_average),false
1788858910.444,141.549,-0.705,0.800,1.977,112.740,-0.705,0.800,1.973,112.738,0.000,0.001,-0.004,0.004,5,weighted_average,kalman(weighted_average),false
1788858910.487,141.593,-0.697,0.800,1.976,112.627,-0.700,0.800,1.976,112.673,-0.003,-0.000,-0.000,0.003,5,weighted_average,kalman(weighted_average),false
1788858910.539,141.645,-0.703,0.800,1.977,112.662,-0.701,0.799,1.978,112.653,0.002,-0.001,0.001,0.002,5,weighted_average,kalman(weighted_average),false
1788858910.587,141.692,-0.700,0.798,1.978,112.676,-0.700,0.798,1.979,112.653,0.000,0.000,0.001,0.001,5,weighted_average,kalman(weighted_average),false
1788858910.641,141.746,-0.697,0.800,1.960,112.663,-0.698,0.799,1.968,112.650,-0.001,-0.001,0.008,0.008,5,weighted_average,kalman(weighted_average),false
1788858910.735,141.841,-0.706,0.792,1.992,112.802,-0.703,0.794,1.985,112.743,0.002,0.002,-0.007,0.008,5,weighted_average,kalman(weighted_average),false
1788858910.784,141.890,-0.683,0.796,1.977,112.548,-0.691,0.795,1.982,112.643,-0.008,-0.002,0.005,0.009,5,weighted_average,kalman(weighted_average),false
1788858910.837,141.942,-0.693,0.802,1.971,112.633,-0.691,0.799,1.976,112.630,0.002,-0.003,0.005,0.006,5,weighted_average,kalman(weighted_average),false
1788858910.884,141.989,-0.701,0.797,1.965,112.770,-0.696,0.798,1.969,112.696,0.005,0.001,0.004,0.007,5,weighted_average,kalman(weighted_average),false
1788858910.937,142.043,-0.695,0.802,1.982,112.652,-0.696,0.801,1.975,112.679,-0.001,-0.001,-0.007,0.007,5,weighted_average,kalman(weighted_average),false
1788858911.037,142.142,-0.697,0.805,1.983,112.678,-0.697,0.805,1.982,112.680,0.000,-0.000,-0.002,0.002,5,weighted_average,kalman(weighted_average),false
1788858911.081,142.186,-0.688,0.802,1.967,112.620,-0.691,0.804,1.973,112.647,-0.004,0.001,0.006,0.007,5,weighted_average,kalman(weighted_average),false
1788858911.134,142.239,-0.694,0.804,1.972,112.673,-0.692,0.804,1.972,112.656,0.002,0.000,-0.000,0.002,5,weighted_average,kalman(weighted_average),false
1788858911.183,142.289,-0.698,0.801,1.967,112.754,-0.695,0.803,1.968,112.706,0.002,0.001,0.001,0.003,5,weighted_average,kalman(weighted_average),false
1788858911.236,142.342,-0.688,0.804,1.974,112.604,-0.691,0.803,1.971,112.660,-0.003,-0.001,-0.004,0.005,5,weighted_average,kalman(weighted_average),false
1788858911.327,142.433,-0.704,0.806,1.966,112.800,-0.700,0.806,1.967,112.748,0.004,-0.001,0.001,0.004,5,weighted_average,kalman(weighted_average),false
1788858911.379,142.484,-0.688,0.807,1.973,112.604,-0.693,0.807,1.971,112.677,-0.005,-0.000,-0.003,0.006,5,weighted_average,kalman(weighted_average),false
1788858911.426,142.531,-0.694,0.809,1.978,112.676,-0.693,0.808,1.975,112.673,0.001,-0.000,-0.003,0.003,5,weighted_average,kalman(weighted_average),false
1788858911.476,142.581,-0.692,0.808,1.963,112.694,-0.692,0.809,1.969,112.681,-0.000,0.001,0.006,0.006,5,weighted_average,kalman(weighted_average),false
1788858911.527,142.632,-0.696,0.810,1.972,112.721,-0.694,0.810,1.970,112.702,0.002,-0.000,-0.002,0.002,5,weighted_average,kalman(weighted_average),false
1788858911.617,142.723,-0.703,0.812,1.969,112.803,-0.701,0.812,1.969,112.771,0.002,-0.000,0.000,0.002,5,weighted_average,kalman(weighted_average),false
1788858911.673,142.778,-0.687,0.812,1.964,112.666,-0.693,0.812,1.966,112.722,-0.006,0.001,0.002,0.006,5,weighted_average,kalman(weighted_average),false
1788858911.719,142.824,-0.691,0.811,1.970,112.721,-0.691,0.811,1.968,112.721,-0.000,0.001,-0.003,0.003,5,weighted_average,kalman(weighted_average),false
1788858911.769,142.875,-0.689,0.815,1.953,112.696,-0.689,0.813,1.959,112.707,0.000,-0.001,0.006,0.006,5,weighted_average,kalman(weighted_average),false
1788858911.819,142.925,-0.697,0.813,1.971,112.777,-0.693,0.814,1.964,112.741,0.004,0.000,-0.006,0.008,5,weighted_average,kalman(weighted_average),false
1788858911.916,143.021,-0.678,0.808,1.972,112.608,-0.682,0.809,1.971,112.658,-0.004,0.002,-0.002,0.005,5,weighted_average,kalman(weighted_average),false
1788858911.965,143.071,-0.689,0.808,1.967,112.739,-0.685,0.808,1.969,112.694,0.004,-0.000,0.002,0.005,5,weighted_average,kalman(weighted_average),false
1788858912.016,143.121,-0.682,0.808,1.962,112.661,-0.683,0.807,1.965,112.674,-0.001,-0.001,0.003,0.003,5,weighted_average,kalman(weighted_average),false
1788858912.071,143.176,-0.686,0.807,1.973,112.702,-0.684,0.806,1.969,112.684,0.002,-0.000,-0.003,0.004,5,weighted_average,kalman(weighted_average),false
1788858912.118,143.224,-0.686,0.809,1.969,112.690,-0.685,0.807,1.969,112.686,0.001,-0.001,0.001,0.002,5,weighted_average,kalman(weighted_average),false
1788858912.212,143.318,-0.681,0.809,1.967,112.639,-0.682,0.808,1.968,112.655,-0.001,-0.000,0.001,0.002,5,weighted_average,kalman(weighted_average),false
1788858912.264,143.369,-0.698,0.804,1.961,112.877,-0.692,0.806,1.963,112.779,0.006,0.002,0.002,0.006,5,weighted_average,kalman(weighted_average),false
1788858912.316,143.421,-0.676,0.801,1.964,112.647,-0.684,0.802,1.963,112.724,-0.007,0.001,-0.001,0.007,5,weighted_average,kalman(weighted_average),false
1788858912.369,143.475,-0.674,0.804,1.951,112.598,-0.677,0.802,1.955,112.658,-0.003,-0.001,0.004,0.005,5,weighted_average,kalman(weighted_average),false
1788858912.414,143.519,-0.684,0.808,1.956,112.677,-0.680,0.805,1.954,112.659,0.004,-0.003,-0.002,0.006,5,weighted_average,kalman(weighted_average),false
1788858912.508,143.613,-0.678,0.806,1.968,112.586,-0.678,0.806,1.963,112.602,0.000,0.000,-0.005,0.005,5,weighted_average,kalman(weighted_average),false
1788858912.558,143.663,-0.674,0.802,1.964,112.581,-0.675,0.803,1.965,112.580,-0.001,0.002,0.001,0.002,5,weighted_average,kalman(weighted_average),false
1788858912.607,143.713,-0.672,0.801,1.957,112.580,-0.672,0.802,1.961,112.569,-0.000,0.000,0.004,0.004,5,weighted_average,kalman(weighted_average),false
1788858912.655,143.760,-0.673,0.802,1.955,112.589,-0.672,0.801,1.957,112.571,0.001,-0.000,0.003,0.003,5,weighted_average,kalman(weighted_average),false
1788858912.707,143.812,-0.673,0.802,1.953,112.579,-0.672,0.801,1.954,112.569,0.001,-0.001,0.001,0.002,5,weighted_average,kalman(weighted_average),false
1788858912.803,143.908,-0.693,0.796,1.950,112.841,-0.687,0.797,1.950,112.745,0.005,0.001,-0.000,0.005,5,weighted_average,kalman(weighted_average),false
1788858912.850,143.955,-0.679,0.800,1.951,112.650,-0.684,0.798,1.950,112.715,-0.005,-0.002,-0.001,0.005,5,weighted_average,kalman(weighted_average),false
1788858912.903,144.008,-0.678,0.798,1.958,112.632,-0.681,0.798,1.954,112.683,-0.003,-0.000,-0.003,0.005,5,weighted_average,kalman(weighted_average),false
1788858912.951,144.056,-0.677,0.795,1.948,112.665,-0.679,0.796,1.951,112.676,-0.002,0.001,0.003,0.004,5,weighted_average,kalman(weighted_average),false
1788858913.004,144.109,-0.676,0.796,1.954,112.649,-0.677,0.795,1.953,112.663,-0.001,-0.000,-0.002,0.002,5,weighted_average,kalman(weighted_average),false
1788858913.096,144.201,-0.682,0.793,1.946,112.745,-0.680,0.793,1.947,112.715,0.002,0.000,0.002,0.003,5,weighted_average,kalman(weighted_average),false
1788858913.146,144.252,-0.677,0.792,1.954,112.685,-0.679,0.792,1.951,112.705,-0.001,0.000,-0.003,0.003,5,weighted_average,kalman(weighted_average),false
1788858913.194,144.299,-0.678,0.796,1.943,112.657,-0.678,0.794,1.946,112.683,-0.000,-0.002,0.003,0.004,5,weighted_average,kalman(weighted_average),false
1788858913.244,144.349,-0.681,0.795,1.943,112.687,-0.680,0.794,1.943,112.684,0.001,-0.000,0.001,0.001,5,weighted_average,kalman(weighted_average),false
1788858913.295,144.400,-0.681,0.794,1.934,112.700,-0.680,0.794,1.937,112.691,0.000,0.000,0.003,0.003,5,weighted_average,kalman(weighted_average),false
1788858913.394,144.500,-0.687,0.800,1.935,112.685,-0.686,0.799,1.933,112.688,0.001,-0.001,-0.002,0.002,5,weighted_average,kalman(weighted_average),false
1788858913.449,144.554,-0.688,0.800,1.936,112.700,-0.688,0.801,1.934,112.695,-0.000,0.000,-0.002,0.002,5,weighted_average,kalman(weighted_average),false
1788858913.500,144.605,-0.684,0.798,1.940,112.654,-0.687,0.800,1.938,112.673,-0.002,0.002,-0.002,0.004,5,weighted_average,kalman(weighted_average),false
1788858913.550,144.655,-0.679,0.803,1.939,112.528,-0.682,0.802,1.939,112.593,-0.003,-0.001,-0.000,0.004,5,weighted_average,kalman(weighted_average),false
1788858913.599,144.705,-0.679,0.806,1.944,112.466,-0.680,0.805,1.943,112.512,-0.001,-0.001,-0.002,0.002,5,weighted_average,kalman(weighted_average),false
1788858913.690,144.795,-0.673,0.815,1.939,112.339,-0.674,0.813,1.941,112.368,-0.001,-0.002,0.002,0.003,5,weighted_average,kalman(weighted_average),false
1788858913.749,144.854,-0.678,0.811,1.913,112.143,-0.676,0.813,1.922,112.201,0.003,0.002,0.009,0.010,5,weighted_average,kalman(weighted_average),false
1788858913.794,144.899,-0.705,0.807,1.944,111.988,-0.693,0.810,1.932,112.046,0.012,0.003,-0.012,0.017,5,weighted_average,kalman(weighted_average),false
1788858913.847,144.952,-0.676,0.795,1.925,110.889,-0.686,0.800,1.928,111.369,-0.010,0.006,0.003,0.012,5,weighted_average,kalman(weighted_average),false
1788858913.895,145.000,-0.662,0.792,1.950,109.788,-0.672,0.794,1.940,110.412,-0.010,0.002,-0.010,0.014,5,weighted_average,kalman(weighted_average),false
1788858913.991,145.096,-0.665,0.790,1.929,109.008,-0.664,0.788,1.933,109.132,0.001,-0.002,0.005,0.005,5,weighted_average,kalman(weighted_average),false
1788858914.044,145.149,-0.667,0.786,1.922,108.212,-0.664,0.786,1.925,108.318,0.003,-0.000,0.003,0.004,5,weighted_average,kalman(weighted_average),false
1788858914.092,145.197,-0.653,0.795,1.931,107.505,-0.656,0.790,1.927,107.575,-0.003,-0.005,-0.004,0.007,5,weighted_average,kalman(weighted_average),false
1788858914.144,145.250,-0.655,0.784,1.919,106.831,-0.654,0.787,1.921,106.831,0.002,0.002,0.002,0.004,5,weighted_average,kalman(weighted_average),false
1788858914.195,145.300,-0.641,0.790,1.935,106.185,-0.645,0.788,1.928,106.149,-0.003,-0.002,-0.007,0.008,5,weighted_average,kalman(weighted_average),false
1788858914.293,145.398,-0.131,1.025,1.367,101.059,-0.645,0.788,1.928,102.287,-0.514,-0.237,0.560,0.796,3,weighted_average,kalman(weighted_average),true
1788858914.339,145.444,-0.899,0.908,0.718,107.796,-0.645,0.788,1.928,104.778,0.255,-0.120,1.209,1.242,3,weighted_average,kalman(weighted_average),true
1788858914.392,145.498,-0.024,1.012,1.499,98.823,-0.645,0.788,1.928,101.408,-0.620,-0.224,0.429,0.787,3,weighted_average,kalman(weighted_average),true
1788858914.446,145.551,-0.552,0.423,1.967,102.821,-0.556,0.439,1.965,101.540,-0.004,0.016,-0.002,0.017,17,weighted_average,kalman(weighted_average),false
1788858914.492,145.597,-0.470,0.404,1.956,100.785,-0.495,0.390,1.963,100.808,-0.025,-0.014,0.006,0.030,17,weighted_average,kalman(weighted_average),false
1788858914.591,145.696,-0.437,0.389,1.964,99.504,-0.434,0.358,1.965,99.430,0.002,-0.031,0.002,0.031,17,weighted_average,kalman(weighted_average),false
1788858914.643,145.748,-0.421,0.373,1.973,98.499,-0.415,0.360,1.971,98.571,0.007,-0.013,-0.002,0.015,17,weighted_average,kalman(weighted_average),false
1788858914.692,145.797,-0.418,0.365,2.008,98.087,-0.407,0.359,1.996,97.968,0.010,-0.006,-0.013,0.018,17,weighted_average,kalman(weighted_average),false
1788858914.739,145.845,-0.414,0.372,1.938,97.238,-0.404,0.364,1.966,97.265,0.010,-0.008,0.028,0.031,17,weighted_average,kalman(weighted_average),false
1788858914.790,145.895,-0.327,0.331,1.935,95.428,-0.354,0.343,1.946,95.965,-0.026,0.012,0.010,0.031,17,weighted_average,kalman(weighted_average),false
1788858914.883,145.988,-0.400,0.355,1.978,95.596,-0.375,0.348,1.965,95.133,0.025,-0.008,-0.014,0.029,17,weighted_average,kalman(weighted_average),false
1788858914.933,146.039,-0.442,0.367,1.970,95.734,-0.420,0.361,1.970,95.217,0.022,-0.007,0.000,0.023,17,weighted_average,kalman(weighted_average),false
1788858914.983,146.088,-0.390,0.342,1.984,94.670,-0.410,0.351,1.981,94.755,-0.020,0.009,-0.003,0.022,17,weighted_average,kalman(weighted_average),false
1788858915.031,146.137,-0.339,0.322,1.951,93.447,-0.371,0.333,1.966,93.890,-0.032,0.012,0.015,0.037,17,weighted_average,kalman(weighted_average),false
1788858915.087,146.192,-0.360,0.330,1.971,93.683,-0.359,0.328,1.968,93.485,0.001,-0.002,-0.002,0.004,17,weighted_average,kalman(weighted_average),false
1788858915.183,146.288,-0.318,0.309,1.948,92.798,-0.323,0.310,1.953,92.714,-0.004,0.001,0.005,0.006,17,weighted_average,kalman(weighted_average),false
1788858915.228,146.334,-0.303,0.296,1.956,92.513,-0.305,0.298,1.953,92.431,-0.001,0.002,-0.003,0.004,17,weighted_average,kalman(weighted_average),false
1788858915.281,146.387,-0.265,0.281,1.942,91.917,-0.273,0.283,1.945,91.962,-0.007,0.002,0.002,0.008,17,weighted_average,kalman(weighted_average),false
1788858915.331,146.436,-0.267,0.282,1.922,92.136,-0.260,0.278,1.929,91.861,0.007,-0.004,0.007,0.011,17,weighted_average,kalman(weighted_average),false
1788858915.385,146.490,-0.252,0.272,1.917,91.996,-0.247,0.270,1.917,91.779,0.005,-0.001,0.000,0.005,17,weighted_average,kalman(weighted_average),false
1788858915.481,146.586,-0.188,0.226,1.939,91.409,-0.195,0.233,1.930,91.392,-0.006,0.007,-0.010,0.013,17,weighted_average,kalman(weighted_average),false
1788858915.537,146.642,-0.212,0.231,1.959,91.954,-0.197,0.225,1.951,91.637,0.015,-0.006,-0.008,0.018,17,weighted_average,kalman(weighted_average),false
1788858915.583,146.689,-0.200,0.227,1.960,91.905,-0.194,0.222,1.960,91.764,0.005,-0.005,0.000,0.007,17,weighted_average,kalman(weighted_average),false
1788858915.637,146.742,-0.174,0.203,1.953,91.703,-0.179,0.207,1.960,91.741,-0.004,0.004,0.007,0.009,17,weighted_average,kalman(weighted_average),false
1788858915.686,146.791,-0.192,0.210,1.951,92.160,-0.182,0.204,1.957,91.959,0.010,-0.005,0.006,0.013,17,weighted_average,kalman(weighted_average),false
1788858915.782,146.888,-0.132,0.179,1.919,91.545,-0.142,0.181,1.929,91.733,-0.010,0.002,0.010,0.014,17,weighted_average,kalman(weighted_average),false
1788858915.829,146.934,-0.113,0.155,1.941,91.442,-0.117,0.161,1.933,91.547,-0.004,0.006,-0.008,0.011,17,weighted_average,kalman(weighted_average),false
1788858915.881,146.986,-0.095,0.155,1.908,91.319,-0.095,0.151,1.916,91.374,0.000,-0.004,0.007,0.008,17,weighted_average,kalman(weighted_average),false
1788858915.930,147.035,-0.101,0.145,1.946,91.663,-0.090,0.142,1.929,91.467,0.011,-0.003,-0.016,0.020,17,weighted_average,kalman(weighted_average),false
1788858915.984,147.089,-0.067,0.120,1.935,91.148,-0.070,0.124,1.933,91.273,-0.003,0.004,-0.002,0.005,17,weighted_average,kalman(weighted_average),false

# =============================================================================
# Statistiche sessione  (campioni: 2425)
# Durata: 147.1 s
# raw_x: min=-2.4827  max=3.9592  media=-0.0567
# raw_y: min=-4.7321  max=2.0371  media=-1.3966
# raw_z: min=-0.1833  max=3.2259  media=1.8367
# raw_yaw_deg: min=-178.9872  max=179.2598  media=64.8765
# filtered_x: min=-1.6861  max=1.4572  media=-0.0674
# filtered_y: min=-4.4019  max=1.8645  media=-1.3927
# filtered_z: min=-0.0991  max=2.0829  media=1.8199
# filtered_yaw_deg: min=-179.6657  max=177.5135  media=64.9450
# error_norm: min=0.0000  max=5.0667  media=0.0662
# Nota: per le colonne di yaw assoluto min/max sono estremi del wrap-around +/-180 deg, non l'ampiezza reale; la media e' circolare.
# =============================================================================
