# =============================================================================
# CONFRONTO POSE APRILTAG RAW E POSE FILTRATE KALMAN
# =============================================================================
# Descrizione: tabella per valutare quanto il filtro di Kalman modifica la posa stimata a partire dalle misure grezze degli AprilTag.
# Generato il: 2026-09-10 10:41:30
# Formato dati: tabella CSV testuale con separatore ','
# Nota: le righe che iniziano con '#' sono commenti descrittivi.
# Separatore degli ID AprilTag multipli: '|'
#
# Legenda colonne:
# - timestamp_s: timestamp assoluto UNIX del campione [s]
# - tempo_relativo_s: tempo trascorso dal primo campione del file [s]
# - raw_x_m: coordinata X della posa grezza AprilTag [m]
# - raw_y_m: coordinata Y della posa grezza AprilTag [m]
# - raw_z_m: coordinata Z della posa grezza AprilTag [m]
# - raw_yaw_deg: yaw associato alla posa grezza AprilTag [deg]
# - kalman_x_m: coordinata X dopo filtraggio di Kalman [m]
# - kalman_y_m: coordinata Y dopo filtraggio di Kalman [m]
# - kalman_z_m: coordinata Z dopo filtraggio di Kalman [m]
# - kalman_yaw_deg: yaw filtrato da Kalman se yaw_filter_enabled=True, altrimenti corrisponde a quello grezzo [deg]
# - errore_x_m: differenza kalman_x_m - raw_x_m [m]
# - errore_y_m: differenza kalman_y_m - raw_y_m [m]
# - errore_z_m: differenza kalman_z_m - raw_z_m [m]
# - norma_errore_m: norma euclidea della correzione introdotta dal filtro [m]
# - tag_ids: ID degli AprilTag usati per la stima, separati dal carattere indicato sopra
# - sorgente_raw: descrizione della sorgente della posa grezza
# - sorgente_kalman: descrizione della sorgente della posa filtrata
# - outlier_scartato: true se il filtro di Kalman ha scartato la misura grezza: la posa filtrata e' solo la previsione
# =============================================================================

timestamp_s,tempo_relativo_s,raw_x_m,raw_y_m,raw_z_m,raw_yaw_deg,kalman_x_m,kalman_y_m,kalman_z_m,kalman_yaw_deg,errore_x_m,errore_y_m,errore_z_m,norma_errore_m,tag_ids,sorgente_raw,sorgente_kalman,outlier_scartato
1789029505.781,0.000,0.249,2.074,1.385,82.067,0.249,2.074,1.385,82.067,0.000,0.000,0.000,0.000,15,weighted_average,kalman(weighted_average),false
1789029505.898,0.117,-0.171,1.960,0.726,85.622,-0.170,1.961,0.728,83.720,0.001,0.000,0.002,0.002,15,weighted_average,kalman(weighted_average),false
1789029505.947,0.166,-0.377,1.974,1.389,87.119,-0.170,1.961,0.728,85.884,0.207,-0.013,-0.661,0.693,15,weighted_average,kalman(weighted_average),true
1789029506.007,0.225,0.554,2.086,1.511,79.548,-0.170,1.961,0.728,82.870,-0.724,-0.125,-0.783,1.074,15,weighted_average,kalman(weighted_average),true
1789029506.049,0.268,0.607,2.086,1.632,79.099,-0.170,1.961,0.728,80.757,-0.777,-0.125,-0.904,1.199,15,weighted_average,kalman(weighted_average),true
1789029506.105,0.323,0.240,1.990,0.657,82.406,0.229,1.989,0.659,81.114,-0.011,-0.001,0.002,0.011,15,weighted_average,kalman(weighted_average),false
1789029506.182,0.401,0.470,1.946,2.612,79.617,0.229,1.989,0.659,79.899,-0.241,0.043,-1.953,1.968,15,weighted_average,kalman(weighted_average),true
1789029506.242,0.461,-0.001,1.922,0.459,84.393,0.030,1.931,0.486,82.216,0.031,0.009,0.027,0.042,15,weighted_average,kalman(weighted_average),false
1789029506.294,0.513,-0.285,1.829,0.243,86.703,-0.200,1.858,0.307,84.885,0.086,0.029,0.064,0.110,15,weighted_average,kalman(weighted_average),false
1789029506.342,0.561,-0.541,1.948,1.358,88.468,-0.200,1.858,0.307,87.307,0.341,-0.090,-1.051,1.109,15,weighted_average,kalman(weighted_average),true
1789029506.400,0.619,0.579,2.082,1.723,79.220,-0.200,1.858,0.307,83.804,-0.779,-0.224,-1.416,1.632,15,weighted_average,kalman(weighted_average),true
1789029506.479,0.697,0.557,2.104,1.569,79.594,-0.200,1.858,0.307,81.058,-0.757,-0.247,-1.262,1.492,15,weighted_average,kalman(weighted_average),true
1789029506.539,0.757,0.566,2.095,1.574,79.503,-0.200,1.858,0.307,79.619,-0.765,-0.238,-1.267,1.499,15,weighted_average,kalman(weighted_average),true
1789029506.580,0.799,0.573,2.090,1.538,79.442,-0.200,1.858,0.307,79.074,-0.772,-0.233,-1.230,1.471,15,weighted_average,kalman(weighted_average),true
1789029506.638,0.856,1.443,1.926,2.382,71.702,1.443,1.926,2.382,74.592,0.000,0.000,0.000,0.000,15,weighted_average,kalman(weighted_average),false
1789029506.681,0.900,1.336,1.970,2.230,72.750,1.336,1.970,2.230,72.726,0.000,-0.000,0.000,0.000,15,weighted_average,kalman(weighted_average),false
1789029506.765,0.983,1.392,1.962,2.176,72.405,1.382,1.963,2.186,71.158,-0.010,0.001,0.010,0.014,15,weighted_average,kalman(weighted_average),false
1789029506.813,1.031,0.528,2.068,1.494,79.842,1.382,1.963,2.186,75.331,0.853,-0.105,0.692,1.104,15,weighted_average,kalman(weighted_average),true
1789029506.865,1.084,1.145,1.972,2.201,74.417,1.182,1.971,2.199,75.092,0.037,-0.001,-0.002,0.037,15,weighted_average,kalman(weighted_average),false
1789029506.917,1.136,1.164,1.998,2.049,74.395,1.144,1.989,2.103,74.844,-0.021,-0.008,0.053,0.058,15,weighted_average,kalman(weighted_average),false
1789029506.979,1.198,1.561,1.379,-0.582,72.626,1.144,1.989,2.103,73.640,-0.417,0.610,2.684,2.784,3,weighted_average,kalman(weighted_average),true
1789029507.063,1.282,1.447,1.860,2.573,71.510,1.144,1.989,2.103,72.042,-0.303,0.129,-0.470,0.574,15,weighted_average,kalman(weighted_average),true
1789029507.116,1.335,0.782,1.629,-0.100,79.215,1.144,1.989,2.103,75.869,0.362,0.360,2.202,2.261,3,weighted_average,kalman(weighted_average),true
1789029507.168,1.387,1.389,1.905,2.415,72.127,1.378,1.909,2.401,74.241,-0.011,0.004,-0.015,0.019,15,weighted_average,kalman(weighted_average),false
1789029507.214,1.433,-0.523,1.914,1.147,88.476,1.378,1.909,2.401,81.540,1.901,-0.005,1.254,2.277,15,weighted_average,kalman(weighted_average),true
1789029507.267,1.485,0.539,1.664,-0.159,80.830,1.378,1.909,2.401,82.462,0.839,0.245,2.560,2.705,3,weighted_average,kalman(weighted_average),true
1789029507.349,1.568,-0.188,1.726,-0.055,86.734,1.378,1.909,2.401,86.330,1.566,0.183,2.456,2.918,3,weighted_average,kalman(weighted_average),true
1789029507.398,1.617,-0.720,1.746,0.070,91.097,1.378,1.909,2.401,89.928,2.098,0.163,2.331,3.140,3,weighted_average,kalman(weighted_average),true
1789029507.454,1.673,-0.704,1.739,0.044,90.913,1.378,1.909,2.401,91.820,2.082,0.170,2.357,3.150,3,weighted_average,kalman(weighted_average),true
1789029507.499,1.717,0.536,2.050,1.546,79.752,0.558,2.047,1.569,86.671,0.022,-0.004,0.022,0.032,15,weighted_average,kalman(weighted_average),false
1789029507.553,1.772,0.578,2.071,1.639,79.348,0.515,2.072,1.558,82.714,-0.063,0.001,-0.081,0.103,15,weighted_average,kalman(weighted_average),false
1789029507.634,1.853,0.366,-4.923,0.871,-75.981,0.515,2.072,1.558,-16.564,0.149,6.995,0.687,7.030,1,weighted_average,kalman(weighted_average),true
1789029507.683,1.902,0.283,1.971,2.272,81.496,0.515,2.072,1.558,22.486,0.232,0.101,-0.715,0.758,15,weighted_average,kalman(weighted_average),true
1789029507.735,1.954,0.584,2.046,1.626,79.441,0.579,2.048,1.621,48.644,-0.005,0.002,-0.005,0.008,15,weighted_average,kalman(weighted_average),false
1789029507.792,2.011,2.738,1.203,0.302,60.855,0.579,2.048,1.621,56.989,-2.159,0.844,1.319,2.667,15,weighted_average,kalman(weighted_average),true
1789029507.836,2.055,-0.537,1.744,0.636,88.580,0.579,2.048,1.621,75.090,1.116,0.304,0.984,1.519,7,weighted_average,kalman(weighted_average),true
1789029507.914,2.133,-0.995,1.770,0.511,93.331,0.579,2.048,1.621,92.106,1.573,0.277,1.110,1.945,3,weighted_average,kalman(weighted_average),true
1789029507.967,2.186,-0.164,1.322,0.946,85.995,0.579,2.048,1.621,93.463,0.743,0.726,0.675,1.239,1,weighted_average,kalman(weighted_average),true
1789029508.025,2.244,-0.613,1.373,0.970,90.758,0.579,2.048,1.621,95.506,1.192,0.674,0.650,1.516,17,weighted_average,kalman(weighted_average),true
1789029508.065,2.284,-2.417,1.267,1.903,113.487,-2.417,1.267,1.903,106.405,0.000,0.000,0.000,0.000,17,weighted_average,kalman(weighted_average),false
1789029508.127,2.345,-1.068,1.282,1.341,97.104,-1.072,1.282,1.342,105.478,-0.003,-0.000,0.001,0.004,1|17,weighted_average,kalman(weighted_average),false
1789029508.209,2.428,-0.219,1.302,1.029,86.921,-1.072,1.282,1.342,96.027,-0.853,-0.020,0.313,0.909,1,weighted_average,kalman(weighted_average),true
1789029508.268,2.487,-0.615,1.352,1.251,91.363,-0.648,1.347,1.258,92.477,-0.033,-0.005,0.007,0.034,1|17,weighted_average,kalman(weighted_average),false
1789029508.307,2.526,-0.779,1.379,1.323,92.824,-0.688,1.374,1.291,91.808,0.092,-0.005,-0.033,0.098,17,weighted_average,kalman(weighted_average),false
1789029508.366,2.585,-2.496,1.207,1.931,114.603,-0.688,1.374,1.291,103.158,1.809,0.166,-0.640,1.926,17,weighted_average,kalman(weighted_average),true
1789029508.410,2.629,0.457,1.721,2.525,80.868,-0.688,1.374,1.291,93.232,-1.145,-0.347,-1.235,1.719,3,weighted_average,kalman(weighted_average),true
1789029508.491,2.709,-0.107,1.690,1.177,86.272,-0.688,1.374,1.291,88.056,-0.581,-0.317,0.113,0.671,9,weighted_average,kalman(weighted_average),true
1789029508.541,2.759,-0.190,1.296,1.133,86.302,-0.219,1.301,1.142,85.991,-0.028,0.004,0.009,0.030,1,weighted_average,kalman(weighted_average),false
1789029508.598,2.817,-2.671,1.096,1.916,116.922,-0.219,1.301,1.142,102.017,2.453,0.205,-0.774,2.580,17,weighted_average,kalman(weighted_average),true
1789029508.775,2.994,-0.198,1.290,1.211,86.385,-0.199,1.290,1.208,90.453,-0.001,0.000,-0.003,0.003,1,weighted_average,kalman(weighted_average),false
1789029508.833,3.052,-0.193,1.288,1.216,86.316,-0.193,1.288,1.220,85.897,0.000,-0.001,0.004,0.004,1,weighted_average,kalman(weighted_average),false
1789029508.880,3.099,-0.190,1.163,1.317,85.223,-0.189,1.206,1.288,83.750,0.001,0.043,-0.029,0.052,17,weighted_average,kalman(weighted_average),false
1789029508.934,3.152,-1.356,1.416,1.525,100.856,-0.189,1.206,1.288,91.542,1.167,-0.210,-0.237,1.209,9|17,weighted_average,kalman(weighted_average),true
1789029508.979,3.198,-0.122,1.647,1.348,86.119,-0.189,1.206,1.288,88.969,-0.067,-0.441,-0.060,0.450,9,weighted_average,kalman(weighted_average),true
1789029509.066,3.285,-0.469,1.394,1.461,89.698,-0.446,1.378,1.447,89.095,0.023,-0.015,-0.014,0.031,1|9|17,weighted_average,kalman(weighted_average),false
1789029509.116,3.335,-0.266,1.393,1.362,87.080,-0.353,1.404,1.406,87.881,-0.087,0.011,0.044,0.098,1|9|17,weighted_average,kalman(weighted_average),false
1789029509.165,3.384,-1.336,1.415,1.545,100.469,-0.353,1.404,1.406,94.339,0.983,-0.011,-0.138,0.993,9|17,weighted_average,kalman(weighted_average),true
1789029509.220,3.438,-0.251,1.428,1.321,86.842,-0.272,1.423,1.339,91.290,-0.021,-0.005,0.018,0.028,9|17,weighted_average,kalman(weighted_average),false
1789029509.263,3.482,-1.364,1.406,1.543,100.794,-0.272,1.423,1.339,96.084,1.092,0.017,-0.205,1.111,9|17,weighted_average,kalman(weighted_average),true
1789029509.350,3.569,-0.166,1.391,1.426,86.098,-0.182,1.396,1.412,90.951,-0.016,0.005,-0.014,0.022,1|9,weighted_average,kalman(weighted_average),false
1789029509.401,3.620,-0.185,1.414,1.543,86.020,-0.174,1.405,1.507,87.658,0.012,-0.009,-0.036,0.039,9|17,weighted_average,kalman(weighted_average),false
1789029509.451,3.670,-1.368,1.408,1.592,100.859,-0.174,1.405,1.507,93.870,1.194,-0.003,-0.086,1.197,9|17,weighted_average,kalman(weighted_average),true
1789029509.503,3.722,-0.223,1.192,1.533,85.659,-0.212,1.237,1.528,90.001,0.010,0.045,-0.006,0.047,17,weighted_average,kalman(weighted_average),false
1789029509.551,3.769,-0.707,1.352,1.493,92.489,-0.212,1.237,1.528,90.922,0.495,-0.115,0.034,0.509,1|9|17,weighted_average,kalman(weighted_average),true
1789029509.640,3.859,-0.183,1.164,1.484,85.122,-0.187,1.175,1.490,87.100,-0.004,0.011,0.006,0.013,17,weighted_average,kalman(weighted_average),false
1789029509.688,3.907,-0.210,1.405,1.555,86.243,-0.199,1.317,1.528,86.022,0.011,-0.088,-0.027,0.093,9|17,weighted_average,kalman(weighted_average),false
1789029509.751,3.970,-0.189,1.405,1.689,85.981,-0.193,1.395,1.639,85.315,-0.003,-0.010,-0.050,0.051,9|17,weighted_average,kalman(weighted_average),false
1789029509.793,4.011,-0.191,1.161,1.622,85.150,-0.191,1.277,1.647,84.831,0.000,0.116,0.025,0.118,17,weighted_average,kalman(weighted_average),false
1789029509.848,4.067,-0.211,1.343,1.631,86.336,-0.202,1.310,1.653,85.177,0.009,-0.033,0.022,0.041,1|9|17,weighted_average,kalman(weighted_average),false
1789029509.936,4.154,-0.324,1.225,1.648,86.939,-0.294,1.249,1.659,86.059,0.030,0.024,0.011,0.040,17,weighted_average,kalman(weighted_average),false
1789029509.987,4.205,-0.202,1.406,1.730,86.103,-0.248,1.342,1.708,86.149,-0.047,-0.064,-0.022,0.082,9|17,weighted_average,kalman(weighted_average),false
1789029510.041,4.260,-0.710,1.354,1.580,92.421,-0.248,1.342,1.708,89.683,0.461,-0.011,0.129,0.479,1|9|17,weighted_average,kalman(weighted_average),true
1789029510.088,4.307,-0.342,1.234,1.780,87.204,-0.322,1.257,1.765,88.992,0.020,0.023,-0.016,0.034,17,weighted_average,kalman(weighted_average),false
1789029510.149,4.367,-0.254,1.428,1.812,86.818,-0.287,1.359,1.804,88.145,-0.033,-0.070,-0.008,0.078,9|17,weighted_average,kalman(weighted_average),false
1789029510.237,4.456,-0.239,1.426,1.851,86.639,-0.251,1.420,1.851,87.205,-0.012,-0.006,0.000,0.014,9|17,weighted_average,kalman(weighted_average),false
1789029510.289,4.508,-0.743,1.344,1.606,92.854,-0.251,1.420,1.851,90.340,0.492,0.076,0.245,0.555,1|9|17,weighted_average,kalman(weighted_average),true
1789029510.353,4.572,-0.136,1.480,1.733,84.867,-0.155,1.470,1.752,87.586,-0.019,-0.010,0.019,0.029,11,weighted_average,kalman(weighted_average),false
1789029510.393,4.612,-0.130,1.484,1.737,84.791,-0.130,1.484,1.732,85.986,0.001,-0.000,-0.004,0.005,11,weighted_average,kalman(weighted_average),false
1789029510.444,4.662,-0.130,1.484,1.744,84.768,-0.116,1.491,1.726,84.920,0.014,0.007,-0.018,0.024,11,weighted_average,kalman(weighted_average),false
1789029510.536,4.755,-0.276,1.198,1.772,86.215,-0.226,1.276,1.752,85.158,0.050,0.078,-0.020,0.095,17,weighted_average,kalman(weighted_average),false
1789029510.585,4.804,-0.153,1.416,1.770,84.964,-0.194,1.335,1.766,84.943,-0.040,-0.081,-0.004,0.091,11|17,weighted_average,kalman(weighted_average),false
1789029510.641,4.860,-0.154,1.419,1.761,85.022,-0.172,1.378,1.767,84.870,-0.018,-0.040,0.006,0.045,11|17,weighted_average,kalman(weighted_average),false
1789029510.687,4.906,-0.138,1.413,1.772,84.819,-0.150,1.401,1.772,84.767,-0.012,-0.012,0.000,0.017,11|17,weighted_average,kalman(weighted_average),false
1789029510.740,4.959,-0.133,1.489,1.765,84.977,-0.135,1.460,1.770,84.801,-0.002,-0.029,0.005,0.030,11,weighted_average,kalman(weighted_average),false
1789029510.833,5.051,-0.175,1.338,1.799,85.934,-0.159,1.383,1.793,85.491,0.016,0.045,-0.006,0.048,1|9|17,weighted_average,kalman(weighted_average),false
1789029510.879,5.098,-0.733,1.355,1.610,92.760,-0.159,1.383,1.793,89.651,0.574,0.029,0.183,0.604,1|9|17,weighted_average,kalman(weighted_average),true
1789029510.934,5.153,-0.223,1.366,1.774,86.612,-0.210,1.369,1.778,88.765,0.012,0.003,0.004,0.013,1|9|17,weighted_average,kalman(weighted_average),false
1789029510.982,5.201,-0.207,1.365,1.790,86.461,-0.215,1.365,1.783,87.864,-0.008,-0.000,-0.006,0.010,1|9|17,weighted_average,kalman(weighted_average),false
1789029511.033,5.251,-0.195,1.429,1.881,86.378,-0.209,1.401,1.841,87.160,-0.013,-0.028,-0.040,0.051,9|17,weighted_average,kalman(weighted_average),false
1789029511.123,5.341,-0.184,1.374,1.797,86.612,-0.193,1.387,1.819,86.703,-0.009,0.013,0.022,0.027,1|9|17,weighted_average,kalman(weighted_average),false
1789029511.175,5.394,-0.375,1.279,1.856,88.307,-0.310,1.315,1.842,87.533,0.064,0.036,-0.014,0.075,17,weighted_average,kalman(weighted_average),false
1789029511.222,5.441,-0.178,1.457,1.834,86.645,-0.248,1.388,1.840,87.128,-0.070,-0.068,0.006,0.098,9|17,weighted_average,kalman(weighted_average),false
1789029511.284,5.503,-0.257,1.251,1.830,86.901,-0.254,1.305,1.835,86.979,0.003,0.054,0.005,0.054,17,weighted_average,kalman(weighted_average),false
1789029511.325,5.544,-0.247,1.244,1.878,86.795,-0.251,1.259,1.860,86.856,-0.004,0.016,-0.019,0.025,17,weighted_average,kalman(weighted_average),false
1789029511.451,5.670,-0.755,1.397,1.598,93.806,-0.251,1.259,1.860,91.994,0.503,-0.137,0.262,0.584,1|9|17,weighted_average,kalman(weighted_average),true
1789029511.504,5.722,-0.148,1.467,1.854,86.449,-0.156,1.451,1.854,89.294,-0.008,-0.017,0.000,0.019,9|17,weighted_average,kalman(weighted_average),false
1789029511.547,5.766,-0.186,1.473,1.928,86.974,-0.165,1.485,1.901,88.104,0.021,0.012,-0.027,0.036,9|17,weighted_average,kalman(weighted_average),false
1789029511.597,5.816,-0.143,1.421,1.816,86.602,-0.145,1.468,1.857,87.164,-0.002,0.047,0.041,0.062,1|9|17,weighted_average,kalman(weighted_average),false
1789029511.685,5.904,-0.120,1.425,1.822,86.403,-0.118,1.447,1.826,86.333,0.002,0.022,0.005,0.022,1|9|17,weighted_average,kalman(weighted_average),false
1789029511.735,5.954,-0.127,1.431,1.840,86.534,-0.118,1.435,1.829,86.233,0.009,0.004,-0.010,0.014,1|9|17,weighted_average,kalman(weighted_average),false
1789029511.789,6.008,-0.127,1.431,1.840,86.534,-0.121,1.430,1.833,86.227,0.007,-0.001,-0.007,0.010,1|9|17,weighted_average,kalman(weighted_average),false
1789029511.836,6.055,-0.146,1.444,1.830,86.806,-0.134,1.436,1.830,86.425,0.012,-0.008,0.000,0.014,1|9|17,weighted_average,kalman(weighted_average),false
1789029511.895,6.114,-0.180,1.458,1.856,87.299,-0.165,1.450,1.846,86.858,0.016,-0.009,-0.011,0.021,1|9|17,weighted_average,kalman(weighted_average),false
1789029511.989,6.207,-0.118,1.523,1.838,86.533,-0.136,1.508,1.842,86.705,-0.018,-0.015,0.004,0.024,9|17,weighted_average,kalman(weighted_average),false
1789029512.039,6.258,-0.105,1.514,1.913,86.476,-0.112,1.521,1.888,86.566,-0.008,0.007,-0.025,0.027,9|17,weighted_average,kalman(weighted_average),false
1789029512.090,6.308,-0.131,1.317,1.831,86.152,-0.118,1.402,1.860,86.312,0.013,0.085,0.030,0.091,17,weighted_average,kalman(weighted_average),false
1789029512.145,6.363,-0.088,1.553,1.919,86.578,-0.097,1.479,1.896,86.393,-0.009,-0.073,-0.022,0.077,9|17,weighted_average,kalman(weighted_average),false
1789029512.195,6.414,-0.111,1.499,1.852,87.002,-0.100,1.496,1.875,86.690,0.010,-0.003,0.023,0.026,1|9|17,weighted_average,kalman(weighted_average),false
1789029512.285,6.504,-0.083,1.324,1.891,85.807,-0.085,1.374,1.886,86.162,-0.002,0.051,-0.004,0.051,17,weighted_average,kalman(weighted_average),false
1789029512.345,6.564,-0.081,1.588,1.946,86.751,-0.079,1.502,1.929,86.443,0.002,-0.086,-0.017,0.087,9|17,weighted_average,kalman(weighted_average),false
1789029512.390,6.609,-0.086,1.603,1.925,86.864,-0.082,1.574,1.934,86.671,0.005,-0.028,0.009,0.030,9|17,weighted_average,kalman(weighted_average),false
1789029512.439,6.657,-0.067,1.548,1.845,86.694,-0.072,1.579,1.887,86.723,-0.005,0.031,0.042,0.053,1|9|17,weighted_average,kalman(weighted_average),false
1789029512.491,6.710,-0.146,1.384,1.944,86.867,-0.114,1.475,1.916,86.835,0.032,0.091,-0.028,0.100,17,weighted_average,kalman(weighted_average),false
1789029512.590,6.809,-0.700,1.560,1.655,94.227,-0.114,1.475,1.916,91.888,0.586,-0.085,0.261,0.647,1|9|17,weighted_average,kalman(weighted_average),true
1789029512.639,6.858,-0.074,1.566,1.845,86.975,-0.078,1.555,1.854,89.789,-0.005,-0.011,0.009,0.015,1|9|17,weighted_average,kalman(weighted_average),false
1789029512.687,6.906,-0.705,1.575,1.637,94.336,-0.078,1.555,1.854,92.414,0.627,-0.020,0.217,0.664,1|9|17,weighted_average,kalman(weighted_average),true
1789029512.752,6.971,-0.072,1.587,1.871,87.039,-0.073,1.581,1.868,89.988,-0.001,-0.006,-0.003,0.007,1|9|17,weighted_average,kalman(weighted_average),false
1789029512.792,7.011,-0.033,1.648,1.921,86.563,-0.048,1.624,1.902,88.189,-0.016,-0.024,-0.020,0.035,9|17,weighted_average,kalman(weighted_average),false
1789029512.917,7.135,-0.065,1.612,1.868,87.025,-0.058,1.623,1.880,86.835,0.007,0.011,0.012,0.018,1|9|17,weighted_average,kalman(weighted_average),false
1789029512.970,7.188,-0.193,1.480,1.943,87.797,-0.152,1.524,1.919,87.200,0.040,0.044,-0.023,0.064,17,weighted_average,kalman(weighted_average),false
1789029513.010,7.229,0.020,1.958,1.910,87.011,-0.152,1.524,1.919,87.015,-0.172,-0.435,0.009,0.468,9,weighted_average,kalman(weighted_average),true
1789029513.059,7.277,-1.373,1.724,1.499,102.308,-0.152,1.524,1.919,94.823,1.221,-0.200,0.421,1.306,9|17,weighted_average,kalman(weighted_average),true
1789029513.109,7.328,-0.160,1.508,1.929,87.497,-0.159,1.510,1.927,92.332,0.001,0.002,-0.001,0.003,17,weighted_average,kalman(weighted_average),false
1789029513.198,7.417,-0.108,1.490,1.970,86.887,-0.121,1.493,1.961,89.352,-0.013,0.003,-0.009,0.017,17,weighted_average,kalman(weighted_average),false
1789029513.247,7.466,-0.043,1.731,1.919,86.948,-0.066,1.643,1.939,87.686,-0.023,-0.088,0.020,0.093,9|17,weighted_average,kalman(weighted_average),false
1789029513.309,7.528,-0.114,1.518,1.946,87.040,-0.085,1.586,1.943,86.759,0.030,0.068,-0.003,0.074,17,weighted_average,kalman(weighted_average),false
1789029513.351,7.570,-0.028,1.675,1.896,86.861,-0.049,1.639,1.915,86.430,-0.021,-0.036,0.020,0.046,1|9|17,weighted_average,kalman(weighted_average),false
1789029513.401,7.619,0.066,1.863,1.869,85.689,0.027,1.781,1.883,85.676,-0.039,-0.082,0.014,0.092,11,weighted_average,kalman(weighted_average),false
1789029513.490,7.708,-0.573,1.807,1.682,92.711,0.027,1.781,1.883,89.692,0.600,-0.025,0.201,0.633,11|17,weighted_average,kalman(weighted_average),true
1789029513.548,7.767,0.012,1.807,1.868,86.206,0.014,1.804,1.870,88.137,0.002,-0.003,0.002,0.004,11|17,weighted_average,kalman(weighted_average),false
1789029513.597,7.816,0.088,1.889,1.863,85.435,0.060,1.861,1.864,86.714,-0.028,-0.028,0.001,0.039,11,weighted_average,kalman(weighted_average),false
1789029513.646,7.865,0.090,1.901,1.858,85.456,0.084,1.895,1.859,85.861,-0.006,-0.005,0.001,0.008,11,weighted_average,kalman(weighted_average),false
1789029513.693,7.911,0.051,1.814,1.887,85.783,0.073,1.860,1.873,85.552,0.022,0.046,-0.014,0.053,11|17,weighted_average,kalman(weighted_average),false
1789029513.781,8.000,0.035,1.838,1.908,86.041,0.048,1.844,1.900,85.542,0.013,0.007,-0.008,0.016,11|17,weighted_average,kalman(weighted_average),false
1789029513.846,8.065,0.042,1.883,1.899,86.190,0.040,1.869,1.904,85.847,-0.002,-0.014,0.005,0.015,9|11|17,weighted_average,kalman(weighted_average),false
1789029513.884,8.102,0.027,1.854,1.903,86.161,0.030,1.863,1.906,86.008,0.003,0.009,0.003,0.010,11|17,weighted_average,kalman(weighted_average),false
1789029513.939,8.157,0.096,1.947,1.854,85.579,0.066,1.915,1.877,85.811,-0.030,-0.032,0.023,0.049,11,weighted_average,kalman(weighted_average),false
1789029513.990,8.209,0.047,1.874,1.866,86.068,0.059,1.900,1.866,85.929,0.012,0.026,0.000,0.029,11|17,weighted_average,kalman(weighted_average),false
1789029514.077,8.295,0.070,1.869,1.878,86.125,0.068,1.881,1.870,86.067,-0.001,0.011,-0.008,0.014,11|17,weighted_average,kalman(weighted_average),false
1789029514.125,8.344,-0.664,1.793,1.622,94.894,0.068,1.881,1.870,91.055,0.733,0.087,0.248,0.778,1|9|17,weighted_average,kalman(weighted_average),true
1789029514.178,8.397,-0.061,1.884,1.937,88.468,-0.036,1.883,1.924,90.509,0.025,-0.001,-0.013,0.029,9|17,weighted_average,kalman(weighted_average),false
1789029514.226,8.445,0.038,1.850,1.926,87.384,-0.003,1.863,1.932,89.319,-0.041,0.013,0.006,0.043,9|17,weighted_average,kalman(weighted_average),false
1789029514.279,8.498,0.036,1.637,1.846,86.983,0.017,1.723,1.886,88.202,-0.020,0.086,0.041,0.098,17,weighted_average,kalman(weighted_average),false
1789029514.367,8.586,-0.038,1.688,1.695,88.251,-0.022,1.668,1.739,88.069,0.015,-0.020,0.045,0.051,17,weighted_average,kalman(weighted_average),false
1789029514.418,8.637,-0.086,1.707,1.918,88.926,-0.069,1.679,1.832,88.495,0.016,-0.027,-0.086,0.092,17,weighted_average,kalman(weighted_average),false
1789029514.471,8.690,-0.076,1.701,1.859,88.785,-0.085,1.686,1.850,88.681,-0.009,-0.015,-0.009,0.019,17,weighted_average,kalman(weighted_average),false
1789029514.518,8.737,-0.699,1.845,1.657,96.401,-0.085,1.686,1.850,92.723,0.615,-0.158,0.194,0.664,1|9|17,weighted_average,kalman(weighted_average),true
1789029514.573,8.792,-0.659,1.862,1.635,95.911,-0.085,1.686,1.850,95.174,0.574,-0.175,0.216,0.638,1|9|17,weighted_average,kalman(weighted_average),true
1789029514.662,8.881,0.009,1.861,1.896,88.651,0.001,1.846,1.892,92.059,-0.008,-0.015,-0.004,0.018,1|9|17,weighted_average,kalman(weighted_average),false
1789029514.711,8.930,-0.028,1.874,1.896,89.136,-0.010,1.879,1.899,90.223,0.018,0.005,0.003,0.019,1|9|17,weighted_average,kalman(weighted_average),false
1789029514.764,8.983,-0.155,1.761,1.887,89.810,-0.098,1.820,1.895,89.560,0.058,0.060,0.008,0.083,17,weighted_average,kalman(weighted_average),false
1789029514.814,9.032,-0.186,1.781,1.866,90.196,-0.165,1.794,1.879,89.514,0.021,0.013,0.012,0.027,17,weighted_average,kalman(weighted_average),false
1789029514.865,9.084,0.011,1.700,1.860,87.861,-0.078,1.731,1.865,88.386,-0.089,0.031,0.005,0.094,17,weighted_average,kalman(weighted_average),false
1789029514.952,9.170,-0.034,1.738,1.761,88.402,-0.041,1.720,1.784,87.927,-0.007,-0.018,0.023,0.030,17,weighted_average,kalman(weighted_average),false
1789029515.004,9.223,0.020,1.724,1.828,87.804,0.006,1.717,1.800,87.655,-0.014,-0.006,-0.029,0.033,17,weighted_average,kalman(weighted_average),false
1789029515.054,9.273,0.038,1.722,1.754,87.603,0.037,1.717,1.766,87.449,-0.001,-0.005,0.012,0.013,17,weighted_average,kalman(weighted_average),false
1789029515.110,9.328,-0.042,1.756,1.885,88.571,0.001,1.739,1.831,87.896,0.043,-0.017,-0.054,0.071,17,weighted_average,kalman(weighted_average),false
1789029515.156,9.374,-0.016,1.744,1.932,88.265,-0.009,1.745,1.897,88.066,0.007,0.001,-0.036,0.036,17,weighted_average,kalman(weighted_average),false
1789029515.245,9.464,-0.019,1.736,1.955,88.246,-0.018,1.742,1.958,88.202,0.001,0.005,0.003,0.006,17,weighted_average,kalman(weighted_average),false
1789029515.295,9.514,-0.068,1.788,1.878,88.913,-0.053,1.772,1.919,88.633,0.016,-0.016,0.040,0.046,17,weighted_average,kalman(weighted_average),false
1789029515.348,9.567,-0.091,2.020,1.940,89.098,-0.084,1.932,1.933,88.978,0.007,-0.088,-0.007,0.088,5|17,weighted_average,kalman(weighted_average),false
1789029515.396,9.615,-0.121,2.059,1.777,89.459,-0.115,2.038,1.843,89.340,0.006,-0.021,0.066,0.070,5|17,weighted_average,kalman(weighted_average),false
1789029515.447,9.666,-0.136,2.075,1.818,89.638,-0.138,2.098,1.813,89.636,-0.003,0.022,-0.005,0.023,5|17,weighted_average,kalman(weighted_average),false
1789029515.539,9.758,0.029,1.781,1.936,87.847,-0.138,2.098,1.813,88.655,-0.168,0.317,-0.122,0.379,17,weighted_average,kalman(weighted_average),true
1789029515.588,9.807,-0.049,1.832,1.829,88.789,-0.061,1.868,1.826,88.630,-0.012,0.036,-0.002,0.038,17,weighted_average,kalman(weighted_average),false
1789029515.645,9.863,0.154,2.195,1.899,87.318,-0.061,1.868,1.826,87.811,-0.216,-0.327,-0.073,0.398,11,weighted_average,kalman(weighted_average),true
1789029515.690,9.909,0.048,2.231,1.881,88.163,0.026,2.158,1.870,87.823,-0.022,-0.073,-0.011,0.077,5|11,weighted_average,kalman(weighted_average),false
1789029515.741,9.960,0.141,2.196,1.879,87.365,0.110,2.219,1.881,87.458,-0.031,0.023,0.002,0.039,11,weighted_average,kalman(weighted_average),false
1789029515.831,10.050,0.136,2.202,1.893,87.428,0.152,2.244,1.896,87.251,0.017,0.042,0.003,0.046,11,weighted_average,kalman(weighted_average),false
1789029515.884,10.103,0.145,2.206,1.892,87.314,0.158,2.230,1.897,87.206,0.013,0.024,0.005,0.027,11,weighted_average,kalman(weighted_average),false
1789029515.935,10.153,0.043,2.129,1.920,88.298,0.093,2.170,1.913,87.741,0.051,0.042,-0.007,0.066,11|17,weighted_average,kalman(weighted_average),false
1789029516.001,10.219,0.136,2.215,1.891,87.439,0.114,2.191,1.903,87.623,-0.022,-0.024,0.012,0.035,11,weighted_average,kalman(weighted_average),false
1789029516.196,10.415,0.084,2.162,1.930,87.973,0.086,2.163,1.928,87.942,0.002,0.002,-0.001,0.003,9|11|17,weighted_average,kalman(weighted_average),false
1789029516.278,10.497,0.142,2.237,1.889,87.372,0.127,2.219,1.900,87.562,-0.015,-0.018,0.011,0.026,11,weighted_average,kalman(weighted_average),false
1789029516.338,10.557,0.141,2.237,1.899,87.378,0.142,2.238,1.896,87.407,0.001,0.002,-0.003,0.003,11,weighted_average,kalman(weighted_average),false
1789029516.443,10.662,0.115,2.281,1.912,87.898,0.125,2.280,1.906,87.712,0.010,-0.001,-0.005,0.011,9|11,weighted_average,kalman(weighted_average),false
1789029516.488,10.707,0.110,2.274,1.904,87.916,0.114,2.282,1.906,87.858,0.004,0.009,0.002,0.010,9|11,weighted_average,kalman(weighted_average),false
1789029516.540,10.759,0.084,2.136,1.914,87.821,0.092,2.195,1.912,87.885,0.008,0.060,-0.002,0.060,11|17,weighted_average,kalman(weighted_average),false
1789029516.589,10.808,0.114,2.130,1.921,87.496,0.100,2.143,1.919,87.713,-0.014,0.014,-0.002,0.020,11|17,weighted_average,kalman(weighted_average),false
1789029516.642,10.861,0.087,2.171,1.928,87.955,0.090,2.143,1.926,87.835,0.003,-0.028,-0.001,0.028,9|11|17,weighted_average,kalman(weighted_average),false
1789029516.749,10.968,0.153,2.243,1.899,87.304,0.137,2.213,1.907,87.484,-0.015,-0.030,0.008,0.034,11,weighted_average,kalman(weighted_average),false
1789029516.795,11.014,0.138,2.230,1.894,87.443,0.144,2.233,1.896,87.416,0.006,0.003,0.002,0.007,11,weighted_average,kalman(weighted_average),false
1789029516.847,11.066,0.139,2.224,1.896,87.394,0.147,2.237,1.892,87.357,0.007,0.013,-0.004,0.016,11,weighted_average,kalman(weighted_average),false
1789029516.896,11.115,0.118,2.115,1.919,87.451,0.133,2.169,1.906,87.368,0.015,0.055,-0.013,0.058,11|17,weighted_average,kalman(weighted_average),false
1789029516.949,11.168,0.130,2.218,1.896,87.561,0.131,2.190,1.901,87.444,0.001,-0.028,0.005,0.028,11,weighted_average,kalman(weighted_average),false
1789029517.109,11.328,-0.556,2.151,1.707,94.762,0.131,2.190,1.901,93.524,0.686,0.039,0.194,0.714,9|11|17,weighted_average,kalman(weighted_average),true
1789029517.187,11.405,0.067,2.105,1.907,88.054,0.070,2.108,1.907,90.510,0.002,0.003,-0.000,0.004,11|17,weighted_average,kalman(weighted_average),false
1789029517.254,11.473,0.103,2.096,1.896,87.684,0.087,2.091,1.900,88.635,-0.015,-0.005,0.003,0.016,11|17,weighted_average,kalman(weighted_average),false
1789029517.416,11.635,0.088,2.079,1.886,87.928,0.088,2.076,1.887,87.714,-0.000,-0.003,0.001,0.003,11|17,weighted_average,kalman(weighted_average),false
1789029517.473,11.692,-0.035,1.850,1.730,88.707,-0.001,1.914,1.773,88.266,0.035,0.063,0.043,0.084,17,weighted_average,kalman(weighted_average),false
1789029517.512,11.731,-0.361,2.017,1.885,92.961,-0.001,1.914,1.773,90.809,0.360,-0.103,-0.113,0.391,1|9|17,weighted_average,kalman(weighted_average),true
1789029517.562,11.780,0.011,1.950,1.945,88.905,0.008,1.942,1.906,90.248,-0.003,-0.008,-0.040,0.041,1|9|17,weighted_average,kalman(weighted_average),false
1789029517.660,11.879,-1.357,2.092,1.509,102.992,0.008,1.942,1.906,99.247,1.365,-0.151,0.396,1.430,5|17,weighted_average,kalman(weighted_average),true
1789029517.735,11.954,-0.040,1.790,2.003,88.779,-0.036,1.803,1.995,93.902,0.004,0.013,-0.008,0.016,17,weighted_average,kalman(weighted_average),false
1789029517.777,11.996,-0.157,2.071,1.942,90.041,-0.036,1.803,1.995,91.689,0.121,-0.268,0.053,0.299,5|17,weighted_average,kalman(weighted_average),true
1789029517.828,12.047,-1.339,2.081,1.487,102.825,-0.036,1.803,1.995,97.143,1.304,-0.278,0.508,1.426,5|17,weighted_average,kalman(weighted_average),true
1789029517.924,12.143,-0.692,1.919,1.648,96.407,-0.036,1.803,1.995,97.471,0.656,-0.116,0.347,0.752,1|9|17,weighted_average,kalman(weighted_average),true
1789029517.981,12.200,-0.150,1.815,1.985,90.048,-0.145,1.815,1.985,93.227,0.005,-0.001,0.000,0.005,17,weighted_average,kalman(weighted_average),false
1789029518.032,12.251,-0.125,2.044,1.948,89.689,-0.140,1.966,1.960,90.742,-0.016,-0.078,0.012,0.081,5|17,weighted_average,kalman(weighted_average),false
1789029518.079,12.298,0.135,2.266,1.997,88.448,-0.140,1.966,1.960,88.812,-0.275,-0.301,-0.037,0.409,9,weighted_average,kalman(weighted_average),true
1789029518.130,12.349,-0.164,2.283,1.943,89.979,-0.159,2.214,1.947,88.551,0.005,-0.069,0.004,0.069,5,weighted_average,kalman(weighted_average),false
1789029518.226,12.445,-0.076,2.014,1.894,89.149,-0.097,2.096,1.903,88.155,-0.021,0.082,0.009,0.085,5|17,weighted_average,kalman(weighted_average),false
1789029518.281,12.499,-0.162,2.274,1.922,90.043,-0.132,2.206,1.909,89.035,0.030,-0.067,-0.013,0.075,5,weighted_average,kalman(weighted_average),false
1789029518.328,12.547,-0.108,2.031,1.928,89.470,-0.118,2.111,1.918,89.261,-0.011,0.080,-0.010,0.081,5|17,weighted_average,kalman(weighted_average),false
1789029518.384,12.603,-0.108,2.031,1.928,89.470,-0.110,2.052,1.924,89.408,-0.002,0.020,-0.004,0.021,5|17,weighted_average,kalman(weighted_average),false
1789029518.428,12.647,-0.203,2.058,1.956,90.593,-0.162,2.042,1.943,90.045,0.041,-0.017,-0.013,0.046,5|17,weighted_average,kalman(weighted_average),false
1789029518.538,12.757,-0.068,2.012,1.890,89.033,-0.095,2.006,1.905,89.520,-0.027,-0.006,0.015,0.032,5|17,weighted_average,kalman(weighted_average),false
1789029518.581,12.800,-0.047,2.010,1.849,88.805,-0.056,2.003,1.864,89.067,-0.009,-0.007,0.016,0.019,5|17,weighted_average,kalman(weighted_average),false
1789029518.635,12.854,-0.118,2.025,1.942,89.681,-0.081,2.012,1.902,89.290,0.037,-0.012,-0.040,0.056,5|17,weighted_average,kalman(weighted_average),false
1789029518.684,12.903,-0.145,2.032,1.970,90.009,-0.117,2.024,1.944,89.638,0.028,-0.009,-0.026,0.039,5|17,weighted_average,kalman(weighted_average),false
1789029518.742,12.961,-0.024,2.081,1.965,89.080,-0.064,2.061,1.966,89.372,-0.040,-0.019,0.001,0.044,5|9|17,weighted_average,kalman(weighted_average),false
1789029518.841,13.060,0.023,1.923,1.924,88.933,0.012,1.961,1.941,89.042,-0.012,0.038,0.017,0.044,1|9|17,weighted_average,kalman(weighted_average),false
1789029518.892,13.111,0.029,1.762,1.848,88.135,0.035,1.816,1.877,88.455,0.006,0.054,0.029,0.062,17,weighted_average,kalman(weighted_average),false
1789029518.943,13.162,0.059,1.973,2.005,88.553,0.062,1.881,1.945,88.375,0.002,-0.092,-0.060,0.109,9|17,weighted_average,kalman(weighted_average),false
1789029519.002,13.221,-1.406,2.045,1.490,103.803,0.062,1.881,1.945,96.917,1.468,-0.164,0.455,1.546,5|17,weighted_average,kalman(weighted_average),true
1789029519.050,13.269,0.015,1.989,2.006,89.086,0.025,1.967,1.994,94.107,0.010,-0.022,-0.013,0.027,9|17,weighted_average,kalman(weighted_average),false
1789029519.149,13.368,-0.085,2.018,1.993,89.413,-0.067,2.020,2.001,91.513,0.018,0.002,0.007,0.019,5|17,weighted_average,kalman(weighted_average),false
1789029519.207,13.426,-0.121,2.043,1.945,89.882,-0.119,2.046,1.965,90.239,0.003,0.003,0.020,0.020,5|17,weighted_average,kalman(weighted_average),false
1789029519.251,13.470,-0.077,2.020,1.937,89.394,-0.108,2.039,1.944,89.455,-0.031,0.019,0.007,0.037,5|17,weighted_average,kalman(weighted_average),false
1789029519.304,13.523,-0.085,1.802,1.955,89.613,-0.102,1.899,1.944,89.122,-0.018,0.097,-0.012,0.099,17,weighted_average,kalman(weighted_average),false
1789029519.353,13.572,0.048,1.915,1.922,88.821,-0.016,1.887,1.927,88.658,-0.064,-0.028,0.005,0.070,1|9|17,weighted_average,kalman(weighted_average),false
1789029519.446,13.665,0.033,1.994,1.942,88.982,0.036,1.950,1.932,88.497,0.003,-0.043,-0.009,0.044,9|17,weighted_average,kalman(weighted_average),false
1789029519.498,13.717,0.011,1.770,1.856,88.494,0.030,1.839,1.882,88.382,0.019,0.069,0.026,0.076,17,weighted_average,kalman(weighted_average),false
1789029519.549,13.768,-0.094,1.805,1.861,89.690,-0.042,1.803,1.860,89.003,0.051,-0.002,-0.000,0.052,17,weighted_average,kalman(weighted_average),false
1789029519.604,13.823,-0.103,1.799,1.975,89.811,-0.090,1.786,1.923,89.487,0.013,-0.014,-0.052,0.055,17,weighted_average,kalman(weighted_average),false
1789029519.652,13.871,-0.059,2.027,1.834,89.257,-0.085,1.919,1.876,89.471,-0.026,-0.108,0.042,0.119,5|17,weighted_average,kalman(weighted_average),false
1789029519.749,13.968,0.100,1.714,1.916,87.427,0.048,1.782,1.902,88.198,-0.051,0.068,-0.014,0.086,17,weighted_average,kalman(weighted_average),false
1789029519.796,14.015,-0.008,2.013,1.924,89.522,0.031,1.913,1.919,88.789,0.039,-0.100,-0.005,0.108,9|17,weighted_average,kalman(weighted_average),false
1789029519.852,14.071,-1.491,1.986,1.540,105.718,0.031,1.913,1.919,98.241,1.521,-0.073,0.379,1.569,9|17,weighted_average,kalman(weighted_average),true
1789029519.901,14.120,-0.111,2.044,1.841,89.883,-0.082,2.017,1.857,95.331,0.029,-0.027,0.016,0.043,5|17,weighted_average,kalman(weighted_average),false
1789029519.949,14.168,-0.120,2.034,1.888,90.031,-0.120,2.041,1.869,93.156,-0.000,0.007,-0.020,0.021,5|17,weighted_average,kalman(weighted_average),false
1789029520.048,14.267,-1.016,2.083,1.638,100.120,-0.120,2.041,1.869,97.828,0.896,-0.042,0.231,0.926,5|9|17,weighted_average,kalman(weighted_average),true
1789029520.096,14.315,0.104,1.948,1.977,88.049,0.076,1.960,1.963,92.874,-0.028,0.012,-0.014,0.033,9|17,weighted_average,kalman(weighted_average),false
1789029520.146,14.365,-0.010,1.995,2.032,89.130,0.043,1.973,2.019,90.525,0.054,-0.022,-0.013,0.059,9|17,weighted_average,kalman(weighted_average),false
1789029520.193,14.412,0.081,1.975,2.023,87.617,0.076,1.970,2.037,88.439,-0.004,-0.005,0.015,0.016,9|17,weighted_average,kalman(weighted_average),false
1789029520.255,14.474,-0.007,1.775,1.940,87.667,0.037,1.842,1.989,87.136,0.044,0.066,0.050,0.094,17,weighted_average,kalman(weighted_average),false
1789029520.357,14.576,0.133,2.031,1.921,85.976,0.112,1.967,1.932,85.483,-0.021,-0.065,0.011,0.069,11|17,weighted_average,kalman(weighted_average),false
1789029520.409,14.628,0.153,2.027,1.906,85.495,0.151,2.022,1.906,85.077,-0.003,-0.004,0.000,0.005,11|17,weighted_average,kalman(weighted_average),false
1789029520.456,14.675,0.120,2.048,1.859,85.812,0.144,2.056,1.868,85.149,0.024,0.007,0.009,0.027,11|17,weighted_average,kalman(weighted_average),false
1789029520.511,14.730,0.136,2.029,1.933,85.549,0.146,2.058,1.896,85.123,0.010,0.028,-0.038,0.048,11|17,weighted_average,kalman(weighted_average),false
1789029520.556,14.775,-0.561,2.059,1.699,93.008,0.146,2.058,1.896,88.998,0.707,-0.001,0.196,0.734,11|17,weighted_average,kalman(weighted_average),true
1789029520.654,14.873,0.160,2.032,1.907,85.292,0.158,2.036,1.906,87.278,-0.002,0.004,-0.002,0.004,11|17,weighted_average,kalman(weighted_average),false
1789029520.700,14.919,0.130,2.047,1.922,85.652,0.141,2.040,1.917,86.259,0.011,-0.006,-0.005,0.014,11|17,weighted_average,kalman(weighted_average),false
1789029520.752,14.971,-0.620,2.049,1.683,93.685,0.141,2.040,1.917,90.062,0.761,-0.009,0.234,0.797,11|17,weighted_average,kalman(weighted_average),true
1789029520.808,15.027,0.084,1.759,1.965,85.609,0.095,1.815,1.955,88.137,0.011,0.056,-0.009,0.057,17,weighted_average,kalman(weighted_average),false
1789029520.853,15.072,0.161,2.039,1.902,85.279,0.130,1.925,1.927,86.663,-0.031,-0.114,0.025,0.121,11|17,weighted_average,kalman(weighted_average),false
1789029520.955,15.174,-0.571,2.068,1.687,93.137,0.130,1.925,1.927,90.712,0.702,-0.143,0.240,0.755,11|17,weighted_average,kalman(weighted_average),true
1789029521.011,15.230,0.131,2.102,1.932,85.854,0.131,2.083,1.932,88.339,-0.000,-0.019,-0.001,0.019,9|11|17,weighted_average,kalman(weighted_average),false
1789029521.056,15.275,0.051,1.769,1.995,86.000,0.131,2.083,1.932,87.054,0.080,0.314,-0.064,0.330,17,weighted_average,kalman(weighted_average),true
1789029521.114,15.333,0.105,2.069,1.904,85.947,0.110,2.072,1.909,86.183,0.005,0.003,0.005,0.008,11|17,weighted_average,kalman(weighted_average),false
1789029521.161,15.379,0.087,2.074,1.907,86.134,0.094,2.072,1.905,85.884,0.006,-0.002,-0.002,0.007,11|17,weighted_average,kalman(weighted_average),false
1789029521.256,15.475,0.128,2.055,1.912,85.636,0.115,2.058,1.908,85.391,-0.013,0.003,-0.005,0.014,11|17,weighted_average,kalman(weighted_average),false
1789029521.314,15.533,0.039,1.793,1.897,86.129,0.065,1.874,1.900,85.681,0.026,0.081,0.003,0.085,17,weighted_average,kalman(weighted_average),false
1789029521.357,15.576,0.100,2.068,1.896,85.928,0.080,1.961,1.897,85.771,-0.020,-0.107,0.001,0.109,11|17,weighted_average,kalman(weighted_average),false
1789029521.409,15.628,0.111,2.098,1.943,85.963,0.097,2.038,1.923,85.853,-0.014,-0.059,-0.020,0.064,9|11|17,weighted_average,kalman(weighted_average),false
1789029521.466,15.685,0.111,2.098,1.943,85.963,0.108,2.087,1.940,85.915,-0.003,-0.011,-0.003,0.012,9|11|17,weighted_average,kalman(weighted_average),false
1789029521.558,15.777,0.143,2.046,1.899,85.373,0.138,2.071,1.914,85.570,-0.005,0.025,0.015,0.030,11|17,weighted_average,kalman(weighted_average),false
1789029521.615,15.833,0.120,2.051,1.917,85.640,0.131,2.058,1.913,85.561,0.011,0.007,-0.004,0.014,11|17,weighted_average,kalman(weighted_average),false
1789029521.669,15.888,0.089,2.101,1.912,86.121,0.106,2.083,1.910,85.844,0.017,-0.018,-0.002,0.025,9|11|17,weighted_average,kalman(weighted_average),false
1789029521.716,15.935,-0.605,2.058,1.649,93.323,0.106,2.083,1.910,89.781,0.711,0.025,0.262,0.758,11|17,weighted_average,kalman(weighted_average),true
1789029521.760,15.979,0.083,2.064,1.924,86.018,0.089,2.069,1.920,88.553,0.006,0.005,-0.003,0.008,11|17,weighted_average,kalman(weighted_average),false
1789029521.856,16.075,0.086,2.058,1.910,85.991,0.084,2.058,1.914,87.231,-0.002,0.000,0.004,0.004,11|17,weighted_average,kalman(weighted_average),false
1789029521.913,16.132,0.078,2.060,1.904,86.120,0.078,2.057,1.907,86.429,0.001,-0.002,0.003,0.004,11|17,weighted_average,kalman(weighted_average),false
1789029521.963,16.182,0.100,2.055,1.899,85.914,0.091,2.055,1.900,85.943,-0.010,-0.000,0.002,0.010,11|17,weighted_average,kalman(weighted_average),false
1789029522.010,16.229,0.098,2.047,1.915,85.960,0.096,2.049,1.907,85.740,-0.002,0.002,-0.008,0.009,11|17,weighted_average,kalman(weighted_average),false
1789029522.059,16.278,-0.498,2.081,1.712,92.526,0.096,2.049,1.907,89.022,0.595,-0.032,0.196,0.627,9|11|17,weighted_average,kalman(weighted_average),true
1789029522.152,16.371,0.125,2.074,1.925,85.896,0.121,2.070,1.922,87.561,-0.004,-0.004,-0.003,0.006,9|11|17,weighted_average,kalman(weighted_average),false
1789029522.207,16.426,0.118,2.051,1.900,85.829,0.122,2.060,1.909,86.453,0.004,0.009,0.009,0.013,11|17,weighted_average,kalman(weighted_average),false
1789029522.255,16.474,0.081,2.058,1.905,86.302,0.099,2.059,1.906,86.145,0.018,0.000,0.001,0.018,11|17,weighted_average,kalman(weighted_average),false
1789029522.302,16.521,0.128,2.070,1.932,86.109,0.113,2.065,1.920,85.922,-0.015,-0.005,-0.012,0.020,9|11|17,weighted_average,kalman(weighted_average),false
1789029522.358,16.577,0.119,2.030,1.918,86.100,0.118,2.044,1.921,85.818,-0.001,0.015,0.003,0.015,11|17,weighted_average,kalman(weighted_average),false
1789029522.456,16.675,0.126,2.065,1.937,86.331,0.126,2.057,1.935,85.997,-0.000,-0.008,-0.003,0.009,9|11|17,weighted_average,kalman(weighted_average),false
1789029522.508,16.727,0.131,2.063,1.921,86.332,0.130,2.063,1.928,86.185,-0.000,-0.001,0.007,0.007,9|11|17,weighted_average,kalman(weighted_average),false
1789029522.558,16.777,0.155,2.054,1.941,86.023,0.147,2.059,1.936,86.121,-0.008,0.005,-0.005,0.011,9|11|17,weighted_average,kalman(weighted_average),false
1789029522.611,16.830,0.146,2.064,1.902,85.980,0.150,2.063,1.916,86.050,0.004,-0.002,0.015,0.015,9|11|17,weighted_average,kalman(weighted_average),false
1789029522.659,16.878,0.173,2.155,1.914,85.562,0.166,2.118,1.912,85.791,-0.007,-0.037,-0.002,0.038,9|11,weighted_average,kalman(weighted_average),false
1789029522.756,16.975,0.150,2.006,1.938,84.380,0.159,2.044,1.930,84.783,0.009,0.038,-0.009,0.040,11|17,weighted_average,kalman(weighted_average),false
1789029522.829,17.048,-0.479,2.048,1.731,90.702,0.159,2.044,1.930,88.468,0.639,-0.004,0.198,0.669,9|11|17,weighted_average,kalman(weighted_average),true
1789029522.884,17.103,0.192,2.095,1.922,83.112,0.187,2.088,1.923,85.807,-0.004,-0.007,0.001,0.008,11,weighted_average,kalman(weighted_average),false
1789029522.926,17.145,0.194,2.077,1.920,82.379,0.194,2.086,1.921,83.943,0.000,0.009,0.000,0.009,11,weighted_average,kalman(weighted_average),false
1789029523.023,17.242,0.185,2.003,1.947,81.467,0.191,2.026,1.940,81.741,0.006,0.024,-0.007,0.025,9|11|17,weighted_average,kalman(weighted_average),false
1789029523.079,17.298,0.189,1.952,1.950,80.527,0.190,1.967,1.949,80.553,0.001,0.015,-0.000,0.015,11|17,weighted_average,kalman(weighted_average),false
1789029523.122,17.341,0.179,1.988,1.965,80.560,0.183,1.966,1.962,80.128,0.004,-0.022,-0.004,0.022,9|11|17,weighted_average,kalman(weighted_average),false
1789029523.187,17.406,0.193,1.935,1.958,79.479,0.188,1.935,1.964,79.269,-0.005,-0.000,0.006,0.008,11|17,weighted_average,kalman(weighted_average),false
1789029523.224,17.443,0.201,1.925,1.951,79.074,0.195,1.922,1.959,78.881,-0.005,-0.004,0.007,0.010,11|17,weighted_average,kalman(weighted_average),false
1789029523.319,17.538,0.218,1.950,1.952,78.105,0.214,1.933,1.955,77.905,-0.004,-0.018,0.002,0.018,9|11|17,weighted_average,kalman(weighted_average),false
1789029523.377,17.596,0.162,1.609,1.942,77.169,0.182,1.711,1.945,77.190,0.020,0.102,0.003,0.104,17,weighted_average,kalman(weighted_average),false
1789029523.423,17.642,0.250,1.898,1.957,76.511,0.220,1.791,1.951,76.576,-0.030,-0.108,-0.006,0.112,11|14|17,weighted_average,kalman(weighted_average),false
1789029523.477,17.696,0.255,1.925,1.955,76.272,0.246,1.864,1.953,76.101,-0.009,-0.061,-0.002,0.062,9|11|14|17,weighted_average,kalman(weighted_average),false
1789029523.525,17.744,0.255,1.886,1.965,75.783,0.258,1.885,1.961,75.684,0.003,-0.001,-0.004,0.005,11|14|17,weighted_average,kalman(weighted_average),false
1789029523.626,17.845,0.289,1.821,1.951,74.149,0.289,1.845,1.955,74.311,-0.000,0.024,0.004,0.024,11|17,weighted_average,kalman(weighted_average),false
1789029523.681,17.900,0.282,1.808,1.987,73.778,0.290,1.815,1.976,73.711,0.008,0.007,-0.011,0.015,11|17,weighted_average,kalman(weighted_average),false
1789029523.723,17.942,0.297,1.795,1.951,73.426,0.297,1.796,1.964,73.322,0.000,0.001,0.013,0.013,11|17,weighted_average,kalman(weighted_average),false
1789029523.784,18.003,0.326,1.775,1.959,72.794,0.319,1.773,1.961,72.727,-0.007,-0.002,0.002,0.007,11|17,weighted_average,kalman(weighted_average),false
1789029523.826,18.045,0.306,1.804,1.952,73.267,0.316,1.784,1.955,72.779,0.010,-0.020,0.003,0.023,11|14|17,weighted_average,kalman(weighted_average),false
1789029523.922,18.141,0.351,1.729,1.944,71.925,0.346,1.739,1.945,71.986,-0.005,0.010,0.001,0.011,11|17,weighted_average,kalman(weighted_average),false
1789029523.983,18.202,0.370,1.707,1.945,71.609,0.368,1.709,1.943,71.570,-0.002,0.002,-0.002,0.003,11|17,weighted_average,kalman(weighted_average),false
1789029524.025,18.244,0.251,1.456,1.935,72.301,0.304,1.551,1.937,71.808,0.053,0.095,0.002,0.109,17,weighted_average,kalman(weighted_average),false
1789029524.085,18.304,0.382,1.685,1.964,71.601,0.346,1.600,1.952,71.598,-0.036,-0.086,-0.012,0.094,11|17,weighted_average,kalman(weighted_average),false
1789029524.125,18.344,0.281,1.422,1.968,72.041,0.312,1.493,1.963,71.746,0.031,0.071,-0.005,0.078,17,weighted_average,kalman(weighted_average),false
1789029524.222,18.441,0.392,1.696,1.969,71.977,0.369,1.619,1.971,71.850,-0.023,-0.077,0.002,0.080,9|11|17,weighted_average,kalman(weighted_average),false
1789029524.279,18.498,0.403,1.657,1.960,72.047,0.401,1.662,1.965,71.975,-0.002,0.004,0.005,0.007,11|14|17,weighted_average,kalman(weighted_average),false
1789029524.323,18.542,0.414,1.616,1.966,71.656,0.418,1.649,1.965,71.827,0.004,0.033,-0.000,0.033,11|17,weighted_average,kalman(weighted_average),false
1789029524.379,18.598,0.435,1.599,1.952,71.531,0.438,1.626,1.957,71.658,0.003,0.027,0.005,0.028,11|17,weighted_average,kalman(weighted_average),false
1789029524.423,18.642,0.453,1.572,1.949,71.428,0.454,1.595,1.951,71.513,0.002,0.023,0.002,0.023,11|17,weighted_average,kalman(weighted_average),false
1789029524.516,18.735,0.452,1.613,1.960,71.888,0.462,1.602,1.956,71.692,0.010,-0.011,-0.005,0.015,9|11|17,weighted_average,kalman(weighted_average),false
1789029524.565,18.784,0.470,1.594,1.979,71.767,0.470,1.597,1.971,71.747,-0.000,0.003,-0.008,0.008,9|11|17,weighted_average,kalman(weighted_average),false
1789029524.619,18.838,0.461,1.595,1.970,72.006,0.467,1.595,1.973,71.909,0.006,-0.000,0.003,0.007,9|11|17,weighted_average,kalman(weighted_average),false
1789029524.677,18.896,0.386,1.278,2.002,71.837,0.416,1.391,1.994,71.910,0.030,0.113,-0.008,0.117,17,weighted_average,kalman(weighted_average),false
1789029524.717,18.936,0.487,1.525,1.965,71.620,0.449,1.436,1.981,71.786,-0.038,-0.089,0.017,0.098,11|17,weighted_average,kalman(weighted_average),false
1789029524.815,19.034,0.505,1.504,1.935,71.555,0.492,1.470,1.947,71.627,-0.013,-0.034,0.012,0.038,11|17,weighted_average,kalman(weighted_average),false
1789029524.876,19.095,0.531,1.536,1.944,71.643,0.526,1.519,1.939,71.609,-0.005,-0.017,-0.005,0.018,9|11|17,weighted_average,kalman(weighted_average),false
1789029524.922,19.141,0.396,1.270,1.911,72.254,0.455,1.375,1.918,71.943,0.059,0.105,0.007,0.121,17,weighted_average,kalman(weighted_average),false
1789029524.977,19.196,0.541,1.470,1.943,71.384,0.501,1.414,1.927,71.686,-0.040,-0.056,-0.016,0.071,11|17,weighted_average,kalman(weighted_average),false
1789029525.025,19.244,0.538,1.515,1.976,71.781,0.527,1.471,1.955,71.719,-0.011,-0.045,-0.021,0.051,9|11|17,weighted_average,kalman(weighted_average),false
1789029525.120,19.339,0.568,1.450,1.934,71.302,0.566,1.464,1.944,71.436,-0.002,0.014,0.009,0.017,11|17,weighted_average,kalman(weighted_average),false
1789029525.174,19.393,0.580,1.497,1.950,71.591,0.583,1.486,1.947,71.482,0.003,-0.011,-0.003,0.011,9|11|17,weighted_average,kalman(weighted_average),false
1789029525.221,19.440,0.589,1.438,1.925,71.186,0.593,1.461,1.933,71.301,0.004,0.022,0.008,0.024,11|17,weighted_average,kalman(weighted_average),false
1789029525.291,19.510,0.582,1.433,1.933,71.345,0.592,1.439,1.931,71.273,0.010,0.006,-0.003,0.012,11|17,weighted_average,kalman(weighted_average),false
1789029525.393,19.612,0.596,1.477,1.925,71.625,0.597,1.465,1.925,71.489,0.002,-0.012,-0.000,0.012,9|11|17,weighted_average,kalman(weighted_average),false
1789029525.443,19.662,0.595,1.422,1.899,71.312,0.597,1.440,1.907,71.407,0.002,0.018,0.008,0.019,11|17,weighted_average,kalman(weighted_average),false
1789029525.503,19.722,0.605,1.410,1.939,71.211,0.603,1.417,1.924,71.297,-0.002,0.008,-0.015,0.017,11|17,weighted_average,kalman(weighted_average),false
1789029525.547,19.766,0.612,1.409,1.918,71.167,0.609,1.408,1.922,71.215,-0.002,-0.001,0.004,0.005,11|17,weighted_average,kalman(weighted_average),false
1789029525.593,19.812,0.611,1.463,1.931,71.567,0.612,1.434,1.927,71.367,0.001,-0.028,-0.004,0.028,9|11|17,weighted_average,kalman(weighted_average),false
1789029525.689,19.908,0.609,1.408,1.913,71.265,0.612,1.417,1.918,71.312,0.003,0.009,0.005,0.010,11|17,weighted_average,kalman(weighted_average),false
1789029525.748,19.967,0.618,1.456,1.932,71.548,0.617,1.441,1.927,71.449,-0.002,-0.015,-0.006,0.016,9|11|17,weighted_average,kalman(weighted_average),false
1789029525.788,20.007,0.655,1.480,1.908,71.144,0.640,1.467,1.916,71.306,-0.015,-0.014,0.008,0.022,11,weighted_average,kalman(weighted_average),false
1789029525.843,20.062,0.620,1.395,1.906,71.220,0.633,1.430,1.909,71.249,0.013,0.034,0.003,0.037,11|17,weighted_average,kalman(weighted_average),false
1789029525.889,20.108,0.460,1.205,1.896,72.416,0.533,1.295,1.900,71.825,0.073,0.091,0.003,0.117,17,weighted_average,kalman(weighted_average),false
1789029525.983,20.202,0.610,1.399,1.905,71.349,0.571,1.344,1.901,71.630,-0.039,-0.055,-0.005,0.068,11|17,weighted_average,kalman(weighted_average),false
1789029526.043,20.262,0.611,1.397,1.907,71.280,0.602,1.384,1.904,71.414,-0.009,-0.013,-0.002,0.016,11|17,weighted_average,kalman(weighted_average),false
1789029526.085,20.304,0.598,1.403,1.919,71.446,0.606,1.403,1.914,71.399,0.008,-0.001,-0.006,0.009,11|17,weighted_average,kalman(weighted_average),false
1789029526.138,20.357,0.646,1.471,1.902,71.101,0.635,1.453,1.909,71.211,-0.011,-0.018,0.007,0.022,11,weighted_average,kalman(weighted_average),false
1789029526.186,20.405,0.619,1.386,1.914,71.076,0.633,1.427,1.912,71.093,0.015,0.041,-0.002,0.044,11|17,weighted_average,kalman(weighted_average),false
1789029526.286,20.505,0.599,1.398,1.926,71.303,0.612,1.409,1.924,71.163,0.013,0.010,-0.002,0.016,11|17,weighted_average,kalman(weighted_average),false
1789029526.341,20.560,0.606,1.395,1.917,71.200,0.605,1.397,1.921,71.181,-0.001,0.002,0.004,0.005,11|17,weighted_average,kalman(weighted_average),false
1789029526.389,20.608,0.611,1.387,1.914,71.092,0.606,1.388,1.917,71.133,-0.005,0.001,0.003,0.006,11|17,weighted_average,kalman(weighted_average),false
1789029526.436,20.655,0.594,1.399,1.921,71.334,0.598,1.391,1.919,71.230,0.004,-0.008,-0.002,0.009,11|17,weighted_average,kalman(weighted_average),false
1789029526.492,20.711,0.600,1.399,1.908,71.272,0.597,1.394,1.913,71.264,-0.003,-0.005,0.004,0.007,11|17,weighted_average,kalman(weighted_average),false
1789029526.591,20.811,0.604,1.395,1.930,71.177,0.601,1.395,1.925,71.221,-0.003,-0.000,-0.005,0.006,11|17,weighted_average,kalman(weighted_average),false
1789029526.641,20.860,0.591,1.397,1.918,71.329,0.595,1.396,1.923,71.281,0.004,-0.001,0.004,0.006,11|17,weighted_average,kalman(weighted_average),false
1789029526.689,20.908,0.595,1.397,1.924,71.277,0.595,1.397,1.924,71.286,-0.001,-0.000,0.000,0.001,11|17,weighted_average,kalman(weighted_average),false
1789029526.746,20.965,0.592,1.395,1.928,71.317,0.593,1.396,1.927,71.310,0.000,0.001,-0.001,0.001,11|17,weighted_average,kalman(weighted_average),false
1789029526.792,21.011,0.602,1.449,1.949,71.530,0.598,1.427,1.941,71.430,-0.004,-0.022,-0.008,0.024,9|11|17,weighted_average,kalman(weighted_average),false
1789029526.893,21.112,0.593,1.397,1.921,71.296,0.594,1.410,1.929,71.373,0.002,0.013,0.008,0.015,11|17,weighted_average,kalman(weighted_average),false
1789029526.941,21.160,0.594,1.451,1.948,71.633,0.593,1.434,1.940,71.522,-0.000,-0.016,-0.008,0.018,9|11|17,weighted_average,kalman(weighted_average),false
1789029526.990,21.209,0.583,1.402,1.896,71.396,0.587,1.418,1.914,71.476,0.004,0.015,0.018,0.024,11|17,weighted_average,kalman(weighted_average),false
1789029527.046,21.265,0.591,1.392,1.916,71.261,0.588,1.400,1.911,71.368,-0.003,0.008,-0.005,0.010,11|17,weighted_average,kalman(weighted_average),false
1789029527.091,21.310,0.586,1.390,1.937,71.299,0.586,1.391,1.923,71.320,0.000,0.001,-0.013,0.013,11|17,weighted_average,kalman(weighted_average),false
1789029527.192,21.411,0.591,1.394,1.923,71.213,0.589,1.388,1.924,71.224,-0.002,-0.005,0.001,0.005,11|17,weighted_average,kalman(weighted_average),false
1789029527.254,21.473,0.429,1.193,1.925,72.401,0.477,1.250,1.925,71.938,0.048,0.057,-0.000,0.075,17,weighted_average,kalman(weighted_average),false
1789029527.294,21.513,0.579,1.396,1.913,71.371,0.522,1.317,1.918,71.725,-0.058,-0.080,0.005,0.098,11|17,weighted_average,kalman(weighted_average),false
1789029527.343,21.562,0.586,1.393,1.914,71.263,0.555,1.358,1.915,71.528,-0.031,-0.035,0.000,0.047,11|17,weighted_average,kalman(weighted_average),false
1789029527.394,21.613,0.591,1.437,1.944,71.535,0.580,1.410,1.931,71.524,-0.011,-0.027,-0.013,0.032,9|11|17,weighted_average,kalman(weighted_average),false
1789029527.498,21.717,0.594,1.432,1.942,71.508,0.598,1.441,1.942,71.506,0.004,0.009,0.000,0.009,9|11|17,weighted_average,kalman(weighted_average),false
1789029527.546,21.765,0.588,1.447,1.932,71.621,0.595,1.450,1.938,71.569,0.006,0.003,0.005,0.009,9|11|17,weighted_average,kalman(weighted_average),false
1789029527.602,21.821,0.602,1.429,1.932,71.415,0.601,1.442,1.934,71.489,-0.001,0.013,0.002,0.013,9|11|17,weighted_average,kalman(weighted_average),false
1789029527.649,21.868,0.590,1.444,1.918,71.641,0.596,1.445,1.924,71.561,0.006,0.001,0.006,0.009,9|11|17,weighted_average,kalman(weighted_average),false
1789029527.705,21.924,0.595,1.440,1.925,71.584,0.596,1.443,1.922,71.580,0.001,0.003,-0.003,0.004,9|11|17,weighted_average,kalman(weighted_average),false
1789029527.805,22.024,0.599,1.374,1.921,71.201,0.598,1.389,1.920,71.330,-0.000,0.016,-0.001,0.016,11|17,weighted_average,kalman(weighted_average),false
1789029527.855,22.075,0.592,1.378,1.923,71.306,0.595,1.374,1.922,71.282,0.002,-0.004,-0.002,0.005,11|17,weighted_average,kalman(weighted_average),false
1789029527.911,22.130,0.594,1.380,1.903,71.296,0.594,1.370,1.910,71.256,-0.000,-0.010,0.007,0.012,11|17,weighted_average,kalman(weighted_average),false
1789029527.957,22.177,0.600,1.379,1.904,71.239,0.597,1.371,1.904,71.224,-0.003,-0.008,0.000,0.008,11|17,weighted_average,kalman(weighted_average),false
1789029528.012,22.231,0.588,1.434,1.923,71.737,0.592,1.407,1.913,71.473,0.004,-0.027,-0.010,0.029,9|11|17,weighted_average,kalman(weighted_average),false
1789029528.112,22.331,0.596,1.376,1.904,71.324,0.594,1.388,1.907,71.408,-0.002,0.012,0.003,0.012,11|17,weighted_average,kalman(weighted_average),false
1789029528.157,22.376,0.597,1.376,1.890,71.294,0.596,1.379,1.895,71.342,-0.001,0.002,0.005,0.006,11|17,weighted_average,kalman(weighted_average),false
1789029528.212,22.431,0.470,1.166,1.888,72.059,0.517,1.240,1.888,71.728,0.047,0.075,-0.000,0.088,17,weighted_average,kalman(weighted_average),false
1789029528.267,22.486,0.602,1.425,1.925,71.570,0.556,1.329,1.909,71.701,-0.046,-0.095,-0.016,0.107,9|11|17,weighted_average,kalman(weighted_average),false
1789029528.316,22.535,0.599,1.424,1.935,71.619,0.582,1.388,1.927,71.689,-0.018,-0.036,-0.008,0.041,9|11|17,weighted_average,kalman(weighted_average),false
1789029528.417,22.637,0.592,1.370,1.910,71.299,0.594,1.386,1.919,71.446,0.002,0.017,0.008,0.019,11|17,weighted_average,kalman(weighted_average),false
1789029528.469,22.688,0.593,1.373,1.910,71.323,0.596,1.378,1.912,71.343,0.003,0.005,0.002,0.007,11|17,weighted_average,kalman(weighted_average),false
1789029528.519,22.738,0.589,1.370,1.922,71.373,0.593,1.372,1.917,71.321,0.004,0.002,-0.005,0.007,11|17,weighted_average,kalman(weighted_average),false
1789029528.572,22.791,0.591,1.370,1.919,71.316,0.592,1.370,1.918,71.288,0.001,-0.001,-0.001,0.002,11|17,weighted_average,kalman(weighted_average),false
1789029528.620,22.839,0.598,1.367,1.909,71.207,0.596,1.367,1.913,71.223,-0.002,-0.000,0.004,0.005,11|17,weighted_average,kalman(weighted_average),false
1789029528.720,22.939,0.589,1.370,1.911,71.363,0.591,1.368,1.910,71.281,0.002,-0.002,-0.000,0.003,11|17,weighted_average,kalman(weighted_average),false
1789029528.775,22.994,0.588,1.417,1.927,71.656,0.588,1.402,1.921,71.508,0.000,-0.016,-0.006,0.017,9|11|17,weighted_average,kalman(weighted_average),false
1789029528.821,23.040,0.600,1.419,1.937,71.555,0.594,1.418,1.932,71.568,-0.005,-0.001,-0.005,0.007,9|11|17,weighted_average,kalman(weighted_average),false
1789029528.876,23.095,0.598,1.368,1.907,71.249,0.597,1.393,1.920,71.434,-0.001,0.026,0.013,0.029,11|17,weighted_average,kalman(weighted_average),false
1789029528.923,23.142,0.595,1.418,1.938,71.608,0.596,1.407,1.930,71.523,0.002,-0.011,-0.008,0.014,9|11|17,weighted_average,kalman(weighted_average),false
1789029529.017,23.236,0.583,1.374,1.909,71.460,0.587,1.384,1.915,71.502,0.004,0.010,0.007,0.013,11|17,weighted_average,kalman(weighted_average),false
1789029529.068,23.287,0.637,1.442,1.907,71.105,0.618,1.419,1.908,71.274,-0.019,-0.023,0.001,0.030,11,weighted_average,kalman(weighted_average),false
1789029529.118,23.337,0.600,1.420,1.958,71.599,0.612,1.423,1.937,71.414,0.011,0.004,-0.022,0.025,9|11|17,weighted_average,kalman(weighted_average),false
1789029529.171,23.391,0.606,1.410,1.938,71.504,0.609,1.418,1.941,71.462,0.004,0.008,0.003,0.010,9|11|17,weighted_average,kalman(weighted_average),false
1789029529.218,23.437,0.616,1.417,1.940,71.417,0.614,1.418,1.943,71.446,-0.002,0.001,0.003,0.004,9|11|17,weighted_average,kalman(weighted_average),false
1789029529.312,23.531,0.598,1.365,1.902,71.326,0.603,1.379,1.914,71.370,0.005,0.014,0.013,0.019,11|17,weighted_average,kalman(weighted_average),false
1789029529.367,23.586,0.598,1.366,1.918,71.332,0.598,1.365,1.913,71.337,0.000,-0.002,-0.006,0.006,11|17,weighted_average,kalman(weighted_average),false
1789029529.416,23.635,0.602,1.423,1.930,71.642,0.599,1.395,1.921,71.490,-0.003,-0.028,-0.009,0.029,9|11|17,weighted_average,kalman(weighted_average),false
1789029529.470,23.689,0.463,1.147,1.936,72.107,0.514,1.244,1.930,71.841,0.051,0.096,-0.006,0.109,17,weighted_average,kalman(weighted_average),false
1789029529.517,23.736,0.593,1.367,1.915,71.391,0.546,1.292,1.923,71.677,-0.047,-0.075,0.008,0.089,11|17,weighted_average,kalman(weighted_average),false
1789029529.614,23.834,0.593,1.365,1.931,71.373,0.578,1.340,1.928,71.500,-0.015,-0.025,-0.002,0.029,11|17,weighted_average,kalman(weighted_average),false
1789029529.664,23.883,0.583,1.370,1.942,71.481,0.586,1.366,1.938,71.469,0.002,-0.004,-0.004,0.006,11|17,weighted_average,kalman(weighted_average),false
1789029529.719,23.938,0.590,1.367,1.913,71.396,0.593,1.375,1.924,71.407,0.003,0.008,0.011,0.014,11|17,weighted_average,kalman(weighted_average),false
1789029529.769,23.989,0.589,1.366,1.933,71.408,0.594,1.376,1.928,71.385,0.005,0.010,-0.005,0.012,11|17,weighted_average,kalman(weighted_average),false
1789029529.816,24.035,0.584,1.361,1.933,71.430,0.590,1.371,1.931,71.390,0.006,0.010,-0.002,0.012,11|17,weighted_average,kalman(weighted_average),false
1789029529.914,24.133,0.590,1.361,1.940,71.362,0.591,1.365,1.939,71.355,0.001,0.004,-0.002,0.004,11|17,weighted_average,kalman(weighted_average),false
1789029529.966,24.185,0.594,1.360,1.925,71.326,0.593,1.360,1.931,71.330,-0.001,0.001,0.006,0.006,11|17,weighted_average,kalman(weighted_average),false
1789029530.018,24.238,0.593,1.362,1.936,71.360,0.593,1.360,1.933,71.337,0.001,-0.002,-0.002,0.003,11|17,weighted_average,kalman(weighted_average),false
1789029530.071,24.290,0.588,1.362,1.933,71.431,0.591,1.361,1.933,71.382,0.002,-0.002,0.000,0.003,11|17,weighted_average,kalman(weighted_average),false
1789029530.118,24.338,0.590,1.360,1.934,71.388,0.590,1.360,1.934,71.389,-0.000,-0.000,-0.000,0.000,11|17,weighted_average,kalman(weighted_average),false
1789029530.216,24.435,0.597,1.412,1.950,71.639,0.595,1.399,1.946,71.561,-0.002,-0.012,-0.004,0.013,9|11|17,weighted_average,kalman(weighted_average),false
1789029530.269,24.488,0.594,1.412,1.950,71.670,0.595,1.414,1.951,71.653,0.001,0.002,0.001,0.002,9|11|17,weighted_average,kalman(weighted_average),false
1789029530.316,24.535,0.600,1.407,1.949,71.572,0.599,1.415,1.951,71.641,-0.002,0.008,0.002,0.009,9|11|17,weighted_average,kalman(weighted_average),false
1789029530.373,24.592,0.601,1.412,1.948,71.590,0.601,1.417,1.950,71.636,0.000,0.005,0.003,0.006,9|11|17,weighted_average,kalman(weighted_average),false
1789029530.416,24.635,0.586,1.360,1.938,71.452,0.593,1.387,1.944,71.554,0.007,0.026,0.006,0.028,11|17,weighted_average,kalman(weighted_average),false
1789029530.514,24.734,0.590,1.359,1.917,71.386,0.590,1.361,1.922,71.434,-0.000,0.002,0.005,0.006,11|17,weighted_average,kalman(weighted_average),false
1789029530.566,24.785,0.589,1.412,1.942,71.727,0.589,1.390,1.932,71.586,-0.000,-0.022,-0.010,0.024,9|11|17,weighted_average,kalman(weighted_average),false
1789029530.620,24.839,0.587,1.366,1.913,71.448,0.587,1.377,1.920,71.520,-0.000,0.011,0.006,0.013,11|17,weighted_average,kalman(weighted_average),false
1789029530.669,24.888,0.588,1.363,1.913,71.420,0.587,1.367,1.914,71.464,-0.001,0.005,0.000,0.005,11|17,weighted_average,kalman(weighted_average),false
1789029530.715,24.934,0.583,1.411,1.937,71.776,0.584,1.391,1.925,71.610,0.001,-0.021,-0.012,0.024,9|11|17,weighted_average,kalman(weighted_average),false
1789029530.812,25.032,0.595,1.412,1.936,71.633,0.592,1.410,1.934,71.648,-0.003,-0.002,-0.002,0.004,9|11|17,weighted_average,kalman(weighted_average),false
1789029530.864,25.083,0.635,1.431,1.914,71.076,0.621,1.427,1.923,71.325,-0.014,-0.004,0.008,0.016,11,weighted_average,kalman(weighted_average),false
1789029530.913,25.132,0.577,1.361,1.922,71.513,0.600,1.391,1.921,71.383,0.022,0.030,-0.001,0.037,11|17,weighted_average,kalman(weighted_average),false
1789029530.969,25.188,0.589,1.408,1.940,71.671,0.593,1.398,1.932,71.517,0.003,-0.010,-0.008,0.013,9|11|17,weighted_average,kalman(weighted_average),false
1789029531.014,25.233,0.593,1.405,1.937,71.614,0.591,1.401,1.937,71.576,-0.001,-0.003,-0.001,0.004,9|11|17,weighted_average,kalman(weighted_average),false
1789029531.111,25.330,0.592,1.353,1.926,71.292,0.591,1.365,1.931,71.409,-0.001,0.012,0.004,0.013,11|17,weighted_average,kalman(weighted_average),false
1789029531.159,25.378,0.579,1.365,1.904,71.538,0.583,1.360,1.913,71.463,0.004,-0.005,0.009,0.011,11|17,weighted_average,kalman(weighted_average),false
1789029531.215,25.435,0.613,1.444,1.903,71.327,0.601,1.409,1.903,71.380,-0.012,-0.035,-0.000,0.037,11,weighted_average,kalman(weighted_average),false
1789029531.263,25.482,0.583,1.361,1.918,71.052,0.593,1.386,1.908,71.191,0.009,0.025,-0.009,0.029,11|17,weighted_average,kalman(weighted_average),false
1789029531.312,25.531,0.590,1.409,1.929,70.568,0.591,1.399,1.920,70.829,0.001,-0.010,-0.010,0.014,9|11|17,weighted_average,kalman(weighted_average),false
1789029531.410,25.629,0.580,1.407,1.947,69.174,0.582,1.407,1.942,69.602,0.002,0.001,-0.005,0.005,9|11|17,weighted_average,kalman(weighted_average),false
1789029531.468,25.687,0.580,1.407,1.947,69.174,0.579,1.408,1.949,69.118,-0.001,0.002,0.002,0.003,9|11|17,weighted_average,kalman(weighted_average),false
1789029531.514,25.733,0.499,1.121,1.934,68.488,0.529,1.234,1.943,68.584,0.030,0.113,0.009,0.117,17,weighted_average,kalman(weighted_average),false
1789029531.568,25.788,0.579,1.406,1.937,68.030,0.550,1.309,1.940,68.035,-0.029,-0.097,0.003,0.102,9|11|17,weighted_average,kalman(weighted_average),false
1789029531.617,25.836,0.604,1.450,1.910,67.066,0.581,1.390,1.922,67.300,-0.024,-0.060,0.012,0.065,11,weighted_average,kalman(weighted_average),false
1789029531.715,25.934,0.572,1.372,1.909,65.960,0.579,1.391,1.908,66.020,0.007,0.018,-0.001,0.020,11|17,weighted_average,kalman(weighted_average),false
1789029531.764,25.983,0.580,1.408,1.938,65.302,0.580,1.403,1.925,65.346,0.000,-0.004,-0.013,0.013,9|11|17,weighted_average,kalman(weighted_average),false
1789029531.819,26.038,0.580,1.360,1.929,64.661,0.580,1.379,1.929,64.646,0.000,0.019,-0.000,0.019,11|17,weighted_average,kalman(weighted_average),false
1789029531.865,26.084,0.581,1.365,1.930,63.852,0.581,1.368,1.931,63.949,-0.000,0.004,0.001,0.004,11|17,weighted_average,kalman(weighted_average),false
1789029531.918,26.137,0.602,1.448,1.906,63.567,0.594,1.413,1.918,63.405,-0.008,-0.035,0.011,0.038,11,weighted_average,kalman(weighted_average),false
1789029532.018,26.237,0.569,1.364,1.927,62.862,0.577,1.382,1.923,62.639,0.008,0.017,-0.004,0.020,11|17,weighted_average,kalman(weighted_average),false
1789029532.066,26.285,0.559,1.431,1.934,62.443,0.563,1.410,1.931,62.339,0.004,-0.021,-0.003,0.022,9|11|14|17,weighted_average,kalman(weighted_average),false
1789029532.116,26.335,0.564,1.369,1.929,61.499,0.560,1.387,1.931,61.698,-0.004,0.018,0.003,0.019,11|17,weighted_average,kalman(weighted_average),false
1789029532.174,26.393,0.572,1.364,1.912,60.697,0.565,1.369,1.921,60.893,-0.007,0.006,0.008,0.012,11|17,weighted_average,kalman(weighted_average),false
1789029532.219,26.439,0.603,1.447,1.907,60.370,0.587,1.411,1.911,60.369,-0.016,-0.036,0.004,0.040,11,weighted_average,kalman(weighted_average),false
1789029532.318,26.537,0.579,1.361,1.921,59.258,0.585,1.377,1.916,59.251,0.006,0.017,-0.005,0.019,11|17,weighted_average,kalman(weighted_average),false
1789029532.363,26.582,0.572,1.405,1.918,59.066,0.577,1.391,1.918,58.924,0.005,-0.014,-0.000,0.015,11|14|17,weighted_average,kalman(weighted_average),false
1789029532.413,26.632,0.574,1.365,1.923,57.819,0.574,1.375,1.922,58.099,-0.000,0.009,-0.001,0.009,11|17,weighted_average,kalman(weighted_average),false
1789029532.467,26.686,0.612,1.451,1.912,57.384,0.596,1.419,1.917,57.402,-0.016,-0.033,0.005,0.037,11,weighted_average,kalman(weighted_average),false
1789029532.515,26.734,0.579,1.369,1.931,57.062,0.589,1.395,1.925,56.936,0.010,0.026,-0.006,0.029,11|17,weighted_average,kalman(weighted_average),false
1789029532.612,26.831,0.574,1.365,1.936,56.099,0.579,1.372,1.935,56.005,0.004,0.006,-0.001,0.008,11|17,weighted_average,kalman(weighted_average),false
1789029532.659,26.878,0.574,1.433,1.929,56.073,0.574,1.408,1.933,55.836,0.000,-0.026,0.004,0.026,9|11|14|17,weighted_average,kalman(weighted_average),false
1789029532.717,26.936,0.573,1.434,1.927,55.765,0.571,1.429,1.930,55.594,-0.002,-0.005,0.003,0.006,9|11|14|17,weighted_average,kalman(weighted_average),false
1789029532.759,26.978,0.572,1.434,1.932,55.126,0.570,1.437,1.931,55.221,-0.001,0.003,-0.001,0.003,9|11|14|17,weighted_average,kalman(weighted_average),false
1789029532.819,27.038,0.581,1.419,1.940,54.474,0.576,1.431,1.937,54.619,-0.005,0.012,-0.003,0.013,9|11|17,weighted_average,kalman(weighted_average),false
1789029532.915,27.134,0.562,1.513,1.911,54.887,0.566,1.496,1.918,54.540,0.004,-0.017,0.007,0.019,8|11,weighted_average,kalman(weighted_average),false
1789029532.970,27.189,0.566,1.504,1.915,54.045,0.565,1.511,1.914,54.168,-0.002,0.008,-0.002,0.008,8|11,weighted_average,kalman(weighted_average),false
1789029533.030,27.250,0.540,1.549,1.912,54.984,0.548,1.545,1.910,54.530,0.007,-0.004,-0.002,0.008,8,weighted_average,kalman(weighted_average),false
1789029533.071,27.290,0.561,1.512,1.910,53.160,0.553,1.534,1.909,53.828,-0.009,0.022,-0.002,0.024,8|11,weighted_average,kalman(weighted_average),false
1789029533.116,27.335,0.506,1.451,1.956,53.541,0.525,1.492,1.934,53.572,0.019,0.041,-0.022,0.050,8|17,weighted_average,kalman(weighted_average),false
1789029533.211,27.431,0.565,1.521,1.900,51.780,0.548,1.508,1.913,52.224,-0.016,-0.013,0.013,0.024,8|11,weighted_average,kalman(weighted_average),false
1789029533.260,27.480,0.559,1.521,1.919,51.138,0.558,1.519,1.914,51.367,-0.001,-0.003,-0.005,0.006,8|11,weighted_average,kalman(weighted_average),false
1789029533.314,27.533,0.549,1.465,1.922,50.475,0.556,1.488,1.918,50.552,0.007,0.023,-0.004,0.024,8|11|17,weighted_average,kalman(weighted_average),false
1789029533.367,27.586,0.562,1.518,1.920,50.335,0.561,1.503,1.919,50.093,-0.001,-0.015,-0.001,0.015,8|11,weighted_average,kalman(weighted_average),false
1789029533.412,27.631,0.566,1.515,1.928,49.281,0.565,1.510,1.924,49.412,-0.001,-0.005,-0.004,0.006,8|11,weighted_average,kalman(weighted_average),false
1789029533.507,27.727,0.560,1.518,1.913,48.921,0.563,1.518,1.917,48.663,0.003,0.000,0.004,0.005,8|11,weighted_average,kalman(weighted_average),false
1789029533.557,27.776,0.566,1.513,1.921,48.439,0.565,1.516,1.919,48.333,-0.001,0.003,-0.002,0.004,8|11,weighted_average,kalman(weighted_average),false
1789029533.618,27.838,0.567,1.513,1.925,48.281,0.566,1.515,1.923,48.083,-0.000,0.002,-0.002,0.003,8|11,weighted_average,kalman(weighted_average),false
1789029533.660,27.879,0.571,1.512,1.920,47.972,0.569,1.513,1.922,47.891,-0.002,0.001,0.001,0.003,8|11,weighted_average,kalman(weighted_average),false
1789029533.717,27.936,0.553,1.458,1.925,47.722,0.560,1.479,1.924,47.643,0.007,0.021,-0.001,0.022,8|11|17,weighted_average,kalman(weighted_average),false
1789029533.813,28.033,0.551,1.460,1.935,47.619,0.552,1.458,1.933,47.458,0.001,-0.003,-0.002,0.003,8|11|17,weighted_average,kalman(weighted_average),false
1789029533.871,28.090,0.553,1.458,1.937,47.573,0.551,1.454,1.938,47.458,-0.002,-0.004,0.000,0.005,8|11|17,weighted_average,kalman(weighted_average),false
1789029533.913,28.133,0.535,1.559,1.952,49.144,0.541,1.514,1.948,48.310,0.006,-0.045,-0.004,0.046,8,weighted_average,kalman(weighted_average),false
1789029533.964,28.184,0.559,1.463,1.923,47.517,0.549,1.492,1.936,48.012,-0.010,0.029,0.012,0.033,8|11|17,weighted_average,kalman(weighted_average),false
1789029534.017,28.236,0.561,1.461,1.931,47.507,0.557,1.474,1.932,47.771,-0.005,0.014,0.001,0.015,8|11|17,weighted_average,kalman(weighted_average),false
1789029534.118,28.337,0.588,1.513,1.926,47.591,0.583,1.502,1.926,47.613,-0.005,-0.012,0.001,0.013,8|11,weighted_average,kalman(weighted_average),false
1789029534.170,28.389,0.599,1.535,1.940,47.593,0.598,1.528,1.934,47.571,-0.002,-0.007,-0.006,0.009,8|9|11,weighted_average,kalman(weighted_average),false
1789029534.218,28.437,0.575,1.456,1.946,47.504,0.589,1.490,1.942,47.508,0.013,0.034,-0.004,0.037,8|11|17,weighted_average,kalman(weighted_average),false
1789029534.271,28.490,0.587,1.460,1.941,47.483,0.589,1.469,1.944,47.465,0.002,0.009,0.002,0.009,8|11|17,weighted_average,kalman(weighted_average),false
1789029534.318,28.537,0.581,1.552,1.961,48.849,0.585,1.512,1.955,48.147,0.004,-0.040,-0.006,0.040,8,weighted_average,kalman(weighted_average),false
1789029534.416,28.636,0.613,1.459,1.926,47.466,0.607,1.477,1.936,47.822,-0.007,0.018,0.010,0.021,8|11|17,weighted_average,kalman(weighted_average),false
1789029534.476,28.696,0.613,1.459,1.926,47.466,0.615,1.460,1.926,47.580,0.001,0.000,0.000,0.001,8|11|17,weighted_average,kalman(weighted_average),false
1789029534.520,28.739,0.624,1.456,1.946,47.492,0.623,1.453,1.935,47.486,-0.001,-0.004,-0.010,0.011,8|11|17,weighted_average,kalman(weighted_average),false
1789029534.581,28.800,0.638,1.458,1.938,47.506,0.636,1.451,1.937,47.437,-0.002,-0.007,-0.001,0.007,8|11|17,weighted_average,kalman(weighted_average),false
1789029534.620,28.839,0.645,1.470,1.936,47.646,0.645,1.460,1.937,47.508,-0.001,-0.011,0.000,0.011,8|11|14|17,weighted_average,kalman(weighted_average),false
1789029534.716,28.935,0.665,1.457,1.941,47.517,0.665,1.458,1.940,47.492,-0.000,0.001,-0.001,0.001,8|11|17,weighted_average,kalman(weighted_average),false
1789029534.768,28.987,0.688,1.450,1.949,47.392,0.684,1.452,1.946,47.426,-0.004,0.002,-0.003,0.005,8|11|17,weighted_average,kalman(weighted_average),false
1789029534.820,29.039,0.716,1.504,1.945,47.537,0.709,1.484,1.947,47.472,-0.007,-0.021,0.002,0.022,8|11,weighted_average,kalman(weighted_average),false
1789029534.872,29.091,0.711,1.452,1.943,47.456,0.718,1.469,1.946,47.461,0.007,0.017,0.002,0.019,8|11|17,weighted_average,kalman(weighted_average),false
1789029534.918,29.137,0.721,1.474,1.956,47.482,0.725,1.472,1.952,47.468,0.004,-0.002,-0.004,0.006,8|9|11|17,weighted_average,kalman(weighted_average),false
1789029535.013,29.232,0.768,1.500,1.936,47.531,0.762,1.494,1.941,47.508,-0.005,-0.006,0.005,0.010,8|11,weighted_average,kalman(weighted_average),false
1789029535.061,29.280,0.742,1.552,1.964,49.058,0.756,1.534,1.955,48.394,0.014,-0.017,-0.009,0.024,8,weighted_average,kalman(weighted_average),false
1789029535.115,29.335,0.754,1.546,1.964,48.966,0.758,1.552,1.962,48.870,0.004,0.005,-0.002,0.007,8,weighted_average,kalman(weighted_average),false
1789029535.169,29.388,0.783,1.447,1.932,47.489,0.775,1.495,1.945,48.299,-0.008,0.048,0.014,0.050,8|11|17,weighted_average,kalman(weighted_average),false
1789029535.219,29.439,0.788,1.448,1.940,47.585,0.787,1.461,1.940,47.938,-0.001,0.013,0.000,0.013,8|11|17,weighted_average,kalman(weighted_average),false
1789029535.314,29.534,0.816,1.535,1.956,48.761,0.814,1.507,1.950,48.418,-0.002,-0.028,-0.006,0.029,8,weighted_average,kalman(weighted_average),false
1789029535.360,29.580,0.864,1.492,1.920,47.552,0.851,1.503,1.932,47.983,-0.014,0.010,0.012,0.021,8|11,weighted_average,kalman(weighted_average),false
1789029535.415,29.635,0.850,1.537,1.935,48.875,0.860,1.527,1.932,48.445,0.010,-0.009,-0.004,0.014,8,weighted_average,kalman(weighted_average),false
1789029535.466,29.686,0.875,1.432,1.918,47.309,0.876,1.475,1.922,47.896,0.001,0.043,0.004,0.043,8|11|17,weighted_average,kalman(weighted_average),false
1789029535.518,29.738,0.918,1.480,1.923,47.317,0.908,1.472,1.921,47.535,-0.010,-0.008,-0.003,0.013,8|11,weighted_average,kalman(weighted_average),false
1789029535.614,29.834,0.894,1.520,1.954,48.784,0.907,1.505,1.944,48.245,0.014,-0.016,-0.010,0.023,8,weighted_average,kalman(weighted_average),false
1789029535.665,29.885,0.870,1.405,1.965,48.275,0.884,1.444,1.962,48.340,0.014,0.038,-0.004,0.041,8|17,weighted_average,kalman(weighted_average),false
1789029535.718,29.937,0.930,1.511,1.940,48.655,0.910,1.478,1.953,48.584,-0.020,-0.033,0.013,0.041,8,weighted_average,kalman(weighted_average),false
1789029535.763,29.982,0.936,1.513,1.943,48.858,0.928,1.501,1.948,48.805,-0.008,-0.013,0.005,0.016,8,weighted_average,kalman(weighted_average),false
1789029535.817,30.037,0.985,1.463,1.911,47.496,0.967,1.483,1.925,48.219,-0.017,0.020,0.014,0.030,8|11,weighted_average,kalman(weighted_average),false
1789029535.912,30.132,0.977,1.390,1.929,47.345,0.985,1.412,1.924,47.587,0.008,0.022,-0.005,0.024,8|11|17,weighted_average,kalman(weighted_average),false
1789029535.959,30.178,0.982,1.493,1.941,48.847,0.987,1.453,1.934,48.199,0.005,-0.040,-0.007,0.041,8,weighted_average,kalman(weighted_average),false
1789029536.018,30.238,0.952,1.377,1.941,48.280,0.968,1.404,1.940,48.272,0.016,0.027,-0.001,0.031,8|17,weighted_average,kalman(weighted_average),false
1789029536.062,30.281,1.012,1.478,1.918,48.683,0.992,1.440,1.929,48.507,-0.020,-0.038,0.011,0.045,8,weighted_average,kalman(weighted_average),false
1789029536.118,30.338,1.011,1.485,1.933,48.927,1.007,1.469,1.930,48.796,-0.004,-0.016,-0.003,0.017,8,weighted_average,kalman(weighted_average),false
1789029536.217,30.436,1.051,1.352,1.926,47.195,1.046,1.384,1.927,47.817,-0.005,0.032,0.001,0.033,8|11|17,weighted_average,kalman(weighted_average),false
1789029536.263,30.482,1.057,1.348,1.923,47.336,1.059,1.350,1.924,47.431,0.002,0.002,0.001,0.003,8|11|17,weighted_average,kalman(weighted_average),false
1789029536.317,30.536,1.087,1.407,1.925,47.580,1.083,1.372,1.924,47.354,-0.004,-0.035,-0.001,0.035,8|11,weighted_average,kalman(weighted_average),false
1789029536.363,30.582,1.156,1.391,1.917,46.302,1.133,1.380,1.919,46.706,-0.022,-0.011,0.002,0.025,9|11,weighted_average,kalman(weighted_average),false
1789029536.414,30.634,1.109,1.246,1.890,46.130,1.133,1.299,1.901,46.218,0.024,0.053,0.011,0.060,11|17,weighted_average,kalman(weighted_average),false
1789029536.509,30.728,1.133,1.289,1.926,46.389,1.141,1.275,1.915,46.063,0.008,-0.014,-0.011,0.019,9|11|17,weighted_average,kalman(weighted_average),false
1789029536.564,30.784,1.124,1.226,1.910,46.148,1.132,1.236,1.913,46.026,0.008,0.010,0.003,0.013,11|17,weighted_average,kalman(weighted_average),false
1789029536.614,30.834,1.181,1.357,1.919,46.593,1.162,1.301,1.918,46.278,-0.018,-0.055,-0.002,0.058,9|11,weighted_average,kalman(weighted_average),false
1789029536.668,30.887,1.148,1.277,1.920,46.561,1.159,1.292,1.920,46.432,0.011,0.015,0.000,0.019,9|11|17,weighted_average,kalman(weighted_average),false
1789029536.737,30.956,1.174,1.345,1.919,47.401,1.171,1.329,1.920,47.033,-0.002,-0.016,0.002,0.016,8|11,weighted_average,kalman(weighted_average),false
1789029536.847,31.066,1.196,1.329,1.927,47.636,1.194,1.336,1.926,47.615,-0.001,0.007,-0.001,0.007,8|11,weighted_average,kalman(weighted_average),false
1789029536.894,31.114,1.245,1.259,1.905,46.229,1.231,1.286,1.913,46.895,-0.014,0.028,0.008,0.032,11,weighted_average,kalman(weighted_average),false
1789029536.954,31.174,1.249,1.308,1.924,46.619,1.252,1.293,1.918,46.691,0.003,-0.015,-0.005,0.016,9|11,weighted_average,kalman(weighted_average),false
1789029537.002,31.221,1.209,1.152,1.926,46.103,1.233,1.205,1.923,46.322,0.024,0.053,-0.003,0.058,11|17,weighted_average,kalman(weighted_average),false
1789029537.052,31.271,1.230,1.218,1.912,46.525,1.233,1.195,1.917,46.327,0.003,-0.022,0.005,0.023,9|11|17,weighted_average,kalman(weighted_average),false
1789029537.147,31.366,1.312,1.207,1.897,45.803,1.294,1.192,1.901,45.892,-0.018,-0.016,0.004,0.024,11,weighted_average,kalman(weighted_average),false
1789029537.203,31.422,1.263,1.203,1.918,46.574,1.283,1.197,1.910,46.210,0.020,-0.006,-0.008,0.022,9|11|17,weighted_average,kalman(weighted_average),false
1789029537.250,31.470,1.311,1.258,1.920,46.486,1.303,1.234,1.916,46.356,-0.008,-0.024,-0.004,0.026,9|11,weighted_average,kalman(weighted_average),false
1789029537.312,31.531,1.273,1.170,1.923,46.538,1.290,1.199,1.922,46.484,0.017,0.029,-0.001,0.034,9|11|17,weighted_average,kalman(weighted_average),false
1789029537.352,31.571,1.277,1.183,1.922,46.809,1.283,1.187,1.923,46.674,0.006,0.004,0.001,0.007,9|11|14|17,weighted_average,kalman(weighted_average),false
1789029537.446,31.665,1.296,1.160,1.911,46.626,1.291,1.162,1.915,46.720,-0.004,0.002,0.005,0.007,9|11|17,weighted_average,kalman(weighted_average),false
1789029537.499,31.719,1.317,1.132,1.928,46.325,1.309,1.137,1.923,46.513,-0.007,0.005,-0.005,0.011,9|11|17,weighted_average,kalman(weighted_average),false
1789029537.548,31.767,1.298,1.077,1.915,46.247,1.306,1.093,1.919,46.352,0.008,0.017,0.004,0.019,11|17,weighted_average,kalman(weighted_average),false
1789029537.603,31.823,1.375,1.152,1.882,46.087,1.351,1.117,1.895,46.166,-0.024,-0.034,0.014,0.044,11,weighted_average,kalman(weighted_average),false
1789029537.649,31.868,1.332,1.131,1.909,46.522,1.348,1.124,1.900,46.296,0.016,-0.008,-0.010,0.020,9|11|17,weighted_average,kalman(weighted_average),false
1789029537.747,31.966,1.405,1.125,1.892,45.838,1.397,1.124,1.892,45.968,-0.008,-0.000,-0.000,0.008,11,weighted_average,kalman(weighted_average),false
1789029537.795,32.014,1.348,1.122,1.922,46.552,1.373,1.123,1.910,46.251,0.025,0.001,-0.012,0.028,9|11|17,weighted_average,kalman(weighted_average),false
1789029537.847,32.067,1.340,1.050,1.905,45.955,1.353,1.077,1.909,46.097,0.013,0.027,0.004,0.030,11|17,weighted_average,kalman(weighted_average),false
1789029537.898,32.117,1.356,1.089,1.897,45.478,1.352,1.076,1.903,45.748,-0.004,-0.013,0.006,0.015,11|14|17,weighted_average,kalman(weighted_average),false
1789029537.959,32.179,1.410,1.145,1.871,44.819,1.387,1.115,1.882,45.148,-0.022,-0.030,0.011,0.039,11,weighted_average,kalman(weighted_average),false
1789029538.059,32.279,1.338,1.131,1.919,44.551,1.354,1.132,1.907,44.553,0.016,0.001,-0.012,0.020,8|11|17,weighted_average,kalman(weighted_average),false
1789029538.114,32.334,1.334,1.296,1.923,46.362,1.336,1.247,1.921,45.516,0.002,-0.049,-0.002,0.049,8,weighted_average,kalman(weighted_average),false
1789029538.162,32.381,1.360,1.245,1.953,44.856,1.346,1.266,1.945,45.225,-0.014,0.021,-0.008,0.026,8,weighted_average,kalman(weighted_average),false
1789029538.214,32.434,1.382,1.214,1.938,43.939,1.366,1.251,1.948,44.537,-0.016,0.036,0.010,0.041,8,weighted_average,kalman(weighted_average),false
1789029538.272,32.491,1.362,1.211,1.980,43.443,1.366,1.232,1.972,43.813,0.005,0.021,-0.008,0.023,8,weighted_average,kalman(weighted_average),false
1789029538.372,32.591,1.406,1.128,1.920,40.747,1.399,1.151,1.938,41.455,-0.007,0.022,0.018,0.030,8|11,weighted_average,kalman(weighted_average),false
1789029538.421,32.641,1.399,1.128,1.918,40.203,1.404,1.124,1.921,40.336,0.005,-0.004,0.003,0.007,8|11,weighted_average,kalman(weighted_average),false
1789029538.479,32.698,1.379,1.171,1.948,40.995,1.392,1.142,1.933,40.218,0.013,-0.029,-0.016,0.035,8,weighted_average,kalman(weighted_average),false
1789029538.518,32.737,1.399,1.112,1.911,39.117,1.396,1.122,1.920,39.417,-0.003,0.010,0.009,0.014,8|11,weighted_average,kalman(weighted_average),false
1789029538.575,32.795,1.370,1.188,1.921,40.419,1.381,1.156,1.917,39.548,0.011,-0.031,-0.004,0.034,8,weighted_average,kalman(weighted_average),false
1789029538.668,32.887,1.379,1.136,1.956,38.848,1.377,1.145,1.945,38.835,-0.002,0.008,-0.011,0.014,8,weighted_average,kalman(weighted_average),false
1789029538.958,33.177,1.353,1.091,1.951,36.202,1.354,1.093,1.953,36.300,0.001,0.002,0.002,0.003,14,weighted_average,kalman(weighted_average),false
1789029539.018,33.237,1.336,1.050,1.942,35.807,1.338,1.056,1.944,35.699,0.003,0.006,0.002,0.007,14,weighted_average,kalman(weighted_average),false
1789029539.061,33.280,1.341,1.050,1.936,35.953,1.337,1.045,1.938,35.611,-0.004,-0.006,0.002,0.007,14,weighted_average,kalman(weighted_average),false
1789029539.114,33.333,1.340,1.038,1.931,35.902,1.336,1.033,1.931,35.562,-0.004,-0.005,0.000,0.007,14,weighted_average,kalman(weighted_average),false
1789029539.162,33.382,1.339,1.004,1.964,35.518,1.337,1.009,1.948,35.404,-0.003,0.005,-0.015,0.016,14,weighted_average,kalman(weighted_average),false
1789029539.260,33.479,1.332,0.973,1.970,35.039,1.332,0.973,1.967,35.001,0.000,-0.000,-0.003,0.003,14,weighted_average,kalman(weighted_average),false
1789029539.312,33.532,1.346,0.957,1.958,34.353,1.341,0.955,1.964,34.525,-0.005,-0.001,0.006,0.008,14,weighted_average,kalman(weighted_average),false
1789029539.364,33.584,1.344,0.940,1.950,33.810,1.343,0.939,1.957,33.987,-0.000,-0.001,0.006,0.006,14,weighted_average,kalman(weighted_average),false
1789029539.413,33.632,1.348,0.952,1.961,33.331,1.347,0.940,1.959,33.465,-0.001,-0.012,-0.002,0.012,14,weighted_average,kalman(weighted_average),false
1789029539.469,33.689,1.368,0.963,1.993,32.826,1.362,0.950,1.980,32.894,-0.007,-0.013,-0.013,0.019,8,weighted_average,kalman(weighted_average),false
1789029539.562,33.782,1.353,0.961,1.984,32.260,1.359,0.959,1.987,32.183,0.006,-0.003,0.003,0.007,8,weighted_average,kalman(weighted_average),false
1789029539.614,33.834,1.390,0.859,1.948,29.908,1.380,0.894,1.963,30.680,-0.010,0.035,0.015,0.040,8|11,weighted_average,kalman(weighted_average),false
1789029539.666,33.886,1.382,0.833,1.944,28.734,1.385,0.846,1.948,29.238,0.003,0.013,0.004,0.014,8|11,weighted_average,kalman(weighted_average),false
1789029539.719,33.939,1.382,0.828,1.940,28.383,1.386,0.820,1.939,28.284,0.004,-0.008,-0.001,0.009,8|11,weighted_average,kalman(weighted_average),false
1789029539.773,33.992,1.337,0.936,1.987,30.085,1.358,0.879,1.964,28.765,0.021,-0.057,-0.023,0.065,8,weighted_average,kalman(weighted_average),false
1789029539.868,34.087,1.372,0.809,1.967,26.447,1.364,0.829,1.969,26.936,-0.008,0.021,0.002,0.022,8|9|11,weighted_average,kalman(weighted_average),false
1789029539.918,34.138,1.397,0.704,1.894,24.474,1.386,0.740,1.921,25.174,-0.011,0.036,0.027,0.047,11,weighted_average,kalman(weighted_average),false
1789029539.978,34.197,1.328,0.875,2.001,27.581,1.352,0.808,1.965,25.992,0.024,-0.067,-0.036,0.080,8,weighted_average,kalman(weighted_average),false
1789029540.026,34.245,1.379,0.726,1.921,24.358,1.364,0.760,1.942,24.954,-0.014,0.034,0.021,0.043,8|11,weighted_average,kalman(weighted_average),false
1789029540.081,34.300,1.375,0.753,1.954,24.209,1.371,0.748,1.948,24.242,-0.004,-0.005,-0.006,0.009,8|9|11,weighted_average,kalman(weighted_average),false
1789029540.175,34.394,1.363,0.689,1.929,22.571,1.366,0.696,1.933,22.736,0.003,0.008,0.005,0.009,8|11,weighted_average,kalman(weighted_average),false
1789029540.225,34.444,1.362,0.698,1.947,21.830,1.363,0.689,1.940,21.901,0.001,-0.009,-0.007,0.012,8|9|11,weighted_average,kalman(weighted_average),false
1789029540.286,34.506,1.363,0.688,1.901,21.367,1.362,0.681,1.914,21.191,-0.001,-0.007,0.013,0.015,8|9|11,weighted_average,kalman(weighted_average),false
1789029540.324,34.544,1.341,0.659,1.932,20.889,1.350,0.665,1.920,20.779,0.009,0.006,-0.011,0.015,8|11,weighted_average,kalman(weighted_average),false
1789029540.383,34.602,1.335,0.660,1.937,20.665,1.337,0.655,1.928,20.365,0.003,-0.005,-0.009,0.010,8|11,weighted_average,kalman(weighted_average),false
1789029540.482,34.702,1.367,0.532,1.912,17.370,1.357,0.554,1.916,17.985,-0.010,0.022,0.004,0.025,11,weighted_average,kalman(weighted_average),false
1789029540.539,34.758,1.342,0.559,1.942,17.810,1.349,0.541,1.932,17.437,0.007,-0.018,-0.010,0.022,8|11,weighted_average,kalman(weighted_average),false
1789029540.583,34.803,1.352,0.550,1.918,17.353,1.351,0.536,1.925,17.067,-0.001,-0.013,0.007,0.015,8|11,weighted_average,kalman(weighted_average),false
1789029540.638,34.858,1.345,0.494,1.906,15.796,1.347,0.502,1.913,16.041,0.003,0.008,0.007,0.011,11,weighted_average,kalman(weighted_average),false
1789029540.684,34.904,1.344,0.489,1.904,15.493,1.345,0.485,1.906,15.413,0.001,-0.004,0.002,0.005,11,weighted_average,kalman(weighted_average),false
1789029540.784,35.003,1.323,0.607,1.923,17.453,1.327,0.569,1.916,16.302,0.004,-0.038,-0.007,0.039,8,weighted_average,kalman(weighted_average),false
1789029540.837,35.056,1.337,0.498,1.914,14.103,1.331,0.533,1.916,15.039,-0.006,0.035,0.002,0.036,9|11,weighted_average,kalman(weighted_average),false
1789029540.884,35.104,1.337,0.497,1.895,14.230,1.334,0.512,1.904,14.430,-0.003,0.014,0.009,0.017,8|9|11,weighted_average,kalman(weighted_average),false
1789029540.939,35.158,1.339,0.486,1.901,13.508,1.337,0.492,1.900,13.695,-0.002,0.007,-0.001,0.007,8|9|11,weighted_average,kalman(weighted_average),false
1789029540.984,35.203,1.340,0.407,1.882,12.035,1.339,0.438,1.888,12.610,-0.001,0.031,0.006,0.031,11,weighted_average,kalman(weighted_average),false
1789029541.081,35.301,1.334,0.472,1.877,12.567,1.336,0.449,1.876,12.087,0.002,-0.022,-0.001,0.023,8|11,weighted_average,kalman(weighted_average),false
1789029541.131,35.351,1.330,0.375,1.874,10.314,1.331,0.401,1.872,10.883,0.002,0.025,-0.001,0.026,11,weighted_average,kalman(weighted_average),false
1789029541.178,35.397,1.334,0.406,1.898,10.779,1.332,0.396,1.886,10.523,-0.002,-0.010,-0.012,0.016,8|11,weighted_average,kalman(weighted_average),false
1789029541.235,35.454,1.346,0.379,1.869,9.803,1.340,0.379,1.877,9.820,-0.006,0.000,0.008,0.009,8|11,weighted_average,kalman(weighted_average),false
1789029541.284,35.503,1.331,0.427,1.884,10.382,1.336,0.402,1.880,9.830,0.005,-0.025,-0.004,0.026,8|11,weighted_average,kalman(weighted_average),false
1789029541.379,35.598,1.347,0.324,1.890,7.734,1.344,0.344,1.888,8.188,-0.003,0.020,-0.002,0.020,8|11,weighted_average,kalman(weighted_average),false
1789029541.426,35.645,1.315,0.404,1.910,8.622,1.327,0.374,1.903,8.145,0.012,-0.030,-0.007,0.033,8|11,weighted_average,kalman(weighted_average),false
1789029541.486,35.706,1.334,0.308,1.865,6.403,1.329,0.330,1.881,6.893,-0.005,0.022,0.017,0.028,11,weighted_average,kalman(weighted_average),false
1789029541.526,35.745,1.331,0.345,1.928,6.642,1.329,0.332,1.907,6.485,-0.001,-0.013,-0.022,0.025,8|11,weighted_average,kalman(weighted_average),false
1789029541.579,35.799,1.325,0.365,1.884,6.710,1.326,0.346,1.896,6.261,0.001,-0.018,0.012,0.022,8|11,weighted_average,kalman(weighted_average),false
1789029541.674,35.893,1.340,0.311,1.876,4.872,1.336,0.319,1.881,5.026,-0.004,0.008,0.005,0.010,8|11,weighted_average,kalman(weighted_average),false
1789029541.725,35.945,1.344,0.261,1.826,3.332,1.342,0.277,1.842,3.784,-0.002,0.016,0.016,0.023,11,weighted_average,kalman(weighted_average),false
1789029541.778,35.998,1.326,0.316,1.916,4.361,1.334,0.292,1.881,3.716,0.008,-0.024,-0.035,0.043,8|11,weighted_average,kalman(weighted_average),false
1789029541.830,36.049,1.332,0.327,1.891,4.187,1.332,0.311,1.889,3.712,0.000,-0.016,-0.002,0.016,8|11,weighted_average,kalman(weighted_average),false
1789029541.877,36.097,1.332,0.327,1.891,4.187,1.331,0.322,1.893,3.794,-0.000,-0.005,0.002,0.005,8|11,weighted_average,kalman(weighted_average),false
1789029541.975,36.194,1.331,0.286,1.908,2.994,1.330,0.298,1.907,3.130,-0.000,0.012,-0.001,0.012,8|11,weighted_average,kalman(weighted_average),false
1789029542.022,36.242,1.328,0.340,1.825,3.844,1.329,0.322,1.857,3.415,0.001,-0.018,0.031,0.036,8|11,weighted_average,kalman(weighted_average),false
1789029542.079,36.299,1.330,0.280,1.907,2.745,1.329,0.297,1.881,2.989,-0.001,0.017,-0.025,0.031,8|11,weighted_average,kalman(weighted_average),false
1789029542.133,36.353,1.328,0.272,1.882,2.548,1.328,0.278,1.883,2.646,0.000,0.006,0.000,0.006,8|11,weighted_average,kalman(weighted_average),false
1789029542.178,36.398,1.338,0.244,1.830,1.732,1.334,0.254,1.853,2.071,-0.004,0.009,0.023,0.025,11,weighted_average,kalman(weighted_average),false
1789029542.269,36.489,1.335,0.245,1.895,1.809,1.336,0.238,1.879,1.662,0.001,-0.006,-0.017,0.018,8|11,weighted_average,kalman(weighted_average),false
1789029542.323,36.542,1.326,0.289,1.883,2.503,1.330,0.268,1.885,2.028,0.004,-0.021,0.001,0.021,8|11,weighted_average,kalman(weighted_average),false
1789029542.377,36.597,1.348,0.240,1.824,1.261,1.340,0.253,1.849,1.579,-0.007,0.013,0.025,0.029,11,weighted_average,kalman(weighted_average),false
1789029542.425,36.644,1.326,0.295,1.877,2.455,1.333,0.277,1.861,1.953,0.007,-0.018,-0.016,0.025,8|11,weighted_average,kalman(weighted_average),false
1789029542.477,36.697,1.326,0.275,1.919,2.034,1.329,0.279,1.896,1.999,0.002,0.005,-0.024,0.024,8|11,weighted_average,kalman(weighted_average),false
1789029542.572,36.792,1.332,0.299,1.865,2.405,1.330,0.297,1.879,2.282,-0.002,-0.002,0.014,0.014,8|11,weighted_average,kalman(weighted_average),false
1789029542.617,36.837,1.326,0.306,1.872,2.548,1.328,0.305,1.873,2.473,0.001,-0.000,0.001,0.001,8|11,weighted_average,kalman(weighted_average),false
1789029542.676,36.896,1.327,0.257,1.897,1.746,1.327,0.278,1.886,2.132,-0.000,0.021,-0.011,0.023,8|11,weighted_average,kalman(weighted_average),false
1789029542.725,36.945,1.336,0.289,1.821,2.321,1.332,0.282,1.848,2.215,-0.004,-0.008,0.027,0.028,8|11,weighted_average,kalman(weighted_average),false
1789029542.778,36.998,1.318,0.318,1.850,2.930,1.324,0.303,1.843,2.595,0.007,-0.015,-0.007,0.018,8|11,weighted_average,kalman(weighted_average),false
1789029542.872,37.092,1.318,0.262,1.897,2.105,1.318,0.276,1.879,2.355,0.000,0.013,-0.017,0.022,8|11,weighted_average,kalman(weighted_average),false
1789029542.919,37.138,1.319,0.270,1.885,2.347,1.318,0.269,1.888,2.336,-0.001,-0.002,0.002,0.003,8|11,weighted_average,kalman(weighted_average),false
1789029542.982,37.202,1.330,0.259,1.875,2.578,1.325,0.258,1.884,2.460,-0.005,-0.001,0.009,0.010,8,weighted_average,kalman(weighted_average),false
1789029543.019,37.239,1.310,0.253,1.924,2.289,1.317,0.253,1.908,2.385,0.007,-0.000,-0.016,0.018,8|11,weighted_average,kalman(weighted_average),false
1789029543.083,37.302,1.322,0.219,1.899,1.756,1.319,0.227,1.908,2.034,-0.003,0.008,0.009,0.013,8|11,weighted_average,kalman(weighted_average),false
1789029543.174,37.393,1.319,0.230,1.841,2.288,1.319,0.223,1.860,2.125,0.000,-0.007,0.019,0.020,8|11,weighted_average,kalman(weighted_average),false
1789029543.225,37.445,1.311,0.224,1.879,2.411,1.314,0.222,1.865,2.285,0.002,-0.002,-0.013,0.014,8|11,weighted_average,kalman(weighted_average),false
1789029543.286,37.506,1.318,0.246,1.817,2.883,1.316,0.237,1.830,2.656,-0.002,-0.009,0.013,0.016,8|11,weighted_average,kalman(weighted_average),false
1789029543.330,37.549,1.320,0.241,1.837,2.998,1.318,0.241,1.827,2.899,-0.002,-0.000,-0.010,0.010,8|11,weighted_average,kalman(weighted_average),false
1789029543.380,37.600,1.306,0.168,1.867,1.713,1.311,0.200,1.845,2.384,0.005,0.032,-0.021,0.039,11,weighted_average,kalman(weighted_average),false
1789029543.471,37.691,1.297,0.182,1.926,2.573,1.299,0.180,1.906,2.472,0.002,-0.003,-0.020,0.021,8|11,weighted_average,kalman(weighted_average),false
1789029543.525,37.744,1.328,0.170,1.851,2.918,1.316,0.169,1.879,2.737,-0.012,-0.001,0.028,0.030,8,weighted_average,kalman(weighted_average),false
1789029543.576,37.796,1.295,0.144,1.955,2.340,1.305,0.149,1.928,2.566,0.010,0.005,-0.028,0.030,8|11|14,weighted_average,kalman(weighted_average),false
1789029543.629,37.849,1.298,0.135,1.916,2.456,1.300,0.135,1.930,2.508,0.002,-0.001,0.014,0.014,8|11,weighted_average,kalman(weighted_average),false
1789029543.686,37.906,1.297,0.139,1.905,2.649,1.296,0.131,1.920,2.576,-0.001,-0.007,0.015,0.016,8|11,weighted_average,kalman(weighted_average),false
1789029543.778,37.997,1.297,0.075,1.944,1.955,1.295,0.085,1.939,2.172,-0.002,0.010,-0.005,0.011,8|11,weighted_average,kalman(weighted_average),false
1789029543.828,38.048,1.323,0.098,1.726,2.588,1.313,0.086,1.803,2.354,-0.010,-0.012,0.077,0.079,8|11,weighted_average,kalman(weighted_average),false
1789029543.880,38.099,1.305,0.101,1.856,2.842,1.311,0.091,1.815,2.611,0.006,-0.010,-0.041,0.043,8|11,weighted_average,kalman(weighted_average),false
1789029543.934,38.153,1.305,0.056,1.902,2.285,1.308,0.067,1.859,2.472,0.003,0.012,-0.043,0.045,8|11,weighted_average,kalman(weighted_average),false
1789029543.984,38.204,1.318,-0.012,1.847,1.243,1.315,0.015,1.854,1.827,-0.004,0.027,0.007,0.028,8|11,weighted_average,kalman(weighted_average),false
1789029544.080,38.299,1.322,-0.000,1.872,2.221,1.322,-0.010,1.869,1.946,-0.000,-0.010,-0.004,0.011,8,weighted_average,kalman(weighted_average),false
1789029544.138,38.358,1.310,0.029,1.876,2.635,1.315,0.011,1.876,2.349,0.005,-0.018,0.000,0.019,8|11,weighted_average,kalman(weighted_average),false
1789029544.184,38.404,1.292,0.092,1.916,3.912,1.300,0.061,1.902,3.243,0.009,-0.031,-0.013,0.035,8|11,weighted_average,kalman(weighted_average),false
1789029544.250,38.469,1.297,0.032,1.903,3.021,1.295,0.052,1.909,3.335,-0.002,0.020,0.007,0.021,8|11,weighted_average,kalman(weighted_average),false
1789029544.354,38.574,1.298,-0.020,1.896,2.514,1.295,-0.004,1.903,2.897,-0.003,0.017,0.007,0.018,8|11,weighted_average,kalman(weighted_average),false
1789029544.421,38.641,1.305,-0.042,1.892,2.212,1.302,-0.040,1.895,2.414,-0.003,0.002,0.002,0.004,8|11,weighted_average,kalman(weighted_average),false
1789029544.466,38.686,1.299,-0.078,1.847,1.687,1.301,-0.072,1.864,1.928,0.002,0.006,0.017,0.018,11,weighted_average,kalman(weighted_average),false
1789029544.515,38.734,1.305,-0.144,1.904,0.936,1.304,-0.126,1.882,1.261,-0.001,0.017,-0.023,0.029,8|11,weighted_average,kalman(weighted_average),false
1789029544.565,38.784,1.292,-0.101,1.894,2.018,1.298,-0.128,1.888,1.439,0.005,-0.027,-0.005,0.028,8|11,weighted_average,kalman(weighted_average),false
1789029544.660,38.880,1.293,-0.146,1.862,1.479,1.293,-0.153,1.870,1.322,0.000,-0.006,0.007,0.010,11,weighted_average,kalman(weighted_average),false
1789029544.713,38.933,1.289,-0.143,1.840,1.711,1.290,-0.152,1.847,1.500,0.001,-0.008,0.007,0.011,11,weighted_average,kalman(weighted_average),false
1789029544.778,38.997,1.295,-0.137,1.898,2.247,1.293,-0.145,1.876,1.940,-0.003,-0.008,-0.022,0.024,8|11,weighted_average,kalman(weighted_average),false
1789029544.816,39.036,1.286,-0.176,1.843,1.511,1.289,-0.163,1.859,1.779,0.003,0.013,0.016,0.021,11,weighted_average,kalman(weighted_average),false
1789029544.873,39.092,1.298,-0.224,1.844,0.839,1.294,-0.204,1.848,1.306,-0.004,0.020,0.004,0.021,11,weighted_average,kalman(weighted_average),false
1789029544.960,39.179,1.281,-0.158,1.879,2.763,1.285,-0.180,1.868,2.162,0.004,-0.022,-0.011,0.025,8|11,weighted_average,kalman(weighted_average),false
1789029545.014,39.234,1.281,-0.203,1.880,2.087,1.281,-0.194,1.879,2.229,0.000,0.010,-0.002,0.010,8|11,weighted_average,kalman(weighted_average),false
1789029545.066,39.285,1.272,-0.247,1.874,1.351,1.274,-0.228,1.879,1.829,0.002,0.018,0.005,0.019,11,weighted_average,kalman(weighted_average),false
1789029545.115,39.335,1.275,-0.245,1.837,1.538,1.273,-0.245,1.855,1.662,-0.002,-0.000,0.019,0.019,11,weighted_average,kalman(weighted_average),false
1789029545.163,39.382,1.273,-0.258,1.933,1.733,1.272,-0.260,1.898,1.662,-0.002,-0.001,-0.035,0.035,8|11,weighted_average,kalman(weighted_average),false
1789029545.251,39.470,1.278,-0.089,1.984,5.362,1.275,-0.142,1.968,3.980,-0.003,-0.053,-0.016,0.056,8,weighted_average,kalman(weighted_average),false
1789029545.307,39.527,1.265,-0.108,2.027,5.326,1.269,-0.102,2.020,5.141,0.004,0.007,-0.007,0.010,8,weighted_average,kalman(weighted_average),false
1789029545.352,39.572,1.263,-0.326,1.866,1.207,1.269,-0.102,2.020,3.440,0.006,0.224,0.154,0.272,11,weighted_average,kalman(weighted_average),true
1789029545.401,39.621,1.246,-0.299,1.872,1.968,1.251,-0.253,1.906,2.686,0.005,0.046,0.035,0.058,11,weighted_average,kalman(weighted_average),false
1789029545.453,39.673,1.252,-0.332,1.882,1.438,1.249,-0.324,1.875,1.909,-0.003,0.008,-0.007,0.011,11,weighted_average,kalman(weighted_average),false
1789029545.549,39.768,1.244,-0.330,1.943,2.161,1.243,-0.356,1.910,1.795,-0.001,-0.026,-0.033,0.042,8|11,weighted_average,kalman(weighted_average),false
1789029545.603,39.823,1.248,-0.319,1.917,2.734,1.245,-0.340,1.918,2.269,-0.003,-0.021,0.001,0.021,8|11,weighted_average,kalman(weighted_average),false
1789029545.650,39.869,1.249,-0.346,1.910,2.351,1.247,-0.345,1.916,2.336,-0.002,0.000,0.006,0.006,8|11,weighted_average,kalman(weighted_average),false
1789029545.702,39.922,1.253,-0.332,1.939,2.876,1.251,-0.340,1.931,2.652,-0.002,-0.008,-0.007,0.011,8|11,weighted_average,kalman(weighted_average),false
1789029545.752,39.972,1.260,-0.335,1.884,2.958,1.257,-0.337,1.907,2.883,-0.003,-0.002,0.023,0.023,8|11,weighted_average,kalman(weighted_average),false
1789029545.846,40.066,1.298,-0.240,1.896,5.335,1.289,-0.263,1.896,4.614,-0.008,-0.023,-0.000,0.025,8,weighted_average,kalman(weighted_average),false
1789029545.895,40.115,1.249,-0.404,1.913,2.504,1.268,-0.343,1.905,3.687,0.019,0.061,-0.008,0.064,8|11,weighted_average,kalman(weighted_average),false
1789029545.948,40.168,1.253,-0.470,1.855,1.209,1.258,-0.430,1.874,2.371,0.005,0.040,0.019,0.045,11,weighted_average,kalman(weighted_average),false
1789029546.002,40.222,1.252,-0.361,1.912,3.792,1.253,-0.406,1.892,2.946,0.000,-0.045,-0.020,0.049,8|11,weighted_average,kalman(weighted_average),false
1789029546.047,40.267,1.240,-0.375,1.947,3.745,1.243,-0.394,1.924,3.329,0.003,-0.019,-0.023,0.030,8|11,weighted_average,kalman(weighted_average),false
1789029546.141,40.361,1.267,-0.418,1.855,2.966,1.258,-0.413,1.879,3.157,-0.009,0.004,0.024,0.026,8|9|11,weighted_average,kalman(weighted_average),false
1789029546.192,40.412,1.294,-0.343,1.880,2.950,1.283,-0.371,1.873,3.026,-0.011,-0.027,-0.006,0.030,9,weighted_average,kalman(weighted_average),false
1789029546.246,40.466,1.261,-0.453,1.888,2.851,1.275,-0.417,1.878,2.898,0.014,0.036,-0.010,0.039,8|9|11,weighted_average,kalman(weighted_average),false
1789029546.289,40.509,1.279,-0.358,1.874,3.254,1.278,-0.388,1.874,3.043,-0.000,-0.030,0.000,0.030,9,weighted_average,kalman(weighted_average),false
1789029546.348,40.567,1.264,-0.445,1.891,3.451,1.271,-0.421,1.883,3.258,0.007,0.024,-0.008,0.026,8|9|11,weighted_average,kalman(weighted_average),false
1789029546.436,40.655,1.255,-0.482,1.884,3.307,1.259,-0.472,1.885,3.333,0.003,0.010,0.000,0.011,8|9|11,weighted_average,kalman(weighted_average),false
1789029546.486,40.705,1.248,-0.512,1.883,2.585,1.250,-0.507,1.884,2.929,0.002,0.005,0.001,0.006,9|11,weighted_average,kalman(weighted_average),false
1789029546.551,40.770,1.241,-0.595,1.853,1.942,1.241,-0.579,1.863,2.290,-0.000,0.016,0.010,0.019,11,weighted_average,kalman(weighted_average),false
1789029546.588,40.808,1.257,-0.531,1.930,3.086,1.248,-0.566,1.898,2.583,-0.009,-0.035,-0.032,0.048,8|9|11,weighted_average,kalman(weighted_average),false
1789029546.646,40.865,1.251,-0.543,1.912,3.077,1.249,-0.563,1.911,2.790,-0.002,-0.019,-0.001,0.019,8|9|11,weighted_average,kalman(weighted_average),false
1789029546.738,40.958,1.265,-0.574,1.874,2.901,1.261,-0.576,1.887,2.871,-0.004,-0.002,0.013,0.014,8|9|11,weighted_average,kalman(weighted_average),false
1789029546.785,41.005,1.051,-1.135,1.977,-8.468,1.261,-0.576,1.887,-3.519,0.210,0.559,-0.089,0.604,8|9|11,weighted_average,kalman(weighted_average),true
1789029546.848,41.068,0.940,-1.682,2.306,-20.923,1.261,-0.576,1.887,-14.863,0.322,1.106,-0.418,1.225,11,weighted_average,kalman(weighted_average),true
1789029546.892,41.111,0.940,-1.682,2.306,-20.923,1.261,-0.576,1.887,-20.191,0.322,1.106,-0.418,1.225,11,weighted_average,kalman(weighted_average),true
1789029546.958,41.178,0.960,-1.637,2.301,-19.618,1.261,-0.576,1.887,-22.997,0.301,1.061,-0.413,1.177,11,weighted_average,kalman(weighted_average),true
1789029547.060,41.280,0.925,-1.458,2.374,-14.800,0.934,-1.435,2.361,-19.595,0.009,0.023,-0.012,0.027,8|11,weighted_average,kalman(weighted_average),false
1789029547.116,41.336,0.938,-1.484,2.353,-14.799,0.916,-1.524,2.386,-16.661,-0.022,-0.040,0.033,0.056,8|11,weighted_average,kalman(weighted_average),false
1789029547.160,41.380,0.962,-1.457,2.356,-13.766,0.932,-1.522,2.386,-14.696,-0.030,-0.065,0.030,0.078,8|11,weighted_average,kalman(weighted_average),false
1789029547.213,41.432,1.024,-1.328,2.148,-12.616,0.932,-1.522,2.386,-12.889,-0.092,-0.194,0.238,0.321,8|11,weighted_average,kalman(weighted_average),true
1789029547.260,41.479,1.002,-0.724,1.648,-0.388,0.932,-1.522,2.386,-5.814,-0.070,-0.797,0.738,1.089,8|11,weighted_average,kalman(weighted_average),true
1789029547.349,41.568,1.058,0.904,0.595,32.255,0.932,-1.522,2.386,20.815,-0.127,-2.426,1.791,3.018,8,weighted_average,kalman(weighted_average),true
1789029547.398,41.618,1.135,0.760,0.630,30.700,0.932,-1.522,2.386,30.999,-0.203,-2.281,1.756,2.886,8,weighted_average,kalman(weighted_average),true
1789029547.454,41.674,1.120,0.771,0.601,31.451,0.932,-1.522,2.386,36.441,-0.189,-2.293,1.784,2.911,8,weighted_average,kalman(weighted_average),true
1789029547.510,41.729,1.317,-0.697,1.855,6.742,1.309,-0.714,1.866,24.237,-0.008,-0.018,0.011,0.022,8|9,weighted_average,kalman(weighted_average),false
1789029547.552,41.772,1.305,-0.758,1.875,6.386,1.327,-0.695,1.842,15.642,0.023,0.062,-0.033,0.074,8|9|11,weighted_average,kalman(weighted_average),false
1789029547.646,41.865,1.318,-0.800,1.840,5.885,1.342,-0.733,1.811,7.728,0.024,0.067,-0.029,0.077,9|11,weighted_average,kalman(weighted_average),false
1789029547.701,41.920,1.328,-0.742,1.786,7.140,1.338,-0.739,1.785,5.748,0.010,0.003,-0.001,0.010,9|11,weighted_average,kalman(weighted_average),false
1789029547.750,41.970,1.331,-0.754,1.868,7.284,1.336,-0.749,1.828,5.277,0.004,0.004,-0.040,0.041,8|9|11,weighted_average,kalman(weighted_average),false
1789029547.803,42.023,1.344,-0.746,1.842,8.022,1.342,-0.750,1.838,5.740,-0.002,-0.004,-0.003,0.006,8|11,weighted_average,kalman(weighted_average),false
1789029547.848,42.068,1.351,-0.634,1.887,7.685,1.348,-0.684,1.869,6.212,-0.002,-0.050,-0.018,0.053,9,weighted_average,kalman(weighted_average),false
1789029547.939,42.158,1.352,-0.777,1.845,5.593,1.354,-0.740,1.860,5.417,0.002,0.037,0.015,0.040,9|11,weighted_average,kalman(weighted_average),false
1789029547.989,42.209,1.370,-0.792,1.819,4.924,1.365,-0.781,1.833,4.916,-0.005,0.011,0.014,0.019,9|11,weighted_average,kalman(weighted_average),false
1789029548.053,42.273,1.400,-0.665,1.862,5.825,1.391,-0.715,1.848,5.187,-0.008,-0.050,-0.014,0.053,9,weighted_average,kalman(weighted_average),false
1789029548.090,42.310,1.376,-0.811,1.882,4.191,1.387,-0.764,1.867,4.623,0.011,0.047,-0.015,0.050,9|11,weighted_average,kalman(weighted_average),false
1789029548.155,42.374,1.393,-0.753,1.849,5.410,1.395,-0.762,1.860,4.868,0.002,-0.009,0.011,0.014,8|9|11,weighted_average,kalman(weighted_average),false
1789029548.248,42.468,1.399,-0.750,1.818,4.891,1.401,-0.755,1.828,4.825,0.002,-0.004,0.010,0.011,8|9|11,weighted_average,kalman(weighted_average),false
1789029548.299,42.518,1.397,-0.756,1.871,4.492,1.399,-0.755,1.852,4.611,0.003,0.001,-0.020,0.020,8|9|11,weighted_average,kalman(weighted_average),false
1789029548.348,42.567,1.379,-0.865,1.848,2.674,1.387,-0.822,1.851,3.517,0.009,0.043,0.002,0.044,11,weighted_average,kalman(weighted_average),false
1789029548.398,42.618,1.414,-0.740,1.867,4.324,1.402,-0.784,1.861,3.723,-0.012,-0.044,-0.006,0.046,8|9|11,weighted_average,kalman(weighted_average),false
1789029548.454,42.674,1.404,-0.773,1.916,3.563,1.405,-0.777,1.897,3.523,0.001,-0.004,-0.018,0.019,8|9|11,weighted_average,kalman(weighted_average),false
1789029548.545,42.765,1.401,-0.840,1.800,2.350,1.403,-0.823,1.832,2.624,0.003,0.017,0.032,0.037,11,weighted_average,kalman(weighted_average),false
1789029548.600,42.819,1.425,-0.774,1.882,2.920,1.418,-0.797,1.856,2.625,-0.007,-0.023,-0.025,0.035,8|9|11,weighted_average,kalman(weighted_average),false
1789029548.668,42.888,1.423,-0.790,1.886,2.639,1.424,-0.792,1.876,2.506,0.001,-0.002,-0.010,0.010,8|9|11,weighted_average,kalman(weighted_average),false
1789029548.705,42.925,1.386,-0.914,1.918,0.648,1.404,-0.861,1.903,1.501,0.018,0.053,-0.015,0.058,11,weighted_average,kalman(weighted_average),false
1789029548.768,42.988,1.386,-0.914,1.918,0.648,1.390,-0.908,1.921,0.761,0.004,0.006,0.002,0.008,11,weighted_average,kalman(weighted_average),false
1789029548.869,43.089,1.418,-0.738,1.909,3.513,1.408,-0.788,1.918,2.355,-0.009,-0.050,0.009,0.051,8|9|11,weighted_average,kalman(weighted_average),false
1789029548.934,43.154,1.418,-0.738,1.909,3.513,1.417,-0.736,1.912,3.279,-0.000,0.003,0.003,0.004,8|9|11,weighted_average,kalman(weighted_average),false
1789029548.972,43.192,1.507,-0.726,1.919,1.993,1.472,-0.716,1.916,2.801,-0.035,0.009,-0.004,0.036,9,weighted_average,kalman(weighted_average),false
1789029549.021,43.240,1.419,-0.807,1.808,1.921,1.453,-0.755,1.853,2.454,0.033,0.053,0.045,0.077,9|11,weighted_average,kalman(weighted_average),false
1789029549.073,43.293,1.419,-0.807,1.808,1.921,1.436,-0.785,1.814,2.186,0.017,0.023,0.006,0.029,9|11,weighted_average,kalman(weighted_average),false
1789029549.168,43.388,1.426,-0.865,1.758,1.604,1.427,-0.851,1.757,1.748,0.001,0.014,-0.001,0.014,8|11,weighted_average,kalman(weighted_average),false
1789029549.223,43.443,1.426,-0.865,1.758,1.604,1.425,-0.872,1.747,1.582,-0.001,-0.006,-0.011,0.013,8|11,weighted_average,kalman(weighted_average),false
1789029549.273,43.492,1.391,-1.053,1.850,-2.208,1.403,-0.993,1.803,-0.563,0.012,0.060,-0.047,0.077,11,weighted_average,kalman(weighted_average),false
1789029549.324,43.543,1.403,-0.848,1.933,1.245,1.398,-0.932,1.887,-0.019,-0.005,-0.084,-0.046,0.096,8|9|11,weighted_average,kalman(weighted_average),false
1789029549.381,43.601,1.403,-0.848,1.933,1.245,1.397,-0.884,1.935,0.477,-0.005,-0.036,0.002,0.036,8|9|11,weighted_average,kalman(weighted_average),false
1789029549.477,43.697,1.403,-0.874,1.880,0.426,1.400,-0.869,1.911,0.414,-0.003,0.005,0.031,0.032,9|11,weighted_average,kalman(weighted_average),false
1789029549.546,43.765,1.404,-0.842,1.899,1.374,1.403,-0.846,1.901,1.012,-0.001,-0.004,0.002,0.005,8|9|11,weighted_average,kalman(weighted_average),false
1789029549.579,43.798,1.408,-0.766,1.870,2.567,1.406,-0.797,1.882,1.861,-0.002,-0.031,0.012,0.033,9|11,weighted_average,kalman(weighted_average),false
1789029549.635,43.854,1.399,-0.769,1.943,2.860,1.403,-0.766,1.914,2.625,0.004,0.003,-0.029,0.029,8|9|11,weighted_average,kalman(weighted_average),false
1789029549.685,43.905,1.435,-0.737,1.936,3.152,1.423,-0.737,1.931,3.164,-0.013,0.000,-0.005,0.014,8|9,weighted_average,kalman(weighted_average),false
1789029549.786,44.005,1.387,-0.854,1.935,1.185,1.399,-0.815,1.940,2.154,0.012,0.039,0.004,0.041,9|11,weighted_average,kalman(weighted_average),false
1789029549.830,44.050,1.395,-0.795,1.943,2.875,1.394,-0.812,1.944,2.488,-0.002,-0.017,0.001,0.017,8|9|11,weighted_average,kalman(weighted_average),false
1789029549.882,44.102,1.377,-0.814,1.941,2.501,1.381,-0.820,1.944,2.490,0.003,-0.005,0.003,0.007,9|11,weighted_average,kalman(weighted_average),false
1789029549.935,44.154,1.385,-0.784,1.934,3.623,1.379,-0.803,1.939,3.096,-0.006,-0.019,0.005,0.020,8|9|11,weighted_average,kalman(weighted_average),false
1789029549.990,44.210,1.385,-0.784,1.934,3.623,1.380,-0.791,1.936,3.487,-0.005,-0.007,0.002,0.008,8|9|11,weighted_average,kalman(weighted_average),false
1789029550.090,44.310,1.381,-0.868,1.967,2.414,1.380,-0.849,1.959,2.918,-0.001,0.019,-0.008,0.021,8|9|11,weighted_average,kalman(weighted_average),false
1789029550.164,44.384,1.381,-0.868,1.967,2.414,1.381,-0.872,1.969,2.525,-0.001,-0.004,0.002,0.005,8|9|11,weighted_average,kalman(weighted_average),false
1789029550.200,44.419,1.400,-0.800,1.929,3.796,1.392,-0.836,1.948,3.126,-0.008,-0.035,0.019,0.041,8|9|11,weighted_average,kalman(weighted_average),false
1789029550.251,44.471,1.394,-0.833,1.899,3.453,1.395,-0.833,1.917,3.331,0.001,0.000,0.018,0.018,8|9|11,weighted_average,kalman(weighted_average),false
1789029550.303,44.522,1.400,-0.835,1.904,3.664,1.400,-0.833,1.902,3.563,-0.000,0.002,-0.001,0.003,8|9|11,weighted_average,kalman(weighted_average),false
1789029550.408,44.627,1.365,-1.006,1.850,1.211,1.374,-0.969,1.855,2.024,0.009,0.037,0.004,0.038,11,weighted_average,kalman(weighted_average),false
1789029550.466,44.686,1.383,-0.945,1.877,1.755,1.376,-0.974,1.862,1.636,-0.006,-0.028,-0.015,0.032,9|11,weighted_average,kalman(weighted_average),false
1789029550.516,44.735,1.399,-0.793,1.933,3.514,1.389,-0.871,1.904,2.494,-0.010,-0.078,-0.029,0.084,9,weighted_average,kalman(weighted_average),false
1789029550.558,44.778,1.377,-0.874,1.855,3.765,1.383,-0.863,1.881,3.148,0.006,0.011,0.026,0.029,9|11,weighted_average,kalman(weighted_average),false
1789029550.612,44.832,1.384,-0.970,1.913,2.465,1.384,-0.918,1.900,2.919,-0.000,0.052,-0.014,0.054,8|9|11,weighted_average,kalman(weighted_average),false
1789029550.709,44.929,1.381,-0.974,1.901,2.924,1.381,-0.967,1.904,2.969,0.001,0.007,0.003,0.008,8|9|11,weighted_average,kalman(weighted_average),false
1789029550.774,44.993,1.381,-0.974,1.901,2.924,1.381,-0.980,1.903,2.960,-0.000,-0.007,0.002,0.007,8|9|11,weighted_average,kalman(weighted_average),false
1789029550.811,45.031,1.385,-0.944,1.900,3.659,1.383,-0.964,1.902,3.329,-0.002,-0.020,0.001,0.020,8|9|11,weighted_average,kalman(weighted_average),false
1789029550.863,45.083,1.370,-1.070,1.887,1.590,1.375,-1.029,1.893,2.492,0.005,0.041,0.006,0.042,9|11,weighted_average,kalman(weighted_average),false
1789029550.920,45.139,1.354,-1.106,1.876,1.857,1.360,-1.090,1.881,2.043,0.007,0.016,0.005,0.018,11,weighted_average,kalman(weighted_average),false
1789029551.018,45.238,1.375,-1.028,1.900,3.705,1.368,-1.060,1.892,2.999,-0.007,-0.032,-0.007,0.034,8|9|11,weighted_average,kalman(weighted_average),false
1789029551.083,45.302,1.370,-1.084,1.870,2.515,1.370,-1.075,1.878,2.809,0.000,0.009,0.008,0.012,9|11,weighted_average,kalman(weighted_average),false
1789029551.129,45.349,1.370,-1.084,1.870,2.515,1.370,-1.082,1.872,2.675,0.001,0.002,0.001,0.003,9|11,weighted_average,kalman(weighted_average),false
1789029551.166,45.386,1.032,-1.651,2.429,-8.831,1.370,-1.082,1.872,-2.878,0.339,0.569,-0.557,0.865,11,weighted_average,kalman(weighted_average),true
1789029551.232,45.451,1.032,-1.651,2.429,-8.831,1.370,-1.082,1.872,-7.324,0.339,0.569,-0.557,0.865,11,weighted_average,kalman(weighted_average),true
1789029551.331,45.551,1.032,-1.651,2.429,-8.831,1.370,-1.082,1.872,-9.979,0.339,0.569,-0.557,0.865,11,weighted_average,kalman(weighted_average),true
1789029551.381,45.600,1.089,-0.005,0.520,24.343,1.370,-1.082,1.872,9.404,0.281,-1.078,1.352,1.752,8|11,weighted_average,kalman(weighted_average),true
1789029551.430,45.649,1.115,-0.874,0.845,10.654,1.123,-0.881,0.879,12.649,0.008,-0.007,0.033,0.035,9|11,weighted_average,kalman(weighted_average),false
1789029551.479,45.698,1.259,-1.255,2.404,1.284,1.123,-0.881,0.879,9.000,-0.135,0.374,-1.526,1.577,9|11,weighted_average,kalman(weighted_average),true
1789029551.541,45.760,1.033,-1.270,2.542,1.317,1.123,-0.881,0.879,5.776,0.091,0.389,-1.664,1.711,11,weighted_average,kalman(weighted_average),true
1789029551.640,45.859,1.337,-1.328,1.886,1.391,1.123,-0.881,0.879,2.734,-0.214,0.448,-1.008,1.123,11,weighted_average,kalman(weighted_average),true
1789029551.689,45.908,1.386,-1.186,1.952,3.487,1.123,-0.881,0.879,2.737,-0.263,0.306,-1.073,1.146,8|9,weighted_average,kalman(weighted_average),true
1789029551.749,45.968,1.386,-1.192,1.969,3.503,1.379,-1.184,1.941,2.831,-0.007,0.008,-0.028,0.030,8|9,weighted_average,kalman(weighted_average),false
1789029551.790,46.009,1.368,-1.265,1.923,2.829,1.388,-1.252,1.994,2.683,0.020,0.012,0.071,0.075,8|9|11,weighted_average,kalman(weighted_average),false
1789029551.845,46.065,1.367,-1.275,1.950,2.766,1.390,-1.293,2.032,2.564,0.023,-0.019,0.081,0.087,8|9|11,weighted_average,kalman(weighted_average),false
1789029551.939,46.159,1.370,-1.292,1.900,2.544,1.382,-1.313,1.967,2.404,0.012,-0.021,0.067,0.071,9|11,weighted_average,kalman(weighted_average),false
1789029551.984,46.204,1.360,-1.364,1.893,2.203,1.368,-1.351,1.917,2.238,0.008,0.012,0.024,0.028,11,weighted_average,kalman(weighted_average),false
1789029552.059,46.279,1.360,-1.364,1.893,2.203,1.360,-1.372,1.887,2.130,-0.000,-0.009,-0.005,0.010,11,weighted_average,kalman(weighted_average),false
1789029552.093,46.313,1.366,-1.305,1.951,2.648,1.362,-1.339,1.917,2.353,-0.005,-0.035,-0.034,0.049,9|11,weighted_average,kalman(weighted_average),false
1789029552.145,46.365,1.370,-1.323,1.959,2.747,1.365,-1.329,1.941,2.554,-0.005,-0.006,-0.018,0.020,8|9|11,weighted_average,kalman(weighted_average),false
1789029552.238,46.457,1.393,-1.251,2.024,2.929,1.386,-1.267,2.008,2.845,-0.007,-0.017,-0.016,0.024,9,weighted_average,kalman(weighted_average),false
1789029552.295,46.515,1.372,-1.366,1.979,2.481,1.380,-1.324,2.000,2.685,0.008,0.042,0.021,0.047,8|9|11,weighted_average,kalman(weighted_average),false
1789029552.342,46.561,1.344,-1.458,1.920,1.310,1.359,-1.410,1.955,1.952,0.015,0.048,0.036,0.062,11,weighted_average,kalman(weighted_average),false
1789029552.390,46.610,1.355,-1.398,1.973,1.891,1.353,-1.420,1.961,1.806,-0.002,-0.022,-0.012,0.026,9|11,weighted_average,kalman(weighted_average),false
1789029552.450,46.669,1.369,-1.386,2.008,2.504,1.360,-1.412,1.989,2.072,-0.009,-0.026,-0.020,0.034,8|9|11,weighted_average,kalman(weighted_average),false
1789029552.542,46.762,1.366,-1.389,1.971,2.493,1.364,-1.399,1.980,2.333,-0.002,-0.010,0.008,0.013,9|11,weighted_average,kalman(weighted_average),false
1789029552.593,46.813,1.336,-1.481,1.965,1.741,1.346,-1.451,1.969,2.023,0.010,0.029,0.005,0.031,11,weighted_average,kalman(weighted_average),false
1789029552.648,46.868,1.361,-1.421,1.968,2.210,1.353,-1.440,1.966,2.099,-0.008,-0.020,-0.002,0.021,9|11,weighted_average,kalman(weighted_average),false
1789029552.696,46.916,1.355,-1.394,1.980,2.944,1.354,-1.415,1.973,2.539,-0.001,-0.021,-0.007,0.022,9|11,weighted_average,kalman(weighted_average),false
1789029552.747,46.967,1.360,-1.405,1.971,2.857,1.358,-1.406,1.972,2.778,-0.003,-0.001,0.001,0.003,9|11,weighted_average,kalman(weighted_average),false
1789029552.838,47.058,1.336,-1.512,1.976,1.883,1.342,-1.481,1.975,2.309,0.006,0.030,-0.001,0.031,11,weighted_average,kalman(weighted_average),false
1789029552.890,47.110,1.338,-1.531,1.934,1.751,1.337,-1.525,1.949,1.944,-0.001,0.006,0.015,0.016,11,weighted_average,kalman(weighted_average),false
1789029552.952,47.171,1.365,-1.334,2.043,3.495,1.353,-1.413,2.007,2.748,-0.012,-0.079,-0.036,0.088,9,weighted_average,kalman(weighted_average),false
1789029552.999,47.219,1.350,-1.427,1.972,3.189,1.353,-1.409,1.993,3.059,0.003,0.017,0.021,0.027,9|11,weighted_average,kalman(weighted_average),false
1789029553.049,47.268,1.336,-1.481,1.983,2.374,1.344,-1.444,1.989,2.811,0.008,0.037,0.007,0.038,9|11,weighted_average,kalman(weighted_average),false
1789029553.141,47.360,1.329,-1.498,1.971,2.579,1.331,-1.486,1.976,2.697,0.003,0.012,0.005,0.013,9|11,weighted_average,kalman(weighted_average),false
1789029553.189,47.409,1.318,-1.609,1.939,1.569,1.321,-1.572,1.950,2.051,0.003,0.037,0.011,0.039,11,weighted_average,kalman(weighted_average),false
1789029553.242,47.462,1.317,-1.524,1.977,2.494,1.315,-1.561,1.961,2.178,-0.002,-0.037,-0.016,0.040,9|11,weighted_average,kalman(weighted_average),false
1789029553.289,47.509,1.325,-1.537,1.960,2.525,1.319,-1.555,1.959,2.310,-0.007,-0.018,-0.001,0.019,9|11,weighted_average,kalman(weighted_average),false
1789029553.345,47.565,1.309,-1.653,1.922,1.269,1.312,-1.619,1.935,1.741,0.003,0.033,0.013,0.036,11,weighted_average,kalman(weighted_average),false
1789029553.436,47.656,1.314,-1.659,1.918,1.611,1.311,-1.664,1.917,1.522,-0.003,-0.005,-0.001,0.006,11,weighted_average,kalman(weighted_average),false
1789029553.490,47.710,1.309,-1.683,1.918,1.446,1.310,-1.686,1.914,1.409,0.000,-0.003,-0.004,0.005,11,weighted_average,kalman(weighted_average),false
1789029553.543,47.763,1.317,-1.681,1.900,1.667,1.314,-1.692,1.902,1.488,-0.003,-0.011,0.003,0.012,11,weighted_average,kalman(weighted_average),false
1789029553.593,47.813,1.311,-1.634,1.941,1.986,1.312,-1.663,1.922,1.725,0.002,-0.029,-0.019,0.034,9|11,weighted_average,kalman(weighted_average),false
1789029553.641,47.860,1.308,-1.722,1.915,1.322,1.310,-1.696,1.920,1.541,0.002,0.026,0.004,0.027,11,weighted_average,kalman(weighted_average),false
1789029553.734,47.954,1.317,-1.653,1.967,2.296,1.315,-1.670,1.956,2.014,-0.002,-0.016,-0.011,0.020,9|11,weighted_average,kalman(weighted_average),false
1789029553.782,48.002,1.318,-1.675,1.955,2.091,1.317,-1.670,1.961,2.121,-0.000,0.005,0.006,0.008,9|11,weighted_average,kalman(weighted_average),false
1789029553.839,48.059,1.328,-1.675,1.952,2.433,1.325,-1.671,1.960,2.367,-0.003,0.004,0.008,0.009,9|11,weighted_average,kalman(weighted_average),false
1789029553.887,48.106,1.321,-1.662,1.960,2.827,1.325,-1.665,1.962,2.685,0.003,-0.003,0.002,0.005,9|11,weighted_average,kalman(weighted_average),false
1789029553.943,48.163,1.311,-1.793,1.897,1.504,1.318,-1.742,1.923,2.166,0.006,0.050,0.026,0.057,11,weighted_average,kalman(weighted_average),false
1789029554.034,48.254,1.296,-1.840,1.910,1.040,1.300,-1.831,1.907,1.397,0.005,0.010,-0.004,0.011,11,weighted_average,kalman(weighted_average),false
1789029554.085,48.304,1.309,-1.834,1.895,1.383,1.303,-1.848,1.895,1.268,-0.006,-0.015,0.001,0.016,11,weighted_average,kalman(weighted_average),false
1789029554.140,48.360,1.305,-1.858,1.900,1.243,1.303,-1.868,1.894,1.143,-0.002,-0.010,-0.006,0.012,11,weighted_average,kalman(weighted_average),false
1789029554.185,48.404,1.310,-1.852,1.908,1.527,1.307,-1.868,1.900,1.260,-0.003,-0.016,-0.008,0.018,11,weighted_average,kalman(weighted_average),false
1789029554.245,48.465,1.308,-1.865,1.920,1.597,1.308,-1.873,1.912,1.398,0.000,-0.008,-0.008,0.011,11,weighted_average,kalman(weighted_average),false
1789029554.333,48.553,1.308,-1.893,1.911,1.521,1.308,-1.893,1.913,1.478,0.000,0.001,0.002,0.003,11,weighted_average,kalman(weighted_average),false
1789029554.398,48.618,1.313,-1.789,1.938,2.731,1.312,-1.824,1.932,2.270,-0.001,-0.035,-0.007,0.035,9|11,weighted_average,kalman(weighted_average),false
1789029554.441,48.661,1.297,-1.920,1.923,1.293,1.304,-1.873,1.929,1.866,0.006,0.047,0.006,0.048,11,weighted_average,kalman(weighted_average),false
1789029554.490,48.710,1.288,-1.959,1.939,1.002,1.294,-1.927,1.937,1.448,0.005,0.033,-0.002,0.033,11,weighted_average,kalman(weighted_average),false
1789029554.548,48.768,1.309,-1.828,1.977,2.798,1.301,-1.876,1.964,2.123,-0.008,-0.049,-0.013,0.051,9|11,weighted_average,kalman(weighted_average),false
1789029554.643,48.863,1.348,-1.689,1.997,4.536,1.337,-1.729,1.996,3.851,-0.011,-0.040,-0.001,0.041,9,weighted_average,kalman(weighted_average),false
1789029554.694,48.914,1.289,-1.994,1.954,1.168,1.337,-1.729,1.996,2.571,0.048,0.265,0.042,0.273,11,weighted_average,kalman(weighted_average),true
1789029554.750,48.970,1.293,-1.999,1.950,1.222,1.301,-1.950,1.958,1.795,0.008,0.048,0.008,0.049,11,weighted_average,kalman(weighted_average),false
1789029554.808,49.028,1.359,-1.724,1.976,4.401,1.335,-1.829,1.965,3.118,-0.025,-0.105,-0.011,0.109,9,weighted_average,kalman(weighted_average),false
1789029554.846,49.066,1.299,-2.008,1.944,1.411,1.317,-1.927,1.952,2.391,0.018,0.081,0.008,0.083,11,weighted_average,kalman(weighted_average),false
1789029554.943,49.163,1.290,-2.028,1.966,1.303,1.295,-2.022,1.959,1.644,0.005,0.006,-0.008,0.011,11,weighted_average,kalman(weighted_average),false
1789029554.996,49.216,1.283,-2.050,1.940,0.922,1.283,-2.057,1.947,1.099,0.000,-0.007,0.007,0.010,11,weighted_average,kalman(weighted_average),false
1789029555.045,49.265,1.292,-2.054,1.942,1.082,1.285,-2.071,1.942,0.925,-0.007,-0.017,0.000,0.018,11,weighted_average,kalman(weighted_average),false
1789029555.098,49.318,1.300,-2.054,1.946,1.313,1.292,-2.072,1.943,0.985,-0.008,-0.018,-0.003,0.020,11,weighted_average,kalman(weighted_average),false
1789029555.146,49.366,1.299,-2.058,1.943,1.306,1.296,-2.070,1.942,1.070,-0.003,-0.012,-0.001,0.012,11,weighted_average,kalman(weighted_average),false
1789029555.242,49.462,1.315,-2.062,1.917,1.575,1.312,-2.068,1.922,1.352,-0.004,-0.006,0.005,0.009,11,weighted_average,kalman(weighted_average),false
1789029555.290,49.510,1.297,-2.084,1.947,1.290,1.304,-2.078,1.935,1.346,0.008,0.005,-0.012,0.015,11,weighted_average,kalman(weighted_average),false
1789029555.342,49.562,1.294,-2.095,1.933,1.136,1.298,-2.091,1.934,1.252,0.004,0.004,0.001,0.006,11,weighted_average,kalman(weighted_average),false
1789029555.406,49.626,1.330,-1.988,1.935,2.418,1.318,-2.026,1.934,1.922,-0.012,-0.038,-0.000,0.040,9|11,weighted_average,kalman(weighted_average),false
1789029555.453,49.673,1.303,-2.093,1.942,1.393,1.312,-2.057,1.939,1.744,0.009,0.035,-0.003,0.037,11,weighted_average,kalman(weighted_average),false
1789029555.552,49.772,1.300,-2.119,1.934,1.226,1.303,-2.105,1.936,1.451,0.003,0.014,0.002,0.015,11,weighted_average,kalman(weighted_average),false
1789029555.610,49.830,1.335,-2.026,1.910,2.265,1.324,-2.058,1.918,1.914,-0.011,-0.032,0.008,0.035,9|11,weighted_average,kalman(weighted_average),false
1789029555.652,49.872,1.294,-2.140,1.917,1.070,1.308,-2.103,1.914,1.516,0.015,0.036,-0.002,0.039,11,weighted_average,kalman(weighted_average),false
1789029555.720,49.940,1.300,-2.137,1.944,1.251,1.302,-2.132,1.931,1.329,0.002,0.005,-0.013,0.014,10|11,weighted_average,kalman(weighted_average),false
1789029555.822,50.042,1.324,-2.027,1.924,2.814,1.318,-2.056,1.927,2.327,-0.006,-0.028,0.003,0.029,9|11,weighted_average,kalman(weighted_average),false
1789029555.876,50.096,1.326,-2.120,1.942,1.465,1.325,-2.089,1.937,1.940,-0.000,0.031,-0.005,0.032,9|11,weighted_average,kalman(weighted_average),false
1789029555.925,50.145,1.288,-2.197,1.921,0.880,1.304,-2.156,1.929,1.383,0.017,0.041,0.007,0.045,11,weighted_average,kalman(weighted_average),false
1789029555.976,50.196,1.328,-2.062,1.854,2.738,1.317,-2.110,1.883,2.031,-0.011,-0.048,0.028,0.057,9|10|11,weighted_average,kalman(weighted_average),false
1789029556.019,50.239,1.359,-1.973,1.958,3.839,1.342,-2.031,1.918,2.981,-0.018,-0.058,-0.040,0.073,9|10,weighted_average,kalman(weighted_average),false
1789029556.115,50.335,1.222,-2.044,1.855,3.622,1.257,-2.023,1.872,3.681,0.035,0.021,0.016,0.044,9|10|17,weighted_average,kalman(weighted_average),false
1789029556.172,50.392,1.360,-2.019,1.947,3.649,1.314,-2.017,1.916,3.835,-0.046,0.002,-0.031,0.056,9|10,weighted_average,kalman(weighted_average),false
1789029556.222,50.441,1.353,-1.915,1.949,5.514,1.341,-1.951,1.940,4.886,-0.012,-0.035,-0.009,0.038,9|10,weighted_average,kalman(weighted_average),false
1789029556.275,50.495,1.367,-2.108,1.931,2.509,1.364,-2.034,1.941,3.873,-0.004,0.074,0.010,0.074,9|10,weighted_average,kalman(weighted_average),false
1789029556.323,50.543,1.361,-2.003,1.906,4.496,1.370,-2.023,1.924,4.192,0.008,-0.020,0.018,0.028,9|10,weighted_average,kalman(weighted_average),false
1789029556.422,50.642,1.220,-2.148,1.754,2.941,1.261,-2.123,1.792,3.417,0.040,0.026,0.038,0.061,9|10|17,weighted_average,kalman(weighted_average),false
1789029556.470,50.690,1.379,-2.093,1.805,3.735,1.322,-2.118,1.781,3.503,-0.057,-0.025,-0.024,0.067,9|10,weighted_average,kalman(weighted_average),false
1789029556.525,50.745,1.379,-2.093,1.805,3.735,1.358,-2.111,1.781,3.571,-0.020,-0.018,-0.024,0.036,9|10,weighted_average,kalman(weighted_average),false
1789029556.578,50.798,1.211,-2.125,1.913,4.010,1.274,-2.123,1.856,3.784,0.062,0.001,-0.057,0.085,9|10|17,weighted_average,kalman(weighted_average),false
1789029556.619,50.839,1.212,-2.267,1.875,1.883,1.229,-2.207,1.875,2.865,0.017,0.059,-0.001,0.061,9|10|17,weighted_average,kalman(weighted_average),false
1789029556.712,50.932,1.332,-2.281,1.991,2.320,1.287,-2.283,1.971,2.321,-0.044,-0.002,-0.019,0.048,10,weighted_average,kalman(weighted_average),false
1789029556.763,50.983,1.376,-2.045,1.757,5.603,1.287,-2.283,1.971,4.080,-0.089,-0.238,0.215,0.333,9|10,weighted_average,kalman(weighted_average),true
1789029556.811,51.031,1.358,-2.106,1.914,4.759,1.344,-2.141,1.925,4.640,-0.014,-0.035,0.011,0.039,9|10,weighted_average,kalman(weighted_average),false
1789029556.867,51.087,1.354,-2.098,1.942,5.026,1.358,-2.093,1.930,5.099,0.005,0.005,-0.012,0.014,9|10,weighted_average,kalman(weighted_average),false
1789029556.914,51.134,1.359,-2.150,1.390,4.402,1.358,-2.093,1.930,4.950,-0.001,0.057,0.540,0.543,9|10,weighted_average,kalman(weighted_average),true
1789029557.011,51.231,1.209,-2.254,1.905,3.526,1.230,-2.231,1.909,4.167,0.021,0.023,0.003,0.031,9|10|17,weighted_average,kalman(weighted_average),false
1789029557.059,51.279,1.377,-2.148,1.671,5.141,1.312,-2.192,1.751,4.646,-0.065,-0.045,0.080,0.112,9|10,weighted_average,kalman(weighted_average),false
1789029557.114,51.333,1.365,-2.189,1.875,4.584,1.349,-2.195,1.802,4.633,-0.016,-0.005,-0.073,0.075,9|10,weighted_average,kalman(weighted_average),false
1789029557.169,51.389,1.314,-2.387,1.973,2.168,1.335,-2.320,1.905,3.287,0.022,0.067,-0.068,0.098,10,weighted_average,kalman(weighted_average),false
1789029557.212,51.432,1.199,-2.265,1.669,3.755,1.335,-2.320,1.905,3.328,0.136,-0.055,0.236,0.278,9|10|17,weighted_average,kalman(weighted_average),true
1789029557.310,51.530,1.324,-2.430,1.966,1.511,1.326,-2.415,1.957,1.921,0.002,0.016,-0.009,0.018,10,weighted_average,kalman(weighted_average),false
1789029557.371,51.591,1.313,-2.422,1.973,1.575,1.316,-2.432,1.975,1.432,0.002,-0.010,0.002,0.010,10,weighted_average,kalman(weighted_average),false
1789029557.407,51.626,1.304,-2.426,1.988,1.458,1.307,-2.436,1.987,1.264,0.003,-0.010,-0.001,0.010,10,weighted_average,kalman(weighted_average),false
1789029557.465,51.685,1.320,-2.461,1.976,1.098,1.312,-2.459,1.988,0.938,-0.008,0.002,0.011,0.014,10,weighted_average,kalman(weighted_average),false
1789029557.513,51.733,1.315,-2.471,1.982,1.108,1.313,-2.473,1.987,0.855,-0.002,-0.002,0.005,0.006,10,weighted_average,kalman(weighted_average),false
1789029557.609,51.828,1.354,-2.428,1.877,1.394,1.344,-2.447,1.905,1.036,-0.010,-0.019,0.028,0.035,9|10,weighted_average,kalman(weighted_average),false
1789029557.657,51.877,1.307,-2.509,1.987,1.108,1.325,-2.484,1.947,1.065,0.018,0.025,-0.041,0.051,10,weighted_average,kalman(weighted_average),false
1789029557.711,51.931,1.301,-2.511,1.991,1.162,1.309,-2.506,1.974,1.115,0.008,0.005,-0.017,0.020,10,weighted_average,kalman(weighted_average),false
1789029557.768,51.987,1.360,-2.074,1.458,7.795,1.309,-2.506,1.974,4.815,-0.051,-0.432,0.516,0.675,9|10,weighted_average,kalman(weighted_average),true
1789029557.811,52.031,1.305,-2.534,1.983,1.204,1.306,-2.528,1.981,3.546,0.001,0.006,-0.002,0.007,10,weighted_average,kalman(weighted_average),false
1789029557.908,52.128,1.309,-2.554,1.984,1.304,1.308,-2.552,1.985,2.356,-0.001,0.002,0.000,0.003,10,weighted_average,kalman(weighted_average),false
1789029557.957,52.177,1.166,-2.297,1.608,5.091,1.308,-2.552,1.985,3.811,0.141,-0.255,0.377,0.476,9|17,weighted_average,kalman(weighted_average),true
1789029558.023,52.243,1.166,-2.297,1.608,5.091,1.189,-2.338,1.669,4.755,0.023,-0.041,0.061,0.077,9|17,weighted_average,kalman(weighted_average),false
1789029558.064,52.284,1.185,-2.425,1.804,3.146,1.173,-2.368,1.716,4.126,-0.012,0.057,-0.087,0.105,9|17,weighted_average,kalman(weighted_average),false
1789029558.111,52.331,1.182,-2.463,1.834,2.461,1.165,-2.408,1.763,3.356,-0.017,0.055,-0.071,0.091,9|17,weighted_average,kalman(weighted_average),false
1789029558.202,52.422,1.174,-2.520,1.916,1.618,1.161,-2.489,1.872,2.120,-0.013,0.031,-0.044,0.055,9|17,weighted_average,kalman(weighted_average),false
1789029558.262,52.482,1.372,-2.406,1.952,3.245,1.303,-2.445,1.944,2.564,-0.068,-0.039,-0.008,0.079,9,weighted_average,kalman(weighted_average),false
1789029558.308,52.528,1.357,-2.559,1.879,0.884,1.357,-2.514,1.924,1.601,0.000,0.045,0.044,0.063,9,weighted_average,kalman(weighted_average),false
1789029558.362,52.582,1.167,-2.606,1.873,0.651,1.265,-2.582,1.902,0.878,0.098,0.023,0.029,0.104,9|17,weighted_average,kalman(weighted_average),false
1789029558.407,52.627,1.347,-1.634,1.036,16.740,1.265,-2.582,1.902,8.626,-0.083,-0.949,0.866,1.287,9,weighted_average,kalman(weighted_average),true
1789029558.500,52.720,1.421,-2.357,1.600,5.094,1.397,-2.391,1.646,7.864,-0.024,-0.034,0.046,0.062,9,weighted_average,kalman(weighted_average),false
1789029558.578,52.798,1.383,-2.519,1.853,2.538,1.397,-2.391,1.646,4.617,0.014,0.128,-0.207,0.244,9,weighted_average,kalman(weighted_average),true
1789029558.606,52.826,1.360,-2.633,1.826,0.711,1.367,-2.590,1.795,2.432,0.007,0.042,-0.032,0.053,9,weighted_average,kalman(weighted_average),false
1789029558.660,52.880,1.375,-1.618,1.188,17.843,1.367,-2.590,1.795,9.770,-0.008,-0.973,0.607,1.146,9,weighted_average,kalman(weighted_average),true
1789029558.714,52.933,1.383,-2.556,1.799,2.426,1.380,-2.562,1.798,6.742,-0.003,-0.007,-0.001,0.007,9,weighted_average,kalman(weighted_average),false
1789029558.806,53.026,1.331,-1.521,1.049,19.761,1.380,-2.562,1.798,15.370,0.049,-1.042,0.749,1.284,9,weighted_average,kalman(weighted_average),true
1789029558.855,53.075,1.338,-1.504,1.107,20.182,1.380,-2.562,1.798,19.386,0.042,-1.059,0.691,1.265,9,weighted_average,kalman(weighted_average),true
1789029558.905,53.125,1.452,-2.059,1.542,10.978,1.446,-2.097,1.561,16.409,-0.005,-0.037,0.019,0.042,9,weighted_average,kalman(weighted_average),false
1789029558.966,53.186,1.153,-2.277,1.589,7.769,1.446,-2.097,1.561,12.150,0.293,0.180,-0.028,0.345,9|17,weighted_average,kalman(weighted_average),true
1789029559.013,53.233,1.328,-1.483,1.055,20.900,1.446,-2.097,1.561,16.341,0.118,-0.614,0.506,0.804,9,weighted_average,kalman(weighted_average),true
1789029559.106,53.326,1.154,-2.258,1.618,8.323,1.176,-2.245,1.614,11.630,0.022,0.012,-0.004,0.025,9|17,weighted_average,kalman(weighted_average),false
1789029559.155,53.375,1.342,-1.485,1.088,21.156,1.176,-2.245,1.614,16.520,-0.166,-0.760,0.526,0.940,9,weighted_average,kalman(weighted_average),true
1789029559.216,53.436,1.370,-2.673,1.830,1.496,1.176,-2.245,1.614,8.302,-0.194,0.427,-0.216,0.517,9,weighted_average,kalman(weighted_average),true
1789029559.257,53.477,1.377,-2.667,1.772,1.695,1.355,-2.622,1.755,3.969,-0.022,0.046,-0.017,0.053,9,weighted_average,kalman(weighted_average),false
1789029559.307,53.527,1.324,-1.442,1.049,22.155,1.355,-2.622,1.755,11.649,0.031,-1.179,0.706,1.375,9,weighted_average,kalman(weighted_average),true
1789029559.390,53.610,1.334,-1.458,1.101,21.965,1.355,-2.622,1.755,18.435,0.021,-1.163,0.654,1.335,9,weighted_average,kalman(weighted_average),true
1789029559.445,53.665,1.330,-1.462,1.087,21.935,1.355,-2.622,1.755,21.671,0.025,-1.160,0.668,1.338,9,weighted_average,kalman(weighted_average),true
1789029559.495,53.715,1.376,-2.639,1.841,2.371,1.375,-2.638,1.837,12.521,-0.001,0.001,-0.005,0.005,9,weighted_average,kalman(weighted_average),false
1789029559.545,53.765,1.334,-2.746,1.912,0.507,1.351,-2.709,1.892,5.552,0.016,0.037,-0.020,0.046,9,weighted_average,kalman(weighted_average),false
1789029559.597,53.817,1.351,-2.665,1.953,1.882,1.348,-2.694,1.942,1.964,-0.003,-0.028,-0.010,0.030,9,weighted_average,kalman(weighted_average),false
1789029559.687,53.907,1.364,-2.642,1.889,2.209,1.358,-2.658,1.919,-0.022,-0.006,-0.016,0.030,0.035,9,weighted_average,kalman(weighted_average),false
1789029559.744,53.964,1.358,-2.705,1.799,1.109,1.360,-2.685,1.837,-0.256,0.001,0.020,0.038,0.043,9,weighted_average,kalman(weighted_average),false
1789029559.793,54.013,1.379,-1.596,1.180,19.458,1.360,-2.685,1.837,9.906,-0.019,-1.089,0.657,1.272,9,weighted_average,kalman(weighted_average),true
1789029559.856,54.076,1.379,-1.596,1.180,19.458,1.360,-2.685,1.837,16.863,-0.019,-1.089,0.657,1.272,9,weighted_average,kalman(weighted_average),true
1789029559.894,54.114,1.313,-1.473,0.973,21.672,1.360,-2.685,1.837,20.734,0.047,-1.212,0.864,1.490,9,weighted_average,kalman(weighted_average),true
1789029559.986,54.206,1.293,-2.766,2.051,-0.136,1.297,-2.762,2.040,10.026,0.003,0.004,-0.011,0.012,9,weighted_average,kalman(weighted_average),false
1789029560.064,54.284,1.358,-2.593,1.948,2.813,1.337,-2.642,1.989,4.040,-0.021,-0.049,0.041,0.067,9,weighted_average,kalman(weighted_average),false
1789029560.109,54.329,1.337,-2.663,1.970,1.526,1.341,-2.640,1.975,1.365,0.004,0.022,0.005,0.023,9,weighted_average,kalman(weighted_average),false
1789029560.155,54.375,1.297,-1.471,0.945,21.451,1.341,-2.640,1.975,10.430,0.044,-1.170,1.030,1.559,9,weighted_average,kalman(weighted_average),true
1789029560.207,54.427,1.129,-2.756,1.972,-0.090,1.176,-2.731,1.973,5.522,0.047,0.026,0.001,0.053,9|17,weighted_average,kalman(weighted_average),false
1789029560.301,54.521,1.316,-1.542,0.960,19.975,1.176,-2.731,1.973,14.448,-0.140,-1.188,1.013,1.568,9,weighted_average,kalman(weighted_average),true
1789029560.351,54.571,1.161,-2.639,1.937,1.693,1.163,-2.650,1.942,8.278,0.002,-0.011,0.004,0.012,9|17,weighted_average,kalman(weighted_average),false
1789029560.414,54.634,1.348,-2.562,1.981,2.772,1.290,-2.579,1.965,4.852,-0.059,-0.017,-0.016,0.063,9,weighted_average,kalman(weighted_average),false
1789029560.452,54.672,1.336,-2.597,1.999,2.119,1.332,-2.576,1.986,2.937,-0.004,0.021,-0.013,0.026,9,weighted_average,kalman(weighted_average),false
1789029560.534,54.754,1.312,-2.653,2.051,1.057,1.341,-2.618,2.038,0.707,0.029,0.036,-0.013,0.048,9,weighted_average,kalman(weighted_average),false
1789029560.621,54.841,1.388,-2.529,1.807,2.723,1.384,-2.554,1.870,1.228,-0.003,-0.024,0.064,0.068,9,weighted_average,kalman(weighted_average),false
1789029560.676,54.896,1.408,-2.486,1.716,3.457,1.409,-2.499,1.744,2.368,0.000,-0.014,0.028,0.031,9,weighted_average,kalman(weighted_average),false
1789029560.730,54.950,1.333,-2.703,1.940,-0.080,1.409,-2.499,1.744,1.051,0.075,0.204,-0.196,0.292,9,weighted_average,kalman(weighted_average),true
1789029560.773,54.993,1.309,-2.743,1.978,-0.644,1.331,-2.689,1.926,0.034,0.022,0.054,-0.052,0.078,9,weighted_average,kalman(weighted_average),false
1789029560.829,55.049,1.443,-2.432,1.466,5.032,1.331,-2.689,1.926,2.350,-0.111,-0.257,0.460,0.539,9,weighted_average,kalman(weighted_average),true
1789029560.925,55.145,1.348,-1.432,1.036,22.631,1.331,-2.689,1.926,16.237,-0.017,-1.257,0.890,1.540,9,weighted_average,kalman(weighted_average),true
1789029560.976,55.196,1.353,-2.727,1.984,1.136,1.352,-2.724,1.979,9.553,-0.002,0.003,-0.004,0.005,9,weighted_average,kalman(weighted_average),false
1789029561.025,55.245,1.322,-2.881,1.978,-0.860,1.335,-2.829,1.983,4.276,0.012,0.052,0.006,0.054,9,weighted_average,kalman(weighted_average),false
1789029561.080,55.300,1.351,-2.832,1.949,0.295,1.344,-2.850,1.966,1.457,-0.008,-0.018,0.017,0.026,9,weighted_average,kalman(weighted_average),false
1789029561.130,55.350,1.349,-2.883,1.912,-0.014,1.348,-2.883,1.932,-0.180,-0.001,-0.000,0.020,0.020,9,weighted_average,kalman(weighted_average),false
1789029561.222,55.442,1.333,-2.902,1.996,0.438,1.338,-2.912,1.973,-0.886,0.005,-0.010,-0.023,0.026,9,weighted_average,kalman(weighted_average),false
1789029561.273,55.493,1.340,-2.928,1.918,0.265,1.338,-2.929,1.942,-0.600,-0.002,-0.002,0.024,0.024,9,weighted_average,kalman(weighted_average),false
1789029561.329,55.549,1.441,-2.714,1.755,4.421,1.403,-2.799,1.820,1.995,-0.038,-0.085,0.065,0.114,9,weighted_average,kalman(weighted_average),false
1789029561.379,55.599,1.281,-1.169,0.974,30.243,1.403,-2.799,1.820,17.376,0.123,-1.629,0.846,1.840,9,weighted_average,kalman(weighted_average),true
1789029561.427,55.647,1.283,-1.176,0.937,30.556,1.403,-2.799,1.820,26.828,0.120,-1.623,0.883,1.851,9,weighted_average,kalman(weighted_average),true
1789029561.515,55.735,1.508,-2.512,1.637,8.769,1.499,-2.538,1.654,19.884,-0.010,-0.026,0.017,0.032,9,weighted_average,kalman(weighted_average),false
1789029561.575,55.795,1.290,-3.094,1.944,-0.734,1.499,-2.538,1.654,7.627,0.209,0.556,-0.290,0.661,9,weighted_average,kalman(weighted_average),true
1789029561.618,55.838,1.267,-3.115,2.019,-0.768,1.499,-2.538,1.654,1.528,0.232,0.577,-0.365,0.721,9,weighted_average,kalman(weighted_average),true
1789029561.686,55.906,1.261,-3.139,2.024,-1.007,1.499,-2.538,1.654,-2.782,0.238,0.601,-0.370,0.745,9,weighted_average,kalman(weighted_average),true
1789029561.717,55.937,1.090,-3.108,1.933,-0.099,1.117,-3.071,1.914,-2.872,0.027,0.038,-0.019,0.050,9|18,weighted_average,kalman(weighted_average),false
1789029561.809,56.029,1.064,-3.126,1.981,0.139,1.036,-3.169,1.993,-3.098,-0.028,-0.043,0.012,0.053,9|18,weighted_average,kalman(weighted_average),false
1789029561.867,56.087,1.067,-3.145,1.970,-0.016,1.035,-3.180,1.995,-1.820,-0.031,-0.035,0.025,0.053,9|18,weighted_average,kalman(weighted_average),false
1789029561.913,56.133,1.064,-3.138,1.976,0.296,1.043,-3.169,1.992,-0.796,-0.021,-0.031,0.016,0.041,9|18,weighted_average,kalman(weighted_average),false
1789029561.962,56.182,1.062,-3.159,1.984,0.049,1.049,-3.170,1.993,-0.270,-0.013,-0.012,0.008,0.019,9|18,weighted_average,kalman(weighted_average),false
1789029562.015,56.235,1.061,-3.156,1.979,0.241,1.054,-3.166,1.987,0.154,-0.006,-0.011,0.009,0.015,9|18,weighted_average,kalman(weighted_average),false
1789029562.108,56.328,1.064,-3.178,1.970,0.072,1.062,-3.177,1.975,0.316,-0.003,0.001,0.005,0.006,9|18,weighted_average,kalman(weighted_average),false
1789029562.159,56.378,1.067,-3.187,1.978,0.003,1.066,-3.186,1.975,0.212,-0.001,0.002,-0.003,0.003,9|18,weighted_average,kalman(weighted_average),false
1789029562.210,56.430,1.067,-3.182,1.968,0.220,1.068,-3.186,1.970,0.252,0.001,-0.004,0.002,0.005,9|18,weighted_average,kalman(weighted_average),false
1789029562.263,56.483,1.065,-3.213,2.002,-0.344,1.068,-3.204,1.988,-0.037,0.002,0.009,-0.014,0.017,9|18,weighted_average,kalman(weighted_average),false
1789029562.310,56.530,1.054,-3.203,1.992,0.085,1.060,-3.207,1.993,-0.003,0.006,-0.005,0.001,0.008,9|18,weighted_average,kalman(weighted_average),false
1789029562.398,56.618,1.059,-3.223,2.001,-0.426,1.059,-3.222,2.001,-0.292,-0.001,0.001,0.000,0.001,9|18,weighted_average,kalman(weighted_average),false
1789029562.451,56.671,1.054,-3.216,1.999,-0.267,1.055,-3.221,2.002,-0.328,0.001,-0.005,0.003,0.006,9|18,weighted_average,kalman(weighted_average),false
1789029562.515,56.735,1.066,-3.203,1.980,-0.077,1.062,-3.211,1.989,-0.224,-0.004,-0.008,0.008,0.012,9|18,weighted_average,kalman(weighted_average),false
1789029562.553,56.773,1.054,-3.208,1.992,-0.141,1.058,-3.208,1.989,-0.186,0.004,-0.000,-0.003,0.005,9|18,weighted_average,kalman(weighted_average),false
1789029562.612,56.832,1.069,-3.197,1.989,-0.134,1.065,-3.200,1.988,-0.154,-0.004,-0.003,-0.001,0.005,9|18,weighted_average,kalman(weighted_average),false
1789029562.702,56.922,1.051,-3.197,2.009,-0.184,1.056,-3.195,2.003,-0.165,0.005,0.001,-0.006,0.008,9|18,weighted_average,kalman(weighted_average),false
1789029562.755,56.975,1.053,-3.193,2.008,-0.162,1.053,-3.193,2.009,-0.162,-0.000,0.000,0.000,0.001,9|18,weighted_average,kalman(weighted_average),false
1789029562.812,57.032,1.063,-3.193,1.989,-0.288,1.059,-3.192,1.998,-0.233,-0.005,0.001,0.009,0.010,9|18,weighted_average,kalman(weighted_average),false
1789029562.858,57.078,1.052,-3.189,2.015,-0.276,1.055,-3.190,2.008,-0.266,0.003,-0.000,-0.008,0.008,9|18,weighted_average,kalman(weighted_average),false
1789029562.906,57.126,1.054,-3.188,2.022,-0.330,1.054,-3.188,2.017,-0.311,-0.000,0.000,-0.005,0.005,9|18,weighted_average,kalman(weighted_average),false
1789029563.001,57.221,1.054,-3.181,2.015,-0.288,1.053,-3.182,2.018,-0.318,-0.000,-0.001,0.003,0.003,9|18,weighted_average,kalman(weighted_average),false
1789029563.051,57.271,1.048,-3.174,2.029,-0.166,1.050,-3.176,2.026,-0.237,0.002,-0.002,-0.003,0.004,9|18,weighted_average,kalman(weighted_average),false
1789029563.106,57.326,1.052,-3.173,2.026,-0.254,1.050,-3.172,2.028,-0.237,-0.001,0.001,0.002,0.002,9|18,weighted_average,kalman(weighted_average),false
1789029563.149,57.369,1.052,-3.160,2.024,-0.008,1.051,-3.164,2.027,-0.115,-0.001,-0.003,0.003,0.005,9|18,weighted_average,kalman(weighted_average),false
1789029563.210,57.430,1.055,-3.165,2.035,-0.259,1.054,-3.162,2.032,-0.166,-0.002,0.003,-0.002,0.004,9|18,weighted_average,kalman(weighted_average),false
1789029563.305,57.525,1.055,-3.157,2.030,-0.195,1.055,-3.157,2.032,-0.178,0.000,0.001,0.002,0.002,9|18,weighted_average,kalman(weighted_average),false
1789029563.356,57.576,1.061,-3.152,2.040,-0.208,1.059,-3.153,2.037,-0.196,-0.002,-0.000,-0.003,0.003,9|18,weighted_average,kalman(weighted_average),false
1789029563.414,57.634,1.051,-3.162,2.032,-0.386,1.054,-3.158,2.035,-0.308,0.004,0.005,0.003,0.007,9|18,weighted_average,kalman(weighted_average),false
1789029563.456,57.676,1.052,-3.153,2.050,-0.256,1.053,-3.155,2.044,-0.299,0.001,-0.002,-0.006,0.007,9|18,weighted_average,kalman(weighted_average),false
1789029563.514,57.734,1.043,-3.165,2.052,-0.492,1.046,-3.161,2.051,-0.417,0.003,0.004,-0.001,0.005,9|18,weighted_average,kalman(weighted_average),false
1789029563.603,57.823,1.058,-3.155,2.045,-0.335,1.053,-3.157,2.048,-0.399,-0.005,-0.003,0.004,0.007,9|18,weighted_average,kalman(weighted_average),false
1789029563.656,57.876,1.060,-3.150,2.046,-0.227,1.059,-3.152,2.047,-0.306,-0.002,-0.002,0.001,0.003,9|18,weighted_average,kalman(weighted_average),false
1789029563.714,57.934,1.063,-3.153,2.049,-0.291,1.063,-3.151,2.048,-0.286,0.000,0.001,-0.001,0.002,9|18,weighted_average,kalman(weighted_average),false
1789029563.761,57.981,1.063,-3.155,2.052,-0.317,1.064,-3.153,2.050,-0.293,0.002,0.002,-0.002,0.003,9|18,weighted_average,kalman(weighted_average),false
1789029563.813,58.033,1.071,-3.147,2.052,-0.148,1.069,-3.149,2.052,-0.212,-0.002,-0.002,-0.000,0.003,9|18,weighted_average,kalman(weighted_average),false
1789029563.906,58.126,1.083,-3.153,2.060,-0.309,1.081,-3.151,2.059,-0.253,-0.002,0.002,-0.001,0.003,9|18,weighted_average,kalman(weighted_average),false
1789029563.952,58.172,1.087,-3.157,2.043,-0.329,1.087,-3.155,2.050,-0.296,-0.000,0.002,0.007,0.007,9|18,weighted_average,kalman(weighted_average),false
1789029564.015,58.235,1.106,-3.146,2.057,-0.179,1.102,-3.150,2.054,-0.237,-0.004,-0.004,-0.003,0.006,9|18,weighted_average,kalman(weighted_average),false
1789029564.054,58.274,1.296,-3.184,2.118,-0.933,1.216,-3.169,2.091,-0.584,-0.080,0.015,-0.027,0.085,9,weighted_average,kalman(weighted_average),false
1789029564.120,58.340,1.122,-3.144,2.051,-0.078,1.181,-3.156,2.073,-0.364,0.059,-0.012,0.022,0.064,9|18,weighted_average,kalman(weighted_average),false
1789029564.210,58.430,1.132,-3.148,2.071,-0.121,1.147,-3.149,2.071,-0.192,0.015,-0.001,0.000,0.015,9|18,weighted_average,kalman(weighted_average),false
1789029564.268,58.488,1.072,-3.147,2.035,-0.091,1.091,-3.146,2.046,-0.102,0.019,0.001,0.011,0.022,18,weighted_average,kalman(weighted_average),false
1789029564.314,58.534,1.082,-3.156,2.040,-0.302,1.075,-3.151,2.038,-0.179,-0.007,0.005,-0.001,0.009,18,weighted_average,kalman(weighted_average),false
1789029564.374,58.594,1.174,-3.161,2.073,-0.411,1.128,-3.158,2.056,-0.297,-0.047,0.004,-0.017,0.050,9|18,weighted_average,kalman(weighted_average),false
1789029564.413,58.633,1.183,-3.163,2.084,-0.420,1.162,-3.162,2.073,-0.369,-0.020,0.001,-0.011,0.023,9|18,weighted_average,kalman(weighted_average),false
1789029564.505,58.725,1.123,-3.155,2.050,-0.213,1.144,-3.159,2.060,-0.299,0.021,-0.003,0.010,0.023,18,weighted_average,kalman(weighted_average),false
1789029564.556,58.776,1.220,-3.155,2.068,-0.172,1.192,-3.156,2.064,-0.222,-0.028,-0.001,-0.004,0.028,9|18,weighted_average,kalman(weighted_average),false
1789029564.609,58.829,1.224,-3.147,2.070,0.035,1.220,-3.150,2.068,-0.066,-0.004,-0.003,-0.002,0.006,9|18,weighted_average,kalman(weighted_average),false
1789029564.662,58.882,1.239,-3.163,2.060,-0.257,1.241,-3.156,2.064,-0.131,0.002,0.007,0.003,0.008,9|18,weighted_average,kalman(weighted_average),false
1789029564.712,58.932,1.238,-3.161,2.074,-0.188,1.248,-3.160,2.070,-0.149,0.009,0.001,-0.005,0.011,9|18,weighted_average,kalman(weighted_average),false
1789029564.807,59.027,1.266,-3.175,2.076,-0.451,1.268,-3.172,2.075,-0.343,0.003,0.003,-0.001,0.004,9|18,weighted_average,kalman(weighted_average),false
1789029564.854,59.074,1.196,-3.177,2.036,-0.611,1.226,-3.177,2.051,-0.521,0.030,-0.000,0.015,0.033,18,weighted_average,kalman(weighted_average),false
1789029564.909,59.129,1.291,-3.186,2.042,-0.741,1.262,-3.185,2.041,-0.695,-0.029,0.001,-0.000,0.029,9|18,weighted_average,kalman(weighted_average),false
1789029564.956,59.176,1.303,-3.185,2.039,-0.679,1.290,-3.187,2.036,-0.744,-0.013,-0.003,-0.002,0.013,9|18,weighted_average,kalman(weighted_average),false
1789029565.017,59.237,1.300,-3.166,2.053,-0.215,1.304,-3.176,2.044,-0.507,0.004,-0.010,-0.009,0.014,9|18,weighted_average,kalman(weighted_average),false
1789029565.109,59.329,1.316,-3.171,2.042,-0.298,1.320,-3.171,2.043,-0.353,0.004,0.000,0.000,0.004,9|18,weighted_average,kalman(weighted_average),false
1789029565.163,59.383,1.331,-3.165,2.045,-0.165,1.330,-3.166,2.044,-0.215,-0.000,-0.001,-0.001,0.002,9|18,weighted_average,kalman(weighted_average),false
1789029565.212,59.432,1.323,-3.176,2.059,-0.303,1.330,-3.171,2.054,-0.224,0.006,0.005,-0.006,0.010,9|18,weighted_average,kalman(weighted_average),false
1789029565.265,59.485,1.333,-3.162,2.059,0.060,1.334,-3.166,2.059,-0.046,0.001,-0.004,-0.000,0.004,9|18,weighted_average,kalman(weighted_average),false
1789029565.313,59.534,1.359,-3.183,2.043,-0.456,1.351,-3.175,2.051,-0.212,-0.009,0.008,0.008,0.014,9|18,weighted_average,kalman(weighted_average),false
1789029565.408,59.628,1.373,-2.610,1.682,8.147,1.351,-3.175,2.051,5.301,-0.023,-0.565,0.370,0.676,9|18,weighted_average,kalman(weighted_average),true
1789029565.456,59.676,1.408,-3.178,2.005,-0.310,1.400,-3.177,2.011,2.909,-0.008,0.000,0.006,0.010,9|18,weighted_average,kalman(weighted_average),false
1789029565.511,59.732,1.388,-3.186,2.024,-0.304,1.398,-3.183,2.015,1.319,0.010,0.003,-0.009,0.014,9|18,weighted_average,kalman(weighted_average),false
1789029565.561,59.781,1.403,-3.174,2.027,0.007,1.404,-3.179,2.020,0.478,0.002,-0.005,-0.007,0.009,9|18,weighted_average,kalman(weighted_average),false
1789029565.609,59.829,1.414,-3.190,2.042,-0.746,1.413,-3.185,2.032,-0.380,-0.001,0.005,-0.010,0.011,9|18,weighted_average,kalman(weighted_average),false
1789029565.701,59.921,1.434,-3.191,2.035,-2.070,1.432,-3.191,2.037,-1.883,-0.001,0.000,0.001,0.002,9|18,weighted_average,kalman(weighted_average),false
1789029565.752,59.972,1.448,-3.171,2.004,-2.135,1.446,-3.179,2.017,-2.349,-0.002,-0.008,0.012,0.015,9|18,weighted_average,kalman(weighted_average),false
1789029565.815,60.035,1.443,-3.202,2.011,-3.512,1.449,-3.193,2.010,-3.369,0.006,0.009,-0.001,0.011,9|18,weighted_average,kalman(weighted_average),false
1789029565.851,60.071,1.324,-3.166,2.057,-2.783,1.381,-3.179,2.034,-3.342,0.057,-0.013,-0.023,0.063,18,weighted_average,kalman(weighted_average),false
1789029565.909,60.129,1.246,-3.148,2.251,-2.636,1.287,-3.158,2.170,-3.252,0.041,-0.011,-0.081,0.091,18,weighted_average,kalman(weighted_average),false
1789029566.001,60.221,1.641,-3.277,2.162,-6.121,1.287,-3.158,2.170,-5.324,-0.354,0.118,0.008,0.374,10,weighted_average,kalman(weighted_average),true
1789029566.052,60.272,1.659,-3.306,2.137,-6.818,1.611,-3.287,2.141,-6.540,-0.048,0.019,0.004,0.052,10,weighted_average,kalman(weighted_average),false
1789029566.109,60.329,1.642,-3.329,2.126,-8.090,1.673,-3.331,2.127,-7.887,0.031,-0.002,0.001,0.031,10,weighted_average,kalman(weighted_average),false
1789029566.150,60.370,1.652,-3.311,2.126,-8.688,1.691,-3.334,2.123,-8.723,0.039,-0.023,-0.003,0.045,10,weighted_average,kalman(weighted_average),false
1789029566.212,60.433,1.635,-3.296,2.154,-9.012,1.683,-3.322,2.138,-9.464,0.048,-0.026,-0.015,0.057,10,weighted_average,kalman(weighted_average),false
1789029566.304,60.524,1.648,-3.322,2.182,-10.509,1.667,-3.325,2.173,-10.675,0.019,-0.003,-0.009,0.021,10,weighted_average,kalman(weighted_average),false
1789029566.352,60.572,1.657,-3.297,2.156,-10.630,1.660,-3.308,2.168,-10.953,0.003,-0.011,0.011,0.016,10,weighted_average,kalman(weighted_average),false
1789029566.412,60.632,1.556,-3.470,2.129,-13.746,1.591,-3.411,2.145,-12.844,0.034,0.059,0.016,0.070,11,weighted_average,kalman(weighted_average),false
1789029566.453,60.673,1.590,-3.405,2.132,-13.718,1.579,-3.422,2.135,-13.692,-0.011,-0.017,0.003,0.020,10|11,weighted_average,kalman(weighted_average),false
1789029566.512,60.732,1.589,-3.412,2.139,-14.206,1.574,-3.430,2.134,-14.521,-0.015,-0.018,-0.005,0.024,10|11,weighted_average,kalman(weighted_average),false
1789029566.606,60.826,1.563,-3.413,2.144,-15.669,1.559,-3.426,2.140,-15.838,-0.004,-0.012,-0.005,0.014,10|11,weighted_average,kalman(weighted_average),false
1789029566.655,60.875,1.529,-3.476,2.131,-17.366,1.536,-3.459,2.135,-17.028,0.008,0.017,0.004,0.019,11,weighted_average,kalman(weighted_average),false
1789029566.719,60.939,1.599,-3.371,2.129,-16.814,1.572,-3.406,2.130,-17.388,-0.027,-0.035,0.002,0.044,9|11,weighted_average,kalman(weighted_average),false
1789029566.757,60.977,1.622,-3.346,2.126,-16.933,1.603,-3.367,2.127,-17.396,-0.019,-0.021,0.001,0.028,8|9|11,weighted_average,kalman(weighted_average),false
1789029566.812,61.032,1.547,-3.458,2.141,-18.554,1.577,-3.410,2.134,-18.251,0.031,0.048,-0.007,0.057,11,weighted_average,kalman(weighted_average),false
1789029566.911,61.131,1.568,-3.400,2.146,-19.060,1.570,-3.404,2.144,-19.171,0.002,-0.004,-0.002,0.005,10|11,weighted_average,kalman(weighted_average),false
1789029566.958,61.178,1.565,-3.409,2.149,-19.579,1.565,-3.407,2.149,-19.606,0.001,0.002,-0.001,0.002,10|11,weighted_average,kalman(weighted_average),false
1789029567.015,61.235,1.609,-3.329,2.134,-19.610,1.592,-3.357,2.141,-19.853,-0.017,-0.028,0.007,0.033,9|10|11,weighted_average,kalman(weighted_average),false
1789029567.058,61.278,1.598,-3.351,2.182,-20.136,1.599,-3.346,2.165,-20.156,0.001,0.006,-0.018,0.018,8|10|11,weighted_average,kalman(weighted_average),false
1789029567.115,61.335,1.597,-3.316,2.145,-20.715,1.602,-3.319,2.157,-20.650,0.005,-0.004,0.012,0.013,9|10|11,weighted_average,kalman(weighted_average),false
1789029567.212,61.432,1.511,-3.450,2.156,-23.378,1.534,-3.411,2.156,-22.745,0.023,0.039,0.001,0.045,11,weighted_average,kalman(weighted_average),false
1789029567.267,61.487,1.542,-3.395,2.146,-23.072,1.529,-3.412,2.149,-23.316,-0.013,-0.018,0.004,0.022,10|11,weighted_average,kalman(weighted_average),false
1789029567.313,61.533,1.538,-3.381,2.163,-23.692,1.528,-3.401,2.157,-23.833,-0.009,-0.019,-0.007,0.022,10|11,weighted_average,kalman(weighted_average),false
1789029567.364,61.584,1.582,-3.336,2.172,-23.549,1.556,-3.364,2.166,-24.005,-0.025,-0.028,-0.005,0.038,8|10|11,weighted_average,kalman(weighted_average),false
1789029567.415,61.635,1.576,-3.334,2.169,-23.935,1.571,-3.341,2.170,-24.212,-0.005,-0.007,0.001,0.009,8|10|11,weighted_average,kalman(weighted_average),false
1789029567.507,61.727,1.497,-3.420,2.158,-26.505,1.520,-3.393,2.163,-25.960,0.023,0.028,0.005,0.036,11,weighted_average,kalman(weighted_average),false
1789029567.554,61.774,1.603,-3.252,2.136,-25.090,1.566,-3.309,2.145,-25.779,-0.037,-0.057,0.009,0.068,8|9|10|11,weighted_average,kalman(weighted_average),false
1789029567.613,61.833,1.529,-3.345,2.140,-26.653,1.546,-3.321,2.138,-26.492,0.017,0.023,-0.002,0.029,10|11,weighted_average,kalman(weighted_average),false
1789029567.657,61.877,1.558,-3.262,2.197,-26.279,1.552,-3.284,2.170,-26.599,-0.007,-0.022,-0.027,0.035,8|9|10|11,weighted_average,kalman(weighted_average),false
1789029567.707,61.927,1.512,-3.345,2.140,-27.969,1.528,-3.311,2.156,-27.491,0.016,0.034,0.016,0.041,10|11,weighted_average,kalman(weighted_average),false
1789029567.803,62.023,1.559,-3.242,2.176,-27.877,1.547,-3.259,2.171,-28.111,-0.012,-0.017,-0.005,0.021,8|9|10|11,weighted_average,kalman(weighted_average),false
1789029567.855,62.075,1.496,-3.318,2.145,-29.249,1.515,-3.290,2.156,-28.949,0.020,0.028,0.011,0.036,10|11,weighted_average,kalman(weighted_average),false
1789029567.908,62.128,1.570,-3.222,2.152,-28.532,1.546,-3.248,2.152,-28.976,-0.024,-0.026,0.000,0.035,10,weighted_average,kalman(weighted_average),false
1789029567.953,62.174,1.522,-3.272,2.147,-30.160,1.535,-3.255,2.148,-29.745,0.013,0.017,0.001,0.021,9|10|11,weighted_average,kalman(weighted_average),false
1789029568.011,62.231,1.503,-3.272,2.179,-31.037,1.515,-3.262,2.166,-30.708,0.012,0.010,-0.014,0.021,9|10|11,weighted_average,kalman(weighted_average),false
1789029568.108,62.329,1.522,-3.290,2.165,-31.223,1.516,-3.284,2.167,-31.463,-0.005,0.006,0.003,0.009,8|10|11,weighted_average,kalman(weighted_average),false
1789029568.155,62.375,1.509,-3.244,2.176,-32.178,1.511,-3.261,2.174,-32.057,0.002,-0.017,-0.003,0.018,9|10|11,weighted_average,kalman(weighted_average),false
1789029568.212,62.432,1.491,-3.312,2.154,-33.362,1.497,-3.292,2.163,-33.053,0.006,0.020,0.009,0.023,10|11,weighted_average,kalman(weighted_average),false
1789029568.257,62.477,1.480,-3.311,2.147,-33.869,1.484,-3.307,2.152,-33.769,0.004,0.004,0.005,0.008,10|11,weighted_average,kalman(weighted_average),false
1789029568.316,62.537,1.511,-3.264,2.175,-34.442,1.496,-3.286,2.164,-34.514,-0.014,-0.022,-0.011,0.029,9|10|11,weighted_average,kalman(weighted_average),false
1789029568.412,62.632,1.484,-3.304,2.160,-35.801,1.487,-3.299,2.162,-35.800,0.003,0.006,0.002,0.006,10|11,weighted_average,kalman(weighted_average),false
1789029568.463,62.683,1.502,-3.255,2.181,-36.564,1.496,-3.272,2.174,-36.534,-0.006,-0.017,-0.007,0.019,9|11,weighted_average,kalman(weighted_average),false
1789029568.514,62.734,1.484,-3.265,2.209,-37.190,1.489,-3.264,2.198,-37.208,0.005,0.001,-0.011,0.012,9|10|11,weighted_average,kalman(weighted_average),false
1789029568.563,62.783,1.568,-3.202,2.134,-36.325,1.536,-3.223,2.164,-37.064,-0.032,-0.021,0.031,0.049,10,weighted_average,kalman(weighted_average),false
1789029568.617,62.837,1.542,-3.171,2.215,-37.325,1.548,-3.182,2.192,-37.403,0.006,-0.011,-0.022,0.025,9|10,weighted_average,kalman(weighted_average),false
1789029568.712,62.932,1.566,-3.188,2.164,-37.792,1.569,-3.173,2.175,-37.892,0.003,0.015,0.010,0.018,10,weighted_average,kalman(weighted_average),false
1789029568.763,62.984,1.572,-3.074,2.260,-38.190,1.575,-3.105,2.229,-38.191,0.003,-0.030,-0.031,0.044,9,weighted_average,kalman(weighted_average),false
1789029568.814,63.034,1.504,-3.231,2.210,-40.131,1.534,-3.170,2.225,-39.385,0.031,0.061,0.015,0.070,9|10|11,weighted_average,kalman(weighted_average),false
1789029568.866,63.086,1.520,-3.216,2.176,-40.531,1.521,-3.202,2.199,-40.292,0.000,0.014,0.023,0.027,9|10|11,weighted_average,kalman(weighted_average),false
1789029568.919,63.139,1.503,-3.219,2.228,-41.178,1.505,-3.220,2.214,-41.112,0.001,-0.001,-0.014,0.014,9|11,weighted_average,kalman(weighted_average),false
1789029569.015,63.235,1.497,-3.293,2.183,-42.642,1.493,-3.285,2.192,-42.603,-0.005,0.009,0.009,0.013,10|11,weighted_average,kalman(weighted_average),false
1789029569.062,63.282,1.544,-3.258,2.201,-42.567,1.523,-3.278,2.194,-42.890,-0.021,-0.020,-0.006,0.030,8|10|11,weighted_average,kalman(weighted_average),false
1789029569.115,63.335,1.548,-3.254,2.204,-42.852,1.542,-3.269,2.199,-43.158,-0.006,-0.015,-0.005,0.017,8|10|11,weighted_average,kalman(weighted_average),false
1789029569.166,63.386,1.520,-3.283,2.141,-44.116,1.534,-3.279,2.164,-43.897,0.014,0.004,0.022,0.027,10|11,weighted_average,kalman(weighted_average),false
1789029569.215,63.435,1.515,-3.292,2.164,-44.640,1.525,-3.290,2.157,-44.547,0.009,0.002,-0.006,0.011,10|11,weighted_average,kalman(weighted_average),false
1789029569.316,63.536,1.518,-3.288,2.166,-45.601,1.519,-3.292,2.159,-45.650,0.000,-0.004,-0.007,0.008,10|11,weighted_average,kalman(weighted_average),false
1789029569.365,63.585,1.555,-3.259,2.210,-45.704,1.542,-3.271,2.192,-45.913,-0.014,-0.012,-0.018,0.026,8|10|11,weighted_average,kalman(weighted_average),false
1789029569.414,63.635,1.474,-3.340,2.185,-47.468,1.503,-3.310,2.193,-46.964,0.029,0.029,0.008,0.042,11,weighted_average,kalman(weighted_average),false
1789029569.465,63.685,1.532,-3.303,2.153,-47.343,1.516,-3.311,2.172,-47.482,-0.016,-0.008,0.019,0.027,10|11,weighted_average,kalman(weighted_average),false
1789029569.516,63.736,1.505,-3.303,2.180,-47.974,1.509,-3.309,2.175,-48.040,0.004,-0.006,-0.005,0.009,10|11,weighted_average,kalman(weighted_average),false
1789029569.613,63.833,1.529,-3.306,2.178,-48.885,1.522,-3.308,2.177,-48.987,-0.006,-0.002,-0.001,0.007,10|11,weighted_average,kalman(weighted_average),false
1789029569.664,63.884,1.518,-3.311,2.163,-49.768,1.521,-3.310,2.168,-49.660,0.003,0.001,0.005,0.006,10|11,weighted_average,kalman(weighted_average),false
1789029569.715,63.935,1.500,-3.314,2.177,-50.345,1.509,-3.313,2.173,-50.302,0.009,0.001,-0.005,0.010,10|11,weighted_average,kalman(weighted_average),false
1789029569.769,63.989,1.571,-3.216,2.159,-49.632,1.546,-3.253,2.164,-50.230,-0.025,-0.037,0.005,0.045,10,weighted_average,kalman(weighted_average),false
1789029569.819,64.039,1.586,-3.226,2.151,-49.977,1.576,-3.227,2.155,-50.259,-0.010,-0.001,0.004,0.011,10,weighted_average,kalman(weighted_average),false
1789029569.918,64.138,1.408,-3.215,2.172,-52.734,1.455,-3.207,2.165,-52.084,0.047,0.009,-0.007,0.049,0|11,weighted_average,kalman(weighted_average),false
1789029569.970,64.190,1.510,-3.323,2.170,-53.287,1.475,-3.279,2.169,-53.100,-0.035,0.043,-0.000,0.056,10|11,weighted_average,kalman(weighted_average),false
1789029570.019,64.239,1.510,-3.339,2.170,-53.859,1.490,-3.326,2.172,-53.873,-0.020,0.013,0.001,0.024,10|11,weighted_average,kalman(weighted_average),false
1789029570.072,64.292,1.315,-3.037,2.156,-54.257,1.490,-3.326,2.172,-54.472,0.174,-0.289,0.016,0.338,0,weighted_average,kalman(weighted_average),true
1789029570.127,64.348,1.402,-3.232,2.170,-55.235,1.421,-3.251,2.170,-55.245,0.018,-0.020,0.000,0.027,0|11,weighted_average,kalman(weighted_average),false
1789029570.223,64.443,1.402,-3.217,2.166,-55.533,1.396,-3.213,2.166,-55.882,-0.006,0.004,0.001,0.007,0|11,weighted_average,kalman(weighted_average),false
1789029570.278,64.498,1.440,-3.217,2.151,-55.476,1.420,-3.208,2.156,-55.843,-0.020,0.009,0.004,0.022,0|10|11,weighted_average,kalman(weighted_average),false
1789029570.328,64.548,1.436,-3.207,2.148,-56.184,1.431,-3.203,2.149,-56.152,-0.005,0.005,0.001,0.007,0|10|11,weighted_average,kalman(weighted_average),false
1789029570.382,64.602,1.440,-3.207,2.158,-56.854,1.439,-3.201,2.152,-56.672,-0.001,0.006,-0.006,0.008,0|10|11,weighted_average,kalman(weighted_average),false
1789029570.432,64.652,1.418,-3.203,2.152,-57.785,1.429,-3.200,2.152,-57.426,0.011,0.003,-0.001,0.012,0|11,weighted_average,kalman(weighted_average),false
1789029570.539,64.759,1.299,-3.022,2.108,-59.678,1.325,-3.057,2.117,-59.323,0.026,-0.035,0.008,0.044,0,weighted_average,kalman(weighted_average),false
1789029570.587,64.807,1.416,-3.202,2.150,-60.054,1.370,-3.131,2.133,-60.061,-0.046,0.070,-0.016,0.086,0|11,weighted_average,kalman(weighted_average),false
1789029570.648,64.868,1.314,-3.027,2.138,-60.586,1.330,-3.061,2.136,-60.767,0.016,-0.034,-0.002,0.038,0,weighted_average,kalman(weighted_average),false
1789029570.688,64.908,1.318,-3.025,2.135,-60.876,1.317,-3.030,2.136,-61.093,-0.002,-0.004,0.001,0.005,0,weighted_average,kalman(weighted_average),false
1789029570.740,64.960,1.315,-3.030,2.126,-61.699,1.308,-3.015,2.130,-61.718,-0.007,0.015,0.004,0.017,0,weighted_average,kalman(weighted_average),false
1789029570.842,65.062,1.406,-3.205,2.158,-63.190,1.378,-3.153,2.150,-63.115,-0.028,0.053,-0.007,0.060,0|11,weighted_average,kalman(weighted_average),false
1789029570.886,65.107,1.422,-3.198,2.158,-63.325,1.415,-3.199,2.158,-63.489,-0.007,-0.002,0.000,0.007,0|11,weighted_average,kalman(weighted_average),false
1789029570.948,65.168,1.315,-3.032,2.124,-64.034,1.363,-3.111,2.139,-64.109,0.048,-0.080,0.015,0.094,0,weighted_average,kalman(weighted_average),false
1789029570.989,65.209,1.333,-3.018,2.128,-64.125,1.343,-3.052,2.131,-64.338,0.010,-0.035,0.003,0.036,0,weighted_average,kalman(weighted_average),false
1789029571.047,65.268,1.320,-3.022,2.126,-65.098,1.322,-3.018,2.125,-65.001,0.003,0.004,-0.001,0.005,0,weighted_average,kalman(weighted_average),false
1789029571.147,65.368,1.336,-3.020,2.136,-66.056,1.326,-3.006,2.131,-66.046,-0.010,0.014,-0.005,0.018,0,weighted_average,kalman(weighted_average),false
1789029571.202,65.422,1.366,-3.023,2.132,-66.466,1.353,-3.014,2.132,-66.525,-0.013,0.009,0.001,0.016,0,weighted_average,kalman(weighted_average),false
1789029571.250,65.470,1.343,-3.023,2.118,-67.183,1.351,-3.019,2.124,-67.094,0.008,0.004,0.006,0.011,0,weighted_average,kalman(weighted_average),false
1789029571.312,65.532,1.357,-3.026,2.110,-67.846,1.357,-3.024,2.114,-67.802,0.001,0.002,0.004,0.004,0,weighted_average,kalman(weighted_average),false
1789029571.351,65.571,1.350,-3.026,2.105,-68.300,1.355,-3.026,2.107,-68.267,0.005,0.000,0.002,0.005,0,weighted_average,kalman(weighted_average),false
1789029571.450,65.670,1.349,-3.042,2.107,-69.469,1.351,-3.039,2.104,-69.436,0.003,0.002,-0.003,0.005,0,weighted_average,kalman(weighted_average),false
1789029571.506,65.726,1.366,-3.035,2.105,-69.841,1.361,-3.039,2.104,-69.937,-0.005,-0.003,-0.001,0.006,0,weighted_average,kalman(weighted_average),false
1789029571.553,65.773,1.347,-3.034,2.090,-70.354,1.353,-3.037,2.095,-70.391,0.007,-0.003,0.005,0.009,0,weighted_average,kalman(weighted_average),false
1789029571.599,65.820,1.356,-3.048,2.103,-70.841,1.354,-3.044,2.098,-70.856,-0.001,0.004,-0.005,0.007,0,weighted_average,kalman(weighted_average),false
1789029571.651,65.871,1.353,-3.057,2.096,-71.114,1.353,-3.053,2.096,-71.242,0.000,0.004,0.000,0.004,0,weighted_average,kalman(weighted_average),false
1789029571.747,65.968,1.368,-3.065,2.093,-71.591,1.364,-3.065,2.093,-71.772,-0.004,0.000,-0.000,0.004,0,weighted_average,kalman(weighted_average),false
1789029571.799,66.020,1.379,-3.082,2.101,-71.844,1.376,-3.078,2.098,-71.958,-0.004,0.004,-0.003,0.006,0,weighted_average,kalman(weighted_average),false
1789029571.849,66.069,1.375,-3.078,2.091,-72.051,1.378,-3.082,2.094,-72.134,0.003,-0.003,0.003,0.006,0,weighted_average,kalman(weighted_average),false
1789029571.905,66.126,1.390,-3.095,2.086,-72.221,1.388,-3.093,2.089,-72.305,-0.002,0.002,0.002,0.004,0,weighted_average,kalman(weighted_average),false
1789029571.949,66.169,1.394,-3.084,2.069,-72.193,1.394,-3.091,2.077,-72.337,-0.000,-0.007,0.007,0.010,0,weighted_average,kalman(weighted_average),false
1789029572.054,66.274,1.395,-3.106,2.079,-72.480,1.398,-3.105,2.075,-72.537,0.003,0.001,-0.004,0.005,0,weighted_average,kalman(weighted_average),false
1789029572.101,66.322,1.455,-3.099,2.046,-71.722,1.436,-3.103,2.056,-72.109,-0.019,-0.004,0.010,0.022,0,weighted_average,kalman(weighted_average),false
1789029572.147,66.368,-1.559,3.077,2.050,127.707,1.436,-3.103,2.056,-157.228,2.995,-6.180,0.006,6.867,0,weighted_average,kalman(weighted_average),true
1789029572.206,66.426,1.537,-3.703,2.028,-73.699,1.436,-3.103,2.056,-127.047,-0.101,0.600,0.028,0.609,12,weighted_average,kalman(weighted_average),true
1789029572.249,66.469,1.534,-3.728,2.061,-73.846,1.436,-3.103,2.056,-103.363,-0.098,0.625,-0.005,0.632,12,weighted_average,kalman(weighted_average),true
1789029572.355,66.575,1.556,-3.744,2.082,-73.728,1.550,-3.713,2.080,-80.734,-0.006,0.031,-0.001,0.031,12,weighted_average,kalman(weighted_average),false
1789029572.410,66.630,1.565,-3.762,2.007,-73.741,1.570,-3.795,2.032,-72.706,0.004,-0.033,0.025,0.042,12,weighted_average,kalman(weighted_average),false
1789029572.457,66.677,1.646,-3.697,2.010,-72.754,1.625,-3.771,2.012,-69.212,-0.021,-0.075,0.002,0.077,12,weighted_average,kalman(weighted_average),false
1789029572.517,66.738,1.610,-3.732,2.049,-73.246,1.631,-3.765,2.029,-67.936,0.021,-0.033,-0.020,0.044,12,weighted_average,kalman(weighted_average),false
1789029572.561,66.781,1.579,-3.780,2.013,-73.726,1.607,-3.781,2.019,-69.059,0.028,-0.001,0.006,0.029,12,weighted_average,kalman(weighted_average),false
1789029572.656,66.877,1.592,-3.778,2.015,-73.592,1.597,-3.787,2.014,-70.374,0.004,-0.009,-0.002,0.010,12,weighted_average,kalman(weighted_average),false
1789029572.721,66.941,1.600,-3.771,2.046,-73.482,1.598,-3.778,2.036,-72.123,-0.003,-0.007,-0.011,0.013,12,weighted_average,kalman(weighted_average),false
1789029572.761,66.981,1.622,-3.784,2.055,-73.361,1.611,-3.781,2.050,-72.923,-0.010,0.003,-0.005,0.012,12,weighted_average,kalman(weighted_average),false
1789029572.815,67.035,1.636,-3.769,2.077,-73.147,1.629,-3.774,2.071,-73.326,-0.008,-0.005,-0.006,0.011,12,weighted_average,kalman(weighted_average),false
1789029572.858,67.078,1.627,-3.785,2.102,-73.313,1.632,-3.779,2.094,-73.533,0.005,0.006,-0.008,0.011,12,weighted_average,kalman(weighted_average),false
1789029573.002,67.222,1.554,-3.895,2.100,-74.397,1.566,-3.881,2.106,-74.465,0.012,0.014,0.006,0.020,12,weighted_average,kalman(weighted_average),false
1789029573.061,67.281,1.480,-3.992,2.113,-75.439,1.495,-3.975,2.111,-75.235,0.015,0.017,-0.001,0.023,12,weighted_average,kalman(weighted_average),false
1789029573.108,67.328,1.579,-3.867,2.063,-74.069,1.532,-3.929,2.082,-74.765,-0.047,-0.062,0.019,0.080,12,weighted_average,kalman(weighted_average),false
1789029573.150,67.370,1.597,-3.869,2.021,-73.930,1.566,-3.900,2.043,-74.395,-0.031,-0.031,0.022,0.049,12,weighted_average,kalman(weighted_average),false
1789029573.201,67.422,1.622,-3.856,2.037,-73.678,1.603,-3.873,2.029,-74.007,-0.019,-0.017,-0.008,0.027,12,weighted_average,kalman(weighted_average),false
1789029573.294,67.514,1.671,-3.810,2.041,-73.082,1.664,-3.819,2.029,-73.298,-0.007,-0.009,-0.012,0.017,12,weighted_average,kalman(weighted_average),false
1789029573.355,67.575,1.640,-3.839,2.049,-73.484,1.659,-3.823,2.041,-73.267,0.019,0.016,-0.008,0.026,12,weighted_average,kalman(weighted_average),false
1789029573.395,67.615,1.662,-3.818,2.145,-73.218,1.665,-3.817,2.103,-73.169,0.003,0.002,-0.041,0.041,12,weighted_average,kalman(weighted_average),false
1789029573.448,67.668,1.583,-3.900,2.065,-74.253,1.620,-3.863,2.093,-73.656,0.037,0.037,0.028,0.059,12,weighted_average,kalman(weighted_average),false
1789029573.508,67.728,1.612,-3.863,2.086,-73.887,1.608,-3.869,2.093,-73.819,-0.003,-0.007,0.007,0.010,12,weighted_average,kalman(weighted_average),false
1789029573.603,67.823,1.677,-3.809,2.107,-73.125,1.656,-3.827,2.107,-73.409,-0.021,-0.018,-0.001,0.028,12,weighted_average,kalman(weighted_average),false
1789029573.657,67.877,1.655,-3.841,2.060,-73.468,1.662,-3.831,2.078,-73.396,0.007,0.010,0.018,0.022,12,weighted_average,kalman(weighted_average),false
1789029573.712,67.932,1.634,-3.865,2.071,-73.770,1.649,-3.850,2.070,-73.573,0.015,0.015,-0.001,0.021,12,weighted_average,kalman(weighted_average),false
1789029573.753,67.974,1.603,-3.881,2.105,-74.118,1.623,-3.870,2.087,-73.856,0.020,0.012,-0.018,0.029,12,weighted_average,kalman(weighted_average),false
1789029573.815,68.035,1.638,-3.853,2.089,-73.693,1.627,-3.865,2.089,-73.829,-0.011,-0.011,0.000,0.016,12,weighted_average,kalman(weighted_average),false
1789029573.907,68.127,1.652,-3.851,2.047,-73.573,1.645,-3.855,2.058,-73.693,-0.007,-0.005,0.011,0.014,12,weighted_average,kalman(weighted_average),false
1789029573.959,68.179,1.661,-3.844,1.998,-73.444,1.658,-3.847,2.014,-73.535,-0.003,-0.003,0.016,0.017,12,weighted_average,kalman(weighted_average),false
1789029574.009,68.230,1.663,-3.842,2.076,-73.435,1.665,-3.842,2.042,-73.447,0.002,0.000,-0.034,0.034,12,weighted_average,kalman(weighted_average),false
1789029574.066,68.286,1.667,-3.843,2.087,-73.354,1.669,-3.840,2.069,-73.356,0.003,0.003,-0.017,0.018,12,weighted_average,kalman(weighted_average),false
1789029574.108,68.329,1.655,-3.854,2.043,-73.477,1.663,-3.847,2.058,-73.383,0.008,0.007,0.015,0.019,12,weighted_average,kalman(weighted_average),false
1789029574.200,68.421,1.661,-3.858,2.043,-73.471,1.662,-3.855,2.048,-73.410,0.001,0.002,0.005,0.005,12,weighted_average,kalman(weighted_average),false
1789029574.251,68.471,1.676,-3.835,2.041,-73.273,1.671,-3.843,2.042,-73.329,-0.005,-0.008,0.001,0.010,12,weighted_average,kalman(weighted_average),false
1789029574.311,68.532,1.666,-3.837,2.100,-73.431,1.670,-3.838,2.078,-73.371,0.003,-0.001,-0.022,0.022,12,weighted_average,kalman(weighted_average),false
1789029574.350,68.570,1.692,-3.807,2.094,-73.122,1.683,-3.819,2.092,-73.245,-0.010,-0.012,-0.002,0.015,12,weighted_average,kalman(weighted_average),false
1789029574.414,68.634,-4.107,-3.820,0.937,-130.196,1.683,-3.819,2.092,-104.725,5.790,0.001,1.155,5.904,12,weighted_average,kalman(weighted_average),true
1789029574.502,68.722,-4.085,-3.820,0.827,-130.097,1.683,-3.819,2.092,-128.080,5.768,0.000,1.265,5.905,12,weighted_average,kalman(weighted_average),true
1789029574.552,68.772,1.696,-3.830,2.097,-73.326,1.695,-3.829,2.097,-102.018,-0.001,0.001,-0.000,0.001,12,weighted_average,kalman(weighted_average),false
1789029574.606,68.827,1.660,-3.874,2.047,-73.825,1.673,-3.860,2.065,-85.832,0.013,0.014,0.017,0.026,12,weighted_average,kalman(weighted_average),false
1789029574.665,68.885,1.679,-3.830,2.150,-73.522,1.675,-3.846,2.115,-75.633,-0.005,-0.016,-0.035,0.039,12,weighted_average,kalman(weighted_average),false
1789029574.708,68.929,1.700,-3.850,2.124,-73.478,1.689,-3.849,2.126,-71.428,-0.012,0.001,0.002,0.012,12,weighted_average,kalman(weighted_average),false
1789029574.802,69.022,0.687,-4.563,1.849,-84.755,1.689,-3.849,2.126,-75.895,1.002,0.714,0.277,1.261,12,weighted_average,kalman(weighted_average),true
1789029574.862,69.082,1.702,-3.831,2.163,-73.532,1.700,-3.833,2.159,-74.139,-0.001,-0.002,-0.004,0.005,12,weighted_average,kalman(weighted_average),false
1789029574.909,69.130,1.702,-3.828,2.150,-73.572,1.703,-3.828,2.157,-73.395,0.001,-0.000,0.007,0.007,12,weighted_average,kalman(weighted_average),false
1789029574.953,69.173,1.694,-3.871,2.158,-73.797,1.699,-3.851,2.160,-73.192,0.005,0.020,0.002,0.021,12,weighted_average,kalman(weighted_average),false
1789029575.014,69.234,0.958,-4.439,1.937,-82.028,1.699,-3.851,2.160,-77.594,0.741,0.588,0.222,0.972,12,weighted_average,kalman(weighted_average),true
1789029575.105,69.326,1.654,-3.864,2.124,-73.797,1.659,-3.862,2.129,-75.772,0.006,0.002,0.005,0.008,12,weighted_average,kalman(weighted_average),false
1789029575.162,69.383,-4.029,-3.887,0.836,-129.200,1.659,-3.862,2.129,-107.679,5.688,0.025,1.293,5.834,12,weighted_average,kalman(weighted_average),true
1789029575.207,69.428,1.635,-3.883,2.127,-73.843,1.640,-3.879,2.128,-94.294,0.005,0.004,0.000,0.006,12,weighted_average,kalman(weighted_average),false
1789029575.259,69.479,1.643,-3.861,2.128,-73.573,1.639,-3.870,2.128,-84.748,-0.004,-0.009,-0.000,0.009,12,weighted_average,kalman(weighted_average),false
1789029575.311,69.531,1.643,-3.874,2.096,-73.569,1.640,-3.873,2.109,-78.120,-0.003,0.002,0.012,0.013,12,weighted_average,kalman(weighted_average),false
1789029575.406,69.627,1.643,-3.874,2.123,-73.418,1.641,-3.874,2.116,-72.873,-0.002,-0.000,-0.007,0.007,12,weighted_average,kalman(weighted_average),false
1789029575.474,69.694,1.643,-3.874,2.123,-73.418,1.643,-3.874,2.122,-71.781,-0.000,-0.000,-0.001,0.001,12,weighted_average,kalman(weighted_average),false
1789029575.511,69.731,1.617,-3.879,2.138,-73.620,1.628,-3.877,2.132,-72.037,0.011,0.002,-0.006,0.012,12,weighted_average,kalman(weighted_average),false
1789029575.564,69.784,1.577,-3.928,2.138,-74.129,1.595,-3.909,2.138,-72.470,0.018,0.020,0.001,0.026,12,weighted_average,kalman(weighted_average),false
1789029575.611,69.831,1.479,-3.324,2.186,-72.446,1.595,-3.909,2.138,-72.139,0.116,-0.585,-0.048,0.598,0,weighted_average,kalman(weighted_average),true
1789029575.708,69.928,1.407,-3.337,2.194,-73.026,1.595,-3.909,2.138,-72.358,0.188,-0.572,-0.055,0.604,0,weighted_average,kalman(weighted_average),true
1789029575.755,69.975,1.390,-3.337,2.174,-72.996,1.408,-3.385,2.171,-72.676,0.017,-0.048,-0.003,0.051,0,weighted_average,kalman(weighted_average),false
1789029575.817,70.037,1.381,-3.349,2.193,-72.968,1.369,-3.303,2.190,-72.868,-0.012,0.046,-0.003,0.048,0,weighted_average,kalman(weighted_average),false
1789029575.858,70.078,1.379,-3.355,2.195,-72.835,1.360,-3.296,2.197,-72.887,-0.019,0.059,0.002,0.062,0,weighted_average,kalman(weighted_average),false
1789029575.917,70.138,1.340,-3.391,2.222,-73.019,1.334,-3.325,2.218,-72.998,-0.006,0.066,-0.004,0.067,0,weighted_average,kalman(weighted_average),false
1789029576.020,70.241,1.473,-3.486,2.307,-71.525,1.434,-3.445,2.295,-72.021,-0.039,0.041,-0.012,0.058,0|8,weighted_average,kalman(weighted_average),false
1789029576.072,70.292,1.264,-3.416,2.241,-72.768,1.334,-3.442,2.271,-72.332,0.070,-0.026,0.030,0.080,0,weighted_average,kalman(weighted_average),false
1789029576.118,70.339,1.266,-3.417,2.261,-72.424,1.284,-3.436,2.268,-72.342,0.019,-0.019,0.007,0.027,0,weighted_average,kalman(weighted_average),false
1789029576.171,70.392,1.221,-3.415,2.211,-72.450,1.231,-3.428,2.234,-72.371,0.010,-0.013,0.023,0.029,0,weighted_average,kalman(weighted_average),false
1789029576.219,70.440,1.194,-3.422,2.221,-72.576,1.193,-3.425,2.221,-72.465,-0.001,-0.004,0.000,0.004,0,weighted_average,kalman(weighted_average),false
1789029576.316,70.537,1.128,-3.439,2.201,-72.786,1.124,-3.436,2.200,-72.689,-0.004,0.003,-0.001,0.005,0,weighted_average,kalman(weighted_average),false
1789029576.368,70.588,1.106,-3.446,2.193,-72.722,1.100,-3.445,2.191,-72.744,-0.007,0.002,-0.002,0.007,0,weighted_average,kalman(weighted_average),false
1789029576.416,70.636,1.104,-3.445,2.194,-72.549,1.091,-3.447,2.189,-72.671,-0.013,-0.002,-0.005,0.014,0,weighted_average,kalman(weighted_average),false
1789029576.466,70.686,1.066,-3.464,2.195,-72.567,1.068,-3.459,2.190,-72.627,0.001,0.005,-0.005,0.007,0,weighted_average,kalman(weighted_average),false
1789029576.521,70.741,1.066,-3.464,2.195,-72.567,1.057,-3.466,2.192,-72.594,-0.009,-0.001,-0.003,0.010,0,weighted_average,kalman(weighted_average),false
1789029576.617,70.838,1.040,-3.479,2.195,-72.498,1.037,-3.479,2.194,-72.522,-0.003,-0.000,-0.001,0.003,0,weighted_average,kalman(weighted_average),false
1789029576.675,70.895,1.090,-3.687,2.250,-72.864,1.069,-3.624,2.232,-72.716,-0.021,0.063,-0.017,0.069,0|11,weighted_average,kalman(weighted_average),false
1789029576.727,70.948,1.090,-3.687,2.250,-72.864,1.085,-3.689,2.250,-72.822,-0.005,-0.002,0.000,0.005,0|11,weighted_average,kalman(weighted_average),false
1789029576.775,70.995,1.080,-3.698,2.253,-72.820,1.086,-3.719,2.258,-72.853,0.007,-0.021,0.005,0.023,0|11,weighted_average,kalman(weighted_average),false
1789029576.820,71.040,0.991,-3.499,2.197,-72.585,1.034,-3.613,2.228,-72.745,0.044,-0.114,0.031,0.126,0,weighted_average,kalman(weighted_average),false
1789029576.920,71.140,1.064,-3.729,2.256,-72.821,1.049,-3.695,2.248,-72.797,-0.016,0.034,-0.009,0.038,0|11,weighted_average,kalman(weighted_average),false
1789029576.984,71.204,0.990,-3.518,2.213,-72.467,1.009,-3.582,2.226,-72.598,0.019,-0.064,0.013,0.067,0,weighted_average,kalman(weighted_average),false
1789029577.023,71.243,1.123,-3.737,2.305,-72.141,1.071,-3.662,2.271,-72.336,-0.052,0.075,-0.034,0.097,0|8|11,weighted_average,kalman(weighted_average),false
1789029577.077,71.298,1.123,-3.739,2.307,-72.174,1.110,-3.715,2.300,-72.181,-0.013,0.024,-0.007,0.028,0|8|11,weighted_average,kalman(weighted_average),false
1789029577.121,71.341,0.989,-3.522,2.225,-72.560,1.051,-3.616,2.265,-72.310,0.062,-0.094,0.040,0.119,0,weighted_average,kalman(weighted_average),false
1789029577.221,71.442,0.997,-3.514,2.231,-72.464,1.005,-3.526,2.238,-72.380,0.008,-0.012,0.007,0.016,0,weighted_average,kalman(weighted_average),false
1789029577.274,71.495,1.066,-3.726,2.283,-72.897,1.038,-3.645,2.264,-72.691,-0.028,0.081,-0.019,0.088,0|11,weighted_average,kalman(weighted_average),false
1789029577.321,71.542,1.145,-3.730,2.317,-72.117,1.105,-3.708,2.298,-72.432,-0.040,0.022,-0.019,0.050,0|8|11,weighted_average,kalman(weighted_average),false
1789029577.374,71.594,1.014,-3.507,2.229,-72.466,1.062,-3.604,2.264,-72.444,0.048,-0.097,0.034,0.113,0,weighted_average,kalman(weighted_average),false
1789029577.421,71.642,1.020,-3.503,2.222,-72.451,1.037,-3.537,2.237,-72.445,0.017,-0.034,0.015,0.041,0,weighted_average,kalman(weighted_average),false
1789029577.519,71.739,1.021,-3.501,2.222,-72.622,1.019,-3.490,2.219,-72.561,-0.002,0.011,-0.003,0.011,0,weighted_average,kalman(weighted_average),false
1789029577.570,71.790,1.178,-3.717,2.319,-72.170,1.120,-3.630,2.282,-72.351,-0.058,0.087,-0.038,0.111,0|8|11,weighted_average,kalman(weighted_average),false
1789029577.624,71.844,1.186,-3.705,2.319,-72.160,1.178,-3.696,2.314,-72.220,-0.008,0.009,-0.005,0.013,0|8|11,weighted_average,kalman(weighted_average),false
1789029577.685,71.906,1.067,-3.482,2.223,-72.364,1.178,-3.696,2.314,-72.262,0.111,-0.214,0.092,0.258,0,weighted_average,kalman(weighted_average),true
1789029577.784,72.005,1.067,-3.477,2.216,-72.588,1.080,-3.502,2.227,-72.471,0.012,-0.024,0.011,0.030,0,weighted_average,kalman(weighted_average),false
1789029577.837,72.057,1.081,-3.466,2.228,-72.549,1.070,-3.456,2.218,-72.544,-0.011,0.010,-0.010,0.018,0,weighted_average,kalman(weighted_average),false
1789029577.884,72.105,1.083,-3.465,2.230,-72.593,1.070,-3.441,2.218,-72.599,-0.013,0.023,-0.012,0.029,0,weighted_average,kalman(weighted_average),false
1789029577.941,72.162,1.098,-3.452,2.220,-72.535,1.082,-3.432,2.215,-72.596,-0.015,0.019,-0.005,0.025,0,weighted_average,kalman(weighted_average),false
1789029577.985,72.205,1.104,-3.441,2.217,-72.511,1.095,-3.429,2.213,-72.569,-0.009,0.012,-0.003,0.015,0,weighted_average,kalman(weighted_average),false
1789029578.080,72.300,1.112,-3.436,2.213,-72.563,1.110,-3.428,2.211,-72.575,-0.002,0.009,-0.002,0.009,0,weighted_average,kalman(weighted_average),false
1789029578.135,72.356,1.109,-3.435,2.208,-72.718,1.112,-3.432,2.208,-72.664,0.003,0.004,0.000,0.005,0,weighted_average,kalman(weighted_average),false
1789029578.197,72.417,1.118,-3.425,2.212,-72.737,1.118,-3.427,2.210,-72.725,-0.000,-0.002,-0.002,0.003,0,weighted_average,kalman(weighted_average),false
1789029578.254,72.475,1.131,-3.409,2.213,-72.645,1.128,-3.415,2.212,-72.700,-0.003,-0.005,-0.002,0.006,0,weighted_average,kalman(weighted_average),false
1789029578.352,72.572,1.155,-3.389,2.206,-72.596,1.152,-3.392,2.208,-72.638,-0.003,-0.003,0.002,0.004,0,weighted_average,kalman(weighted_average),false
1789029578.401,72.622,1.170,-3.374,2.205,-72.532,1.168,-3.376,2.206,-72.570,-0.002,-0.002,0.000,0.003,0,weighted_average,kalman(weighted_average),false
1789029578.456,72.676,1.303,-3.450,2.320,-71.577,1.259,-3.418,2.278,-71.996,-0.044,0.032,-0.042,0.069,0|8,weighted_average,kalman(weighted_average),false
1789029578.507,72.728,1.308,-3.436,2.317,-71.637,1.308,-3.434,2.314,-71.699,-0.000,0.002,-0.003,0.004,0|8,weighted_average,kalman(weighted_average),false
1789029578.568,72.789,-0.308,0.907,2.217,120.166,1.308,-3.434,2.314,-166.069,1.616,-4.341,0.097,4.633,0|8,weighted_average,kalman(weighted_average),true
1789029578.668,72.888,1.224,-3.339,2.229,-72.386,1.233,-3.350,2.239,-121.251,0.010,-0.011,0.010,0.017,0,weighted_average,kalman(weighted_average),false
1789029578.713,72.934,1.561,-3.547,2.499,-70.085,1.233,-3.350,2.239,-90.020,-0.327,0.197,-0.260,0.462,8,weighted_average,kalman(weighted_average),true
1789029578.774,72.994,1.585,-3.549,2.459,-70.013,1.523,-3.513,2.420,-70.986,-0.062,0.035,-0.039,0.081,8,weighted_average,kalman(weighted_average),false
1789029578.816,73.036,1.364,-3.390,2.292,-71.536,1.523,-3.513,2.420,-65.099,0.158,-0.124,0.128,0.238,0|8,weighted_average,kalman(weighted_average),true
1789029578.875,73.096,1.247,-3.329,2.215,-72.564,1.304,-3.367,2.257,-62.339,0.057,-0.038,0.042,0.080,0,weighted_average,kalman(weighted_average),false
1789029578.969,73.190,1.244,-3.328,2.248,-72.765,1.226,-3.316,2.226,-64.149,-0.018,0.012,-0.022,0.031,0,weighted_average,kalman(weighted_average),false
1789029579.015,73.236,1.387,-3.392,2.315,-71.631,1.312,-3.353,2.274,-67.457,-0.075,0.038,-0.041,0.094,0|8,weighted_average,kalman(weighted_average),false
1789029579.071,73.291,1.319,-3.319,2.270,-71.996,1.320,-3.330,2.274,-69.802,0.002,-0.011,0.004,0.012,0,weighted_average,kalman(weighted_average),false
1789029579.121,73.341,1.426,-3.403,2.344,-71.436,1.388,-3.370,2.318,-70.957,-0.038,0.033,-0.026,0.056,0|8,weighted_average,kalman(weighted_average),false
1789029579.173,73.393,1.314,-3.313,2.266,-72.198,1.357,-3.340,2.295,-72.000,0.043,-0.027,0.029,0.059,0,weighted_average,kalman(weighted_average),false
1789029579.266,73.486,1.326,-3.299,2.249,-72.331,1.336,-3.306,2.261,-72.774,0.010,-0.007,0.012,0.017,0,weighted_average,kalman(weighted_average),false
1789029579.317,73.537,1.323,-3.293,2.240,-72.752,1.325,-3.292,2.242,-73.008,0.002,0.002,0.002,0.003,0,weighted_average,kalman(weighted_average),false
1789029579.375,73.596,1.329,-3.277,2.242,-73.192,1.323,-3.276,2.235,-73.338,-0.005,0.001,-0.007,0.009,0,weighted_average,kalman(weighted_average),false
1789029579.416,73.637,1.321,-3.286,2.236,-73.565,1.320,-3.277,2.232,-73.608,-0.001,0.009,-0.004,0.010,0,weighted_average,kalman(weighted_average),false
1789029579.468,73.688,1.331,-3.289,2.246,-74.054,1.325,-3.281,2.237,-74.021,-0.006,0.009,-0.009,0.014,0,weighted_average,kalman(weighted_average),false
1789029579.565,73.785,1.375,-3.276,2.300,-74.212,1.363,-3.276,2.284,-74.393,-0.012,0.000,-0.016,0.020,0,weighted_average,kalman(weighted_average),false
1789029579.616,73.836,1.369,-3.280,2.282,-74.745,1.373,-3.278,2.290,-74.706,0.004,0.002,0.008,0.009,0,weighted_average,kalman(weighted_average),false
1789029579.669,73.890,1.405,-3.264,2.287,-75.164,1.398,-3.269,2.293,-75.089,-0.007,-0.005,0.006,0.010,0,weighted_average,kalman(weighted_average),false
1789029579.720,73.940,1.385,-3.264,2.279,-75.876,1.398,-3.264,2.288,-75.652,0.012,-0.000,0.009,0.015,0,weighted_average,kalman(weighted_average),false
1789029579.771,73.991,1.403,-3.255,2.284,-76.567,1.405,-3.257,2.287,-76.324,0.002,-0.002,0.003,0.004,0,weighted_average,kalman(weighted_average),false
1789029579.872,74.093,1.379,-3.246,2.259,-78.115,1.389,-3.246,2.265,-77.861,0.009,0.000,0.007,0.012,0,weighted_average,kalman(weighted_average),false
1789029579.918,74.139,1.349,-3.245,2.242,-79.289,1.361,-3.243,2.247,-78.946,0.012,0.002,0.005,0.014,0,weighted_average,kalman(weighted_average),false
1789029579.979,74.199,1.348,-3.240,2.235,-79.672,1.346,-3.240,2.233,-79.793,-0.002,0.001,-0.001,0.002,0,weighted_average,kalman(weighted_average),false
1789029580.021,74.242,1.348,-3.228,2.223,-80.331,1.342,-3.231,2.223,-80.395,-0.006,-0.004,0.000,0.007,0,weighted_average,kalman(weighted_average),false
1789029580.080,74.300,1.350,-3.223,2.221,-80.647,1.342,-3.224,2.216,-80.939,-0.007,-0.001,-0.005,0.009,0,weighted_average,kalman(weighted_average),false
1789029580.175,74.396,1.327,-3.226,2.210,-81.933,1.328,-3.223,2.208,-82.009,0.001,0.003,-0.003,0.004,0,weighted_average,kalman(weighted_average),false
1789029580.230,74.450,1.293,-3.229,2.213,-83.033,1.302,-3.227,2.209,-82.877,0.009,0.003,-0.004,0.010,0,weighted_average,kalman(weighted_average),false
1789029580.279,74.500,1.288,-3.224,2.221,-83.433,1.288,-3.225,2.216,-83.479,-0.000,-0.001,-0.005,0.005,0,weighted_average,kalman(weighted_average),false
1789029580.324,74.545,1.275,-3.221,2.214,-84.240,1.275,-3.222,2.215,-84.151,-0.000,-0.002,0.002,0.002,0,weighted_average,kalman(weighted_average),false
1789029580.393,74.613,1.280,-3.206,2.197,-84.433,1.272,-3.211,2.204,-84.710,-0.009,-0.005,0.006,0.012,0,weighted_average,kalman(weighted_average),false
1789029580.488,74.708,1.205,-3.286,2.130,-86.581,1.217,-3.267,2.144,-86.321,0.012,0.019,0.014,0.027,0,weighted_average,kalman(weighted_average),false
1789029580.538,74.758,1.325,-3.789,2.177,-87.289,1.217,-3.267,2.144,-87.198,-0.108,0.522,-0.033,0.535,12,weighted_average,kalman(weighted_average),true
1789029580.603,74.823,1.086,-3.845,2.227,-89.973,1.217,-3.267,2.144,-89.261,0.131,0.578,-0.083,0.598,12,weighted_average,kalman(weighted_average),true
1789029580.647,74.868,1.360,-3.756,2.119,-87.210,1.346,-3.707,2.121,-88.662,-0.014,0.048,0.003,0.050,12,weighted_average,kalman(weighted_average),false
1789029580.708,74.928,1.247,-3.829,2.133,-88.708,1.294,-3.839,2.126,-88.999,0.047,-0.010,-0.006,0.048,12,weighted_average,kalman(weighted_average),false
1789029580.811,75.032,1.321,-3.738,2.210,-87.675,1.316,-3.808,2.193,-88.348,-0.005,-0.070,-0.018,0.072,12,weighted_average,kalman(weighted_average),false
1789029580.888,75.108,1.321,-3.738,2.210,-87.675,1.324,-3.755,2.216,-87.845,0.002,-0.017,0.006,0.018,12,weighted_average,kalman(weighted_average),false
1789029580.938,75.159,1.269,-3.745,2.249,-88.072,1.290,-3.741,2.245,-87.884,0.021,0.005,-0.004,0.022,12,weighted_average,kalman(weighted_average),false
1789029580.984,75.205,-3.681,-3.743,0.769,-138.028,1.290,-3.741,2.245,-114.345,4.972,0.003,1.475,5.186,12,weighted_average,kalman(weighted_average),true
1789029581.094,75.314,1.146,-3.829,2.179,-88.949,1.163,-3.819,2.186,-102.061,0.017,0.010,0.008,0.021,12,weighted_average,kalman(weighted_average),false
1789029581.145,75.365,1.146,-3.819,2.157,-88.729,1.137,-3.827,2.160,-93.188,-0.009,-0.009,0.003,0.013,12,weighted_average,kalman(weighted_average),false
1789029581.205,75.425,1.153,-3.778,2.167,-88.441,1.134,-3.802,2.156,-88.176,-0.019,-0.024,-0.011,0.032,12,weighted_average,kalman(weighted_average),false
1789029581.248,75.468,1.113,-3.837,2.126,-88.862,1.115,-3.821,2.134,-86.715,0.002,0.015,0.008,0.017,12,weighted_average,kalman(weighted_average),false
1789029581.302,75.522,1.113,-3.837,2.126,-88.862,1.106,-3.834,2.121,-86.035,-0.007,0.003,-0.004,0.009,12,weighted_average,kalman(weighted_average),false
1789029581.434,75.654,1.130,-3.800,2.199,-88.520,1.121,-3.808,2.183,-86.461,-0.009,-0.008,-0.016,0.020,12,weighted_average,kalman(weighted_average),false
1789029581.494,75.715,-0.759,-4.571,1.604,-107.805,1.121,-3.808,2.183,-100.337,1.880,0.763,0.579,2.110,12,weighted_average,kalman(weighted_average),true
1789029581.543,75.764,-0.759,-4.571,1.604,-107.805,1.121,-3.808,2.183,-106.649,1.880,0.763,0.579,2.110,12,weighted_average,kalman(weighted_average),true
1789029581.607,75.828,-3.507,-3.849,0.910,-135.092,1.121,-3.808,2.183,-126.253,4.628,0.041,1.272,4.800,12,weighted_average,kalman(weighted_average),true
1789029581.752,75.973,-0.334,-4.491,1.763,-103.664,1.121,-3.808,2.183,-113.139,1.455,0.683,0.420,1.662,12,weighted_average,kalman(weighted_average),true
1789029581.810,76.030,-3.417,-3.839,0.793,-134.172,1.121,-3.808,2.183,-125.134,4.538,0.031,1.389,4.746,12,weighted_average,kalman(weighted_average),true
1789029581.876,76.097,-3.417,-3.839,0.793,-134.172,-3.417,-3.839,0.793,-131.685,0.000,0.000,0.000,0.000,12,weighted_average,kalman(weighted_average),false
1789029581.913,76.133,0.402,-4.193,2.086,-96.132,-3.417,-3.839,0.793,-114.454,-3.819,0.354,-1.293,4.047,12,weighted_average,kalman(weighted_average),true
1789029582.007,76.228,0.402,-4.193,2.086,-96.132,-3.417,-3.839,0.793,-99.869,-3.819,0.354,-1.293,4.047,12,weighted_average,kalman(weighted_average),true
1789029582.062,76.283,1.032,-3.809,2.241,-89.051,-3.417,-3.839,0.793,-90.607,-4.449,-0.030,-1.448,4.678,12,weighted_average,kalman(weighted_average),true
1789029582.118,76.338,1.032,-3.809,2.241,-89.051,-3.417,-3.839,0.793,-86.253,-4.449,-0.030,-1.448,4.678,12,weighted_average,kalman(weighted_average),true
1789029582.179,76.400,0.988,-3.504,2.381,-87.095,-3.417,-3.839,0.793,-83.652,-4.405,-0.335,-1.587,4.694,13,weighted_average,kalman(weighted_average),true
1789029582.274,76.494,1.037,-3.799,2.097,-88.744,1.037,-3.799,2.097,-84.552,0.000,0.000,0.000,0.000,12,weighted_average,kalman(weighted_average),false
1789029582.325,76.546,1.072,-3.765,2.114,-88.220,1.072,-3.765,2.114,-86.192,-0.000,-0.000,-0.000,0.000,12,weighted_average,kalman(weighted_average),false
1789029582.405,76.626,1.072,-3.765,2.114,-88.220,1.072,-3.764,2.114,-87.392,0.000,0.000,0.000,0.000,12,weighted_average,kalman(weighted_average),false
1789029582.507,76.728,1.072,-3.765,2.114,-88.220,1.072,-3.764,2.114,-88.179,0.000,0.000,0.000,0.000,12,weighted_average,kalman(weighted_average),false
1789029582.621,76.841,0.935,-3.495,2.352,-87.228,0.955,-3.534,2.317,-87.623,0.020,-0.039,-0.034,0.055,13,weighted_average,kalman(weighted_average),false
1789029582.697,76.917,0.895,-3.523,2.337,-87.748,0.893,-3.493,2.361,-87.666,-0.003,0.030,0.024,0.039,4|13,weighted_average,kalman(weighted_average),false
1789029582.754,76.974,0.895,-3.523,2.337,-87.748,0.879,-3.495,2.362,-87.703,-0.017,0.028,0.025,0.041,4|13,weighted_average,kalman(weighted_average),false
1789029582.796,77.017,0.895,-3.523,2.337,-87.748,0.879,-3.503,2.355,-87.724,-0.016,0.020,0.019,0.032,4|13,weighted_average,kalman(weighted_average),false
1789029582.891,77.111,1.070,-3.721,2.137,-87.736,1.016,-3.664,2.195,-87.735,-0.054,0.058,0.058,0.098,12,weighted_average,kalman(weighted_average),false
1789029582.953,77.173,1.070,-3.721,2.137,-87.736,1.075,-3.729,2.129,-87.738,0.005,-0.008,-0.008,0.012,12,weighted_average,kalman(weighted_average),false
1789029583.039,77.260,1.070,-3.721,2.137,-87.736,1.092,-3.748,2.111,-87.739,0.022,-0.026,-0.026,0.043,12,weighted_average,kalman(weighted_average),false
1789029583.098,77.318,1.079,-3.703,2.207,-87.581,1.091,-3.726,2.167,-87.644,0.012,-0.023,-0.039,0.047,12,weighted_average,kalman(weighted_average),false
1789029583.231,77.451,1.107,-3.695,2.150,-87.192,1.108,-3.700,2.156,-87.268,0.001,-0.005,0.007,0.008,12,weighted_average,kalman(weighted_average),false
1789029583.294,77.515,1.111,-3.681,2.089,-86.960,1.113,-3.683,2.105,-87.008,0.001,-0.001,0.016,0.016,12,weighted_average,kalman(weighted_average),false
1789029583.373,77.594,1.111,-3.681,2.089,-86.960,1.114,-3.677,2.084,-86.891,0.002,0.005,-0.006,0.008,12,weighted_average,kalman(weighted_average),false
1789029583.496,77.716,1.102,-3.685,2.067,-86.757,1.104,-3.681,2.063,-86.725,0.002,0.003,-0.004,0.005,12,weighted_average,kalman(weighted_average),false
1789029583.577,77.798,1.102,-3.685,2.067,-86.757,1.101,-3.684,2.063,-86.712,-0.001,0.000,-0.004,0.004,12,weighted_average,kalman(weighted_average),false
1789029583.639,77.860,1.063,-3.706,2.129,-86.758,1.073,-3.701,2.108,-86.723,0.010,0.006,-0.021,0.024,12,weighted_average,kalman(weighted_average),false
1789029583.742,77.962,1.063,-3.706,2.129,-86.758,1.060,-3.708,2.132,-86.739,-0.003,-0.002,0.003,0.005,12,weighted_average,kalman(weighted_average),false
1789029583.870,78.090,1.049,-3.656,2.169,-85.329,1.048,-3.663,2.169,-85.597,-0.001,-0.008,-0.001,0.008,12,weighted_average,kalman(weighted_average),false
1789029583.940,78.160,1.005,-3.694,2.063,-85.393,1.014,-3.680,2.094,-85.292,0.009,0.014,0.031,0.035,12,weighted_average,kalman(weighted_average),false
1789029583.984,78.204,1.047,-3.628,2.152,-84.325,1.029,-3.648,2.122,-84.634,-0.018,-0.020,-0.031,0.041,12,weighted_average,kalman(weighted_average),false
1789029584.083,78.304,0.821,-3.435,2.341,-84.062,0.864,-3.475,2.292,-83.971,0.043,-0.039,-0.048,0.076,13,weighted_average,kalman(weighted_average),false
1789029584.211,78.432,0.815,-3.422,2.344,-83.849,0.799,-3.404,2.361,-83.691,-0.016,0.018,0.017,0.029,13,weighted_average,kalman(weighted_average),false
1789029584.276,78.496,0.809,-3.416,2.352,-83.684,0.798,-3.403,2.363,-83.622,-0.011,0.012,0.011,0.020,13,weighted_average,kalman(weighted_average),false
1789029584.322,78.543,0.794,-3.407,2.343,-83.580,0.792,-3.401,2.355,-83.555,-0.003,0.006,0.012,0.013,13,weighted_average,kalman(weighted_average),false
1789029584.378,78.599,0.780,-3.402,2.347,-83.667,0.780,-3.398,2.351,-83.572,0.000,0.003,0.004,0.005,13,weighted_average,kalman(weighted_average),false
1789029584.486,78.707,0.665,-3.465,2.341,-85.554,0.683,-3.450,2.343,-84.968,0.018,0.015,0.002,0.024,4,weighted_average,kalman(weighted_average),false
1789029584.561,78.781,0.727,-3.416,2.335,-84.260,0.701,-3.433,2.336,-84.717,-0.026,-0.016,0.001,0.031,4|13,weighted_average,kalman(weighted_average),false
1789029584.616,78.837,0.661,-3.453,2.318,-85.438,0.671,-3.447,2.322,-85.212,0.010,0.007,0.004,0.013,4,weighted_average,kalman(weighted_average),false
1789029584.689,78.909,0.661,-3.453,2.318,-85.438,0.657,-3.454,2.315,-85.495,-0.004,-0.001,-0.002,0.005,4,weighted_average,kalman(weighted_average),false
1789029584.796,79.017,0.642,-3.449,2.324,-85.396,0.640,-3.452,2.320,-85.552,-0.002,-0.003,-0.004,0.005,4,weighted_average,kalman(weighted_average),false
1789029584.866,79.086,0.832,-3.620,2.158,-84.753,0.779,-3.576,2.201,-85.060,-0.054,0.044,0.043,0.082,12,weighted_average,kalman(weighted_average),false
1789029584.929,79.150,0.630,-3.439,2.322,-85.430,0.697,-3.501,2.265,-85.227,0.067,-0.062,-0.056,0.108,4,weighted_average,kalman(weighted_average),false
1789029584.971,79.192,0.693,-3.697,2.198,-86.326,0.691,-3.615,2.226,-85.804,-0.002,0.082,0.029,0.087,12,weighted_average,kalman(weighted_average),false
1789029585.080,79.301,0.619,-3.436,2.325,-85.409,0.630,-3.491,2.300,-85.644,0.010,-0.054,-0.025,0.061,4,weighted_average,kalman(weighted_average),false
1789029585.143,79.363,0.613,-3.433,2.329,-85.430,0.608,-3.432,2.331,-85.503,-0.005,0.001,0.003,0.006,4,weighted_average,kalman(weighted_average),false
1789029585.188,79.409,0.743,-3.643,2.142,-85.502,0.608,-3.432,2.331,-85.479,-0.135,0.212,0.189,0.314,12,weighted_average,kalman(weighted_average),true
1789029585.234,79.454,0.165,-3.945,1.913,-92.007,0.608,-3.432,2.331,-88.817,0.443,0.513,0.418,0.797,12,weighted_average,kalman(weighted_average),true
1789029585.316,79.536,0.165,-3.945,1.913,-92.007,0.608,-3.432,2.331,-91.516,0.443,0.513,0.418,0.797,12,weighted_average,kalman(weighted_average),true
1789029585.458,79.678,-3.203,-3.559,0.767,-127.481,0.608,-3.432,2.331,-121.667,3.811,0.128,1.564,4.122,12,weighted_average,kalman(weighted_average),true
1789029585.533,79.753,-3.180,-3.584,0.795,-127.112,0.608,-3.432,2.331,-129.975,3.788,0.152,1.536,4.090,12,weighted_average,kalman(weighted_average),true
1789029585.599,79.819,0.776,-3.572,2.200,-84.720,0.774,-3.570,2.201,-104.488,-0.002,0.001,0.001,0.003,12,weighted_average,kalman(weighted_average),false
1789029585.660,79.880,0.622,-3.472,2.272,-85.326,0.674,-3.507,2.245,-90.670,0.053,-0.036,-0.027,0.069,4|12,weighted_average,kalman(weighted_average),false
1789029585.767,79.988,-3.174,-3.514,0.737,-127.027,0.674,-3.507,2.245,-112.861,3.848,0.007,1.507,4.132,12,weighted_average,kalman(weighted_average),true
1789029585.816,80.037,0.057,-3.907,1.957,-92.422,0.674,-3.507,2.245,-102.906,0.617,0.399,0.288,0.790,12,weighted_average,kalman(weighted_average),true
1789029585.866,80.087,0.639,-3.567,2.253,-85.502,0.641,-3.564,2.253,-93.351,0.002,0.003,-0.000,0.003,12,weighted_average,kalman(weighted_average),false
1789029585.917,80.137,0.580,-3.597,2.182,-86.068,0.598,-3.590,2.208,-87.905,0.019,0.006,0.026,0.032,12,weighted_average,kalman(weighted_average),false
1789029585.968,80.189,0.042,-3.852,1.963,-92.023,0.598,-3.590,2.208,-88.074,0.557,0.262,0.245,0.662,12,weighted_average,kalman(weighted_average),true
1789029586.064,80.284,-3.007,-3.492,0.757,-124.523,0.598,-3.590,2.208,-110.793,3.605,-0.099,1.451,3.887,12,weighted_average,kalman(weighted_average),true
1789029586.117,80.337,0.528,-3.522,2.173,-85.610,0.533,-3.527,2.175,-99.069,0.005,-0.005,0.003,0.008,12,weighted_average,kalman(weighted_average),false
1789029586.163,80.384,-2.916,-3.489,0.813,-123.219,0.533,-3.527,2.175,-112.088,3.449,-0.038,1.362,3.709,12,weighted_average,kalman(weighted_average),true
1789029586.214,80.434,0.484,-3.478,2.170,-85.506,0.494,-3.489,2.171,-100.490,0.010,-0.010,0.001,0.015,12,weighted_average,kalman(weighted_average),false
1789029586.267,80.487,0.527,-3.403,2.232,-84.604,0.510,-3.429,2.209,-91.639,-0.017,-0.026,-0.022,0.038,12,weighted_average,kalman(weighted_average),false
1789029586.360,80.581,0.484,-3.374,2.267,-84.481,0.490,-3.373,2.259,-84.565,0.005,0.001,-0.007,0.009,12,weighted_average,kalman(weighted_average),false
1789029586.408,80.629,0.440,-3.337,2.270,-84.520,0.454,-3.340,2.274,-82.972,0.015,-0.002,0.005,0.016,12,weighted_average,kalman(weighted_average),false
1789029586.461,80.682,0.344,-3.402,2.134,-85.486,0.377,-3.366,2.194,-82.908,0.033,0.036,0.060,0.077,12,weighted_average,kalman(weighted_average),false
1789029586.531,80.752,-0.289,-3.649,1.854,-93.131,0.377,-3.366,2.194,-87.918,0.666,0.283,0.340,0.799,12,weighted_average,kalman(weighted_average),true
1789029586.632,80.853,0.154,-3.365,2.281,-88.524,0.176,-3.365,2.272,-88.788,0.022,-0.000,-0.009,0.024,12,weighted_average,kalman(weighted_average),false
1789029586.683,80.904,0.243,-3.359,1.988,-87.995,0.199,-3.361,2.090,-88.535,-0.044,-0.002,0.103,0.112,12,weighted_average,kalman(weighted_average),false
1789029586.746,80.967,0.245,-3.296,2.191,-88.116,0.220,-3.316,2.134,-88.413,-0.025,-0.020,-0.058,0.066,12,weighted_average,kalman(weighted_average),false
1789029586.788,81.009,0.327,-3.256,2.154,-87.439,0.283,-3.273,2.143,-87.945,-0.044,-0.017,-0.011,0.049,12,weighted_average,kalman(weighted_average),false
1789029586.837,81.058,0.116,-3.342,2.148,-90.399,0.195,-3.301,2.146,-89.152,0.079,0.041,-0.003,0.089,12,weighted_average,kalman(weighted_average),false
1789029586.932,81.152,-2.622,-3.272,0.810,-122.787,0.195,-3.301,2.146,-111.583,2.817,-0.029,1.336,3.118,12,weighted_average,kalman(weighted_average),true
1789029586.984,81.205,-0.754,-3.613,1.736,-101.496,0.195,-3.301,2.146,-109.173,0.949,0.312,0.410,1.080,12,weighted_average,kalman(weighted_average),true
1789029587.046,81.266,-2.638,-3.256,0.885,-123.368,0.195,-3.301,2.146,-119.611,2.833,-0.045,1.260,3.101,12,weighted_average,kalman(weighted_average),true
1789029587.116,81.336,0.262,-3.227,2.145,-89.700,0.260,-3.230,2.145,-104.658,-0.002,-0.003,0.000,0.003,12,weighted_average,kalman(weighted_average),false
1789029587.212,81.433,0.113,-3.286,2.148,-91.737,0.149,-3.268,2.147,-94.429,0.035,0.017,-0.001,0.039,12,weighted_average,kalman(weighted_average),false
1789029587.266,81.487,0.302,-3.196,2.104,-89.379,0.238,-3.223,2.118,-89.597,-0.064,-0.028,0.014,0.071,12,weighted_average,kalman(weighted_average),false
1789029587.316,81.536,0.101,-3.300,2.130,-92.022,0.158,-3.266,2.121,-89.016,0.058,0.033,-0.009,0.067,12,weighted_average,kalman(weighted_average),false
1789029587.364,81.585,-2.545,-3.250,0.801,-122.506,0.158,-3.266,2.121,-105.174,2.704,-0.016,1.321,3.009,12,weighted_average,kalman(weighted_average),true
1789029587.414,81.634,0.145,-3.274,2.087,-90.425,0.148,-3.272,2.095,-99.383,0.003,0.002,0.008,0.009,12,weighted_average,kalman(weighted_average),false
1789029587.508,81.729,-2.646,-3.189,0.821,-122.558,0.148,-3.272,2.095,-114.919,2.794,-0.084,1.274,3.072,12,weighted_average,kalman(weighted_average),true
1789029587.562,81.783,-2.646,-3.200,0.869,-121.952,0.148,-3.272,2.095,-121.527,2.794,-0.072,1.226,3.052,12,weighted_average,kalman(weighted_average),true
1789029587.611,81.832,0.287,-3.172,2.150,-86.185,0.277,-3.179,2.146,-104.894,-0.010,-0.007,-0.004,0.013,12,weighted_average,kalman(weighted_average),false
1789029587.660,81.881,0.255,-3.158,2.132,-85.331,0.275,-3.157,2.142,-93.681,0.020,0.001,0.010,0.023,12,weighted_average,kalman(weighted_average),false
1789029587.713,81.934,0.225,-3.159,2.223,-85.653,0.253,-3.148,2.194,-86.812,0.028,0.011,-0.029,0.042,12,weighted_average,kalman(weighted_average),false
1789029587.806,82.026,-2.613,-3.128,0.825,-119.401,0.253,-3.148,2.194,-104.589,2.867,-0.020,1.369,3.177,12,weighted_average,kalman(weighted_average),true
1789029587.858,82.079,0.178,-3.133,2.187,-86.059,0.187,-3.135,2.188,-95.626,0.009,-0.002,0.001,0.009,12,weighted_average,kalman(weighted_average),false
1789029587.907,82.128,0.161,-3.139,2.162,-86.334,0.163,-3.136,2.170,-90.352,0.001,0.003,0.009,0.009,12,weighted_average,kalman(weighted_average),false
1789029587.960,82.181,0.278,-3.086,2.148,-85.030,0.224,-3.104,2.154,-86.426,-0.054,-0.018,0.005,0.058,12,weighted_average,kalman(weighted_average),false
1789029588.009,82.230,-2.691,-3.080,0.833,-120.320,0.224,-3.104,2.154,-102.631,2.915,-0.024,1.321,3.200,12,weighted_average,kalman(weighted_average),true
1789029588.105,82.326,0.287,-3.096,2.119,-83.583,0.279,-3.097,2.124,-92.418,-0.009,-0.001,0.005,0.010,12,weighted_average,kalman(weighted_average),false
1789029588.157,82.378,-2.727,-3.098,0.914,-119.011,0.279,-3.097,2.124,-106.941,3.005,0.001,1.210,3.240,12,weighted_average,kalman(weighted_average),true
1789029588.209,82.430,0.376,-3.075,2.150,-80.518,0.358,-3.079,2.145,-94.048,-0.018,-0.004,-0.005,0.019,12,weighted_average,kalman(weighted_average),false
1789029588.262,82.482,0.415,-3.031,2.206,-79.384,0.405,-3.046,2.187,-85.081,-0.010,-0.014,-0.019,0.025,12,weighted_average,kalman(weighted_average),false
1789029588.315,82.536,0.412,-3.058,2.154,-79.652,0.424,-3.047,2.175,-79.903,0.012,0.012,0.021,0.027,12,weighted_average,kalman(weighted_average),false
1789029588.409,82.629,0.421,-3.055,2.165,-79.373,0.434,-3.049,2.171,-76.629,0.012,0.006,0.005,0.015,12,weighted_average,kalman(weighted_average),false
1789029588.460,82.681,0.481,-3.027,2.176,-78.774,0.468,-3.034,2.174,-76.680,-0.013,-0.007,-0.002,0.015,12,weighted_average,kalman(weighted_average),false
1789029588.515,82.735,0.461,-3.052,2.181,-79.440,0.472,-3.043,2.179,-77.384,0.011,0.009,-0.002,0.014,12,weighted_average,kalman(weighted_average),false
1789029588.562,82.782,0.555,-3.018,2.167,-78.279,0.526,-3.028,2.173,-77.477,-0.029,-0.010,0.006,0.031,12,weighted_average,kalman(weighted_average),false
1789029588.611,82.832,0.578,-3.019,2.143,-78.289,0.569,-3.020,2.155,-77.642,-0.009,-0.001,0.012,0.015,12,weighted_average,kalman(weighted_average),false
1789029588.706,82.927,0.617,-2.986,2.235,-77.987,0.622,-2.991,2.211,-77.685,0.005,-0.005,-0.023,0.024,12,weighted_average,kalman(weighted_average),false
1789029588.760,82.980,0.723,-2.948,2.158,-76.692,0.700,-2.957,2.184,-77.066,-0.023,-0.010,0.026,0.036,12,weighted_average,kalman(weighted_average),false
1789029588.812,83.033,0.659,-2.998,2.207,-78.228,0.694,-2.974,2.198,-77.586,0.034,0.023,-0.008,0.042,12,weighted_average,kalman(weighted_average),false
1789029588.855,83.076,0.733,-2.961,2.157,-77.717,0.725,-2.965,2.177,-77.659,-0.008,-0.004,0.020,0.022,12,weighted_average,kalman(weighted_average),false
1789029588.907,83.128,0.749,-2.954,2.152,-78.486,0.752,-2.955,2.160,-78.101,0.002,-0.002,0.008,0.008,12,weighted_average,kalman(weighted_average),false
1789029588.992,83.213,0.739,-2.986,2.130,-79.680,0.755,-2.974,2.133,-79.207,0.016,0.012,0.003,0.021,12,weighted_average,kalman(weighted_average),false
1789029589.057,83.278,0.754,-3.002,2.125,-80.510,0.758,-2.996,2.122,-80.237,0.004,0.006,-0.003,0.008,12,weighted_average,kalman(weighted_average),false
1789029589.095,83.315,0.755,-2.994,2.188,-81.378,0.758,-2.999,2.156,-81.042,0.003,-0.005,-0.031,0.032,12,weighted_average,kalman(weighted_average),false
1789029589.150,83.371,0.728,-3.041,2.111,-82.273,0.741,-3.028,2.132,-82.075,0.013,0.012,0.021,0.028,12,weighted_average,kalman(weighted_average),false
1789029589.196,83.416,0.753,-3.011,2.152,-82.729,0.746,-3.025,2.141,-82.773,-0.007,-0.014,-0.011,0.019,12,weighted_average,kalman(weighted_average),false
1789029589.283,83.504,0.790,-3.020,2.106,-83.173,0.777,-3.025,2.115,-83.536,-0.012,-0.006,0.009,0.017,12,weighted_average,kalman(weighted_average),false
1789029589.342,83.563,0.732,-3.056,2.072,-84.716,0.752,-3.047,2.081,-84.514,0.020,0.009,0.010,0.024,12,weighted_average,kalman(weighted_average),false
1789029589.385,83.605,0.726,-3.064,2.084,-85.192,0.735,-3.061,2.076,-85.145,0.009,0.003,-0.008,0.012,12,weighted_average,kalman(weighted_average),false
1789029589.438,83.659,0.743,-3.057,2.128,-85.633,0.736,-3.064,2.101,-85.757,-0.008,-0.007,-0.027,0.029,12,weighted_average,kalman(weighted_average),false
1789029589.487,83.708,0.751,-3.041,2.144,-86.045,0.743,-3.053,2.128,-86.213,-0.008,-0.013,-0.016,0.022,12,weighted_average,kalman(weighted_average),false
1789029589.580,83.801,0.695,-3.120,2.111,-87.446,0.707,-3.103,2.121,-87.398,0.012,0.017,0.011,0.023,12,weighted_average,kalman(weighted_average),false
1789029589.635,83.856,0.711,-3.133,2.036,-87.618,0.704,-3.131,2.064,-87.807,-0.007,0.002,0.028,0.029,12,weighted_average,kalman(weighted_average),false
1789029589.681,83.902,0.661,-3.154,2.133,-88.420,0.675,-3.153,2.097,-88.360,0.014,0.001,-0.036,0.039,12,weighted_average,kalman(weighted_average),false
1789029589.749,83.970,0.586,-3.028,2.188,-88.400,0.607,-3.080,2.158,-88.692,0.021,-0.052,-0.031,0.064,4|12,weighted_average,kalman(weighted_average),false
1789029589.838,84.059,0.725,-3.149,2.080,-87.984,0.681,-3.123,2.109,-88.457,-0.044,0.026,0.030,0.059,12,weighted_average,kalman(weighted_average),false
1789029589.887,84.108,0.582,-3.063,2.183,-88.640,0.625,-3.089,2.152,-88.594,0.043,-0.026,-0.031,0.059,4|12,weighted_average,kalman(weighted_average),false
1789029589.940,84.160,0.572,-3.071,2.193,-88.765,0.587,-3.075,2.182,-88.734,0.015,-0.004,-0.011,0.019,4|12,weighted_average,kalman(weighted_average),false
1789029589.994,84.215,0.568,-3.087,2.189,-88.796,0.566,-3.078,2.194,-88.823,-0.002,0.009,0.005,0.010,4|12,weighted_average,kalman(weighted_average),false
1789029590.041,84.262,0.566,-3.090,2.211,-88.792,0.558,-3.083,2.210,-88.853,-0.009,0.006,-0.001,0.011,4|12,weighted_average,kalman(weighted_average),false
1789029590.133,84.354,0.543,-3.128,2.195,-89.059,0.539,-3.117,2.206,-89.037,-0.004,0.011,0.011,0.016,4|12,weighted_average,kalman(weighted_average),false
1789029590.181,84.401,0.496,-3.068,2.238,-89.040,0.507,-3.091,2.227,-89.077,0.012,-0.022,-0.011,0.028,4,weighted_average,kalman(weighted_average),false
1789029590.241,84.462,0.534,-3.151,2.185,-89.069,0.517,-3.129,2.204,-89.111,-0.018,0.022,0.019,0.034,4|12,weighted_average,kalman(weighted_average),false
1789029590.283,84.504,0.545,-3.152,2.182,-88.884,0.531,-3.148,2.189,-89.017,-0.014,0.004,0.007,0.016,4|12,weighted_average,kalman(weighted_average),false
1789029590.338,84.559,0.513,-3.178,2.167,-89.269,0.522,-3.174,2.172,-89.153,0.008,0.004,0.004,0.010,4|12,weighted_average,kalman(weighted_average),false
1789029590.431,84.651,0.529,-3.176,2.198,-89.024,0.526,-3.185,2.186,-89.100,-0.003,-0.009,-0.012,0.015,4|12,weighted_average,kalman(weighted_average),false
1789029590.479,84.700,0.552,-3.170,2.221,-88.714,0.543,-3.178,2.209,-88.880,-0.008,-0.008,-0.011,0.016,4|12,weighted_average,kalman(weighted_average),false
1789029590.540,84.761,0.653,-3.307,2.099,-88.578,0.619,-3.264,2.142,-88.666,-0.034,0.043,0.043,0.070,12,weighted_average,kalman(weighted_average),false
1789029590.590,84.810,0.541,-3.193,2.182,-88.818,0.585,-3.235,2.158,-88.693,0.044,-0.042,-0.024,0.066,4|12,weighted_average,kalman(weighted_average),false
1789029590.648,84.869,0.520,-3.209,2.214,-89.062,0.547,-3.222,2.191,-88.860,0.026,-0.013,-0.024,0.038,4|12,weighted_average,kalman(weighted_average),false
1789029590.745,84.966,0.543,-3.211,2.206,-88.730,0.538,-3.213,2.207,-88.782,-0.005,-0.002,0.001,0.006,4|12,weighted_average,kalman(weighted_average),false
1789029590.811,85.032,0.517,-3.228,2.217,-89.068,0.521,-3.222,2.217,-88.954,0.004,0.006,0.001,0.007,4|12,weighted_average,kalman(weighted_average),false
1789029590.852,85.073,0.483,-3.261,2.184,-89.517,0.495,-3.247,2.200,-89.273,0.012,0.015,0.016,0.025,4|12,weighted_average,kalman(weighted_average),false
1789029590.905,85.126,0.533,-3.231,2.229,-88.865,0.511,-3.242,2.216,-89.128,-0.022,-0.011,-0.012,0.028,4|12,weighted_average,kalman(weighted_average),false
1789029590.961,85.182,0.515,-3.250,2.215,-89.105,0.512,-3.249,2.218,-89.137,-0.003,0.001,0.003,0.004,4|12,weighted_average,kalman(weighted_average),false
1789029591.056,85.277,0.517,-3.252,2.241,-89.053,0.516,-3.254,2.237,-89.098,-0.001,-0.002,-0.004,0.004,4|12,weighted_average,kalman(weighted_average),false
1789029591.107,85.328,0.671,-3.356,2.132,-88.285,0.618,-3.322,2.171,-88.623,-0.053,0.034,0.039,0.074,12,weighted_average,kalman(weighted_average),false
1789029591.155,85.376,0.521,-3.273,2.218,-89.001,0.576,-3.304,2.191,-88.751,0.055,-0.031,-0.027,0.069,4|12,weighted_average,kalman(weighted_average),false
1789029591.246,85.466,0.632,-3.398,2.133,-88.818,0.622,-3.379,2.145,-88.754,-0.011,0.019,0.012,0.025,12,weighted_average,kalman(weighted_average),false
1789029591.359,85.580,0.525,-3.281,2.224,-89.007,0.548,-3.309,2.204,-88.935,0.023,-0.027,-0.020,0.041,4|12,weighted_average,kalman(weighted_average),false
1789029591.406,85.626,-0.796,-3.281,1.771,-103.532,0.548,-3.309,2.204,-97.646,1.344,-0.028,0.433,1.412,4|12,weighted_average,kalman(weighted_average),true
1789029591.461,85.682,0.516,-3.294,2.225,-89.167,0.522,-3.296,2.222,-94.277,0.006,-0.003,-0.004,0.007,4|12,weighted_average,kalman(weighted_average),false
1789029591.510,85.730,0.525,-3.276,2.249,-89.084,0.521,-3.282,2.241,-91.794,-0.005,-0.006,-0.008,0.011,4|12,weighted_average,kalman(weighted_average),false
1789029591.573,85.794,0.540,-3.271,2.248,-88.918,0.531,-3.271,2.251,-89.917,-0.009,-0.000,0.002,0.010,4|12,weighted_average,kalman(weighted_average),false
1789029591.673,85.893,0.569,-3.248,2.245,-88.550,0.561,-3.249,2.250,-88.420,-0.007,-0.001,0.005,0.009,4|12,weighted_average,kalman(weighted_average),false
1789029591.721,85.942,0.476,-3.206,2.290,-89.151,0.510,-3.218,2.276,-88.522,0.034,-0.011,-0.013,0.038,4,weighted_average,kalman(weighted_average),false
1789029591.776,85.997,0.522,-3.279,2.224,-89.188,0.512,-3.249,2.248,-88.660,-0.010,0.030,0.024,0.040,4|12,weighted_average,kalman(weighted_average),false
1789029591.828,86.049,-0.727,-3.266,1.798,-102.801,0.512,-3.249,2.248,-96.217,1.239,0.017,0.450,1.318,4|12,weighted_average,kalman(weighted_average),true
1789029591.883,86.104,-0.745,-3.267,1.798,-103.013,0.512,-3.249,2.248,-101.156,1.256,0.018,0.450,1.335,4|12,weighted_average,kalman(weighted_average),true
1789029591.979,86.200,0.542,-3.261,2.200,-88.892,0.540,-3.260,2.203,-94.964,-0.002,0.001,0.004,0.004,4|12,weighted_average,kalman(weighted_average),false
1789029592.036,86.257,0.539,-3.259,2.242,-88.927,0.542,-3.260,2.226,-90.835,0.003,-0.002,-0.016,0.017,4|12,weighted_average,kalman(weighted_average),false
1789029592.083,86.304,0.475,-3.197,2.297,-89.137,0.502,-3.222,2.271,-89.029,0.027,-0.025,-0.026,0.045,4,weighted_average,kalman(weighted_average),false
1789029592.143,86.363,0.505,-3.278,2.248,-89.346,0.497,-3.252,2.265,-88.145,-0.007,0.027,0.017,0.033,4|12,weighted_average,kalman(weighted_average),false
1789029592.238,86.459,0.533,-3.264,2.231,-89.023,0.521,-3.263,2.242,-87.838,-0.012,0.000,0.011,0.016,4|12,weighted_average,kalman(weighted_average),false
1789029592.302,86.523,0.542,-3.257,2.205,-88.909,0.539,-3.261,2.213,-88.218,-0.003,-0.004,0.008,0.009,4|12,weighted_average,kalman(weighted_average),false
1789029592.347,86.567,0.530,-3.263,2.222,-89.058,0.537,-3.263,2.213,-88.588,0.008,0.000,-0.009,0.012,4|12,weighted_average,kalman(weighted_average),false
1789029592.398,86.618,0.470,-3.197,2.268,-89.217,0.499,-3.224,2.242,-88.915,0.029,-0.027,-0.026,0.047,4,weighted_average,kalman(weighted_average),false
1789029592.448,86.668,0.520,-3.266,2.222,-89.185,0.506,-3.243,2.233,-89.106,-0.014,0.023,0.011,0.030,4|12,weighted_average,kalman(weighted_average),false
1789029592.543,86.763,0.508,-3.274,2.190,-89.308,0.505,-3.266,2.201,-89.328,-0.002,0.008,0.010,0.013,4|12,weighted_average,kalman(weighted_average),false
1789029592.615,86.836,-0.728,-3.258,1.800,-102.801,0.505,-3.266,2.201,-98.160,1.233,-0.008,0.400,1.296,4|12,weighted_average,kalman(weighted_average),true
1789029592.663,86.884,0.518,-3.265,2.189,-89.173,0.516,-3.265,2.190,-94.413,-0.002,-0.000,0.002,0.003,4|12,weighted_average,kalman(weighted_average),false
1789029592.710,86.931,0.474,-3.191,2.256,-89.147,0.491,-3.218,2.230,-91.991,0.017,-0.027,-0.025,0.040,4,weighted_average,kalman(weighted_average),false
1789029592.805,87.026,0.646,-3.366,2.189,-88.686,0.605,-3.322,2.205,-89.572,-0.041,0.044,0.016,0.062,12,weighted_average,kalman(weighted_average),false
1789029592.853,87.074,0.527,-3.264,2.205,-89.022,0.571,-3.298,2.202,-88.861,0.044,-0.035,-0.003,0.056,4|12,weighted_average,kalman(weighted_average),false
1789029592.909,87.129,0.524,-3.257,2.236,-89.066,0.546,-3.277,2.221,-88.540,0.022,-0.020,-0.015,0.033,4|12,weighted_average,kalman(weighted_average),false
1789029592.957,87.178,0.556,-3.245,2.228,-88.492,0.550,-3.257,2.228,-88.216,-0.006,-0.012,-0.001,0.013,4|12,weighted_average,kalman(weighted_average),false
1789029593.020,87.240,0.525,-3.265,2.223,-88.805,0.534,-3.258,2.227,-88.248,0.008,0.008,0.004,0.012,4|12,weighted_average,kalman(weighted_average),false
1789029593.114,87.334,0.538,-3.256,2.235,-88.548,0.534,-3.254,2.234,-88.270,-0.004,0.001,-0.001,0.005,4|12,weighted_average,kalman(weighted_average),false
1789029593.173,87.393,0.526,-3.273,2.195,-88.699,0.528,-3.266,2.209,-88.487,0.002,0.007,0.014,0.015,4|12,weighted_average,kalman(weighted_average),false
1789029593.216,87.437,0.503,-3.288,2.203,-88.961,0.512,-3.281,2.202,-88.747,0.009,0.007,-0.001,0.011,4|12,weighted_average,kalman(weighted_average),false
1789029593.272,87.493,0.545,-3.264,2.196,-88.459,0.528,-3.274,2.194,-88.644,-0.016,-0.010,-0.002,0.019,4|12,weighted_average,kalman(weighted_average),false
1789029593.323,87.544,-0.744,-3.263,1.784,-102.584,0.528,-3.274,2.194,-96.013,1.273,-0.011,0.410,1.337,4|12,weighted_average,kalman(weighted_average),true
1789029593.422,87.643,0.554,-3.255,2.231,-88.336,0.551,-3.257,2.226,-92.453,-0.003,-0.003,-0.005,0.006,4|12,weighted_average,kalman(weighted_average),false
1789029593.477,87.697,0.534,-3.269,2.253,-88.608,0.542,-3.263,2.248,-89.958,0.008,0.006,-0.005,0.011,4|12,weighted_average,kalman(weighted_average),false
1789029593.536,87.757,0.535,-3.274,2.226,-88.559,0.537,-3.270,2.239,-88.569,0.003,0.004,0.013,0.014,4|12,weighted_average,kalman(weighted_average),false
1789029593.577,87.798,0.471,-3.219,2.279,-88.743,0.498,-3.241,2.263,-88.197,0.027,-0.022,-0.016,0.038,4,weighted_average,kalman(weighted_average),false
1789029593.629,87.849,0.520,-3.285,2.231,-88.765,0.503,-3.263,2.249,-88.013,-0.017,0.023,0.019,0.034,4|12,weighted_average,kalman(weighted_average),false
1789029593.732,87.953,0.566,-3.266,2.227,-88.186,0.549,-3.267,2.232,-87.697,-0.017,-0.001,0.005,0.018,4|12,weighted_average,kalman(weighted_average),false
1789029593.791,88.012,0.549,-3.281,2.240,-88.381,0.556,-3.277,2.235,-87.987,0.007,0.003,-0.005,0.009,4|12,weighted_average,kalman(weighted_average),false
1789029593.839,88.059,0.527,-3.308,2.231,-88.719,0.542,-3.298,2.232,-88.359,0.015,0.010,0.001,0.018,4|12,weighted_average,kalman(weighted_average),false
1789029593.891,88.111,0.560,-3.284,2.251,-88.290,0.554,-3.295,2.242,-88.363,-0.007,-0.011,-0.008,0.015,4|12,weighted_average,kalman(weighted_average),false
1789029593.937,88.158,0.558,-3.282,2.245,-88.300,0.559,-3.289,2.245,-88.357,0.000,-0.007,0.000,0.007,4|12,weighted_average,kalman(weighted_average),false
1789029594.040,88.260,0.530,-3.305,2.255,-88.657,0.539,-3.302,2.254,-88.584,0.009,0.003,-0.001,0.009,4|12,weighted_average,kalman(weighted_average),false
1789029594.093,88.314,0.525,-3.307,2.234,-88.709,0.527,-3.308,2.242,-88.697,0.002,-0.000,0.008,0.009,4|12,weighted_average,kalman(weighted_average),false
1789029594.151,88.371,-0.758,-3.290,1.772,-102.651,0.527,-3.308,2.242,-96.807,1.284,-0.017,0.470,1.368,4|12,weighted_average,kalman(weighted_average),true
1789029594.198,88.419,0.521,-3.308,2.250,-88.724,0.522,-3.308,2.248,-93.797,0.001,0.000,-0.002,0.002,4|12,weighted_average,kalman(weighted_average),false
1789029594.300,88.521,0.548,-3.300,2.236,-88.418,0.542,-3.302,2.240,-90.650,-0.006,-0.002,0.003,0.007,4|12,weighted_average,kalman(weighted_average),false
1789029594.353,88.574,0.551,-3.301,2.230,-88.362,0.551,-3.300,2.232,-88.924,-0.000,0.001,0.002,0.002,4|12,weighted_average,kalman(weighted_average),false
1789029594.442,88.662,0.575,-3.288,2.247,-88.126,0.572,-3.290,2.242,-87.737,-0.002,-0.002,-0.005,0.006,4|12,weighted_average,kalman(weighted_average),false
1789029594.516,88.737,0.709,-3.398,2.156,-87.375,0.678,-3.369,2.179,-87.065,-0.031,0.030,0.023,0.049,12,weighted_average,kalman(weighted_average),false
1789029594.617,88.838,0.570,-3.282,2.267,-87.621,0.609,-3.311,2.241,-87.115,0.039,-0.028,-0.026,0.055,4|12,weighted_average,kalman(weighted_average),false
1789029594.680,88.900,0.556,-3.291,2.254,-87.785,0.564,-3.290,2.258,-87.457,0.008,0.001,0.004,0.009,4|12,weighted_average,kalman(weighted_average),false
1789029594.721,88.942,0.518,-3.324,2.235,-88.264,0.527,-3.305,2.250,-87.894,0.009,0.019,0.015,0.026,4|12,weighted_average,kalman(weighted_average),false
1789029594.776,88.997,0.548,-3.303,2.230,-87.866,0.525,-3.302,2.240,-87.961,-0.022,0.001,0.011,0.025,4|12,weighted_average,kalman(weighted_average),false
1789029594.824,89.045,0.532,-3.319,2.221,-88.075,0.522,-3.311,2.229,-88.077,-0.010,0.009,0.008,0.016,4|12,weighted_average,kalman(weighted_average),false
1789029594.925,89.145,0.541,-3.313,2.226,-87.912,0.531,-3.313,2.224,-88.044,-0.010,-0.000,-0.002,0.010,4|12,weighted_average,kalman(weighted_average),false
1789029594.976,89.197,0.540,-3.310,2.233,-87.934,0.538,-3.311,2.229,-87.989,-0.002,-0.002,-0.004,0.005,4|12,weighted_average,kalman(weighted_average),false
1789029595.031,89.252,0.532,-3.318,2.203,-88.011,0.536,-3.316,2.213,-88.000,0.004,0.002,0.010,0.010,4|12,weighted_average,kalman(weighted_average),false
1789029595.087,89.307,0.532,-3.318,2.203,-88.011,0.534,-3.318,2.204,-88.007,0.002,0.000,0.001,0.002,4|12,weighted_average,kalman(weighted_average),false
1789029595.139,89.359,0.552,-3.298,2.240,-87.721,0.545,-3.306,2.223,-87.855,-0.007,-0.008,-0.017,0.020,4|12,weighted_average,kalman(weighted_average),false
1789029595.235,89.456,0.547,-3.302,2.215,-87.777,0.549,-3.301,2.219,-87.771,0.002,0.001,0.004,0.004,4|12,weighted_average,kalman(weighted_average),false
1789029595.290,89.510,0.534,-3.305,2.221,-87.906,0.540,-3.303,2.220,-87.831,0.006,0.002,-0.001,0.006,4|12,weighted_average,kalman(weighted_average),false
1789029595.342,89.563,0.480,-3.240,2.269,-87.979,0.501,-3.262,2.251,-87.910,0.021,-0.023,-0.018,0.035,4,weighted_average,kalman(weighted_average),false
1789029595.393,89.614,0.545,-3.296,2.232,-87.768,0.521,-3.275,2.245,-87.845,-0.025,0.020,0.013,0.034,4|12,weighted_average,kalman(weighted_average),false
1789029595.444,89.665,0.536,-3.301,2.234,-87.878,0.529,-3.289,2.241,-87.859,-0.007,0.012,0.006,0.015,4|12,weighted_average,kalman(weighted_average),false
1789029595.544,89.765,0.528,-3.305,2.216,-87.927,0.530,-3.303,2.222,-87.905,0.002,0.002,0.006,0.006,4|12,weighted_average,kalman(weighted_average),false
1789029595.594,89.815,0.539,-3.302,2.222,-87.786,0.536,-3.304,2.219,-87.842,-0.003,-0.003,-0.003,0.005,4|12,weighted_average,kalman(weighted_average),false
1789029595.643,89.864,0.555,-3.300,2.216,-87.600,0.549,-3.303,2.215,-87.705,-0.006,-0.003,-0.001,0.007,4|12,weighted_average,kalman(weighted_average),false
1789029595.705,89.926,0.542,-3.306,2.201,-87.758,0.548,-3.306,2.204,-87.705,0.006,0.000,0.003,0.006,4|12,weighted_average,kalman(weighted_average),false
1789029595.809,90.030,0.545,-3.289,2.231,-87.698,0.547,-3.293,2.223,-87.680,0.002,-0.004,-0.009,0.010,4|12,weighted_average,kalman(weighted_average),false
1789029595.856,90.077,0.474,-3.230,2.298,-87.936,0.500,-3.251,2.274,-87.822,0.025,-0.020,-0.024,0.040,4,weighted_average,kalman(weighted_average),false
1789029595.914,90.135,0.474,-3.229,2.293,-87.932,0.475,-3.228,2.297,-87.904,0.000,0.002,0.004,0.004,4,weighted_average,kalman(weighted_average),false
1789029595.962,90.182,0.618,-3.429,2.191,-87.918,0.554,-3.342,2.242,-87.935,-0.065,0.087,0.051,0.120,12,weighted_average,kalman(weighted_average),false
1789029596.021,90.242,0.534,-3.289,2.234,-87.765,0.551,-3.325,2.232,-87.865,0.017,-0.036,-0.002,0.039,4|12,weighted_average,kalman(weighted_average),false
1789029596.122,90.343,0.529,-3.288,2.260,-87.823,0.538,-3.301,2.250,-87.837,0.009,-0.013,-0.010,0.018,4|12,weighted_average,kalman(weighted_average),false
1789029596.176,90.397,0.541,-3.285,2.235,-87.675,0.538,-3.287,2.242,-87.736,-0.002,-0.002,0.007,0.008,4|12,weighted_average,kalman(weighted_average),false
1789029596.223,90.444,0.552,-3.271,2.250,-87.548,0.546,-3.273,2.247,-87.616,-0.006,-0.002,-0.003,0.007,4|12,weighted_average,kalman(weighted_average),false
1789029596.284,90.505,0.696,-3.364,2.189,-86.854,0.644,-3.327,2.210,-87.149,-0.052,0.038,0.021,0.068,12,weighted_average,kalman(weighted_average),false
1789029596.406,90.627,0.679,-3.395,2.155,-87.133,0.690,-3.391,2.158,-87.016,0.011,0.004,0.003,0.012,12,weighted_average,kalman(weighted_average),false
1789029596.454,90.674,0.522,-3.297,2.248,-87.902,0.584,-3.337,2.211,-87.518,0.062,-0.040,-0.037,0.082,4|12,weighted_average,kalman(weighted_average),false
1789029596.511,90.732,0.539,-3.284,2.249,-87.693,0.540,-3.298,2.240,-87.682,0.001,-0.015,-0.008,0.017,4|12,weighted_average,kalman(weighted_average),false
1789029596.556,90.777,0.656,-3.407,2.176,-87.430,0.595,-3.355,2.209,-87.606,-0.060,0.052,0.033,0.086,12,weighted_average,kalman(weighted_average),false
1789029596.609,90.829,0.536,-3.290,2.248,-87.746,0.560,-3.321,2.231,-87.712,0.024,-0.031,-0.017,0.043,4|12,weighted_average,kalman(weighted_average),false
1789029596.705,90.926,0.537,-3.283,2.253,-87.703,0.536,-3.288,2.252,-87.756,-0.001,-0.005,-0.001,0.005,4|12,weighted_average,kalman(weighted_average),false
1789029596.759,90.980,0.530,-3.284,2.280,-87.759,0.527,-3.280,2.274,-87.775,-0.003,0.004,-0.006,0.007,4|12,weighted_average,kalman(weighted_average),false
1789029596.806,91.027,0.519,-3.292,2.274,-87.908,0.518,-3.283,2.280,-87.860,-0.001,0.009,0.006,0.011,4|12,weighted_average,kalman(weighted_average),false
1789029596.860,91.081,0.666,-3.408,2.151,-87.307,0.605,-3.358,2.205,-87.589,-0.061,0.050,0.054,0.096,12,weighted_average,kalman(weighted_average),false
1789029596.909,91.130,0.532,-3.288,2.250,-87.707,0.574,-3.328,2.221,-87.620,0.042,-0.040,-0.029,0.065,4|12,weighted_average,kalman(weighted_average),false
1789029597.008,91.228,0.512,-3.298,2.247,-87.939,0.529,-3.307,2.238,-87.815,0.017,-0.009,-0.010,0.021,4|12,weighted_average,kalman(weighted_average),false
1789029597.058,91.279,0.511,-3.305,2.231,-87.928,0.510,-3.303,2.235,-87.906,-0.000,0.002,0.004,0.005,4|12,weighted_average,kalman(weighted_average),false
1789029597.107,91.328,0.464,-3.229,2.296,-87.871,0.475,-3.255,2.273,-87.918,0.011,-0.026,-0.023,0.036,4,weighted_average,kalman(weighted_average),false
1789029597.164,91.385,0.540,-3.287,2.263,-87.455,0.505,-3.265,2.274,-87.689,-0.035,0.022,0.011,0.043,4|12,weighted_average,kalman(weighted_average),false
1789029597.213,91.434,0.540,-3.287,2.263,-87.455,0.526,-3.275,2.271,-87.543,-0.014,0.012,0.008,0.020,4|12,weighted_average,kalman(weighted_average),false
1789029597.312,91.533,0.502,-3.316,2.271,-87.726,0.512,-3.307,2.273,-87.613,0.010,0.010,0.002,0.014,4|12,weighted_average,kalman(weighted_average),false
1789029597.359,91.580,0.442,-3.264,2.297,-87.755,0.465,-3.284,2.289,-87.694,0.023,-0.020,-0.008,0.032,4,weighted_average,kalman(weighted_average),false
1789029597.416,91.637,-2.997,-3.456,0.853,-127.174,0.465,-3.284,2.289,-110.049,3.462,0.173,1.436,3.752,12,weighted_average,kalman(weighted_average),true
1789029597.462,91.682,0.643,-3.437,2.185,-86.868,0.605,-3.405,2.207,-101.441,-0.037,0.032,0.022,0.054,12,weighted_average,kalman(weighted_average),false
1789029597.513,91.733,0.095,-3.749,1.902,-93.287,0.605,-3.405,2.207,-98.374,0.510,0.345,0.305,0.687,12,weighted_average,kalman(weighted_average),true
1789029597.612,91.833,0.597,-3.481,2.107,-87.127,0.598,-3.471,2.119,-91.061,0.001,0.010,0.013,0.016,12,weighted_average,kalman(weighted_average),false
1789029597.673,91.893,0.567,-3.515,2.148,-87.348,0.576,-3.510,2.129,-87.640,0.008,0.005,-0.019,0.021,12,weighted_average,kalman(weighted_average),false
1789029597.713,91.934,0.665,-3.475,2.132,-85.959,0.625,-3.498,2.128,-85.768,-0.040,-0.023,-0.005,0.046,12,weighted_average,kalman(weighted_average),false
1789029597.773,91.994,-3.060,-3.478,0.792,-125.905,0.625,-3.498,2.128,-106.628,3.685,-0.020,1.336,3.920,12,weighted_average,kalman(weighted_average),true
1789029597.816,92.037,0.571,-3.536,2.128,-85.805,0.582,-3.528,2.128,-98.603,0.012,0.008,-0.000,0.014,12,weighted_average,kalman(weighted_average),false
1789029597.912,92.132,-2.960,-3.522,0.766,-123.587,0.582,-3.528,2.128,-115.942,3.543,-0.006,1.362,3.796,12,weighted_average,kalman(weighted_average),true
1789029597.963,92.184,-2.913,-3.588,0.891,-122.664,0.582,-3.528,2.128,-122.654,3.495,0.060,1.237,3.708,12,weighted_average,kalman(weighted_average),true
1789029598.014,92.235,0.484,-3.611,2.128,-85.914,0.491,-3.605,2.128,-105.501,0.007,0.006,0.000,0.009,12,weighted_average,kalman(weighted_average),false
1789029598.065,92.285,0.549,-3.598,2.130,-84.701,0.520,-3.608,2.129,-93.604,-0.029,-0.010,-0.001,0.031,12,weighted_average,kalman(weighted_average),false
1789029598.111,92.332,-1.719,-4.065,1.394,-108.417,0.520,-3.608,2.129,-98.599,2.238,0.457,0.736,2.400,12,weighted_average,kalman(weighted_average),true
1789029598.208,92.429,-0.482,-4.022,2.068,-94.404,0.520,-3.608,2.129,-94.560,1.001,0.414,0.062,1.085,12,weighted_average,kalman(weighted_average),true
1789029598.259,92.479,-1.585,-4.114,1.583,-104.672,0.520,-3.608,2.129,-99.559,2.104,0.506,0.547,2.232,12,weighted_average,kalman(weighted_average),true
1789029598.311,92.532,-0.212,-3.997,1.762,-90.215,-0.177,-3.978,1.779,-94.635,0.035,0.019,0.018,0.043,12,weighted_average,kalman(weighted_average),false
1789029598.361,92.582,-0.429,-4.053,1.735,-92.149,-0.398,-4.058,1.722,-92.635,0.031,-0.005,-0.014,0.034,12,weighted_average,kalman(weighted_average),false
1789029598.421,92.641,-2.811,-3.703,0.793,-117.061,-0.398,-4.058,1.722,-105.237,2.413,-0.354,0.929,2.609,12,weighted_average,kalman(weighted_average),true
1789029598.516,92.737,0.441,-3.733,2.169,-81.773,-0.398,-4.058,1.722,-91.445,-0.840,-0.325,-0.447,1.005,12,weighted_average,kalman(weighted_average),true
1789029598.570,92.791,0.376,-3.787,2.187,-81.983,-0.398,-4.058,1.722,-84.259,-0.774,-0.271,-0.466,0.943,12,weighted_average,kalman(weighted_average),true
1789029598.621,92.842,0.301,-3.782,2.375,-82.519,-0.398,-4.058,1.722,-81.114,-0.700,-0.276,-0.654,0.997,12,weighted_average,kalman(weighted_average),true
1789029598.679,92.900,-0.483,-4.071,2.062,-90.856,-0.481,-4.071,2.053,-84.397,0.002,0.000,-0.009,0.009,12,weighted_average,kalman(weighted_average),false
1789029598.725,92.946,-2.759,-3.822,0.798,-114.171,-0.481,-4.071,2.053,-99.204,2.278,-0.249,1.255,2.613,12,weighted_average,kalman(weighted_average),true
1789029598.836,93.057,0.326,-3.836,2.296,-81.565,-0.481,-4.071,2.053,-89.411,-0.807,-0.235,-0.243,0.875,12,weighted_average,kalman(weighted_average),true
1789029598.883,93.104,0.312,-3.881,2.154,-81.768,-0.481,-4.071,2.053,-83.955,-0.793,-0.190,-0.101,0.822,12,weighted_average,kalman(weighted_average),true
1789029598.942,93.163,0.392,-3.665,2.337,-81.128,0.360,-3.680,2.327,-80.522,-0.032,-0.015,-0.010,0.037,11,weighted_average,kalman(weighted_average),false
1789029598.990,93.211,0.449,-3.662,2.336,-80.279,0.482,-3.638,2.354,-78.926,0.033,0.023,0.018,0.044,11,weighted_average,kalman(weighted_average),false
1789029599.041,93.262,0.463,-3.675,2.337,-80.144,0.537,-3.632,2.364,-78.212,0.074,0.043,0.026,0.089,11,weighted_average,kalman(weighted_average),false
1789029599.139,93.360,0.435,-3.563,2.300,-80.053,0.505,-3.561,2.327,-78.163,0.070,0.002,0.027,0.075,0|11,weighted_average,kalman(weighted_average),false
1789029599.193,93.414,0.396,-3.367,2.277,-79.696,0.433,-3.417,2.290,-78.783,0.037,-0.050,0.012,0.064,0,weighted_average,kalman(weighted_average),false
1789029599.248,93.469,0.427,-3.398,2.315,-79.534,0.418,-3.372,2.297,-79.118,-0.009,0.026,-0.018,0.033,0,weighted_average,kalman(weighted_average),false
1789029599.291,93.512,0.462,-3.596,2.332,-80.134,0.436,-3.480,2.315,-79.639,-0.026,0.115,-0.017,0.120,0|11,weighted_average,kalman(weighted_average),false
1789029599.348,93.569,0.444,-3.405,2.337,-79.863,0.439,-3.438,2.329,-79.855,-0.006,-0.033,-0.007,0.034,0,weighted_average,kalman(weighted_average),false
1789029599.449,93.670,0.452,-3.418,2.322,-80.239,0.449,-3.416,2.327,-80.237,-0.004,0.002,0.005,0.006,0,weighted_average,kalman(weighted_average),false
1789029599.496,93.716,0.454,-3.428,2.326,-81.022,0.454,-3.420,2.326,-80.761,-0.001,0.008,0.000,0.008,0,weighted_average,kalman(weighted_average),false
1789029599.545,93.766,0.490,-3.430,2.296,-81.746,0.478,-3.424,2.307,-81.438,-0.012,0.006,0.011,0.018,0,weighted_average,kalman(weighted_average),false
1789029599.595,93.816,0.481,-3.428,2.283,-82.658,0.485,-3.426,2.289,-82.287,0.004,0.002,0.006,0.008,0,weighted_average,kalman(weighted_average),false
1789029599.652,93.873,0.488,-3.444,2.283,-83.423,0.491,-3.437,2.280,-83.209,0.004,0.006,-0.003,0.008,0,weighted_average,kalman(weighted_average),false
1789029599.747,93.968,0.501,-3.464,2.279,-84.475,0.503,-3.460,2.275,-84.482,0.001,0.004,-0.004,0.006,0,weighted_average,kalman(weighted_average),false
1789029599.801,94.022,0.490,-3.461,2.274,-85.292,0.497,-3.465,2.273,-85.256,0.006,-0.004,-0.001,0.007,0,weighted_average,kalman(weighted_average),false
1789029599.851,94.072,0.489,-3.469,2.263,-85.568,0.492,-3.470,2.265,-85.738,0.003,-0.001,0.002,0.004,0,weighted_average,kalman(weighted_average),false
1789029599.901,94.122,0.481,-3.479,2.252,-86.219,0.484,-3.478,2.255,-86.284,0.004,0.001,0.004,0.005,0,weighted_average,kalman(weighted_average),false
1789029599.953,94.174,0.471,-3.486,2.252,-86.575,0.474,-3.486,2.250,-86.729,0.004,-0.000,-0.002,0.004,0,weighted_average,kalman(weighted_average),false
1789029600.058,94.279,0.458,-3.512,2.235,-87.345,0.459,-3.509,2.236,-87.498,0.000,0.002,0.001,0.002,0,weighted_average,kalman(weighted_average),false
1789029600.110,94.331,0.464,-3.512,2.246,-87.371,0.460,-3.515,2.240,-87.593,-0.005,-0.003,-0.006,0.008,0,weighted_average,kalman(weighted_average),false
1789029600.160,94.381,0.445,-3.538,2.244,-87.813,0.449,-3.533,2.242,-87.847,0.004,0.006,-0.002,0.007,0,weighted_average,kalman(weighted_average),false
1789029600.209,94.430,0.446,-3.541,2.237,-87.782,0.445,-3.542,2.239,-87.941,-0.001,-0.002,0.002,0.003,0,weighted_average,kalman(weighted_average),false
1789029600.258,94.479,0.439,-3.557,2.254,-87.735,0.439,-3.556,2.247,-87.938,0.000,0.002,-0.007,0.007,0,weighted_average,kalman(weighted_average),false
1789029600.364,94.585,0.438,-3.572,2.242,-87.693,0.436,-3.574,2.244,-87.859,-0.002,-0.002,0.003,0.004,0,weighted_average,kalman(weighted_average),false
1789029600.413,94.634,0.362,-3.802,2.340,-87.916,0.387,-3.727,2.307,-87.896,0.024,0.075,-0.033,0.086,0|13,weighted_average,kalman(weighted_average),false
1789029600.463,94.684,0.350,-3.818,2.340,-87.922,0.355,-3.812,2.337,-87.919,0.005,0.006,-0.002,0.008,0|13,weighted_average,kalman(weighted_average),false
1789029600.513,94.734,0.345,-3.826,2.342,-87.910,0.338,-3.851,2.351,-87.923,-0.007,-0.025,0.010,0.028,0|13,weighted_average,kalman(weighted_average),false
1789029600.566,94.787,0.384,-3.617,2.279,-88.013,0.338,-3.851,2.351,-87.978,-0.046,-0.234,0.073,0.249,0,weighted_average,kalman(weighted_average),true
1789029600.667,94.887,0.374,-3.640,2.256,-87.856,0.369,-3.667,2.268,-87.913,-0.005,-0.027,0.012,0.030,0,weighted_average,kalman(weighted_average),false
1789029600.714,94.935,0.369,-3.642,2.258,-87.901,0.372,-3.630,2.252,-87.900,0.004,0.011,-0.006,0.013,0,weighted_average,kalman(weighted_average),false
1789029600.768,94.989,0.350,-3.659,2.269,-87.972,0.361,-3.628,2.254,-87.934,0.011,0.031,-0.015,0.036,0,weighted_average,kalman(weighted_average),false
1789029600.817,95.038,0.359,-3.662,2.263,-87.759,0.359,-3.638,2.256,-87.843,0.001,0.024,-0.008,0.025,0,weighted_average,kalman(weighted_average),false
1789029600.869,95.090,0.330,-3.669,2.272,-87.943,0.341,-3.653,2.264,-87.881,0.011,0.017,-0.009,0.022,0,weighted_average,kalman(weighted_average),false
1789029600.971,95.192,0.320,-3.694,2.266,-87.861,0.321,-3.685,2.265,-87.864,0.001,0.009,-0.000,0.009,0,weighted_average,kalman(weighted_average),false
1789029601.019,95.240,0.329,-3.704,2.259,-87.735,0.323,-3.702,2.261,-87.786,-0.006,0.002,0.003,0.007,0,weighted_average,kalman(weighted_average),false
1789029601.069,95.290,0.301,-3.715,2.266,-87.887,0.307,-3.716,2.264,-87.826,0.007,-0.001,-0.002,0.007,0,weighted_average,kalman(weighted_average),false
1789029601.117,95.338,0.277,-3.724,2.254,-88.073,0.286,-3.726,2.258,-87.952,0.009,-0.002,0.004,0.010,0,weighted_average,kalman(weighted_average),false
1789029601.171,95.392,0.264,-3.736,2.263,-88.075,0.266,-3.738,2.260,-88.037,0.002,-0.002,-0.003,0.004,0,weighted_average,kalman(weighted_average),false
1789029601.270,95.491,0.250,-3.756,2.283,-88.117,0.246,-3.758,2.278,-88.126,-0.004,-0.001,-0.005,0.007,0,weighted_average,kalman(weighted_average),false
1789029601.316,95.537,0.239,-3.763,2.263,-88.081,0.238,-3.765,2.271,-88.120,-0.001,-0.001,0.008,0.008,0,weighted_average,kalman(weighted_average),false
1789029601.379,95.600,0.250,-3.774,2.264,-87.795,0.241,-3.774,2.267,-87.946,-0.008,-0.001,0.003,0.009,0,weighted_average,kalman(weighted_average),false
1789029601.426,95.647,0.135,-3.990,2.309,-88.668,0.176,-3.909,2.292,-88.312,0.041,0.082,-0.017,0.093,0|4,weighted_average,kalman(weighted_average),false
1789029601.473,95.694,0.216,-3.803,2.279,-87.986,0.187,-3.872,2.288,-88.191,-0.029,-0.069,0.009,0.075,0,weighted_average,kalman(weighted_average),false
1789029601.574,95.795,0.188,-3.825,2.291,-88.039,0.182,-3.845,2.293,-88.103,-0.006,-0.020,0.001,0.021,0,weighted_average,kalman(weighted_average),false
1789029601.634,95.855,0.177,-3.822,2.287,-88.091,0.177,-3.825,2.290,-88.085,0.000,-0.004,0.003,0.005,0,weighted_average,kalman(weighted_average),false
1789029601.681,95.902,0.199,-3.826,2.266,-87.674,0.189,-3.821,2.275,-87.851,-0.010,0.005,0.009,0.014,0,weighted_average,kalman(weighted_average),false
1789029601.728,95.949,0.135,-4.129,2.337,-88.565,0.189,-3.821,2.275,-88.177,0.054,0.308,-0.063,0.319,0|4|11,weighted_average,kalman(weighted_average),true
1789029601.786,96.007,0.186,-4.088,2.327,-88.222,0.187,-4.030,2.315,-88.228,0.001,0.058,-0.011,0.059,0|11,weighted_average,kalman(weighted_average),false
1789029601.895,96.116,0.174,-4.096,2.335,-88.115,0.176,-4.114,2.337,-88.177,0.002,-0.018,0.002,0.018,0|11,weighted_average,kalman(weighted_average),false
1789029601.939,96.160,0.128,-3.891,2.275,-88.010,0.144,-3.985,2.301,-88.079,0.016,-0.094,0.026,0.098,0,weighted_average,kalman(weighted_average),false
1789029601.986,96.207,0.136,-3.904,2.280,-87.774,0.133,-3.923,2.284,-87.898,-0.004,-0.020,0.004,0.020,0,weighted_average,kalman(weighted_average),false
1789029602.049,96.270,0.109,-3.913,2.288,-88.020,0.111,-3.897,2.281,-87.918,0.002,0.016,-0.007,0.018,0,weighted_average,kalman(weighted_average),false
1789029602.091,96.312,0.103,-3.920,2.284,-87.978,0.100,-3.899,2.280,-87.930,-0.002,0.021,-0.004,0.022,0,weighted_average,kalman(weighted_average),false
1789029602.192,96.413,0.092,-3.940,2.271,-87.914,0.087,-3.922,2.271,-87.902,-0.005,0.018,-0.000,0.019,0,weighted_average,kalman(weighted_average),false
1789029602.243,96.464,0.082,-3.945,2.276,-87.988,0.081,-3.940,2.272,-87.945,-0.001,0.005,-0.003,0.006,0,weighted_average,kalman(weighted_average),false
1789029602.296,96.517,0.086,-3.951,2.271,-87.872,0.082,-3.952,2.271,-87.906,-0.004,-0.001,-0.000,0.004,0,weighted_average,kalman(weighted_average),false
1789029602.342,96.563,0.016,-4.254,2.349,-88.581,0.041,-4.134,2.316,-88.251,0.026,0.120,-0.033,0.127,0|4|11,weighted_average,kalman(weighted_average),false
1789029602.401,96.622,0.054,-3.984,2.298,-88.047,0.040,-4.079,2.313,-88.201,-0.013,-0.094,0.015,0.096,0,weighted_average,kalman(weighted_average),false
1789029602.494,96.715,0.058,-3.999,2.282,-87.878,0.049,-4.026,2.293,-88.017,-0.009,-0.027,0.011,0.030,0,weighted_average,kalman(weighted_average),false
1789029602.551,96.772,-0.072,-4.234,2.310,-88.806,-0.032,-4.161,2.302,-88.470,0.039,0.073,-0.008,0.084,0|4,weighted_average,kalman(weighted_average),false
1789029602.605,96.826,-0.086,-4.245,2.317,-88.862,-0.080,-4.234,2.312,-88.753,0.006,0.011,-0.005,0.014,0|4,weighted_average,kalman(weighted_average),false
1789029602.650,96.871,0.040,-4.036,2.276,-87.886,-0.024,-4.139,2.292,-88.383,-0.064,-0.103,0.016,0.122,0,weighted_average,kalman(weighted_average),false
1789029602.744,96.965,0.040,-4.036,2.276,-87.886,0.025,-4.059,2.278,-88.052,-0.015,-0.022,0.001,0.027,0,weighted_average,kalman(weighted_average),false
1789029602.870,97.091,0.019,-4.080,2.255,-87.915,0.027,-4.065,2.255,-87.882,0.008,0.014,0.000,0.016,0,weighted_average,kalman(weighted_average),false
1789029602.916,97.137,0.008,-4.102,2.283,-87.962,0.015,-4.091,2.271,-87.903,0.007,0.011,-0.012,0.018,0,weighted_average,kalman(weighted_average),false
1789029602.975,97.196,0.004,-4.101,2.274,-87.955,0.005,-4.103,2.273,-87.913,0.002,-0.002,-0.000,0.002,0,weighted_average,kalman(weighted_average),false
1789029603.015,97.236,-2.184,-4.851,1.598,-108.170,0.005,-4.103,2.273,-98.324,2.190,0.749,0.675,2.411,12,weighted_average,kalman(weighted_average),true
1789029603.074,97.295,-0.001,-4.119,2.271,-87.938,0.000,-4.116,2.271,-94.663,0.001,0.004,0.001,0.004,0,weighted_average,kalman(weighted_average),false
1789029603.166,97.387,-1.243,-5.003,1.526,-99.596,0.000,-4.116,2.271,-98.507,1.243,0.887,0.745,1.699,12,weighted_average,kalman(weighted_average),true
1789029603.217,97.438,-0.002,-4.177,2.272,-87.883,-0.002,-4.169,2.272,-93.048,0.000,0.008,-0.000,0.008,0,weighted_average,kalman(weighted_average),false
1789029603.273,97.494,0.008,-4.196,2.271,-87.765,0.004,-4.194,2.272,-89.650,-0.003,0.002,0.000,0.004,0,weighted_average,kalman(weighted_average),false
1789029603.319,97.540,0.028,-4.202,2.290,-87.517,0.019,-4.206,2.282,-87.793,-0.009,-0.004,-0.008,0.012,0,weighted_average,kalman(weighted_average),false
1789029603.378,97.599,0.007,-4.209,2.269,-87.734,0.015,-4.215,2.276,-86.775,0.008,-0.006,0.007,0.012,0,weighted_average,kalman(weighted_average),false
1789029603.476,97.697,-0.004,-4.224,2.251,-87.873,0.001,-4.228,2.256,-86.642,0.005,-0.003,0.005,0.008,0,weighted_average,kalman(weighted_average),false
1789029603.529,97.750,0.125,-4.629,2.261,-87.119,0.001,-4.228,2.256,-86.706,-0.124,0.402,-0.005,0.420,10,weighted_average,kalman(weighted_average),true
1789029603.578,97.799,0.113,-4.677,2.185,-87.412,0.001,-4.228,2.256,-86.960,-0.111,0.450,0.071,0.469,10,weighted_average,kalman(weighted_average),true
1789029603.641,97.862,-0.039,-4.558,2.244,-88.250,-0.035,-4.527,2.245,-87.643,0.004,0.031,0.001,0.031,0|4|10,weighted_average,kalman(weighted_average),false
1789029603.739,97.960,0.127,-4.672,2.250,-87.066,0.089,-4.676,2.248,-87.352,-0.038,-0.004,-0.002,0.038,10,weighted_average,kalman(weighted_average),false
1789029603.791,98.012,-0.036,-4.594,2.228,-88.196,0.022,-4.648,2.235,-87.834,0.058,-0.054,0.007,0.080,0|4|10,weighted_average,kalman(weighted_average),false
1789029603.852,98.073,-0.036,-4.594,2.228,-88.196,-0.018,-4.624,2.228,-88.119,0.017,-0.029,-0.000,0.034,0|4|10,weighted_average,kalman(weighted_average),false
1789029603.898,98.119,0.066,-4.526,2.217,-87.628,0.026,-4.565,2.219,-87.937,-0.041,-0.039,0.002,0.057,0|10,weighted_average,kalman(weighted_average),false
1789029603.955,98.176,0.122,-4.724,2.265,-87.296,0.089,-4.654,2.245,-87.619,-0.033,0.069,-0.020,0.079,10,weighted_average,kalman(weighted_average),false
1789029604.080,98.301,0.128,-4.774,2.204,-87.292,0.134,-4.766,2.213,-87.326,0.006,0.008,0.009,0.014,10,weighted_average,kalman(weighted_average),false
1789029604.130,98.351,-0.009,-4.375,2.225,-88.131,0.134,-4.766,2.213,-87.772,0.143,-0.391,-0.012,0.417,0,weighted_average,kalman(weighted_average),true
1789029604.183,98.404,0.143,-4.789,2.209,-87.130,0.141,-4.785,2.209,-87.446,-0.001,0.004,0.001,0.004,10,weighted_average,kalman(weighted_average),false
1789029604.228,98.449,0.096,-4.840,2.232,-87.991,0.114,-4.822,2.223,-87.704,0.018,0.019,-0.009,0.027,10,weighted_average,kalman(weighted_average),false
1789029604.289,98.510,0.056,-4.597,2.206,-87.863,0.073,-4.687,2.214,-87.819,0.017,-0.090,0.008,0.092,0|10,weighted_average,kalman(weighted_average),false
1789029604.395,98.616,0.088,-4.621,2.174,-87.460,0.076,-4.614,2.182,-87.606,-0.012,0.007,0.007,0.016,0|10,weighted_average,kalman(weighted_average),false
1789029604.448,98.669,0.120,-4.857,2.175,-87.633,0.105,-4.765,2.172,-87.599,-0.014,0.092,-0.003,0.093,10,weighted_average,kalman(weighted_average),false
1789029604.511,98.732,0.076,-4.643,2.191,-87.682,0.091,-4.702,2.180,-87.629,0.014,-0.058,-0.011,0.061,0|10,weighted_average,kalman(weighted_average),false
1789029604.552,98.773,0.072,-4.621,2.205,-87.605,0.080,-4.653,2.194,-87.613,0.007,-0.031,-0.011,0.034,0|10,weighted_average,kalman(weighted_average),false
1789029604.605,98.826,0.081,-4.618,2.198,-87.511,0.078,-4.620,2.199,-87.553,-0.003,-0.003,0.000,0.004,0|10,weighted_average,kalman(weighted_average),false
1789029604.701,98.922,0.125,-4.856,2.192,-87.513,0.113,-4.789,2.195,-87.507,-0.013,0.068,0.004,0.069,10,weighted_average,kalman(weighted_average),false
1789029604.751,98.972,0.069,-4.633,2.167,-87.667,0.089,-4.710,2.177,-87.589,0.020,-0.077,0.010,0.080,0|10,weighted_average,kalman(weighted_average),false
1789029604.804,99.025,0.112,-4.872,2.136,-87.689,0.103,-4.813,2.148,-87.650,-0.009,0.059,0.012,0.061,10,weighted_average,kalman(weighted_average),false
1789029604.856,99.077,0.118,-4.850,2.162,-87.507,0.114,-4.855,2.149,-87.587,-0.004,-0.005,-0.012,0.014,10,weighted_average,kalman(weighted_average),false
1789029604.906,99.127,0.108,-4.859,2.160,-87.670,0.113,-4.875,2.152,-87.629,0.005,-0.015,-0.008,0.018,10,weighted_average,kalman(weighted_average),false
1789029605.006,99.227,0.014,-4.396,2.159,-87.801,0.113,-4.875,2.152,-87.753,0.099,-0.478,-0.007,0.488,0,weighted_average,kalman(weighted_average),true
1789029605.053,99.274,0.127,-4.822,2.174,-87.214,0.126,-4.828,2.171,-87.463,-0.002,-0.007,-0.003,0.007,10,weighted_average,kalman(weighted_average),false
1789029605.113,99.334,0.047,-4.609,2.163,-87.765,0.074,-4.672,2.168,-87.601,0.026,-0.063,0.005,0.068,0|10,weighted_average,kalman(weighted_average),false
1789029605.161,99.382,-0.006,-4.396,2.152,-87.982,0.018,-4.477,2.159,-87.808,0.024,-0.081,0.007,0.085,0,weighted_average,kalman(weighted_average),false
1789029605.210,99.431,-0.007,-4.396,2.153,-87.963,-0.011,-4.380,2.154,-87.924,-0.003,0.016,0.002,0.016,0,weighted_average,kalman(weighted_average),false
1789029605.312,99.533,0.062,-4.602,2.132,-87.528,-0.011,-4.380,2.154,-87.712,-0.073,0.223,0.022,0.235,0|10,weighted_average,kalman(weighted_average),true
1789029605.360,99.581,0.052,-4.591,2.135,-87.608,0.045,-4.566,2.138,-87.632,-0.007,0.025,0.002,0.026,0|10,weighted_average,kalman(weighted_average),false
1789029605.411,99.632,0.102,-4.811,2.132,-87.544,0.089,-4.750,2.132,-87.555,-0.013,0.061,-0.000,0.063,10,weighted_average,kalman(weighted_average),false
1789029605.459,99.680,0.118,-4.775,2.129,-87.131,0.117,-4.807,2.128,-87.304,-0.001,-0.032,-0.001,0.032,10,weighted_average,kalman(weighted_average),false
1789029605.516,99.737,0.096,-4.801,2.113,-87.559,0.117,-4.841,2.117,-87.372,0.020,-0.041,0.003,0.046,10,weighted_average,kalman(weighted_average),false
1789029605.619,99.840,-0.058,-4.656,2.134,-88.266,-0.016,-4.720,2.128,-87.958,0.042,-0.064,-0.007,0.077,0|4|10,weighted_average,kalman(weighted_average),false
1789029605.671,99.892,0.039,-4.545,2.105,-87.656,0.002,-4.588,2.114,-87.858,-0.037,-0.043,0.009,0.057,0|10,weighted_average,kalman(weighted_average),false
1789029605.717,99.938,0.098,-4.763,2.089,-87.407,0.052,-4.664,2.098,-87.652,-0.046,0.099,0.008,0.109,10,weighted_average,kalman(weighted_average),false
1789029605.770,99.991,0.116,-4.737,2.067,-87.011,0.095,-4.702,2.075,-87.302,-0.021,0.034,0.008,0.041,10,weighted_average,kalman(weighted_average),false
1789029605.820,100.041,-0.053,-4.762,2.123,-87.987,0.016,-4.742,2.098,-87.594,0.069,0.021,-0.025,0.077,4|10,weighted_average,kalman(weighted_average),false
1789029605.922,100.143,0.088,-4.733,2.123,-87.481,0.063,-4.745,2.118,-87.526,-0.025,-0.012,-0.005,0.028,10,weighted_average,kalman(weighted_average),false
1789029605.974,100.195,0.021,-4.505,2.104,-87.801,0.041,-4.586,2.112,-87.681,0.020,-0.081,0.008,0.084,0|10,weighted_average,kalman(weighted_average),false
1789029606.027,100.248,0.029,-4.501,2.114,-87.717,0.033,-4.506,2.114,-87.721,0.004,-0.005,-0.000,0.006,0|10,weighted_average,kalman(weighted_average),false
1789029606.074,100.295,0.079,-4.704,2.117,-87.540,0.059,-4.596,2.116,-87.644,-0.020,0.107,-0.000,0.109,10,weighted_average,kalman(weighted_average),false
1789029606.122,100.343,0.023,-4.475,2.113,-87.737,0.041,-4.525,2.115,-87.692,0.019,-0.049,0.002,0.053,0|10,weighted_average,kalman(weighted_average),false
1789029606.239,100.460,0.033,-4.468,2.108,-87.589,0.034,-4.464,2.110,-87.628,0.001,0.004,0.002,0.004,0|10,weighted_average,kalman(weighted_average),false
1789029606.279,100.500,0.093,-4.666,2.079,-87.220,0.070,-4.584,2.090,-87.390,-0.023,0.082,0.010,0.086,10,weighted_average,kalman(weighted_average),false
1789029606.334,100.555,0.026,-4.456,2.101,-87.704,0.048,-4.518,2.093,-87.518,0.022,-0.061,-0.008,0.066,0|10,weighted_average,kalman(weighted_average),false
1789029606.382,100.603,0.030,-4.446,2.099,-87.608,0.036,-4.470,2.095,-87.559,0.006,-0.025,-0.004,0.026,0|10,weighted_average,kalman(weighted_average),false
1789029606.434,100.655,0.025,-4.440,2.121,-87.679,0.026,-4.441,2.110,-87.625,0.001,-0.001,-0.011,0.011,0|10,weighted_average,kalman(weighted_average),false
1789029606.543,100.764,-0.105,-4.706,2.116,-88.585,-0.082,-4.641,2.118,-88.320,0.023,0.065,0.001,0.068,4|10,weighted_average,kalman(weighted_average),false
1789029606.595,100.816,0.117,-4.595,2.101,-86.644,0.036,-4.638,2.107,-87.418,-0.081,-0.044,0.007,0.092,10,weighted_average,kalman(weighted_average),false
1789029606.652,100.874,-0.064,-4.506,2.100,-88.151,-0.019,-4.569,2.102,-87.764,0.045,-0.063,0.001,0.077,0|4|10,weighted_average,kalman(weighted_average),false
1789029606.693,100.914,0.078,-4.629,2.091,-87.411,0.033,-4.601,2.094,-87.595,-0.045,0.028,0.003,0.053,10,weighted_average,kalman(weighted_average),false
1789029606.745,100.966,0.080,-4.619,2.090,-87.346,0.068,-4.615,2.090,-87.445,-0.012,0.004,-0.001,0.013,10,weighted_average,kalman(weighted_average),false
1789029606.849,101.070,0.083,-4.604,2.106,-87.270,0.090,-4.612,2.100,-87.273,0.008,-0.007,-0.006,0.012,10,weighted_average,kalman(weighted_average),false
1789029606.900,101.122,0.080,-4.617,2.060,-87.365,0.088,-4.615,2.075,-87.293,0.007,0.002,0.015,0.017,10,weighted_average,kalman(weighted_average),false
1789029606.949,101.170,0.065,-4.623,2.109,-87.664,0.076,-4.621,2.092,-87.476,0.011,0.003,-0.016,0.020,10,weighted_average,kalman(weighted_average),false
1789029607.007,101.228,0.029,-4.386,2.091,-87.491,0.046,-4.473,2.093,-87.503,0.016,-0.088,0.002,0.089,0|10,weighted_average,kalman(weighted_average),false
1789029607.070,101.291,-0.035,-4.192,2.101,-87.849,-0.014,-4.261,2.099,-87.718,0.021,-0.069,-0.002,0.072,0,weighted_average,kalman(weighted_average),false
1789029607.176,101.397,-0.033,-4.189,2.106,-87.856,-0.043,-4.153,2.106,-87.872,-0.009,0.035,-0.000,0.037,0,weighted_average,kalman(weighted_average),false
1789029607.224,101.445,-0.034,-4.186,2.109,-87.872,-0.042,-4.156,2.109,-87.903,-0.008,0.030,0.000,0.031,0,weighted_average,kalman(weighted_average),false
1789029607.276,101.497,-0.021,-4.183,2.104,-87.716,-0.033,-4.160,2.107,-87.828,-0.011,0.023,0.003,0.025,0,weighted_average,kalman(weighted_average),false
1789029607.333,101.554,-0.040,-4.182,2.100,-87.933,-0.037,-4.168,2.103,-87.892,0.003,0.014,0.003,0.015,0,weighted_average,kalman(weighted_average),false
1789029607.448,101.669,-0.053,-4.185,2.085,-88.037,-0.051,-4.180,2.087,-88.017,0.002,0.005,0.003,0.006,0,weighted_average,kalman(weighted_average),false
1789029607.508,101.730,0.150,-4.616,1.840,-86.422,-0.051,-4.180,2.087,-87.023,-0.201,0.436,0.247,0.540,10,weighted_average,kalman(weighted_average),true
1789029607.545,101.766,-0.020,-4.189,2.122,-87.667,-0.026,-4.188,2.115,-87.245,-0.006,0.002,-0.006,0.009,0,weighted_average,kalman(weighted_average),false
1789029607.601,101.822,-0.025,-4.178,2.104,-87.720,-0.022,-4.183,2.112,-87.419,0.003,-0.004,0.008,0.009,0,weighted_average,kalman(weighted_average),false
1789029607.648,101.869,-0.026,-4.181,2.094,-87.726,-0.022,-4.181,2.103,-87.563,0.004,-0.001,0.009,0.010,0,weighted_average,kalman(weighted_average),false
1789029607.758,101.979,-0.016,-4.195,2.097,-87.612,-0.015,-4.192,2.098,-87.616,0.001,0.003,0.001,0.003,0,weighted_average,kalman(weighted_average),false
1789029607.808,102.029,-0.024,-4.184,2.092,-87.714,-0.020,-4.188,2.093,-87.685,0.004,-0.004,0.001,0.006,0,weighted_average,kalman(weighted_average),false
1789029607.860,102.081,0.040,-4.378,2.059,-87.316,0.018,-4.309,2.070,-87.497,-0.022,0.069,0.011,0.073,0|10,weighted_average,kalman(weighted_average),false
1789029607.911,102.132,0.042,-4.388,2.083,-87.294,0.039,-4.379,2.073,-87.368,-0.003,0.010,-0.010,0.014,0|10,weighted_average,kalman(weighted_average),false
1789029607.956,102.177,0.098,-4.593,2.106,-87.056,0.080,-4.525,2.090,-87.179,-0.018,0.068,-0.016,0.072,10,weighted_average,kalman(weighted_average),false
1789029608.062,102.283,0.042,-4.399,2.084,-87.301,0.063,-4.472,2.088,-87.187,0.021,-0.072,0.003,0.075,0|10,weighted_average,kalman(weighted_average),false
1789029608.108,102.329,0.099,-4.620,2.098,-87.100,0.085,-4.562,2.094,-87.127,-0.014,0.057,-0.004,0.059,10,weighted_average,kalman(weighted_average),false
1789029608.158,102.380,0.096,-4.637,2.052,-87.150,0.094,-4.621,2.069,-87.122,-0.002,0.016,0.017,0.024,10,weighted_average,kalman(weighted_average),false
1789029608.215,102.436,0.032,-4.445,2.105,-87.572,0.058,-4.529,2.087,-87.356,0.026,-0.083,-0.017,0.089,0|10,weighted_average,kalman(weighted_average),false
1789029608.263,102.484,0.092,-4.639,2.088,-87.192,0.074,-4.587,2.089,-87.301,-0.018,0.052,0.001,0.055,10,weighted_average,kalman(weighted_average),false
1789029608.368,102.589,-0.090,-4.703,2.094,-88.379,-0.056,-4.685,2.094,-88.065,0.035,0.018,0.000,0.039,4|10,weighted_average,kalman(weighted_average),false
1789029608.413,102.634,0.103,-4.644,2.084,-86.914,0.028,-4.673,2.089,-87.512,-0.075,-0.029,0.004,0.080,10,weighted_average,kalman(weighted_average),false
1789029608.463,102.684,0.089,-4.686,2.074,-87.290,0.067,-4.688,2.079,-87.386,-0.021,-0.003,0.005,0.022,10,weighted_average,kalman(weighted_average),false
1789029608.513,102.734,0.109,-4.661,2.080,-86.862,0.100,-4.679,2.078,-87.084,-0.008,-0.018,-0.002,0.020,10,weighted_average,kalman(weighted_average),false
1789029608.569,102.790,0.024,-4.466,2.071,-87.574,0.064,-4.550,2.072,-87.274,0.040,-0.084,0.001,0.093,0|10,weighted_average,kalman(weighted_average),false
1789029608.672,102.893,0.093,-4.696,2.052,-87.104,0.086,-4.642,2.054,-87.143,-0.007,0.053,0.002,0.054,10,weighted_average,kalman(weighted_average),false
1789029608.718,102.939,0.100,-4.699,2.076,-87.042,0.098,-4.690,2.065,-87.065,-0.002,0.009,-0.010,0.014,10,weighted_average,kalman(weighted_average),false
1789029608.770,102.991,0.104,-4.688,2.079,-86.875,0.106,-4.705,2.074,-86.932,0.002,-0.017,-0.005,0.017,10,weighted_average,kalman(weighted_average),false
1789029608.821,103.042,0.036,-4.482,2.069,-87.314,0.067,-4.580,2.072,-87.095,0.031,-0.098,0.004,0.103,0|10,weighted_average,kalman(weighted_average),false
1789029608.873,103.095,0.027,-4.513,2.084,-87.555,0.038,-4.523,2.080,-87.339,0.011,-0.010,-0.004,0.015,0|10,weighted_average,kalman(weighted_average),false
1789029608.977,103.198,-0.041,-4.307,2.085,-87.864,-0.033,-4.333,2.086,-87.757,0.008,-0.026,0.001,0.027,0,weighted_average,kalman(weighted_average),false
1789029609.029,103.250,0.072,-4.729,2.050,-87.363,-0.033,-4.333,2.086,-87.595,-0.105,0.396,0.035,0.412,10,weighted_average,kalman(weighted_average),true
1789029609.101,103.322,0.030,-4.504,2.066,-87.386,0.021,-4.480,2.069,-87.491,-0.009,0.024,0.003,0.026,0|10,weighted_average,kalman(weighted_average),false
1789029609.148,103.369,0.084,-4.720,2.043,-87.119,0.067,-4.650,2.050,-87.281,-0.017,0.070,0.007,0.072,10,weighted_average,kalman(weighted_average),false
1789029609.249,103.470,0.066,-4.751,2.057,-87.540,0.079,-4.772,2.051,-87.411,0.013,-0.021,-0.006,0.025,10,weighted_average,kalman(weighted_average),false
1789029609.310,103.532,0.007,-4.522,2.051,-87.711,0.032,-4.619,2.050,-87.608,0.025,-0.098,-0.001,0.101,0|10,weighted_average,kalman(weighted_average),false
1789029609.351,103.573,-0.035,-4.312,2.068,-87.772,-0.014,-4.424,2.061,-87.726,0.022,-0.112,-0.007,0.115,0,weighted_average,kalman(weighted_average),false
1789029609.405,103.626,0.027,-4.525,2.030,-87.486,-0.001,-4.440,2.044,-87.648,-0.029,0.085,0.014,0.091,0|10,weighted_average,kalman(weighted_average),false
1789029609.456,103.677,0.038,-4.529,2.011,-87.383,0.018,-4.473,2.022,-87.525,-0.020,0.056,0.011,0.060,0|10,weighted_average,kalman(weighted_average),false
1789029609.556,103.777,-0.015,-4.310,2.064,-87.600,-0.006,-4.341,2.049,-87.562,0.009,-0.030,-0.015,0.035,0,weighted_average,kalman(weighted_average),false
1789029609.602,103.823,-0.058,-4.747,2.027,-87.837,-0.006,-4.341,2.049,-87.721,0.052,0.406,0.023,0.410,4|10,weighted_average,kalman(weighted_average),true
1789029609.657,103.878,-0.071,-4.777,2.024,-88.150,-0.058,-4.694,2.029,-87.989,0.012,0.083,0.005,0.084,4|10,weighted_average,kalman(weighted_average),false
1789029609.709,103.930,-0.085,-4.777,1.995,-88.275,-0.082,-4.795,2.004,-88.208,0.002,-0.018,0.009,0.020,4|10,weighted_average,kalman(weighted_average),false
1789029609.760,103.981,0.089,-4.725,2.025,-87.199,0.013,-4.798,2.011,-87.754,-0.076,-0.073,-0.014,0.106,10,weighted_average,kalman(weighted_average),false
1789029609.860,104.081,0.075,-4.746,2.049,-87.541,0.075,-4.787,2.039,-87.574,-0.001,-0.041,-0.011,0.042,10,weighted_average,kalman(weighted_average),false
1789029609.913,104.134,-0.064,-4.617,2.030,-88.125,-0.008,-4.674,2.037,-87.867,0.056,-0.057,0.007,0.081,0|4|10,weighted_average,kalman(weighted_average),false
1789029609.963,104.184,-0.030,-4.312,2.045,-87.829,-0.029,-4.430,2.044,-87.871,0.001,-0.118,-0.001,0.118,0,weighted_average,kalman(weighted_average),false
1789029610.015,104.236,0.037,-4.526,2.019,-87.455,0.003,-4.435,2.031,-87.666,-0.034,0.091,0.012,0.098,0|10,weighted_average,kalman(weighted_average),false
1789029610.122,104.344,0.098,-4.716,2.051,-87.083,0.081,-4.629,2.046,-87.223,-0.018,0.087,-0.005,0.089,10,weighted_average,kalman(weighted_average),false
1789029610.186,104.407,0.082,-4.732,2.037,-87.396,0.093,-4.731,2.042,-87.257,0.012,0.001,0.005,0.013,10,weighted_average,kalman(weighted_average),false
1789029610.231,104.453,-0.054,-4.592,2.036,-87.946,0.010,-4.672,2.038,-87.603,0.063,-0.080,0.002,0.102,0|4|10,weighted_average,kalman(weighted_average),false
1789029610.278,104.499,-0.092,-4.774,2.043,-88.524,-0.060,-4.740,2.041,-88.109,0.033,0.034,-0.002,0.047,4|10,weighted_average,kalman(weighted_average),false
1789029610.332,104.553,0.035,-4.492,2.039,-87.413,-0.060,-4.740,2.041,-87.856,-0.095,-0.248,0.002,0.265,0|10,weighted_average,kalman(weighted_average),true
1789029610.444,104.665,0.061,-4.505,2.049,-87.092,0.048,-4.531,2.049,-87.341,-0.013,-0.026,-0.001,0.030,0|10,weighted_average,kalman(weighted_average),false
1789029610.483,104.705,0.046,-4.508,2.048,-87.306,0.057,-4.496,2.049,-87.262,0.011,0.012,0.001,0.016,0|10,weighted_average,kalman(weighted_average),false
1789029610.536,104.758,-0.056,-4.594,2.018,-88.003,-0.004,-4.534,2.030,-87.600,0.052,0.060,0.012,0.081,0|4|10,weighted_average,kalman(weighted_average),false
1789029610.583,104.804,0.032,-4.491,2.042,-87.472,0.012,-4.504,2.034,-87.547,-0.020,-0.012,-0.008,0.024,0|10,weighted_average,kalman(weighted_average),false
1789029610.641,104.862,0.077,-4.706,2.029,-87.416,0.053,-4.622,2.030,-87.476,-0.024,0.083,0.001,0.087,10,weighted_average,kalman(weighted_average),false
1789029610.739,104.961,0.033,-4.484,2.034,-87.382,0.045,-4.533,2.032,-87.397,0.012,-0.048,-0.002,0.050,0|10,weighted_average,kalman(weighted_average),false
1789029610.791,105.012,-0.039,-4.269,2.048,-87.820,-0.011,-4.347,2.042,-87.631,0.028,-0.078,-0.005,0.083,0,weighted_average,kalman(weighted_average),false
1789029610.843,105.064,0.093,-4.673,1.955,-86.879,-0.011,-4.347,2.042,-87.242,-0.104,0.325,0.087,0.352,10,weighted_average,kalman(weighted_average),true
1789029610.897,105.119,0.010,-4.464,2.032,-87.538,0.006,-4.441,2.034,-87.355,-0.004,0.023,0.002,0.024,0|10,weighted_average,kalman(weighted_average),false
1789029610.942,105.163,0.032,-4.695,2.032,-87.813,0.024,-4.608,2.032,-87.578,-0.008,0.087,-0.000,0.087,10,weighted_average,kalman(weighted_average),false
1789029611.048,105.269,0.005,-4.419,2.026,-87.189,0.014,-4.498,2.026,-87.350,0.009,-0.079,0.000,0.079,0|10,weighted_average,kalman(weighted_average),false
1789029611.091,105.312,0.035,-4.643,2.009,-87.271,0.026,-4.577,2.014,-87.282,-0.009,0.066,0.005,0.066,10,weighted_average,kalman(weighted_average),false
1789029611.147,105.369,0.035,-4.643,2.009,-87.271,0.034,-4.624,2.008,-87.242,-0.002,0.019,-0.001,0.019,10,weighted_average,kalman(weighted_average),false
1789029611.195,105.417,-0.030,-4.396,2.024,-87.383,-0.003,-4.496,2.015,-87.291,0.027,-0.100,-0.009,0.104,0|10,weighted_average,kalman(weighted_average),false
1789029611.245,105.467,0.019,-4.608,2.000,-87.113,0.005,-4.546,2.006,-87.190,-0.014,0.062,0.006,0.064,10,weighted_average,kalman(weighted_average),false
1789029611.345,105.566,-0.064,-4.390,2.043,-87.544,-0.050,-4.425,2.033,-87.398,0.014,-0.035,-0.010,0.039,0|10,weighted_average,kalman(weighted_average),false
1789029611.401,105.622,-0.004,-4.571,2.039,-87.010,-0.028,-4.505,2.041,-87.191,-0.023,0.065,0.002,0.069,10,weighted_average,kalman(weighted_average),false
1789029611.450,105.672,-0.087,-4.368,2.048,-87.594,-0.066,-4.423,2.049,-87.396,0.021,-0.054,0.001,0.059,0|10,weighted_average,kalman(weighted_average),false
1789029611.505,105.726,-0.029,-4.539,2.045,-87.009,-0.051,-4.482,2.050,-87.209,-0.021,0.057,0.005,0.061,10,weighted_average,kalman(weighted_average),false
1789029611.547,105.768,-0.046,-4.543,2.045,-87.223,-0.049,-4.520,2.049,-87.201,-0.003,0.023,0.004,0.023,10,weighted_average,kalman(weighted_average),false
1789029611.648,105.869,-0.192,-4.115,2.043,-88.065,-0.049,-4.520,2.049,-87.764,0.143,-0.405,0.006,0.429,0,weighted_average,kalman(weighted_average),true
1789029611.703,105.924,-0.128,-4.309,2.056,-87.453,-0.119,-4.333,2.055,-87.662,0.009,-0.024,-0.001,0.026,0|10,weighted_average,kalman(weighted_average),false
1789029611.764,105.985,-0.128,-4.309,2.056,-87.453,-0.134,-4.293,2.056,-87.578,-0.006,0.016,0.001,0.017,0|10,weighted_average,kalman(weighted_average),false
1789029611.805,106.026,-0.066,-4.488,2.040,-86.835,-0.101,-4.390,2.047,-87.203,-0.034,0.098,0.007,0.104,10,weighted_average,kalman(weighted_average),false
1789029611.865,106.086,-0.207,-4.089,2.061,-87.750,-0.101,-4.390,2.047,-87.437,0.106,-0.301,-0.014,0.319,0,weighted_average,kalman(weighted_average),true
1789029611.970,106.191,-0.142,-4.443,2.072,-87.236,-0.138,-4.437,2.069,-87.303,0.005,0.006,-0.003,0.008,10,weighted_average,kalman(weighted_average),false
1789029612.021,106.243,-0.206,-4.245,2.055,-87.675,-0.187,-4.313,2.062,-87.507,0.018,-0.069,0.007,0.071,0|10,weighted_average,kalman(weighted_average),false
1789029612.080,106.301,-0.253,-4.043,2.069,-87.810,-0.242,-4.117,2.067,-87.705,0.011,-0.074,-0.002,0.075,0,weighted_average,kalman(weighted_average),false
1789029612.128,106.349,-0.212,-4.217,2.071,-87.407,-0.238,-4.138,2.070,-87.588,-0.025,0.079,-0.001,0.083,0|10,weighted_average,kalman(weighted_average),false
1789029612.176,106.398,-0.189,-4.388,2.107,-87.230,-0.216,-4.266,2.093,-87.414,-0.027,0.122,-0.014,0.126,10,weighted_average,kalman(weighted_average),false
1789029612.276,106.497,-0.263,-4.184,2.088,-87.663,-0.254,-4.214,2.094,-87.553,0.010,-0.030,0.007,0.032,0|10,weighted_average,kalman(weighted_average),false
1789029612.333,106.554,-0.211,-4.346,2.086,-86.935,-0.231,-4.298,2.089,-87.195,-0.019,0.049,0.003,0.053,10,weighted_average,kalman(weighted_average),false
1789029612.383,106.605,-0.211,-4.346,2.086,-86.935,-0.218,-4.338,2.087,-87.003,-0.006,0.008,0.001,0.010,10,weighted_average,kalman(weighted_average),false
1789029612.435,106.656,-0.339,-3.962,2.080,-87.833,-0.218,-4.338,2.087,-87.384,0.121,-0.377,0.006,0.396,0,weighted_average,kalman(weighted_average),true
1789029612.478,106.699,-0.294,-4.133,2.096,-87.344,-0.276,-4.182,2.094,-87.384,0.018,-0.049,-0.002,0.053,0|10,weighted_average,kalman(weighted_average),false
1789029612.578,106.800,-0.313,-4.132,2.095,-87.349,-0.314,-4.118,2.096,-87.382,-0.001,0.014,0.001,0.014,0|10,weighted_average,kalman(weighted_average),false
1789029612.635,106.857,-0.279,-4.276,2.095,-86.821,-0.297,-4.213,2.095,-87.047,-0.018,0.063,0.001,0.066,10,weighted_average,kalman(weighted_average),false
1789029612.676,106.898,-0.287,-4.264,2.098,-86.804,-0.292,-4.251,2.097,-86.875,-0.005,0.013,-0.001,0.014,10,weighted_average,kalman(weighted_average),false
1789029612.736,106.957,-0.368,-4.090,2.082,-87.544,-0.340,-4.163,2.088,-87.168,0.028,-0.073,0.006,0.078,0|10,weighted_average,kalman(weighted_average),false
1789029612.779,107.000,-0.359,-4.077,2.103,-87.280,-0.359,-4.104,2.095,-87.233,0.001,-0.028,-0.008,0.029,0|10,weighted_average,kalman(weighted_average),false
1789029612.884,107.105,-0.363,-4.250,2.088,-87.398,-0.372,-4.200,2.090,-87.371,-0.008,0.049,0.002,0.050,10,weighted_average,kalman(weighted_average),false
1789029612.934,107.155,-0.374,-4.224,2.116,-87.277,-0.376,-4.229,2.106,-87.340,-0.002,-0.005,-0.010,0.011,10,weighted_average,kalman(weighted_average),false
1789029612.985,107.206,-0.416,-4.041,2.110,-87.506,-0.404,-4.124,2.111,-87.444,0.013,-0.083,0.001,0.084,0|10,weighted_average,kalman(weighted_average),false
1789029613.048,107.269,-0.416,-4.041,2.110,-87.506,-0.419,-4.058,2.113,-87.508,-0.002,-0.016,0.003,0.017,0|10,weighted_average,kalman(weighted_average),false
1789029613.149,107.370,-0.462,-4.012,2.112,-87.631,-0.459,-4.004,2.114,-87.626,0.003,0.008,0.002,0.009,0|10,weighted_average,kalman(weighted_average),false
1789029613.210,107.431,-0.457,-4.007,2.109,-87.424,-0.464,-3.996,2.111,-87.526,-0.008,0.011,0.002,0.014,0|10,weighted_average,kalman(weighted_average),false
1789029613.263,107.484,-0.481,-3.996,2.120,-87.620,-0.479,-3.989,2.116,-87.578,0.002,0.007,-0.003,0.008,0|10,weighted_average,kalman(weighted_average),false
1789029613.313,107.535,-0.479,-3.970,2.156,-87.436,-0.484,-3.973,2.141,-87.509,-0.005,-0.003,-0.014,0.016,0|10,weighted_average,kalman(weighted_average),false
1789029613.417,107.638,-0.553,-3.760,2.117,-87.980,-0.542,-3.798,2.128,-87.829,0.010,-0.039,0.010,0.041,0,weighted_average,kalman(weighted_average),false
1789029613.469,107.690,-0.564,-3.743,2.120,-87.950,-0.566,-3.735,2.121,-87.946,-0.002,0.008,0.001,0.008,0,weighted_average,kalman(weighted_average),false
1789029613.524,107.745,-0.516,-3.926,2.128,-87.383,-0.544,-3.831,2.124,-87.679,-0.027,0.095,-0.005,0.099,0|10,weighted_average,kalman(weighted_average),false
1789029613.570,107.791,-0.590,-3.726,2.120,-88.094,-0.572,-3.771,2.121,-87.884,0.018,-0.045,0.001,0.048,0,weighted_average,kalman(weighted_average),false
1789029613.620,107.842,-0.539,-3.904,2.122,-87.449,-0.558,-3.840,2.121,-87.685,-0.020,0.063,-0.002,0.066,0|10,weighted_average,kalman(weighted_average),false
1789029613.726,107.947,-0.549,-3.893,2.129,-87.469,-0.552,-3.890,2.127,-87.513,-0.003,0.003,-0.002,0.005,0|10,weighted_average,kalman(weighted_average),false
1789029613.774,107.995,-0.551,-3.888,2.138,-87.353,-0.550,-3.896,2.135,-87.392,0.000,-0.008,-0.003,0.009,0|10,weighted_average,kalman(weighted_average),false
1789029613.828,108.050,-0.558,-3.873,2.127,-87.409,-0.554,-3.888,2.132,-87.359,0.004,-0.015,0.005,0.016,0|10,weighted_average,kalman(weighted_average),false
1789029613.876,108.097,-0.561,-3.870,2.109,-87.422,-0.558,-3.879,2.119,-87.363,0.002,-0.009,0.010,0.013,0|10,weighted_average,kalman(weighted_average),false
1789029613.924,108.145,-0.610,-3.666,2.109,-87.882,-0.590,-3.754,2.111,-87.607,0.021,-0.088,0.002,0.090,0,weighted_average,kalman(weighted_average),false
1789029614.029,108.250,-0.617,-3.635,2.111,-87.965,-0.618,-3.635,2.108,-87.891,-0.001,-0.001,-0.003,0.003,0,weighted_average,kalman(weighted_average),false
1789029614.076,108.297,-0.570,-3.822,2.123,-87.460,-0.591,-3.738,2.117,-87.688,-0.021,0.084,-0.005,0.087,0|10,weighted_average,kalman(weighted_average),false
1789029614.137,108.358,-0.584,-3.810,2.118,-87.631,-0.585,-3.791,2.119,-87.656,-0.001,0.019,0.001,0.019,0|10,weighted_average,kalman(weighted_average),false
1789029614.179,108.400,-0.571,-3.790,2.122,-87.353,-0.575,-3.800,2.122,-87.496,-0.004,-0.011,-0.001,0.012,0|10,weighted_average,kalman(weighted_average),false
1789029614.232,108.453,-0.571,-3.784,2.107,-87.377,-0.570,-3.800,2.114,-87.402,0.002,-0.016,0.007,0.018,0|10,weighted_average,kalman(weighted_average),false
1789029614.334,108.555,-0.582,-3.749,2.109,-87.491,-0.576,-3.765,2.109,-87.416,0.005,-0.016,-0.000,0.017,0|10,weighted_average,kalman(weighted_average),false
1789029614.382,108.603,-0.584,-3.752,2.110,-87.553,-0.582,-3.752,2.109,-87.489,0.002,-0.000,-0.001,0.002,0|10,weighted_average,kalman(weighted_average),false
1789029614.434,108.655,-0.579,-3.734,2.103,-87.380,-0.581,-3.736,2.105,-87.436,-0.003,-0.001,0.001,0.003,0|10,weighted_average,kalman(weighted_average),false
1789029614.514,108.736,-0.579,-3.734,2.103,-87.380,-0.580,-3.728,2.103,-87.395,-0.002,0.006,-0.001,0.006,0|10,weighted_average,kalman(weighted_average),false
1789029614.619,108.840,-0.578,-3.702,2.090,-87.320,-0.579,-3.704,2.092,-87.330,-0.000,-0.002,0.002,0.002,0|10,weighted_average,kalman(weighted_average),false
1789029614.671,108.892,-0.576,-3.698,2.104,-87.314,-0.576,-3.696,2.098,-87.309,-0.001,0.002,-0.006,0.006,0|10,weighted_average,kalman(weighted_average),false
1789029614.724,108.945,-0.582,-3.684,2.114,-87.381,-0.579,-3.685,2.108,-87.338,0.002,-0.001,-0.005,0.006,0|10,weighted_average,kalman(weighted_average),false
1789029614.777,108.998,-0.620,-3.487,2.078,-87.764,-0.605,-3.557,2.091,-87.569,0.015,-0.071,0.013,0.073,0,weighted_average,kalman(weighted_average),false
1789029614.822,109.043,-0.557,-3.788,2.099,-87.102,-0.581,-3.668,2.094,-87.366,-0.025,0.120,-0.005,0.122,10,weighted_average,kalman(weighted_average),false
1789029614.925,109.146,-0.583,-3.611,2.107,-87.236,-0.581,-3.629,2.104,-87.266,0.002,-0.018,-0.004,0.018,0|10,weighted_average,kalman(weighted_average),false
1789029614.975,109.196,-0.585,-3.607,2.092,-87.285,-0.583,-3.609,2.097,-87.260,0.002,-0.002,0.005,0.006,0|10,weighted_average,kalman(weighted_average),false
1789029615.061,109.283,-0.587,-3.603,2.108,-87.323,-0.587,-3.597,2.105,-87.286,0.001,0.006,-0.003,0.007,0|10,weighted_average,kalman(weighted_average),false
1789029615.100,109.321,-0.582,-3.589,2.108,-87.210,-0.584,-3.590,2.108,-87.245,-0.002,-0.000,-0.000,0.002,0|10,weighted_average,kalman(weighted_average),false
1789029615.203,109.424,-0.622,-3.381,2.092,-87.597,-0.615,-3.421,2.097,-87.482,0.008,-0.039,0.005,0.040,0,weighted_average,kalman(weighted_average),false
1789029615.256,109.477,-0.798,-3.619,1.876,-89.470,-0.615,-3.421,2.097,-88.710,0.183,0.199,0.221,0.350,0|10|12,weighted_average,kalman(weighted_average),true
1789029615.307,109.528,-0.630,-3.349,2.081,-87.653,-0.627,-3.362,2.084,-88.341,0.003,-0.013,0.003,0.013,0,weighted_average,kalman(weighted_average),false
1789029615.356,109.577,-0.623,-3.334,2.075,-87.531,-0.626,-3.336,2.077,-87.995,-0.003,-0.003,0.001,0.004,0,weighted_average,kalman(weighted_average),false
1789029615.411,109.632,-0.576,-3.626,2.098,-86.924,-0.596,-3.505,2.087,-87.421,-0.020,0.121,-0.011,0.124,10,weighted_average,kalman(weighted_average),false
1789029615.517,109.738,-0.626,-3.306,2.073,-87.438,-0.615,-3.372,2.077,-87.305,0.011,-0.066,0.003,0.067,0,weighted_average,kalman(weighted_average),false
1789029615.570,109.791,-0.593,-3.461,2.097,-86.925,-0.602,-3.414,2.089,-87.037,-0.009,0.047,-0.008,0.048,0|10,weighted_average,kalman(weighted_average),false
1789029615.618,109.839,-0.580,-3.566,2.119,-86.777,-0.588,-3.505,2.109,-86.828,-0.008,0.061,-0.010,0.062,10,weighted_average,kalman(weighted_average),false
1789029615.697,109.918,-0.580,-3.566,2.119,-86.777,-0.579,-3.564,2.121,-86.693,0.001,0.002,0.002,0.003,10,weighted_average,kalman(weighted_average),false
1789029615.812,110.034,-0.643,-3.249,2.090,-87.530,-0.631,-3.313,2.098,-87.257,0.012,-0.064,0.008,0.065,0,weighted_average,kalman(weighted_average),false
1789029615.859,110.080,-0.607,-3.392,2.112,-86.946,-0.621,-3.333,2.104,-87.133,-0.015,0.059,-0.007,0.061,0|10,weighted_average,kalman(weighted_average),false
1789029615.910,110.131,-0.647,-3.222,2.082,-87.534,-0.641,-3.244,2.089,-87.387,0.006,-0.022,0.007,0.024,0,weighted_average,kalman(weighted_average),false
1789029615.970,110.192,-0.647,-3.226,2.078,-87.501,-0.650,-3.204,2.079,-87.520,-0.003,0.022,0.001,0.022,0,weighted_average,kalman(weighted_average),false
1789029616.077,110.298,-0.623,-3.375,2.093,-87.275,-0.632,-3.322,2.087,-87.418,-0.009,0.053,-0.006,0.054,0|10,weighted_average,kalman(weighted_average),false
1789029616.128,110.349,-0.926,-3.693,2.135,-90.603,-0.632,-3.322,2.087,-89.321,0.294,0.371,-0.048,0.476,12,weighted_average,kalman(weighted_average),true
1789029616.178,110.399,-0.627,-3.357,2.098,-87.270,-0.628,-3.351,2.096,-88.490,-0.001,0.006,-0.002,0.007,0|10,weighted_average,kalman(weighted_average),false
1789029616.236,110.457,-0.623,-3.347,2.097,-87.146,-0.624,-3.352,2.098,-87.810,-0.001,-0.005,0.001,0.006,0|10,weighted_average,kalman(weighted_average),false
1789029616.285,110.506,-0.621,-3.346,2.108,-87.144,-0.621,-3.350,2.105,-87.385,-0.000,-0.005,-0.003,0.006,0|10,weighted_average,kalman(weighted_average),false
1789029616.392,110.613,-0.617,-3.325,2.097,-87.019,-0.616,-3.332,2.100,-86.968,0.000,-0.006,0.004,0.007,0|10,weighted_average,kalman(weighted_average),false
1789029616.437,110.658,-0.657,-3.163,2.079,-87.601,-0.642,-3.220,2.086,-87.251,0.015,-0.058,0.007,0.060,0,weighted_average,kalman(weighted_average),false
1789029616.486,110.707,-0.618,-3.314,2.094,-87.065,-0.631,-3.257,2.088,-87.132,-0.013,0.057,-0.006,0.059,0|10,weighted_average,kalman(weighted_average),false
1789029616.540,110.761,-0.624,-3.309,2.102,-87.120,-0.627,-3.283,2.095,-87.092,-0.003,0.026,-0.007,0.027,0|10,weighted_average,kalman(weighted_average),false
1789029616.586,110.807,-0.623,-3.340,2.086,-87.196,-0.625,-3.318,2.091,-87.119,-0.001,0.022,0.004,0.022,0|10,weighted_average,kalman(weighted_average),false
1789029616.694,110.916,-0.620,-3.307,2.085,-87.088,-0.620,-3.317,2.086,-87.079,-0.000,-0.010,0.001,0.010,0|10,weighted_average,kalman(weighted_average),false
1789029616.742,110.964,-0.682,-3.371,2.100,-87.773,-0.660,-3.352,2.095,-87.476,0.022,0.018,-0.006,0.029,0|10|12,weighted_average,kalman(weighted_average),false
1789029616.797,111.018,-0.655,-3.138,2.061,-87.618,-0.664,-3.222,2.074,-87.617,-0.008,-0.084,0.013,0.085,0,weighted_average,kalman(weighted_average),false
1789029616.842,111.064,-0.646,-3.137,2.069,-87.500,-0.657,-3.153,2.068,-87.613,-0.011,-0.016,-0.001,0.020,0,weighted_average,kalman(weighted_average),false
1789029616.898,111.119,-0.618,-3.300,2.095,-87.185,-0.634,-3.218,2.082,-87.429,-0.017,0.082,-0.013,0.085,0|10,weighted_average,kalman(weighted_average),false
1789029617.004,111.225,-0.612,-3.292,2.086,-87.058,-0.613,-3.276,2.086,-87.162,-0.001,0.016,-0.000,0.016,0|10,weighted_average,kalman(weighted_average),false
1789029617.059,111.280,-0.698,-3.470,2.116,-87.939,-0.668,-3.417,2.107,-87.593,0.030,0.053,-0.009,0.062,10|12,weighted_average,kalman(weighted_average),false
1789029617.103,111.325,-0.615,-3.299,2.085,-87.139,-0.642,-3.372,2.098,-87.388,-0.028,-0.073,0.012,0.079,0|10,weighted_average,kalman(weighted_average),false
1789029617.155,111.376,-0.638,-3.144,2.055,-87.465,-0.640,-3.244,2.073,-87.424,-0.002,-0.100,0.018,0.102,0,weighted_average,kalman(weighted_average),false
1789029617.208,111.429,-0.611,-3.302,2.085,-87.121,-0.622,-3.262,2.076,-87.267,-0.011,0.040,-0.009,0.043,0|10,weighted_average,kalman(weighted_average),false
1789029617.314,111.535,-0.610,-3.295,2.080,-87.133,-0.609,-3.281,2.077,-87.141,0.001,0.013,-0.002,0.014,0|10,weighted_average,kalman(weighted_average),false
1789029617.368,111.589,-0.612,-3.296,2.080,-87.125,-0.609,-3.294,2.079,-87.107,0.003,0.002,-0.001,0.004,0|10,weighted_average,kalman(weighted_average),false
1789029617.416,111.638,-0.603,-3.298,2.072,-86.949,-0.604,-3.300,2.075,-87.000,-0.001,-0.002,0.003,0.004,0|10,weighted_average,kalman(weighted_average),false
1789029617.471,111.692,-0.601,-3.298,2.080,-86.939,-0.601,-3.302,2.078,-86.932,0.000,-0.004,-0.002,0.005,0|10,weighted_average,kalman(weighted_average),false
1789029617.515,111.736,-0.752,-3.324,2.121,-88.759,-0.686,-3.316,2.103,-87.825,0.065,0.007,-0.018,0.068,0|12,weighted_average,kalman(weighted_average),false
1789029617.633,111.854,-0.827,-3.374,1.854,-89.611,-0.817,-3.368,1.903,-89.296,0.010,0.006,0.049,0.051,0|10|12,weighted_average,kalman(weighted_average),false
1789029617.678,111.900,-0.687,-3.373,2.074,-87.994,-0.750,-3.378,1.988,-88.745,-0.063,-0.005,-0.086,0.107,0|10|12,weighted_average,kalman(weighted_average),false
1789029617.731,111.952,-0.607,-3.299,2.065,-87.056,-0.661,-3.335,2.032,-87.883,-0.054,-0.036,-0.033,0.073,0|10,weighted_average,kalman(weighted_average),false
1789029617.780,112.001,-0.650,-3.147,2.031,-87.666,-0.639,-3.218,2.036,-87.677,0.011,-0.070,0.005,0.071,0,weighted_average,kalman(weighted_average),false
1789029617.832,112.053,-0.639,-3.147,2.031,-87.533,-0.626,-3.151,2.037,-87.501,0.013,-0.004,0.006,0.015,0,weighted_average,kalman(weighted_average),false
1789029617.943,112.165,-0.607,-3.304,2.062,-87.153,-0.601,-3.249,2.059,-87.131,0.006,0.055,-0.002,0.055,0|10,weighted_average,kalman(weighted_average),false
1789029617.997,112.219,-0.659,-3.379,1.992,-87.624,-0.637,-3.351,2.017,-87.360,0.022,0.028,0.025,0.043,0|10|12,weighted_average,kalman(weighted_average),false
1789029618.041,112.262,-0.601,-3.305,2.056,-87.063,-0.618,-3.346,2.036,-87.191,-0.017,-0.041,-0.020,0.049,0|10,weighted_average,kalman(weighted_average),false
1789029618.090,112.311,-0.598,-3.305,2.064,-87.023,-0.605,-3.337,2.053,-87.068,-0.007,-0.031,-0.011,0.034,0|10,weighted_average,kalman(weighted_average),false
1789029618.146,112.368,-0.630,-3.365,2.096,-87.413,-0.618,-3.362,2.083,-87.204,0.012,0.003,-0.013,0.018,0|10|12,weighted_average,kalman(weighted_average),false
1789029618.255,112.476,-0.621,-3.150,2.022,-87.372,-0.621,-3.199,2.041,-87.317,-0.000,-0.050,0.019,0.053,0,weighted_average,kalman(weighted_average),false
1789029618.313,112.534,-0.600,-3.309,2.044,-87.185,-0.607,-3.252,2.038,-87.251,-0.007,0.057,-0.007,0.058,0|10,weighted_average,kalman(weighted_average),false
1789029618.355,112.577,-0.673,-3.326,2.057,-87.959,-0.645,-3.293,2.046,-87.630,0.028,0.033,-0.011,0.045,0|12,weighted_average,kalman(weighted_average),false
1789029618.428,112.649,-0.673,-3.326,2.057,-87.959,-0.670,-3.321,2.053,-87.904,0.003,0.005,-0.004,0.007,0|12,weighted_average,kalman(weighted_average),false
1789029618.547,112.768,-0.624,-3.142,2.027,-87.442,-0.637,-3.176,2.032,-87.646,-0.013,-0.034,0.005,0.037,0,weighted_average,kalman(weighted_average),false
1789029618.599,112.821,-0.614,-3.143,2.024,-87.353,-0.617,-3.133,2.024,-87.442,-0.003,0.009,-0.001,0.009,0,weighted_average,kalman(weighted_average),false
1789029618.645,112.867,-0.624,-3.359,2.081,-87.461,-0.616,-3.254,2.056,-87.407,0.009,0.105,-0.025,0.108,0|10|12,weighted_average,kalman(weighted_average),false
1789029618.714,112.935,-0.657,-3.319,2.080,-87.876,-0.640,-3.309,2.077,-87.639,0.018,0.010,-0.003,0.021,0|12,weighted_average,kalman(weighted_average),false
1789029618.834,113.055,-0.702,-3.364,2.058,-88.327,-0.694,-3.368,2.066,-88.183,0.007,-0.004,0.008,0.011,0|10|12,weighted_average,kalman(weighted_average),false
1789029618.880,113.102,-0.603,-3.138,2.027,-87.282,-0.641,-3.224,2.039,-87.717,-0.038,-0.086,0.012,0.095,0,weighted_average,kalman(weighted_average),false
1789029618.939,113.160,-0.641,-3.348,2.098,-87.668,-0.637,-3.286,2.072,-87.670,0.004,0.062,-0.026,0.068,0|10|12,weighted_average,kalman(weighted_average),false
1789029618.985,113.206,-0.578,-3.290,2.043,-86.954,-0.598,-3.290,2.058,-87.271,-0.021,0.000,0.014,0.025,0|10,weighted_average,kalman(weighted_average),false
1789029619.104,113.325,-0.582,-3.292,2.053,-87.124,-0.576,-3.293,2.053,-87.059,0.006,-0.001,-0.000,0.006,0|10,weighted_average,kalman(weighted_average),false
1789029619.145,113.366,-0.595,-3.129,2.034,-87.230,-0.585,-3.189,2.041,-87.121,0.010,-0.060,0.007,0.061,0,weighted_average,kalman(weighted_average),false
1789029619.193,113.414,-0.572,-3.282,2.055,-86.925,-0.576,-3.228,2.047,-86.993,-0.005,0.054,-0.008,0.055,0|10,weighted_average,kalman(weighted_average),false
1789029619.245,113.466,-0.573,-3.285,2.063,-86.975,-0.572,-3.259,2.056,-86.946,0.001,0.025,-0.007,0.026,0|10,weighted_average,kalman(weighted_average),false
1789029619.296,113.517,-0.569,-3.280,2.061,-86.847,-0.568,-3.275,2.061,-86.861,0.001,0.004,-0.000,0.004,0|10,weighted_average,kalman(weighted_average),false
1789029619.410,113.631,-0.636,-3.367,2.118,-87.771,-0.622,-3.355,2.109,-87.472,0.014,0.012,-0.009,0.021,0|10|11|12,weighted_average,kalman(weighted_average),false
1789029619.459,113.680,-0.563,-3.280,2.065,-86.836,-0.590,-3.316,2.087,-87.172,-0.027,-0.036,0.022,0.050,0|10,weighted_average,kalman(weighted_average),false
1789029619.509,113.731,-0.572,-3.281,2.061,-87.014,-0.578,-3.295,2.071,-87.094,-0.006,-0.014,0.010,0.019,0|10,weighted_average,kalman(weighted_average),false
1789029619.560,113.782,-0.601,-3.345,2.039,-87.237,-0.590,-3.322,2.049,-87.164,0.011,0.023,0.010,0.027,0|10|12,weighted_average,kalman(weighted_average),false
1789029619.607,113.829,-0.601,-3.119,2.048,-87.360,-0.597,-3.206,2.044,-87.272,0.004,-0.087,-0.005,0.087,0,weighted_average,kalman(weighted_average),false
1789029619.720,113.941,-0.948,-3.293,1.550,-91.266,-0.597,-3.206,2.044,-90.148,0.350,0.087,0.493,0.611,0|12,weighted_average,kalman(weighted_average),true
1789029619.773,113.995,-0.598,-3.111,2.059,-87.336,-0.598,-3.120,2.058,-88.866,0.000,-0.009,-0.001,0.009,0,weighted_average,kalman(weighted_average),false
1789029619.820,114.042,-0.685,-3.300,2.053,-88.364,-0.654,-3.227,2.056,-88.666,0.031,0.073,0.003,0.080,0|12,weighted_average,kalman(weighted_average),false
1789029619.872,114.093,-0.599,-3.111,2.067,-87.349,-0.630,-3.166,2.064,-87.984,-0.031,-0.054,-0.003,0.063,0,weighted_average,kalman(weighted_average),false
1789029619.931,114.152,-0.604,-3.107,2.058,-87.463,-0.614,-3.123,2.062,-87.585,-0.010,-0.016,0.004,0.019,0,weighted_average,kalman(weighted_average),false
1789029620.039,114.261,-0.597,-3.103,2.064,-87.341,-0.598,-3.096,2.064,-87.247,-0.001,0.007,0.000,0.007,0,weighted_average,kalman(weighted_average),false
1789029620.090,114.311,-0.596,-3.102,2.065,-87.353,-0.594,-3.096,2.065,-87.236,0.002,0.006,0.000,0.007,0,weighted_average,kalman(weighted_average),false
1789029620.139,114.361,-0.583,-3.100,2.061,-87.174,-0.585,-3.096,2.063,-87.148,-0.002,0.004,0.002,0.005,0,weighted_average,kalman(weighted_average),false
1789029620.194,114.415,-0.865,-3.572,2.189,-90.457,-0.585,-3.096,2.063,-88.905,0.280,0.476,-0.126,0.567,12,weighted_average,kalman(weighted_average),true
1789029620.247,114.468,-0.669,-3.280,2.107,-88.197,-0.652,-3.242,2.098,-88.795,0.017,0.038,-0.009,0.043,0|12,weighted_average,kalman(weighted_average),false
1789029620.358,114.580,-0.599,-3.091,2.074,-87.309,-0.618,-3.139,2.083,-87.923,-0.019,-0.048,0.009,0.052,0,weighted_average,kalman(weighted_average),false
1789029620.413,114.634,-0.630,-3.336,2.043,-87.780,-0.623,-3.261,2.054,-87.736,0.008,0.075,0.011,0.076,0|11|12,weighted_average,kalman(weighted_average),false
1789029620.460,114.682,-0.670,-3.264,2.139,-88.146,-0.651,-3.276,2.102,-87.871,0.019,-0.012,-0.038,0.044,0|12,weighted_average,kalman(weighted_average),false
1789029620.510,114.732,-0.729,-3.283,2.085,-88.818,-0.702,-3.290,2.097,-88.330,0.027,-0.008,0.011,0.030,0|12,weighted_average,kalman(weighted_average),false
1789029620.575,114.797,-0.632,-3.257,2.171,-87.688,-0.669,-3.278,2.148,-88.021,-0.037,-0.021,-0.023,0.049,0|12,weighted_average,kalman(weighted_average),false
1789029620.705,114.926,-0.597,-3.093,2.077,-87.268,-0.606,-3.120,2.096,-87.407,-0.009,-0.027,0.019,0.034,0,weighted_average,kalman(weighted_average),false
1789029620.754,114.976,-0.599,-3.092,2.074,-87.278,-0.593,-3.081,2.074,-87.246,0.006,0.012,-0.000,0.013,0,weighted_average,kalman(weighted_average),false
1789029620.805,115.026,-0.594,-3.095,2.076,-87.204,-0.587,-3.070,2.067,-87.135,0.008,0.025,-0.009,0.028,0,weighted_average,kalman(weighted_average),false
1789029620.855,115.076,-0.702,-3.297,2.096,-88.464,-0.651,-3.195,2.079,-87.773,0.050,0.102,-0.018,0.115,0|12,weighted_average,kalman(weighted_average),false
1789029620.911,115.133,-0.702,-3.297,2.096,-88.464,-0.692,-3.274,2.088,-88.212,0.010,0.023,-0.008,0.026,0|12,weighted_average,kalman(weighted_average),false
1789029621.016,115.237,-0.954,-3.307,1.611,-91.288,-0.692,-3.274,2.088,-90.512,0.263,0.033,0.477,0.545,0|12,weighted_average,kalman(weighted_average),true
1789029621.070,115.291,-0.635,-3.286,2.124,-87.729,-0.641,-3.285,2.120,-89.199,-0.006,0.001,-0.004,0.007,0|12,weighted_average,kalman(weighted_average),false
1789029621.126,115.348,-0.599,-3.110,2.080,-87.255,-0.606,-3.168,2.097,-88.112,-0.008,-0.058,0.017,0.061,0,weighted_average,kalman(weighted_average),false
1789029621.177,115.399,-0.540,-3.378,2.125,-86.514,-0.556,-3.281,2.113,-87.082,-0.016,0.097,-0.012,0.099,10,weighted_average,kalman(weighted_average),false
1789029621.276,115.498,-0.693,-3.321,2.068,-88.380,-0.649,-3.323,2.080,-87.612,0.045,-0.002,0.012,0.046,0|12,weighted_average,kalman(weighted_average),false
1789029621.328,115.549,-0.604,-3.125,2.082,-87.333,-0.631,-3.199,2.077,-87.449,-0.027,-0.074,-0.005,0.079,0,weighted_average,kalman(weighted_average),false
1789029621.386,115.607,-0.604,-3.125,2.082,-87.333,-0.618,-3.134,2.077,-87.354,-0.014,-0.008,-0.005,0.017,0,weighted_average,kalman(weighted_average),false
1789029621.449,115.670,-0.594,-3.128,2.078,-87.220,-0.602,-3.109,2.076,-87.241,-0.008,0.019,-0.002,0.020,0,weighted_average,kalman(weighted_average),false
1789029621.568,115.789,-0.561,-3.286,2.104,-86.817,-0.565,-3.245,2.099,-86.877,-0.004,0.041,-0.006,0.042,0|10,weighted_average,kalman(weighted_average),false
1789029621.619,115.841,-0.556,-3.280,2.116,-86.675,-0.553,-3.287,2.114,-86.698,0.002,-0.007,-0.003,0.008,0|10,weighted_average,kalman(weighted_average),false
1789029621.671,115.892,-0.563,-3.297,2.094,-86.950,-0.554,-3.312,2.106,-86.772,0.008,-0.015,0.012,0.021,0|10,weighted_average,kalman(weighted_average),false
1789029621.729,115.950,-0.560,-3.283,2.119,-86.877,-0.555,-3.308,2.116,-86.796,0.005,-0.026,-0.003,0.027,0|10,weighted_average,kalman(weighted_average),false
1789029621.789,116.011,-0.557,-3.281,2.120,-86.790,-0.555,-3.298,2.121,-86.776,0.002,-0.017,0.001,0.017,0|10,weighted_average,kalman(weighted_average),false
1789029621.908,116.130,-0.977,-3.338,1.772,-92.663,-0.555,-3.298,2.121,-91.173,0.422,0.039,0.349,0.549,0|12,weighted_average,kalman(weighted_average),true
1789029621.960,116.182,-0.582,-3.143,2.120,-88.977,-0.579,-3.156,2.120,-90.432,0.002,-0.013,0.000,0.013,0,weighted_average,kalman(weighted_average),false
1789029622.014,116.236,-0.574,-3.148,2.123,-90.923,-0.579,-3.135,2.122,-91.031,-0.004,0.014,-0.001,0.014,0,weighted_average,kalman(weighted_average),false
1789029622.057,116.279,-0.566,-3.147,2.113,-90.865,-0.573,-3.130,2.117,-91.208,-0.007,0.017,0.004,0.019,0,weighted_average,kalman(weighted_average),false
1789029622.116,116.338,-0.850,-3.358,2.038,-94.064,-0.573,-3.130,2.117,-93.032,0.277,0.228,0.079,0.368,0|12,weighted_average,kalman(weighted_average),true
1789029622.221,116.442,-0.568,-3.144,2.100,-91.897,-0.568,-3.142,2.102,-92.819,-0.001,0.002,0.002,0.003,0,weighted_average,kalman(weighted_average),false
1789029622.274,116.495,-0.553,-3.152,2.125,-92.572,-0.558,-3.150,2.116,-92.748,-0.004,0.002,-0.009,0.010,0,weighted_average,kalman(weighted_average),false
1789029622.320,116.541,-0.568,-3.152,2.117,-93.687,-0.562,-3.153,2.118,-93.292,0.006,-0.001,0.001,0.006,0,weighted_average,kalman(weighted_average),false
1789029622.373,116.595,-0.645,-3.329,2.179,-95.007,-0.613,-3.264,2.157,-94.337,0.032,0.065,-0.022,0.075,0|12,weighted_average,kalman(weighted_average),false
1789029622.423,116.645,-0.561,-3.157,2.130,-95.021,-0.591,-3.220,2.148,-94.947,-0.029,-0.063,0.018,0.072,0,weighted_average,kalman(weighted_average),false
1789029622.530,116.752,-0.552,-3.157,2.120,-95.998,-0.561,-3.174,2.129,-96.039,-0.009,-0.017,0.009,0.021,0,weighted_average,kalman(weighted_average),false
1789029622.574,116.795,-0.535,-3.166,2.140,-96.819,-0.541,-3.163,2.134,-96.679,-0.005,0.003,-0.007,0.009,0,weighted_average,kalman(weighted_average),false
1789029622.627,116.849,-0.552,-3.152,2.123,-97.610,-0.541,-3.150,2.126,-97.475,0.011,0.002,0.003,0.011,0,weighted_average,kalman(weighted_average),false
1789029622.679,116.901,-0.547,-3.156,2.130,-98.625,-0.541,-3.148,2.127,-98.405,0.006,0.008,-0.003,0.011,0,weighted_average,kalman(weighted_average),false
1789029622.725,116.946,-0.521,-3.159,2.115,-99.376,-0.528,-3.151,2.119,-99.229,-0.007,0.008,0.004,0.011,0,weighted_average,kalman(weighted_average),false
1789029622.826,117.048,-0.622,-3.310,2.107,-101.432,-0.597,-3.273,2.107,-101.242,0.025,0.037,0.001,0.045,0|4,weighted_average,kalman(weighted_average),false
1789029622.881,117.102,-0.613,-3.351,2.016,-102.436,-0.618,-3.344,2.044,-102.363,-0.005,0.007,0.028,0.029,0|12,weighted_average,kalman(weighted_average),false
1789029622.927,117.149,-0.515,-3.167,2.114,-102.431,-0.564,-3.257,2.076,-102.817,-0.049,-0.090,-0.038,0.110,0,weighted_average,kalman(weighted_average),false
1789029622.980,117.202,-0.509,-3.175,2.126,-102.848,-0.526,-3.205,2.105,-103.234,-0.017,-0.030,-0.021,0.040,0,weighted_average,kalman(weighted_average),false
1789029623.037,117.258,-0.507,-3.173,2.120,-103.939,-0.505,-3.174,2.119,-103.956,0.002,-0.002,-0.001,0.003,0,weighted_average,kalman(weighted_average),false
1789029623.137,117.358,-0.534,-3.176,2.119,-105.803,-0.519,-3.164,2.124,-105.631,0.015,0.012,0.005,0.020,0,weighted_average,kalman(weighted_average),false
1789029623.187,117.409,-0.617,-3.356,2.019,-107.141,-0.585,-3.288,2.056,-106.841,0.032,0.068,0.037,0.084,0|12,weighted_average,kalman(weighted_average),false
1789029623.251,117.472,-0.663,-3.424,2.156,-107.701,-0.650,-3.400,2.112,-107.830,0.013,0.024,-0.044,0.052,0|12|13,weighted_average,kalman(weighted_average),false
1789029623.291,117.512,-0.511,-3.189,2.106,-107.519,-0.650,-3.400,2.112,-108.009,-0.139,-0.211,0.007,0.253,0,weighted_average,kalman(weighted_average),true
1789029623.343,117.564,-0.514,-3.189,2.120,-108.763,-0.547,-3.239,2.118,-108.744,-0.032,-0.050,-0.002,0.060,0,weighted_average,kalman(weighted_average),false
1789029623.451,117.672,-0.499,-3.190,2.105,-110.362,-0.493,-3.175,2.109,-110.322,0.007,0.015,0.003,0.017,0,weighted_average,kalman(weighted_average),false
1789029623.504,117.725,-0.594,-3.385,2.127,-111.219,-0.552,-3.306,2.120,-111.167,0.042,0.080,-0.007,0.090,0|13,weighted_average,kalman(weighted_average),false
1789029623.545,117.767,-0.480,-3.195,2.120,-111.788,-0.513,-3.254,2.121,-111.790,-0.034,-0.059,0.001,0.068,0,weighted_average,kalman(weighted_average),false
1789029623.598,117.820,-0.604,-3.390,2.125,-113.001,-0.564,-3.338,2.124,-112.805,0.039,0.053,-0.000,0.066,0|13,weighted_average,kalman(weighted_average),false
1789029623.647,117.868,-0.604,-3.354,2.101,-114.148,-0.594,-3.363,2.112,-113.889,0.009,-0.008,0.010,0.016,0|4,weighted_average,kalman(weighted_average),false
1789029623.753,117.975,-0.721,-3.559,2.116,-115.610,-0.705,-3.533,2.114,-115.685,0.016,0.026,-0.003,0.031,4|13,weighted_average,kalman(weighted_average),false
1789029623.809,118.031,-0.779,-3.600,2.059,-117.664,-0.773,-3.605,2.076,-117.270,0.006,-0.006,0.017,0.019,4,weighted_average,kalman(weighted_average),false
1789029623.854,118.075,-0.712,-3.562,2.109,-117.145,-0.755,-3.604,2.091,-117.648,-0.044,-0.042,-0.019,0.063,4|13,weighted_average,kalman(weighted_average),false
1789029623.907,118.128,-0.711,-3.570,2.092,-118.116,-0.739,-3.601,2.090,-118.331,-0.028,-0.031,-0.002,0.041,4|13,weighted_average,kalman(weighted_average),false
1789029623.954,118.175,-0.717,-3.559,2.099,-118.774,-0.728,-3.584,2.095,-118.921,-0.012,-0.026,-0.005,0.028,4|13,weighted_average,kalman(weighted_average),false
1789029624.063,118.285,-0.728,-3.558,2.090,-120.693,-0.727,-3.565,2.091,-120.643,0.000,-0.008,0.001,0.008,4|13,weighted_average,kalman(weighted_average),false
1789029624.113,118.334,-0.773,-3.562,2.079,-121.595,-0.757,-3.561,2.083,-121.521,0.015,0.002,0.004,0.016,4|13,weighted_average,kalman(weighted_average),false
1789029624.170,118.391,-0.723,-3.553,2.093,-121.857,-0.740,-3.553,2.087,-122.109,-0.017,0.000,-0.005,0.018,4|13,weighted_average,kalman(weighted_average),false
1789029624.213,118.434,-0.749,-3.561,2.090,-122.500,-0.745,-3.556,2.089,-122.599,0.004,0.006,-0.001,0.007,4|13,weighted_average,kalman(weighted_average),false
1789029624.263,118.484,-0.695,-3.535,2.101,-122.576,-0.716,-3.542,2.096,-122.908,-0.021,-0.007,-0.005,0.023,13,weighted_average,kalman(weighted_average),false
1789029624.364,118.585,-0.730,-3.548,2.073,-124.257,-0.722,-3.544,2.080,-124.169,0.008,0.005,0.007,0.012,4|13,weighted_average,kalman(weighted_average),false
1789029624.416,118.637,-0.703,-3.538,2.083,-124.180,-0.710,-3.539,2.080,-124.432,-0.006,-0.002,-0.003,0.007,13,weighted_average,kalman(weighted_average),false
1789029624.463,118.684,-0.729,-3.546,2.072,-125.413,-0.719,-3.543,2.074,-125.165,0.009,0.003,0.002,0.010,4|13,weighted_average,kalman(weighted_average),false
1789029624.516,118.737,-0.725,-3.542,2.062,-125.775,-0.723,-3.542,2.064,-125.773,0.001,-0.000,0.003,0.003,4|13,weighted_average,kalman(weighted_average),false
1789029624.568,118.789,-0.721,-3.540,2.072,-126.431,-0.723,-3.541,2.066,-126.401,-0.002,-0.001,-0.006,0.006,4|13,weighted_average,kalman(weighted_average),false
1789029624.664,118.886,-0.713,-3.523,2.075,-127.614,-0.716,-3.527,2.072,-127.588,-0.003,-0.004,-0.003,0.006,4|13,weighted_average,kalman(weighted_average),false
1789029624.714,118.935,-0.679,-3.515,2.060,-127.429,-0.691,-3.517,2.065,-127.749,-0.012,-0.002,0.005,0.013,13,weighted_average,kalman(weighted_average),false
1789029624.772,118.993,-0.663,-3.406,2.119,-128.765,-0.668,-3.441,2.099,-128.553,-0.004,-0.036,-0.020,0.041,5|13,weighted_average,kalman(weighted_average),false
1789029624.816,119.038,-0.658,-3.409,2.095,-129.036,-0.656,-3.409,2.102,-129.037,0.002,0.000,0.007,0.007,5|13,weighted_average,kalman(weighted_average),false
1789029624.872,119.094,-0.657,-3.387,2.118,-129.967,-0.650,-3.380,2.116,-129.821,0.007,0.008,-0.002,0.010,5|13,weighted_average,kalman(weighted_average),false
1789029624.972,119.193,-0.668,-3.390,2.103,-131.032,-0.659,-3.374,2.111,-131.031,0.008,0.016,0.008,0.020,4|5|13,weighted_average,kalman(weighted_average),false
1789029625.020,119.242,-0.640,-3.289,2.137,-131.812,-0.647,-3.316,2.127,-131.730,-0.008,-0.027,-0.009,0.030,5,weighted_average,kalman(weighted_average),false
1789029625.075,119.296,-0.648,-3.349,2.119,-131.588,-0.646,-3.325,2.125,-131.962,0.002,0.024,0.006,0.025,5|13,weighted_average,kalman(weighted_average),false
1789029625.123,119.344,-0.636,-3.345,2.129,-131.671,-0.639,-3.333,2.128,-132.026,-0.003,0.012,-0.001,0.012,5|13,weighted_average,kalman(weighted_average),false
1789029625.176,119.397,-0.658,-3.364,2.115,-132.239,-0.649,-3.350,2.121,-132.309,0.010,0.014,0.007,0.018,4|5|13,weighted_average,kalman(weighted_average),false
1789029625.276,119.497,-0.628,-3.318,2.129,-132.455,-0.634,-3.328,2.127,-132.608,-0.005,-0.010,-0.002,0.011,5|13,weighted_average,kalman(weighted_average),false
1789029625.326,119.548,-0.628,-3.308,2.131,-132.594,-0.628,-3.312,2.131,-132.683,0.000,-0.004,-0.001,0.004,5|13,weighted_average,kalman(weighted_average),false
1789029625.377,119.598,-0.622,-3.303,2.133,-132.570,-0.622,-3.302,2.133,-132.691,0.000,0.001,0.000,0.001,5|13,weighted_average,kalman(weighted_average),false
1789029625.429,119.650,-0.614,-3.303,2.135,-132.426,-0.615,-3.298,2.135,-132.599,-0.001,0.005,0.000,0.005,5|13,weighted_average,kalman(weighted_average),false
1789029625.477,119.699,-0.605,-3.225,2.153,-132.967,-0.606,-3.252,2.147,-132.804,-0.001,-0.027,-0.006,0.028,5,weighted_average,kalman(weighted_average),false
1789029625.576,119.797,-0.608,-3.281,2.139,-132.490,-0.604,-3.263,2.144,-132.653,0.004,0.018,0.005,0.019,5|13,weighted_average,kalman(weighted_average),false
1789029625.629,119.850,-0.632,-3.288,2.124,-132.817,-0.622,-3.280,2.131,-132.740,0.010,0.008,0.006,0.014,4|5|13,weighted_average,kalman(weighted_average),false
1789029625.678,119.899,-0.614,-3.261,2.148,-132.660,-0.620,-3.272,2.139,-132.703,-0.006,-0.010,-0.009,0.015,5|13,weighted_average,kalman(weighted_average),false
1789029625.727,119.949,-0.632,-3.283,2.132,-132.760,-0.628,-3.279,2.135,-132.732,0.004,0.004,0.003,0.007,4|5|13,weighted_average,kalman(weighted_average),false
1789029625.781,120.003,-0.639,-3.273,2.129,-132.801,-0.637,-3.277,2.130,-132.773,0.002,-0.004,0.002,0.004,4|5|13,weighted_average,kalman(weighted_average),false
1789029625.879,120.100,-0.638,-3.254,2.131,-132.764,-0.641,-3.260,2.129,-132.779,-0.003,-0.006,-0.001,0.006,4|5|13,weighted_average,kalman(weighted_average),false
1789029625.940,120.161,-0.627,-3.221,2.147,-132.627,-0.632,-3.231,2.141,-132.689,-0.005,-0.009,-0.006,0.012,5|13,weighted_average,kalman(weighted_average),false
1789029625.979,120.200,-0.633,-3.213,2.139,-132.718,-0.632,-3.215,2.142,-132.694,0.002,-0.002,0.002,0.003,5|13,weighted_average,kalman(weighted_average),false
1789029626.036,120.257,-0.658,-3.201,2.138,-133.043,-0.647,-3.199,2.141,-132.874,0.011,0.002,0.003,0.011,4|5,weighted_average,kalman(weighted_average),false
1789029626.079,120.301,-0.665,-3.278,2.118,-132.351,-0.660,-3.239,2.128,-132.635,0.005,0.040,0.010,0.041,13,weighted_average,kalman(weighted_average),false
1789029626.180,120.402,-0.720,-3.164,2.015,-134.153,-0.710,-3.184,2.038,-133.631,0.009,-0.020,0.023,0.032,4|5|13,weighted_average,kalman(weighted_average),false
1789029626.230,120.451,-0.725,-3.269,2.076,-132.819,-0.728,-3.232,2.050,-133.299,-0.003,0.037,-0.027,0.046,4|13,weighted_average,kalman(weighted_average),false
1789029626.278,120.500,-0.725,-3.252,2.086,-132.710,-0.734,-3.247,2.066,-133.025,-0.009,0.004,-0.020,0.023,4|13,weighted_average,kalman(weighted_average),false
1789029626.332,120.554,-0.734,-3.244,2.081,-132.757,-0.740,-3.250,2.074,-132.865,-0.006,-0.006,-0.007,0.011,4|13,weighted_average,kalman(weighted_average),false
1789029626.379,120.601,-0.742,-3.236,2.086,-132.778,-0.745,-3.245,2.082,-132.785,-0.003,-0.008,-0.004,0.010,4|13,weighted_average,kalman(weighted_average),false
1789029626.477,120.699,-0.758,-3.212,2.084,-132.614,-0.759,-3.221,2.085,-132.620,-0.001,-0.009,0.002,0.009,4|13,weighted_average,kalman(weighted_average),false
1789029626.531,120.753,-0.783,-3.201,2.065,-132.849,-0.777,-3.204,2.073,-132.720,0.005,-0.003,0.007,0.010,4|13,weighted_average,kalman(weighted_average),false
1789029626.578,120.800,-0.747,-3.178,2.107,-132.249,-0.763,-3.183,2.092,-132.459,-0.016,-0.006,-0.015,0.023,13,weighted_average,kalman(weighted_average),false
1789029626.643,120.864,-0.797,-3.177,2.086,-132.786,-0.786,-3.172,2.091,-132.590,0.011,0.005,0.005,0.013,4|13,weighted_average,kalman(weighted_average),false
1789029626.743,120.965,-0.781,-3.141,2.101,-132.230,-0.786,-3.142,2.100,-132.331,-0.005,-0.002,-0.001,0.006,13,weighted_average,kalman(weighted_average),false
1789029626.796,121.017,-0.832,-3.141,2.093,-132.772,-0.818,-3.136,2.097,-132.556,0.015,0.005,0.004,0.016,4|13,weighted_average,kalman(weighted_average),false
1789029626.847,121.068,-0.833,-3.134,2.076,-132.672,-0.833,-3.131,2.084,-132.629,0.000,0.003,0.008,0.008,4|13,weighted_average,kalman(weighted_average),false
1789029626.902,121.123,-0.854,-3.122,2.074,-132.736,-0.852,-3.122,2.076,-132.707,0.002,-0.000,0.002,0.002,4|13,weighted_average,kalman(weighted_average),false
1789029626.952,121.173,-0.829,-3.098,2.094,-132.245,-0.845,-3.104,2.084,-132.488,-0.016,-0.006,-0.009,0.019,13,weighted_average,kalman(weighted_average),false
1789029627.052,121.273,-0.895,-3.078,2.080,-132.837,-0.886,-3.079,2.081,-132.699,0.009,-0.000,0.001,0.009,4|13,weighted_average,kalman(weighted_average),false
1789029627.105,121.327,-0.910,-3.076,2.078,-132.871,-0.909,-3.072,2.079,-132.828,0.001,0.004,0.000,0.004,4|13,weighted_average,kalman(weighted_average),false
1789029627.152,121.373,-0.880,-3.047,2.107,-132.207,-0.898,-3.054,2.095,-132.530,-0.019,-0.006,-0.011,0.023,13,weighted_average,kalman(weighted_average),false
1789029627.212,121.434,-0.922,-3.055,2.085,-132.717,-0.916,-3.049,2.091,-132.608,0.005,0.007,0.006,0.011,4|13,weighted_average,kalman(weighted_average),false
1789029627.255,121.477,-0.926,-3.044,2.088,-132.732,-0.926,-3.043,2.090,-132.670,-0.000,0.001,0.002,0.002,4|13,weighted_average,kalman(weighted_average),false
1789029627.357,121.579,-0.958,-3.022,2.072,-132.822,-0.956,-3.023,2.076,-132.787,0.002,-0.001,0.004,0.005,4|13,weighted_average,kalman(weighted_average),false
1789029627.407,121.628,-0.972,-3.009,2.073,-132.780,-0.972,-3.011,2.072,-132.802,0.001,-0.001,-0.001,0.002,4|13,weighted_average,kalman(weighted_average),false
1789029627.456,121.677,-0.989,-2.995,2.069,-132.788,-0.988,-2.997,2.068,-132.810,0.001,-0.002,-0.001,0.003,4|13,weighted_average,kalman(weighted_average),false
1789029627.513,121.735,-0.994,-2.985,2.083,-132.766,-0.999,-2.984,2.075,-132.799,-0.004,0.001,-0.008,0.009,4|13,weighted_average,kalman(weighted_average),false
1789029627.561,121.783,-1.016,-2.967,2.067,-132.904,-1.014,-2.969,2.071,-132.859,0.002,-0.003,0.004,0.005,4|13,weighted_average,kalman(weighted_average),false
1789029627.658,121.879,-1.030,-2.953,2.071,-132.699,-1.033,-2.951,2.070,-132.771,-0.003,0.002,-0.001,0.003,4|13,weighted_average,kalman(weighted_average),false
1789029627.708,121.930,-1.033,-2.944,2.080,-132.638,-1.036,-2.943,2.077,-132.685,-0.004,0.001,-0.004,0.005,4|13,weighted_average,kalman(weighted_average),false
1789029627.764,121.986,-1.034,-2.912,2.083,-132.389,-1.038,-2.919,2.082,-132.496,-0.004,-0.007,-0.001,0.008,13,weighted_average,kalman(weighted_average),false
1789029627.810,122.031,-1.060,-2.916,2.082,-132.722,-1.052,-2.912,2.083,-132.572,0.007,0.004,0.001,0.009,4|13,weighted_average,kalman(weighted_average),false
1789029627.867,122.088,-1.079,-2.903,2.067,-132.762,-1.073,-2.901,2.074,-132.655,0.006,0.002,0.007,0.010,4|13,weighted_average,kalman(weighted_average),false
1789029627.964,122.186,-1.096,-2.877,2.084,-132.715,-1.097,-2.878,2.081,-132.700,-0.001,-0.001,-0.003,0.003,4|13,weighted_average,kalman(weighted_average),false
1789029628.027,122.249,-1.116,-2.869,2.097,-132.845,-1.115,-2.867,2.093,-132.799,0.001,0.002,-0.004,0.004,4|13,weighted_average,kalman(weighted_average),false
1789029628.070,122.291,-1.119,-2.859,2.081,-132.835,-1.122,-2.859,2.088,-132.836,-0.003,0.000,0.007,0.008,4|13,weighted_average,kalman(weighted_average),false
1789029628.117,122.339,-1.116,-2.852,2.095,-132.551,-1.123,-2.851,2.093,-132.710,-0.007,0.001,-0.002,0.007,4|13,weighted_average,kalman(weighted_average),false
1789029628.167,122.389,-1.146,-2.829,2.088,-132.808,-1.140,-2.834,2.091,-132.753,0.007,-0.005,0.003,0.009,4|13,weighted_average,kalman(weighted_average),false
1789029628.270,122.491,-1.169,-2.811,2.082,-132.790,-1.168,-2.810,2.085,-132.782,0.001,0.000,0.003,0.003,4|13,weighted_average,kalman(weighted_average),false
1789029628.319,122.541,-1.180,-2.796,2.088,-132.736,-1.180,-2.797,2.086,-132.760,-0.001,-0.001,-0.002,0.002,4|13,weighted_average,kalman(weighted_average),false
1789029628.374,122.595,-1.187,-2.791,2.096,-132.718,-1.190,-2.788,2.092,-132.736,-0.003,0.003,-0.004,0.006,4|13,weighted_average,kalman(weighted_average),false
1789029628.425,122.646,-1.173,-2.762,2.126,-132.285,-1.184,-2.768,2.114,-132.489,-0.011,-0.006,-0.012,0.017,13,weighted_average,kalman(weighted_average),false
1789029628.472,122.693,-1.213,-2.768,2.108,-132.619,-1.202,-2.762,2.114,-132.513,0.011,0.006,0.007,0.014,4|13,weighted_average,kalman(weighted_average),false
1789029628.574,122.796,-1.225,-2.754,2.102,-132.631,-1.225,-2.751,2.108,-132.559,0.001,0.003,0.006,0.007,4|13,weighted_average,kalman(weighted_average),false
1789029628.623,122.845,-1.205,-2.729,2.146,-132.120,-1.216,-2.735,2.132,-132.305,-0.010,-0.006,-0.014,0.018,13,weighted_average,kalman(weighted_average),false
1789029628.676,122.898,-1.248,-2.738,2.103,-132.664,-1.237,-2.732,2.118,-132.462,0.011,0.005,0.015,0.019,4|13,weighted_average,kalman(weighted_average),false
1789029628.726,122.947,-1.257,-2.730,2.107,-132.726,-1.253,-2.728,2.110,-132.602,0.004,0.002,0.004,0.005,4|13,weighted_average,kalman(weighted_average),false
1789029628.777,122.998,-1.267,-2.724,2.114,-132.631,-1.266,-2.724,2.111,-132.641,0.000,0.001,-0.003,0.003,4|13,weighted_average,kalman(weighted_average),false
1789029628.879,123.100,-1.285,-2.714,2.116,-132.595,-1.287,-2.714,2.114,-132.638,-0.002,0.000,-0.002,0.003,4|13,weighted_average,kalman(weighted_average),false
1789029628.928,123.149,-1.290,-2.719,2.106,-132.897,-1.293,-2.716,2.109,-132.794,-0.002,0.003,0.003,0.005,4|13,weighted_average,kalman(weighted_average),false
1789029628.980,123.202,-1.290,-2.713,2.121,-133.287,-1.294,-2.713,2.116,-133.096,-0.004,-0.000,-0.005,0.007,4|13,weighted_average,kalman(weighted_average),false
1789029629.047,123.269,-1.303,-2.706,2.108,-134.199,-1.303,-2.708,2.112,-133.829,0.001,-0.001,0.003,0.004,4|13,weighted_average,kalman(weighted_average),false
1789029629.165,123.387,-1.321,-2.700,2.075,-135.554,-1.320,-2.700,2.081,-135.322,0.001,0.000,0.006,0.006,4|13,weighted_average,kalman(weighted_average),false
1789029629.205,123.426,-1.301,-2.671,2.118,-136.002,-1.310,-2.681,2.101,-135.905,-0.009,-0.010,-0.018,0.022,13,weighted_average,kalman(weighted_average),false
1789029629.255,123.477,-1.329,-2.682,2.089,-136.821,-1.322,-2.677,2.094,-136.690,0.007,0.004,0.005,0.009,4|13,weighted_average,kalman(weighted_average),false
1789029629.320,123.541,-1.342,-2.664,2.095,-137.784,-1.338,-2.665,2.093,-137.692,0.004,-0.001,-0.002,0.005,4|13,weighted_average,kalman(weighted_average),false
1789029629.450,123.672,-1.347,-2.623,2.120,-139.461,-1.349,-2.625,2.116,-139.488,-0.002,-0.003,-0.004,0.005,4|13,weighted_average,kalman(weighted_average),false
1789029629.503,123.725,-1.329,-2.598,2.135,-139.727,-1.337,-2.602,2.132,-139.911,-0.008,-0.003,-0.003,0.009,13,weighted_average,kalman(weighted_average),false
1789029629.547,123.769,-1.364,-2.583,2.141,-141.016,-1.352,-2.583,2.142,-140.745,0.012,-0.001,0.001,0.012,4|13,weighted_average,kalman(weighted_average),false
1789029629.602,123.824,-1.362,-2.584,2.117,-141.253,-1.360,-2.576,2.131,-141.371,0.002,0.008,0.014,0.017,4|13,weighted_average,kalman(weighted_average),false
1789029629.658,123.880,-1.353,-2.587,2.121,-141.338,-1.358,-2.577,2.125,-141.678,-0.005,0.010,0.004,0.012,4|13,weighted_average,kalman(weighted_average),false
1789029629.759,123.980,-1.371,-2.530,2.135,-143.124,-1.369,-2.538,2.132,-142.990,0.002,-0.007,-0.003,0.008,4|13,weighted_average,kalman(weighted_average),false
1789029629.809,124.031,-1.328,-2.523,2.151,-142.719,-1.344,-2.522,2.145,-143.083,-0.016,0.001,-0.005,0.017,13,weighted_average,kalman(weighted_average),false
1789029629.873,124.094,-1.362,-2.518,2.121,-143.891,-1.353,-2.512,2.132,-143.781,0.009,0.005,0.011,0.015,4|13,weighted_average,kalman(weighted_average),false
1789029629.914,124.135,-1.371,-2.503,2.102,-144.396,-1.364,-2.503,2.114,-144.288,0.008,0.000,0.012,0.014,4|13,weighted_average,kalman(weighted_average),false
1789029629.963,124.185,-1.362,-2.485,2.135,-145.016,-1.364,-2.487,2.122,-144.909,-0.003,-0.003,-0.013,0.013,4|13,weighted_average,kalman(weighted_average),false
1789029630.060,124.282,-1.360,-2.456,2.138,-146.169,-1.362,-2.457,2.134,-146.113,-0.003,-0.001,-0.005,0.005,4|13,weighted_average,kalman(weighted_average),false
1789029630.109,124.331,-1.361,-2.456,2.118,-146.476,-1.361,-2.451,2.125,-146.570,-0.000,0.005,0.007,0.008,4|13,weighted_average,kalman(weighted_average),false
1789029630.179,124.400,-1.370,-2.430,2.137,-147.484,-1.367,-2.431,2.133,-147.427,0.003,-0.002,-0.004,0.005,4|13,weighted_average,kalman(weighted_average),false
1789029630.235,124.456,-1.366,-2.418,2.115,-148.257,-1.367,-2.418,2.122,-148.182,-0.001,0.001,0.008,0.008,4|13,weighted_average,kalman(weighted_average),false
1789029630.330,124.551,-1.364,-2.392,2.116,-149.492,-1.365,-2.393,2.116,-149.451,-0.001,-0.000,0.000,0.001,4|13,weighted_average,kalman(weighted_average),false
1789029630.396,124.618,-1.370,-2.374,2.112,-150.071,-1.368,-2.374,2.112,-150.160,0.001,-0.000,-0.000,0.002,4|13,weighted_average,kalman(weighted_average),false
1789029630.453,124.675,-1.329,-2.354,2.159,-150.245,-1.342,-2.356,2.142,-150.490,-0.014,-0.002,-0.017,0.022,13,weighted_average,kalman(weighted_average),false
1789029630.506,124.727,-1.360,-2.353,2.109,-151.504,-1.349,-2.348,2.126,-151.272,0.011,0.005,0.016,0.020,4|13,weighted_average,kalman(weighted_average),false
1789029630.608,124.829,-1.425,-2.334,2.058,-153.781,-1.408,-2.332,2.072,-153.379,0.017,0.002,0.014,0.022,4,weighted_average,kalman(weighted_average),false
1789029630.663,124.885,-1.324,-2.312,2.192,-152.669,-1.359,-2.315,2.146,-153.338,-0.035,-0.003,-0.046,0.058,4|5|13,weighted_average,kalman(weighted_average),false
1789029630.712,124.934,-1.309,-2.295,2.179,-151.962,-1.325,-2.298,2.174,-152.814,-0.016,-0.003,-0.005,0.017,5,weighted_average,kalman(weighted_average),false
1789029630.765,124.987,-1.316,-2.228,2.177,-154.511,-1.312,-2.249,2.186,-153.810,0.005,-0.021,0.009,0.023,5|13,weighted_average,kalman(weighted_average),false
1789029630.814,125.036,-1.344,-2.270,2.134,-154.778,-1.324,-2.250,2.162,-154.523,0.020,0.020,0.028,0.039,4|5|13,weighted_average,kalman(weighted_average),false
1789029630.916,125.138,-1.317,-2.191,2.173,-155.766,-1.317,-2.197,2.170,-155.726,0.000,-0.006,-0.002,0.006,5,weighted_average,kalman(weighted_average),false
1789029630.965,125.187,-1.340,-2.285,2.124,-155.836,-1.331,-2.246,2.141,-156.027,0.009,0.039,0.017,0.043,4|5|13,weighted_average,kalman(weighted_average),false
1789029631.013,125.234,-1.355,-2.246,2.116,-157.127,-1.347,-2.249,2.122,-156.832,0.008,-0.003,0.006,0.010,4|5,weighted_average,kalman(weighted_average),false
1789029631.071,125.293,-1.346,-2.243,2.129,-157.996,-1.351,-2.247,2.120,-157.792,-0.004,-0.005,-0.009,0.011,4|5|13,weighted_average,kalman(weighted_average),false
1789029631.114,125.336,-1.355,-2.243,2.053,-158.455,-1.356,-2.245,2.079,-158.423,-0.000,-0.003,0.025,0.026,4|5|13,weighted_average,kalman(weighted_average),false
1789029631.214,125.436,-1.349,-2.182,2.137,-160.563,-1.354,-2.197,2.113,-160.326,-0.004,-0.015,-0.024,0.028,4|5|13,weighted_average,kalman(weighted_average),false
1789029631.263,125.485,-1.363,-2.195,2.089,-161.523,-1.360,-2.188,2.101,-161.383,0.003,0.006,0.012,0.014,4|13,weighted_average,kalman(weighted_average),false
1789029631.316,125.537,-1.344,-2.152,2.107,-160.912,-1.351,-2.159,2.105,-161.565,-0.007,-0.008,-0.002,0.010,5,weighted_average,kalman(weighted_average),false
1789029631.372,125.594,-1.352,-2.138,2.119,-162.660,-1.351,-2.137,2.115,-162.504,0.001,0.001,-0.004,0.004,5|13,weighted_average,kalman(weighted_average),false
1789029631.417,125.638,-1.366,-2.139,2.099,-163.591,-1.359,-2.130,2.108,-163.376,0.007,0.008,0.009,0.014,4|5|13,weighted_average,kalman(weighted_average),false
1789029631.514,125.736,-1.372,-2.147,2.112,-164.460,-1.370,-2.136,2.111,-164.624,0.002,0.011,-0.001,0.011,4|5|13,weighted_average,kalman(weighted_average),false
1789029631.569,125.791,-1.360,-2.115,2.130,-165.624,-1.366,-2.121,2.125,-165.525,-0.005,-0.007,-0.006,0.010,4|5|13,weighted_average,kalman(weighted_average),false
1789029631.612,125.834,-1.367,-2.141,2.109,-165.503,-1.366,-2.131,2.118,-165.817,0.000,0.010,0.009,0.013,4|5|13,weighted_average,kalman(weighted_average),false
1789029631.667,125.889,-1.385,-2.110,2.083,-167.002,-1.378,-2.118,2.097,-166.768,0.007,-0.008,0.014,0.018,13,weighted_average,kalman(weighted_average),false
1789029631.721,125.942,-1.380,-2.099,2.104,-167.165,-1.381,-2.104,2.098,-167.335,-0.002,-0.005,-0.007,0.009,4|5|13,weighted_average,kalman(weighted_average),false
1789029631.825,126.046,-1.358,-2.115,2.103,-166.612,-1.365,-2.109,2.100,-167.241,-0.007,0.006,-0.003,0.010,5,weighted_average,kalman(weighted_average),false
1789029631.873,126.095,-1.385,-2.128,2.059,-168.382,-1.376,-2.121,2.074,-167.967,0.009,0.006,0.014,0.018,13,weighted_average,kalman(weighted_average),false
1789029631.921,126.143,-1.390,-2.115,2.069,-169.266,-1.385,-2.120,2.066,-168.823,0.005,-0.005,-0.002,0.008,13,weighted_average,kalman(weighted_average),false
1789029631.974,126.196,-1.367,-2.109,2.110,-168.815,-1.376,-2.114,2.089,-169.083,-0.009,-0.005,-0.021,0.023,5|13,weighted_average,kalman(weighted_average),false
1789029632.023,126.245,-1.369,-2.107,2.054,-168.657,-1.371,-2.110,2.070,-169.066,-0.002,-0.002,0.016,0.016,5,weighted_average,kalman(weighted_average),false
1789029632.123,126.345,-1.381,-2.104,2.027,-170.217,-1.377,-2.104,2.034,-170.025,0.004,-0.000,0.007,0.008,5|13,weighted_average,kalman(weighted_average),false
1789029632.181,126.403,-1.380,-2.140,2.076,-170.221,-1.380,-2.128,2.057,-170.333,-0.000,0.012,-0.019,0.023,5|13,weighted_average,kalman(weighted_average),false
1789029632.232,126.453,-1.385,-2.147,2.022,-171.207,-1.384,-2.143,2.036,-170.981,0.001,0.004,0.013,0.014,13,weighted_average,kalman(weighted_average),false
1789029632.274,126.496,-1.392,-2.118,2.074,-172.383,-1.390,-2.133,2.055,-171.882,0.002,-0.015,-0.019,0.024,13,weighted_average,kalman(weighted_average),false
1789029632.324,126.546,-1.362,-2.076,2.141,-172.623,-1.376,-2.101,2.107,-172.573,-0.013,-0.025,-0.035,0.045,5|13,weighted_average,kalman(weighted_average),false
1789029632.413,126.635,-1.373,-2.144,2.079,-172.849,-1.372,-2.127,2.098,-173.170,0.001,0.017,0.019,0.025,13,weighted_average,kalman(weighted_average),false
1789029632.464,126.686,-1.373,-2.163,2.076,-172.440,-1.372,-2.153,2.085,-172.954,0.001,0.010,0.008,0.013,5|13,weighted_average,kalman(weighted_average),false
1789029632.520,126.742,-1.374,-2.041,2.066,-174.927,-1.372,-2.088,2.071,-174.166,0.001,-0.047,0.005,0.047,5|13,weighted_average,kalman(weighted_average),false
1789029632.578,126.800,-1.367,-2.117,2.080,-174.228,-1.369,-2.098,2.073,-174.484,-0.002,0.019,-0.007,0.020,5|13,weighted_average,kalman(weighted_average),false
1789029632.622,126.844,-1.381,-2.106,2.061,-174.749,-1.375,-2.101,2.065,-174.811,0.006,0.005,0.004,0.009,5|13,weighted_average,kalman(weighted_average),false
1789029632.715,126.937,-1.360,-2.071,2.100,-175.443,-1.364,-2.077,2.089,-175.495,-0.005,-0.006,-0.011,0.014,5,weighted_average,kalman(weighted_average),false
1789029632.770,126.992,-1.356,-2.058,2.121,-175.877,-1.358,-2.060,2.114,-175.894,-0.001,-0.002,-0.007,0.008,5,weighted_average,kalman(weighted_average),false
1789029632.818,127.040,-1.379,-2.152,2.056,-175.454,-1.369,-2.112,2.084,-175.824,0.010,0.040,0.028,0.050,5|13,weighted_average,kalman(weighted_average),false
1789029632.877,127.099,-1.361,-2.075,2.147,-177.089,-1.365,-2.095,2.122,-176.643,-0.004,-0.020,-0.025,0.032,5|13,weighted_average,kalman(weighted_average),false
1789029632.922,127.144,-1.344,-2.008,2.155,-177.531,-1.352,-2.044,2.147,-177.281,-0.008,-0.036,-0.008,0.038,5,weighted_average,kalman(weighted_average),false
1789029633.023,127.245,-1.339,-1.998,2.162,-178.044,-1.339,-1.999,2.167,-178.129,-0.000,-0.000,0.006,0.006,5,weighted_average,kalman(weighted_average),false
1789029633.071,127.293,-1.385,-2.078,2.082,-177.642,-1.367,-2.043,2.115,-178.030,0.018,0.035,0.034,0.052,5|13,weighted_average,kalman(weighted_average),false
1789029633.135,127.357,-1.385,-2.078,2.082,-177.642,-1.382,-2.069,2.086,-177.934,0.002,0.009,0.004,0.010,5|13,weighted_average,kalman(weighted_average),false
1789029633.176,127.397,-1.386,-2.111,2.057,-177.237,-1.388,-2.098,2.062,-177.619,-0.002,0.013,0.005,0.014,5|13,weighted_average,kalman(weighted_average),false
1789029633.225,127.447,-1.375,-2.105,2.084,-177.383,-1.384,-2.111,2.065,-177.482,-0.009,-0.006,-0.019,0.022,5|13,weighted_average,kalman(weighted_average),false
1789029633.323,127.545,-1.378,-2.110,2.068,-177.341,-1.381,-2.118,2.062,-177.342,-0.003,-0.009,-0.006,0.011,5|13,weighted_average,kalman(weighted_average),false
1789029633.374,127.596,-1.375,-2.098,2.074,-177.558,-1.377,-2.107,2.069,-177.437,-0.002,-0.009,-0.005,0.011,5|13,weighted_average,kalman(weighted_average),false
1789029633.430,127.651,-1.370,-2.138,2.071,-176.850,-1.372,-2.126,2.071,-177.100,-0.001,0.012,-0.000,0.012,5|13,weighted_average,kalman(weighted_average),false
1789029633.485,127.707,-1.366,-2.103,2.104,-177.462,-1.367,-2.114,2.092,-177.238,-0.001,-0.012,-0.012,0.016,5|13,weighted_average,kalman(weighted_average),false
1789029633.529,127.751,-1.361,-2.133,2.122,-176.896,-1.362,-2.125,2.113,-177.052,-0.001,0.008,-0.009,0.012,5|13,weighted_average,kalman(weighted_average),false
1789029633.627,127.849,-1.370,-2.093,2.075,-177.530,-1.366,-2.102,2.091,-177.315,0.004,-0.009,0.016,0.019,5|13,weighted_average,kalman(weighted_average),false
1789029633.676,127.898,-1.388,-2.122,2.025,-177.735,-1.381,-2.112,2.045,-177.584,0.007,0.010,0.021,0.024,13,weighted_average,kalman(weighted_average),false
1789029633.739,127.961,-1.373,-2.087,2.047,-177.487,-1.379,-2.095,2.036,-177.599,-0.006,-0.008,-0.011,0.015,5|13,weighted_average,kalman(weighted_average),false
1789029633.779,128.001,-1.395,-2.103,2.035,-177.993,-1.389,-2.097,2.031,-177.833,0.006,0.006,-0.005,0.010,13,weighted_average,kalman(weighted_average),false
1789029633.838,128.060,-1.365,-2.092,2.094,-177.201,-1.376,-2.092,2.065,-177.567,-0.012,0.000,-0.029,0.031,5|13,weighted_average,kalman(weighted_average),false
1789029633.932,128.154,-1.337,-1.970,2.153,-178.267,-1.345,-1.997,2.136,-178.029,-0.008,-0.027,-0.017,0.033,5,weighted_average,kalman(weighted_average),false
1789029633.981,128.202,-1.347,-2.000,2.107,-177.574,-1.342,-1.985,2.128,-177.833,0.006,0.015,0.021,0.027,5,weighted_average,kalman(weighted_average),false
1789029634.035,128.257,-1.387,-2.064,1.974,-177.251,-1.367,-2.023,2.036,-177.525,0.020,0.041,0.062,0.077,5|13,weighted_average,kalman(weighted_average),false
1789029634.083,128.304,-1.368,-2.024,2.057,-177.777,-1.370,-2.025,2.036,-177.617,-0.002,-0.000,-0.021,0.021,5|13,weighted_average,kalman(weighted_average),false
1789029634.138,128.360,-1.367,-2.007,2.058,-178.001,-1.370,-2.015,2.041,-177.808,-0.003,-0.008,-0.016,0.018,5|13,weighted_average,kalman(weighted_average),false
1789029634.232,128.454,-1.370,-2.035,2.012,-177.242,-1.371,-2.029,2.015,-177.463,-0.001,0.006,0.003,0.007,5|13,weighted_average,kalman(weighted_average),false
1789029634.283,128.505,-1.354,-1.993,2.112,-177.906,-1.360,-2.007,2.075,-177.676,-0.006,-0.014,-0.038,0.041,5|13,weighted_average,kalman(weighted_average),false
1789029634.341,128.563,-1.364,-1.970,2.071,-178.128,-1.361,-1.980,2.080,-177.938,0.003,-0.010,0.009,0.014,5|13,weighted_average,kalman(weighted_average),false
1789029634.392,128.614,-1.368,-1.988,2.047,-177.714,-1.365,-1.979,2.064,-177.863,0.004,0.009,0.017,0.019,5|13,weighted_average,kalman(weighted_average),false
1789029634.437,128.659,-1.360,-2.007,2.079,-177.161,-1.362,-1.992,2.073,-177.523,-0.002,0.015,-0.006,0.016,5|13,weighted_average,kalman(weighted_average),false
1789029634.532,128.754,-1.356,-2.036,2.103,-176.333,-1.357,-2.025,2.097,-176.680,-0.001,0.011,-0.006,0.012,5|13,weighted_average,kalman(weighted_average),false
1789029634.582,128.804,-1.363,-1.986,2.067,-177.020,-1.360,-2.005,2.082,-176.736,0.003,-0.019,0.014,0.024,5|13,weighted_average,kalman(weighted_average),false
1789029634.642,128.864,-1.359,-1.950,2.072,-177.530,-1.359,-1.969,2.075,-177.097,-0.001,-0.018,0.003,0.018,5|13,weighted_average,kalman(weighted_average),false
1789029634.680,128.902,-1.356,-1.940,2.026,-177.462,-1.357,-1.947,2.046,-177.284,-0.001,-0.007,0.020,0.021,5|13,weighted_average,kalman(weighted_average),false
1789029634.742,128.963,-1.377,-1.951,2.031,-177.990,-1.369,-1.941,2.030,-177.712,0.008,0.011,-0.001,0.013,13,weighted_average,kalman(weighted_average),false
1789029634.872,129.094,-1.327,-1.853,2.114,-177.597,-1.335,-1.861,2.097,-177.739,-0.008,-0.008,-0.017,0.020,5,weighted_average,kalman(weighted_average),false
1789029634.924,129.146,-1.338,-1.872,2.066,-177.017,-1.333,-1.858,2.085,-177.301,0.006,0.014,0.019,0.024,5,weighted_average,kalman(weighted_average),false
1789029634.975,129.197,-1.347,-1.939,2.077,-176.598,-1.339,-1.903,2.084,-176.840,0.009,0.036,0.007,0.038,5|13,weighted_average,kalman(weighted_average),false
1789029635.024,129.246,-1.344,-1.882,2.065,-177.349,-1.341,-1.894,2.074,-176.998,0.003,-0.012,0.010,0.015,5|13,weighted_average,kalman(weighted_average),false
1789029635.077,129.299,-1.335,-1.853,2.093,-176.899,-1.337,-1.870,2.085,-176.891,-0.002,-0.017,-0.008,0.019,5,weighted_average,kalman(weighted_average),false
1789029635.176,129.398,-1.361,-1.874,2.026,-177.857,-1.355,-1.869,2.041,-177.482,0.006,0.005,0.015,0.017,13,weighted_average,kalman(weighted_average),false
1789029635.222,129.444,-1.362,-1.855,2.038,-177.957,-1.362,-1.859,2.033,-177.820,0.000,-0.004,-0.005,0.006,13,weighted_average,kalman(weighted_average),false
1789029635.278,129.500,-1.347,-1.857,2.078,-176.999,-1.356,-1.855,2.056,-177.476,-0.008,0.001,-0.022,0.024,5|13,weighted_average,kalman(weighted_average),false
1789029635.327,129.549,-1.332,-1.816,2.111,-176.563,-1.342,-1.830,2.091,-176.999,-0.010,-0.014,-0.021,0.027,5,weighted_average,kalman(weighted_average),false
1789029635.375,129.597,-1.362,-1.820,2.045,-178.092,-1.352,-1.819,2.070,-177.486,0.011,0.001,0.026,0.028,13,weighted_average,kalman(weighted_average),false
1789029635.471,129.693,-1.333,-1.757,2.071,-177.886,-1.338,-1.766,2.071,-177.795,-0.005,-0.009,0.000,0.010,5|13,weighted_average,kalman(weighted_average),false
1789029635.527,129.748,-1.350,-1.804,2.028,-177.704,-1.344,-1.783,2.042,-177.799,0.006,0.022,0.014,0.027,13,weighted_average,kalman(weighted_average),false
1789029635.574,129.796,-1.347,-1.754,2.038,-177.727,-1.346,-1.763,2.035,-177.795,0.001,-0.009,-0.003,0.010,5|13,weighted_average,kalman(weighted_average),false
1789029635.623,129.845,-1.337,-1.766,2.062,-177.256,-1.341,-1.760,2.047,-177.538,-0.004,0.006,-0.015,0.017,5|13,weighted_average,kalman(weighted_average),false
1789029635.682,129.904,-1.355,-1.789,2.010,-175.854,-1.349,-1.775,2.024,-176.587,0.006,0.014,0.013,0.021,5,weighted_average,kalman(weighted_average),false
1789029635.783,130.005,-1.341,-1.732,2.081,-177.417,-1.344,-1.742,2.064,-176.934,-0.003,-0.010,-0.017,0.020,5|13,weighted_average,kalman(weighted_average),false
1789029635.834,130.056,-1.352,-1.799,2.078,-175.081,-1.349,-1.775,2.078,-175.845,0.003,0.024,0.001,0.024,5,weighted_average,kalman(weighted_average),false
1789029635.881,130.103,-1.344,-1.739,2.074,-176.028,-1.346,-1.756,2.081,-175.779,-0.002,-0.017,0.007,0.018,5,weighted_average,kalman(weighted_average),false
1789029635.938,130.160,-1.352,-1.717,2.050,-177.089,-1.350,-1.730,2.066,-176.356,0.002,-0.012,0.016,0.020,5|13,weighted_average,kalman(weighted_average),false
1789029635.984,130.206,-1.349,-1.692,2.061,-177.428,-1.350,-1.703,2.062,-176.922,-0.001,-0.010,0.001,0.010,5|13,weighted_average,kalman(weighted_average),false
1789029636.083,130.305,-1.338,-1.675,2.038,-177.342,-1.341,-1.672,2.042,-177.350,-0.003,0.003,0.005,0.006,5|13,weighted_average,kalman(weighted_average),false
1789029636.140,130.362,-1.353,-1.696,2.046,-176.027,-1.348,-1.683,2.042,-176.648,0.005,0.013,-0.004,0.015,5,weighted_average,kalman(weighted_average),false
1789029636.183,130.404,-1.356,-1.697,2.054,-176.073,-1.353,-1.690,2.047,-176.298,0.003,0.007,-0.007,0.010,5,weighted_average,kalman(weighted_average),false
1789029636.238,130.459,-1.347,-1.660,2.040,-177.651,-1.351,-1.672,2.043,-176.920,-0.004,-0.012,0.002,0.013,5|13,weighted_average,kalman(weighted_average),false
1789029636.286,130.508,-1.345,-1.629,2.061,-178.186,-1.347,-1.644,2.053,-177.617,-0.003,-0.015,-0.008,0.017,5|13,weighted_average,kalman(weighted_average),false
1789029636.382,130.604,-1.342,-1.602,2.056,-178.671,-1.342,-1.604,2.057,-178.513,-0.001,-0.003,0.001,0.003,5|13,weighted_average,kalman(weighted_average),false
1789029636.438,130.660,-1.338,-1.618,2.060,-178.341,-1.339,-1.606,2.060,-178.598,-0.001,0.012,-0.000,0.012,5|13,weighted_average,kalman(weighted_average),false
1789029636.483,130.705,-1.362,-1.580,1.987,-179.025,-1.352,-1.587,2.017,-178.942,0.010,-0.007,0.030,0.032,5|13,weighted_average,kalman(weighted_average),false
1789029636.540,130.761,-1.333,-1.564,2.040,-179.253,-1.342,-1.567,2.024,-179.273,-0.009,-0.003,-0.016,0.019,5|13,weighted_average,kalman(weighted_average),false
1789029636.585,130.807,-1.354,-1.622,2.039,-178.229,-1.348,-1.593,2.031,-178.877,0.006,0.029,-0.008,0.031,5|13,weighted_average,kalman(weighted_average),false
1789029636.682,130.904,-1.333,-1.575,2.080,-178.959,-1.337,-1.580,2.068,-178.976,-0.004,-0.005,-0.012,0.014,5|13,weighted_average,kalman(weighted_average),false
1789029636.740,130.961,-1.336,-1.577,2.066,-178.874,-1.334,-1.576,2.072,-178.940,0.001,0.001,0.007,0.007,5|13,weighted_average,kalman(weighted_average),false
1789029636.785,131.007,-1.346,-1.546,2.032,-179.418,-1.340,-1.556,2.051,-179.205,0.006,-0.010,0.020,0.023,5|13,weighted_average,kalman(weighted_average),false
1789029636.842,131.064,-1.341,-1.539,2.043,-179.422,-1.341,-1.541,2.044,-179.379,-0.000,-0.001,0.002,0.002,5|13,weighted_average,kalman(weighted_average),false
1789029636.888,131.109,-1.332,-1.491,2.063,179.090,-1.336,-1.507,2.053,179.781,-0.004,-0.016,-0.009,0.019,13,weighted_average,kalman(weighted_average),false
1789029636.987,131.208,-1.329,-1.461,1.987,-179.496,-1.330,-1.462,2.003,-179.979,-0.001,-0.000,0.016,0.016,5,weighted_average,kalman(weighted_average),false
1789029637.035,131.257,-1.321,-1.483,2.059,-179.816,-1.323,-1.468,2.032,-179.898,-0.002,0.015,-0.027,0.031,5|13,weighted_average,kalman(weighted_average),false
1789029637.084,131.305,-1.321,-1.486,2.047,-179.507,-1.320,-1.475,2.042,-179.684,0.001,0.011,-0.006,0.013,5|13,weighted_average,kalman(weighted_average),false
1789029637.144,131.366,-1.321,-1.486,2.047,-179.507,-1.319,-1.481,2.047,-179.542,0.002,0.005,-0.000,0.005,5|13,weighted_average,kalman(weighted_average),false
1789029637.187,131.408,-1.302,-1.449,2.074,-179.804,-1.308,-1.463,2.065,-179.634,-0.006,-0.014,-0.010,0.018,5|13,weighted_average,kalman(weighted_average),false
1789029637.288,131.510,-1.313,-1.421,2.034,179.929,-1.309,-1.428,2.046,-179.907,0.004,-0.006,0.012,0.014,5|13,weighted_average,kalman(weighted_average),false
1789029637.344,131.566,-1.304,-1.400,2.015,179.790,-1.306,-1.403,2.023,179.871,-0.001,-0.003,0.007,0.008,5|13,weighted_average,kalman(weighted_average),false
1789029637.389,131.611,-1.309,-1.396,2.029,179.454,-1.307,-1.392,2.022,179.594,0.002,0.004,-0.007,0.009,4|5|13,weighted_average,kalman(weighted_average),false
1789029637.444,131.666,-1.303,-1.342,2.000,-179.904,-1.304,-1.355,2.005,179.771,-0.001,-0.012,0.005,0.013,5,weighted_average,kalman(weighted_average),false
1789029637.497,131.718,-1.332,-1.373,1.998,179.591,-1.321,-1.356,1.996,179.648,0.012,0.017,-0.002,0.021,4|5,weighted_average,kalman(weighted_average),false
1789029637.594,131.816,-1.302,-1.372,1.962,179.856,-1.310,-1.363,1.965,179.741,-0.007,0.010,0.003,0.012,4|5|13,weighted_average,kalman(weighted_average),false
1789029637.645,131.867,-1.307,-1.340,2.007,179.373,-1.307,-1.348,1.988,179.530,0.001,-0.008,-0.020,0.021,4|5|13,weighted_average,kalman(weighted_average),false
1789029637.700,131.922,-1.288,-1.342,2.041,-179.899,-1.293,-1.342,2.023,179.818,-0.006,0.000,-0.019,0.019,5|13,weighted_average,kalman(weighted_average),false
1789029637.745,131.967,-1.273,-1.325,2.034,-179.892,-1.278,-1.330,2.036,179.994,-0.006,-0.005,0.001,0.007,5|13,weighted_average,kalman(weighted_average),false
1789029637.799,132.021,-1.320,-1.279,1.951,179.175,-1.299,-1.295,1.991,179.615,0.021,-0.016,0.040,0.048,4|5,weighted_average,kalman(weighted_average),false
1789029637.892,132.114,-1.282,-1.222,1.940,179.883,-1.288,-1.231,1.948,179.748,-0.005,-0.009,0.007,0.013,5,weighted_average,kalman(weighted_average),false
1789029637.945,132.167,-1.294,-1.253,1.970,179.255,-1.291,-1.234,1.955,179.469,0.004,0.019,-0.015,0.024,4|5,weighted_average,kalman(weighted_average),false
1789029638.000,132.222,-1.321,-1.272,1.919,178.429,-1.310,-1.252,1.929,178.844,0.011,0.019,0.010,0.024,4,weighted_average,kalman(weighted_average),false
1789029638.046,132.268,-1.327,-1.272,1.886,178.532,-1.323,-1.264,1.897,178.562,0.004,0.008,0.012,0.015,4,weighted_average,kalman(weighted_average),false
1789029638.104,132.326,-1.272,-1.172,1.922,179.844,-1.296,-1.209,1.902,179.106,-0.024,-0.037,-0.019,0.048,5,weighted_average,kalman(weighted_average),false
1789029638.200,132.422,-1.286,-1.185,1.908,179.145,-1.286,-1.181,1.903,179.146,0.001,0.004,-0.005,0.007,4|5,weighted_average,kalman(weighted_average),false
1789029638.250,132.472,-1.282,-1.169,1.932,179.195,-1.281,-1.168,1.922,179.183,0.001,0.001,-0.011,0.011,4|5,weighted_average,kalman(weighted_average),false
1789029638.306,132.528,-1.269,-1.144,1.931,-179.765,-1.271,-1.147,1.931,179.789,-0.002,-0.003,-0.000,0.004,5,weighted_average,kalman(weighted_average),false
1789029638.352,132.574,-1.241,-1.195,2.012,-179.504,-1.250,-1.169,1.982,-179.741,-0.010,0.026,-0.030,0.041,5|13,weighted_average,kalman(weighted_average),false
1789029638.410,132.632,-1.267,-1.114,1.925,-179.842,-1.255,-1.135,1.958,-179.626,0.012,-0.021,0.033,0.041,5,weighted_average,kalman(weighted_average),false
1789029638.505,132.727,-1.261,-1.114,1.970,179.206,-1.258,-1.112,1.968,179.734,0.003,0.002,-0.001,0.004,4|5,weighted_average,kalman(weighted_average),false
1789029638.553,132.775,-1.248,-1.129,1.966,179.685,-1.252,-1.119,1.969,179.647,-0.003,0.010,0.003,0.011,4|5|13,weighted_average,kalman(weighted_average),false
1789029638.606,132.828,-1.251,-1.053,1.925,179.983,-1.250,-1.076,1.942,179.773,0.001,-0.023,0.018,0.029,5,weighted_average,kalman(weighted_average),false
1789029638.656,132.878,-1.239,-1.124,1.999,-179.918,-1.242,-1.097,1.972,179.920,-0.004,0.027,-0.026,0.038,4|5|13,weighted_average,kalman(weighted_average),false
1789029638.711,132.933,-1.241,-1.114,2.003,-179.904,-1.240,-1.106,1.995,-179.971,0.001,0.008,-0.009,0.012,4|5|13,weighted_average,kalman(weighted_average),false
1789029638.813,133.035,-1.266,-1.054,1.941,179.550,-1.259,-1.066,1.958,179.734,0.007,-0.012,0.017,0.023,4|5,weighted_average,kalman(weighted_average),false
1789029638.866,133.088,-1.231,-1.097,1.988,-179.382,-1.243,-1.081,1.974,-179.775,-0.012,0.016,-0.015,0.025,4|5|13,weighted_average,kalman(weighted_average),false
1789029638.913,133.135,-1.223,-1.070,2.014,-179.233,-1.229,-1.073,1.998,-179.431,-0.007,-0.004,-0.016,0.018,5|13,weighted_average,kalman(weighted_average),false
1789029638.967,133.189,-1.228,-1.041,2.001,179.955,-1.226,-1.051,2.004,-179.661,0.003,-0.010,0.003,0.011,4|5|13,weighted_average,kalman(weighted_average),false
1789029639.013,133.235,-1.225,-1.070,1.978,-179.289,-1.223,-1.058,1.992,-179.452,0.002,0.013,0.014,0.019,4|5|13,weighted_average,kalman(weighted_average),false
1789029639.111,133.333,-1.226,-1.013,2.009,-179.979,-1.223,-1.022,2.005,-179.737,0.003,-0.008,-0.004,0.010,4|5|13,weighted_average,kalman(weighted_average),false
1789029639.161,133.383,-1.217,-1.005,1.998,-179.865,-1.219,-1.005,2.002,-179.840,-0.002,-0.000,0.005,0.005,4|5|13,weighted_average,kalman(weighted_average),false
1789029639.238,133.460,-1.217,-1.005,1.998,-179.865,-1.217,-0.998,2.000,-179.901,0.000,0.007,0.002,0.007,4|5|13,weighted_average,kalman(weighted_average),false
1789029639.272,133.494,-1.226,-0.964,1.998,179.622,-1.222,-0.976,1.998,179.837,0.005,-0.012,0.001,0.013,4|5|13,weighted_average,kalman(weighted_average),false
1789029639.322,133.543,-1.216,-0.929,2.016,179.829,-1.219,-0.942,2.008,179.767,-0.003,-0.013,-0.008,0.015,5|13,weighted_average,kalman(weighted_average),false
1789029639.422,133.644,-1.251,-0.902,1.942,179.250,-1.243,-0.900,1.959,179.342,0.007,0.002,0.016,0.018,4|5,weighted_average,kalman(weighted_average),false
1789029639.471,133.692,-1.251,-0.899,1.953,179.369,-1.252,-0.892,1.948,179.283,-0.001,0.007,-0.005,0.008,4|5,weighted_average,kalman(weighted_average),false
1789029639.523,133.745,-1.247,-0.901,1.945,179.532,-1.253,-0.891,1.939,179.355,-0.006,0.009,-0.005,0.012,4|5,weighted_average,kalman(weighted_average),false
1789029639.578,133.800,-1.257,-0.875,1.946,179.101,-1.258,-0.877,1.939,179.185,-0.001,-0.003,-0.008,0.008,4|5,weighted_average,kalman(weighted_average),false
1789029639.625,133.847,-1.233,-0.835,1.955,179.969,-1.245,-0.848,1.946,179.545,-0.012,-0.013,-0.009,0.020,5,weighted_average,kalman(weighted_average),false
1789029639.724,133.946,-1.251,-0.835,1.933,-179.786,-1.248,-0.829,1.936,-179.966,0.003,0.005,0.002,0.006,5,weighted_average,kalman(weighted_average),false
1789029639.775,133.997,-1.246,-0.825,1.945,-179.917,-1.247,-0.823,1.940,-179.857,-0.001,0.002,-0.005,0.005,5,weighted_average,kalman(weighted_average),false
1789029639.826,134.048,-1.243,-0.812,1.943,179.939,-1.244,-0.812,1.942,-179.895,-0.002,-0.001,-0.001,0.002,5,weighted_average,kalman(weighted_average),false
1789029639.877,134.099,-1.234,-0.800,1.948,179.749,-1.238,-0.801,1.945,179.958,-0.004,-0.001,-0.002,0.004,5,weighted_average,kalman(weighted_average),false
1789029639.931,134.153,-1.244,-0.798,1.948,179.856,-1.240,-0.795,1.948,179.906,0.004,0.003,-0.000,0.005,5,weighted_average,kalman(weighted_average),false
1789029640.031,134.253,-1.247,-0.785,1.949,179.838,-1.245,-0.784,1.950,179.850,0.002,0.001,0.000,0.003,5,weighted_average,kalman(weighted_average),false
1789029640.081,134.303,-1.244,-0.774,1.942,179.684,-1.245,-0.775,1.945,179.744,-0.001,-0.001,0.003,0.004,5,weighted_average,kalman(weighted_average),false
1789029640.137,134.359,-1.250,-0.774,1.949,179.833,-1.249,-0.772,1.947,179.768,0.001,0.002,-0.002,0.003,5,weighted_average,kalman(weighted_average),false
1789029640.181,134.403,-1.236,-0.905,1.993,-178.647,-1.242,-0.848,1.974,-179.425,-0.006,0.057,-0.019,0.060,5|13,weighted_average,kalman(weighted_average),false
1789029640.231,134.453,-1.241,-0.741,1.953,179.447,-1.241,-0.797,1.967,-179.871,0.000,-0.057,0.013,0.058,5,weighted_average,kalman(weighted_average),false
1789029640.332,134.554,-1.247,-0.729,1.956,179.525,-1.245,-0.742,1.960,179.731,0.002,-0.013,0.004,0.014,5,weighted_average,kalman(weighted_average),false
1789029640.382,134.604,-1.254,-0.732,1.969,179.704,-1.251,-0.727,1.965,179.659,0.002,0.005,-0.004,0.007,5,weighted_average,kalman(weighted_average),false
1789029640.438,134.660,-1.236,-0.821,2.069,-179.423,-1.243,-0.780,2.032,-179.875,-0.007,0.041,-0.037,0.056,5|13,weighted_average,kalman(weighted_average),false
1789029640.483,134.705,-1.276,-0.720,1.951,179.995,-1.262,-0.749,1.995,-179.900,0.014,-0.029,0.044,0.055,5,weighted_average,kalman(weighted_average),false
1789029640.534,134.756,-1.258,-0.694,1.964,179.582,-1.262,-0.714,1.977,179.860,-0.004,-0.020,0.014,0.025,5,weighted_average,kalman(weighted_average),false
1789029640.632,134.854,-1.260,-0.674,1.969,179.585,-1.262,-0.675,1.968,179.645,-0.003,-0.001,-0.001,0.003,5,weighted_average,kalman(weighted_average),false
1789029640.681,134.903,-1.269,-0.785,1.970,-179.679,-1.267,-0.740,1.968,179.998,0.002,0.045,-0.002,0.045,4|5|13,weighted_average,kalman(weighted_average),false
1789029640.740,134.962,-1.264,-0.772,2.032,-179.759,-1.266,-0.768,2.009,-179.829,-0.002,0.004,-0.024,0.024,4|5|13,weighted_average,kalman(weighted_average),false
1789029640.784,135.006,-1.262,-0.801,2.018,-179.049,-1.264,-0.795,2.020,-179.383,-0.002,0.006,0.002,0.006,4|5|13,weighted_average,kalman(weighted_average),false
1789029640.836,135.057,-1.256,-0.742,2.026,-179.325,-1.259,-0.773,2.030,-179.240,-0.003,-0.032,0.004,0.032,5|13,weighted_average,kalman(weighted_average),false
1789029640.936,135.158,-1.264,-0.711,2.067,179.988,-1.262,-0.727,2.065,-179.640,0.002,-0.016,-0.003,0.016,4|5|13,weighted_average,kalman(weighted_average),false
1789029640.992,135.214,-1.262,-0.739,2.052,-178.742,-1.262,-0.728,2.062,-179.134,-0.000,0.011,0.010,0.015,5|13,weighted_average,kalman(weighted_average),false
1789029641.041,135.263,-1.278,-0.579,1.947,179.623,-1.272,-0.632,1.993,-179.761,0.006,-0.053,0.046,0.070,5,weighted_average,kalman(weighted_average),false
1789029641.084,135.306,-1.270,-0.557,1.932,179.340,-1.273,-0.571,1.948,179.726,-0.003,-0.014,0.017,0.022,5,weighted_average,kalman(weighted_average),false
1789029641.139,135.361,-1.267,-0.534,1.912,179.209,-1.271,-0.524,1.911,179.312,-0.003,0.009,-0.001,0.010,5,weighted_average,kalman(weighted_average),false
1789029641.234,135.456,-1.271,-0.755,2.066,-177.898,-1.271,-0.677,2.013,-179.037,-0.000,0.078,-0.053,0.094,13,weighted_average,kalman(weighted_average),false
1789029641.282,135.503,-1.286,-0.717,2.018,-178.961,-1.281,-0.722,2.029,-178.800,0.005,-0.005,0.011,0.013,4|13,weighted_average,kalman(weighted_average),false
1789029641.340,135.562,-1.278,-0.713,2.071,-178.703,-1.281,-0.737,2.068,-178.546,-0.003,-0.025,-0.003,0.025,4|13,weighted_average,kalman(weighted_average),false
1789029641.382,135.604,-1.286,-0.618,2.010,179.618,-1.285,-0.679,2.045,-179.348,0.002,-0.062,0.035,0.071,4|13,weighted_average,kalman(weighted_average),false
1789029641.436,135.658,-1.303,-0.667,1.995,-179.087,-1.297,-0.669,2.019,-179.241,0.006,-0.003,0.024,0.025,4|13,weighted_average,kalman(weighted_average),false
1789029641.532,135.754,-1.281,-0.673,2.055,-178.019,-1.288,-0.669,2.043,-178.424,-0.007,0.004,-0.011,0.014,13,weighted_average,kalman(weighted_average),false
1789029641.586,135.808,-1.276,-0.640,2.067,-178.490,-1.279,-0.649,2.063,-178.337,-0.003,-0.009,-0.005,0.011,13,weighted_average,kalman(weighted_average),false
1789029641.638,135.860,-1.291,-0.607,2.035,-179.257,-1.284,-0.619,2.051,-178.751,0.006,-0.012,0.015,0.020,4|13,weighted_average,kalman(weighted_average),false
1789029641.682,135.903,-1.292,-0.700,2.090,-176.649,-1.288,-0.659,2.074,-177.688,0.003,0.041,-0.016,0.044,13,weighted_average,kalman(weighted_average),false
1789029641.742,135.964,-1.297,-0.703,2.048,-176.470,-1.294,-0.690,2.063,-176.821,0.002,0.013,0.015,0.020,13,weighted_average,kalman(weighted_average),false
1789029641.837,136.059,-1.293,-0.626,2.041,-177.455,-1.295,-0.648,2.046,-176.931,-0.002,-0.022,0.005,0.022,13,weighted_average,kalman(weighted_average),false
1789029641.887,136.108,-1.298,-0.621,2.043,-177.232,-1.297,-0.625,2.042,-177.047,0.001,-0.005,-0.001,0.005,13,weighted_average,kalman(weighted_average),false
1789029641.950,136.172,-1.280,-0.544,2.058,-178.566,-1.286,-0.563,2.050,-177.915,-0.006,-0.019,-0.008,0.022,13,weighted_average,kalman(weighted_average),false
1789029641.988,136.210,-1.285,-0.553,2.068,-178.520,-1.284,-0.546,2.061,-178.327,0.001,0.007,-0.007,0.011,4|13,weighted_average,kalman(weighted_average),false
1789029642.058,136.280,-1.287,-0.544,2.031,-178.082,-1.285,-0.530,2.043,-178.390,0.003,0.014,0.013,0.019,13,weighted_average,kalman(weighted_average),false
1789029642.156,136.377,-1.304,-0.563,1.989,-177.067,-1.299,-0.548,1.998,-177.590,0.005,0.015,0.009,0.018,13,weighted_average,kalman(weighted_average),false
1789029642.213,136.435,-1.301,-0.518,1.991,-177.742,-1.302,-0.529,1.986,-177.589,-0.002,-0.011,-0.005,0.012,13,weighted_average,kalman(weighted_average),false
1789029642.257,136.479,-1.282,-0.448,2.015,-179.227,-1.292,-0.478,1.998,-178.414,-0.010,-0.030,-0.017,0.036,4|13,weighted_average,kalman(weighted_average),false
1789029642.308,136.530,-1.284,-0.500,2.017,-178.082,-1.286,-0.481,2.008,-178.338,-0.002,0.019,-0.009,0.021,4|13,weighted_average,kalman(weighted_average),false
1789029642.363,136.585,-1.287,-0.477,2.004,-178.184,-1.285,-0.473,2.006,-178.309,0.002,0.004,0.002,0.005,4|13,weighted_average,kalman(weighted_average),false
1789029642.460,136.682,-1.270,-0.436,2.037,-178.503,-1.273,-0.440,2.030,-178.474,-0.002,-0.004,-0.007,0.008,4|13,weighted_average,kalman(weighted_average),false
1789029642.511,136.733,-1.275,-0.399,2.047,-178.852,-1.272,-0.408,2.045,-178.725,0.003,-0.008,-0.002,0.009,4|13,weighted_average,kalman(weighted_average),false
1789029642.573,136.795,-1.281,-0.392,2.017,-178.369,-1.276,-0.388,2.032,-178.587,0.004,0.004,0.014,0.015,13,weighted_average,kalman(weighted_average),false
1789029642.616,136.838,-1.275,-0.352,2.004,-179.426,-1.276,-0.360,2.015,-179.035,-0.001,-0.008,0.011,0.014,4|13,weighted_average,kalman(weighted_average),false
1789029642.674,136.896,-1.277,-0.368,2.039,-178.812,-1.276,-0.354,2.027,-179.008,0.000,0.013,-0.012,0.018,4|13,weighted_average,kalman(weighted_average),false
1789029642.762,136.984,-1.260,-0.339,2.061,-179.082,-1.264,-0.336,2.053,-179.115,-0.004,0.002,-0.008,0.009,4|13,weighted_average,kalman(weighted_average),false
1789029642.815,137.037,-1.263,-0.331,2.053,-178.897,-1.262,-0.329,2.057,-179.022,0.002,0.002,0.004,0.005,4|13,weighted_average,kalman(weighted_average),false
1789029642.874,137.096,-1.260,-0.326,2.050,-178.700,-1.259,-0.323,2.056,-178.844,0.001,0.003,0.006,0.007,4|13,weighted_average,kalman(weighted_average),false
1789029642.916,137.138,-1.262,-0.284,1.995,-179.344,-1.260,-0.298,2.021,-179.078,0.002,-0.014,0.026,0.030,4|13,weighted_average,kalman(weighted_average),false
1789029643.020,137.242,-1.254,-0.303,2.051,-178.693,-1.254,-0.295,2.038,-178.841,-0.001,0.008,-0.012,0.015,4|13,weighted_average,kalman(weighted_average),false
1789029643.118,137.340,-1.251,-0.267,2.033,-178.789,-1.250,-0.271,2.036,-178.765,0.000,-0.004,0.003,0.005,4|13,weighted_average,kalman(weighted_average),false
1789029643.174,137.396,-1.260,-0.190,2.011,-179.908,-1.256,-0.212,2.019,-179.449,0.004,-0.022,0.008,0.024,4|13,weighted_average,kalman(weighted_average),false
1789029643.221,137.443,-1.252,-0.275,2.020,-178.051,-1.254,-0.240,2.017,-178.771,-0.002,0.035,-0.003,0.036,4|13,weighted_average,kalman(weighted_average),false
1789029643.274,137.496,-1.236,-0.226,2.054,-178.863,-1.243,-0.229,2.038,-178.771,-0.007,-0.003,-0.016,0.018,4|13,weighted_average,kalman(weighted_average),false
1789029643.333,137.555,-1.231,-0.176,2.053,-179.560,-1.233,-0.192,2.050,-179.174,-0.002,-0.016,-0.003,0.017,4|13,weighted_average,kalman(weighted_average),false
1789029643.429,137.651,-1.252,-0.155,1.993,-179.062,-1.245,-0.155,2.009,-179.161,0.007,0.000,0.017,0.018,13,weighted_average,kalman(weighted_average),false
1789029643.477,137.699,-1.237,-0.192,2.052,-178.583,-1.241,-0.172,2.032,-178.841,-0.004,0.020,-0.020,0.029,4|13,weighted_average,kalman(weighted_average),false
1789029643.541,137.763,-1.258,-0.134,1.950,-179.086,-1.253,-0.145,1.977,-178.936,0.005,-0.011,0.027,0.030,13,weighted_average,kalman(weighted_average),false
1789029643.578,137.800,-1.265,-0.155,1.974,-178.526,-1.261,-0.147,1.968,-178.724,0.004,0.009,-0.006,0.011,13,weighted_average,kalman(weighted_average),false
1789029643.654,137.876,-1.259,-0.123,1.958,-178.911,-1.263,-0.127,1.952,-178.781,-0.004,-0.003,-0.006,0.008,13,weighted_average,kalman(weighted_average),false
1789029643.772,137.994,-1.243,-0.113,1.977,-179.115,-1.248,-0.111,1.968,-179.023,-0.004,0.002,-0.009,0.010,4|13,weighted_average,kalman(weighted_average),false
1789029643.822,138.044,-1.235,-0.091,2.051,-179.274,-1.237,-0.095,2.026,-179.206,-0.002,-0.004,-0.025,0.025,4|13,weighted_average,kalman(weighted_average),false
1789029643.871,138.093,-1.234,-0.076,2.033,-179.438,-1.232,-0.079,2.041,-179.386,0.002,-0.003,0.008,0.009,4|13,weighted_average,kalman(weighted_average),false
1789029643.927,138.149,-1.226,-0.060,2.052,-179.523,-1.225,-0.062,2.057,-179.531,0.000,-0.002,0.006,0.006,4|13,weighted_average,kalman(weighted_average),false
1789029643.974,138.196,-1.223,0.005,2.040,179.369,-1.222,-0.017,2.054,179.834,0.002,-0.022,0.014,0.026,4|13,weighted_average,kalman(weighted_average),false
1789029644.074,138.296,-1.220,-0.061,2.051,-179.065,-1.218,-0.038,2.056,-179.620,0.002,0.023,0.005,0.023,4|13,weighted_average,kalman(weighted_average),false
1789029644.133,138.355,-1.249,-0.035,1.978,-178.823,-1.239,-0.038,2.003,-179.088,0.011,-0.003,0.025,0.027,13,weighted_average,kalman(weighted_average),false
1789029644.176,138.398,-1.229,-0.029,2.024,-179.312,-1.236,-0.033,2.008,-179.108,-0.006,-0.004,-0.016,0.018,4|13,weighted_average,kalman(weighted_average),false
1789029644.223,138.445,-1.210,0.051,2.070,179.384,-1.222,0.016,2.039,-179.803,-0.012,-0.035,-0.030,0.048,4|13,weighted_average,kalman(weighted_average),false
1789029644.276,138.498,-1.221,-0.003,2.037,-179.491,-1.220,0.014,2.041,-179.711,0.001,0.017,0.004,0.017,4|13,weighted_average,kalman(weighted_average),false
1789029644.370,138.592,-1.216,0.057,2.040,179.732,-1.215,0.051,2.042,179.886,0.001,-0.005,0.002,0.006,4|13,weighted_average,kalman(weighted_average),false
1789029644.418,138.640,-1.211,0.044,2.061,-179.809,-1.212,0.053,2.055,179.994,-0.001,0.009,-0.006,0.011,4|13,weighted_average,kalman(weighted_average),false
1789029644.469,138.691,-1.232,0.051,1.976,-179.236,-1.223,0.056,2.009,-179.620,0.009,0.005,0.032,0.034,13,weighted_average,kalman(weighted_average),false
1789029644.523,138.745,-1.216,0.025,2.012,-179.122,-1.220,0.040,2.004,-179.306,-0.004,0.015,-0.008,0.018,4|13,weighted_average,kalman(weighted_average),false
1789029644.577,138.799,-1.215,0.008,2.031,-178.689,-1.217,0.019,2.016,-178.890,-0.002,0.011,-0.015,0.019,4|13,weighted_average,kalman(weighted_average),false
1789029644.675,138.897,-1.219,0.055,2.005,-179.199,-1.218,0.042,2.007,-178.942,0.001,-0.013,0.002,0.013,4|13,weighted_average,kalman(weighted_average),false
1789029644.725,138.947,-1.213,0.099,2.040,-179.778,-1.215,0.082,2.027,-179.403,-0.002,-0.017,-0.013,0.021,4|13,weighted_average,kalman(weighted_average),false
1789029644.777,138.999,-1.208,0.044,2.033,-178.668,-1.210,0.067,2.034,-179.055,-0.002,0.023,0.000,0.023,4|13,weighted_average,kalman(weighted_average),false
1789029644.837,139.059,-1.218,0.087,2.023,-179.206,-1.214,0.082,2.029,-179.117,0.004,-0.005,0.007,0.009,4|13,weighted_average,kalman(weighted_average),false
1789029644.877,139.099,-1.184,0.230,2.066,177.729,-1.197,0.170,2.051,179.313,-0.013,-0.061,-0.016,0.064,4,weighted_average,kalman(weighted_average),false
1789029644.973,139.195,-1.209,0.151,2.036,-179.971,-1.203,0.176,2.045,179.426,0.006,0.025,0.008,0.027,4|13,weighted_average,kalman(weighted_average),false
1789029645.026,139.248,-1.223,0.099,2.023,-178.762,-1.216,0.128,2.030,-179.570,0.006,0.029,0.007,0.031,4|13,weighted_average,kalman(weighted_average),false
1789029645.072,139.294,-1.205,0.147,2.050,-179.595,-1.212,0.134,2.040,-179.467,-0.007,-0.013,-0.010,0.018,4|13,weighted_average,kalman(weighted_average),false
1789029645.126,139.348,-1.221,0.154,2.007,-179.499,-1.218,0.143,2.019,-179.374,0.002,-0.011,0.013,0.017,4|13,weighted_average,kalman(weighted_average),false
1789029645.182,139.404,-1.221,0.174,2.011,-179.758,-1.221,0.162,2.010,-179.496,-0.001,-0.011,-0.000,0.011,4|13,weighted_average,kalman(weighted_average),false
1789029645.279,139.501,-1.222,0.110,2.033,-178.307,-1.223,0.126,2.024,-178.653,-0.001,0.016,-0.009,0.018,4|13,weighted_average,kalman(weighted_average),false
1789029645.334,139.556,-1.217,0.191,2.052,-179.618,-1.220,0.164,2.044,-179.091,-0.003,-0.026,-0.007,0.027,4|13,weighted_average,kalman(weighted_average),false
1789029645.378,139.600,-1.230,0.173,1.982,-179.137,-1.225,0.173,2.011,-179.099,0.004,0.000,0.029,0.029,4|13,weighted_average,kalman(weighted_average),false
1789029645.432,139.654,-1.219,0.158,2.054,-178.790,-1.222,0.168,2.034,-178.923,-0.003,0.010,-0.020,0.022,4|13,weighted_average,kalman(weighted_average),false
1789029645.488,139.710,-1.239,0.142,1.969,-178.362,-1.233,0.153,1.996,-178.579,0.007,0.011,0.027,0.029,4|13,weighted_average,kalman(weighted_average),false
1789029645.588,139.810,-1.238,0.176,1.989,-178.794,-1.238,0.169,1.985,-178.623,-0.001,-0.007,-0.004,0.008,4|13,weighted_average,kalman(weighted_average),false
1789029645.642,139.864,-1.254,0.228,1.937,-179.231,-1.250,0.211,1.950,-178.972,0.004,-0.017,0.013,0.022,13,weighted_average,kalman(weighted_average),false
1789029645.702,139.924,-1.257,0.227,1.958,-179.076,-1.257,0.230,1.948,-179.083,-0.000,0.003,-0.010,0.011,13,weighted_average,kalman(weighted_average),false
1789029645.739,139.961,-1.230,0.236,2.037,-179.682,-1.244,0.240,1.995,-179.417,-0.014,0.004,-0.042,0.044,4|13,weighted_average,kalman(weighted_average),false
1789029645.796,140.018,-1.264,0.238,1.963,-179.085,-1.256,0.246,1.982,-179.344,0.008,0.008,0.019,0.022,13,weighted_average,kalman(weighted_average),false
1789029645.896,140.118,-1.233,0.233,2.047,-179.794,-1.240,0.241,2.033,-179.707,-0.007,0.008,-0.014,0.017,4,weighted_average,kalman(weighted_average),false
1789029645.943,140.165,-1.250,0.246,1.994,-179.517,-1.245,0.244,2.015,-179.659,0.005,-0.002,0.021,0.022,4|13,weighted_average,kalman(weighted_average),false
1789029646.005,140.227,-1.259,0.203,2.006,-178.620,-1.254,0.217,2.011,-179.097,0.005,0.014,0.005,0.016,4|13,weighted_average,kalman(weighted_average),false
1789029646.044,140.266,-1.258,0.277,1.966,-179.532,-1.257,0.248,1.985,-179.259,0.001,-0.029,0.020,0.035,13,weighted_average,kalman(weighted_average),false
1789029646.102,140.324,-1.247,0.276,2.027,-179.888,-1.253,0.268,2.006,-179.569,-0.006,-0.008,-0.021,0.023,4|13,weighted_average,kalman(weighted_average),false
1789029646.201,140.423,-1.259,0.272,1.986,-179.696,-1.257,0.276,1.992,-179.705,0.001,0.004,0.006,0.008,4|13,weighted_average,kalman(weighted_average),false
1789029646.248,140.471,-1.270,0.292,1.947,-179.553,-1.266,0.289,1.961,-179.647,0.004,-0.004,0.014,0.015,13,weighted_average,kalman(weighted_average),false
1789029646.302,140.524,-1.274,0.289,1.952,-179.418,-1.273,0.292,1.949,-179.533,0.001,0.003,-0.003,0.005,13,weighted_average,kalman(weighted_average),false
1789029646.349,140.571,-1.269,0.292,1.993,-179.785,-1.273,0.295,1.970,-179.653,-0.004,0.003,-0.023,0.024,4|13,weighted_average,kalman(weighted_average),false
1789029646.422,140.644,-1.269,0.292,1.993,-179.785,-1.271,0.295,1.986,-179.748,-0.003,0.003,-0.007,0.008,4|13,weighted_average,kalman(weighted_average),false
1789029646.519,140.741,-1.279,0.315,1.943,-179.472,-1.277,0.311,1.955,-179.582,0.001,-0.003,0.012,0.013,13,weighted_average,kalman(weighted_average),false
1789029646.568,140.790,-1.261,0.345,1.991,179.696,-1.268,0.336,1.975,-179.987,-0.007,-0.009,-0.016,0.020,4|13,weighted_average,kalman(weighted_average),false
1789029646.620,140.842,-1.267,0.343,1.971,179.924,-1.266,0.346,1.973,179.910,0.001,0.003,0.002,0.004,4|13,weighted_average,kalman(weighted_average),false
1789029646.674,140.896,-1.266,0.315,1.979,-179.490,-1.265,0.332,1.977,-179.818,0.001,0.017,-0.002,0.017,4|13,weighted_average,kalman(weighted_average),false
1789029646.723,140.945,-1.273,0.367,1.896,179.760,-1.269,0.353,1.929,179.975,0.004,-0.014,0.033,0.036,4|13,weighted_average,kalman(weighted_average),false
1789029646.816,141.038,-1.280,0.295,1.965,-178.604,-1.277,0.314,1.947,-179.125,0.002,0.019,-0.018,0.026,4|13,weighted_average,kalman(weighted_average),false
1789029646.875,141.097,-1.253,0.408,1.987,179.416,-1.262,0.372,1.976,-179.870,-0.009,-0.035,-0.011,0.038,4|13,weighted_average,kalman(weighted_average),false
1789029646.916,141.138,-1.263,0.382,2.006,-179.845,-1.261,0.384,1.999,-179.891,0.002,0.002,-0.008,0.008,4|13,weighted_average,kalman(weighted_average),false
1789029646.974,141.196,-1.271,0.390,1.957,-179.867,-1.266,0.395,1.981,-179.915,0.006,0.005,0.024,0.025,4|13,weighted_average,kalman(weighted_average),false
1789029647.017,141.239,-1.270,0.392,1.959,-179.686,-1.268,0.398,1.969,-179.822,0.002,0.006,0.010,0.012,4|13,weighted_average,kalman(weighted_average),false
1789029647.117,141.339,-1.283,0.371,1.949,-178.916,-1.281,0.382,1.952,-179.214,0.003,0.011,0.003,0.011,4|13,weighted_average,kalman(weighted_average),false
1789029647.174,141.396,-1.263,0.440,1.994,179.958,-1.271,0.419,1.977,-179.619,-0.008,-0.020,-0.016,0.027,4|13,weighted_average,kalman(weighted_average),false
1789029647.216,141.438,-1.276,0.451,1.960,-179.656,-1.273,0.443,1.969,-179.645,0.003,-0.008,0.010,0.013,13,weighted_average,kalman(weighted_average),false
1789029647.274,141.496,-1.268,0.468,1.982,179.883,-1.270,0.467,1.978,-179.914,-0.002,-0.001,-0.004,0.005,4|13,weighted_average,kalman(weighted_average),false
1789029647.317,141.539,-1.262,0.484,1.993,179.828,-1.265,0.484,1.988,179.911,-0.003,-0.000,-0.005,0.006,4|13,weighted_average,kalman(weighted_average),false
1789029647.414,141.636,-1.266,0.480,1.982,-179.828,-1.264,0.490,1.987,179.995,0.002,0.010,0.005,0.011,4|13,weighted_average,kalman(weighted_average),false
1789029647.464,141.686,-1.271,0.484,1.975,179.986,-1.268,0.488,1.980,179.984,0.003,0.005,0.004,0.007,4,weighted_average,kalman(weighted_average),false
1789029647.513,141.735,-1.267,0.461,2.027,-179.359,-1.268,0.472,2.007,-179.667,-0.001,0.011,-0.019,0.022,4,weighted_average,kalman(weighted_average),false
1789029647.572,141.795,-1.246,0.559,2.047,178.996,-1.254,0.525,2.038,179.649,-0.008,-0.034,-0.010,0.036,4,weighted_average,kalman(weighted_average),false
1789029647.620,141.843,-1.246,0.558,2.064,179.159,-1.247,0.553,2.060,179.314,-0.001,-0.005,-0.004,0.006,4,weighted_average,kalman(weighted_average),false
1789029647.714,141.936,-1.244,0.593,2.079,179.037,-1.242,0.594,2.084,178.985,0.002,0.001,0.005,0.005,4,weighted_average,kalman(weighted_average),false
1789029647.772,141.994,-1.281,0.483,2.035,-178.798,-1.267,0.526,2.056,-179.767,0.013,0.043,0.021,0.050,4,weighted_average,kalman(weighted_average),false
1789029647.841,142.063,-1.253,0.591,2.061,179.360,-1.261,0.564,2.057,179.867,-0.008,-0.027,-0.004,0.029,4,weighted_average,kalman(weighted_average),false
1789029647.875,142.097,-1.282,0.517,2.041,-178.982,-1.273,0.540,2.048,-179.543,0.008,0.023,0.007,0.026,4,weighted_average,kalman(weighted_average),false
1789029647.938,142.160,-1.270,0.586,2.027,-179.978,-1.274,0.567,2.032,-179.647,-0.004,-0.019,0.005,0.020,4,weighted_average,kalman(weighted_average),false
1789029648.030,142.252,-1.260,0.638,2.034,179.501,-1.265,0.626,2.029,179.841,-0.004,-0.012,-0.004,0.014,4,weighted_average,kalman(weighted_average),false
1789029648.083,142.305,-1.273,0.614,2.040,-179.768,-1.269,0.627,2.036,-179.991,0.004,0.014,-0.005,0.015,4,weighted_average,kalman(weighted_average),false
1789029648.140,142.362,-1.284,0.603,2.013,-179.426,-1.279,0.618,2.021,-179.685,0.005,0.015,0.008,0.018,4,weighted_average,kalman(weighted_average),false
1789029648.181,142.403,-1.245,0.727,2.039,178.561,-1.261,0.682,2.029,179.463,-0.016,-0.045,-0.009,0.049,4,weighted_average,kalman(weighted_average),false
1789029648.241,142.463,-1.264,0.686,2.015,179.452,-1.260,0.698,2.020,179.327,0.004,0.012,0.005,0.014,4,weighted_average,kalman(weighted_average),false
1789029648.333,142.555,-1.269,0.681,2.033,179.944,-1.266,0.695,2.028,179.622,0.003,0.014,-0.005,0.015,4,weighted_average,kalman(weighted_average),false
1789029648.380,142.602,-1.246,0.754,2.060,178.874,-1.253,0.733,2.050,179.214,-0.008,-0.020,-0.011,0.024,4,weighted_average,kalman(weighted_average),false
1789029648.436,142.658,-1.251,0.744,2.057,179.185,-1.250,0.748,2.059,179.138,0.001,0.004,0.002,0.004,4,weighted_average,kalman(weighted_average),false
1789029648.480,142.702,-1.256,0.761,2.031,179.154,-1.253,0.761,2.046,179.103,0.004,0.001,0.015,0.016,4,weighted_average,kalman(weighted_average),false
1789029648.540,142.762,-1.262,0.735,2.051,179.750,-1.258,0.752,2.050,179.410,0.004,0.017,-0.002,0.017,4,weighted_average,kalman(weighted_average),false
1789029648.633,142.855,-1.248,0.801,2.044,178.920,-1.251,0.791,2.046,179.120,-0.003,-0.010,0.002,0.011,4,weighted_average,kalman(weighted_average),false
1789029648.682,142.905,-1.261,0.802,2.008,179.165,-1.257,0.804,2.021,179.113,0.005,0.002,0.013,0.014,4,weighted_average,kalman(weighted_average),false
1789029648.731,142.953,-1.252,0.824,2.030,178.878,-1.254,0.823,2.022,178.962,-0.002,-0.002,-0.008,0.008,4,weighted_average,kalman(weighted_average),false
1789029648.781,143.003,-1.266,0.800,2.032,179.583,-1.261,0.816,2.025,179.245,0.005,0.016,-0.006,0.018,4,weighted_average,kalman(weighted_average),false
1789029648.848,143.070,-1.258,0.829,2.022,179.148,-1.260,0.828,2.022,179.213,-0.002,-0.002,0.000,0.003,4,weighted_average,kalman(weighted_average),false
1789029648.942,143.164,-1.265,0.845,1.991,179.220,-1.265,0.845,1.997,179.225,0.001,-0.001,0.006,0.006,4,weighted_average,kalman(weighted_average),false
1789029649.001,143.223,-1.254,0.879,2.030,178.838,-1.258,0.871,2.016,178.992,-0.004,-0.007,-0.014,0.016,4,weighted_average,kalman(weighted_average),false
1789029649.046,143.268,-1.256,0.879,2.030,178.940,-1.256,0.882,2.026,178.932,-0.000,0.003,-0.005,0.005,4,weighted_average,kalman(weighted_average),false
1789029649.101,143.323,-1.268,0.869,2.029,179.374,-1.263,0.879,2.030,179.134,0.006,0.011,0.001,0.012,4,weighted_average,kalman(weighted_average),false
1789029649.144,143.366,-1.254,0.904,2.006,178.800,-1.258,0.896,2.018,178.978,-0.004,-0.008,0.012,0.015,4,weighted_average,kalman(weighted_average),false
1789029649.236,143.458,-1.259,0.925,2.005,178.786,-1.259,0.923,2.007,178.830,0.000,-0.002,0.002,0.003,4,weighted_average,kalman(weighted_average),false
1789029649.291,143.513,-1.261,0.941,2.000,178.730,-1.260,0.940,2.000,178.741,0.001,-0.001,0.000,0.001,4,weighted_average,kalman(weighted_average),false
1789029649.335,143.557,-1.260,0.943,2.002,178.778,-1.261,0.947,1.999,178.731,-0.000,0.004,-0.003,0.005,4,weighted_average,kalman(weighted_average),false
1789029649.393,143.615,-1.253,0.967,2.016,178.557,-1.256,0.965,2.008,178.608,-0.003,-0.002,-0.008,0.009,4,weighted_average,kalman(weighted_average),false
1789029649.439,143.661,-1.256,0.977,1.988,178.481,-1.255,0.977,1.997,178.510,0.001,0.000,0.009,0.009,4,weighted_average,kalman(weighted_average),false
1789029649.536,143.758,-1.267,0.983,1.990,178.731,-1.264,0.988,1.990,178.603,0.003,0.005,-0.000,0.006,4,weighted_average,kalman(weighted_average),false
1789029649.585,143.808,-1.256,1.008,2.019,178.456,-1.260,1.004,2.008,178.520,-0.004,-0.005,-0.011,0.013,4,weighted_average,kalman(weighted_average),false
1789029649.638,143.860,-1.268,1.011,1.981,178.531,-1.265,1.012,1.993,178.514,0.003,0.001,0.012,0.013,4,weighted_average,kalman(weighted_average),false
1789029649.690,143.912,-1.273,1.012,1.986,178.703,-1.271,1.016,1.988,178.607,0.002,0.004,0.001,0.005,4,weighted_average,kalman(weighted_average),false
1789029649.741,143.963,-1.264,1.019,2.020,178.652,-1.268,1.021,2.006,178.641,-0.004,0.002,-0.015,0.015,4,weighted_average,kalman(weighted_average),false
1789029649.836,144.058,-1.279,1.035,1.981,178.679,-1.277,1.034,1.990,178.682,0.002,-0.001,0.008,0.009,4,weighted_average,kalman(weighted_average),false
1789029649.887,144.109,-1.282,1.043,1.975,178.698,-1.281,1.043,1.978,178.701,0.000,-0.001,0.003,0.003,4,weighted_average,kalman(weighted_average),false
1789029649.939,144.162,-1.292,1.033,1.988,179.011,-1.290,1.039,1.981,178.883,0.002,0.007,-0.007,0.010,4,weighted_average,kalman(weighted_average),false
1789029649.986,144.208,-1.282,1.058,1.998,178.695,-1.288,1.052,1.990,178.820,-0.005,-0.007,-0.008,0.012,4,weighted_average,kalman(weighted_average),false
1789029650.044,144.266,-1.291,1.054,1.984,178.869,-1.291,1.056,1.987,178.862,0.000,0.002,0.003,0.004,4,weighted_average,kalman(weighted_average),false
1789029650.136,144.358,-1.299,1.071,1.976,178.828,-1.298,1.070,1.978,178.860,0.001,-0.001,0.003,0.003,4,weighted_average,kalman(weighted_average),false
1789029650.188,144.410,-1.306,1.071,1.950,178.973,-1.305,1.073,1.959,178.930,0.001,0.002,0.008,0.009,4,weighted_average,kalman(weighted_average),false
1789029650.236,144.458,-1.304,1.079,1.959,178.897,-1.306,1.079,1.955,178.927,-0.002,-0.000,-0.004,0.004,4,weighted_average,kalman(weighted_average),false
1789029650.286,144.508,-1.295,1.104,1.998,178.588,-1.301,1.096,1.978,178.759,-0.006,-0.008,-0.021,0.023,4,weighted_average,kalman(weighted_average),false
1789029650.336,144.558,-1.312,1.083,1.986,179.070,-1.307,1.093,1.985,178.897,0.005,0.010,-0.001,0.011,4,weighted_average,kalman(weighted_average),false
1789029650.434,144.656,-1.321,1.096,1.960,179.029,-1.319,1.097,1.968,178.997,0.002,0.001,0.009,0.009,4,weighted_average,kalman(weighted_average),false
1789029650.488,144.710,-1.313,1.117,1.975,178.749,-1.317,1.111,1.971,178.868,-0.004,-0.006,-0.004,0.008,4,weighted_average,kalman(weighted_average),false
1789029650.536,144.758,-1.323,1.114,1.942,178.884,-1.321,1.116,1.952,178.868,0.002,0.002,0.010,0.011,4,weighted_average,kalman(weighted_average),false
1789029650.585,144.807,-1.333,1.111,1.963,179.084,-1.329,1.116,1.955,178.975,0.003,0.004,-0.008,0.010,4,weighted_average,kalman(weighted_average),false
1789029650.641,144.863,-1.343,1.098,1.952,179.393,-1.340,1.106,1.952,179.213,0.003,0.008,-0.001,0.009,4,weighted_average,kalman(weighted_average),false
1789029650.732,144.955,-1.345,1.098,1.973,179.542,-1.347,1.099,1.966,179.493,-0.002,0.001,-0.007,0.007,4,weighted_average,kalman(weighted_average),false
1789029650.787,145.009,-1.330,1.156,1.897,178.565,-1.337,1.136,1.922,179.005,-0.007,-0.020,0.025,0.033,4,weighted_average,kalman(weighted_average),false
1789029650.838,145.061,-1.326,1.166,1.919,178.272,-1.330,1.160,1.914,178.561,-0.003,-0.006,-0.005,0.008,4,weighted_average,kalman(weighted_average),false
1789029650.883,145.105,-1.332,1.165,1.899,177.697,-1.329,1.170,1.901,178.028,0.003,0.005,0.001,0.005,4,weighted_average,kalman(weighted_average),false
1789029650.938,145.160,-1.335,1.154,1.965,177.585,-1.332,1.167,1.934,177.621,0.003,0.013,-0.031,0.034,4,weighted_average,kalman(weighted_average),false
1789029651.028,145.251,-1.333,1.175,1.896,176.486,-1.333,1.176,1.909,176.662,0.001,0.001,0.013,0.013,4,weighted_average,kalman(weighted_average),false
1789029651.078,145.300,-1.326,1.205,1.883,174.861,-1.328,1.197,1.889,175.440,-0.003,-0.009,0.006,0.011,4,weighted_average,kalman(weighted_average),false
1789029651.132,145.354,-1.328,1.201,1.915,174.591,-1.327,1.204,1.900,174.614,0.001,0.003,-0.015,0.015,4,weighted_average,kalman(weighted_average),false
1789029651.179,145.401,-1.321,1.209,1.907,173.622,-1.323,1.211,1.903,173.762,-0.002,0.002,-0.004,0.005,4,weighted_average,kalman(weighted_average),false
1789029651.234,145.456,-1.318,1.213,1.933,173.165,-1.319,1.216,1.921,173.033,-0.001,0.003,-0.011,0.012,4,weighted_average,kalman(weighted_average),false
1789029651.329,145.551,-1.323,1.214,1.925,171.942,-1.320,1.218,1.927,171.836,0.002,0.003,0.003,0.005,4,weighted_average,kalman(weighted_average),false
1789029651.380,145.602,-1.334,1.211,1.874,171.180,-1.329,1.214,1.894,171.167,0.004,0.003,0.020,0.020,4,weighted_average,kalman(weighted_average),false
1789029651.432,145.654,-1.328,1.208,1.918,170.777,-1.330,1.210,1.904,170.646,-0.002,0.002,-0.014,0.014,4,weighted_average,kalman(weighted_average),false
1789029651.484,145.706,-1.362,1.179,1.881,170.849,-1.351,1.190,1.889,170.459,0.011,0.011,0.008,0.017,4|13,weighted_average,kalman(weighted_average),false
1789029651.540,145.762,-1.339,1.202,1.915,169.676,-1.348,1.194,1.902,169.806,-0.009,-0.009,-0.013,0.018,4,weighted_average,kalman(weighted_average),false
1789029651.637,145.859,-1.365,1.185,1.917,169.198,-1.363,1.185,1.914,169.080,0.002,0.000,-0.003,0.003,4|13,weighted_average,kalman(weighted_average),false
1789029651.686,145.908,-1.363,1.190,1.898,168.281,-1.366,1.187,1.905,168.448,-0.002,-0.003,0.007,0.008,4|13,weighted_average,kalman(weighted_average),false
1789029651.746,145.968,-1.356,1.193,1.914,167.799,-1.362,1.190,1.911,167.822,-0.005,-0.003,-0.003,0.007,4|13,weighted_average,kalman(weighted_average),false
1789029651.787,146.009,-1.349,1.203,1.926,167.180,-1.354,1.198,1.920,167.293,-0.006,-0.005,-0.006,0.010,4|13,weighted_average,kalman(weighted_average),false
1789029651.844,146.067,-1.375,1.167,1.927,167.493,-1.366,1.180,1.927,167.106,0.009,0.013,-0.000,0.016,13,weighted_average,kalman(weighted_average),false
1789029651.942,146.164,-1.356,1.193,1.926,165.465,-1.360,1.187,1.928,165.747,-0.004,-0.005,0.003,0.007,4|13,weighted_average,kalman(weighted_average),false
1789029651.991,146.213,-1.372,1.180,1.878,164.992,-1.367,1.183,1.896,165.066,0.005,0.003,0.018,0.019,4|13,weighted_average,kalman(weighted_average),false
1789029652.050,146.273,-1.372,1.179,1.929,164.603,-1.371,1.180,1.912,164.478,0.001,0.001,-0.017,0.017,4|13,weighted_average,kalman(weighted_average),false
1789029652.096,146.319,-1.351,1.210,1.901,162.908,-1.360,1.197,1.906,163.403,-0.009,-0.012,0.005,0.016,4,weighted_average,kalman(weighted_average),false
1789029652.164,146.386,-1.344,1.208,1.959,162.502,-1.348,1.207,1.940,162.447,-0.004,-0.000,-0.019,0.019,4,weighted_average,kalman(weighted_average),false
1789029652.262,146.484,-1.393,1.156,1.915,162.648,-1.381,1.170,1.926,162.142,0.012,0.014,0.011,0.022,4|13,weighted_average,kalman(weighted_average),false
1789029652.311,146.533,-1.384,1.173,1.896,161.482,-1.387,1.167,1.905,161.614,-0.003,-0.006,0.009,0.012,4|13,weighted_average,kalman(weighted_average),false
1789029652.374,146.597,-1.392,1.173,1.901,160.682,-1.395,1.167,1.898,160.850,-0.002,-0.006,-0.003,0.007,4|13,weighted_average,kalman(weighted_average),false
1789029652.412,146.634,-1.376,1.185,1.878,159.712,-1.386,1.176,1.884,160.094,-0.011,-0.009,0.006,0.015,4,weighted_average,kalman(weighted_average),false
1789029652.463,146.685,-1.403,1.208,1.876,160.014,-1.397,1.195,1.874,159.737,0.006,-0.013,-0.002,0.014,5|13,weighted_average,kalman(weighted_average),false
1789029652.563,146.785,-1.399,1.188,1.892,158.489,-1.401,1.194,1.883,158.550,-0.002,0.006,-0.009,0.011,4|5|13,weighted_average,kalman(weighted_average),false
1789029652.610,146.832,-1.396,1.188,1.871,158.087,-1.399,1.190,1.876,158.051,-0.002,0.002,0.005,0.006,4|5|13,weighted_average,kalman(weighted_average),false
1789029652.665,146.887,-1.387,1.213,1.923,156.828,-1.392,1.204,1.905,157.100,-0.004,-0.009,-0.018,0.020,4|5,weighted_average,kalman(weighted_average),false
1789029652.713,146.936,-1.407,1.177,1.872,157.067,-1.400,1.190,1.889,156.770,0.007,0.013,0.018,0.023,4|5|13,weighted_average,kalman(weighted_average),false
1789029652.764,146.986,-1.392,1.171,1.925,155.785,-1.396,1.177,1.911,155.983,-0.004,0.006,-0.014,0.016,4|13,weighted_average,kalman(weighted_average),false
1789029652.862,147.084,-1.377,1.174,1.958,154.166,-1.382,1.171,1.951,154.353,-0.004,-0.002,-0.007,0.008,4,weighted_average,kalman(weighted_average),false
1789029652.914,147.136,-1.406,1.166,1.896,154.845,-1.396,1.166,1.921,154.311,0.011,0.001,0.025,0.027,4|5|13,weighted_average,kalman(weighted_average),false
1789029652.968,147.190,-1.394,1.162,1.933,153.612,-1.395,1.162,1.927,153.680,-0.002,-0.000,-0.005,0.005,4|13,weighted_average,kalman(weighted_average),false
1789029653.015,147.237,-1.390,1.210,1.902,153.010,-1.393,1.189,1.912,153.090,-0.003,-0.021,0.011,0.024,4|5,weighted_average,kalman(weighted_average),false
1789029653.071,147.293,-1.421,1.138,1.930,153.374,-1.410,1.162,1.921,152.949,0.011,0.023,-0.009,0.028,13,weighted_average,kalman(weighted_average),false
1789029653.168,147.390,-1.360,1.232,1.947,150.582,-1.375,1.213,1.942,151.104,-0.015,-0.019,-0.006,0.025,4|5,weighted_average,kalman(weighted_average),false
1789029653.217,147.439,-1.414,1.192,1.895,151.359,-1.396,1.206,1.915,150.932,0.019,0.014,0.019,0.030,5|13,weighted_average,kalman(weighted_average),false
1789029653.275,147.497,-1.383,1.195,1.928,150.128,-1.388,1.202,1.920,150.193,-0.005,0.007,-0.008,0.012,4|5|13,weighted_average,kalman(weighted_average),false
1789029653.317,147.539,-1.379,1.162,1.991,149.133,-1.382,1.180,1.961,149.407,-0.003,0.018,-0.030,0.035,4,weighted_average,kalman(weighted_average),false
1789029653.375,147.597,-1.374,1.224,1.947,148.586,-1.375,1.204,1.960,148.591,-0.001,-0.020,0.013,0.024,4|5,weighted_average,kalman(weighted_average),false
1789029653.474,147.696,-1.377,1.178,1.914,147.065,-1.374,1.187,1.927,147.112,0.003,0.008,0.014,0.016,4,weighted_average,kalman(weighted_average),false
1789029653.527,147.749,-1.419,1.189,1.905,148.053,-1.404,1.186,1.908,147.355,0.015,-0.003,0.003,0.016,5|13,weighted_average,kalman(weighted_average),false
1789029653.576,147.798,-1.393,1.189,1.951,146.920,-1.402,1.187,1.929,146.953,-0.009,-0.003,-0.022,0.024,4|5|13,weighted_average,kalman(weighted_average),false
1789029653.630,147.852,-1.378,1.217,1.923,145.729,-1.389,1.205,1.925,146.102,-0.012,-0.012,0.003,0.017,4|5,weighted_average,kalman(weighted_average),false
1789029653.679,147.901,-1.391,1.187,1.957,145.780,-1.390,1.197,1.943,145.681,0.001,0.010,-0.013,0.016,4|5|13,weighted_average,kalman(weighted_average),false
1789029653.776,147.998,-1.384,1.194,1.955,144.499,-1.385,1.195,1.956,144.567,-0.001,0.001,0.001,0.001,4|5|13,weighted_average,kalman(weighted_average),false
1789029653.829,148.051,-1.376,1.215,1.963,143.421,-1.379,1.208,1.963,143.651,-0.002,-0.007,-0.000,0.007,4|5,weighted_average,kalman(weighted_average),false
1789029653.877,148.099,-1.360,1.236,1.966,142.634,-1.366,1.227,1.967,142.809,-0.006,-0.009,0.001,0.010,4|5,weighted_average,kalman(weighted_average),false
1789029653.930,148.152,-1.372,1.173,1.999,142.175,-1.366,1.198,1.989,142.105,0.006,0.026,-0.010,0.028,4,weighted_average,kalman(weighted_average),false
1789029653.977,148.199,-1.394,1.180,1.978,142.581,-1.381,1.185,1.988,142.021,0.013,0.005,0.009,0.017,4|5|13,weighted_average,kalman(weighted_average),false
1789029654.081,148.303,-1.393,1.141,1.983,141.365,-1.392,1.146,1.987,141.239,0.001,0.005,0.004,0.007,4,weighted_average,kalman(weighted_average),false
1789029654.131,148.354,-1.408,1.174,1.967,141.003,-1.404,1.159,1.974,140.930,0.003,-0.015,0.007,0.017,4|5|13,weighted_average,kalman(weighted_average),false
1789029654.181,148.404,-1.384,1.203,1.964,140.066,-1.395,1.185,1.966,140.287,-0.011,-0.018,0.002,0.021,4|5,weighted_average,kalman(weighted_average),false
1789029654.234,148.456,-1.376,1.172,2.001,138.957,-1.383,1.180,1.985,139.343,-0.007,0.009,-0.016,0.020,4,weighted_average,kalman(weighted_average),false
1789029654.283,148.505,-1.405,1.180,1.966,139.399,-1.394,1.181,1.975,139.076,0.010,0.001,0.009,0.014,4|5|13,weighted_average,kalman(weighted_average),false
1789029654.384,148.607,-1.419,1.166,1.983,138.591,-1.414,1.171,1.981,138.420,0.005,0.004,-0.002,0.007,4|5|13,weighted_average,kalman(weighted_average),false
1789029654.436,148.658,-1.418,1.136,1.964,138.252,-1.420,1.146,1.970,138.161,-0.002,0.010,0.006,0.012,4|13,weighted_average,kalman(weighted_average),false
1789029654.481,148.704,-1.427,1.169,1.950,137.147,-1.427,1.155,1.957,137.483,0.000,-0.014,0.007,0.016,4|5|13,weighted_average,kalman(weighted_average),false
1789029654.534,148.757,-1.407,1.170,2.006,136.065,-1.418,1.163,1.983,136.497,-0.011,-0.007,-0.023,0.026,4|13,weighted_average,kalman(weighted_average),false
1789029654.579,148.801,-1.433,1.199,1.961,136.438,-1.426,1.184,1.973,136.182,0.006,-0.015,0.012,0.021,5|13,weighted_average,kalman(weighted_average),false
1789029654.681,148.903,-1.431,1.205,1.956,135.197,-1.432,1.205,1.960,135.154,-0.001,-0.000,0.004,0.004,5|13,weighted_average,kalman(weighted_average),false
1789029654.733,148.956,-1.451,1.194,1.931,134.767,-1.446,1.201,1.939,134.704,0.005,0.007,0.007,0.012,5|13,weighted_average,kalman(weighted_average),false
1789029654.783,149.005,-1.444,1.198,1.927,133.888,-1.448,1.201,1.927,134.041,-0.003,0.003,-0.000,0.004,5|13,weighted_average,kalman(weighted_average),false
1789029654.839,149.061,-1.447,1.201,1.943,133.494,-1.449,1.202,1.932,133.462,-0.002,0.001,-0.011,0.011,5|13,weighted_average,kalman(weighted_average),false
1789029654.885,149.107,-1.455,1.196,1.932,132.891,-1.454,1.199,1.930,132.928,0.001,0.003,-0.002,0.003,5|13,weighted_average,kalman(weighted_average),false
1789029654.982,149.205,-1.456,1.191,1.953,132.166,-1.458,1.192,1.946,132.063,-0.001,0.002,-0.007,0.007,5|13,weighted_average,kalman(weighted_average),false
1789029655.034,149.256,-1.445,1.197,1.953,131.178,-1.450,1.195,1.953,131.342,-0.005,-0.003,-0.000,0.006,5|13,weighted_average,kalman(weighted_average),false
1789029655.083,149.305,-1.434,1.195,1.957,130.678,-1.439,1.195,1.958,130.730,-0.005,-0.000,0.001,0.005,5|13,weighted_average,kalman(weighted_average),false
1789029655.136,149.358,-1.454,1.195,1.961,130.064,-1.446,1.195,1.962,130.090,0.008,-0.000,0.001,0.008,5|13,weighted_average,kalman(weighted_average),false
1789029655.183,149.405,-1.448,1.195,1.959,129.608,-1.447,1.195,1.962,129.572,0.001,-0.000,0.003,0.003,5|13,weighted_average,kalman(weighted_average),false
1789029655.281,149.504,-1.429,1.301,1.911,128.058,-1.433,1.277,1.925,128.181,-0.004,-0.025,0.013,0.028,5,weighted_average,kalman(weighted_average),false
1789029655.336,149.558,-1.445,1.197,1.966,127.644,-1.439,1.236,1.946,127.569,0.006,0.039,-0.019,0.043,5|13,weighted_average,kalman(weighted_average),false
1789029655.380,149.603,-1.453,1.187,1.945,127.468,-1.447,1.206,1.946,127.253,0.006,0.020,0.001,0.021,5|13,weighted_average,kalman(weighted_average),false
1789029655.434,149.656,-1.454,1.190,1.950,126.676,-1.453,1.191,1.948,126.676,0.001,0.001,-0.001,0.002,5|13,weighted_average,kalman(weighted_average),false
1789029655.481,149.703,-1.463,1.177,1.927,126.157,-1.460,1.178,1.936,126.161,0.003,0.000,0.009,0.010,5|13,weighted_average,kalman(weighted_average),false
1789029655.586,149.808,-1.453,1.182,1.946,125.163,-1.457,1.175,1.942,125.120,-0.004,-0.007,-0.004,0.009,5|13,weighted_average,kalman(weighted_average),false
1789029655.641,149.864,-1.455,1.186,1.952,124.311,-1.455,1.182,1.950,124.410,-0.000,-0.004,-0.003,0.005,5|13,weighted_average,kalman(weighted_average),false
1789029655.689,149.911,-1.469,1.114,1.981,124.328,-1.463,1.141,1.970,124.130,0.006,0.027,-0.011,0.030,13,weighted_average,kalman(weighted_average),false
1789029655.743,149.965,-1.443,1.293,1.961,122.731,-1.452,1.229,1.970,123.122,-0.009,-0.064,0.008,0.065,5,weighted_average,kalman(weighted_average),false
1789029655.791,150.014,-1.428,1.293,1.938,122.229,-1.436,1.279,1.953,122.357,-0.008,-0.014,0.015,0.022,5,weighted_average,kalman(weighted_average),false
1789029655.905,150.127,-1.456,1.304,1.914,121.231,-1.448,1.316,1.919,121.106,0.007,0.012,0.006,0.015,5,weighted_average,kalman(weighted_average),false
1789029655.952,150.175,-1.425,1.293,1.921,120.316,-1.435,1.306,1.915,120.412,-0.009,0.013,-0.005,0.017,5,weighted_average,kalman(weighted_average),false
1789029656.003,150.226,-1.446,1.298,1.910,119.738,-1.441,1.303,1.908,119.750,0.006,0.005,-0.002,0.008,5,weighted_average,kalman(weighted_average),false
1789029656.051,150.273,-1.450,1.298,1.919,119.357,-1.446,1.301,1.911,119.258,0.003,0.003,-0.008,0.009,5,weighted_average,kalman(weighted_average),false
1789029656.109,150.331,-1.451,1.299,1.886,118.671,-1.451,1.300,1.894,118.620,0.001,0.001,0.008,0.008,5,weighted_average,kalman(weighted_average),false
1789029656.213,150.435,-1.455,1.300,1.909,117.511,-1.456,1.300,1.902,117.484,-0.001,-0.000,-0.007,0.007,5,weighted_average,kalman(weighted_average),false
1789029656.260,150.483,-1.442,1.299,1.942,116.535,-1.447,1.299,1.929,116.710,-0.006,0.000,-0.013,0.014,5,weighted_average,kalman(weighted_average),false
1789029656.311,150.534,-1.452,1.295,1.924,116.297,-1.449,1.296,1.931,116.188,0.003,0.002,0.007,0.008,5,weighted_average,kalman(weighted_average),false
1789029656.366,150.588,-1.454,1.307,1.882,115.453,-1.452,1.303,1.904,115.491,0.002,-0.005,0.022,0.022,5,weighted_average,kalman(weighted_average),false
1789029656.411,150.633,-1.450,1.297,1.890,115.139,-1.451,1.300,1.893,115.042,-0.001,0.003,0.003,0.005,5,weighted_average,kalman(weighted_average),false
1789029656.511,150.733,-1.510,1.057,1.982,115.950,-1.497,1.112,1.957,115.279,0.013,0.055,-0.025,0.062,5|17,weighted_average,kalman(weighted_average),false
1789029656.562,150.784,-1.484,1.051,1.971,114.720,-1.495,1.044,1.976,114.915,-0.011,-0.007,0.004,0.014,5|17,weighted_average,kalman(weighted_average),false
1789029656.614,150.836,-1.423,1.058,1.974,113.496,-1.454,1.024,1.984,114.047,-0.031,-0.034,0.009,0.047,5|17,weighted_average,kalman(weighted_average),false
1789029656.664,150.886,-1.312,1.053,1.990,111.533,-1.363,1.022,1.994,112.514,-0.051,-0.031,0.004,0.060,5|17,weighted_average,kalman(weighted_average),false
1789029656.711,150.934,-1.177,1.067,1.866,108.655,-1.236,1.037,1.924,110.167,-0.059,-0.030,0.058,0.088,5|17,weighted_average,kalman(weighted_average),false
1789029656.816,151.038,-1.324,1.042,2.033,109.635,-1.268,1.036,2.000,108.913,0.056,-0.006,-0.033,0.065,5|17,weighted_average,kalman(weighted_average),false
1789029656.867,151.089,-1.331,1.021,1.996,109.770,-1.312,1.026,2.007,109.087,0.019,0.005,0.012,0.023,1|5|17,weighted_average,kalman(weighted_average),false
1789029656.914,151.136,-1.239,0.936,1.972,108.735,-1.276,0.969,1.993,108.702,-0.037,0.033,0.021,0.054,1|17,weighted_average,kalman(weighted_average),false
1789029656.972,151.194,-1.673,0.909,1.634,112.879,-1.276,0.969,1.993,110.793,0.397,0.060,0.358,0.538,17,weighted_average,kalman(weighted_average),true
1789029657.015,151.237,-1.375,0.937,1.940,109.358,-1.353,0.944,1.952,110.272,0.022,0.007,0.012,0.026,1|17,weighted_average,kalman(weighted_average),false
1789029657.119,151.341,-1.299,0.890,1.961,106.757,-1.321,0.897,1.953,107.961,-0.023,0.007,-0.008,0.025,17,weighted_average,kalman(weighted_average),false
1789029657.164,151.387,-1.493,0.932,1.586,107.925,-1.321,0.897,1.953,107.638,0.172,-0.036,0.367,0.407,17,weighted_average,kalman(weighted_average),true
1789029657.216,151.438,-1.104,0.854,2.095,102.502,-1.146,0.862,2.068,104.531,-0.043,0.008,-0.028,0.052,17,weighted_average,kalman(weighted_average),false
1789029657.270,151.492,-1.405,0.866,2.115,105.879,-1.291,0.860,2.114,104.515,0.114,-0.006,-0.001,0.115,17,weighted_average,kalman(weighted_average),false
1789029657.315,151.537,-1.297,0.936,1.999,104.545,-1.303,0.902,2.063,104.111,-0.005,-0.035,0.064,0.073,1|17,weighted_average,kalman(weighted_average),false
1789029657.416,151.639,-1.215,0.917,1.811,101.411,-1.243,0.919,1.868,101.765,-0.027,0.002,0.058,0.064,17,weighted_average,kalman(weighted_average),false
1789029657.462,151.685,-1.542,0.898,1.984,105.125,-1.243,0.919,1.868,103.263,0.300,0.021,-0.115,0.322,17,weighted_average,kalman(weighted_average),true
1789029657.512,151.734,-1.708,0.914,1.713,106.805,-1.243,0.919,1.868,105.099,0.465,0.005,0.155,0.490,17,weighted_average,kalman(weighted_average),true
1789029657.572,151.794,-1.795,0.889,1.905,107.266,-1.737,0.892,1.901,106.601,0.057,0.003,-0.004,0.058,17,weighted_average,kalman(weighted_average),false
1789029657.613,151.835,-1.616,0.902,1.970,104.443,-1.709,0.896,1.946,105.867,-0.093,-0.006,-0.024,0.096,17,weighted_average,kalman(weighted_average),false
1789029657.711,151.933,-1.361,0.908,2.097,99.738,-1.709,0.896,1.946,102.011,-0.348,-0.012,-0.151,0.380,17,weighted_average,kalman(weighted_average),true
1789029657.765,151.987,-1.313,1.136,1.973,98.353,-1.359,1.108,1.970,99.290,-0.047,-0.028,-0.003,0.055,14|17,weighted_average,kalman(weighted_average),false
1789029657.812,152.035,-1.286,1.155,1.922,97.649,-1.272,1.163,1.942,97.645,0.014,0.007,0.020,0.025,14|17,weighted_average,kalman(weighted_average),false
1789029657.865,152.087,-1.274,1.159,1.955,96.585,-1.229,1.188,1.948,96.225,0.045,0.028,-0.008,0.054,14|17,weighted_average,kalman(weighted_average),false
1789029657.915,152.137,-1.245,1.165,1.938,95.766,-1.208,1.193,1.941,95.226,0.037,0.028,0.004,0.047,14|17,weighted_average,kalman(weighted_average),false
1789029658.015,152.237,-1.276,1.180,1.975,95.039,-1.238,1.196,1.966,94.204,0.039,0.015,-0.009,0.043,14|17,weighted_average,kalman(weighted_average),false
1789029658.064,152.286,-1.284,1.194,1.968,94.538,-1.270,1.197,1.971,94.077,0.014,0.002,0.003,0.015,14|17,weighted_average,kalman(weighted_average),false
1789029658.113,152.336,-1.342,1.203,1.925,94.891,-1.321,1.202,1.945,94.271,0.021,-0.001,0.020,0.029,14|17,weighted_average,kalman(weighted_average),false
1789029658.166,152.389,-1.370,1.212,1.915,94.700,-1.364,1.210,1.924,94.361,0.006,-0.002,0.009,0.011,14|17,weighted_average,kalman(weighted_average),false
1789029658.220,152.443,-1.229,1.205,1.954,92.399,-1.296,1.209,1.937,93.236,-0.067,0.004,-0.017,0.069,14|17,weighted_average,kalman(weighted_average),false
1789029658.318,152.540,-1.328,1.214,1.981,93.226,-1.316,1.214,1.970,92.924,0.012,-0.000,-0.010,0.016,14|17,weighted_average,kalman(weighted_average),false
1789029658.371,152.593,-1.339,1.228,1.938,93.033,-1.334,1.224,1.953,92.875,0.006,-0.003,0.016,0.017,14|17,weighted_average,kalman(weighted_average),false
1789029658.420,152.643,-1.339,1.228,1.938,93.033,-1.342,1.228,1.944,92.879,-0.002,0.001,0.006,0.007,14|17,weighted_average,kalman(weighted_average),false
1789029658.467,152.689,-1.319,1.242,1.936,92.413,-1.332,1.238,1.937,92.586,-0.013,-0.004,0.001,0.014,14|17,weighted_average,kalman(weighted_average),false
1789029658.517,152.739,-1.333,1.252,1.873,92.225,-1.334,1.249,1.897,92.313,-0.000,-0.003,0.025,0.025,14|17,weighted_average,kalman(weighted_average),false
1789029658.617,152.839,-1.260,1.232,1.994,90.958,-1.278,1.240,1.962,91.258,-0.017,0.008,-0.031,0.037,14|17,weighted_average,kalman(weighted_average),false
1789029658.671,152.893,-1.326,1.253,1.960,91.991,-1.302,1.248,1.970,91.506,0.024,-0.005,0.010,0.027,14|17,weighted_average,kalman(weighted_average),false
1789029658.717,152.940,-1.345,1.267,1.825,92.139,-1.327,1.261,1.888,91.769,0.018,-0.007,0.063,0.065,14|17,weighted_average,kalman(weighted_average),false
1789029658.772,152.994,-1.392,1.042,1.953,92.330,-1.372,1.128,1.917,92.058,0.021,0.086,-0.036,0.096,17,weighted_average,kalman(weighted_average),false
1789029658.822,153.044,-1.340,1.283,1.836,92.190,-1.362,1.200,1.868,92.167,-0.023,-0.083,0.032,0.092,14|17,weighted_average,kalman(weighted_average),false
1789029658.924,153.146,-1.338,1.275,1.937,92.170,-1.348,1.259,1.912,92.229,-0.010,-0.016,-0.025,0.031,14|17,weighted_average,kalman(weighted_average),false
1789029658.974,153.196,-1.322,1.289,1.839,91.823,-1.329,1.287,1.870,92.012,-0.007,-0.002,0.031,0.032,14|17,weighted_average,kalman(weighted_average),false
1789029659.020,153.243,-1.295,1.287,1.920,91.663,-1.304,1.297,1.897,91.805,-0.010,0.010,-0.023,0.027,14|17,weighted_average,kalman(weighted_average),false
1789029659.075,153.297,-1.291,1.283,1.940,91.580,-1.289,1.296,1.926,91.631,0.002,0.014,-0.014,0.020,14|17,weighted_average,kalman(weighted_average),false
1789029659.121,153.343,-1.326,1.304,1.833,92.211,-1.305,1.305,1.878,91.869,0.022,0.001,0.045,0.050,14|17,weighted_average,kalman(weighted_average),false
1789029659.228,153.450,-1.286,1.303,1.891,91.782,-1.289,1.308,1.883,91.807,-0.003,0.005,-0.008,0.010,14|17,weighted_average,kalman(weighted_average),false
1789029659.276,153.499,-1.320,1.303,1.889,92.269,-1.307,1.305,1.888,92.069,0.013,0.002,-0.002,0.013,14|17,weighted_average,kalman(weighted_average),false
1789029659.323,153.545,-1.294,1.308,1.860,91.960,-1.301,1.307,1.872,92.045,-0.007,-0.001,0.012,0.014,14|17,weighted_average,kalman(weighted_average),false
1789029659.381,153.603,-1.276,1.302,1.904,91.848,-1.285,1.304,1.890,91.960,-0.009,0.002,-0.014,0.017,14|17,weighted_average,kalman(weighted_average),false
1789029659.424,153.646,-1.301,1.307,1.898,92.326,-1.292,1.306,1.896,92.143,0.009,-0.002,-0.002,0.010,14|17,weighted_average,kalman(weighted_average),false
1789029659.526,153.748,-1.215,1.319,1.798,91.377,-1.232,1.316,1.823,91.664,-0.016,-0.003,0.025,0.030,14|17,weighted_average,kalman(weighted_average),false
1789029659.574,153.796,-1.269,1.308,1.896,92.124,-1.248,1.313,1.860,91.868,0.022,0.004,-0.036,0.043,14|17,weighted_average,kalman(weighted_average),false
1789029659.629,153.852,-1.316,1.090,1.875,92.251,-1.288,1.171,1.869,92.071,0.028,0.081,-0.006,0.085,17,weighted_average,kalman(weighted_average),false
1789029659.675,153.897,-1.211,1.312,1.878,91.562,-1.248,1.231,1.875,91.830,-0.036,-0.081,-0.002,0.088,14|17,weighted_average,kalman(weighted_average),false
1789029659.729,153.951,-1.552,1.091,1.776,95.553,-1.248,1.231,1.875,93.766,0.304,0.140,0.099,0.349,17,weighted_average,kalman(weighted_average),true
1789029659.826,154.048,-1.175,1.313,1.896,91.694,-1.185,1.302,1.893,92.783,-0.010,-0.011,-0.003,0.015,14|17,weighted_average,kalman(weighted_average),false
1789029659.880,154.102,-1.147,1.307,1.903,91.304,-1.152,1.314,1.902,91.845,-0.005,0.007,-0.001,0.009,14|17,weighted_average,kalman(weighted_average),false
1789029659.932,154.155,-1.111,1.299,1.917,90.951,-1.116,1.311,1.914,91.153,-0.005,0.012,-0.003,0.013,14|17,weighted_average,kalman(weighted_average),false
1789029659.977,154.199,-1.078,1.303,1.873,90.670,-1.083,1.310,1.894,90.687,-0.005,0.006,0.020,0.022,14|17,weighted_average,kalman(weighted_average),false
1789029660.071,154.294,-1.190,1.311,1.881,92.206,-1.150,1.312,1.882,91.361,0.041,0.002,0.001,0.041,14|17,weighted_average,kalman(weighted_average),false
1789029660.173,154.396,-0.932,1.033,2.050,88.448,-0.979,1.084,2.017,89.252,-0.048,0.051,-0.032,0.077,17,weighted_average,kalman(weighted_average),false
1789029660.226,154.448,-1.109,1.305,1.903,91.729,-0.979,1.084,2.017,90.470,0.130,-0.221,0.114,0.280,14|17,weighted_average,kalman(weighted_average),true
1789029660.275,154.497,-1.204,1.308,1.846,92.972,-1.163,1.268,1.877,91.844,0.041,-0.041,0.031,0.065,14|17,weighted_average,kalman(weighted_average),false
1789029660.331,154.553,-1.143,1.314,1.848,92.314,-1.175,1.323,1.839,92.344,-0.032,0.009,-0.009,0.034,14|17,weighted_average,kalman(weighted_average),false
1789029660.376,154.598,-1.111,1.307,1.894,92.038,-1.153,1.335,1.855,92.392,-0.042,0.029,-0.039,0.064,14|17,weighted_average,kalman(weighted_average),false
1789029660.476,154.698,-1.175,1.312,1.738,93.152,-1.177,1.336,1.755,93.123,-0.002,0.024,0.018,0.030,14|17,weighted_average,kalman(weighted_average),false
1789029660.535,154.758,-1.087,1.266,1.886,92.076,-1.119,1.290,1.830,92.644,-0.032,0.023,-0.057,0.069,1|14|17,weighted_average,kalman(weighted_average),false
1789029660.582,154.804,-1.104,1.270,1.895,92.434,-1.103,1.271,1.873,92.546,0.001,0.001,-0.021,0.021,1|14|17,weighted_average,kalman(weighted_average),false
1789029660.630,154.852,-1.072,1.293,1.936,91.940,-1.077,1.277,1.920,92.227,-0.006,-0.016,-0.015,0.023,14|17,weighted_average,kalman(weighted_average),false
1789029660.691,154.914,-1.067,1.300,1.910,91.903,-1.061,1.288,1.929,91.983,0.006,-0.012,0.020,0.023,14|17,weighted_average,kalman(weighted_average),false
1789029660.797,155.019,-1.003,1.291,1.925,91.197,-1.007,1.291,1.934,91.333,-0.004,-0.000,0.009,0.010,14|17,weighted_average,kalman(weighted_average),false
1789029660.846,155.068,-1.012,1.068,1.968,90.784,-1.002,1.144,1.958,90.902,0.010,0.076,-0.010,0.077,17,weighted_average,kalman(weighted_average),false
1789029660.910,155.132,-0.984,1.288,1.957,91.082,-0.983,1.215,1.962,90.841,0.001,-0.073,0.006,0.073,14|17,weighted_average,kalman(weighted_average),false
1789029660.948,155.170,-1.032,1.295,1.937,91.779,-1.006,1.262,1.950,91.242,0.026,-0.033,0.013,0.044,14|17,weighted_average,kalman(weighted_average),false
1789029661.003,155.225,-1.007,1.265,1.934,91.808,-1.007,1.274,1.940,91.538,0.001,0.008,0.006,0.011,1|14|17,weighted_average,kalman(weighted_average),false
1789029661.104,155.327,-0.955,1.294,1.935,91.055,-0.967,1.297,1.934,91.271,-0.011,0.003,-0.001,0.012,14|17,weighted_average,kalman(weighted_average),false
1789029661.151,155.374,-0.984,1.298,1.966,91.652,-0.972,1.302,1.953,91.465,0.012,0.004,-0.012,0.017,14|17,weighted_average,kalman(weighted_average),false
1789029661.215,155.437,-0.956,1.288,1.982,91.304,-0.958,1.296,1.975,91.384,-0.002,0.008,-0.007,0.011,14|17,weighted_average,kalman(weighted_average),false
1789029661.254,155.476,-0.944,1.265,1.944,91.366,-0.947,1.279,1.962,91.370,-0.003,0.014,0.017,0.023,1|14|17,weighted_average,kalman(weighted_average),false
1789029661.305,155.527,-0.895,1.293,1.941,90.584,-0.912,1.284,1.950,90.959,-0.016,-0.009,0.010,0.021,14|17,weighted_average,kalman(weighted_average),false
1789029661.399,155.622,-0.960,1.305,1.959,91.591,-0.938,1.299,1.955,91.277,0.022,-0.005,-0.004,0.023,14|17,weighted_average,kalman(weighted_average),false
1789029661.455,155.677,-0.921,1.306,1.938,91.164,-0.929,1.306,1.944,91.236,-0.008,-0.000,0.006,0.010,14|17,weighted_average,kalman(weighted_average),false
1789029661.505,155.728,-0.950,1.316,1.938,91.736,-0.942,1.315,1.939,91.521,0.008,-0.001,0.001,0.008,14|17,weighted_average,kalman(weighted_average),false
1789029661.564,155.787,-1.493,1.115,1.117,97.943,-0.942,1.315,1.939,95.168,0.551,0.200,0.821,1.009,17,weighted_average,kalman(weighted_average),true
1789029661.678,155.901,-0.843,1.108,1.760,89.866,-0.853,1.128,1.778,92.094,-0.010,0.020,0.018,0.029,17,weighted_average,kalman(weighted_average),false
1789029661.760,155.983,-0.949,1.156,1.954,92.098,-0.918,1.128,1.896,91.714,0.032,-0.028,-0.058,0.071,1|17,weighted_average,kalman(weighted_average),false
1789029661.795,156.018,-0.947,1.121,1.865,91.473,-0.940,1.119,1.887,91.431,0.006,-0.003,0.023,0.024,17,weighted_average,kalman(weighted_average),false
1789029661.843,156.065,-1.209,1.136,2.021,95.059,-1.109,1.122,1.974,93.103,0.100,-0.013,-0.047,0.111,17,weighted_average,kalman(weighted_average),false
1789029661.941,156.164,-0.985,1.177,1.994,92.980,-1.053,1.161,2.012,93.212,-0.067,-0.016,0.018,0.072,1|17,weighted_average,kalman(weighted_average),false
1789029661.995,156.218,-0.933,1.159,1.787,91.793,-0.969,1.165,1.869,92.423,-0.036,0.006,0.082,0.090,17,weighted_average,kalman(weighted_average),false
1789029662.049,156.272,-0.794,1.086,2.117,90.085,-0.969,1.165,1.869,91.012,-0.175,0.079,-0.248,0.314,17,weighted_average,kalman(weighted_average),true
1789029662.096,156.319,-0.924,1.155,1.948,91.946,-0.933,1.157,1.931,91.225,-0.010,0.002,-0.017,0.019,17,weighted_average,kalman(weighted_average),false
1789029662.149,156.372,-0.737,1.119,1.997,89.681,-0.803,1.132,1.982,90.241,-0.066,0.013,-0.015,0.068,17,weighted_average,kalman(weighted_average),false
1789029662.244,156.467,-0.930,1.226,1.940,93.109,-0.873,1.198,1.965,91.797,0.057,-0.028,0.025,0.068,1|17,weighted_average,kalman(weighted_average),false
1789029662.313,156.535,-0.702,1.262,1.833,90.608,-0.756,1.254,1.869,91.213,-0.055,-0.008,0.036,0.066,1,weighted_average,kalman(weighted_average),false
1789029662.350,156.572,-0.698,1.266,1.838,90.782,-0.709,1.272,1.838,90.983,-0.011,0.006,-0.000,0.013,1,weighted_average,kalman(weighted_average),false
1789029662.405,156.628,-1.194,1.236,1.499,96.716,-0.709,1.272,1.838,94.006,0.485,0.036,0.339,0.593,1|17,weighted_average,kalman(weighted_average),true
1789029662.457,156.680,-0.805,1.423,1.933,91.191,-0.785,1.391,1.913,93.012,0.021,-0.033,-0.020,0.044,11|17,weighted_average,kalman(weighted_average),false
1789029662.556,156.779,-0.709,1.192,2.053,90.464,-0.737,1.252,2.035,91.466,-0.027,0.060,-0.018,0.069,17,weighted_average,kalman(weighted_average),false
1789029662.619,156.842,-0.672,1.208,1.938,90.079,-0.686,1.203,1.987,90.388,-0.014,-0.005,0.049,0.051,17,weighted_average,kalman(weighted_average),false
1789029662.656,156.878,-0.627,1.467,1.831,89.623,-0.686,1.203,1.987,89.771,-0.059,-0.264,0.156,0.312,11|17,weighted_average,kalman(weighted_average),true
1789029662.711,156.933,-0.616,1.460,1.918,89.599,-0.632,1.401,1.934,89.328,-0.016,-0.059,0.016,0.063,11|17,weighted_average,kalman(weighted_average),false
1789029662.765,156.987,-0.946,1.470,1.680,93.723,-0.632,1.401,1.934,91.392,0.314,-0.069,0.254,0.409,11|17,weighted_average,kalman(weighted_average),true
1789029662.878,157.101,-0.545,1.575,1.918,89.083,-0.554,1.557,1.919,89.949,-0.009,-0.018,0.002,0.020,11,weighted_average,kalman(weighted_average),false
1789029662.936,157.159,-0.609,1.325,1.966,90.666,-0.584,1.412,1.950,90.213,0.025,0.087,-0.015,0.092,1|17,weighted_average,kalman(weighted_average),false
1789029662.989,157.211,-0.643,1.240,2.197,90.594,-0.622,1.286,2.115,90.359,0.020,0.046,-0.082,0.096,17,weighted_average,kalman(weighted_average),false
1789029663.038,157.260,-1.055,1.380,1.562,96.316,-0.622,1.286,2.115,93.523,0.433,-0.095,0.553,0.708,1|17,weighted_average,kalman(weighted_average),true
1789029663.135,157.358,-0.501,1.265,2.054,89.026,-0.516,1.268,2.061,91.150,-0.015,0.003,0.008,0.017,17,weighted_average,kalman(weighted_average),false
1789029663.213,157.436,-0.564,1.293,2.099,89.910,-0.539,1.285,2.083,90.070,0.025,-0.009,-0.016,0.031,17,weighted_average,kalman(weighted_average),false
1789029663.257,157.479,-0.503,1.313,1.912,89.194,-0.516,1.304,1.978,89.356,-0.013,-0.009,0.065,0.067,17,weighted_average,kalman(weighted_average),false
1789029663.308,157.530,-0.499,1.298,2.072,89.209,-0.500,1.305,2.018,88.961,-0.002,0.007,-0.054,0.055,17,weighted_average,kalman(weighted_average),false
1789029663.407,157.629,-0.479,1.312,2.070,89.088,-0.478,1.314,2.056,88.696,0.001,0.001,-0.014,0.015,17,weighted_average,kalman(weighted_average),false
1789029663.457,157.679,-2.058,1.393,1.000,108.167,-0.478,1.314,2.056,99.971,1.580,-0.080,1.056,1.901,17,weighted_average,kalman(weighted_average),true
1789029663.508,157.731,-1.112,1.439,1.554,97.384,-0.478,1.314,2.056,100.310,0.634,-0.125,0.502,0.818,1|17,weighted_average,kalman(weighted_average),true
1789029663.567,157.789,-0.649,1.361,2.144,91.333,-0.632,1.356,2.136,96.614,0.017,-0.005,-0.009,0.020,17,weighted_average,kalman(weighted_average),false
1789029663.611,157.833,-0.641,1.371,2.083,91.237,-0.652,1.369,2.110,93.961,-0.011,-0.002,0.028,0.030,17,weighted_average,kalman(weighted_average),false
1789029663.710,157.932,-1.050,1.485,1.605,96.701,-0.652,1.369,2.110,95.300,0.397,-0.116,0.505,0.653,1|17,weighted_average,kalman(weighted_average),true
1789029663.768,157.991,-0.552,1.397,1.986,89.987,-0.563,1.394,2.000,92.167,-0.011,-0.003,0.014,0.018,17,weighted_average,kalman(weighted_average),false
1789029663.815,158.038,-0.864,1.521,1.853,93.986,-0.563,1.394,2.000,92.745,0.301,-0.127,0.146,0.358,1|17,weighted_average,kalman(weighted_average),true
1789029663.869,158.091,-1.008,1.651,1.690,94.605,-0.563,1.394,2.000,93.529,0.445,-0.258,0.309,0.600,11|17,weighted_average,kalman(weighted_average),true
1789029663.912,158.135,-0.596,1.404,2.077,89.392,-0.592,1.402,2.067,91.458,0.004,-0.001,-0.010,0.011,17,weighted_average,kalman(weighted_average),false
1789029664.013,158.235,-2.145,1.428,0.994,107.499,-0.592,1.402,2.067,101.759,1.553,-0.025,1.073,1.888,17,weighted_average,kalman(weighted_average),true
1789029664.070,158.292,-0.683,1.453,2.048,90.064,-0.674,1.448,2.050,96.211,0.010,-0.005,0.002,0.011,17,weighted_average,kalman(weighted_average),false
1789029664.112,158.335,-1.132,1.501,1.559,95.941,-0.674,1.448,2.050,96.098,0.459,-0.053,0.491,0.674,1|17,weighted_average,kalman(weighted_average),true
1789029664.166,158.388,-0.459,1.783,1.943,87.330,-0.504,1.712,1.966,91.443,-0.046,-0.071,0.023,0.088,11,weighted_average,kalman(weighted_average),false
1789029664.214,158.437,-0.526,1.683,1.992,88.126,-0.496,1.727,1.971,88.966,0.030,0.044,-0.020,0.057,11|17,weighted_average,kalman(weighted_average),false
1789029664.317,158.539,-0.543,1.706,1.962,88.218,-0.516,1.738,1.957,87.197,0.027,0.032,-0.005,0.042,11|17,weighted_average,kalman(weighted_average),false
1789029664.373,158.596,-0.530,1.698,2.004,87.719,-0.527,1.715,1.987,86.993,0.003,0.017,-0.018,0.025,11|17,weighted_average,kalman(weighted_average),false
1789029664.418,158.640,-0.482,1.707,2.023,87.040,-0.502,1.709,2.012,86.698,-0.020,0.002,-0.011,0.023,11|17,weighted_average,kalman(weighted_average),false
1789029664.467,158.689,-0.886,1.726,1.685,91.664,-0.502,1.709,2.012,88.979,0.384,-0.017,0.327,0.504,11|17,weighted_average,kalman(weighted_average),true
1789029664.520,158.742,-0.557,1.707,2.029,87.833,-0.544,1.707,2.025,88.574,0.012,0.000,-0.004,0.013,11|17,weighted_average,kalman(weighted_average),false
1789029664.625,158.847,-0.433,1.700,1.911,86.301,-0.461,1.701,1.936,87.060,-0.029,0.001,0.025,0.038,11|17,weighted_average,kalman(weighted_average),false
1789029664.676,158.899,-0.472,1.700,2.000,86.764,-0.458,1.700,1.966,86.675,0.014,-0.001,-0.034,0.037,11|17,weighted_average,kalman(weighted_average),false
1789029664.723,158.946,-0.859,1.731,1.686,91.285,-0.458,1.700,1.966,88.965,0.401,-0.032,0.280,0.491,11|17,weighted_average,kalman(weighted_average),true
1789029664.774,158.996,-0.933,1.711,1.661,92.158,-0.458,1.700,1.966,90.899,0.475,-0.011,0.305,0.565,11|17,weighted_average,kalman(weighted_average),true
1789029664.827,159.049,-0.715,1.469,2.215,89.686,-0.684,1.497,2.184,90.762,0.032,0.028,-0.030,0.052,17,weighted_average,kalman(weighted_average),false
1789029664.933,159.155,-0.465,1.798,1.934,86.639,-0.684,1.497,2.184,88.253,-0.219,-0.301,0.250,0.448,11,weighted_average,kalman(weighted_average),true
1789029664.978,159.201,-0.548,1.439,2.056,87.619,-0.563,1.446,2.070,87.610,-0.015,0.006,0.014,0.022,17,weighted_average,kalman(weighted_average),false
1789029665.034,159.257,-0.468,1.689,1.914,86.660,-0.485,1.604,1.951,86.721,-0.016,-0.085,0.037,0.094,11|17,weighted_average,kalman(weighted_average),false
1789029665.081,159.303,-0.473,1.680,1.869,86.701,-0.458,1.669,1.877,86.379,0.015,-0.011,0.007,0.020,11|17,weighted_average,kalman(weighted_average),false
1789029665.135,159.357,-0.471,1.779,1.924,86.684,-0.448,1.762,1.875,86.225,0.023,-0.017,-0.048,0.056,11,weighted_average,kalman(weighted_average),false
1789029665.240,159.463,-0.571,1.682,1.948,87.869,-0.535,1.729,1.916,87.093,0.036,0.047,-0.031,0.067,11|17,weighted_average,kalman(weighted_average),false
1789029665.285,159.508,-0.966,1.664,1.650,92.488,-0.535,1.729,1.916,90.255,0.431,0.065,0.266,0.511,11|17,weighted_average,kalman(weighted_average),true
1789029665.339,159.562,-0.466,1.642,1.920,86.524,-0.479,1.658,1.920,88.778,-0.013,0.017,-0.001,0.021,11|17,weighted_average,kalman(weighted_average),false
1789029665.387,159.610,-0.537,1.647,1.957,87.407,-0.508,1.642,1.944,88.169,0.029,-0.005,-0.014,0.032,11|17,weighted_average,kalman(weighted_average),false
1789029665.441,159.664,-0.550,1.639,1.988,87.530,-0.533,1.631,1.975,87.803,0.017,-0.008,-0.013,0.023,11|17,weighted_average,kalman(weighted_average),false
1789029665.562,159.785,-0.564,1.620,2.003,87.628,-0.563,1.615,2.006,87.573,0.001,-0.005,0.003,0.006,11|17,weighted_average,kalman(weighted_average),false
1789029665.605,159.828,-0.521,1.623,1.925,87.073,-0.540,1.618,1.957,87.244,-0.019,-0.005,0.033,0.038,11|17,weighted_average,kalman(weighted_average),false
1789029665.659,159.881,-0.550,1.621,1.939,87.436,-0.545,1.619,1.940,87.263,0.005,-0.002,0.001,0.005,11|17,weighted_average,kalman(weighted_average),false
1789029665.707,159.930,-1.135,1.443,1.531,95.052,-0.545,1.619,1.940,91.356,0.590,0.175,0.409,0.739,1|17,weighted_average,kalman(weighted_average),true
1789029665.758,159.980,-0.605,1.610,1.996,88.066,-0.591,1.612,1.984,90.304,0.013,0.002,-0.013,0.019,11|17,weighted_average,kalman(weighted_average),false
1789029665.869,160.091,-0.754,1.419,1.777,89.908,-0.730,1.453,1.821,90.357,0.023,0.034,0.044,0.061,17,weighted_average,kalman(weighted_average),false
1789029665.916,160.138,-0.793,1.351,2.160,90.355,-0.730,1.453,1.821,90.408,0.062,0.102,-0.339,0.359,17,weighted_average,kalman(weighted_average),true
1789029665.969,160.192,-0.687,1.337,2.137,89.023,-0.695,1.358,2.079,89.681,-0.008,0.021,-0.058,0.062,17,weighted_average,kalman(weighted_average),false
1789029666.017,160.240,-0.618,1.341,1.982,88.137,-0.642,1.335,2.050,88.776,-0.024,-0.006,0.069,0.073,17,weighted_average,kalman(weighted_average),false
1789029666.073,160.295,-0.668,1.310,2.163,88.734,-0.646,1.307,2.139,88.525,0.022,-0.003,-0.024,0.033,17,weighted_average,kalman(weighted_average),false
1789029666.179,160.402,-0.549,1.284,2.103,87.189,-0.562,1.276,2.137,87.355,-0.014,-0.007,0.034,0.037,17,weighted_average,kalman(weighted_average),false
1789029666.236,160.459,-0.669,1.312,2.090,88.699,-0.623,1.296,2.106,87.963,0.046,-0.016,0.016,0.051,17,weighted_average,kalman(weighted_average),false
1789029666.281,160.504,-0.585,1.361,1.972,88.253,-0.603,1.336,2.020,88.085,-0.018,-0.026,0.048,0.058,1|17,weighted_average,kalman(weighted_average),false
1789029666.334,160.556,-0.639,1.295,2.089,88.298,-0.623,1.319,2.044,88.192,0.016,0.023,-0.045,0.053,17,weighted_average,kalman(weighted_average),false
1789029666.386,160.609,-0.750,1.346,1.960,89.720,-0.703,1.336,1.987,89.015,0.047,-0.010,0.027,0.055,17,weighted_average,kalman(weighted_average),false
1789029666.487,160.709,-0.709,1.304,2.082,89.174,-0.725,1.315,2.047,89.319,-0.016,0.011,-0.035,0.040,17,weighted_average,kalman(weighted_average),false
1789029666.537,160.760,-0.620,1.347,2.007,88.686,-0.661,1.333,2.028,89.030,-0.041,-0.014,0.021,0.048,1|17,weighted_average,kalman(weighted_average),false
1789029666.594,160.816,-0.823,1.491,1.749,90.682,-0.661,1.333,2.028,89.984,0.162,-0.158,0.279,0.359,1|11|17,weighted_average,kalman(weighted_average),true
1789029666.641,160.863,-1.052,1.383,1.590,93.892,-0.661,1.333,2.028,92.200,0.391,-0.050,0.438,0.589,1|17,weighted_average,kalman(weighted_average),true
1789029666.693,160.916,-0.617,1.342,2.003,88.564,-0.622,1.341,2.006,90.793,-0.005,-0.001,0.003,0.006,1|17,weighted_average,kalman(weighted_average),false
1789029666.798,161.020,-0.771,1.339,2.001,89.932,-0.737,1.341,2.000,90.293,0.034,0.001,-0.002,0.034,17,weighted_average,kalman(weighted_average),false
1789029666.845,161.068,-0.648,1.302,2.037,88.349,-0.693,1.315,2.023,89.113,-0.045,0.014,-0.014,0.050,17,weighted_average,kalman(weighted_average),false
1789029666.899,161.122,-0.807,1.312,2.155,90.350,-0.769,1.309,2.111,89.562,0.039,-0.003,-0.044,0.059,17,weighted_average,kalman(weighted_average),false
1789029666.948,161.170,-0.634,1.354,2.010,88.780,-0.701,1.333,2.067,89.078,-0.067,-0.021,0.056,0.090,1|17,weighted_average,kalman(weighted_average),false
1789029667.007,161.229,-0.563,1.339,2.012,87.874,-0.610,1.339,2.034,88.271,-0.046,0.001,0.022,0.052,1|17,weighted_average,kalman(weighted_average),false
1789029667.105,161.327,-0.602,1.351,2.028,88.373,-0.585,1.351,2.024,88.067,0.017,-0.000,-0.004,0.018,1|17,weighted_average,kalman(weighted_average),false
1789029667.156,161.378,-0.725,1.334,1.988,89.300,-0.671,1.342,1.998,88.702,0.054,0.008,0.010,0.055,17,weighted_average,kalman(weighted_average),false
1789029667.211,161.433,-0.684,1.322,2.026,88.771,-0.691,1.329,2.010,88.783,-0.007,0.007,-0.016,0.019,17,weighted_average,kalman(weighted_average),false
1789029667.259,161.482,-0.567,1.273,2.154,87.282,-0.625,1.293,2.096,88.026,-0.058,0.020,-0.058,0.084,17,weighted_average,kalman(weighted_average),false
1789029667.307,161.529,-0.730,1.309,2.205,89.366,-0.680,1.295,2.174,88.611,0.050,-0.014,-0.031,0.060,17,weighted_average,kalman(weighted_average),false
1789029667.407,161.630,-0.578,1.277,2.205,87.434,-0.608,1.277,2.223,87.857,-0.030,-0.001,0.018,0.035,17,weighted_average,kalman(weighted_average),false
1789029667.456,161.678,-0.536,1.558,2.012,86.926,-0.608,1.277,2.223,87.217,-0.072,-0.282,0.211,0.359,11|17,weighted_average,kalman(weighted_average),true
1789029667.510,161.733,-0.612,1.333,1.994,87.924,-0.611,1.323,2.036,87.426,0.001,-0.010,0.042,0.043,17,weighted_average,kalman(weighted_average),false
1789029667.560,161.782,-0.564,1.563,2.060,87.287,-0.581,1.481,2.027,87.275,-0.018,-0.081,-0.033,0.090,11|17,weighted_average,kalman(weighted_average),false
1789029667.608,161.830,-0.587,1.571,2.046,87.576,-0.580,1.563,2.021,87.354,0.007,-0.009,-0.025,0.027,11|17,weighted_average,kalman(weighted_average),false
1789029667.711,161.934,-0.534,1.572,2.012,86.952,-0.541,1.605,2.002,87.027,-0.007,0.032,-0.011,0.035,11|17,weighted_average,kalman(weighted_average),false
1789029667.762,161.985,-0.553,1.574,2.036,87.171,-0.543,1.593,2.021,87.054,0.010,0.019,-0.016,0.027,11|17,weighted_average,kalman(weighted_average),false
1789029667.812,162.034,-0.597,1.599,2.032,87.752,-0.573,1.600,2.029,87.402,0.024,0.001,-0.003,0.024,11|17,weighted_average,kalman(weighted_average),false
1789029667.865,162.088,-0.577,1.584,2.064,87.507,-0.579,1.594,2.053,87.495,-0.002,0.009,-0.012,0.015,11|17,weighted_average,kalman(weighted_average),false
1789029667.910,162.133,-0.615,1.603,2.038,87.982,-0.603,1.600,2.049,87.776,0.013,-0.003,0.011,0.017,11|17,weighted_average,kalman(weighted_average),false
1789029668.010,162.232,-0.538,1.599,2.030,87.014,-0.559,1.601,2.037,87.364,-0.022,0.002,0.007,0.023,11|17,weighted_average,kalman(weighted_average),false
1789029668.068,162.291,-0.621,1.615,2.044,88.059,-0.596,1.611,2.040,87.743,0.025,-0.004,-0.004,0.026,11|17,weighted_average,kalman(weighted_average),false
1789029668.116,162.339,-0.934,1.620,1.680,91.769,-0.596,1.611,2.040,89.980,0.338,-0.009,0.360,0.494,11|17,weighted_average,kalman(weighted_average),true
1789029668.164,162.387,-0.610,1.624,2.017,87.920,-0.607,1.621,2.022,89.293,0.003,-0.003,0.005,0.007,11|17,weighted_average,kalman(weighted_average),false
1789029668.210,162.433,-0.506,1.717,1.968,86.662,-0.547,1.681,1.987,88.122,-0.041,-0.036,0.019,0.057,11,weighted_average,kalman(weighted_average),false
1789029668.312,162.534,-0.572,1.626,2.019,87.497,-0.557,1.650,2.004,87.569,0.015,0.024,-0.016,0.033,11|17,weighted_average,kalman(weighted_average),false
1789029668.361,162.584,-0.574,1.627,2.020,87.514,-0.569,1.631,2.016,87.433,0.005,0.005,-0.004,0.008,11|17,weighted_average,kalman(weighted_average),false
1789029668.415,162.638,-0.576,1.626,2.037,87.553,-0.576,1.622,2.033,87.400,0.000,-0.004,-0.004,0.006,11|17,weighted_average,kalman(weighted_average),false
1789029668.462,162.685,-0.905,1.644,1.672,91.445,-0.576,1.622,2.033,89.452,0.329,-0.021,0.361,0.489,11|17,weighted_average,kalman(weighted_average),true
1789029668.515,162.737,-0.949,1.639,1.694,91.992,-0.576,1.622,2.033,91.096,0.373,-0.017,0.338,0.504,11|17,weighted_average,kalman(weighted_average),true
1789029668.615,162.838,-0.600,1.641,2.003,87.879,-0.599,1.640,2.005,89.524,0.002,-0.001,0.002,0.003,11|17,weighted_average,kalman(weighted_average),false
1789029668.664,162.886,-0.734,1.399,2.154,89.545,-0.689,1.484,2.100,89.429,0.045,0.085,-0.054,0.110,17,weighted_average,kalman(weighted_average),false
1789029668.726,162.949,-0.605,1.633,2.033,87.930,-0.649,1.560,2.069,88.442,-0.044,-0.074,0.036,0.093,11|17,weighted_average,kalman(weighted_average),false
1789029668.768,162.991,-0.527,1.617,2.010,86.961,-0.576,1.597,2.034,87.488,-0.049,-0.020,0.024,0.058,11|17,weighted_average,kalman(weighted_average),false
1789029668.819,163.042,-0.686,1.398,2.043,88.936,-0.629,1.486,2.034,87.910,0.057,0.088,-0.010,0.106,17,weighted_average,kalman(weighted_average),false
1789029668.917,163.140,-0.581,1.636,1.944,87.624,-0.594,1.585,1.960,87.538,-0.013,-0.051,0.017,0.055,11|17,weighted_average,kalman(weighted_average),false
1789029668.972,163.194,-0.650,1.386,2.071,88.502,-0.627,1.464,2.023,88.018,0.023,0.078,-0.048,0.095,17,weighted_average,kalman(weighted_average),false
1789029669.019,163.242,-0.580,1.388,1.975,87.652,-0.601,1.405,1.997,87.835,-0.021,0.017,0.022,0.035,17,weighted_average,kalman(weighted_average),false
1789029669.068,163.290,-0.547,1.614,2.024,87.201,-0.566,1.511,2.011,87.487,-0.019,-0.103,-0.013,0.105,11|17,weighted_average,kalman(weighted_average),false
1789029669.118,163.340,-0.604,1.640,1.981,87.925,-0.580,1.596,1.994,87.639,0.023,-0.044,0.013,0.052,11|17,weighted_average,kalman(weighted_average),false
1789029669.219,163.441,-0.511,1.626,1.935,86.767,-0.525,1.641,1.945,87.018,-0.013,0.015,0.011,0.023,11|17,weighted_average,kalman(weighted_average),false
1789029669.276,163.498,-0.535,1.609,2.001,87.045,-0.523,1.628,1.976,86.931,0.012,0.019,-0.025,0.034,11|17,weighted_average,kalman(weighted_average),false
1789029669.332,163.555,-0.546,1.612,2.023,87.195,-0.533,1.620,2.008,87.003,0.013,0.009,-0.016,0.022,11|17,weighted_average,kalman(weighted_average),false
1789029669.378,163.601,-0.496,1.603,1.987,86.614,-0.510,1.610,2.001,86.765,-0.014,0.007,0.014,0.021,11|17,weighted_average,kalman(weighted_average),false
1789029669.446,163.669,-0.507,1.608,1.996,86.803,-0.503,1.606,2.000,86.709,0.004,-0.001,0.005,0.006,11|17,weighted_average,kalman(weighted_average),false
1789029669.547,163.769,-0.918,1.645,1.694,91.850,-0.503,1.606,2.000,90.268,0.415,-0.038,0.306,0.517,11|17,weighted_average,kalman(weighted_average),true
1789029669.600,163.823,-0.581,1.394,2.056,87.955,-0.573,1.416,2.050,89.388,0.008,0.022,-0.006,0.024,17,weighted_average,kalman(weighted_average),false
1789029669.647,163.870,-1.116,1.481,1.533,94.993,-0.573,1.416,2.050,92.609,0.544,-0.065,0.517,0.753,1|17,weighted_average,kalman(weighted_average),true
1789029669.708,163.931,-1.003,1.514,1.608,93.760,-0.573,1.416,2.050,94.026,0.431,-0.098,0.442,0.625,1|17,weighted_average,kalman(weighted_average),true
1789029669.747,163.969,-0.695,1.487,2.029,90.311,-0.680,1.478,2.031,92.701,0.015,-0.009,0.003,0.018,1|17,weighted_average,kalman(weighted_average),false
1789029669.849,164.072,-0.557,1.482,2.012,88.746,-0.595,1.489,2.013,90.345,-0.038,0.007,0.002,0.039,1|17,weighted_average,kalman(weighted_average),false
1789029669.909,164.132,-1.013,1.540,1.575,94.199,-0.595,1.489,2.013,92.409,0.418,-0.051,0.438,0.608,1|17,weighted_average,kalman(weighted_average),true
1789029669.948,164.171,-2.193,1.471,1.120,107.673,-0.595,1.489,2.013,100.471,1.598,0.017,0.894,1.831,17,weighted_average,kalman(weighted_average),true
1789029670.009,164.231,-0.860,1.719,1.687,92.033,-0.835,1.698,1.718,97.475,0.025,-0.022,0.031,0.045,11|17,weighted_average,kalman(weighted_average),false
1789029670.050,164.273,-0.906,1.710,1.672,92.565,-0.900,1.724,1.663,95.316,0.005,0.014,-0.009,0.018,11|17,weighted_average,kalman(weighted_average),false
1789029670.147,164.369,-0.415,1.728,1.940,86.956,-0.900,1.724,1.663,89.618,-0.485,-0.004,-0.278,0.559,11|17,weighted_average,kalman(weighted_average),true
1789029670.210,164.432,-0.431,1.741,2.003,87.311,-0.481,1.739,1.966,87.187,-0.051,-0.002,-0.037,0.063,11|17,weighted_average,kalman(weighted_average),false
1789029670.253,164.476,-0.362,1.740,1.954,86.426,-0.362,1.741,1.991,85.968,-0.000,0.001,0.036,0.036,11|17,weighted_average,kalman(weighted_average),false
1789029670.306,164.529,-0.343,1.742,1.989,85.848,-0.294,1.743,2.020,84.999,0.049,0.002,0.032,0.058,11|17,weighted_average,kalman(weighted_average),false
1789029670.359,164.582,-0.347,1.755,1.975,85.740,-0.284,1.751,2.014,84.649,0.063,-0.003,0.040,0.074,11|17,weighted_average,kalman(weighted_average),false
1789029670.476,164.698,-0.294,1.889,1.948,85.231,-0.268,1.867,1.970,84.408,0.026,-0.022,0.022,0.040,11,weighted_average,kalman(weighted_average),false
1789029670.524,164.747,-0.266,1.918,1.937,85.180,-0.264,1.917,1.942,84.759,0.002,-0.001,0.005,0.005,11,weighted_average,kalman(weighted_average),false
1789029670.575,164.798,-0.269,1.922,1.935,85.329,-0.265,1.939,1.929,85.050,0.004,0.017,-0.006,0.019,11,weighted_average,kalman(weighted_average),false
1789029670.625,164.848,-0.321,1.830,1.999,86.002,-0.298,1.887,1.965,85.591,0.023,0.057,-0.035,0.071,11|17,weighted_average,kalman(weighted_average),false
1789029670.674,164.897,-0.291,1.830,2.002,85.699,-0.299,1.852,1.989,85.759,-0.008,0.022,-0.013,0.027,11|17,weighted_average,kalman(weighted_average),false
1789029670.775,164.997,-0.897,1.855,1.666,92.741,-0.299,1.852,1.989,90.639,0.598,-0.003,0.323,0.680,11|17,weighted_average,kalman(weighted_average),true
1789029670.835,165.058,-0.897,1.855,1.666,92.741,-0.299,1.852,1.989,92.751,0.598,-0.003,0.323,0.680,11|17,weighted_average,kalman(weighted_average),true
1789029670.886,165.109,-0.242,1.856,1.962,85.394,-0.245,1.856,1.964,89.401,-0.003,-0.000,0.002,0.004,11|17,weighted_average,kalman(weighted_average),false
1789029670.931,165.153,-0.193,1.988,1.942,85.124,-0.208,1.939,1.948,87.183,-0.015,-0.049,0.006,0.052,11,weighted_average,kalman(weighted_average),false
1789029670.986,165.209,-0.199,1.898,1.963,85.461,-0.193,1.927,1.953,85.843,0.007,0.029,-0.010,0.031,11|17,weighted_average,kalman(weighted_average),false
1789029671.101,165.324,-0.214,1.921,1.993,86.178,-0.203,1.926,1.985,85.479,0.011,0.005,-0.008,0.015,11|17,weighted_average,kalman(weighted_average),false
1789029671.153,165.375,-0.147,1.905,1.973,85.463,-0.166,1.912,1.981,85.340,-0.019,0.007,0.008,0.022,11|17,weighted_average,kalman(weighted_average),false
1789029671.217,165.439,-0.184,1.933,2.004,86.026,-0.172,1.924,1.999,85.627,0.011,-0.009,-0.005,0.015,11|17,weighted_average,kalman(weighted_average),false
1789029671.265,165.488,-0.803,1.960,1.680,92.993,-0.172,1.924,1.999,89.647,0.630,-0.036,0.319,0.707,11|17,weighted_average,kalman(weighted_average),true
1789029671.372,165.595,-0.210,1.984,1.936,86.726,-0.206,1.977,1.943,88.430,0.004,-0.007,0.007,0.011,11|17,weighted_average,kalman(weighted_average),false
1789029671.420,165.642,-0.702,2.002,1.713,92.235,-0.206,1.977,1.943,90.631,0.496,-0.025,0.231,0.547,11|17,weighted_average,kalman(weighted_average),true
1789029671.467,165.690,-0.163,1.986,1.973,86.688,-0.172,1.984,1.967,88.830,-0.008,-0.002,-0.006,0.010,11|17,weighted_average,kalman(weighted_average),false
1789029671.518,165.741,-0.097,2.092,1.945,86.246,-0.119,2.054,1.956,87.389,-0.022,-0.038,0.011,0.045,11,weighted_average,kalman(weighted_average),false
1789029671.569,165.792,-0.087,2.102,1.937,86.505,-0.088,2.095,1.945,86.629,-0.001,-0.007,0.008,0.010,11,weighted_average,kalman(weighted_average),false
1789029671.683,165.906,-0.067,2.119,1.933,86.593,-0.059,2.129,1.933,86.184,0.008,0.010,0.000,0.013,11,weighted_average,kalman(weighted_average),false
1789029671.740,165.963,-0.137,2.028,1.969,87.401,-0.109,2.064,1.957,86.818,0.028,0.036,-0.013,0.047,11|17,weighted_average,kalman(weighted_average),false
1789029671.788,166.011,-0.091,2.015,2.013,86.931,-0.103,2.026,1.994,86.903,-0.012,0.011,-0.018,0.025,11|17,weighted_average,kalman(weighted_average),false
1789029671.842,166.064,-0.710,2.048,1.715,93.746,-0.103,2.026,1.994,90.660,0.607,-0.021,0.279,0.668,11|17,weighted_average,kalman(weighted_average),true
1789029671.882,166.105,-0.094,2.034,1.980,87.156,-0.097,2.032,1.984,89.496,-0.002,-0.002,0.003,0.004,11|17,weighted_average,kalman(weighted_average),false
1789029671.985,166.208,-0.035,2.155,1.930,86.706,-0.047,2.130,1.940,87.980,-0.012,-0.025,0.009,0.029,11,weighted_average,kalman(weighted_average),false
1789029672.044,166.267,-0.083,2.055,1.997,87.217,-0.065,2.093,1.973,87.335,0.018,0.038,-0.024,0.048,11|17,weighted_average,kalman(weighted_average),false
1789029672.087,166.310,-0.049,2.069,1.926,86.885,-0.055,2.080,1.947,86.914,-0.005,0.010,0.020,0.023,11|17,weighted_average,kalman(weighted_average),false
1789029672.139,166.362,-0.699,2.083,1.690,93.948,-0.055,2.080,1.947,90.414,0.645,-0.004,0.257,0.694,11|17,weighted_average,kalman(weighted_average),true
1789029672.188,166.411,-0.038,2.068,1.936,86.848,-0.042,2.071,1.939,89.025,-0.004,0.003,0.002,0.005,11|17,weighted_average,kalman(weighted_average),false
1789029672.297,166.520,-0.721,2.099,1.678,94.300,-0.042,2.071,1.939,92.824,0.679,-0.029,0.261,0.728,11|17,weighted_average,kalman(weighted_average),true
1789029672.344,166.567,-0.177,2.143,2.056,88.676,-0.163,2.136,2.044,90.943,0.014,-0.008,-0.012,0.020,11|17,weighted_average,kalman(weighted_average),false
1789029672.398,166.621,-0.003,2.205,1.912,86.810,-0.070,2.190,1.968,88.730,-0.067,-0.015,0.056,0.089,11,weighted_average,kalman(weighted_average),false
1789029672.448,166.671,0.014,2.212,1.912,86.600,-0.014,2.216,1.930,87.288,-0.027,0.004,0.018,0.033,11,weighted_average,kalman(weighted_average),false
1789029672.497,166.720,-0.087,2.108,1.980,87.605,-0.045,2.164,1.951,87.015,0.043,0.056,-0.029,0.076,11|17,weighted_average,kalman(weighted_average),false
1789029672.606,166.829,-0.073,2.116,1.915,87.409,-0.065,2.123,1.921,86.836,0.008,0.007,0.006,0.012,11|17,weighted_average,kalman(weighted_average),false
1789029672.650,166.873,0.009,2.215,1.920,86.608,-0.020,2.177,1.916,86.619,-0.029,-0.039,-0.004,0.049,11,weighted_average,kalman(weighted_average),false
1789029672.702,166.925,-0.055,2.084,1.911,87.131,-0.036,2.124,1.909,86.792,0.019,0.040,-0.002,0.044,11|17,weighted_average,kalman(weighted_average),false
1789029672.753,166.975,-0.088,2.107,1.962,87.530,-0.067,2.107,1.938,87.145,0.021,0.000,-0.024,0.032,11|17,weighted_average,kalman(weighted_average),false
1789029672.803,167.025,-0.047,2.082,1.967,87.003,-0.060,2.086,1.959,87.105,-0.013,0.004,-0.008,0.016,11|17,weighted_average,kalman(weighted_average),false
1789029672.910,167.133,-0.058,2.095,1.977,87.109,-0.060,2.085,1.979,87.128,-0.002,-0.010,0.002,0.011,11|17,weighted_average,kalman(weighted_average),false
1789029672.965,167.187,-0.071,2.104,1.953,87.235,-0.068,2.097,1.965,87.200,0.003,-0.007,0.012,0.014,11|17,weighted_average,kalman(weighted_average),false
1789029673.012,167.234,-0.022,2.205,1.915,86.764,-0.041,2.165,1.934,86.978,-0.019,-0.040,0.019,0.048,11,weighted_average,kalman(weighted_average),false
1789029673.067,167.290,-0.104,2.104,1.981,87.559,-0.076,2.140,1.957,87.267,0.028,0.037,-0.024,0.052,11|17,weighted_average,kalman(weighted_average),false
1789029673.132,167.354,-0.753,2.101,1.655,94.479,-0.076,2.140,1.957,91.455,0.677,0.039,0.302,0.742,11|17,weighted_average,kalman(weighted_average),true
1789029673.249,167.472,-0.020,2.211,1.934,86.726,-0.025,2.205,1.936,88.811,-0.005,-0.006,0.002,0.008,11,weighted_average,kalman(weighted_average),false
1789029673.299,167.522,-0.082,2.095,1.986,87.229,-0.058,2.137,1.967,87.603,0.024,0.042,-0.019,0.052,11|17,weighted_average,kalman(weighted_average),false
1789029673.348,167.571,-0.039,2.195,1.943,86.871,-0.048,2.167,1.955,86.837,-0.009,-0.028,0.013,0.032,11,weighted_average,kalman(weighted_average),false
1789029673.400,167.623,-0.079,2.082,1.954,87.171,-0.067,2.115,1.955,86.629,0.012,0.033,0.000,0.035,11|17,weighted_average,kalman(weighted_average),false
1789029673.455,167.678,-0.036,2.193,1.940,86.807,-0.051,2.156,1.946,86.430,-0.015,-0.038,0.005,0.041,11,weighted_average,kalman(weighted_average),false
1789029673.565,167.787,-0.037,2.191,1.927,86.786,-0.038,2.187,1.929,86.414,-0.001,-0.004,0.002,0.005,11,weighted_average,kalman(weighted_average),false
1789029673.609,167.832,-0.100,2.079,2.016,87.390,-0.077,2.122,1.982,86.935,0.024,0.043,-0.033,0.059,11|17,weighted_average,kalman(weighted_average),false
1789029673.669,167.891,-0.192,1.856,1.707,88.139,-0.077,2.122,1.982,87.690,0.115,0.266,0.276,0.400,17,weighted_average,kalman(weighted_average),true
1789029673.712,167.934,-0.044,2.183,1.939,86.897,-0.051,2.171,1.948,87.417,-0.007,-0.013,0.009,0.017,11,weighted_average,kalman(weighted_average),false
1789029673.759,167.982,-0.115,2.097,1.979,87.602,-0.087,2.131,1.963,87.575,0.027,0.034,-0.016,0.047,11|17,weighted_average,kalman(weighted_average),false
1789029673.861,168.083,-0.030,2.187,1.940,86.786,-0.047,2.172,1.944,87.135,-0.017,-0.014,0.004,0.022,11,weighted_average,kalman(weighted_average),false
1789029673.910,168.133,-0.041,2.179,1.940,86.920,-0.037,2.183,1.939,86.963,0.004,0.003,-0.001,0.005,11,weighted_average,kalman(weighted_average),false
1789029673.973,168.196,-0.072,2.067,2.016,87.146,-0.055,2.111,1.988,87.002,0.017,0.044,-0.028,0.055,11|17,weighted_average,kalman(weighted_average),false
1789029674.014,168.237,-0.747,2.073,1.669,94.440,-0.055,2.111,1.988,90.812,0.692,0.037,0.319,0.763,11|17,weighted_average,kalman(weighted_average),true
1789029674.064,168.286,-0.076,2.075,1.988,87.243,-0.071,2.084,1.988,89.620,0.005,0.009,-0.000,0.010,11|17,weighted_average,kalman(weighted_average),false
1789029674.163,168.386,-0.702,2.087,1.694,94.003,-0.071,2.084,1.988,92.854,0.631,-0.003,0.294,0.696,11|17,weighted_average,kalman(weighted_average),true
1789029674.214,168.437,-0.029,2.180,1.936,86.866,-0.033,2.169,1.942,89.888,-0.005,-0.011,0.006,0.014,11,weighted_average,kalman(weighted_average),false
1789029674.262,168.485,-0.112,1.904,1.870,88.214,-0.080,2.007,1.891,88.875,0.032,0.104,0.020,0.111,1,weighted_average,kalman(weighted_average),false
1789029674.310,168.533,-0.110,1.901,1.876,88.213,-0.102,1.926,1.870,88.289,0.008,0.025,-0.006,0.027,1,weighted_average,kalman(weighted_average),false
1789029674.367,168.589,-0.133,1.898,1.861,88.563,-0.128,1.882,1.853,88.148,0.005,-0.016,-0.008,0.018,1,weighted_average,kalman(weighted_average),false
1789029674.467,168.690,-0.095,2.052,1.892,87.842,-0.110,1.994,1.875,87.695,-0.016,-0.058,-0.017,0.062,1|11,weighted_average,kalman(weighted_average),false
1789029674.532,168.755,-0.047,2.165,1.900,87.100,-0.063,2.131,1.895,87.189,-0.016,-0.034,-0.005,0.038,11,weighted_average,kalman(weighted_average),false
1789029674.582,168.805,-0.077,2.087,1.949,87.444,-0.064,2.131,1.933,87.191,0.013,0.044,-0.015,0.048,11|17,weighted_average,kalman(weighted_average),false
1789029674.627,168.850,-0.003,2.183,1.929,86.754,-0.023,2.178,1.939,86.872,-0.020,-0.005,0.011,0.023,11,weighted_average,kalman(weighted_average),false
1789029674.675,168.898,-0.081,2.074,1.965,87.505,-0.047,2.137,1.961,87.071,0.034,0.062,-0.004,0.071,11|17,weighted_average,kalman(weighted_average),false
1789029674.777,169.000,-0.721,2.082,1.694,94.410,-0.047,2.137,1.961,91.992,0.674,0.055,0.266,0.727,11|17,weighted_average,kalman(weighted_average),true
1789029674.830,169.053,-0.066,2.086,1.914,87.402,-0.064,2.092,1.920,89.994,0.002,0.006,0.005,0.008,11|17,weighted_average,kalman(weighted_average),false
1789029674.884,169.107,-0.045,2.075,1.925,87.167,-0.053,2.075,1.918,88.566,-0.009,0.000,-0.007,0.011,11|17,weighted_average,kalman(weighted_average),false
1789029674.932,169.155,-0.078,2.082,1.954,87.538,-0.068,2.073,1.937,87.894,0.010,-0.008,-0.018,0.022,11|17,weighted_average,kalman(weighted_average),false
1789029674.986,169.208,-0.073,2.084,1.964,87.499,-0.074,2.076,1.955,87.470,-0.000,-0.008,-0.009,0.013,11|17,weighted_average,kalman(weighted_average),false
1789029675.089,169.312,-0.055,2.073,1.966,87.301,-0.061,2.072,1.968,87.089,-0.006,-0.001,0.002,0.007,11|17,weighted_average,kalman(weighted_average),false
1789029675.141,169.364,-0.040,2.068,1.946,87.117,-0.046,2.068,1.955,87.000,-0.005,0.000,0.010,0.011,11|17,weighted_average,kalman(weighted_average),false
1789029675.191,169.414,-0.044,2.076,1.937,87.171,-0.041,2.072,1.943,87.010,0.003,-0.004,0.006,0.008,11|17,weighted_average,kalman(weighted_average),false
1789029675.238,169.461,-0.698,2.091,1.662,94.239,-0.041,2.072,1.943,90.697,0.657,-0.018,0.281,0.715,11|17,weighted_average,kalman(weighted_average),true
1789029675.292,169.514,-0.664,2.101,1.650,93.856,-0.041,2.072,1.943,92.980,0.623,-0.028,0.294,0.689,11|17,weighted_average,kalman(weighted_average),true
1789029675.402,169.624,0.001,2.189,1.896,86.872,-0.002,2.180,1.899,89.634,-0.003,-0.008,0.003,0.010,11,weighted_average,kalman(weighted_average),false
1789029675.450,169.673,-0.026,2.081,1.858,87.016,-0.015,2.124,1.868,87.762,0.012,0.043,0.010,0.046,11|17,weighted_average,kalman(weighted_average),false
1789029675.498,169.721,-0.005,2.184,1.895,86.950,-0.009,2.159,1.878,86.800,-0.003,-0.025,-0.018,0.031,11,weighted_average,kalman(weighted_average),false
1789029675.547,169.770,0.003,2.185,1.901,86.841,-0.000,2.179,1.889,86.289,-0.003,-0.005,-0.012,0.013,11,weighted_average,kalman(weighted_average),false
1789029675.604,169.827,-0.003,2.182,1.896,86.913,0.000,2.188,1.894,86.148,0.003,0.006,-0.002,0.007,11,weighted_average,kalman(weighted_average),false
1789029675.708,169.931,-0.004,2.183,1.896,86.926,-0.002,2.189,1.897,86.310,0.002,0.006,0.001,0.007,11,weighted_average,kalman(weighted_average),false
1789029675.762,169.985,-0.024,2.075,1.908,86.989,-0.017,2.112,1.905,86.672,0.007,0.037,-0.003,0.038,11|17,weighted_average,kalman(weighted_average),false
1789029675.809,170.032,-0.040,2.072,1.934,87.182,-0.034,2.075,1.924,86.974,0.007,0.004,-0.010,0.012,11|17,weighted_average,kalman(weighted_average),false
1789029675.858,170.080,0.001,2.181,1.891,86.854,-0.018,2.124,1.909,86.980,-0.018,-0.057,0.018,0.062,11,weighted_average,kalman(weighted_average),false
1789029675.911,170.133,-0.032,2.071,1.930,87.092,-0.026,2.092,1.921,87.089,0.006,0.022,-0.009,0.024,11|17,weighted_average,kalman(weighted_average),false
1789029676.017,170.240,-0.004,2.181,1.888,86.934,-0.010,2.157,1.897,87.044,-0.006,-0.024,0.009,0.026,11,weighted_average,kalman(weighted_average),false
1789029676.069,170.292,-0.010,2.177,1.884,86.984,-0.008,2.179,1.885,87.012,0.002,0.003,0.001,0.003,11,weighted_average,kalman(weighted_average),false
1789029676.127,170.349,-0.001,2.178,1.881,86.847,-0.001,2.188,1.878,86.914,-0.000,0.010,-0.003,0.011,11,weighted_average,kalman(weighted_average),false
1789029676.173,170.396,-0.008,2.180,1.880,86.956,-0.003,2.189,1.876,86.920,0.004,0.009,-0.004,0.011,11,weighted_average,kalman(weighted_average),false
1789029676.225,170.447,-0.064,2.082,1.926,87.454,-0.039,2.129,1.904,87.188,0.025,0.047,-0.022,0.058,11|17,weighted_average,kalman(weighted_average),false
1789029676.333,170.556,-0.041,2.079,1.884,87.165,-0.047,2.080,1.892,87.222,-0.006,0.001,0.008,0.010,11|17,weighted_average,kalman(weighted_average),false
1789029676.383,170.606,-0.746,2.075,1.639,94.764,-0.047,2.080,1.892,91.715,0.699,0.005,0.253,0.743,11|17,weighted_average,kalman(weighted_average),true
1789029676.438,170.660,-0.054,2.077,1.926,87.310,-0.053,2.078,1.920,89.986,0.001,0.001,-0.006,0.006,11|17,weighted_average,kalman(weighted_average),false
1789029676.484,170.707,-0.036,2.065,1.930,87.066,-0.043,2.069,1.930,88.627,-0.007,0.004,0.000,0.009,11|17,weighted_average,kalman(weighted_average),false
1789029676.540,170.762,-0.060,2.082,1.910,87.356,-0.052,2.075,1.922,87.833,0.008,-0.006,0.012,0.015,11|17,weighted_average,kalman(weighted_average),false
1789029676.645,170.868,-0.012,2.183,1.879,86.947,-0.022,2.162,1.888,86.953,-0.009,-0.022,0.010,0.025,11,weighted_average,kalman(weighted_average),false
1789029676.700,170.923,-0.774,2.074,1.631,95.033,-0.022,2.162,1.888,91.700,0.752,0.088,0.257,0.800,11|17,weighted_average,kalman(weighted_average),true
1789029676.745,170.968,-0.092,2.099,1.866,87.694,-0.079,2.111,1.870,90.138,0.013,0.012,0.004,0.018,11|17,weighted_average,kalman(weighted_average),false
1789029676.808,171.031,-0.067,2.070,1.926,87.390,-0.079,2.076,1.906,88.797,-0.012,0.005,-0.020,0.024,11|17,weighted_average,kalman(weighted_average),false
1789029676.917,171.139,-0.060,2.076,1.922,87.264,-0.068,2.066,1.923,87.546,-0.008,-0.009,0.001,0.012,11|17,weighted_average,kalman(weighted_average),false
1789029676.975,171.198,-0.107,2.105,1.829,87.822,-0.094,2.092,1.860,87.504,0.013,-0.014,0.031,0.037,11|17,weighted_average,kalman(weighted_average),false
1789029677.020,171.243,-0.065,2.075,1.928,87.331,-0.080,2.084,1.894,87.284,-0.014,0.009,-0.035,0.039,11|17,weighted_average,kalman(weighted_average),false
1789029677.082,171.305,-0.019,2.180,1.869,86.907,-0.040,2.148,1.878,86.917,-0.021,-0.033,0.009,0.040,11,weighted_average,kalman(weighted_average),false
1789029677.195,171.418,-0.075,2.079,1.911,87.417,-0.062,2.102,1.902,87.110,0.013,0.023,-0.008,0.028,11|17,weighted_average,kalman(weighted_average),false
1789029677.237,171.460,-0.026,2.177,1.879,86.978,-0.042,2.145,1.891,87.035,-0.015,-0.032,0.011,0.038,11,weighted_average,kalman(weighted_average),false
1789029677.286,171.509,-0.021,2.183,1.871,86.913,-0.028,2.171,1.879,86.957,-0.006,-0.012,0.008,0.016,11,weighted_average,kalman(weighted_average),false
1789029677.355,171.578,-0.021,2.180,1.871,86.897,-0.020,2.185,1.872,86.897,0.002,0.004,0.000,0.005,11,weighted_average,kalman(weighted_average),false
1789029677.472,171.695,-0.028,2.180,1.879,86.945,-0.024,2.185,1.876,86.908,0.004,0.006,-0.003,0.007,11,weighted_average,kalman(weighted_average),false
1789029677.524,171.747,-0.028,2.180,1.879,86.945,-0.027,2.182,1.878,86.928,0.001,0.002,-0.000,0.002,11,weighted_average,kalman(weighted_average),false
1789029677.570,171.792,-0.718,2.086,1.660,94.252,-0.027,2.182,1.878,90.907,0.691,0.096,0.219,0.731,11|17,weighted_average,kalman(weighted_average),true
1789029677.631,171.853,-0.702,2.087,1.668,94.076,-0.027,2.182,1.878,93.460,0.675,0.095,0.211,0.714,11|17,weighted_average,kalman(weighted_average),true
1789029677.671,171.893,-0.094,2.084,1.926,87.558,-0.085,2.096,1.920,91.187,0.008,0.012,-0.006,0.016,11|17,weighted_average,kalman(weighted_average),false
1789029677.777,172.000,-0.071,2.087,1.841,87.284,-0.081,2.078,1.861,88.758,-0.010,-0.009,0.021,0.025,11|17,weighted_average,kalman(weighted_average),false
1789029677.830,172.053,-0.082,2.083,1.890,87.415,-0.082,2.078,1.873,87.632,0.000,-0.005,-0.017,0.018,11|17,weighted_average,kalman(weighted_average),false
1789029677.879,172.101,-0.032,2.180,1.885,86.915,-0.052,2.139,1.878,86.860,-0.019,-0.041,-0.007,0.045,11,weighted_average,kalman(weighted_average),false
1789029677.937,172.160,-0.028,2.186,1.886,86.886,-0.031,2.179,1.883,86.438,-0.003,-0.007,-0.003,0.008,11,weighted_average,kalman(weighted_average),false
1789029677.979,172.202,-0.026,2.185,1.889,86.832,-0.023,2.193,1.887,86.364,0.003,0.008,-0.002,0.009,11,weighted_average,kalman(weighted_average),false
1789029678.078,172.301,-0.094,2.086,1.945,87.457,-0.071,2.122,1.933,86.779,0.023,0.036,-0.012,0.044,11|17,weighted_average,kalman(weighted_average),false
1789029678.131,172.354,-0.681,2.102,1.661,93.726,-0.071,2.122,1.933,90.879,0.610,0.021,0.272,0.668,11|17,weighted_average,kalman(weighted_average),true
1789029678.183,172.406,-0.694,2.099,1.661,93.877,-0.071,2.122,1.933,93.228,0.623,0.023,0.272,0.680,11|17,weighted_average,kalman(weighted_average),true
1789029678.235,172.458,-0.114,2.082,1.949,87.615,-0.109,2.086,1.948,91.044,0.004,0.004,-0.002,0.006,11|17,weighted_average,kalman(weighted_average),false
1789029678.280,172.503,-0.109,2.091,1.938,87.577,-0.113,2.085,1.943,89.452,-0.004,-0.005,0.005,0.008,11|17,weighted_average,kalman(weighted_average),false
1789029678.382,172.605,-0.039,2.181,1.898,86.896,-0.060,2.156,1.909,87.511,-0.020,-0.024,0.010,0.033,11,weighted_average,kalman(weighted_average),false
1789029678.431,172.654,-0.039,2.174,1.896,86.867,-0.039,2.178,1.895,86.818,0.001,0.004,-0.001,0.004,11,weighted_average,kalman(weighted_average),false
1789029678.482,172.705,-0.093,2.057,1.939,87.369,-0.064,2.112,1.917,86.775,0.029,0.055,-0.022,0.066,11|17,weighted_average,kalman(weighted_average),false
1789029678.538,172.761,-0.725,2.075,1.685,94.214,-0.064,2.112,1.917,90.616,0.661,0.037,0.232,0.701,11|17,weighted_average,kalman(weighted_average),true
1789029678.580,172.803,-0.738,2.066,1.687,94.353,-0.064,2.112,1.917,92.916,0.673,0.047,0.230,0.713,11|17,weighted_average,kalman(weighted_average),true
1789029678.681,172.904,-0.103,2.046,1.962,87.503,-0.100,2.051,1.959,90.285,0.003,0.005,-0.004,0.007,11|17,weighted_average,kalman(weighted_average),false
1789029678.738,172.961,-0.039,2.145,1.901,86.898,-0.061,2.110,1.923,88.005,-0.023,-0.035,0.022,0.047,11,weighted_average,kalman(weighted_average),false
1789029678.780,173.003,-0.083,2.030,1.927,87.266,-0.071,2.067,1.922,87.184,0.013,0.037,-0.005,0.040,11|17,weighted_average,kalman(weighted_average),false
1789029678.835,173.057,-0.659,2.050,1.690,93.544,-0.071,2.067,1.922,90.046,0.589,0.017,0.232,0.633,11|17,weighted_average,kalman(weighted_average),true
1789029678.883,173.106,-0.058,2.009,1.933,86.964,-0.061,2.021,1.931,88.624,-0.003,0.013,-0.002,0.013,11|17,weighted_average,kalman(weighted_average),false
1789029678.985,173.208,-0.696,2.012,1.669,93.975,-0.061,2.021,1.931,92.114,0.635,0.010,0.262,0.687,11|17,weighted_average,kalman(weighted_average),true
1789029679.038,173.261,-0.039,2.089,1.894,86.936,-0.042,2.082,1.898,89.524,-0.002,-0.007,0.004,0.008,11,weighted_average,kalman(weighted_average),false
1789029679.084,173.307,-0.098,1.980,1.953,87.505,-0.075,2.023,1.930,88.352,0.022,0.043,-0.023,0.054,11|17,weighted_average,kalman(weighted_average),false
1789029679.139,173.362,-0.057,1.956,1.929,87.023,-0.068,1.977,1.932,87.359,-0.011,0.021,0.003,0.024,11|17,weighted_average,kalman(weighted_average),false
1789029679.185,173.408,-0.059,1.939,1.969,87.086,-0.063,1.945,1.955,86.909,-0.004,0.006,-0.014,0.016,11|17,weighted_average,kalman(weighted_average),false
1789029679.287,173.509,-0.066,1.935,1.930,87.208,-0.064,1.924,1.941,86.704,0.001,-0.011,0.011,0.016,11|17,weighted_average,kalman(weighted_average),false
1789029679.336,173.559,-0.150,1.649,1.963,87.866,-0.121,1.739,1.954,87.278,0.029,0.090,-0.009,0.095,17,weighted_average,kalman(weighted_average),false
1789029679.386,173.609,-0.056,1.921,1.880,87.181,-0.090,1.817,1.909,87.245,-0.034,-0.103,0.029,0.113,11|17,weighted_average,kalman(weighted_average),false
1789029679.439,173.662,-0.053,1.895,1.922,87.159,-0.067,1.859,1.910,87.207,-0.014,-0.036,-0.012,0.041,11|17,weighted_average,kalman(weighted_average),false
1789029679.484,173.707,-0.064,1.876,1.946,87.318,-0.062,1.872,1.927,87.262,0.002,-0.003,-0.019,0.019,11|17,weighted_average,kalman(weighted_average),false
1789029679.592,173.815,-0.081,1.869,1.873,87.580,-0.073,1.875,1.885,87.495,0.007,0.006,0.012,0.015,11|17,weighted_average,kalman(weighted_average),false
1789029679.639,173.862,-0.082,1.856,1.946,87.638,-0.081,1.863,1.919,87.612,0.002,0.007,-0.027,0.028,11|17,weighted_average,kalman(weighted_average),false
1789029679.691,173.914,-0.037,1.831,1.935,87.112,-0.055,1.841,1.931,87.381,-0.019,0.010,-0.004,0.022,11|17,weighted_average,kalman(weighted_average),false
1789029679.741,173.964,-0.043,1.818,1.934,87.197,-0.044,1.822,1.936,87.274,-0.002,0.005,0.002,0.005,11|17,weighted_average,kalman(weighted_average),false
1789029679.795,174.018,-0.061,1.847,1.947,87.601,-0.050,1.831,1.945,87.423,0.010,-0.016,-0.001,0.019,9|11|17,weighted_average,kalman(weighted_average),false
1789029679.897,174.119,-0.035,1.784,1.886,87.240,-0.037,1.793,1.902,87.310,-0.002,0.008,0.016,0.018,11|17,weighted_average,kalman(weighted_average),false
1789029679.947,174.170,-0.068,1.764,1.948,87.770,-0.055,1.768,1.927,87.566,0.012,0.004,-0.022,0.025,11|17,weighted_average,kalman(weighted_average),false
1789029680.000,174.223,-0.165,1.511,1.980,88.425,-0.126,1.597,1.961,88.078,0.038,0.086,-0.019,0.096,17,weighted_average,kalman(weighted_average),false
1789029680.047,174.270,-0.123,1.478,2.010,87.919,-0.137,1.494,1.996,88.096,-0.014,0.015,-0.014,0.025,17,weighted_average,kalman(weighted_average),false
1789029680.107,174.329,-0.114,1.703,2.046,88.667,-0.133,1.584,2.038,88.493,-0.019,-0.119,-0.007,0.121,9|17,weighted_average,kalman(weighted_average),false
1789029680.210,174.433,-0.066,1.659,2.012,88.130,-0.085,1.641,2.030,88.382,-0.018,-0.019,0.018,0.032,9|17,weighted_average,kalman(weighted_average),false
1789029680.263,174.486,-0.097,1.607,1.954,88.713,-0.086,1.626,1.979,88.593,0.011,0.019,0.025,0.033,1|9|17,weighted_average,kalman(weighted_average),false
1789029680.312,174.535,-0.097,1.655,2.002,88.633,-0.089,1.646,1.985,88.655,0.007,-0.009,-0.017,0.021,9|17,weighted_average,kalman(weighted_average),false
1789029680.366,174.589,-0.121,1.427,1.960,88.227,-0.107,1.515,1.965,88.463,0.014,0.088,0.005,0.089,17,weighted_average,kalman(weighted_average),false
1789029680.414,174.637,-0.108,1.641,1.999,88.845,-0.110,1.570,1.980,88.653,-0.002,-0.071,-0.019,0.074,9|17,weighted_average,kalman(weighted_average),false
1789029680.521,174.744,-0.069,1.598,2.053,88.515,-0.079,1.590,2.037,88.592,-0.010,-0.008,-0.016,0.021,9|17,weighted_average,kalman(weighted_average),false
1789029680.571,174.794,-0.052,1.365,1.948,87.538,-0.057,1.443,1.986,87.966,-0.005,0.078,0.038,0.087,17,weighted_average,kalman(weighted_average),false
1789029680.625,174.847,-0.125,1.397,1.881,88.485,-0.094,1.390,1.916,88.151,0.032,-0.007,0.034,0.047,17,weighted_average,kalman(weighted_average),false
1789029680.669,174.892,-0.051,1.515,1.943,88.526,-0.071,1.443,1.919,88.312,-0.020,-0.072,-0.024,0.079,1|9|17,weighted_average,kalman(weighted_average),false
1789029680.724,174.947,-0.046,1.568,2.012,88.462,-0.054,1.514,1.967,88.394,-0.008,-0.053,-0.045,0.070,9|17,weighted_average,kalman(weighted_average),false
1789029680.828,175.051,-0.104,1.575,2.006,89.295,-0.089,1.574,2.003,89.041,0.015,-0.001,-0.004,0.016,9|17,weighted_average,kalman(weighted_average),false
1789029680.874,175.097,-0.047,1.553,1.921,88.610,-0.066,1.570,1.955,88.885,-0.019,0.016,0.034,0.043,9|17,weighted_average,kalman(weighted_average),false
1789029680.930,175.153,-0.099,1.329,1.912,88.414,-0.086,1.422,1.923,88.669,0.012,0.093,0.011,0.094,17,weighted_average,kalman(weighted_average),false
1789029680.973,175.196,-0.066,1.297,1.957,88.053,-0.077,1.328,1.936,88.346,-0.011,0.031,-0.021,0.039,17,weighted_average,kalman(weighted_average),false
1789029681.028,175.251,-0.043,1.352,1.878,88.447,-0.057,1.310,1.898,88.335,-0.014,-0.043,0.020,0.049,1|17,weighted_average,kalman(weighted_average),false
1789029681.126,175.349,-0.102,1.281,1.972,88.654,-0.088,1.266,1.946,88.499,0.014,-0.015,-0.026,0.033,17,weighted_average,kalman(weighted_average),false
1789029681.174,175.397,-0.059,1.241,1.954,88.187,-0.073,1.241,1.957,88.333,-0.014,-0.000,0.003,0.014,17,weighted_average,kalman(weighted_average),false
1789029681.233,175.456,0.001,1.294,1.898,88.089,-0.025,1.265,1.925,88.174,-0.026,-0.029,0.027,0.047,1|17,weighted_average,kalman(weighted_average),false
1789029681.279,175.502,-0.097,1.256,1.896,88.764,-0.060,1.259,1.905,88.449,0.037,0.003,0.009,0.038,17,weighted_average,kalman(weighted_average),false
1789029681.338,175.561,-0.051,1.225,1.932,88.249,-0.055,1.235,1.916,88.362,-0.005,0.011,-0.015,0.019,17,weighted_average,kalman(weighted_average),false
1789029681.439,175.662,-0.098,1.212,1.937,88.936,-0.089,1.212,1.932,88.756,0.010,-0.000,-0.005,0.011,17,weighted_average,kalman(weighted_average),false
1789029681.489,175.712,-0.082,1.197,1.950,88.796,-0.089,1.198,1.946,88.836,-0.007,0.001,-0.004,0.008,17,weighted_average,kalman(weighted_average),false
1789029681.537,175.760,0.001,1.160,1.849,87.697,-0.037,1.170,1.890,88.272,-0.038,0.010,0.042,0.057,17,weighted_average,kalman(weighted_average),false
1789029681.600,175.823,0.014,1.211,1.883,88.261,0.004,1.188,1.877,88.198,-0.010,-0.023,-0.006,0.025,1|17,weighted_average,kalman(weighted_average),false
1789029681.639,175.862,-0.018,1.135,1.982,88.046,0.001,1.158,1.932,88.085,0.018,0.022,-0.050,0.058,17,weighted_average,kalman(weighted_average),false
1789029681.738,175.961,0.012,1.104,1.936,87.708,0.017,1.110,1.942,87.763,0.005,0.006,0.006,0.010,17,weighted_average,kalman(weighted_average),false
1789029681.790,176.013,-0.041,1.126,1.878,88.488,-0.019,1.113,1.902,88.125,0.023,-0.013,0.024,0.035,17,weighted_average,kalman(weighted_average),false
1789029681.839,176.062,0.012,1.106,1.841,87.803,-0.004,1.104,1.859,87.966,-0.016,-0.002,0.018,0.024,17,weighted_average,kalman(weighted_average),false
1789029681.897,176.120,-0.020,1.089,1.889,88.213,-0.014,1.090,1.867,88.086,0.006,0.001,-0.022,0.023,17,weighted_average,kalman(weighted_average),false
1789029681.951,176.174,-0.013,1.063,1.938,88.104,-0.015,1.069,1.907,88.107,-0.002,0.006,-0.031,0.031,17,weighted_average,kalman(weighted_average),false
1789029682.047,176.270,-0.053,1.067,1.938,88.701,-0.045,1.061,1.936,88.521,0.008,-0.006,-0.002,0.010,17,weighted_average,kalman(weighted_average),false
1789029682.102,176.325,-0.094,1.065,1.956,89.273,-0.083,1.061,1.955,89.037,0.011,-0.003,-0.001,0.011,17,weighted_average,kalman(weighted_average),false
1789029682.148,176.371,-0.025,1.022,1.940,88.348,-0.056,1.036,1.952,88.785,-0.031,0.014,0.011,0.036,17,weighted_average,kalman(weighted_average),false
1789029682.204,176.427,0.032,0.985,1.963,87.557,-0.003,0.999,1.962,88.167,-0.034,0.014,-0.001,0.037,17,weighted_average,kalman(weighted_average),false
1789029682.250,176.473,-0.014,1.016,1.816,88.196,-0.001,1.000,1.880,88.110,0.013,-0.016,0.063,0.067,17,weighted_average,kalman(weighted_average),false
1789029682.351,176.574,0.029,1.046,1.869,88.357,0.029,1.030,1.858,88.195,-0.000,-0.016,-0.012,0.020,1|17,weighted_average,kalman(weighted_average),false
1789029682.401,176.624,-0.001,0.968,1.907,88.034,0.015,0.993,1.885,88.098,0.015,0.025,-0.021,0.036,17,weighted_average,kalman(weighted_average),false
1789029682.450,176.673,-0.030,0.975,1.900,88.459,-0.012,0.978,1.896,88.276,0.018,0.003,-0.004,0.018,17,weighted_average,kalman(weighted_average),false
1789029682.505,176.728,-0.010,0.943,1.934,88.164,-0.015,0.951,1.923,88.234,-0.005,0.008,-0.011,0.015,17,weighted_average,kalman(weighted_average),false
1789029682.548,176.771,-0.021,0.960,1.852,88.376,-0.021,0.949,1.888,88.308,-0.000,-0.010,0.036,0.038,17,weighted_average,kalman(weighted_average),false
1789029682.645,176.868,-0.021,0.917,1.922,88.323,-0.024,0.919,1.911,88.339,-0.003,0.002,-0.011,0.011,17,weighted_average,kalman(weighted_average),false
1789029682.702,176.925,-0.050,0.923,1.914,88.740,-0.043,0.916,1.917,88.590,0.007,-0.007,0.002,0.010,17,weighted_average,kalman(weighted_average),false
1789029682.747,176.970,-0.009,0.876,1.910,88.107,-0.026,0.889,1.915,88.374,-0.017,0.013,0.005,0.022,17,weighted_average,kalman(weighted_average),false
1789029682.801,177.024,-0.017,0.875,1.925,88.246,-0.020,0.873,1.923,88.302,-0.002,-0.002,-0.002,0.004,17,weighted_average,kalman(weighted_average),false
1789029682.850,177.073,-0.079,0.895,1.962,89.176,-0.054,0.880,1.948,88.741,0.026,-0.016,-0.014,0.033,17,weighted_average,kalman(weighted_average),false
1789029682.952,177.175,-0.023,0.849,1.897,88.342,-0.036,0.853,1.915,88.554,-0.012,0.004,0.018,0.022,17,weighted_average,kalman(weighted_average),false
1789029683.008,177.231,-0.036,0.840,1.929,88.503,-0.033,0.840,1.920,88.511,0.002,-0.000,-0.009,0.010,17,weighted_average,kalman(weighted_average),false
1789029683.051,177.274,-0.041,0.836,1.897,88.602,-0.036,0.834,1.905,88.546,0.004,-0.003,0.008,0.009,17,weighted_average,kalman(weighted_average),false
1789029683.108,177.331,-0.035,0.822,1.895,88.498,-0.035,0.822,1.895,88.515,0.000,-0.000,-0.000,0.000,17,weighted_average,kalman(weighted_average),false
1789029683.154,177.377,-0.057,0.825,1.937,88.824,-0.047,0.820,1.916,88.666,0.009,-0.005,-0.021,0.023,17,weighted_average,kalman(weighted_average),false
1789029683.253,177.476,-0.045,0.791,1.828,88.594,-0.048,0.795,1.850,88.644,-0.003,0.003,0.022,0.023,17,weighted_average,kalman(weighted_average),false
1789029683.301,177.524,-0.085,0.799,1.894,89.193,-0.072,0.794,1.869,88.961,0.013,-0.006,-0.025,0.029,17,weighted_average,kalman(weighted_average),false
1789029683.350,177.573,-0.070,0.774,1.915,88.985,-0.075,0.779,1.895,89.027,-0.005,0.005,-0.021,0.022,17,weighted_average,kalman(weighted_average),false
1789029683.403,177.626,-0.037,0.749,1.893,88.471,-0.055,0.756,1.896,88.778,-0.018,0.007,0.004,0.020,17,weighted_average,kalman(weighted_average),false
1789029683.452,177.675,-0.001,0.712,1.909,87.916,-0.021,0.723,1.905,88.319,-0.020,0.012,-0.003,0.023,17,weighted_average,kalman(weighted_average),false
1789029683.560,177.783,-0.044,0.717,1.880,88.534,-0.031,0.708,1.888,88.356,0.012,-0.009,0.008,0.017,17,weighted_average,kalman(weighted_average),false
1789029683.610,177.833,-0.017,0.682,1.881,88.087,-0.023,0.688,1.881,88.185,-0.006,0.006,-0.000,0.008,17,weighted_average,kalman(weighted_average),false
1789029683.664,177.887,-0.015,0.673,1.852,88.024,-0.017,0.673,1.860,88.056,-0.002,0.000,0.008,0.008,17,weighted_average,kalman(weighted_average),false
1789029683.711,177.934,-0.032,0.668,1.859,88.253,-0.025,0.665,1.855,88.117,0.008,-0.003,-0.005,0.009,17,weighted_average,kalman(weighted_average),false
1789029683.766,177.989,-0.182,0.725,1.905,90.507,-0.122,0.697,1.881,89.373,0.060,-0.028,-0.024,0.070,17,weighted_average,kalman(weighted_average),false
1789029683.866,178.089,-0.041,0.639,1.837,88.323,-0.078,0.656,1.849,88.917,-0.037,0.016,0.013,0.042,17,weighted_average,kalman(weighted_average),false
1789029683.916,178.139,-0.069,0.628,1.901,88.717,-0.068,0.632,1.879,88.787,0.001,0.004,-0.022,0.022,17,weighted_average,kalman(weighted_average),false
1789029683.970,178.193,-0.013,0.602,1.838,87.848,-0.028,0.605,1.855,88.227,-0.015,0.003,0.017,0.023,17,weighted_average,kalman(weighted_average),false
1789029684.016,178.239,-0.030,0.606,1.865,88.124,-0.021,0.597,1.858,88.069,0.009,-0.009,-0.007,0.014,17,weighted_average,kalman(weighted_average),false
1789029684.069,178.292,0.019,0.556,1.862,87.290,0.010,0.565,1.859,87.551,-0.008,0.010,-0.003,0.013,17,weighted_average,kalman(weighted_average),false
1789029684.167,178.390,-0.059,0.579,1.877,88.515,-0.033,0.565,1.872,87.997,0.026,-0.013,-0.004,0.030,17,weighted_average,kalman(weighted_average),false
1789029684.215,178.438,-0.035,0.544,1.891,88.100,-0.039,0.550,1.886,88.078,-0.004,0.006,-0.005,0.009,17,weighted_average,kalman(weighted_average),false
1789029684.270,178.493,-0.028,0.528,1.906,87.985,-0.037,0.532,1.902,88.057,-0.009,0.005,-0.003,0.010,17,weighted_average,kalman(weighted_average),false
1789029684.317,178.540,-0.044,0.545,1.820,88.251,-0.043,0.535,1.858,88.173,0.001,-0.010,0.038,0.039,17,weighted_average,kalman(weighted_average),false
1789029684.373,178.596,-0.108,0.556,1.887,89.263,-0.085,0.545,1.870,88.788,0.023,-0.011,-0.017,0.030,17,weighted_average,kalman(weighted_average),false
1789029684.469,178.692,-0.045,0.480,1.886,88.249,-0.064,0.495,1.882,88.583,-0.019,0.016,-0.004,0.025,17,weighted_average,kalman(weighted_average),false
1789029684.523,178.746,-0.017,0.466,1.843,87.803,-0.031,0.468,1.857,88.125,-0.014,0.002,0.015,0.020,17,weighted_average,kalman(weighted_average),false
1789029684.571,178.794,-0.059,0.478,1.878,88.504,-0.042,0.466,1.867,88.262,0.018,-0.012,-0.011,0.024,17,weighted_average,kalman(weighted_average),false
1789029684.625,178.848,-0.080,0.471,1.874,88.830,-0.063,0.463,1.871,88.542,0.017,-0.008,-0.003,0.019,17,weighted_average,kalman(weighted_average),false
1789029684.674,178.897,-0.057,0.452,1.851,88.462,-0.062,0.453,1.859,88.531,-0.005,0.001,0.009,0.010,17,weighted_average,kalman(weighted_average),false
1789029684.772,178.995,-0.013,0.398,1.868,87.726,-0.026,0.407,1.864,88.015,-0.013,0.008,-0.004,0.016,17,weighted_average,kalman(weighted_average),false
1789029684.825,179.048,-0.041,0.399,1.890,88.206,-0.030,0.394,1.882,88.055,0.010,-0.005,-0.008,0.014,17,weighted_average,kalman(weighted_average),false
1789029684.877,179.100,-0.063,0.402,1.880,88.578,-0.049,0.393,1.884,88.303,0.014,-0.010,0.004,0.018,17,weighted_average,kalman(weighted_average),false
1789029684.926,179.149,-0.091,0.402,1.892,89.061,-0.076,0.394,1.891,88.718,0.015,-0.007,-0.001,0.017,17,weighted_average,kalman(weighted_average),false
1789029684.972,179.195,-0.041,0.368,1.845,88.254,-0.062,0.377,1.867,88.559,-0.020,0.009,0.022,0.031,17,weighted_average,kalman(weighted_average),false
1789029685.072,179.295,-0.033,0.339,1.863,88.118,-0.041,0.343,1.860,88.300,-0.008,0.004,-0.002,0.009,17,weighted_average,kalman(weighted_average),false
1789029685.118,179.341,-0.053,0.340,1.874,88.450,-0.046,0.336,1.868,88.356,0.007,-0.004,-0.006,0.010,17,weighted_average,kalman(weighted_average),false
1789029685.171,179.394,-0.021,0.302,1.903,87.950,-0.029,0.310,1.890,88.119,-0.008,0.007,-0.013,0.017,17,weighted_average,kalman(weighted_average),false
1789029685.222,179.445,-0.037,0.303,1.880,88.221,-0.030,0.299,1.888,88.124,0.007,-0.005,0.008,0.012,17,weighted_average,kalman(weighted_average),false
1789029685.272,179.495,-0.050,0.298,1.873,88.473,-0.040,0.292,1.881,88.275,0.010,-0.006,0.008,0.014,17,weighted_average,kalman(weighted_average),false
1789029685.375,179.598,-0.037,0.261,1.895,88.284,-0.038,0.263,1.892,88.288,-0.002,0.002,-0.003,0.004,17,weighted_average,kalman(weighted_average),false
1789029685.425,179.648,-0.019,0.239,1.874,88.029,-0.025,0.242,1.881,88.140,-0.007,0.003,0.008,0.011,17,weighted_average,kalman(weighted_average),false
1789029685.471,179.694,-0.048,0.243,1.880,88.595,-0.037,0.236,1.880,88.362,0.012,-0.006,-0.000,0.013,17,weighted_average,kalman(weighted_average),false
1789029685.522,179.745,-0.032,0.230,1.879,88.352,-0.035,0.227,1.879,88.379,-0.003,-0.002,-0.001,0.004,17,weighted_average,kalman(weighted_average),false
1789029685.573,179.796,-0.013,0.205,1.879,88.011,-0.022,0.209,1.878,88.205,-0.009,0.004,-0.001,0.010,17,weighted_average,kalman(weighted_average),false
1789029685.674,179.897,-0.005,0.176,1.885,87.922,-0.006,0.178,1.883,87.988,-0.001,0.001,-0.002,0.003,17,weighted_average,kalman(weighted_average),false
1789029685.726,179.949,-0.062,0.324,1.901,88.672,-0.041,0.270,1.895,88.355,0.021,-0.055,-0.005,0.059,6|17,weighted_average,kalman(weighted_average),false
1789029685.773,179.996,-0.013,0.161,1.875,88.100,-0.028,0.215,1.886,88.250,-0.015,0.054,0.010,0.057,17,weighted_average,kalman(weighted_average),false
1789029685.825,180.048,-0.017,0.152,1.866,88.212,-0.022,0.174,1.874,88.236,-0.005,0.023,0.007,0.024,17,weighted_average,kalman(weighted_average),false
1789029685.877,180.100,-0.027,0.150,1.871,88.401,-0.024,0.151,1.870,88.325,0.003,0.001,-0.001,0.004,17,weighted_average,kalman(weighted_average),false
1789029685.972,180.195,-0.003,0.122,1.853,88.051,-0.008,0.119,1.855,88.164,-0.005,-0.003,0.002,0.006,17,weighted_average,kalman(weighted_average),false

# =============================================================================
# Statistiche sessione  (campioni: 2914)
# Durata: 180.2 s
# raw_x: min=-4.1069  max=2.7379  media=0.0448
# raw_y: min=-5.0025  max=3.0766  media=-0.9583
# raw_z: min=-0.5816  max=2.6123  media=1.9734
# raw_yaw_deg: min=-179.9787  max=179.9949  media=28.1533
# filtered_x: min=-3.4169  max=1.7027  media=0.1016
# filtered_y: min=-4.8747  max=2.2822  media=-0.9630
# filtered_z: min=0.3071  max=2.4202  media=2.0012
# filtered_yaw_deg: min=-179.9914  max=179.9980  media=27.4929
# error_norm: min=0.0000  max=7.0301  media=0.1512
# Nota: per le colonne di yaw assoluto min/max sono estremi del wrap-around +/-180 deg, non l'ampiezza reale; la media e' circolare.
# =============================================================================
