# =============================================================================
# CONFRONTO POSE APRILTAG RAW E POSE FILTRATE KALMAN
# =============================================================================
# Descrizione: tabella per valutare quanto il filtro di Kalman modifica la posa stimata a partire dalle misure grezze degli AprilTag.
# Generato il: 2026-09-07 09:31:02
# Formato dati: tabella CSV testuale con separatore ','
# Nota: le righe che iniziano con '#' sono commenti descrittivi.
# Separatore degli ID AprilTag multipli: '|'
#
# Legenda colonne:
# - timestamp_s: timestamp assoluto UNIX del campione [s]
# - tempo_relativo_s: tempo trascorso dal primo campione del file [s]
# - raw_x_m: coordinata X della posa grezza AprilTag [m]
# - raw_y_m: coordinata Y della posa grezza AprilTag [m]
# - raw_z_m: coordinata Z della posa grezza AprilTag [m]
# - raw_yaw_deg: yaw associato alla posa grezza AprilTag [deg]
# - kalman_x_m: coordinata X dopo filtraggio di Kalman [m]
# - kalman_y_m: coordinata Y dopo filtraggio di Kalman [m]
# - kalman_z_m: coordinata Z dopo filtraggio di Kalman [m]
# - kalman_yaw_deg: yaw filtrato da Kalman se yaw_filter_enabled=True, altrimenti corrisponde a quello grezzo [deg]
# - errore_x_m: differenza kalman_x_m - raw_x_m [m]
# - errore_y_m: differenza kalman_y_m - raw_y_m [m]
# - errore_z_m: differenza kalman_z_m - raw_z_m [m]
# - norma_errore_m: norma euclidea della correzione introdotta dal filtro [m]
# - tag_ids: ID degli AprilTag usati per la stima, separati dal carattere indicato sopra
# - sorgente_raw: descrizione della sorgente della posa grezza
# - sorgente_kalman: descrizione della sorgente della posa filtrata
# - outlier_scartato: true se il filtro di Kalman ha scartato la misura grezza: la posa filtrata e' solo la previsione
# =============================================================================

timestamp_s,tempo_relativo_s,raw_x_m,raw_y_m,raw_z_m,raw_yaw_deg,kalman_x_m,kalman_y_m,kalman_z_m,kalman_yaw_deg,errore_x_m,errore_y_m,errore_z_m,norma_errore_m,tag_ids,sorgente_raw,sorgente_kalman,outlier_scartato
1788766020.283,0.000,0.051,-0.145,0.610,81.068,0.051,-0.145,0.610,81.068,0.000,0.000,0.000,0.000,1,weighted_average,kalman(weighted_average),false
1788766020.390,0.107,0.035,-0.145,0.641,81.466,0.035,-0.145,0.641,81.236,0.000,0.000,-0.000,0.000,1,weighted_average,kalman(weighted_average),false
1788766020.445,0.162,0.032,-0.144,0.648,81.557,0.033,-0.145,0.646,81.441,0.001,-0.000,-0.002,0.002,1,weighted_average,kalman(weighted_average),false
1788766020.494,0.211,0.028,-0.145,0.664,81.670,0.029,-0.145,0.660,81.622,0.001,0.000,-0.004,0.004,1,weighted_average,kalman(weighted_average),false
1788766020.545,0.262,0.041,-0.141,0.674,81.303,0.036,-0.142,0.673,81.521,-0.005,-0.001,-0.001,0.005,1,weighted_average,kalman(weighted_average),false
1788766020.596,0.313,0.045,-0.139,0.689,81.185,0.042,-0.140,0.687,81.372,-0.003,-0.000,-0.002,0.003,1,weighted_average,kalman(weighted_average),false
1788766020.713,0.430,0.044,-0.138,0.711,81.199,0.045,-0.138,0.712,81.238,0.001,0.000,0.001,0.002,1,weighted_average,kalman(weighted_average),false
1788766020.766,0.484,0.050,-0.136,0.718,81.047,0.049,-0.136,0.719,81.101,-0.001,-0.000,0.002,0.002,1,weighted_average,kalman(weighted_average),false
1788766020.819,0.536,0.041,-0.137,0.729,81.268,0.044,-0.136,0.729,81.159,0.004,0.001,-0.000,0.004,1,weighted_average,kalman(weighted_average),false
1788766020.881,0.598,0.041,-0.136,0.742,81.254,0.042,-0.136,0.741,81.199,0.001,0.000,-0.001,0.001,1,weighted_average,kalman(weighted_average),false
1788766020.991,0.709,0.043,-0.134,0.759,81.188,0.043,-0.134,0.759,81.190,-0.001,-0.000,0.001,0.001,1,weighted_average,kalman(weighted_average),false
1788766021.044,0.761,0.034,-0.136,0.767,81.424,0.037,-0.135,0.768,81.331,0.003,0.001,0.000,0.003,1,weighted_average,kalman(weighted_average),false
1788766021.094,0.812,0.032,-0.137,0.775,81.469,0.033,-0.136,0.775,81.429,0.001,0.001,0.000,0.001,1,weighted_average,kalman(weighted_average),false
1788766021.145,0.863,0.035,-0.133,0.782,81.366,0.033,-0.135,0.783,81.426,-0.002,-0.001,0.000,0.003,1,weighted_average,kalman(weighted_average),false
1788766021.198,0.915,0.036,-0.133,0.788,81.350,0.034,-0.133,0.789,81.406,-0.002,-0.001,0.001,0.002,1,weighted_average,kalman(weighted_average),false
1788766021.322,1.039,0.042,-0.132,0.802,81.136,0.041,-0.132,0.803,81.215,-0.001,0.000,0.001,0.002,1,weighted_average,kalman(weighted_average),false
1788766021.374,1.092,0.042,-0.130,0.808,81.115,0.042,-0.130,0.809,81.128,0.001,-0.001,0.000,0.001,1,weighted_average,kalman(weighted_average),false
1788766021.435,1.152,0.046,-0.129,0.814,80.988,0.046,-0.129,0.814,81.009,-0.000,0.000,0.000,0.000,1,weighted_average,kalman(weighted_average),false
1788766021.491,1.208,0.046,-0.129,0.818,80.963,0.047,-0.129,0.819,80.944,0.001,0.000,0.001,0.001,1,weighted_average,kalman(weighted_average),false
1788766021.612,1.329,0.025,-0.131,0.817,81.506,0.029,-0.130,0.819,81.325,0.004,0.001,0.002,0.005,1,weighted_average,kalman(weighted_average),false
1788766021.662,1.379,0.034,-0.128,0.818,81.271,0.030,-0.129,0.818,81.339,-0.004,-0.001,0.000,0.004,1,weighted_average,kalman(weighted_average),false
1788766021.716,1.433,0.038,-0.125,0.823,81.149,0.034,-0.127,0.821,81.268,-0.004,-0.001,-0.002,0.005,1,weighted_average,kalman(weighted_average),false
1788766021.767,1.484,0.025,-0.127,0.819,81.469,0.029,-0.126,0.821,81.388,0.003,0.000,0.001,0.003,1,weighted_average,kalman(weighted_average),false
1788766021.880,1.597,0.019,-0.128,0.820,81.627,0.020,-0.127,0.820,81.598,0.001,0.001,0.000,0.001,1,weighted_average,kalman(weighted_average),false
1788766021.928,1.645,0.023,-0.126,0.822,81.527,0.021,-0.127,0.821,81.589,-0.002,-0.000,-0.001,0.002,1,weighted_average,kalman(weighted_average),false
1788766021.976,1.693,0.033,-0.123,0.820,81.270,0.028,-0.124,0.821,81.439,-0.005,-0.001,0.001,0.006,1,weighted_average,kalman(weighted_average),false
1788766022.031,1.748,0.035,-0.123,0.820,81.209,0.033,-0.123,0.820,81.304,-0.002,-0.000,0.000,0.002,1,weighted_average,kalman(weighted_average),false
1788766022.078,1.796,0.036,-0.123,0.818,81.199,0.036,-0.123,0.819,81.222,0.000,0.000,0.001,0.001,1,weighted_average,kalman(weighted_average),false
1788766022.206,1.923,0.039,-0.123,0.817,81.140,0.040,-0.122,0.817,81.118,0.001,0.000,0.000,0.001,1,weighted_average,kalman(weighted_average),false
1788766022.252,1.969,0.027,-0.124,0.815,81.458,0.032,-0.123,0.815,81.305,0.005,0.001,0.000,0.005,1,weighted_average,kalman(weighted_average),false
1788766022.302,2.019,0.035,-0.121,0.813,81.282,0.033,-0.122,0.813,81.309,-0.002,-0.001,0.000,0.002,1,weighted_average,kalman(weighted_average),false
1788766022.353,2.071,0.039,-0.119,0.817,81.209,0.036,-0.120,0.815,81.268,-0.003,-0.001,-0.002,0.004,1,weighted_average,kalman(weighted_average),false
1788766022.402,2.119,0.032,-0.121,0.820,81.405,0.034,-0.120,0.818,81.340,0.002,0.001,-0.002,0.003,1,weighted_average,kalman(weighted_average),false
1788766022.514,2.232,0.053,-0.116,0.846,80.759,0.049,-0.116,0.841,80.942,-0.004,-0.001,-0.005,0.006,1,weighted_average,kalman(weighted_average),false
1788766022.569,2.286,0.045,-0.119,0.860,80.789,0.048,-0.118,0.857,80.791,0.004,0.002,-0.002,0.004,1,weighted_average,kalman(weighted_average),false
1788766022.620,2.337,0.050,-0.116,0.866,80.544,0.050,-0.117,0.867,80.593,0.000,-0.000,0.002,0.002,1,weighted_average,kalman(weighted_average),false
1788766022.671,2.388,0.042,-0.115,0.879,80.570,0.046,-0.115,0.879,80.506,0.004,-0.001,-0.000,0.004,1,weighted_average,kalman(weighted_average),false
1788766022.719,2.436,0.049,-0.116,0.888,80.286,0.048,-0.115,0.889,80.331,-0.001,0.001,0.001,0.002,1,weighted_average,kalman(weighted_average),false
1788766022.844,2.561,0.052,-0.116,0.935,79.776,0.051,-0.115,0.932,79.822,-0.001,0.000,-0.003,0.003,1,weighted_average,kalman(weighted_average),false
1788766022.886,2.603,0.046,-0.117,0.942,79.857,0.049,-0.116,0.944,79.773,0.002,0.000,0.002,0.003,1,weighted_average,kalman(weighted_average),false
1788766022.939,2.656,0.039,-0.115,0.965,79.895,0.042,-0.116,0.963,79.770,0.003,-0.001,-0.001,0.004,1,weighted_average,kalman(weighted_average),false
1788766022.991,2.708,0.049,-0.116,0.975,79.587,0.045,-0.116,0.977,79.626,-0.004,-0.000,0.002,0.005,1,weighted_average,kalman(weighted_average),false
1788766023.043,2.760,0.050,-0.113,1.001,79.370,0.048,-0.114,0.998,79.434,-0.002,-0.001,-0.003,0.004,1,weighted_average,kalman(weighted_average),false
1788766023.169,2.886,0.047,-0.108,1.041,79.180,0.048,-0.109,1.041,79.158,0.001,-0.001,0.000,0.001,1,weighted_average,kalman(weighted_average),false
1788766023.221,2.938,0.044,-0.109,1.054,79.140,0.045,-0.108,1.055,79.102,0.001,0.001,0.001,0.002,1,weighted_average,kalman(weighted_average),false
1788766023.267,2.984,0.047,-0.108,1.077,78.893,0.046,-0.108,1.074,78.950,-0.001,0.001,-0.003,0.003,1,weighted_average,kalman(weighted_average),false
1788766023.319,3.037,0.041,-0.107,1.085,79.005,0.043,-0.107,1.088,78.924,0.002,0.000,0.003,0.003,1,weighted_average,kalman(weighted_average),false
1788766023.437,3.154,0.046,-0.104,1.121,78.618,0.044,-0.104,1.122,78.648,-0.001,-0.000,0.001,0.001,1,weighted_average,kalman(weighted_average),false
1788766023.490,3.207,0.045,-0.100,1.139,78.517,0.045,-0.101,1.138,78.522,0.000,-0.001,-0.001,0.001,1,weighted_average,kalman(weighted_average),false
1788766023.537,3.254,0.046,-0.101,1.166,78.336,0.046,-0.100,1.161,78.372,-0.000,0.000,-0.005,0.005,1,weighted_average,kalman(weighted_average),false
1788766023.589,3.306,0.040,-0.097,1.170,78.431,0.043,-0.098,1.174,78.342,0.002,-0.001,0.004,0.005,1,weighted_average,kalman(weighted_average),false
1788766023.640,3.357,0.038,-0.098,1.195,78.316,0.039,-0.097,1.193,78.283,0.002,0.001,-0.002,0.003,1,weighted_average,kalman(weighted_average),false
1788766023.746,3.463,-0.022,0.122,1.346,77.971,-0.010,0.077,1.322,78.014,0.012,-0.045,-0.024,0.052,17,weighted_average,kalman(weighted_average),false
1788766023.797,3.514,-0.027,0.120,1.331,78.039,-0.029,0.131,1.347,77.981,-0.002,0.011,0.016,0.020,17,weighted_average,kalman(weighted_average),false
1788766023.848,3.565,-0.047,0.138,1.355,78.406,-0.047,0.160,1.368,78.178,-0.001,0.022,0.013,0.025,17,weighted_average,kalman(weighted_average),false
1788766023.902,3.619,-0.040,0.133,1.400,78.223,-0.051,0.163,1.401,78.210,-0.011,0.030,0.001,0.032,17,weighted_average,kalman(weighted_average),false
1788766023.952,3.669,-0.044,0.141,1.404,78.309,-0.051,0.161,1.415,78.272,-0.007,0.020,0.012,0.024,17,weighted_average,kalman(weighted_average),false
1788766024.065,3.782,-0.047,0.132,1.457,78.261,-0.050,0.143,1.460,78.286,-0.004,0.011,0.002,0.012,17,weighted_average,kalman(weighted_average),false
1788766024.118,3.835,-0.033,0.122,1.423,77.998,-0.039,0.126,1.442,78.116,-0.005,0.004,0.018,0.020,17,weighted_average,kalman(weighted_average),false
1788766024.171,3.888,-0.036,0.131,1.449,78.059,-0.035,0.125,1.447,78.059,0.001,-0.006,-0.001,0.006,17,weighted_average,kalman(weighted_average),false
1788766024.214,3.931,-0.031,0.126,1.477,77.947,-0.031,0.123,1.466,77.979,-0.000,-0.003,-0.011,0.011,17,weighted_average,kalman(weighted_average),false
1788766024.270,3.987,-0.051,0.147,1.531,78.338,-0.041,0.136,1.510,78.136,0.010,-0.011,-0.021,0.026,17,weighted_average,kalman(weighted_average),false
1788766024.379,4.096,-0.050,0.145,1.565,78.282,-0.049,0.145,1.565,78.249,0.001,-0.001,0.000,0.001,17,weighted_average,kalman(weighted_average),false
1788766024.432,4.149,-0.056,0.159,1.597,78.450,-0.055,0.156,1.595,78.388,0.001,-0.003,-0.002,0.004,17,weighted_average,kalman(weighted_average),false
1788766024.481,4.198,-0.037,0.138,1.566,78.092,-0.046,0.147,1.587,78.259,-0.008,0.009,0.021,0.024,17,weighted_average,kalman(weighted_average),false
1788766024.535,4.252,-0.043,0.144,1.617,78.209,-0.044,0.145,1.610,78.234,-0.000,0.001,-0.007,0.007,17,weighted_average,kalman(weighted_average),false
1788766024.589,4.306,-0.032,0.139,1.620,78.018,-0.036,0.141,1.623,78.114,-0.004,0.002,0.003,0.005,17,weighted_average,kalman(weighted_average),false
1788766024.708,4.425,-0.028,0.135,1.662,77.955,-0.028,0.135,1.661,77.968,0.000,0.000,-0.001,0.001,17,weighted_average,kalman(weighted_average),false
1788766024.757,4.474,-0.041,0.152,1.679,78.242,-0.036,0.146,1.678,78.110,0.006,-0.006,-0.001,0.009,17,weighted_average,kalman(weighted_average),false
1788766024.810,4.528,-0.033,0.146,1.671,78.082,-0.035,0.147,1.680,78.100,-0.002,0.001,0.009,0.009,17,weighted_average,kalman(weighted_average),false
1788766024.859,4.577,-0.059,0.161,1.727,78.551,-0.049,0.156,1.712,78.343,0.009,-0.004,-0.015,0.018,17,weighted_average,kalman(weighted_average),false
1788766024.909,4.626,-0.025,0.135,1.732,77.924,-0.038,0.146,1.732,78.168,-0.012,0.011,-0.000,0.016,17,weighted_average,kalman(weighted_average),false
1788766025.031,4.748,-0.032,0.140,1.773,78.068,-0.032,0.140,1.774,78.092,-0.000,0.000,0.001,0.001,17,weighted_average,kalman(weighted_average),false
1788766025.076,4.793,0.002,0.119,1.792,77.449,-0.009,0.126,1.791,77.703,-0.011,0.007,-0.001,0.013,17,weighted_average,kalman(weighted_average),false
1788766025.128,4.845,-0.017,0.135,1.792,77.801,-0.009,0.128,1.798,77.685,0.007,-0.006,0.007,0.012,17,weighted_average,kalman(weighted_average),false
1788766025.179,4.896,-0.010,0.128,1.813,77.674,-0.007,0.127,1.812,77.629,0.003,-0.001,-0.001,0.003,17,weighted_average,kalman(weighted_average),false
1788766025.225,4.942,-0.000,0.117,1.847,77.463,-0.002,0.120,1.838,77.504,-0.001,0.003,-0.009,0.010,17,weighted_average,kalman(weighted_average),false
1788766025.351,5.068,-0.030,0.151,1.842,78.068,-0.023,0.144,1.849,77.861,0.007,-0.007,0.007,0.012,17,weighted_average,kalman(weighted_average),false
1788766025.398,5.115,-0.018,0.146,1.876,77.893,-0.023,0.149,1.868,77.924,-0.005,0.003,-0.008,0.010,17,weighted_average,kalman(weighted_average),false
1788766025.449,5.167,-0.003,0.136,1.892,77.615,-0.013,0.144,1.887,77.794,-0.009,0.008,-0.005,0.013,17,weighted_average,kalman(weighted_average),false
1788766025.501,5.218,-0.019,0.148,1.878,77.896,-0.016,0.147,1.887,77.856,0.003,-0.001,0.009,0.010,17,weighted_average,kalman(weighted_average),false
1788766025.550,5.267,-0.018,0.148,1.871,77.890,-0.017,0.149,1.881,77.889,0.001,0.000,0.009,0.009,17,weighted_average,kalman(weighted_average),false
1788766025.677,5.394,-0.019,0.142,1.955,77.868,-0.019,0.144,1.944,77.893,-0.000,0.002,-0.011,0.011,17,weighted_average,kalman(weighted_average),false
1788766025.725,5.442,-0.019,0.141,1.964,77.845,-0.019,0.142,1.966,77.866,-0.000,0.000,0.002,0.002,17,weighted_average,kalman(weighted_average),false
1788766025.780,5.497,-0.027,0.153,1.975,78.017,-0.025,0.148,1.982,77.950,0.003,-0.005,0.006,0.008,17,weighted_average,kalman(weighted_average),false
1788766025.831,5.548,-0.016,0.141,1.992,77.769,-0.020,0.144,1.996,77.863,-0.004,0.003,0.004,0.006,17,weighted_average,kalman(weighted_average),false
1788766025.879,5.596,-0.038,0.165,1.954,78.199,-0.030,0.156,1.978,78.031,0.007,-0.008,0.024,0.026,17,weighted_average,kalman(weighted_average),false
1788766026.002,5.719,0.000,0.137,1.999,77.471,-0.006,0.142,1.996,77.645,-0.007,0.005,-0.003,0.009,17,weighted_average,kalman(weighted_average),false
1788766026.049,5.766,-0.026,0.163,1.974,77.988,-0.016,0.154,1.984,77.801,0.010,-0.009,0.010,0.017,17,weighted_average,kalman(weighted_average),false
1788766026.101,5.818,-0.021,0.159,1.997,77.884,-0.019,0.158,1.992,77.834,0.003,-0.001,-0.005,0.006,17,weighted_average,kalman(weighted_average),false
1788766026.149,5.866,-0.006,0.131,2.046,77.474,-0.011,0.143,2.026,77.641,-0.005,0.011,-0.021,0.024,17,weighted_average,kalman(weighted_average),false
1788766026.204,5.921,-0.015,0.144,2.034,77.495,-0.012,0.141,2.038,77.525,0.003,-0.002,0.004,0.006,17,weighted_average,kalman(weighted_average),false
1788766026.311,6.028,-0.007,0.146,2.040,77.223,-0.007,0.143,2.046,77.259,-0.000,-0.002,0.005,0.006,17,weighted_average,kalman(weighted_average),false
1788766026.364,6.081,-0.030,0.156,2.049,77.595,-0.022,0.152,2.050,77.413,0.008,-0.004,0.000,0.009,17,weighted_average,kalman(weighted_average),false
1788766026.412,6.129,-0.038,0.165,2.032,77.731,-0.034,0.162,2.040,77.580,0.004,-0.003,0.008,0.010,17,weighted_average,kalman(weighted_average),false
1788766026.465,6.182,-0.015,0.144,2.070,77.275,-0.026,0.154,2.058,77.439,-0.011,0.009,-0.012,0.019,17,weighted_average,kalman(weighted_average),false
1788766026.517,6.234,-0.023,0.149,2.079,77.416,-0.025,0.151,2.073,77.417,-0.001,0.002,-0.005,0.006,17,weighted_average,kalman(weighted_average),false
1788766026.645,6.362,-0.026,0.157,2.076,77.492,-0.026,0.156,2.079,77.462,0.000,-0.001,0.004,0.004,17,weighted_average,kalman(weighted_average),false
1788766026.694,6.411,-0.024,0.164,2.043,77.485,-0.025,0.162,2.056,77.481,-0.001,-0.002,0.012,0.013,17,weighted_average,kalman(weighted_average),false
1788766026.745,6.462,-0.040,0.173,2.068,77.776,-0.034,0.171,2.060,77.654,0.006,-0.003,-0.008,0.010,17,weighted_average,kalman(weighted_average),false
1788766026.796,6.513,-0.019,0.157,2.081,77.395,-0.027,0.164,2.072,77.547,-0.007,0.008,-0.009,0.014,17,weighted_average,kalman(weighted_average),false
1788766026.847,6.564,-0.030,0.171,2.058,77.610,-0.028,0.168,2.064,77.584,0.002,-0.002,0.007,0.007,17,weighted_average,kalman(weighted_average),false
1788766026.968,6.685,-0.012,0.154,2.080,77.277,-0.015,0.157,2.077,77.367,-0.003,0.003,-0.003,0.005,17,weighted_average,kalman(weighted_average),false
1788766027.018,6.735,-0.022,0.159,2.089,77.453,-0.018,0.157,2.087,77.390,0.004,-0.002,-0.002,0.005,17,weighted_average,kalman(weighted_average),false
1788766027.068,6.785,-0.009,0.159,2.048,77.243,-0.012,0.157,2.065,77.291,-0.003,-0.002,0.017,0.018,17,weighted_average,kalman(weighted_average),false
1788766027.117,6.834,-0.025,0.168,2.066,77.530,-0.018,0.163,2.064,77.390,0.007,-0.005,-0.002,0.009,17,weighted_average,kalman(weighted_average),false
1788766027.169,6.886,-0.015,0.159,2.082,77.337,-0.017,0.161,2.073,77.360,-0.002,0.002,-0.009,0.009,17,weighted_average,kalman(weighted_average),false
1788766027.290,7.007,-0.021,0.171,2.052,77.474,-0.020,0.169,2.057,77.436,0.001,-0.002,0.004,0.005,17,weighted_average,kalman(weighted_average),false
1788766027.341,7.058,-0.025,0.183,2.037,77.590,-0.024,0.179,2.041,77.540,0.001,-0.003,0.004,0.005,17,weighted_average,kalman(weighted_average),false
1788766027.393,7.110,-0.026,0.177,2.057,77.585,-0.026,0.180,2.047,77.589,-0.000,0.003,-0.010,0.010,17,weighted_average,kalman(weighted_average),false
1788766027.446,7.163,-0.031,0.182,2.053,77.684,-0.030,0.183,2.049,77.665,0.001,0.001,-0.004,0.004,17,weighted_average,kalman(weighted_average),false
1788766027.496,7.213,-0.014,0.174,2.058,77.390,-0.022,0.179,2.054,77.548,-0.008,0.005,-0.004,0.010,17,weighted_average,kalman(weighted_average),false
1788766027.608,7.325,-0.552,0.687,2.376,84.392,-0.022,0.179,2.054,82.442,0.531,-0.508,-0.322,0.802,3,weighted_average,kalman(weighted_average),true
1788766027.655,7.372,-0.154,0.672,2.383,79.246,-0.140,0.621,2.349,81.234,0.014,-0.051,-0.034,0.063,15,weighted_average,kalman(weighted_average),false
1788766027.710,7.427,-0.184,0.660,2.393,79.559,-0.184,0.700,2.414,80.619,-0.000,0.041,0.021,0.046,15,weighted_average,kalman(weighted_average),false
1788766027.764,7.481,0.092,0.675,2.527,76.710,-0.184,0.700,2.414,78.559,-0.275,0.025,-0.113,0.298,15,weighted_average,kalman(weighted_average),true
1788766027.832,7.549,-0.364,0.787,1.559,82.710,-0.184,0.700,2.414,80.676,0.181,-0.086,0.855,0.879,3,weighted_average,kalman(weighted_average),true
1788766027.948,7.665,-0.619,0.784,1.789,85.190,-0.596,0.780,1.822,84.297,0.023,-0.004,0.033,0.040,3,weighted_average,kalman(weighted_average),false
1788766028.004,7.722,0.248,0.726,2.061,76.562,-0.596,0.780,1.822,80.008,-0.844,0.054,-0.239,0.879,3,weighted_average,kalman(weighted_average),true
1788766028.050,7.767,0.095,0.723,2.392,76.759,-0.596,0.780,1.822,77.936,-0.692,0.057,-0.570,0.898,15,weighted_average,kalman(weighted_average),true
1788766028.105,7.822,-0.157,0.698,2.286,79.339,-0.197,0.706,2.244,78.096,-0.040,0.007,-0.042,0.058,15,weighted_average,kalman(weighted_average),false
1788766028.219,7.936,-0.551,0.791,1.873,84.490,-0.197,0.706,2.244,82.341,0.354,-0.085,0.371,0.520,3,weighted_average,kalman(weighted_average),true
1788766028.270,7.987,-0.349,0.817,1.524,82.549,-0.197,0.706,2.244,83.007,0.151,-0.111,0.720,0.744,3,weighted_average,kalman(weighted_average),true
1788766028.320,8.038,0.156,0.780,1.845,77.547,0.137,0.777,1.865,80.444,-0.018,-0.004,0.021,0.028,3,weighted_average,kalman(weighted_average),false
1788766028.375,8.092,-0.001,0.195,2.062,77.215,0.137,0.777,1.865,78.559,0.139,0.582,-0.197,0.630,17,weighted_average,kalman(weighted_average),true
1788766028.421,8.138,-0.019,0.202,2.064,77.505,0.137,0.777,1.865,77.658,0.156,0.574,-0.199,0.628,17,weighted_average,kalman(weighted_average),true
1788766028.536,8.253,0.000,0.187,2.088,77.159,0.009,0.225,2.073,76.748,0.009,0.038,-0.014,0.042,17,weighted_average,kalman(weighted_average),false
1788766028.586,8.303,-0.005,0.199,2.057,77.280,-0.011,0.159,2.081,76.871,-0.007,-0.039,0.023,0.046,17,weighted_average,kalman(weighted_average),false
1788766028.635,8.352,-0.034,0.222,2.045,77.814,-0.036,0.160,2.070,77.273,-0.002,-0.062,0.025,0.067,17,weighted_average,kalman(weighted_average),false
1788766028.689,8.406,-0.007,0.193,2.058,77.281,-0.028,0.158,2.068,77.262,-0.021,-0.035,0.010,0.042,17,weighted_average,kalman(weighted_average),false
1788766028.803,8.520,-0.838,0.738,0.916,87.389,-0.028,0.158,2.068,84.631,0.810,-0.580,1.151,1.523,3,weighted_average,kalman(weighted_average),true
1788766028.854,8.571,0.024,0.679,2.516,78.595,-0.028,0.158,2.068,82.018,-0.052,-0.521,-0.448,0.689,3,weighted_average,kalman(weighted_average),true
1788766028.907,8.624,-0.111,0.707,2.452,79.983,-0.107,0.679,2.432,81.184,0.004,-0.028,-0.020,0.035,3,weighted_average,kalman(weighted_average),false
1788766028.958,8.675,-0.652,0.721,0.633,85.555,-0.107,0.679,2.432,83.604,0.545,-0.042,1.799,1.881,3,weighted_average,kalman(weighted_average),true
1788766029.006,8.723,-0.501,0.761,2.217,83.934,-0.107,0.679,2.432,84.214,0.394,-0.081,0.215,0.457,3,weighted_average,kalman(weighted_average),true
1788766029.115,8.833,-0.912,0.785,1.465,88.067,-0.107,0.679,2.432,87.467,0.805,-0.105,0.968,1.263,3,weighted_average,kalman(weighted_average),true
1788766029.166,8.883,0.062,0.732,2.262,78.345,0.054,0.730,2.269,82.579,-0.007,-0.002,0.007,0.011,3,weighted_average,kalman(weighted_average),false
1788766029.218,8.936,-0.760,0.790,1.896,86.526,0.054,0.730,2.269,84.377,0.814,-0.060,0.373,0.897,3,weighted_average,kalman(weighted_average),true
1788766029.264,8.981,-0.902,0.790,1.512,87.958,0.054,0.730,2.269,86.271,0.956,-0.060,0.757,1.221,3,weighted_average,kalman(weighted_average),true
1788766029.317,9.034,0.090,0.795,1.891,78.201,0.086,0.788,1.933,82.401,-0.004,-0.007,0.042,0.043,3,weighted_average,kalman(weighted_average),false
1788766029.427,9.144,-0.813,0.801,1.262,87.113,0.086,0.788,1.933,85.172,0.900,-0.013,0.671,1.122,3,weighted_average,kalman(weighted_average),true
1788766029.481,9.198,-0.814,0.800,1.683,87.092,0.086,0.788,1.933,86.660,0.900,-0.012,0.250,0.934,3,weighted_average,kalman(weighted_average),true
1788766029.532,9.249,-0.367,0.801,0.971,82.795,0.086,0.788,1.933,84.948,0.453,-0.014,0.962,1.063,3,weighted_average,kalman(weighted_average),true
1788766029.577,9.294,-0.019,0.820,1.826,79.342,-0.015,0.819,1.830,82.057,0.004,-0.001,0.004,0.005,3,weighted_average,kalman(weighted_average),false
1788766029.635,9.352,-0.319,0.832,1.700,82.277,-0.225,0.830,1.735,81.647,0.094,-0.002,0.035,0.100,3,weighted_average,kalman(weighted_average),false
1788766029.747,9.464,-0.440,0.798,2.024,83.410,-0.438,0.807,1.954,82.453,0.002,0.009,-0.070,0.071,3,weighted_average,kalman(weighted_average),false
1788766029.801,9.518,-0.009,0.686,2.515,78.977,-0.438,0.807,1.954,80.375,-0.429,0.121,-0.562,0.717,3,weighted_average,kalman(weighted_average),true
1788766029.855,9.572,-0.029,0.713,2.413,79.228,-0.438,0.807,1.954,79.405,-0.409,0.094,-0.460,0.622,3,weighted_average,kalman(weighted_average),true
1788766029.907,9.624,-0.843,0.788,1.810,87.405,-0.806,0.789,1.824,83.414,0.037,0.002,0.013,0.039,3,weighted_average,kalman(weighted_average),false
1788766030.014,9.731,-0.124,0.750,2.179,79.129,-0.806,0.789,1.824,80.952,-0.682,0.039,-0.355,0.770,15,weighted_average,kalman(weighted_average),true
1788766030.075,9.792,-0.851,0.719,0.703,87.574,-0.806,0.789,1.824,84.858,0.045,0.070,1.121,1.124,3,weighted_average,kalman(weighted_average),true
1788766030.128,9.846,-0.633,0.727,0.632,85.439,-0.806,0.789,1.824,85.652,-0.172,0.062,1.192,1.206,3,weighted_average,kalman(weighted_average),true
1788766030.176,9.893,-0.180,0.698,2.382,79.625,-0.201,0.701,2.363,82.860,-0.021,0.003,-0.019,0.028,15,weighted_average,kalman(weighted_average),false
1788766030.297,10.014,-0.768,0.733,0.703,86.766,-0.201,0.701,2.363,85.537,0.568,-0.032,1.660,1.754,3,weighted_average,kalman(weighted_average),true
1788766030.349,10.066,-0.003,0.738,2.358,77.887,-0.019,0.735,2.359,81.198,-0.016,-0.003,0.000,0.016,15,weighted_average,kalman(weighted_average),false
1788766030.404,10.121,0.108,0.773,2.107,78.067,0.087,0.765,2.188,78.932,-0.021,-0.009,0.081,0.084,3,weighted_average,kalman(weighted_average),false
1788766030.449,10.166,-0.018,0.710,2.459,78.009,0.087,0.765,2.188,77.839,0.105,0.055,-0.271,0.296,15,weighted_average,kalman(weighted_average),true
1788766030.502,10.219,-0.064,0.714,2.476,79.620,-0.030,0.725,2.412,78.102,0.033,0.011,-0.064,0.073,3,weighted_average,kalman(weighted_average),false
1788766030.611,10.328,-0.088,0.720,2.424,78.734,-0.095,0.715,2.455,78.070,-0.007,-0.005,0.031,0.032,15,weighted_average,kalman(weighted_average),false
1788766030.664,10.381,-0.013,0.795,2.089,79.278,-0.095,0.715,2.455,78.719,-0.082,-0.080,0.367,0.384,3,weighted_average,kalman(weighted_average),true
1788766030.725,10.443,-0.854,0.740,0.779,87.637,-0.095,0.715,2.455,84.067,0.760,-0.025,1.676,1.841,3,weighted_average,kalman(weighted_average),true
1788766030.780,10.497,0.160,0.729,2.541,76.205,0.138,0.728,2.534,80.568,-0.022,-0.001,-0.007,0.023,15,weighted_average,kalman(weighted_average),false
1788766030.884,10.601,-0.098,0.787,2.237,80.088,0.138,0.728,2.534,80.219,0.236,-0.060,0.297,0.384,3,weighted_average,kalman(weighted_average),true
1788766030.943,10.660,-0.415,0.792,2.203,83.214,-0.363,0.786,2.234,82.025,0.052,-0.006,0.031,0.061,3,weighted_average,kalman(weighted_average),false
1788766030.996,10.713,-0.831,0.806,1.821,87.355,-0.363,0.786,2.234,85.312,0.468,-0.020,0.412,0.624,3,weighted_average,kalman(weighted_average),true
1788766031.056,10.773,0.006,0.227,2.058,77.367,-0.363,0.786,2.234,81.541,-0.369,0.559,0.176,0.692,17,weighted_average,kalman(weighted_average),true
1788766031.174,10.891,-0.008,0.234,2.070,77.627,-0.027,0.263,2.078,78.350,-0.018,0.029,0.009,0.035,17,weighted_average,kalman(weighted_average),false
1788766031.233,10.950,-0.022,0.240,2.082,77.880,0.006,0.201,2.067,77.544,0.028,-0.039,-0.014,0.050,17,weighted_average,kalman(weighted_average),false
1788766031.282,10.999,0.014,0.222,2.083,77.281,0.029,0.184,2.069,76.984,0.016,-0.038,-0.014,0.043,17,weighted_average,kalman(weighted_average),false
1788766031.339,11.056,-0.001,0.250,2.038,77.625,0.026,0.205,2.044,76.924,0.026,-0.045,0.006,0.053,17,weighted_average,kalman(weighted_average),false
1788766031.468,11.185,-0.011,0.246,2.055,77.756,0.001,0.233,2.047,77.261,0.012,-0.012,-0.008,0.019,17,weighted_average,kalman(weighted_average),false
1788766031.524,11.241,-0.009,0.247,2.027,77.729,-0.010,0.247,2.034,77.582,-0.001,0.000,0.007,0.007,17,weighted_average,kalman(weighted_average),false
1788766031.588,11.305,0.002,0.231,2.076,77.523,-0.006,0.241,2.061,77.620,-0.008,0.010,-0.015,0.020,17,weighted_average,kalman(weighted_average),false
1788766031.653,11.370,0.009,0.228,2.073,77.405,0.003,0.233,2.073,77.539,-0.006,0.006,0.000,0.008,17,weighted_average,kalman(weighted_average),false
1788766031.767,11.484,0.018,0.230,2.069,77.285,0.016,0.229,2.073,77.363,-0.002,-0.000,0.004,0.005,17,weighted_average,kalman(weighted_average),false
1788766031.824,11.542,0.023,0.219,2.092,77.171,0.023,0.222,2.086,77.219,0.000,0.003,-0.005,0.006,17,weighted_average,kalman(weighted_average),false
1788766031.881,11.598,-0.596,0.780,0.708,85.217,0.023,0.222,2.086,81.875,0.619,-0.558,1.378,1.611,3,weighted_average,kalman(weighted_average),true
1788766031.940,11.657,0.365,0.757,2.149,75.671,0.023,0.222,2.086,79.099,-0.342,-0.536,-0.063,0.639,3,weighted_average,kalman(weighted_average),true
1788766032.108,11.825,-0.755,0.771,0.783,86.760,0.023,0.222,2.086,85.630,0.778,-0.549,1.304,1.614,3,weighted_average,kalman(weighted_average),true
1788766032.190,11.907,-1.026,0.790,1.272,89.365,-1.010,0.781,1.285,89.336,0.017,-0.009,0.013,0.023,3,weighted_average,kalman(weighted_average),false
1788766032.241,11.958,-0.395,0.864,1.459,83.237,-1.010,0.781,1.285,86.556,-0.614,-0.083,-0.174,0.644,3,weighted_average,kalman(weighted_average),true
1788766032.366,12.083,-0.183,0.721,2.368,79.869,-1.010,0.781,1.285,81.591,-0.826,0.060,-1.083,1.364,15,weighted_average,kalman(weighted_average),true
1788766032.427,12.144,-0.574,0.785,2.270,84.880,-0.589,0.785,2.237,83.039,-0.015,-0.000,-0.034,0.037,3,weighted_average,kalman(weighted_average),false
1788766032.483,12.201,-0.337,0.874,1.549,82.682,-0.589,0.785,2.237,82.630,-0.252,-0.089,0.688,0.738,3,weighted_average,kalman(weighted_average),true
1788766032.544,12.261,-0.536,0.781,0.669,84.636,-0.589,0.785,2.237,83.602,-0.053,0.004,1.568,1.569,3,weighted_average,kalman(weighted_average),true
1788766032.711,12.428,0.246,0.793,2.130,76.896,0.221,0.793,2.133,77.924,-0.025,-0.000,0.003,0.025,3,weighted_average,kalman(weighted_average),false
1788766032.774,12.491,-0.970,0.806,1.264,88.855,0.221,0.793,2.133,84.579,1.191,-0.013,0.869,1.474,3,weighted_average,kalman(weighted_average),true
1788766032.834,12.551,-0.191,0.746,2.335,79.978,-0.147,0.751,2.313,82.319,0.044,0.005,-0.022,0.050,15,weighted_average,kalman(weighted_average),false
1788766032.997,12.714,-0.759,0.771,0.727,86.859,-0.147,0.751,2.313,86.180,0.612,-0.019,1.586,1.700,3,weighted_average,kalman(weighted_average),true
1788766033.060,12.778,-0.241,0.766,2.246,80.553,-0.238,0.765,2.249,82.880,0.003,-0.001,0.002,0.004,15,weighted_average,kalman(weighted_average),false
1788766033.124,12.841,-0.478,0.841,2.087,84.025,-0.418,0.821,2.127,83.391,0.060,-0.020,0.040,0.075,3,weighted_average,kalman(weighted_average),false
1788766033.202,12.919,-0.904,0.850,1.693,88.227,-0.418,0.821,2.127,86.524,0.486,-0.029,0.434,0.652,3,weighted_average,kalman(weighted_average),true
1788766033.362,13.079,-0.338,0.890,1.536,82.769,-0.341,0.888,1.560,83.804,-0.003,-0.003,0.024,0.025,3,weighted_average,kalman(weighted_average),false
1788766033.437,13.154,0.553,0.791,1.969,74.054,-0.341,0.888,1.560,76.465,-0.894,0.097,-0.409,0.988,3,weighted_average,kalman(weighted_average),true
1788766033.527,13.244,-0.862,0.703,0.425,87.936,-0.341,0.888,1.560,83.207,0.521,0.184,1.136,1.263,3,weighted_average,kalman(weighted_average),true
1788766033.713,13.431,-0.501,0.901,1.400,84.419,-0.499,0.901,1.402,84.729,0.002,-0.000,0.002,0.003,3,weighted_average,kalman(weighted_average),false
1788766033.788,13.505,-0.013,0.791,2.404,78.347,-0.499,0.901,1.402,80.259,-0.486,0.110,-1.002,1.119,15,weighted_average,kalman(weighted_average),true
1788766033.869,13.586,0.339,0.790,2.280,76.094,-0.499,0.901,1.402,76.664,-0.838,0.111,-0.878,1.219,3,weighted_average,kalman(weighted_average),true
1788766034.021,13.738,-0.564,0.824,0.708,85.076,-0.563,0.825,0.718,82.937,0.001,0.001,0.010,0.010,3,weighted_average,kalman(weighted_average),false
1788766034.076,13.793,-0.564,0.824,0.708,85.076,-0.567,0.819,0.669,85.100,-0.004,-0.004,-0.039,0.039,3,weighted_average,kalman(weighted_average),false
1788766034.132,13.849,-0.680,0.805,0.675,86.206,-0.649,0.806,0.645,86.649,0.031,0.001,-0.029,0.043,3,weighted_average,kalman(weighted_average),false
1788766034.221,13.938,-0.680,0.805,0.675,86.206,-0.690,0.801,0.649,87.333,-0.010,-0.004,-0.025,0.028,3,weighted_average,kalman(weighted_average),false
1788766034.476,14.193,-0.848,0.874,1.549,87.785,-0.690,0.801,0.649,88.073,0.157,-0.073,-0.900,0.916,3,weighted_average,kalman(weighted_average),true
1788766034.566,14.284,0.083,0.728,2.609,78.471,-0.690,0.801,0.649,80.756,-0.773,0.074,-1.960,2.108,3,weighted_average,kalman(weighted_average),true
1788766034.658,14.375,-1.208,0.724,0.780,91.410,-1.203,0.725,0.778,87.388,0.004,0.001,-0.001,0.005,3,weighted_average,kalman(weighted_average),false
1788766034.816,14.533,-0.917,0.805,0.835,88.529,-0.958,0.796,0.836,88.935,-0.041,-0.009,0.001,0.042,3,weighted_average,kalman(weighted_average),false
1788766034.873,14.590,-0.917,0.805,0.835,88.529,-0.893,0.812,0.841,88.854,0.024,0.007,0.006,0.025,3,weighted_average,kalman(weighted_average),false
1788766034.947,14.664,-0.917,0.805,0.835,88.529,-0.878,0.815,0.841,88.768,0.039,0.010,0.006,0.040,3,weighted_average,kalman(weighted_average),false
1788766035.031,14.748,-0.917,0.805,0.835,88.529,-0.893,0.811,0.838,88.654,0.024,0.006,0.003,0.024,3,weighted_average,kalman(weighted_average),false
1788766035.150,14.867,-0.917,0.805,0.835,88.529,-0.912,0.806,0.835,88.557,0.005,0.001,0.000,0.005,3,weighted_average,kalman(weighted_average),false
1788766035.204,14.922,-0.917,0.805,0.835,88.529,-0.918,0.805,0.835,88.527,-0.001,-0.000,-0.000,0.001,3,weighted_average,kalman(weighted_average),false
1788766035.258,14.975,-0.917,0.805,0.835,88.529,-0.920,0.804,0.835,88.514,-0.003,-0.001,-0.000,0.003,3,weighted_average,kalman(weighted_average),false
1788766035.324,15.041,-0.206,0.827,1.556,80.543,-0.920,0.804,0.835,83.742,-0.714,-0.022,-0.721,1.015,15,weighted_average,kalman(weighted_average),true
1788766035.528,15.245,-0.666,0.770,0.675,86.120,-0.674,0.771,0.680,85.228,-0.008,0.001,0.005,0.010,3,weighted_average,kalman(weighted_average),false
1788766035.615,15.332,0.015,0.246,2.062,77.634,-0.674,0.771,0.680,79.910,-0.689,0.525,-1.382,1.631,17,weighted_average,kalman(weighted_average),true
1788766035.695,15.412,0.006,0.245,2.064,77.732,-0.674,0.771,0.680,77.712,-0.680,0.526,-1.383,1.628,17,weighted_average,kalman(weighted_average),true
1788766035.860,15.577,0.102,0.729,2.579,77.094,-0.674,0.771,0.680,76.573,-0.776,0.042,-1.898,2.051,15,weighted_average,kalman(weighted_average),true
1788766035.929,15.646,-0.219,0.822,2.111,81.632,-0.223,0.821,2.098,79.983,-0.004,-0.000,-0.013,0.013,3,weighted_average,kalman(weighted_average),false
1788766036.010,15.728,-0.425,0.816,0.803,83.737,-0.223,0.821,2.098,83.100,0.201,0.005,1.295,1.311,3,weighted_average,kalman(weighted_average),true
1788766036.220,15.937,-0.150,0.760,2.338,79.718,-0.152,0.761,2.334,80.568,-0.001,0.001,-0.005,0.005,15,weighted_average,kalman(weighted_average),false
1788766036.298,16.015,0.025,0.859,1.346,79.405,-0.152,0.761,2.334,79.242,-0.177,-0.098,0.987,1.008,3,weighted_average,kalman(weighted_average),true
1788766036.382,16.099,0.227,0.763,2.271,77.166,0.204,0.763,2.275,77.291,-0.023,-0.000,0.004,0.024,3,weighted_average,kalman(weighted_average),false
1788766036.556,16.273,-0.636,0.828,1.979,85.698,0.204,0.763,2.275,84.264,0.840,-0.065,0.296,0.893,3,weighted_average,kalman(weighted_average),true
1788766036.624,16.341,-1.058,0.701,0.609,89.969,0.204,0.763,2.275,89.201,1.262,0.062,1.666,2.091,3,weighted_average,kalman(weighted_average),true
1788766036.691,16.409,-0.780,0.843,1.631,87.141,-0.764,0.842,1.642,89.239,0.016,-0.001,0.010,0.019,3,weighted_average,kalman(weighted_average),false
1788766036.848,16.565,-0.970,0.815,1.236,89.006,-1.005,0.822,1.237,89.772,-0.035,0.006,0.000,0.036,3,weighted_average,kalman(weighted_average),false
1788766036.917,16.634,0.193,0.793,2.128,77.561,-1.005,0.822,1.237,81.369,-1.199,0.029,-0.891,1.494,3,weighted_average,kalman(weighted_average),true
1788766036.975,16.692,-0.214,0.734,2.319,80.345,-1.005,0.822,1.237,79.461,-0.791,0.088,-1.082,1.344,15,weighted_average,kalman(weighted_average),true
1788766037.088,16.805,0.146,0.752,2.351,77.897,-1.005,0.822,1.237,76.968,-1.151,0.069,-1.114,1.604,3,weighted_average,kalman(weighted_average),true
1788766037.141,16.858,0.178,0.724,2.459,77.529,-1.005,0.822,1.237,76.743,-1.183,0.097,-1.222,1.704,3,weighted_average,kalman(weighted_average),true
1788766037.201,16.918,-0.010,0.761,2.356,78.285,-0.026,0.762,2.338,77.194,-0.016,0.001,-0.018,0.023,15,weighted_average,kalman(weighted_average),false
1788766037.264,16.982,-0.001,0.248,2.037,77.770,-0.026,0.762,2.338,77.336,-0.025,0.514,0.301,0.596,17,weighted_average,kalman(weighted_average),true
1788766037.410,17.128,-0.032,0.284,1.999,78.373,-0.032,0.309,2.017,78.093,0.000,0.025,0.018,0.031,17,weighted_average,kalman(weighted_average),false
1788766037.491,17.208,-0.011,0.253,2.058,77.939,-0.016,0.220,2.018,78.095,-0.005,-0.033,-0.040,0.052,17,weighted_average,kalman(weighted_average),false
1788766037.556,17.273,-0.002,0.247,2.025,77.772,-0.003,0.212,2.013,77.940,-0.002,-0.036,-0.012,0.038,17,weighted_average,kalman(weighted_average),false
1788766037.673,17.390,-0.001,0.247,2.060,77.784,0.001,0.228,2.048,77.825,0.003,-0.019,-0.012,0.022,17,weighted_average,kalman(weighted_average),false
1788766037.730,17.447,-0.000,0.241,2.071,77.737,0.001,0.239,2.069,77.754,0.001,-0.002,-0.002,0.003,17,weighted_average,kalman(weighted_average),false
1788766037.777,17.494,0.009,0.235,2.060,77.571,0.006,0.239,2.069,77.633,-0.003,0.004,0.009,0.010,17,weighted_average,kalman(weighted_average),false
1788766037.827,17.545,-0.010,0.245,2.073,77.915,-0.003,0.244,2.075,77.749,0.008,-0.001,0.002,0.008,17,weighted_average,kalman(weighted_average),false
1788766037.877,17.594,-0.002,0.240,2.065,77.759,-0.003,0.244,2.072,77.751,-0.001,0.004,0.007,0.008,17,weighted_average,kalman(weighted_average),false
1788766037.991,17.709,-0.016,0.249,2.085,78.018,-0.014,0.249,2.084,77.941,0.002,0.000,-0.001,0.002,17,weighted_average,kalman(weighted_average),false
1788766038.045,17.762,-0.009,0.239,2.071,77.853,-0.012,0.243,2.077,77.915,-0.003,0.004,0.006,0.008,17,weighted_average,kalman(weighted_average),false
1788766038.097,17.814,-0.022,0.245,2.058,78.072,-0.019,0.244,2.065,78.018,0.003,-0.001,0.007,0.007,17,weighted_average,kalman(weighted_average),false
1788766038.147,17.864,-0.004,0.232,2.079,77.762,-0.012,0.236,2.072,77.907,-0.007,0.005,-0.008,0.012,17,weighted_average,kalman(weighted_average),false
1788766038.265,17.982,0.004,0.235,2.089,77.691,0.002,0.234,2.086,77.745,-0.002,-0.001,-0.003,0.004,17,weighted_average,kalman(weighted_average),false
1788766038.321,18.038,0.014,0.234,2.071,77.544,0.012,0.234,2.077,77.595,-0.002,-0.000,0.007,0.007,17,weighted_average,kalman(weighted_average),false
1788766038.371,18.088,-0.003,0.253,2.033,77.883,0.006,0.246,2.049,77.719,0.008,-0.007,0.016,0.019,17,weighted_average,kalman(weighted_average),false
1788766038.422,18.139,0.010,0.247,2.053,77.688,0.009,0.248,2.046,77.696,-0.001,0.001,-0.006,0.007,17,weighted_average,kalman(weighted_average),false
1788766038.550,18.267,-0.013,0.249,2.100,78.042,-0.009,0.250,2.089,77.951,0.004,0.001,-0.011,0.012,17,weighted_average,kalman(weighted_average),false
1788766038.601,18.318,-0.004,0.243,2.063,77.881,-0.008,0.245,2.077,77.942,-0.004,0.002,0.014,0.015,17,weighted_average,kalman(weighted_average),false
1788766038.658,18.375,0.005,0.232,2.100,77.713,-0.001,0.236,2.094,77.832,-0.006,0.004,-0.006,0.009,17,weighted_average,kalman(weighted_average),false
1788766038.705,18.422,-0.010,0.238,2.111,77.974,-0.006,0.235,2.108,77.904,0.004,-0.003,-0.003,0.006,17,weighted_average,kalman(weighted_average),false
1788766038.826,18.543,0.009,0.229,2.106,77.653,0.006,0.228,2.111,77.729,-0.003,-0.000,0.005,0.006,17,weighted_average,kalman(weighted_average),false
1788766038.874,18.591,-0.002,0.240,2.091,77.857,0.002,0.235,2.098,77.783,0.004,-0.005,0.007,0.009,17,weighted_average,kalman(weighted_average),false
1788766038.927,18.644,0.019,0.220,2.090,77.447,0.014,0.226,2.091,77.585,-0.006,0.006,0.001,0.008,17,weighted_average,kalman(weighted_average),false
1788766038.973,18.690,0.009,0.228,2.113,77.645,0.013,0.226,2.102,77.580,0.004,-0.002,-0.011,0.012,17,weighted_average,kalman(weighted_average),false
1788766039.024,18.741,-0.001,0.234,2.102,77.820,0.006,0.230,2.103,77.677,0.007,-0.004,0.000,0.008,17,weighted_average,kalman(weighted_average),false
1788766039.143,18.860,0.012,0.222,2.104,77.563,0.011,0.224,2.104,77.591,-0.002,0.002,0.000,0.002,17,weighted_average,kalman(weighted_average),false
1788766039.189,18.906,-0.000,0.236,2.057,77.800,0.004,0.231,2.074,77.703,0.004,-0.005,0.016,0.018,17,weighted_average,kalman(weighted_average),false
1788766039.242,18.959,-0.009,0.240,2.087,77.965,-0.005,0.237,2.077,77.859,0.004,-0.003,-0.010,0.011,17,weighted_average,kalman(weighted_average),false
1788766039.291,19.009,-0.007,0.233,2.089,77.896,-0.008,0.236,2.082,77.911,-0.001,0.003,-0.007,0.008,17,weighted_average,kalman(weighted_average),false
1788766039.341,19.058,-0.001,0.228,2.095,77.793,-0.006,0.232,2.089,77.879,-0.004,0.004,-0.006,0.008,17,weighted_average,kalman(weighted_average),false
1788766039.461,19.178,-0.002,0.227,2.100,77.796,-0.003,0.227,2.099,77.837,-0.001,0.000,-0.001,0.002,17,weighted_average,kalman(weighted_average),false
1788766039.510,19.227,-0.014,0.235,2.095,78.007,-0.010,0.232,2.098,77.935,0.004,-0.003,0.003,0.006,17,weighted_average,kalman(weighted_average),false
1788766039.562,19.279,-0.003,0.232,2.079,77.835,-0.007,0.232,2.087,77.892,-0.003,0.000,0.008,0.008,17,weighted_average,kalman(weighted_average),false
1788766039.616,19.333,0.003,0.222,2.088,77.700,-0.001,0.226,2.086,77.788,-0.003,0.004,-0.002,0.006,17,weighted_average,kalman(weighted_average),false
1788766039.739,19.457,-0.011,0.234,2.055,77.969,-0.009,0.232,2.059,77.904,0.003,-0.002,0.004,0.005,17,weighted_average,kalman(weighted_average),false
1788766039.788,19.505,-0.014,0.226,2.083,77.973,-0.013,0.229,2.071,77.959,0.001,0.003,-0.012,0.012,17,weighted_average,kalman(weighted_average),false
1788766039.848,19.565,-0.024,0.233,2.081,78.155,-0.022,0.232,2.077,78.097,0.002,-0.001,-0.003,0.004,17,weighted_average,kalman(weighted_average),false
1788766039.895,19.612,-0.028,0.237,2.074,78.241,-0.028,0.235,2.076,78.206,0.000,-0.002,0.002,0.003,17,weighted_average,kalman(weighted_average),false
1788766040.009,19.726,0.001,0.219,2.057,77.763,-0.007,0.223,2.061,77.938,-0.008,0.004,0.004,0.009,17,weighted_average,kalman(weighted_average),false
1788766040.062,19.779,-0.002,0.214,2.066,77.782,-0.001,0.215,2.062,77.811,0.001,0.001,-0.004,0.004,17,weighted_average,kalman(weighted_average),false
1788766040.113,19.830,-0.013,0.225,2.061,78.003,-0.006,0.219,2.060,77.878,0.007,-0.006,-0.001,0.009,17,weighted_average,kalman(weighted_average),false
1788766040.168,19.885,0.017,0.199,2.097,77.469,0.009,0.206,2.082,77.634,-0.008,0.007,-0.014,0.018,17,weighted_average,kalman(weighted_average),false
1788766040.282,20.000,0.004,0.200,2.080,77.673,0.008,0.199,2.084,77.597,0.004,-0.002,0.004,0.006,17,weighted_average,kalman(weighted_average),false
1788766040.335,20.052,-0.025,0.232,2.047,78.256,-0.014,0.221,2.059,77.985,0.010,-0.012,0.012,0.020,17,weighted_average,kalman(weighted_average),false
1788766040.386,20.103,-0.023,0.232,2.055,78.229,-0.024,0.231,2.052,78.174,-0.001,-0.001,-0.002,0.003,17,weighted_average,kalman(weighted_average),false
1788766040.437,20.154,-0.034,0.235,2.062,78.398,-0.034,0.237,2.055,78.361,0.000,0.002,-0.007,0.007,17,weighted_average,kalman(weighted_average),false
1788766040.484,20.201,-0.022,0.220,2.085,78.162,-0.031,0.230,2.071,78.330,-0.009,0.010,-0.014,0.019,17,weighted_average,kalman(weighted_average),false
1788766040.597,20.314,-0.008,0.209,2.081,77.916,-0.014,0.214,2.081,78.096,-0.006,0.005,0.000,0.008,17,weighted_average,kalman(weighted_average),false
1788766040.646,20.364,-0.010,0.218,2.042,77.992,-0.009,0.214,2.056,78.008,0.001,-0.004,0.014,0.015,17,weighted_average,kalman(weighted_average),false
1788766040.695,20.412,-0.009,0.208,2.086,77.933,-0.007,0.209,2.072,77.935,0.002,0.001,-0.014,0.015,17,weighted_average,kalman(weighted_average),false
1788766040.748,20.465,-0.025,0.223,2.058,78.247,-0.016,0.216,2.064,78.068,0.009,-0.007,0.006,0.013,17,weighted_average,kalman(weighted_average),false
1788766040.799,20.516,-0.003,0.203,2.089,77.829,-0.009,0.208,2.078,77.942,-0.006,0.005,-0.011,0.013,17,weighted_average,kalman(weighted_average),false
1788766040.913,20.630,-0.023,0.225,2.070,78.233,-0.020,0.221,2.073,78.124,0.004,-0.004,0.004,0.007,17,weighted_average,kalman(weighted_average),false
1788766040.967,20.684,0.002,0.218,2.035,77.807,-0.006,0.221,2.046,77.953,-0.008,0.003,0.012,0.015,17,weighted_average,kalman(weighted_average),false
1788766041.017,20.734,-0.018,0.220,2.077,78.108,-0.012,0.221,2.061,78.027,0.006,0.001,-0.016,0.017,17,weighted_average,kalman(weighted_average),false
1788766041.069,20.786,-0.002,0.212,2.070,77.843,-0.006,0.216,2.066,77.932,-0.004,0.004,-0.004,0.007,17,weighted_average,kalman(weighted_average),false
1788766041.117,20.834,0.001,0.207,2.090,77.778,-0.001,0.210,2.081,77.840,-0.002,0.003,-0.009,0.010,17,weighted_average,kalman(weighted_average),false
1788766041.243,20.960,-0.015,0.225,2.067,78.109,-0.011,0.221,2.072,78.010,0.004,-0.004,0.005,0.007,17,weighted_average,kalman(weighted_average),false
1788766041.289,21.006,0.002,0.214,2.049,77.794,-0.004,0.218,2.056,77.901,-0.006,0.004,0.007,0.010,17,weighted_average,kalman(weighted_average),false
1788766041.349,21.066,-0.023,0.231,2.039,78.257,-0.016,0.227,2.041,78.109,0.007,-0.004,0.002,0.008,17,weighted_average,kalman(weighted_average),false
1788766041.393,21.110,-0.009,0.213,2.064,77.964,-0.014,0.220,2.050,78.063,-0.005,0.007,-0.013,0.016,17,weighted_average,kalman(weighted_average),false
1788766041.509,21.226,-0.023,0.214,2.072,78.193,-0.022,0.215,2.067,78.178,0.001,0.001,-0.005,0.005,17,weighted_average,kalman(weighted_average),false
1788766041.553,21.270,-0.020,0.215,2.062,78.153,-0.022,0.214,2.066,78.181,-0.002,-0.001,0.004,0.004,17,weighted_average,kalman(weighted_average),false
1788766041.606,21.323,0.000,0.205,2.066,77.809,-0.009,0.208,2.068,77.988,-0.009,0.003,0.001,0.010,17,weighted_average,kalman(weighted_average),false
1788766041.656,21.373,-0.025,0.204,2.118,78.198,-0.017,0.204,2.099,78.078,0.008,0.000,-0.018,0.020,17,weighted_average,kalman(weighted_average),false
1788766041.707,21.424,-0.006,0.204,2.074,77.921,-0.011,0.203,2.090,77.996,-0.005,-0.002,0.017,0.017,17,weighted_average,kalman(weighted_average),false
1788766041.838,21.555,0.022,0.209,2.039,77.562,0.018,0.207,2.048,77.646,-0.004,-0.002,0.009,0.010,17,weighted_average,kalman(weighted_average),false
1788766041.884,21.601,0.012,0.189,2.104,77.605,0.017,0.196,2.080,77.575,0.006,0.007,-0.024,0.026,17,weighted_average,kalman(weighted_average),false
1788766041.934,21.651,0.028,0.205,2.009,77.453,0.027,0.200,2.037,77.459,-0.001,-0.005,0.028,0.028,17,weighted_average,kalman(weighted_average),false
1788766041.984,21.701,0.036,0.178,2.072,77.363,0.036,0.187,2.052,77.356,-0.001,0.009,-0.021,0.023,17,weighted_average,kalman(weighted_average),false
1788766042.040,21.757,0.039,0.197,2.010,77.807,0.041,0.191,2.024,77.546,0.002,-0.006,0.014,0.016,17,weighted_average,kalman(weighted_average),false
1788766042.160,21.877,0.025,0.184,2.062,79.671,0.030,0.185,2.050,79.126,0.005,0.000,-0.012,0.013,17,weighted_average,kalman(weighted_average),false
1788766042.211,21.928,0.033,0.190,2.060,80.419,0.031,0.188,2.061,80.130,-0.003,-0.003,0.000,0.004,17,weighted_average,kalman(weighted_average),false
1788766042.259,21.977,0.035,0.190,2.068,80.799,0.032,0.189,2.069,80.810,-0.002,-0.001,0.001,0.003,17,weighted_average,kalman(weighted_average),false
1788766042.311,22.028,-0.015,0.240,2.007,82.526,0.003,0.220,2.035,82.066,0.018,-0.020,0.028,0.039,17,weighted_average,kalman(weighted_average),false
1788766042.434,22.151,-0.000,0.216,2.062,83.726,-0.005,0.223,2.054,83.859,-0.005,0.006,-0.008,0.011,17,weighted_average,kalman(weighted_average),false
1788766042.486,22.203,-0.011,0.219,2.082,84.246,-0.010,0.221,2.076,84.401,0.001,0.001,-0.006,0.007,17,weighted_average,kalman(weighted_average),false
1788766042.534,22.252,-0.011,0.235,2.040,85.044,-0.012,0.229,2.059,85.043,-0.001,-0.006,0.019,0.020,17,weighted_average,kalman(weighted_average),false
1788766042.583,22.300,0.000,0.220,2.067,85.158,-0.006,0.225,2.064,85.408,-0.006,0.005,-0.003,0.009,17,weighted_average,kalman(weighted_average),false
1788766042.637,22.354,-0.019,0.237,2.078,86.170,-0.013,0.233,2.074,86.099,0.005,-0.005,-0.004,0.008,17,weighted_average,kalman(weighted_average),false
1788766042.755,22.472,-0.051,0.277,2.049,87.456,-0.046,0.271,2.055,87.468,0.005,-0.006,0.007,0.011,17,weighted_average,kalman(weighted_average),false
1788766042.803,22.520,-0.064,0.272,2.117,87.781,-0.062,0.277,2.094,87.881,0.002,0.005,-0.023,0.024,17,weighted_average,kalman(weighted_average),false
1788766042.862,22.579,-0.097,0.304,2.071,88.529,-0.091,0.299,2.084,88.517,0.006,-0.004,0.013,0.015,17,weighted_average,kalman(weighted_average),false
1788766042.907,22.624,-0.087,0.304,2.086,88.461,-0.096,0.308,2.086,88.715,-0.009,0.004,-0.000,0.010,17,weighted_average,kalman(weighted_average),false
1788766043.026,22.743,-0.099,0.332,2.067,88.752,-0.104,0.333,2.071,89.012,-0.005,0.001,0.004,0.007,17,weighted_average,kalman(weighted_average),false
1788766043.071,22.788,-0.135,0.361,2.083,89.262,-0.125,0.355,2.077,89.224,0.010,-0.006,-0.006,0.013,17,weighted_average,kalman(weighted_average),false
1788766043.123,22.840,-0.122,0.351,2.126,88.965,-0.128,0.358,2.108,89.169,-0.006,0.008,-0.019,0.021,17,weighted_average,kalman(weighted_average),false
1788766043.175,22.892,-0.143,0.373,2.096,89.127,-0.140,0.372,2.106,89.195,0.003,-0.002,0.010,0.010,17,weighted_average,kalman(weighted_average),false
1788766043.224,22.941,-0.136,0.377,2.092,88.935,-0.141,0.379,2.100,89.094,-0.005,0.002,0.008,0.010,17,weighted_average,kalman(weighted_average),false
1788766043.344,23.061,-0.180,0.425,2.062,89.338,-0.175,0.421,2.069,89.282,0.004,-0.004,0.007,0.009,17,weighted_average,kalman(weighted_average),false
1788766043.400,23.117,-0.209,0.432,2.119,89.739,-0.204,0.435,2.100,89.597,0.005,0.003,-0.020,0.021,17,weighted_average,kalman(weighted_average),false
1788766043.449,23.166,-0.143,0.424,2.091,88.581,-0.173,0.434,2.097,89.093,-0.030,0.009,0.006,0.032,17,weighted_average,kalman(weighted_average),false
1788766043.500,23.217,-0.163,0.444,2.116,88.812,-0.166,0.443,2.109,88.904,-0.003,-0.001,-0.006,0.007,17,weighted_average,kalman(weighted_average),false
1788766043.615,23.332,-0.203,0.474,2.143,89.319,-0.195,0.472,2.140,89.133,0.009,-0.002,-0.003,0.009,17,weighted_average,kalman(weighted_average),false
1788766043.667,23.384,-0.183,0.496,2.054,88.968,-0.191,0.492,2.086,89.056,-0.008,-0.004,0.032,0.033,17,weighted_average,kalman(weighted_average),false
1788766043.713,23.430,-0.177,0.496,2.091,88.851,-0.184,0.500,2.083,88.948,-0.007,0.004,-0.008,0.011,17,weighted_average,kalman(weighted_average),false
1788766043.765,23.483,-0.174,0.500,2.093,88.730,-0.178,0.505,2.085,88.815,-0.004,0.006,-0.008,0.011,17,weighted_average,kalman(weighted_average),false
1788766043.883,23.600,-0.188,0.537,2.084,88.965,-0.185,0.535,2.082,88.883,0.003,-0.002,-0.002,0.004,17,weighted_average,kalman(weighted_average),false
1788766043.933,23.650,-0.234,0.597,2.011,89.726,-0.219,0.581,2.034,89.398,0.015,-0.016,0.023,0.032,17,weighted_average,kalman(weighted_average),false
1788766043.978,23.695,-0.251,0.584,2.128,89.969,-0.244,0.593,2.083,89.786,0.007,0.009,-0.045,0.046,17,weighted_average,kalman(weighted_average),false
1788766044.036,23.753,-0.245,0.607,2.108,89.906,-0.254,0.611,2.103,89.990,-0.009,0.004,-0.006,0.011,17,weighted_average,kalman(weighted_average),false
1788766044.163,23.880,-0.217,0.623,2.099,89.550,-0.228,0.628,2.105,89.792,-0.011,0.005,0.005,0.013,17,weighted_average,kalman(weighted_average),false
1788766044.210,23.927,-0.230,0.645,2.090,89.775,-0.226,0.641,2.095,89.767,0.004,-0.004,0.005,0.007,17,weighted_average,kalman(weighted_average),false
1788766044.260,23.977,-0.206,0.653,2.085,89.465,-0.211,0.652,2.087,89.583,-0.004,-0.001,0.002,0.005,17,weighted_average,kalman(weighted_average),false
1788766044.310,24.028,-0.206,0.661,2.057,89.474,-0.203,0.662,2.067,89.483,0.002,0.000,0.009,0.010,17,weighted_average,kalman(weighted_average),false
1788766044.439,24.156,-0.191,0.699,2.070,89.395,-0.190,0.697,2.065,89.360,0.002,-0.002,-0.005,0.006,17,weighted_average,kalman(weighted_average),false
1788766044.487,24.205,-0.263,0.749,2.052,90.508,-0.237,0.736,2.056,90.036,0.026,-0.013,0.005,0.029,17,weighted_average,kalman(weighted_average),false
1788766044.539,24.257,-0.199,0.728,2.077,89.602,-0.220,0.741,2.068,89.885,-0.021,0.013,-0.009,0.026,17,weighted_average,kalman(weighted_average),false
1788766044.592,24.309,-0.243,0.765,2.055,90.312,-0.235,0.762,2.061,90.154,0.008,-0.003,0.006,0.011,17,weighted_average,kalman(weighted_average),false
1788766044.707,24.424,-0.181,0.771,2.035,89.535,-0.194,0.777,2.039,89.788,-0.013,0.006,0.004,0.015,17,weighted_average,kalman(weighted_average),false
1788766044.754,24.472,-0.222,0.804,2.041,90.201,-0.207,0.797,2.037,89.995,0.015,-0.007,-0.004,0.017,17,weighted_average,kalman(weighted_average),false
1788766044.808,24.525,-0.143,0.783,2.050,89.114,-0.165,0.793,2.043,89.502,-0.021,0.010,-0.007,0.025,17,weighted_average,kalman(weighted_average),false
1788766044.862,24.579,-0.140,0.808,2.013,89.150,-0.141,0.804,2.024,89.225,-0.001,-0.003,0.011,0.012,17,weighted_average,kalman(weighted_average),false
1788766044.980,24.697,-0.169,0.846,2.084,89.751,-0.156,0.842,2.070,89.491,0.013,-0.004,-0.014,0.020,17,weighted_average,kalman(weighted_average),false
1788766045.028,24.745,-0.119,0.861,2.020,89.140,-0.133,0.860,2.043,89.302,-0.014,-0.001,0.023,0.027,17,weighted_average,kalman(weighted_average),false
1788766045.084,24.801,-0.177,0.889,2.063,90.027,-0.159,0.885,2.056,89.704,0.018,-0.004,-0.007,0.020,17,weighted_average,kalman(weighted_average),false
1788766045.129,24.846,-0.108,0.882,2.026,89.137,-0.132,0.891,2.040,89.460,-0.024,0.009,0.014,0.029,17,weighted_average,kalman(weighted_average),false
1788766045.182,24.899,-0.108,0.882,2.026,89.137,-0.115,0.891,2.029,89.289,-0.006,0.009,0.004,0.012,17,weighted_average,kalman(weighted_average),false
1788766045.302,25.019,-0.175,0.951,2.090,90.324,-0.160,0.944,2.077,90.016,0.015,-0.007,-0.013,0.021,17,weighted_average,kalman(weighted_average),false
1788766045.356,25.073,-0.130,0.941,2.081,89.750,-0.146,0.950,2.087,89.952,-0.016,0.008,0.006,0.019,17,weighted_average,kalman(weighted_average),false
1788766045.405,25.122,-0.083,0.943,2.053,89.184,-0.108,0.950,2.071,89.580,-0.025,0.008,0.018,0.032,17,weighted_average,kalman(weighted_average),false
1788766045.460,25.177,-0.048,0.954,2.000,88.786,-0.064,0.956,2.027,89.117,-0.016,0.002,0.027,0.032,17,weighted_average,kalman(weighted_average),false
1788766045.578,25.295,-0.125,1.006,2.116,90.033,-0.104,1.001,2.094,89.681,0.021,-0.006,-0.022,0.031,17,weighted_average,kalman(weighted_average),false
1788766045.631,25.348,-0.158,1.041,2.093,90.563,-0.146,1.035,2.103,90.290,0.011,-0.006,0.010,0.016,17,weighted_average,kalman(weighted_average),false
1788766045.681,25.398,-0.101,1.026,2.061,89.810,-0.128,1.039,2.083,90.160,-0.027,0.012,0.023,0.037,17,weighted_average,kalman(weighted_average),false
1788766045.740,25.457,-0.116,1.062,2.044,90.130,-0.123,1.060,2.058,90.225,-0.007,-0.002,0.015,0.017,17,weighted_average,kalman(weighted_average),false
1788766045.871,25.588,-0.041,1.060,2.066,89.253,-0.053,1.067,2.062,89.535,-0.012,0.006,-0.005,0.014,17,weighted_average,kalman(weighted_average),false
1788766045.923,25.640,-0.049,1.067,2.074,89.376,-0.041,1.067,2.071,89.347,0.008,0.000,-0.003,0.009,17,weighted_average,kalman(weighted_average),false
1788766045.973,25.690,-0.057,1.090,2.091,89.579,-0.044,1.082,2.085,89.387,0.014,-0.008,-0.006,0.017,17,weighted_average,kalman(weighted_average),false
1788766046.023,25.741,-0.095,1.113,2.080,90.118,-0.071,1.104,2.086,89.726,0.024,-0.009,0.006,0.026,17,weighted_average,kalman(weighted_average),false
1788766046.145,25.862,-0.043,1.140,1.998,89.548,-0.050,1.139,2.015,89.619,-0.007,-0.001,0.017,0.018,17,weighted_average,kalman(weighted_average),false
1788766046.198,25.915,0.049,0.977,1.884,89.554,0.021,1.033,1.915,89.566,-0.028,0.056,0.031,0.070,1,weighted_average,kalman(weighted_average),false
1788766046.249,25.966,0.155,0.908,1.943,88.786,0.120,0.939,1.911,89.109,-0.035,0.031,-0.033,0.057,1,weighted_average,kalman(weighted_average),false
1788766046.302,26.019,0.091,0.974,1.914,89.109,0.127,0.936,1.899,89.019,0.036,-0.039,-0.015,0.055,1,weighted_average,kalman(weighted_average),false
1788766046.430,26.147,0.105,1.003,1.927,88.984,0.122,0.979,1.914,88.904,0.017,-0.023,-0.013,0.032,1,weighted_average,kalman(weighted_average),false
1788766046.475,26.192,0.091,1.023,1.905,89.369,0.100,1.014,1.910,89.160,0.009,-0.008,0.006,0.014,1,weighted_average,kalman(weighted_average),false
1788766046.528,26.245,0.116,1.039,1.918,88.884,0.106,1.041,1.916,89.028,-0.011,0.002,-0.001,0.011,1,weighted_average,kalman(weighted_average),false
1788766046.578,26.295,0.111,1.044,1.914,88.986,0.107,1.053,1.916,88.999,-0.004,0.009,0.003,0.010,1,weighted_average,kalman(weighted_average),false
1788766046.704,26.421,0.117,1.082,1.918,89.005,0.115,1.085,1.918,88.991,-0.002,0.003,0.001,0.004,1,weighted_average,kalman(weighted_average),false
1788766046.763,26.480,0.110,1.089,1.916,89.134,0.113,1.092,1.917,89.081,0.002,0.003,0.001,0.004,1,weighted_average,kalman(weighted_average),false
1788766046.817,26.534,0.121,1.105,1.910,88.965,0.118,1.104,1.913,89.026,-0.003,-0.001,0.002,0.004,1,weighted_average,kalman(weighted_average),false
1788766046.872,26.589,0.104,1.124,1.912,89.215,0.110,1.121,1.911,89.131,0.006,-0.003,-0.001,0.007,1,weighted_average,kalman(weighted_average),false
1788766047.003,26.720,0.110,1.145,1.908,89.179,0.109,1.146,1.908,89.189,-0.001,0.001,-0.000,0.001,1,weighted_average,kalman(weighted_average),false
1788766047.072,26.789,0.107,1.168,1.918,89.141,0.108,1.166,1.915,89.167,0.000,-0.002,-0.003,0.004,1,weighted_average,kalman(weighted_average),false
1788766047.130,26.847,0.111,1.178,1.923,89.047,0.110,1.179,1.921,89.096,-0.001,0.001,-0.002,0.002,1,weighted_average,kalman(weighted_average),false
1788766047.183,26.900,0.111,1.193,1.910,89.143,0.111,1.192,1.916,89.112,-0.000,-0.001,0.006,0.006,1,weighted_average,kalman(weighted_average),false
1788766047.307,27.024,0.107,1.230,1.923,89.018,0.108,1.229,1.922,89.036,0.001,-0.001,-0.001,0.002,1,weighted_average,kalman(weighted_average),false
1788766047.367,27.084,0.104,1.244,1.943,88.958,0.105,1.244,1.938,88.973,0.000,0.001,-0.005,0.005,1,weighted_average,kalman(weighted_average),false
1788766047.420,27.137,0.096,1.261,1.929,89.118,0.099,1.260,1.935,89.040,0.002,-0.001,0.006,0.007,1,weighted_average,kalman(weighted_average),false
1788766047.480,27.197,0.110,1.272,1.945,88.800,0.104,1.274,1.943,88.901,-0.005,0.002,-0.002,0.006,1,weighted_average,kalman(weighted_average),false
1788766047.611,27.328,0.099,1.311,1.946,88.833,0.100,1.310,1.947,88.820,0.001,-0.000,0.001,0.002,1,weighted_average,kalman(weighted_average),false
1788766047.669,27.386,0.068,1.316,1.927,89.273,0.077,1.319,1.934,89.099,0.009,0.003,0.006,0.011,1,weighted_average,kalman(weighted_average),false
1788766047.722,27.439,0.072,1.338,1.942,89.168,0.069,1.335,1.937,89.174,-0.002,-0.003,-0.005,0.006,1,weighted_average,kalman(weighted_average),false
1788766047.773,27.490,0.061,1.358,1.929,89.310,0.061,1.354,1.932,89.284,-0.000,-0.004,0.003,0.005,1,weighted_average,kalman(weighted_average),false
1788766047.898,27.615,0.076,1.401,1.939,88.854,0.070,1.400,1.937,89.009,-0.006,-0.001,-0.002,0.006,1,weighted_average,kalman(weighted_average),false
1788766047.950,27.667,0.050,1.403,1.924,89.349,0.058,1.408,1.929,89.186,0.008,0.005,0.005,0.011,1,weighted_average,kalman(weighted_average),false
1788766048.002,27.719,0.060,1.429,1.936,89.074,0.058,1.427,1.932,89.127,-0.002,-0.002,-0.003,0.005,1,weighted_average,kalman(weighted_average),false
1788766048.056,27.773,0.070,1.434,1.940,88.878,0.065,1.438,1.937,88.981,-0.005,0.004,-0.003,0.007,1,weighted_average,kalman(weighted_average),false
1788766048.193,27.910,0.038,1.469,1.926,89.293,0.042,1.470,1.929,89.193,0.004,0.000,0.002,0.005,1,weighted_average,kalman(weighted_average),false
1788766048.250,27.967,0.020,1.489,1.927,89.517,0.023,1.487,1.926,89.430,0.003,-0.002,-0.001,0.004,1,weighted_average,kalman(weighted_average),false
1788766048.302,28.019,0.053,1.504,1.935,89.012,0.038,1.503,1.931,89.243,-0.015,-0.001,-0.004,0.016,1,weighted_average,kalman(weighted_average),false
1788766048.359,28.076,0.033,1.509,1.937,89.264,0.034,1.513,1.935,89.260,0.002,0.003,-0.002,0.004,1,weighted_average,kalman(weighted_average),false
1788766048.494,28.211,0.025,1.542,1.923,89.336,0.026,1.542,1.925,89.328,0.001,0.000,0.002,0.002,1,weighted_average,kalman(weighted_average),false
1788766048.542,28.259,0.039,1.559,1.926,89.193,0.034,1.557,1.924,89.254,-0.005,-0.002,-0.001,0.006,1,weighted_average,kalman(weighted_average),false
1788766048.595,28.312,0.057,1.571,1.927,88.858,0.049,1.571,1.925,89.021,-0.008,-0.000,-0.002,0.008,1,weighted_average,kalman(weighted_average),false
1788766048.646,28.363,0.019,1.583,1.920,89.468,0.033,1.583,1.922,89.224,0.015,0.000,0.001,0.015,1,weighted_average,kalman(weighted_average),false
1788766048.773,28.490,0.077,2.197,2.001,88.507,0.033,1.583,1.922,88.684,-0.043,-0.614,-0.079,0.620,11,weighted_average,kalman(weighted_average),true
1788766048.833,28.550,0.072,2.205,1.994,88.558,0.069,2.162,1.989,88.523,-0.003,-0.043,-0.005,0.044,11,weighted_average,kalman(weighted_average),false
1788766048.964,28.681,0.077,2.226,1.978,88.485,0.079,2.276,1.987,88.407,0.003,0.051,0.008,0.051,11,weighted_average,kalman(weighted_average),false
1788766049.169,28.886,0.112,2.318,1.988,88.188,0.111,2.323,1.987,88.186,-0.001,0.005,-0.000,0.005,11,weighted_average,kalman(weighted_average),false
1788766049.247,28.964,0.095,2.333,1.976,88.306,0.101,2.331,1.979,88.251,0.006,-0.002,0.003,0.007,11,weighted_average,kalman(weighted_average),false
1788766049.317,29.034,0.090,2.342,1.955,88.281,0.092,2.340,1.960,88.270,0.003,-0.001,0.005,0.006,11,weighted_average,kalman(weighted_average),false
1788766049.509,29.226,0.081,2.388,1.940,88.367,0.081,2.387,1.939,88.359,-0.000,-0.001,-0.001,0.002,11,weighted_average,kalman(weighted_average),false
1788766049.573,29.291,0.081,2.403,1.955,88.383,0.081,2.404,1.949,88.387,-0.001,0.001,-0.005,0.005,11,weighted_average,kalman(weighted_average),false
1788766049.659,29.376,0.081,2.419,1.949,88.371,0.080,2.421,1.950,88.388,-0.000,0.002,0.001,0.002,11,weighted_average,kalman(weighted_average),false
1788766049.845,29.563,0.087,2.447,1.940,88.280,0.086,2.448,1.940,88.295,-0.000,0.001,0.001,0.001,11,weighted_average,kalman(weighted_average),false
1788766049.928,29.645,0.078,2.448,1.955,88.374,0.080,2.450,1.951,88.341,0.002,0.002,-0.004,0.005,11,weighted_average,kalman(weighted_average),false
1788766050.010,29.727,0.079,2.454,1.951,88.358,0.079,2.454,1.953,88.354,-0.000,0.000,0.001,0.001,11,weighted_average,kalman(weighted_average),false
1788766050.180,29.897,0.081,2.450,1.961,88.348,0.080,2.451,1.961,88.351,-0.000,0.001,-0.000,0.001,11,weighted_average,kalman(weighted_average),false
1788766050.260,29.977,0.080,2.451,1.953,88.374,0.081,2.450,1.956,88.367,0.000,-0.000,0.003,0.003,11,weighted_average,kalman(weighted_average),false
1788766050.330,30.047,0.082,2.445,1.960,88.349,0.081,2.446,1.958,88.357,-0.000,0.001,-0.002,0.002,11,weighted_average,kalman(weighted_average),false
1788766050.525,30.242,0.078,2.427,1.986,88.432,0.078,2.427,1.985,88.424,0.000,0.001,-0.001,0.001,11,weighted_average,kalman(weighted_average),false
1788766050.613,30.330,0.092,2.415,1.987,88.258,0.089,2.415,1.989,88.307,-0.003,0.000,0.003,0.004,11,weighted_average,kalman(weighted_average),false
1788766050.712,30.429,0.080,2.392,1.997,88.415,0.083,2.394,1.997,88.373,0.003,0.002,0.000,0.004,11,weighted_average,kalman(weighted_average),false
1788766050.942,30.659,0.087,2.357,2.008,88.392,0.087,2.357,2.008,88.395,-0.001,-0.000,0.000,0.001,11,weighted_average,kalman(weighted_average),false
1788766051.014,30.732,0.079,2.332,2.024,88.546,0.081,2.334,2.021,88.505,0.003,0.003,-0.003,0.005,11,weighted_average,kalman(weighted_average),false
1788766051.100,30.817,0.091,2.311,2.033,88.408,0.088,2.311,2.033,88.456,-0.003,0.000,0.000,0.003,11,weighted_average,kalman(weighted_average),false
1788766051.285,31.002,0.096,2.274,2.047,88.379,0.096,2.273,2.048,88.387,0.000,-0.001,0.001,0.001,11,weighted_average,kalman(weighted_average),false
1788766051.377,31.094,0.079,2.243,2.045,88.588,0.083,2.245,2.046,88.531,0.004,0.002,0.002,0.005,11,weighted_average,kalman(weighted_average),false
1788766051.481,31.198,0.083,2.219,2.051,88.535,0.082,2.218,2.051,88.554,-0.002,-0.000,-0.001,0.002,11,weighted_average,kalman(weighted_average),false
1788766051.679,31.396,0.070,2.176,2.069,88.732,0.070,2.176,2.069,88.723,0.000,-0.000,-0.001,0.001,11,weighted_average,kalman(weighted_average),false
1788766051.773,31.490,0.020,1.587,1.975,89.616,0.070,2.176,2.069,89.435,0.050,0.588,0.093,0.598,1,weighted_average,kalman(weighted_average),true
1788766051.858,31.575,0.053,1.574,1.987,89.035,0.054,1.610,1.992,89.268,0.001,0.036,0.005,0.037,1,weighted_average,kalman(weighted_average),false
1788766052.025,31.742,0.018,1.538,1.972,89.466,0.020,1.504,1.968,89.463,0.002,-0.034,-0.004,0.034,1,weighted_average,kalman(weighted_average),false
1788766052.102,31.820,0.019,1.534,1.973,89.460,0.015,1.527,1.970,89.486,-0.004,-0.007,-0.002,0.008,1,weighted_average,kalman(weighted_average),false
1788766052.182,31.899,0.028,1.524,1.976,89.262,0.023,1.529,1.974,89.348,-0.005,0.004,-0.001,0.007,1,weighted_average,kalman(weighted_average),false
1788766052.381,32.098,0.019,1.507,1.954,89.355,0.020,1.509,1.955,89.343,0.000,0.002,0.001,0.002,1,weighted_average,kalman(weighted_average),false
1788766052.476,32.193,0.025,1.498,1.968,89.221,0.023,1.497,1.964,89.251,-0.001,-0.001,-0.005,0.005,1,weighted_average,kalman(weighted_average),false
1788766052.558,32.275,0.039,1.502,1.988,88.954,0.036,1.498,1.983,89.026,-0.003,-0.004,-0.005,0.007,1,weighted_average,kalman(weighted_average),false
1788766052.743,32.460,0.001,1.509,1.984,89.372,0.004,1.508,1.986,89.302,0.003,-0.001,0.002,0.004,1,weighted_average,kalman(weighted_average),false
1788766052.819,32.536,-0.012,1.513,1.972,89.523,-0.013,1.514,1.975,89.503,-0.001,0.000,0.002,0.003,1,weighted_average,kalman(weighted_average),false
1788766052.882,32.599,-0.002,1.523,1.964,89.436,-0.010,1.522,1.965,89.513,-0.008,-0.001,0.001,0.008,1,weighted_average,kalman(weighted_average),false
1788766053.092,32.810,0.034,2.105,2.068,88.593,0.031,2.077,2.062,88.703,-0.003,-0.027,-0.006,0.028,11,weighted_average,kalman(weighted_average),false
1788766053.185,32.903,0.034,2.128,2.065,88.515,0.039,2.183,2.076,88.442,0.005,0.055,0.012,0.056,11,weighted_average,kalman(weighted_average),false
1788766053.404,33.122,0.034,2.185,2.061,88.524,0.035,2.201,2.064,88.455,0.001,0.016,0.003,0.016,11,weighted_average,kalman(weighted_average),false
1788766053.510,33.228,0.040,2.210,2.061,88.427,0.038,2.201,2.059,88.450,-0.002,-0.010,-0.002,0.010,11,weighted_average,kalman(weighted_average),false
1788766053.698,33.415,0.029,2.248,2.068,88.495,0.030,2.245,2.067,88.494,0.001,-0.003,-0.001,0.003,11,weighted_average,kalman(weighted_average),false
1788766053.771,33.488,0.041,2.284,2.054,88.382,0.037,2.281,2.059,88.419,-0.004,-0.003,0.004,0.006,11,weighted_average,kalman(weighted_average),false
1788766053.872,33.589,0.043,2.290,2.055,88.289,0.043,2.296,2.055,88.311,-0.000,0.006,-0.000,0.006,11,weighted_average,kalman(weighted_average),false
1788766054.088,33.805,0.046,2.330,2.060,88.217,0.046,2.330,2.060,88.211,0.000,0.000,-0.001,0.001,11,weighted_average,kalman(weighted_average),false
1788766054.176,33.894,0.040,2.334,2.056,88.269,0.041,2.336,2.058,88.246,0.001,0.002,0.001,0.003,11,weighted_average,kalman(weighted_average),false
1788766054.273,33.990,0.031,2.326,2.055,88.334,0.032,2.330,2.055,88.314,0.001,0.003,0.000,0.003,11,weighted_average,kalman(weighted_average),false
1788766054.467,34.185,0.017,2.318,2.042,88.486,0.016,2.318,2.042,88.479,-0.000,0.000,0.000,0.001,11,weighted_average,kalman(weighted_average),false
1788766054.541,34.258,0.023,2.312,2.048,88.391,0.020,2.312,2.046,88.435,-0.003,0.000,-0.003,0.004,11,weighted_average,kalman(weighted_average),false
1788766054.620,34.338,0.025,2.312,2.044,88.390,0.024,2.311,2.044,88.407,-0.001,-0.001,0.000,0.002,11,weighted_average,kalman(weighted_average),false
1788766054.820,34.537,0.021,2.289,2.056,88.421,0.021,2.290,2.056,88.417,0.000,0.001,-0.001,0.001,11,weighted_average,kalman(weighted_average),false
1788766054.918,34.635,0.016,2.277,2.059,88.465,0.016,2.277,2.060,88.456,0.000,-0.000,0.001,0.001,11,weighted_average,kalman(weighted_average),false
1788766055.024,34.741,0.016,2.269,2.056,88.478,0.015,2.268,2.058,88.480,-0.001,-0.001,0.001,0.002,11,weighted_average,kalman(weighted_average),false
1788766055.240,34.957,0.008,2.244,2.049,88.521,0.008,2.244,2.049,88.522,0.000,0.000,0.000,0.000,11,weighted_average,kalman(weighted_average),false
1788766055.313,35.030,0.010,2.226,2.056,88.465,0.009,2.228,2.054,88.485,-0.001,0.002,-0.003,0.003,11,weighted_average,kalman(weighted_average),false
1788766055.394,35.111,0.012,2.226,2.033,88.439,0.011,2.223,2.038,88.449,-0.001,-0.003,0.005,0.006,11,weighted_average,kalman(weighted_average),false
1788766055.587,35.304,0.011,2.198,2.052,88.380,0.011,2.198,2.050,88.380,0.000,0.000,-0.002,0.002,11,weighted_average,kalman(weighted_average),false
1788766055.670,35.387,-0.002,2.181,2.057,88.510,0.000,2.182,2.058,88.469,0.003,0.001,0.001,0.003,11,weighted_average,kalman(weighted_average),false
1788766055.753,35.470,-0.001,2.176,2.055,88.498,-0.002,2.174,2.058,88.500,-0.001,-0.002,0.002,0.003,11,weighted_average,kalman(weighted_average),false
1788766055.984,35.701,-0.008,2.151,2.056,88.512,-0.008,2.151,2.056,88.518,-0.000,-0.000,0.000,0.000,11,weighted_average,kalman(weighted_average),false
1788766056.079,35.797,0.013,2.162,2.056,88.327,0.009,2.159,2.056,88.370,-0.004,-0.004,-0.000,0.005,11,weighted_average,kalman(weighted_average),false
1788766056.166,35.883,-0.006,2.144,2.051,88.477,-0.001,2.147,2.052,88.424,0.005,0.004,0.001,0.007,11,weighted_average,kalman(weighted_average),false
1788766056.339,36.057,-0.012,2.140,2.055,88.478,-0.012,2.140,2.054,88.471,0.000,-0.000,-0.001,0.001,11,weighted_average,kalman(weighted_average),false
1788766056.423,36.140,-0.014,2.143,2.042,88.484,-0.014,2.142,2.045,88.487,-0.001,-0.001,0.003,0.003,11,weighted_average,kalman(weighted_average),false
1788766056.506,36.224,-0.009,2.146,2.057,88.421,-0.011,2.145,2.053,88.446,-0.002,-0.001,-0.004,0.005,11,weighted_average,kalman(weighted_average),false
1788766056.695,36.412,-0.016,2.146,2.052,88.476,-0.016,2.146,2.052,88.469,0.000,0.000,0.001,0.001,11,weighted_average,kalman(weighted_average),false
1788766056.797,36.514,-0.018,2.151,2.049,88.523,-0.018,2.151,2.049,88.515,-0.000,-0.001,0.000,0.001,11,weighted_average,kalman(weighted_average),false
1788766056.879,36.596,-0.010,2.156,2.055,88.424,-0.013,2.156,2.053,88.459,-0.002,-0.001,-0.002,0.003,11,weighted_average,kalman(weighted_average),false
1788766057.072,36.789,-0.015,2.162,2.053,88.473,-0.014,2.162,2.053,88.468,0.001,0.000,0.000,0.001,11,weighted_average,kalman(weighted_average),false
1788766057.138,36.855,-0.016,2.163,2.047,88.474,-0.016,2.163,2.048,88.474,-0.000,0.000,0.001,0.001,11,weighted_average,kalman(weighted_average),false
1788766057.224,36.941,-0.019,2.165,2.054,88.533,-0.019,2.165,2.052,88.518,0.000,0.000,-0.002,0.002,11,weighted_average,kalman(weighted_average),false
1788766057.432,37.149,-0.016,2.172,2.054,88.519,-0.016,2.172,2.054,88.525,-0.000,-0.000,0.000,0.001,11,weighted_average,kalman(weighted_average),false
1788766057.523,37.240,-0.018,2.172,2.050,88.548,-0.017,2.173,2.051,88.542,0.001,0.001,0.001,0.001,11,weighted_average,kalman(weighted_average),false
1788766057.606,37.323,-0.016,2.173,2.054,88.510,-0.016,2.173,2.053,88.522,-0.000,0.000,-0.001,0.001,11,weighted_average,kalman(weighted_average),false
1788766057.818,37.535,-0.011,2.178,2.058,88.480,-0.011,2.178,2.058,88.482,-0.000,-0.000,-0.000,0.000,11,weighted_average,kalman(weighted_average),false
1788766057.898,37.615,-0.012,2.182,2.051,88.514,-0.011,2.181,2.052,88.501,0.001,-0.000,0.002,0.002,11,weighted_average,kalman(weighted_average),false
1788766057.966,37.683,-0.007,2.181,2.047,88.448,-0.008,2.182,2.047,88.466,-0.001,0.001,0.001,0.002,11,weighted_average,kalman(weighted_average),false
1788766058.145,37.862,-0.002,2.179,2.048,88.405,-0.002,2.180,2.048,88.407,-0.000,0.000,-0.001,0.001,11,weighted_average,kalman(weighted_average),false
1788766058.250,37.968,-0.006,2.181,2.045,88.525,-0.005,2.181,2.046,88.493,0.001,-0.001,0.001,0.002,11,weighted_average,kalman(weighted_average),false
1788766058.331,38.049,-0.000,2.181,2.043,88.471,-0.002,2.181,2.043,88.488,-0.001,0.000,0.001,0.002,11,weighted_average,kalman(weighted_average),false
1788766058.527,38.244,0.005,2.182,2.041,88.457,0.005,2.182,2.041,88.463,-0.000,-0.000,-0.000,0.000,11,weighted_average,kalman(weighted_average),false
1788766058.624,38.341,0.004,2.175,2.043,88.464,0.005,2.176,2.042,88.459,0.001,0.001,-0.000,0.002,11,weighted_average,kalman(weighted_average),false
1788766058.711,38.429,0.008,2.174,2.031,88.459,0.008,2.173,2.034,88.457,-0.000,-0.000,0.002,0.003,11,weighted_average,kalman(weighted_average),false
1788766058.868,38.585,0.007,2.167,2.031,88.550,0.007,2.167,2.031,88.536,0.000,0.000,-0.001,0.001,11,weighted_average,kalman(weighted_average),false
1788766058.935,38.653,0.011,2.165,2.035,88.509,0.010,2.165,2.033,88.528,-0.001,-0.000,-0.001,0.002,11,weighted_average,kalman(weighted_average),false
1788766059.047,38.764,0.007,2.163,2.039,88.601,0.008,2.162,2.039,88.590,0.001,-0.000,-0.001,0.001,11,weighted_average,kalman(weighted_average),false
1788766059.242,38.959,0.019,2.162,2.037,88.505,0.018,2.162,2.038,88.520,-0.001,-0.000,0.000,0.001,11,weighted_average,kalman(weighted_average),false
1788766059.322,39.039,0.006,2.158,2.022,88.672,0.010,2.159,2.025,88.621,0.004,0.001,0.003,0.005,11,weighted_average,kalman(weighted_average),false
1788766059.407,39.124,0.009,2.157,2.026,88.633,0.008,2.157,2.023,88.641,-0.001,-0.000,-0.002,0.003,11,weighted_average,kalman(weighted_average),false
1788766059.629,39.346,0.003,2.158,2.021,88.717,0.003,2.158,2.021,88.717,0.000,-0.000,-0.000,0.000,11,weighted_average,kalman(weighted_average),false
1788766059.693,39.410,0.003,2.157,2.011,88.690,0.003,2.158,2.014,88.706,-0.001,0.000,0.002,0.003,11,weighted_average,kalman(weighted_average),false
1788766059.757,39.474,0.001,2.153,2.014,88.689,0.001,2.154,2.013,88.698,0.000,0.002,-0.001,0.002,11,weighted_average,kalman(weighted_average),false
1788766059.948,39.665,0.002,2.150,2.011,88.639,0.002,2.150,2.011,88.646,-0.000,-0.000,-0.000,0.000,11,weighted_average,kalman(weighted_average),false
1788766060.052,39.769,-0.007,2.144,2.014,88.725,-0.006,2.145,2.014,88.701,0.001,0.001,-0.001,0.002,11,weighted_average,kalman(weighted_average),false
1788766060.252,39.969,-0.015,2.137,2.019,88.779,-0.015,2.137,2.019,88.777,-0.000,-0.000,-0.000,0.000,11,weighted_average,kalman(weighted_average),false
1788766060.337,40.055,-0.017,2.135,2.011,88.800,-0.018,2.135,2.013,88.803,-0.000,-0.000,0.002,0.002,11,weighted_average,kalman(weighted_average),false
1788766060.425,40.142,-0.000,2.137,2.016,88.563,-0.004,2.136,2.014,88.637,-0.004,-0.001,-0.001,0.004,11,weighted_average,kalman(weighted_average),false
1788766060.587,40.304,-0.002,2.135,2.004,88.569,-0.001,2.135,2.005,88.557,0.001,0.000,0.001,0.001,11,weighted_average,kalman(weighted_average),false
1788766060.670,40.387,-0.000,2.135,2.007,88.548,-0.000,2.135,2.005,88.540,-0.000,0.000,-0.002,0.002,11,weighted_average,kalman(weighted_average),false
1788766060.767,40.484,-0.007,2.127,2.020,88.617,-0.006,2.128,2.017,88.589,0.001,0.001,-0.003,0.004,11,weighted_average,kalman(weighted_average),false
1788766060.983,40.700,-0.003,2.126,1.998,88.555,-0.004,2.126,2.000,88.562,-0.001,-0.000,0.002,0.002,11,weighted_average,kalman(weighted_average),false
1788766061.081,40.798,-0.003,2.131,1.993,88.606,-0.003,2.130,1.992,88.592,0.000,-0.001,-0.001,0.002,11,weighted_average,kalman(weighted_average),false
1788766061.185,40.902,-0.004,2.127,1.997,88.615,-0.004,2.128,1.994,88.613,0.000,0.001,-0.002,0.003,11,weighted_average,kalman(weighted_average),false
1788766061.361,41.078,-0.005,2.124,1.992,88.665,-0.005,2.124,1.992,88.662,0.000,0.000,0.000,0.000,11,weighted_average,kalman(weighted_average),false
1788766061.442,41.159,-0.010,2.123,1.997,88.763,-0.009,2.123,1.996,88.743,0.001,-0.000,-0.001,0.001,11,weighted_average,kalman(weighted_average),false
1788766061.537,41.255,-0.000,2.123,1.994,88.626,-0.002,2.123,1.995,88.673,-0.002,-0.000,0.001,0.002,11,weighted_average,kalman(weighted_average),false
1788766061.733,41.450,0.000,2.126,1.997,88.657,0.001,2.126,1.997,88.654,0.000,-0.000,-0.000,0.000,11,weighted_average,kalman(weighted_average),false
1788766061.828,41.545,0.002,2.127,1.991,88.643,0.001,2.127,1.992,88.644,-0.000,0.000,0.001,0.001,11,weighted_average,kalman(weighted_average),false
1788766061.917,41.634,-0.001,2.129,1.992,88.691,-0.000,2.129,1.991,88.676,0.001,-0.000,-0.000,0.001,11,weighted_average,kalman(weighted_average),false
1788766062.137,41.854,0.000,2.132,1.995,88.683,0.000,2.132,1.994,88.685,-0.000,0.000,-0.000,0.000,11,weighted_average,kalman(weighted_average),false
1788766062.245,41.962,0.000,2.133,1.990,88.670,0.000,2.133,1.991,88.673,0.000,-0.000,0.001,0.001,11,weighted_average,kalman(weighted_average),false
1788766062.413,42.130,0.003,2.136,1.996,88.609,0.003,2.136,1.996,88.615,-0.000,-0.000,-0.001,0.001,11,weighted_average,kalman(weighted_average),false
1788766062.510,42.228,0.010,2.141,1.997,88.532,0.009,2.140,1.997,88.543,-0.001,-0.001,0.000,0.001,11,weighted_average,kalman(weighted_average),false
1788766062.605,42.322,0.001,2.136,2.012,88.651,0.003,2.138,2.010,88.609,0.003,0.001,-0.002,0.004,11,weighted_average,kalman(weighted_average),false
1788766062.816,42.533,-0.002,2.135,2.004,88.687,-0.002,2.135,2.005,88.684,-0.000,0.000,0.001,0.001,11,weighted_average,kalman(weighted_average),false
1788766062.912,42.629,0.000,2.135,2.014,88.670,-0.000,2.135,2.012,88.682,-0.001,-0.000,-0.003,0.003,11,weighted_average,kalman(weighted_average),false
1788766063.003,42.720,0.005,2.139,2.013,88.633,0.004,2.139,2.013,88.649,-0.001,-0.001,0.001,0.001,11,weighted_average,kalman(weighted_average),false
1788766063.191,42.909,0.010,2.140,2.005,88.548,0.010,2.140,2.006,88.554,0.000,0.000,0.001,0.001,11,weighted_average,kalman(weighted_average),false
1788766063.276,42.993,0.007,2.139,2.006,88.602,0.008,2.139,2.005,88.578,0.001,0.000,-0.001,0.002,11,weighted_average,kalman(weighted_average),false
1788766063.374,43.091,-0.001,2.138,2.003,88.719,0.001,2.138,2.003,88.682,0.001,0.000,0.000,0.001,11,weighted_average,kalman(weighted_average),false
1788766063.589,43.306,0.005,2.139,1.995,88.662,0.004,2.138,1.995,88.675,-0.001,-0.000,0.000,0.001,11,weighted_average,kalman(weighted_average),false
1788766063.687,43.404,0.003,2.131,2.000,88.661,0.004,2.133,1.998,88.660,0.001,0.001,-0.001,0.002,11,weighted_average,kalman(weighted_average),false
1788766063.925,43.642,0.007,2.134,1.998,88.621,0.007,2.134,1.998,88.622,-0.000,-0.000,0.000,0.001,11,weighted_average,kalman(weighted_average),false
1788766064.001,43.718,-0.002,2.131,1.995,88.739,0.000,2.132,1.995,88.703,0.002,0.001,0.001,0.003,11,weighted_average,kalman(weighted_average),false
1788766064.084,43.801,0.003,2.130,1.994,88.636,0.002,2.131,1.994,88.667,-0.002,0.000,-0.000,0.002,11,weighted_average,kalman(weighted_average),false
1788766064.224,43.941,-0.004,2.126,1.999,88.730,-0.004,2.126,1.998,88.718,0.001,0.000,-0.001,0.001,11,weighted_average,kalman(weighted_average),false
1788766064.291,44.008,-0.001,2.132,1.997,88.712,-0.003,2.130,1.998,88.721,-0.001,-0.002,0.001,0.003,11,weighted_average,kalman(weighted_average),false
1788766064.354,44.071,-0.009,2.126,1.995,88.760,-0.007,2.127,1.996,88.750,0.002,0.002,0.001,0.003,11,weighted_average,kalman(weighted_average),false
1788766064.416,44.133,-0.012,2.121,2.001,88.744,-0.011,2.123,1.999,88.754,0.001,0.002,-0.002,0.003,11,weighted_average,kalman(weighted_average),false
1788766064.555,44.272,-0.003,2.120,2.002,88.610,-0.005,2.119,2.002,88.644,-0.002,-0.000,-0.000,0.002,11,weighted_average,kalman(weighted_average),false
1788766064.620,44.337,-0.005,2.117,2.002,88.686,-0.004,2.117,2.002,88.657,0.001,0.000,0.000,0.001,11,weighted_average,kalman(weighted_average),false
1788766064.679,44.396,0.002,2.110,2.008,88.645,0.001,2.112,2.007,88.642,-0.001,0.002,-0.002,0.003,11,weighted_average,kalman(weighted_average),false
1788766064.745,44.463,0.010,2.108,2.003,88.639,0.008,2.108,2.005,88.633,-0.002,-0.000,0.002,0.003,11,weighted_average,kalman(weighted_average),false
1788766064.895,44.612,-0.004,1.523,1.929,89.266,-0.001,1.582,1.937,89.151,0.003,0.059,0.008,0.059,1,weighted_average,kalman(weighted_average),false
1788766064.958,44.675,-0.012,1.518,1.930,89.569,-0.011,1.465,1.923,89.504,0.001,-0.053,-0.007,0.053,1,weighted_average,kalman(weighted_average),false
1788766065.013,44.730,0.043,1.504,1.940,88.922,0.023,1.438,1.928,89.252,-0.020,-0.066,-0.012,0.070,1,weighted_average,kalman(weighted_average),false
1788766065.080,44.798,0.021,1.500,1.919,89.412,0.026,1.445,1.919,89.373,0.006,-0.055,-0.000,0.055,1,weighted_average,kalman(weighted_average),false
1788766065.242,44.959,0.042,1.465,1.934,89.474,0.042,1.454,1.931,89.491,0.000,-0.011,-0.003,0.011,1,weighted_average,kalman(weighted_average),false
1788766065.304,45.021,0.093,1.448,1.915,88.998,0.081,1.453,1.921,89.172,-0.012,0.006,0.006,0.015,1,weighted_average,kalman(weighted_average),false
1788766065.371,45.088,0.105,1.435,1.934,89.007,0.105,1.442,1.930,89.022,0.000,0.007,-0.004,0.008,1,weighted_average,kalman(weighted_average),false
1788766065.508,45.225,0.105,1.405,1.911,89.510,0.111,1.409,1.914,89.365,0.006,0.004,0.003,0.008,1,weighted_average,kalman(weighted_average),false
1788766065.574,45.291,0.153,1.397,1.913,88.953,0.143,1.395,1.911,89.132,-0.011,-0.001,-0.002,0.011,1,weighted_average,kalman(weighted_average),false
1788766065.630,45.347,0.129,1.389,1.918,89.415,0.138,1.387,1.914,89.291,0.010,-0.002,-0.004,0.011,1,weighted_average,kalman(weighted_average),false
1788766065.693,45.410,0.144,1.380,1.919,89.385,0.145,1.378,1.917,89.368,0.000,-0.002,-0.002,0.003,1,weighted_average,kalman(weighted_average),false
1788766065.838,45.555,0.174,1.363,1.900,89.416,0.172,1.362,1.902,89.434,-0.002,-0.001,0.002,0.003,1,weighted_average,kalman(weighted_average),false
1788766065.902,45.619,0.209,1.350,1.912,89.079,0.202,1.352,1.907,89.206,-0.006,0.002,-0.005,0.008,1,weighted_average,kalman(weighted_average),false
1788766065.974,45.691,0.228,1.346,1.911,89.097,0.228,1.345,1.910,89.101,-0.000,-0.001,-0.001,0.002,1,weighted_average,kalman(weighted_average),false
1788766066.107,45.824,0.266,1.337,1.912,89.076,0.267,1.336,1.912,89.044,0.001,-0.001,-0.000,0.002,1,weighted_average,kalman(weighted_average),false
1788766066.168,45.885,0.265,1.334,1.896,89.237,0.270,1.334,1.900,89.160,0.006,-0.000,0.005,0.007,1,weighted_average,kalman(weighted_average),false
1788766066.224,45.942,0.281,1.330,1.905,89.280,0.281,1.330,1.902,89.243,-0.001,0.000,-0.003,0.003,1,weighted_average,kalman(weighted_average),false
1788766066.288,46.005,0.288,1.339,1.897,89.387,0.289,1.335,1.898,89.352,0.001,-0.004,0.001,0.004,1,weighted_average,kalman(weighted_average),false
1788766066.428,46.145,0.318,1.334,1.905,89.451,0.317,1.334,1.903,89.466,-0.001,0.000,-0.002,0.002,1,weighted_average,kalman(weighted_average),false
1788766066.483,46.200,-0.415,-5.558,1.935,-104.202,0.317,1.334,1.903,-164.206,0.732,6.892,-0.032,6.931,1,weighted_average,kalman(weighted_average),true
1788766066.540,46.257,0.395,1.332,1.904,88.852,0.383,1.333,1.904,149.490,-0.011,0.000,-0.000,0.011,1,weighted_average,kalman(weighted_average),false
1788766066.608,46.325,0.399,1.339,1.905,88.858,0.404,1.337,1.905,115.466,0.004,-0.002,-0.000,0.005,1,weighted_average,kalman(weighted_average),false
1788766066.745,46.462,0.421,1.351,1.909,89.040,0.425,1.350,1.909,89.482,0.004,-0.001,-0.000,0.004,1,weighted_average,kalman(weighted_average),false
1788766066.813,46.530,0.454,1.359,1.890,88.711,0.449,1.358,1.895,84.880,-0.005,-0.000,0.005,0.007,1,weighted_average,kalman(weighted_average),false
1788766066.878,46.596,0.467,1.370,1.914,88.836,0.467,1.369,1.906,84.232,-0.000,-0.001,-0.007,0.008,1,weighted_average,kalman(weighted_average),false
1788766066.937,46.654,0.488,1.366,1.913,88.771,0.486,1.370,1.912,85.120,-0.002,0.004,-0.001,0.004,1,weighted_average,kalman(weighted_average),false
1788766067.082,46.799,0.505,1.373,1.906,88.199,0.508,1.374,1.908,86.595,0.003,0.001,0.002,0.003,1,weighted_average,kalman(weighted_average),false
1788766067.140,46.857,0.532,1.392,1.923,87.913,0.527,1.387,1.918,87.638,-0.005,-0.005,-0.005,0.008,1,weighted_average,kalman(weighted_average),false
1788766067.221,46.938,0.561,1.390,1.923,87.643,0.557,1.392,1.923,87.975,-0.004,0.002,0.000,0.004,1,weighted_average,kalman(weighted_average),false
1788766067.439,47.156,0.311,1.976,2.092,90.506,0.326,1.949,2.084,90.421,0.015,-0.027,-0.007,0.032,13,weighted_average,kalman(weighted_average),false
1788766067.523,47.241,0.324,1.988,2.086,90.487,0.295,2.045,2.104,90.752,-0.029,0.057,0.018,0.066,13,weighted_average,kalman(weighted_average),false
1788766067.601,47.318,0.325,1.997,2.085,90.582,0.303,2.044,2.098,90.822,-0.021,0.047,0.014,0.054,13,weighted_average,kalman(weighted_average),false
1788766067.793,47.510,0.339,2.009,2.096,90.622,0.335,2.017,2.097,90.719,-0.004,0.008,0.001,0.009,13,weighted_average,kalman(weighted_average),false
1788766067.876,47.593,0.351,2.008,2.093,90.515,0.353,2.003,2.093,90.537,0.002,-0.005,0.000,0.006,13,weighted_average,kalman(weighted_average),false
1788766067.948,47.665,0.352,2.014,2.096,90.535,0.356,2.007,2.094,90.492,0.005,-0.008,-0.002,0.009,13,weighted_average,kalman(weighted_average),false
1788766068.135,47.852,0.362,2.012,2.088,90.589,0.363,2.011,2.088,90.555,0.001,-0.001,0.000,0.001,13,weighted_average,kalman(weighted_average),false
1788766068.207,47.925,0.369,2.006,2.092,90.578,0.367,2.008,2.090,90.584,-0.001,0.002,-0.001,0.003,13,weighted_average,kalman(weighted_average),false
1788766068.286,48.003,0.376,2.002,2.080,90.559,0.375,2.003,2.083,90.579,-0.001,0.001,0.002,0.003,13,weighted_average,kalman(weighted_average),false
1788766068.480,48.197,0.393,1.976,2.080,90.618,0.393,1.977,2.079,90.618,-0.000,0.001,-0.000,0.001,13,weighted_average,kalman(weighted_average),false
1788766068.547,48.264,0.405,1.963,2.076,90.563,0.403,1.964,2.077,90.584,-0.001,0.001,0.001,0.002,13,weighted_average,kalman(weighted_average),false
1788766068.619,48.336,0.416,1.946,2.076,90.562,0.415,1.947,2.076,90.566,-0.001,0.001,-0.000,0.001,13,weighted_average,kalman(weighted_average),false
1788766068.797,48.514,0.440,1.906,2.080,90.560,0.440,1.906,2.080,90.557,0.000,0.000,-0.000,0.000,13,weighted_average,kalman(weighted_average),false
1788766068.863,48.580,0.452,1.890,2.076,90.555,0.451,1.890,2.078,90.555,-0.000,0.000,0.001,0.001,13,weighted_average,kalman(weighted_average),false
1788766068.917,48.634,0.465,1.872,2.085,90.494,0.463,1.874,2.082,90.517,-0.002,0.002,-0.002,0.004,13,weighted_average,kalman(weighted_average),false
1788766068.992,48.709,0.474,1.855,2.073,90.523,0.475,1.855,2.077,90.513,0.001,-0.001,0.003,0.003,13,weighted_average,kalman(weighted_average),false
1788766069.217,48.934,0.504,1.803,2.080,90.548,0.504,1.803,2.079,90.542,0.000,0.000,-0.000,0.001,13,weighted_average,kalman(weighted_average),false
1788766069.311,49.028,0.521,1.774,2.083,90.514,0.520,1.775,2.083,90.525,-0.001,0.001,-0.000,0.001,13,weighted_average,kalman(weighted_average),false
1788766069.401,49.119,0.539,1.748,2.081,90.451,0.538,1.748,2.082,90.470,-0.001,0.000,0.001,0.001,13,weighted_average,kalman(weighted_average),false
1788766069.607,49.325,0.546,1.714,2.087,90.596,0.548,1.713,2.086,90.579,0.001,-0.001,-0.000,0.002,13,weighted_average,kalman(weighted_average),false
1788766069.663,49.380,0.557,1.692,2.084,90.578,0.554,1.696,2.085,90.592,-0.003,0.004,0.001,0.005,13,weighted_average,kalman(weighted_average),false
1788766069.725,49.443,0.557,1.679,2.085,90.661,0.557,1.680,2.085,90.648,0.000,0.001,0.000,0.001,13,weighted_average,kalman(weighted_average),false
1788766069.785,49.502,0.566,1.660,2.088,90.620,0.564,1.662,2.087,90.648,-0.002,0.002,-0.001,0.003,13,weighted_average,kalman(weighted_average),false
1788766069.982,49.699,0.581,1.618,2.083,90.608,0.581,1.617,2.084,90.620,0.000,-0.000,0.000,0.001,13,weighted_average,kalman(weighted_average),false
1788766070.071,49.788,0.594,1.587,2.082,90.537,0.593,1.590,2.082,90.551,-0.001,0.002,-0.000,0.002,13,weighted_average,kalman(weighted_average),false
1788766070.143,49.860,0.593,1.572,2.082,90.637,0.595,1.571,2.082,90.596,0.002,-0.001,-0.001,0.002,13,weighted_average,kalman(weighted_average),false
1788766070.338,50.056,0.600,1.531,2.076,90.638,0.600,1.531,2.076,90.635,0.000,-0.001,0.000,0.001,13,weighted_average,kalman(weighted_average),false
1788766070.431,50.148,0.612,1.504,2.075,90.577,0.610,1.506,2.074,90.596,-0.002,0.002,-0.000,0.003,13,weighted_average,kalman(weighted_average),false
1788766070.509,50.226,0.612,1.488,2.073,90.607,0.613,1.487,2.073,90.600,0.001,-0.000,0.000,0.001,13,weighted_average,kalman(weighted_average),false
1788766070.681,50.398,0.614,1.461,2.070,90.603,0.615,1.460,2.070,90.602,0.001,-0.001,-0.000,0.001,13,weighted_average,kalman(weighted_average),false
1788766070.775,50.492,0.616,1.456,2.069,90.577,0.616,1.455,2.069,90.583,-0.000,-0.002,0.000,0.002,13,weighted_average,kalman(weighted_average),false
1788766070.865,50.583,0.589,1.471,2.081,90.929,0.594,1.466,2.078,90.833,0.005,-0.005,-0.003,0.007,13,weighted_average,kalman(weighted_average),false
1788766071.059,50.776,0.616,1.437,2.066,90.620,0.613,1.440,2.067,90.670,-0.003,0.002,0.001,0.004,13,weighted_average,kalman(weighted_average),false
1788766071.137,50.855,0.613,1.441,2.068,90.609,0.616,1.437,2.066,90.597,0.003,-0.004,-0.002,0.006,13,weighted_average,kalman(weighted_average),false
1788766071.220,50.937,0.612,1.444,2.068,90.578,0.615,1.441,2.067,90.557,0.003,-0.003,-0.001,0.004,13,weighted_average,kalman(weighted_average),false
1788766071.391,51.108,0.607,1.452,2.072,90.600,0.607,1.451,2.072,90.579,0.001,-0.001,-0.000,0.001,13,weighted_average,kalman(weighted_average),false
1788766071.468,51.185,0.605,1.454,2.064,90.630,0.604,1.454,2.066,90.620,-0.000,0.001,0.002,0.002,13,weighted_average,kalman(weighted_average),false
1788766071.559,51.276,0.601,1.457,2.067,90.662,0.601,1.457,2.066,90.660,-0.000,0.001,-0.001,0.001,13,weighted_average,kalman(weighted_average),false
1788766071.783,51.500,0.597,1.465,2.067,90.673,0.596,1.465,2.067,90.679,-0.000,-0.000,-0.000,0.000,13,weighted_average,kalman(weighted_average),false
1788766071.890,51.608,0.595,1.468,2.069,90.673,0.595,1.468,2.068,90.675,-0.000,0.000,-0.000,0.000,13,weighted_average,kalman(weighted_average),false
1788766072.131,51.848,0.595,1.475,2.065,90.673,0.595,1.475,2.066,90.673,-0.000,0.000,0.000,0.000,13,weighted_average,kalman(weighted_average),false
1788766072.227,51.944,0.596,1.477,2.059,90.663,0.596,1.477,2.060,90.665,-0.000,0.000,0.001,0.001,13,weighted_average,kalman(weighted_average),false
1788766072.300,52.018,0.602,1.473,2.057,90.597,0.601,1.475,2.057,90.617,-0.001,0.002,-0.000,0.002,13,weighted_average,kalman(weighted_average),false
1788766072.478,52.195,0.598,1.476,2.050,90.659,0.599,1.476,2.050,90.647,0.001,-0.000,-0.000,0.001,13,weighted_average,kalman(weighted_average),false
1788766072.572,52.289,0.598,1.475,2.049,90.676,0.597,1.476,2.049,90.674,-0.000,0.000,-0.000,0.001,13,weighted_average,kalman(weighted_average),false
1788766072.663,52.380,0.599,1.476,2.044,90.664,0.598,1.476,2.045,90.673,-0.001,0.000,0.001,0.001,13,weighted_average,kalman(weighted_average),false
1788766072.867,52.584,0.600,1.475,2.037,90.663,0.600,1.475,2.037,90.665,-0.000,0.000,0.000,0.000,13,weighted_average,kalman(weighted_average),false
1788766072.959,52.677,0.601,1.477,2.033,90.646,0.601,1.477,2.033,90.649,0.000,-0.000,-0.000,0.000,13,weighted_average,kalman(weighted_average),false
1788766073.037,52.754,0.605,1.476,2.029,90.618,0.604,1.477,2.030,90.624,-0.000,0.000,0.000,0.001,13,weighted_average,kalman(weighted_average),false
1788766073.197,52.914,0.605,1.479,2.032,90.617,0.606,1.479,2.031,90.612,0.000,-0.000,-0.001,0.001,13,weighted_average,kalman(weighted_average),false
1788766073.262,52.979,0.608,1.478,2.028,90.603,0.607,1.478,2.029,90.604,-0.000,0.000,0.001,0.001,13,weighted_average,kalman(weighted_average),false
1788766073.346,53.063,0.605,1.481,2.026,90.662,0.606,1.480,2.027,90.642,0.001,-0.000,0.000,0.001,13,weighted_average,kalman(weighted_average),false
1788766073.546,53.263,0.608,1.485,2.029,90.647,0.608,1.485,2.029,90.650,-0.000,-0.000,-0.000,0.000,13,weighted_average,kalman(weighted_average),false
1788766073.646,53.363,0.612,1.483,2.037,90.613,0.612,1.484,2.036,90.621,-0.000,0.001,-0.001,0.001,13,weighted_average,kalman(weighted_average),false
1788766073.737,53.454,0.609,1.485,2.036,90.662,0.610,1.485,2.037,90.647,0.001,-0.000,0.001,0.002,13,weighted_average,kalman(weighted_average),false
1788766073.909,53.626,0.611,1.484,2.040,90.607,0.611,1.484,2.040,90.614,-0.000,0.000,0.000,0.000,13,weighted_average,kalman(weighted_average),false
1788766073.980,53.697,0.605,1.488,2.042,90.675,0.607,1.487,2.042,90.653,0.002,-0.001,-0.000,0.002,13,weighted_average,kalman(weighted_average),false
1788766074.040,53.757,0.610,1.485,2.048,90.578,0.608,1.486,2.047,90.610,-0.002,0.001,-0.002,0.003,13,weighted_average,kalman(weighted_average),false
1788766074.109,53.826,0.605,1.487,2.040,90.654,0.606,1.487,2.043,90.632,0.001,-0.000,0.003,0.003,13,weighted_average,kalman(weighted_average),false
1788766074.289,54.006,0.603,1.489,2.045,90.673,0.603,1.489,2.044,90.669,-0.000,-0.000,-0.000,0.000,13,weighted_average,kalman(weighted_average),false
1788766074.396,54.113,0.606,1.488,2.049,90.593,0.606,1.488,2.049,90.614,-0.001,0.000,-0.001,0.001,13,weighted_average,kalman(weighted_average),false
1788766074.465,54.182,0.606,1.485,2.057,90.609,0.606,1.486,2.055,90.604,0.000,0.001,-0.001,0.002,13,weighted_average,kalman(weighted_average),false
1788766074.689,54.406,0.606,1.487,2.057,90.612,0.606,1.487,2.058,90.608,0.000,-0.000,0.001,0.001,13,weighted_average,kalman(weighted_average),false
1788766074.765,54.482,0.603,1.492,2.056,90.626,0.604,1.491,2.056,90.622,0.000,-0.001,0.000,0.001,13,weighted_average,kalman(weighted_average),false
1788766074.838,54.555,0.604,1.491,2.064,90.608,0.604,1.492,2.061,90.616,-0.001,0.001,-0.002,0.002,13,weighted_average,kalman(weighted_average),false
1788766075.002,54.719,0.605,1.485,2.066,90.669,0.605,1.486,2.066,90.662,-0.000,0.001,0.000,0.001,13,weighted_average,kalman(weighted_average),false
1788766075.101,54.818,0.608,1.487,2.070,90.607,0.607,1.486,2.069,90.626,-0.000,-0.001,-0.000,0.001,13,weighted_average,kalman(weighted_average),false
1788766075.177,54.894,0.606,1.487,2.068,90.641,0.607,1.487,2.069,90.633,0.001,-0.001,0.001,0.001,13,weighted_average,kalman(weighted_average),false
1788766075.381,55.099,0.607,1.487,2.074,90.593,0.607,1.487,2.074,90.596,0.000,0.000,-0.000,0.000,13,weighted_average,kalman(weighted_average),false
1788766075.467,55.184,0.609,1.485,2.074,90.571,0.608,1.485,2.075,90.572,-0.000,0.001,0.000,0.001,13,weighted_average,kalman(weighted_average),false
1788766075.550,55.267,0.601,1.486,2.078,90.696,0.603,1.485,2.077,90.654,0.002,-0.000,-0.000,0.002,13,weighted_average,kalman(weighted_average),false
1788766075.771,55.488,0.602,1.482,2.081,90.697,0.602,1.482,2.081,90.701,-0.000,0.000,0.000,0.000,13,weighted_average,kalman(weighted_average),false
1788766075.836,55.553,0.596,1.484,2.086,90.776,0.598,1.483,2.085,90.757,0.001,-0.001,-0.001,0.002,13,weighted_average,kalman(weighted_average),false
1788766075.896,55.613,0.601,1.480,2.089,90.702,0.599,1.481,2.089,90.733,-0.002,0.001,-0.000,0.002,13,weighted_average,kalman(weighted_average),false
1788766076.091,55.808,0.599,1.482,2.087,90.716,0.599,1.481,2.088,90.720,0.000,-0.000,0.001,0.001,13,weighted_average,kalman(weighted_average),false
1788766076.200,55.917,0.599,1.481,2.087,90.710,0.599,1.481,2.086,90.710,0.000,0.000,-0.000,0.000,13,weighted_average,kalman(weighted_average),false
1788766076.278,55.995,0.595,1.482,2.091,90.753,0.596,1.482,2.090,90.738,0.001,-0.000,-0.001,0.002,13,weighted_average,kalman(weighted_average),false
1788766076.476,56.193,0.596,1.482,2.091,90.696,0.596,1.482,2.091,90.703,-0.000,0.000,0.000,0.000,13,weighted_average,kalman(weighted_average),false
1788766076.570,56.287,0.593,1.482,2.092,90.720,0.594,1.482,2.092,90.711,0.001,0.000,-0.000,0.001,13,weighted_average,kalman(weighted_average),false
1788766076.644,56.361,0.587,1.485,2.084,90.789,0.589,1.485,2.086,90.763,0.001,-0.001,0.002,0.003,13,weighted_average,kalman(weighted_average),false
1788766076.816,56.533,0.590,1.485,2.086,90.710,0.589,1.485,2.085,90.724,-0.001,0.000,-0.001,0.001,13,weighted_average,kalman(weighted_average),false
1788766076.909,56.626,0.587,1.485,2.082,90.759,0.587,1.485,2.083,90.744,0.001,0.000,0.001,0.001,13,weighted_average,kalman(weighted_average),false
1788766076.995,56.712,0.586,1.485,2.082,90.766,0.586,1.485,2.082,90.761,0.000,-0.000,-0.000,0.000,13,weighted_average,kalman(weighted_average),false
1788766077.199,56.917,0.589,1.487,2.082,90.695,0.588,1.487,2.082,90.703,-0.000,-0.000,-0.000,0.000,13,weighted_average,kalman(weighted_average),false
1788766077.291,57.008,0.588,1.486,2.076,90.724,0.589,1.487,2.077,90.711,0.000,0.000,0.001,0.001,13,weighted_average,kalman(weighted_average),false
1788766077.376,57.093,0.588,1.487,2.073,90.719,0.588,1.487,2.074,90.715,0.000,-0.000,0.000,0.000,13,weighted_average,kalman(weighted_average),false
1788766077.553,57.270,0.585,1.487,2.068,90.804,0.585,1.487,2.068,90.794,0.000,0.000,-0.000,0.000,13,weighted_average,kalman(weighted_average),false
1788766077.634,57.351,0.582,1.492,2.066,90.791,0.582,1.491,2.066,90.802,0.000,-0.001,-0.000,0.001,13,weighted_average,kalman(weighted_average),false
1788766077.706,57.423,0.587,1.484,2.065,90.752,0.585,1.486,2.065,90.775,-0.002,0.002,-0.000,0.003,13,weighted_average,kalman(weighted_average),false
1788766077.929,57.646,0.587,1.483,2.072,90.742,0.587,1.483,2.072,90.744,0.000,-0.000,-0.000,0.001,13,weighted_average,kalman(weighted_average),false
1788766078.040,57.757,0.589,1.482,2.067,90.726,0.589,1.482,2.069,90.726,-0.000,-0.000,0.001,0.001,13,weighted_average,kalman(weighted_average),false
1788766078.249,57.966,0.592,1.475,2.073,90.780,0.592,1.475,2.073,90.773,-0.000,0.000,-0.000,0.000,13,weighted_average,kalman(weighted_average),false
1788766078.330,58.047,0.597,1.472,2.073,90.711,0.596,1.472,2.073,90.734,-0.001,-0.000,0.000,0.001,13,weighted_average,kalman(weighted_average),false
1788766078.398,58.115,0.590,1.476,2.073,90.798,0.593,1.474,2.073,90.773,0.002,-0.002,0.001,0.003,13,weighted_average,kalman(weighted_average),false
1788766078.570,58.287,0.596,1.469,2.081,90.719,0.596,1.470,2.080,90.730,-0.000,0.000,-0.000,0.001,13,weighted_average,kalman(weighted_average),false
1788766078.667,58.384,0.595,1.469,2.076,90.744,0.595,1.468,2.077,90.735,0.001,-0.000,0.002,0.002,13,weighted_average,kalman(weighted_average),false
1788766078.764,58.481,0.592,1.467,2.077,90.796,0.593,1.467,2.077,90.779,0.001,-0.000,-0.000,0.001,13,weighted_average,kalman(weighted_average),false
1788766078.962,58.679,0.590,1.468,2.075,90.787,0.590,1.467,2.075,90.791,-0.000,-0.000,0.000,0.000,13,weighted_average,kalman(weighted_average),false
1788766079.071,58.788,0.589,1.466,2.078,90.811,0.589,1.466,2.077,90.808,0.000,0.000,-0.001,0.001,13,weighted_average,kalman(weighted_average),false
1788766079.283,59.001,0.599,1.459,2.096,90.680,0.598,1.459,2.096,90.692,-0.001,0.000,-0.001,0.001,13,weighted_average,kalman(weighted_average),false
1788766079.357,59.074,0.594,1.462,2.100,90.764,0.596,1.461,2.101,90.729,0.002,-0.001,0.001,0.003,13,weighted_average,kalman(weighted_average),false
1788766079.433,59.150,0.594,1.464,2.094,90.800,0.595,1.463,2.097,90.776,0.001,-0.001,0.003,0.003,13,weighted_average,kalman(weighted_average),false
1788766079.608,59.325,0.601,1.460,2.097,90.710,0.600,1.460,2.097,90.724,-0.001,0.000,-0.000,0.001,13,weighted_average,kalman(weighted_average),false
1788766079.696,59.413,0.599,1.458,2.090,90.798,0.600,1.458,2.091,90.772,0.001,-0.000,0.001,0.002,13,weighted_average,kalman(weighted_average),false
1788766079.799,59.516,0.600,1.458,2.098,90.775,0.600,1.457,2.096,90.778,0.000,-0.000,-0.002,0.002,13,weighted_average,kalman(weighted_average),false
1788766080.021,59.738,0.604,1.459,2.104,90.758,0.604,1.459,2.104,90.761,-0.000,-0.000,-0.000,0.000,13,weighted_average,kalman(weighted_average),false
1788766080.101,59.818,0.607,1.462,2.100,90.727,0.607,1.462,2.101,90.733,-0.000,-0.001,0.002,0.002,13,weighted_average,kalman(weighted_average),false
1788766080.172,59.889,0.608,1.460,2.103,90.733,0.608,1.461,2.103,90.728,0.000,0.001,-0.001,0.001,13,weighted_average,kalman(weighted_average),false
1788766080.367,60.084,0.607,1.464,2.094,90.771,0.607,1.464,2.095,90.764,0.000,-0.000,0.001,0.001,13,weighted_average,kalman(weighted_average),false
1788766080.458,60.175,0.608,1.467,2.099,90.773,0.607,1.467,2.097,90.776,-0.000,-0.000,-0.002,0.002,13,weighted_average,kalman(weighted_average),false
1788766080.552,60.269,0.611,1.467,2.099,90.765,0.610,1.468,2.099,90.772,-0.001,0.000,-0.000,0.001,13,weighted_average,kalman(weighted_average),false
1788766080.777,60.495,0.617,1.471,2.098,90.701,0.617,1.471,2.098,90.708,-0.000,-0.000,0.000,0.000,13,weighted_average,kalman(weighted_average),false
1788766080.856,60.573,0.614,1.469,2.099,90.808,0.615,1.470,2.098,90.773,0.001,0.001,-0.000,0.001,13,weighted_average,kalman(weighted_average),false
1788766080.948,60.665,0.616,1.473,2.094,90.774,0.616,1.473,2.095,90.780,-0.000,-0.001,0.001,0.001,13,weighted_average,kalman(weighted_average),false
1788766081.110,60.828,0.618,1.472,2.092,90.784,0.618,1.472,2.092,90.787,-0.000,0.000,-0.000,0.000,13,weighted_average,kalman(weighted_average),false
1788766081.176,60.893,0.616,1.472,2.094,90.824,0.617,1.472,2.093,90.813,0.001,-0.000,-0.001,0.001,13,weighted_average,kalman(weighted_average),false
1788766081.261,60.978,0.615,1.474,2.096,90.802,0.616,1.474,2.095,90.811,0.000,-0.001,-0.000,0.001,13,weighted_average,kalman(weighted_average),false
1788766081.447,61.164,0.613,1.477,2.087,90.813,0.613,1.477,2.088,90.814,0.000,-0.000,0.001,0.001,13,weighted_average,kalman(weighted_average),false
1788766081.542,61.259,0.614,1.473,2.090,90.810,0.614,1.474,2.089,90.812,-0.000,0.001,-0.001,0.002,13,weighted_average,kalman(weighted_average),false
1788766081.629,61.346,0.615,1.472,2.090,90.815,0.615,1.472,2.090,90.813,-0.000,-0.000,-0.000,0.000,13,weighted_average,kalman(weighted_average),false
1788766081.816,61.533,0.619,1.469,2.094,90.748,0.618,1.469,2.093,90.755,-0.000,0.000,-0.000,0.000,13,weighted_average,kalman(weighted_average),false
1788766081.897,61.614,0.617,1.470,2.090,90.768,0.617,1.469,2.091,90.756,0.001,-0.000,0.001,0.001,13,weighted_average,kalman(weighted_average),false
1788766081.964,61.681,0.621,1.467,2.086,90.684,0.620,1.468,2.088,90.705,-0.001,0.001,0.001,0.002,13,weighted_average,kalman(weighted_average),false
1788766082.146,61.863,0.619,1.464,2.089,90.713,0.619,1.464,2.088,90.703,0.000,0.000,-0.000,0.001,13,weighted_average,kalman(weighted_average),false
1788766082.222,61.939,0.616,1.464,2.085,90.767,0.616,1.464,2.086,90.751,0.001,-0.001,0.001,0.001,13,weighted_average,kalman(weighted_average),false
1788766082.313,62.030,0.613,1.467,2.084,90.793,0.613,1.467,2.084,90.790,0.000,-0.001,0.000,0.001,13,weighted_average,kalman(weighted_average),false
1788766082.477,62.194,0.613,1.467,2.082,90.788,0.612,1.468,2.082,90.797,-0.000,0.000,-0.000,0.000,13,weighted_average,kalman(weighted_average),false
1788766082.567,62.284,0.617,1.472,2.070,90.677,0.616,1.471,2.072,90.707,-0.001,-0.001,0.002,0.002,13,weighted_average,kalman(weighted_average),false
1788766082.651,62.368,0.614,1.474,2.075,90.720,0.615,1.474,2.073,90.702,0.001,-0.000,-0.002,0.002,13,weighted_average,kalman(weighted_average),false
1788766082.829,62.547,0.611,1.475,2.060,89.111,0.611,1.475,2.061,89.283,0.000,0.000,0.001,0.001,13,weighted_average,kalman(weighted_average),false
1788766082.884,62.601,0.826,0.936,1.888,85.545,0.611,1.475,2.061,86.660,-0.215,0.539,0.173,0.606,1,weighted_average,kalman(weighted_average),true
1788766082.939,62.656,0.824,0.935,1.871,84.899,0.611,1.475,2.061,85.066,-0.213,0.540,0.190,0.611,1,weighted_average,kalman(weighted_average),true
1788766082.993,62.710,0.845,0.928,1.879,84.222,0.827,0.972,1.894,83.986,-0.019,0.044,0.015,0.050,1,weighted_average,kalman(weighted_average),false
1788766083.139,62.856,0.811,0.939,1.874,83.412,0.832,0.898,1.862,82.878,0.021,-0.041,-0.013,0.048,1,weighted_average,kalman(weighted_average),false
1788766083.198,62.915,0.800,0.938,1.858,82.888,0.806,0.924,1.857,82.727,0.007,-0.014,-0.001,0.015,1,weighted_average,kalman(weighted_average),false
1788766083.253,62.971,0.793,0.938,1.851,82.321,0.792,0.936,1.851,82.360,-0.001,-0.002,0.000,0.002,1,weighted_average,kalman(weighted_average),false
1788766083.303,63.020,0.824,0.931,1.859,81.171,0.807,0.937,1.854,81.575,-0.017,0.005,-0.005,0.019,1,weighted_average,kalman(weighted_average),false
1788766083.446,63.163,0.799,0.938,1.839,80.423,0.799,0.940,1.840,80.383,0.000,0.002,0.001,0.002,1,weighted_average,kalman(weighted_average),false
1788766083.505,63.222,0.800,0.934,1.856,79.758,0.799,0.935,1.850,79.805,-0.001,0.002,-0.006,0.007,1,weighted_average,kalman(weighted_average),false
1788766083.555,63.272,0.807,0.932,1.855,79.378,0.804,0.933,1.854,79.370,-0.004,0.000,-0.001,0.004,1,weighted_average,kalman(weighted_average),false
1788766083.606,63.323,0.811,0.937,1.871,78.797,0.809,0.935,1.866,78.849,-0.002,-0.003,-0.006,0.007,1,weighted_average,kalman(weighted_average),false
1788766083.752,63.469,0.817,0.942,1.875,77.409,0.817,0.941,1.876,77.424,-0.000,-0.001,0.001,0.001,1,weighted_average,kalman(weighted_average),false
1788766083.808,63.525,0.798,0.955,1.884,77.103,0.805,0.952,1.882,77.023,0.007,-0.003,-0.001,0.007,1,weighted_average,kalman(weighted_average),false
1788766083.867,63.584,-0.845,-5.164,1.893,-107.771,0.805,0.952,1.882,-177.157,1.649,6.116,-0.011,6.335,1,weighted_average,kalman(weighted_average),true
1788766083.923,63.641,0.794,0.964,1.877,76.245,0.796,0.962,1.878,139.303,0.002,-0.002,0.001,0.003,1,weighted_average,kalman(weighted_average),false
1788766084.068,63.785,0.767,1.000,1.891,75.351,0.769,0.997,1.889,91.490,0.002,-0.003,-0.002,0.004,1,weighted_average,kalman(weighted_average),false
1788766084.129,63.846,0.754,1.009,1.877,74.819,0.755,1.010,1.882,73.759,0.001,0.001,0.005,0.005,1,weighted_average,kalman(weighted_average),false
1788766084.185,63.902,0.775,1.030,1.915,73.685,0.764,1.028,1.904,66.820,-0.011,-0.002,-0.011,0.016,1,weighted_average,kalman(weighted_average),false
1788766084.249,63.966,0.761,1.042,1.917,73.064,0.761,1.043,1.916,64.495,0.000,0.001,-0.000,0.001,1,weighted_average,kalman(weighted_average),false
1788766084.385,64.102,0.846,1.574,2.046,71.102,0.835,1.512,2.033,65.753,-0.011,-0.062,-0.013,0.064,11,weighted_average,kalman(weighted_average),false
1788766084.445,64.163,0.849,1.587,2.043,70.298,0.855,1.630,2.056,68.667,0.006,0.043,0.013,0.045,11,weighted_average,kalman(weighted_average),false
1788766084.507,64.224,0.839,1.601,2.021,69.701,0.853,1.664,2.044,69.744,0.014,0.063,0.023,0.069,11,weighted_average,kalman(weighted_average),false
1788766084.574,64.291,0.832,1.608,2.036,69.063,0.842,1.659,2.042,69.797,0.010,0.050,0.007,0.052,11,weighted_average,kalman(weighted_average),false
1788766084.715,64.432,0.847,1.653,2.045,67.655,0.846,1.664,2.046,68.326,-0.001,0.011,0.001,0.011,11,weighted_average,kalman(weighted_average),false
1788766084.777,64.494,0.795,1.669,2.060,68.010,0.810,1.667,2.057,67.921,0.014,-0.002,-0.004,0.015,14,weighted_average,kalman(weighted_average),false
1788766084.837,64.554,0.785,1.694,2.071,67.522,0.787,1.686,2.068,67.490,0.002,-0.009,-0.003,0.009,14,weighted_average,kalman(weighted_average),false
1788766084.895,64.613,0.782,1.688,2.071,67.027,0.777,1.691,2.073,67.031,-0.005,0.003,0.002,0.006,14,weighted_average,kalman(weighted_average),false
1788766085.034,64.751,0.774,1.722,2.074,65.725,0.770,1.720,2.076,65.770,-0.004,-0.002,0.002,0.005,14,weighted_average,kalman(weighted_average),false
1788766085.090,64.807,0.766,1.737,2.078,65.150,0.767,1.736,2.077,65.193,0.001,-0.001,-0.000,0.002,14,weighted_average,kalman(weighted_average),false
1788766085.150,64.867,0.762,1.748,2.064,64.492,0.763,1.749,2.069,64.541,0.001,0.001,0.005,0.005,14,weighted_average,kalman(weighted_average),false
1788766085.207,64.924,0.759,1.758,2.080,63.837,0.759,1.759,2.075,63.890,0.000,0.002,-0.005,0.006,14,weighted_average,kalman(weighted_average),false
1788766085.340,65.057,0.748,1.771,2.054,62.495,0.748,1.773,2.057,62.491,0.001,0.002,0.003,0.004,14,weighted_average,kalman(weighted_average),false
1788766085.397,65.114,0.738,1.763,2.065,62.128,0.740,1.768,2.060,62.045,0.002,0.005,-0.005,0.007,14,weighted_average,kalman(weighted_average),false
1788766085.448,65.165,0.730,1.766,2.070,61.470,0.731,1.766,2.065,61.506,0.001,0.001,-0.004,0.004,14,weighted_average,kalman(weighted_average),false
1788766085.507,65.224,0.729,1.763,2.063,61.079,0.727,1.764,2.064,61.015,-0.002,0.001,0.001,0.003,14,weighted_average,kalman(weighted_average),false
1788766085.642,65.360,0.703,1.751,2.089,59.366,0.704,1.752,2.086,59.450,0.001,0.001,-0.003,0.004,14,weighted_average,kalman(weighted_average),false
1788766085.699,65.416,0.691,1.741,2.090,58.670,0.692,1.743,2.092,58.719,0.001,0.002,0.002,0.003,14,weighted_average,kalman(weighted_average),false
1788766085.752,65.469,0.669,1.815,2.087,59.602,0.673,1.787,2.091,58.966,0.005,-0.028,0.004,0.028,8,weighted_average,kalman(weighted_average),false
1788766085.805,65.523,0.652,1.811,2.093,59.062,0.655,1.809,2.094,58.884,0.002,-0.003,0.001,0.004,8,weighted_average,kalman(weighted_average),false
1788766085.935,65.652,0.647,1.783,2.090,57.283,0.642,1.794,2.092,57.524,-0.005,0.010,0.002,0.011,8,weighted_average,kalman(weighted_average),false
1788766085.993,65.710,0.638,1.786,2.094,57.070,0.638,1.785,2.093,57.029,-0.000,-0.000,-0.001,0.001,8,weighted_average,kalman(weighted_average),false
1788766086.047,65.765,0.665,1.734,2.074,55.088,0.655,1.749,2.081,55.684,-0.011,0.015,0.006,0.020,8|11,weighted_average,kalman(weighted_average),false
1788766086.104,65.821,0.657,1.723,2.075,54.359,0.658,1.724,2.075,54.557,0.001,0.001,-0.000,0.002,8|11,weighted_average,kalman(weighted_average),false
1788766086.244,65.962,0.599,1.742,2.095,54.351,0.607,1.733,2.091,53.914,0.009,-0.009,-0.004,0.013,8,weighted_average,kalman(weighted_average),false
1788766086.302,66.019,0.587,1.730,2.109,53.764,0.586,1.733,2.106,53.714,-0.001,0.003,-0.003,0.004,8,weighted_average,kalman(weighted_average),false
1788766086.356,66.073,0.630,1.683,2.072,52.004,0.607,1.701,2.088,52.608,-0.022,0.018,0.016,0.033,8|11,weighted_average,kalman(weighted_average),false
1788766086.407,66.124,0.575,1.716,2.107,52.827,0.587,1.706,2.098,52.487,0.012,-0.010,-0.008,0.018,8,weighted_average,kalman(weighted_average),false
1788766086.550,66.267,0.602,1.645,2.081,50.093,0.597,1.650,2.084,50.348,-0.005,0.006,0.003,0.008,8|11,weighted_average,kalman(weighted_average),false
1788766086.602,66.319,0.599,1.629,2.087,49.416,0.600,1.629,2.084,49.475,0.001,-0.001,-0.003,0.003,8|11,weighted_average,kalman(weighted_average),false
1788766086.659,66.377,0.568,1.659,2.100,50.268,0.580,1.640,2.093,49.584,0.012,-0.018,-0.007,0.023,8,weighted_average,kalman(weighted_average),false
1788766086.715,66.433,0.578,1.608,2.092,48.772,0.576,1.617,2.093,48.919,-0.002,0.009,0.002,0.010,8|11,weighted_average,kalman(weighted_average),false
1788766086.852,66.569,0.540,1.623,2.109,49.123,0.543,1.618,2.108,48.805,0.003,-0.005,-0.002,0.006,8,weighted_average,kalman(weighted_average),false
1788766086.905,66.622,0.575,1.562,2.090,47.488,0.561,1.580,2.097,47.946,-0.014,0.018,0.007,0.024,8|11,weighted_average,kalman(weighted_average),false
1788766086.960,66.677,0.530,1.598,2.110,48.778,0.541,1.586,2.105,48.273,0.011,-0.012,-0.005,0.017,8,weighted_average,kalman(weighted_average),false
1788766087.013,66.730,0.561,1.549,2.095,47.396,0.551,1.560,2.100,47.739,-0.011,0.011,0.005,0.016,8|11,weighted_average,kalman(weighted_average),false
1788766087.157,66.874,0.528,1.564,2.106,48.396,0.531,1.559,2.105,48.131,0.003,-0.005,-0.001,0.006,8,weighted_average,kalman(weighted_average),false
1788766087.208,66.926,0.564,1.503,2.095,46.908,0.551,1.521,2.099,47.411,-0.013,0.018,0.004,0.022,8|11,weighted_average,kalman(weighted_average),false
1788766087.266,66.984,0.556,1.495,2.099,46.972,0.556,1.497,2.098,47.067,0.000,0.003,-0.001,0.003,8|11,weighted_average,kalman(weighted_average),false
1788766087.324,67.041,0.520,1.534,2.117,48.309,0.535,1.514,2.110,47.674,0.014,-0.020,-0.007,0.026,8,weighted_average,kalman(weighted_average),false
1788766087.461,67.178,0.552,1.466,2.114,46.916,0.548,1.471,2.115,47.115,-0.005,0.005,0.001,0.007,8|11,weighted_average,kalman(weighted_average),false
1788766087.519,67.236,0.550,1.473,2.105,46.992,0.551,1.467,2.108,46.959,0.002,-0.006,0.003,0.007,8|11,weighted_average,kalman(weighted_average),false
1788766087.570,67.287,0.536,1.473,2.116,47.320,0.543,1.467,2.112,47.096,0.007,-0.006,-0.004,0.010,8|11,weighted_average,kalman(weighted_average),false
1788766087.618,67.335,0.535,1.462,2.121,47.343,0.538,1.461,2.117,47.203,0.003,-0.000,-0.003,0.004,8|11,weighted_average,kalman(weighted_average),false
1788766087.757,67.474,0.541,1.456,2.143,47.470,0.539,1.455,2.141,47.416,-0.001,-0.001,-0.002,0.003,8|11,weighted_average,kalman(weighted_average),false
1788766087.808,67.525,0.527,1.452,2.160,47.786,0.531,1.452,2.157,47.674,0.004,0.000,-0.003,0.005,8|11,weighted_average,kalman(weighted_average),false
1788766087.864,67.581,0.541,1.441,2.169,47.558,0.536,1.444,2.169,47.671,-0.005,0.003,0.001,0.006,8|11,weighted_average,kalman(weighted_average),false
1788766087.914,67.632,0.585,1.420,2.150,46.926,0.567,1.427,2.162,47.299,-0.018,0.007,0.012,0.023,8|11,weighted_average,kalman(weighted_average),false
1788766088.052,67.769,0.590,1.403,2.167,47.111,0.592,1.403,2.167,47.105,0.002,-0.001,0.001,0.002,8|11|14,weighted_average,kalman(weighted_average),false
1788766088.106,67.823,0.594,1.403,2.189,47.243,0.596,1.400,2.183,47.164,0.002,-0.003,-0.006,0.007,8|11,weighted_average,kalman(weighted_average),false
1788766088.161,67.878,0.593,1.408,2.198,47.458,0.596,1.403,2.196,47.326,0.003,-0.005,-0.002,0.006,8|11,weighted_average,kalman(weighted_average),false
1788766088.215,67.932,0.586,0.192,1.528,23.457,0.596,1.403,2.196,33.955,0.010,1.211,0.668,1.383,8|11|14,weighted_average,kalman(weighted_average),true
1788766088.356,68.073,0.663,1.360,2.165,46.835,0.658,1.363,2.168,41.650,-0.005,0.003,0.002,0.006,8|11,weighted_average,kalman(weighted_average),false
1788766088.411,68.128,0.647,1.403,2.200,48.233,0.657,1.387,2.188,46.843,0.010,-0.016,-0.013,0.023,8,weighted_average,kalman(weighted_average),false
1788766088.463,68.180,0.657,1.402,2.201,48.381,0.660,1.399,2.198,49.223,0.003,-0.004,-0.003,0.006,8,weighted_average,kalman(weighted_average),false
1788766088.513,68.230,0.670,1.393,2.204,48.238,0.669,1.398,2.205,50.031,-0.001,0.005,0.000,0.005,8,weighted_average,kalman(weighted_average),false
1788766088.653,68.370,0.751,1.328,2.172,46.669,0.743,1.338,2.178,48.623,-0.008,0.010,0.006,0.014,8|11,weighted_average,kalman(weighted_average),false
1788766088.708,68.425,0.774,1.318,2.187,46.548,0.775,1.316,2.181,47.131,0.001,-0.002,-0.007,0.007,8|11,weighted_average,kalman(weighted_average),false
1788766088.762,68.479,0.781,1.319,2.182,46.637,0.790,1.309,2.180,46.495,0.009,-0.009,-0.002,0.013,8|11,weighted_average,kalman(weighted_average),false
1788766088.814,68.531,0.784,1.357,2.200,47.769,0.794,1.333,2.191,46.869,0.011,-0.024,-0.009,0.027,8,weighted_average,kalman(weighted_average),false
1788766088.953,68.670,0.851,1.310,2.176,46.357,0.849,1.314,2.179,46.282,-0.002,0.004,0.003,0.005,8|11,weighted_average,kalman(weighted_average),false
1788766089.008,68.725,0.887,1.303,2.167,46.087,0.882,1.304,2.169,46.073,-0.005,0.000,0.002,0.005,8|11,weighted_average,kalman(weighted_average),false
1788766089.059,68.776,0.924,1.248,2.144,44.846,0.918,1.265,2.150,45.280,-0.006,0.017,0.006,0.019,11,weighted_average,kalman(weighted_average),false
1788766089.114,68.831,0.916,1.263,2.149,45.480,0.929,1.255,2.145,45.190,0.013,-0.008,-0.004,0.016,11|14,weighted_average,kalman(weighted_average),false
1788766089.255,68.973,0.955,1.291,2.157,46.173,0.958,1.282,2.153,45.818,0.004,-0.010,-0.005,0.011,8|11,weighted_average,kalman(weighted_average),false
1788766089.310,69.028,0.978,1.290,2.150,46.179,0.975,1.292,2.153,46.131,-0.003,0.002,0.002,0.004,8|11,weighted_average,kalman(weighted_average),false
1788766089.368,69.085,0.971,1.334,2.159,47.445,0.977,1.324,2.158,47.026,0.006,-0.010,-0.001,0.012,8,weighted_average,kalman(weighted_average),false
1788766089.417,69.134,1.030,1.270,2.146,45.797,1.012,1.299,2.152,46.556,-0.018,0.028,0.006,0.034,8|11,weighted_average,kalman(weighted_average),false
1788766089.563,69.280,1.030,1.318,2.149,47.294,1.034,1.316,2.149,47.228,0.004,-0.002,0.000,0.005,8,weighted_average,kalman(weighted_average),false
1788766089.615,69.332,1.058,1.309,2.140,47.154,1.053,1.313,2.142,47.269,-0.006,0.004,0.002,0.008,8,weighted_average,kalman(weighted_average),false
1788766089.672,69.389,1.100,1.257,2.108,45.966,1.088,1.277,2.118,46.571,-0.012,0.020,0.010,0.026,8|11,weighted_average,kalman(weighted_average),false
1788766089.729,69.447,1.099,1.261,2.112,46.169,1.104,1.261,2.109,46.263,0.005,-0.001,-0.003,0.006,8|11,weighted_average,kalman(weighted_average),false
1788766089.864,69.581,1.105,1.309,2.126,47.744,1.111,1.298,2.120,47.321,0.006,-0.011,-0.006,0.014,8,weighted_average,kalman(weighted_average),false
1788766089.930,69.647,1.159,1.237,2.081,46.066,1.147,1.259,2.093,46.631,-0.012,0.022,0.012,0.028,8|11,weighted_average,kalman(weighted_average),false
1788766089.980,69.697,1.143,1.294,2.089,47.581,1.150,1.278,2.087,47.160,0.007,-0.016,-0.002,0.017,8,weighted_average,kalman(weighted_average),false
1788766090.033,69.750,1.166,1.279,2.082,47.442,1.164,1.280,2.081,47.389,-0.002,0.001,-0.001,0.002,8,weighted_average,kalman(weighted_average),false
1788766090.168,69.885,1.259,1.141,2.023,44.608,1.251,1.161,2.028,45.304,-0.009,0.019,0.005,0.022,11,weighted_average,kalman(weighted_average),false
1788766090.230,69.948,1.247,1.138,2.048,44.843,1.259,1.127,2.036,44.700,0.013,-0.011,-0.012,0.021,11,weighted_average,kalman(weighted_average),false
1788766090.276,69.994,1.257,1.129,2.044,44.892,1.264,1.115,2.038,44.563,0.008,-0.013,-0.005,0.016,11,weighted_average,kalman(weighted_average),false
1788766090.333,70.050,1.282,1.114,2.017,44.707,1.281,1.103,2.024,44.416,-0.001,-0.011,0.007,0.013,11,weighted_average,kalman(weighted_average),false
1788766090.465,70.182,1.296,1.094,2.016,44.824,1.300,1.088,2.014,44.545,0.003,-0.006,-0.002,0.007,11,weighted_average,kalman(weighted_average),false
1788766090.519,70.236,1.300,1.088,2.031,44.858,1.302,1.087,2.025,44.749,0.002,-0.002,-0.006,0.007,11,weighted_average,kalman(weighted_average),false
1788766090.568,70.286,1.316,1.082,2.008,44.459,1.313,1.083,2.015,44.620,-0.004,0.001,0.007,0.008,11,weighted_average,kalman(weighted_average),false
1788766090.618,70.335,1.327,1.082,1.996,44.157,1.324,1.081,2.002,44.375,-0.003,-0.001,0.007,0.007,11,weighted_average,kalman(weighted_average),false
1788766090.764,70.481,1.330,1.060,2.006,42.881,1.332,1.062,2.004,43.121,0.002,0.002,-0.003,0.004,11,weighted_average,kalman(weighted_average),false
1788766090.816,70.534,1.346,1.039,2.005,42.021,1.343,1.043,2.005,42.258,-0.004,0.005,0.000,0.006,11,weighted_average,kalman(weighted_average),false
1788766090.870,70.588,1.356,1.026,2.014,41.347,1.353,1.027,2.012,41.466,-0.003,0.002,-0.002,0.004,11,weighted_average,kalman(weighted_average),false
1788766090.921,70.638,1.358,1.019,2.009,41.055,1.359,1.017,2.012,40.949,0.001,-0.002,0.002,0.003,11,weighted_average,kalman(weighted_average),false
1788766091.059,70.776,1.362,1.000,2.006,39.989,1.364,0.998,2.007,39.847,0.002,-0.002,0.001,0.003,11,weighted_average,kalman(weighted_average),false
1788766091.118,70.835,1.366,0.980,2.013,39.302,1.366,0.983,2.011,39.326,-0.000,0.003,-0.002,0.004,11,weighted_average,kalman(weighted_average),false
1788766091.167,70.885,1.371,0.961,2.038,38.597,1.370,0.965,2.029,38.730,-0.001,0.005,-0.010,0.011,11,weighted_average,kalman(weighted_average),false
1788766091.223,70.940,1.376,0.954,2.044,38.270,1.374,0.953,2.042,38.233,-0.001,-0.001,-0.002,0.003,11,weighted_average,kalman(weighted_average),false
1788766091.361,71.078,1.390,0.923,2.016,36.891,1.389,0.922,2.023,36.902,-0.001,-0.001,0.007,0.007,11,weighted_average,kalman(weighted_average),false
1788766091.412,71.129,1.322,1.080,2.098,39.880,1.344,1.027,2.072,38.578,0.023,-0.053,-0.026,0.063,8,weighted_average,kalman(weighted_average),false
1788766091.466,71.183,1.340,1.095,1.654,38.642,1.344,1.027,2.072,38.749,0.004,-0.068,0.418,0.424,11,weighted_average,kalman(weighted_average),true
1788766091.523,71.241,1.384,0.904,2.017,35.645,1.377,0.926,2.027,37.095,-0.007,0.022,0.010,0.025,11,weighted_average,kalman(weighted_average),false
1788766091.662,71.379,1.380,0.858,2.054,34.101,1.383,0.854,2.045,34.462,0.003,-0.004,-0.009,0.010,11,weighted_average,kalman(weighted_average),false
1788766091.716,71.433,1.401,0.834,2.024,33.087,1.396,0.832,2.033,33.224,-0.005,-0.002,0.009,0.011,11,weighted_average,kalman(weighted_average),false
1788766091.774,71.491,1.395,0.833,2.020,32.875,1.398,0.823,2.024,32.544,0.003,-0.009,0.004,0.010,11,weighted_average,kalman(weighted_average),false
1788766091.831,71.548,1.370,0.817,2.046,32.063,1.381,0.814,2.037,31.863,0.011,-0.004,-0.009,0.015,11,weighted_average,kalman(weighted_average),false
1788766091.966,71.683,1.379,0.765,2.056,30.035,1.377,0.767,2.055,30.002,-0.002,0.002,-0.001,0.003,11,weighted_average,kalman(weighted_average),false
1788766092.020,71.737,1.382,0.753,2.057,29.549,1.380,0.751,2.059,29.437,-0.002,-0.001,0.002,0.003,11,weighted_average,kalman(weighted_average),false
1788766092.073,71.790,1.375,0.741,2.059,28.819,1.377,0.739,2.061,28.799,0.002,-0.002,0.002,0.004,11,weighted_average,kalman(weighted_average),false
1788766092.138,71.855,1.367,0.725,2.034,28.069,1.370,0.723,2.045,28.046,0.003,-0.001,0.010,0.011,11,weighted_average,kalman(weighted_average),false
1788766092.304,72.021,1.348,0.677,2.057,26.017,1.349,0.677,2.054,26.019,0.001,0.000,-0.002,0.003,11,weighted_average,kalman(weighted_average),false
1788766092.357,72.074,1.359,0.672,2.027,25.501,1.354,0.669,2.036,25.454,-0.005,-0.003,0.010,0.012,11,weighted_average,kalman(weighted_average),false
1788766092.409,72.126,1.358,0.641,2.038,24.394,1.356,0.647,2.036,24.584,-0.002,0.006,-0.003,0.007,11,weighted_average,kalman(weighted_average),false
1788766092.461,72.178,1.341,0.628,2.049,23.627,1.347,0.629,2.043,23.741,0.006,0.001,-0.006,0.008,11,weighted_average,kalman(weighted_average),false
1788766092.598,72.315,1.343,0.594,2.047,21.992,1.342,0.593,2.047,21.942,-0.001,-0.001,-0.000,0.002,11,weighted_average,kalman(weighted_average),false
1788766092.653,72.371,1.344,0.640,2.024,22.203,1.342,0.622,2.032,21.846,-0.001,-0.018,0.007,0.020,8|11,weighted_average,kalman(weighted_average),false
1788766092.704,72.421,1.339,0.609,2.039,20.976,1.340,0.616,2.034,21.158,0.001,0.007,-0.005,0.008,8|11,weighted_average,kalman(weighted_average),false
1788766092.754,72.472,1.334,0.631,1.987,20.941,1.336,0.626,2.005,20.800,0.002,-0.006,0.017,0.018,8|11,weighted_average,kalman(weighted_average),false
1788766092.898,72.615,1.326,0.565,2.041,18.332,1.326,0.574,2.032,18.554,0.000,0.009,-0.009,0.013,8|11,weighted_average,kalman(weighted_average),false
1788766092.950,72.668,1.328,0.568,2.011,17.570,1.326,0.563,2.022,17.635,-0.002,-0.005,0.011,0.012,8|11,weighted_average,kalman(weighted_average),false
1788766093.003,72.720,1.333,0.516,2.016,15.898,1.330,0.526,2.019,16.264,-0.003,0.010,0.003,0.011,8|11,weighted_average,kalman(weighted_average),false
1788766093.055,72.772,1.345,0.509,1.973,15.280,1.339,0.505,1.991,15.257,-0.005,-0.003,0.017,0.018,8|11,weighted_average,kalman(weighted_average),false
1788766093.191,72.908,1.310,0.530,2.014,14.045,1.315,0.519,2.006,13.731,0.005,-0.011,-0.007,0.015,8|11,weighted_average,kalman(weighted_average),false
1788766093.245,72.962,1.332,0.498,1.958,12.504,1.324,0.507,1.975,12.723,-0.009,0.009,0.017,0.021,8|11,weighted_average,kalman(weighted_average),false
1788766093.287,73.004,1.316,0.493,1.995,11.592,1.318,0.498,1.984,11.834,0.003,0.005,-0.011,0.013,8|11,weighted_average,kalman(weighted_average),false
1788766093.341,73.058,1.311,0.451,1.944,10.242,1.312,0.468,1.959,10.566,0.001,0.016,0.014,0.022,11,weighted_average,kalman(weighted_average),false
1788766093.471,73.188,1.305,0.417,1.972,7.913,1.304,0.418,1.966,7.945,-0.001,0.001,-0.006,0.007,11,weighted_average,kalman(weighted_average),false
1788766093.519,73.237,1.328,0.442,1.911,8.082,1.319,0.428,1.930,7.652,-0.009,-0.014,0.019,0.025,8|11,weighted_average,kalman(weighted_average),false
1788766093.572,73.289,1.317,0.572,1.906,9.681,1.320,0.518,1.910,8.464,0.003,-0.054,0.003,0.055,8,weighted_average,kalman(weighted_average),false
1788766093.622,73.340,1.320,0.463,1.915,7.162,1.321,0.498,1.906,7.677,0.001,0.035,-0.008,0.036,8|11,weighted_average,kalman(weighted_average),false
1788766093.760,73.477,1.330,0.389,1.910,3.962,1.330,0.407,1.905,4.516,-0.000,0.018,-0.004,0.019,8|11,weighted_average,kalman(weighted_average),false
1788766093.809,73.526,1.341,0.321,1.911,2.470,1.338,0.336,1.910,2.839,-0.003,0.016,-0.002,0.016,8|11,weighted_average,kalman(weighted_average),false
1788766093.864,73.581,1.348,0.334,1.857,2.323,1.347,0.314,1.877,1.928,-0.001,-0.020,0.019,0.028,8|11,weighted_average,kalman(weighted_average),false
1788766093.910,73.627,1.328,0.372,1.930,2.306,1.338,0.335,1.904,1.645,0.010,-0.037,-0.026,0.047,8|11,weighted_average,kalman(weighted_average),false
1788766094.045,73.762,1.340,0.367,1.857,0.826,1.340,0.358,1.865,0.495,-0.000,-0.009,0.008,0.012,8|11,weighted_average,kalman(weighted_average),false
1788766094.108,73.825,1.340,0.352,1.855,0.315,1.340,0.358,1.852,0.185,0.000,0.005,-0.003,0.006,8|11,weighted_average,kalman(weighted_average),false
1788766094.155,73.872,1.334,0.358,1.900,0.286,1.336,0.360,1.878,0.095,0.003,0.002,-0.022,0.023,8|11,weighted_average,kalman(weighted_average),false
1788766094.209,73.926,1.319,0.390,1.905,0.865,1.325,0.380,1.896,0.389,0.006,-0.010,-0.008,0.014,8|11,weighted_average,kalman(weighted_average),false
1788766094.334,74.051,1.338,0.309,1.971,-0.283,1.334,0.324,1.964,-0.161,-0.004,0.015,-0.008,0.017,8,weighted_average,kalman(weighted_average),false
1788766094.392,74.109,1.326,0.351,1.948,0.095,1.330,0.335,1.962,-0.081,0.004,-0.016,0.014,0.021,8|11,weighted_average,kalman(weighted_average),false
1788766094.436,74.153,1.338,0.329,1.894,-0.251,1.335,0.329,1.925,-0.210,-0.003,-0.000,0.031,0.031,8|11,weighted_average,kalman(weighted_average),false
1788766094.492,74.209,1.315,0.403,1.990,1.388,1.323,0.372,1.962,0.617,0.008,-0.030,-0.028,0.042,8,weighted_average,kalman(weighted_average),false
1788766094.619,74.337,1.337,0.346,1.871,0.201,1.334,0.356,1.889,0.433,-0.004,0.010,0.018,0.021,8|11,weighted_average,kalman(weighted_average),false
1788766094.672,74.389,1.327,0.359,1.918,0.551,1.331,0.356,1.898,0.491,0.004,-0.004,-0.019,0.020,8|11,weighted_average,kalman(weighted_average),false
1788766094.719,74.436,1.343,0.340,1.920,0.668,1.339,0.345,1.907,0.588,-0.004,0.004,-0.013,0.014,8,weighted_average,kalman(weighted_average),false
1788766094.777,74.494,1.343,0.340,1.920,0.668,1.344,0.339,1.914,0.649,0.000,-0.002,-0.006,0.006,8,weighted_average,kalman(weighted_average),false
1788766094.907,74.624,1.325,0.371,1.969,1.660,1.329,0.364,1.962,1.458,0.004,-0.007,-0.007,0.011,8,weighted_average,kalman(weighted_average),false
1788766094.962,74.679,1.338,0.336,1.928,1.151,1.333,0.348,1.944,1.378,-0.005,0.012,0.017,0.021,8,weighted_average,kalman(weighted_average),false
1788766095.009,74.727,1.355,0.206,1.903,-1.215,1.346,0.259,1.920,-0.009,-0.009,0.053,0.016,0.056,8|11,weighted_average,kalman(weighted_average),false
1788766095.065,74.782,1.329,0.276,1.936,0.171,1.337,0.253,1.926,-0.108,0.008,-0.023,-0.010,0.026,8|11,weighted_average,kalman(weighted_average),false
1788766095.196,74.913,1.333,0.247,1.962,0.086,1.333,0.239,1.956,-0.122,0.000,-0.008,-0.006,0.010,8|11,weighted_average,kalman(weighted_average),false
1788766095.249,74.966,1.333,0.256,1.893,0.500,1.333,0.250,1.917,0.255,-0.001,-0.006,0.024,0.025,8|11,weighted_average,kalman(weighted_average),false
1788766095.297,75.014,1.347,0.153,1.894,-1.056,1.341,0.190,1.898,-0.431,-0.006,0.037,0.005,0.038,8|11,weighted_average,kalman(weighted_average),false
1788766095.351,75.068,1.321,0.245,1.954,0.621,1.330,0.214,1.927,0.063,0.009,-0.031,-0.027,0.042,8|11,weighted_average,kalman(weighted_average),false
1788766095.478,75.195,1.346,0.061,1.933,-2.174,1.343,0.083,1.934,-1.607,-0.004,0.022,0.001,0.022,8|11,weighted_average,kalman(weighted_average),false
1788766095.538,75.255,1.324,0.153,1.958,-0.366,1.332,0.115,1.952,-1.048,0.007,-0.039,-0.006,0.040,8|11,weighted_average,kalman(weighted_average),false
1788766095.588,75.305,1.336,0.091,1.935,-1.384,1.334,0.095,1.944,-1.296,-0.002,0.004,0.009,0.011,8|11,weighted_average,kalman(weighted_average),false
1788766095.637,75.354,1.331,0.140,1.933,-0.366,1.332,0.116,1.938,-0.875,0.001,-0.023,0.005,0.024,8|11,weighted_average,kalman(weighted_average),false
1788766095.764,75.481,1.320,0.089,1.948,-0.817,1.321,0.093,1.946,-0.809,0.001,0.004,-0.002,0.005,8|11,weighted_average,kalman(weighted_average),false
1788766095.817,75.534,1.326,0.158,1.896,0.451,1.323,0.135,1.913,-0.017,-0.003,-0.024,0.017,0.029,8|11,weighted_average,kalman(weighted_average),false
1788766095.866,75.584,1.326,0.106,1.911,-0.243,1.324,0.121,1.907,-0.013,-0.002,0.016,-0.004,0.016,8|11,weighted_average,kalman(weighted_average),false
1788766095.917,75.634,1.322,0.069,1.944,-0.766,1.323,0.090,1.926,-0.328,0.001,0.021,-0.018,0.028,8|11,weighted_average,kalman(weighted_average),false
1788766096.080,75.797,1.330,0.145,1.900,1.327,1.329,0.136,1.903,1.070,-0.001,-0.009,0.003,0.009,8,weighted_average,kalman(weighted_average),false
1788766096.148,75.865,1.324,-0.057,1.904,-2.211,1.326,-0.001,1.900,-0.997,0.002,0.056,-0.004,0.056,8|11,weighted_average,kalman(weighted_average),false
1788766096.244,75.961,1.309,0.062,1.953,0.097,1.312,0.031,1.941,-0.444,0.003,-0.031,-0.012,0.034,8|11,weighted_average,kalman(weighted_average),false
1788766096.425,76.142,1.305,-0.015,1.930,-0.348,1.304,-0.011,1.934,-0.349,-0.001,0.003,0.004,0.005,8|11,weighted_average,kalman(weighted_average),false
1788766096.490,76.207,1.300,0.008,1.931,0.290,1.301,-0.002,1.930,0.102,0.001,-0.010,-0.002,0.011,8|11,weighted_average,kalman(weighted_average),false
1788766096.559,76.276,1.290,-0.035,1.938,-0.190,1.292,-0.027,1.934,-0.007,0.002,0.008,-0.004,0.009,8|11,weighted_average,kalman(weighted_average),false
1788766096.739,76.457,1.285,-0.108,1.959,-1.002,1.284,-0.106,1.957,-0.868,-0.001,0.002,-0.002,0.003,8|11,weighted_average,kalman(weighted_average),false
1788766096.798,76.515,1.281,-0.076,1.947,-0.193,1.281,-0.093,1.953,-0.525,0.001,-0.016,0.006,0.017,8|11,weighted_average,kalman(weighted_average),false
1788766096.856,76.573,1.286,-0.123,1.966,-0.868,1.283,-0.116,1.963,-0.755,-0.002,0.007,-0.003,0.009,8|11,weighted_average,kalman(weighted_average),false
1788766096.913,76.630,1.287,-0.154,1.926,-1.202,1.285,-0.146,1.941,-1.068,-0.001,0.008,0.015,0.017,8|11,weighted_average,kalman(weighted_average),false
1788766097.101,76.818,1.280,-0.166,1.944,-1.025,1.280,-0.170,1.942,-1.105,0.001,-0.003,-0.002,0.004,8|11,weighted_average,kalman(weighted_average),false
1788766097.168,76.885,1.275,-0.178,1.929,-0.978,1.276,-0.176,1.933,-1.005,0.001,0.002,0.004,0.005,8|11,weighted_average,kalman(weighted_average),false
1788766097.221,76.938,1.277,-0.156,1.938,-0.400,1.276,-0.164,1.936,-0.621,-0.002,-0.008,-0.002,0.008,8|11,weighted_average,kalman(weighted_average),false
1788766097.352,77.069,1.239,-0.249,2.091,-1.141,1.243,-0.237,2.070,-0.943,0.004,0.013,-0.021,0.025,8,weighted_average,kalman(weighted_average),false
1788766097.407,77.125,1.276,-0.063,2.018,2.362,1.261,-0.125,2.052,1.124,-0.014,-0.062,0.034,0.072,8,weighted_average,kalman(weighted_average),false
1788766097.464,77.181,1.268,-0.219,1.938,-0.435,1.266,-0.175,1.984,0.514,-0.002,0.045,0.046,0.064,8|11,weighted_average,kalman(weighted_average),false
1788766097.517,77.234,1.270,-0.227,1.952,-0.487,1.270,-0.209,1.956,0.043,-0.000,0.017,0.004,0.018,8|11,weighted_average,kalman(weighted_average),false
1788766097.640,77.357,1.260,-0.286,1.911,-1.200,1.263,-0.281,1.909,-0.929,0.003,0.005,-0.002,0.006,11,weighted_average,kalman(weighted_average),false
1788766097.697,77.414,1.260,-0.298,1.916,-1.283,1.260,-0.303,1.907,-1.296,-0.000,-0.005,-0.009,0.010,11,weighted_average,kalman(weighted_average),false
1788766097.743,77.461,1.249,-0.301,1.925,-1.032,1.252,-0.310,1.914,-1.289,0.003,-0.009,-0.010,0.014,11,weighted_average,kalman(weighted_average),false
1788766097.785,77.503,1.251,-0.311,1.908,-0.951,1.249,-0.317,1.910,-1.210,-0.001,-0.006,0.002,0.006,11,weighted_average,kalman(weighted_average),false
1788766097.841,77.558,1.252,-0.272,1.946,0.129,1.249,-0.296,1.930,-0.567,-0.003,-0.024,-0.016,0.029,8|11,weighted_average,kalman(weighted_average),false
1788766097.963,77.681,1.265,-0.296,1.928,0.113,1.261,-0.295,1.931,0.033,-0.004,0.001,0.003,0.005,8|11,weighted_average,kalman(weighted_average),false
1788766098.019,77.736,1.257,-0.362,1.895,-0.871,1.260,-0.341,1.906,-0.436,0.003,0.020,0.011,0.023,8|11,weighted_average,kalman(weighted_average),false
1788766098.071,77.788,1.245,-0.367,1.956,-0.726,1.251,-0.366,1.934,-0.613,0.006,0.002,-0.022,0.023,8|11,weighted_average,kalman(weighted_average),false
1788766098.120,77.837,1.253,-0.374,1.928,-0.741,1.251,-0.379,1.933,-0.719,-0.002,-0.005,0.005,0.007,8|11,weighted_average,kalman(weighted_average),false
1788766098.251,77.968,1.244,-0.363,1.982,-0.026,1.244,-0.372,1.976,-0.238,0.000,-0.009,-0.006,0.011,8|11,weighted_average,kalman(weighted_average),false
1788766098.315,78.032,1.252,-0.396,1.942,-0.399,1.249,-0.388,1.957,-0.275,-0.003,0.008,0.015,0.018,8|11,weighted_average,kalman(weighted_average),false
1788766098.376,78.093,1.237,-0.417,1.941,-0.716,1.241,-0.410,1.946,-0.510,0.004,0.007,0.005,0.010,11,weighted_average,kalman(weighted_average),false
1788766098.428,78.145,1.260,-0.427,1.940,-0.562,1.252,-0.425,1.941,-0.557,-0.008,0.002,0.000,0.008,8|11,weighted_average,kalman(weighted_average),false
1788766098.561,78.279,1.254,-0.446,1.964,-0.473,1.255,-0.448,1.959,-0.515,0.001,-0.002,-0.005,0.005,8|11,weighted_average,kalman(weighted_average),false
1788766098.616,78.333,1.264,-0.465,1.940,-0.756,1.261,-0.462,1.948,-0.663,-0.003,0.002,0.009,0.009,8|11,weighted_average,kalman(weighted_average),false
1788766098.667,78.384,1.262,-0.439,1.947,-0.047,1.263,-0.451,1.947,-0.331,0.001,-0.012,0.000,0.012,8|11,weighted_average,kalman(weighted_average),false
1788766098.717,78.434,1.264,-0.451,1.938,-0.162,1.265,-0.451,1.941,-0.198,0.001,-0.001,0.003,0.003,8|11,weighted_average,kalman(weighted_average),false
1788766098.856,78.574,1.254,-0.486,1.915,-0.502,1.257,-0.482,1.917,-0.379,0.002,0.004,0.002,0.005,11,weighted_average,kalman(weighted_average),false
1788766098.921,78.639,1.281,-0.502,1.897,-0.491,1.273,-0.501,1.899,-0.479,-0.008,0.001,0.002,0.008,8|11,weighted_average,kalman(weighted_average),false
1788766098.971,78.688,1.279,-0.465,1.929,0.430,1.279,-0.483,1.914,0.020,-0.000,-0.018,-0.015,0.023,8|11,weighted_average,kalman(weighted_average),false
1788766099.017,78.734,1.277,-0.505,1.916,-0.164,1.280,-0.495,1.915,-0.019,0.003,0.009,-0.001,0.009,8|11,weighted_average,kalman(weighted_average),false
1788766099.146,78.863,1.279,-0.545,1.950,-0.459,1.280,-0.540,1.945,-0.310,0.002,0.005,-0.005,0.007,8|11,weighted_average,kalman(weighted_average),false
1788766099.200,78.917,1.281,-0.548,1.938,-0.262,1.281,-0.551,1.945,-0.318,-0.000,-0.004,0.006,0.007,8|11,weighted_average,kalman(weighted_average),false
1788766099.254,78.971,1.277,-0.541,1.973,-0.021,1.278,-0.550,1.966,-0.173,0.002,-0.009,-0.008,0.012,8|11,weighted_average,kalman(weighted_average),false
1788766099.304,79.021,1.280,-0.535,1.957,0.340,1.279,-0.544,1.965,0.112,-0.001,-0.008,0.008,0.012,8|11,weighted_average,kalman(weighted_average),false
1788766099.436,79.153,1.305,-0.638,1.963,-1.222,1.301,-0.625,1.966,-0.857,-0.004,0.013,0.003,0.014,8|11,weighted_average,kalman(weighted_average),false
1788766099.486,79.203,1.296,-0.590,1.959,-0.093,1.300,-0.612,1.961,-0.512,0.005,-0.022,0.002,0.022,8|11,weighted_average,kalman(weighted_average),false
1788766099.543,79.260,1.295,-0.587,1.956,0.251,1.299,-0.601,1.957,-0.104,0.004,-0.014,0.001,0.014,8|11,weighted_average,kalman(weighted_average),false
1788766099.597,79.314,1.292,-0.592,1.971,0.440,1.295,-0.596,1.964,0.247,0.003,-0.004,-0.006,0.008,8|11,weighted_average,kalman(weighted_average),false
1788766099.727,79.444,1.359,-0.589,1.881,0.981,1.349,-0.590,1.893,0.922,-0.009,-0.000,0.013,0.016,8,weighted_average,kalman(weighted_average),false
1788766099.782,79.499,1.296,-0.656,1.938,-0.393,1.320,-0.636,1.915,0.192,0.023,0.021,-0.023,0.039,11,weighted_average,kalman(weighted_average),false
1788766099.847,79.564,1.307,-0.651,1.948,0.073,1.310,-0.654,1.935,0.065,0.003,-0.003,-0.012,0.013,8|11,weighted_average,kalman(weighted_average),false
1788766099.899,79.616,1.308,-0.625,1.962,0.782,1.307,-0.641,1.955,0.424,-0.001,-0.017,-0.007,0.018,8|11,weighted_average,kalman(weighted_average),false
1788766100.046,79.763,1.311,-0.670,2.001,0.243,1.309,-0.668,2.000,0.310,-0.002,0.002,-0.001,0.003,8|11,weighted_average,kalman(weighted_average),false
1788766100.105,79.823,1.312,-0.688,1.982,0.018,1.312,-0.686,1.992,0.102,-0.000,0.002,0.010,0.010,8|11,weighted_average,kalman(weighted_average),false
1788766100.157,79.874,1.325,-0.700,1.903,0.122,1.321,-0.700,1.936,0.073,-0.004,0.001,0.033,0.033,8|11,weighted_average,kalman(weighted_average),false
1788766100.215,79.932,1.314,-0.697,1.965,0.301,1.319,-0.703,1.946,0.168,0.005,-0.006,-0.019,0.021,8|11,weighted_average,kalman(weighted_average),false
1788766100.357,80.074,1.319,-0.724,1.961,0.223,1.319,-0.725,1.957,0.208,0.000,-0.000,-0.004,0.004,8|11,weighted_average,kalman(weighted_average),false
1788766100.420,80.137,1.313,-0.784,1.932,-0.998,1.315,-0.771,1.940,-0.589,0.002,0.014,0.009,0.016,11,weighted_average,kalman(weighted_average),false
1788766100.473,80.190,1.297,-0.653,1.938,1.855,1.303,-0.702,1.937,0.736,0.005,-0.049,-0.001,0.049,11,weighted_average,kalman(weighted_average),false
1788766100.530,80.247,1.300,-0.782,1.986,-0.657,1.299,-0.746,1.967,0.086,-0.002,0.036,-0.019,0.040,11,weighted_average,kalman(weighted_average),false
1788766100.658,80.375,1.323,-0.798,1.896,-0.601,1.318,-0.794,1.910,-0.472,-0.005,0.004,0.014,0.016,11,weighted_average,kalman(weighted_average),false
1788766100.713,80.430,1.317,-0.900,1.936,-2.459,1.320,-0.874,1.920,-1.809,0.003,0.025,-0.016,0.030,11,weighted_average,kalman(weighted_average),false
1788766100.770,80.487,1.315,-0.723,1.926,1.222,1.319,-0.792,1.921,-0.298,0.004,-0.069,-0.005,0.069,11,weighted_average,kalman(weighted_average),false
1788766100.823,80.541,1.331,-0.839,1.893,-1.018,1.327,-0.816,1.902,-0.616,-0.004,0.023,0.009,0.024,11,weighted_average,kalman(weighted_average),false
1788766100.948,80.665,1.310,-0.797,1.991,0.022,1.314,-0.801,1.973,-0.131,0.004,-0.004,-0.018,0.019,11,weighted_average,kalman(weighted_average),false
1788766101.008,80.725,1.326,-0.841,1.941,-0.740,1.321,-0.827,1.960,-0.453,-0.005,0.013,0.019,0.024,11,weighted_average,kalman(weighted_average),false
1788766101.071,80.788,1.309,-0.747,1.993,1.249,1.313,-0.776,1.986,0.582,0.004,-0.028,-0.007,0.029,11,weighted_average,kalman(weighted_average),false
1788766101.132,80.849,1.331,-0.849,1.935,-0.713,1.324,-0.817,1.958,-0.012,-0.007,0.031,0.023,0.040,11,weighted_average,kalman(weighted_average),false
1788766101.261,80.979,1.340,-0.923,1.926,-1.835,1.339,-0.912,1.928,-1.438,-0.001,0.011,0.003,0.012,11,weighted_average,kalman(weighted_average),false
1788766101.320,81.037,1.337,-0.882,1.933,-0.935,1.339,-0.903,1.928,-1.316,0.003,-0.022,-0.005,0.022,11,weighted_average,kalman(weighted_average),false
1788766101.378,81.095,1.326,-0.831,2.000,0.228,1.332,-0.861,1.974,-0.503,0.006,-0.029,-0.026,0.040,11,weighted_average,kalman(weighted_average),false
1788766101.433,81.150,1.347,-0.880,1.920,-0.575,1.341,-0.869,1.946,-0.475,-0.006,0.012,0.026,0.029,11,weighted_average,kalman(weighted_average),false
1788766101.563,81.281,1.348,-0.841,1.918,0.589,1.348,-0.844,1.921,0.410,-0.000,-0.003,0.003,0.004,11,weighted_average,kalman(weighted_average),false
1788766101.618,81.335,1.350,-0.830,1.900,0.923,1.351,-0.831,1.903,0.860,0.000,-0.001,0.003,0.003,11,weighted_average,kalman(weighted_average),false
1788766101.665,81.382,1.357,-0.868,1.888,0.390,1.355,-0.850,1.889,0.746,-0.001,0.018,0.001,0.018,11,weighted_average,kalman(weighted_average),false
1788766101.715,81.432,1.353,-0.868,1.895,0.510,1.355,-0.862,1.887,0.709,0.002,0.006,-0.008,0.010,11,weighted_average,kalman(weighted_average),false
1788766101.853,81.570,1.342,-0.973,1.965,-1.098,1.345,-0.961,1.952,-0.654,0.002,0.012,-0.013,0.018,11,weighted_average,kalman(weighted_average),false
1788766101.901,81.618,1.345,-0.949,1.954,-0.373,1.344,-0.965,1.962,-0.655,-0.002,-0.016,0.008,0.018,11,weighted_average,kalman(weighted_average),false
1788766101.953,81.670,1.340,-0.914,1.968,0.449,1.340,-0.942,1.973,-0.165,0.000,-0.028,0.006,0.029,11,weighted_average,kalman(weighted_average),false
1788766102.003,81.720,1.352,-0.975,1.901,-0.498,1.346,-0.963,1.935,-0.353,-0.006,0.012,0.034,0.037,11,weighted_average,kalman(weighted_average),false
1788766102.134,81.851,1.342,-0.983,1.947,-0.128,1.343,-0.984,1.942,-0.224,0.001,-0.001,-0.005,0.005,11,weighted_average,kalman(weighted_average),false
1788766102.191,81.908,1.337,-0.981,1.967,0.044,1.338,-0.985,1.961,-0.038,0.001,-0.003,-0.006,0.007,11,weighted_average,kalman(weighted_average),false
1788766102.241,81.958,1.355,-1.014,1.873,-0.336,1.348,-1.005,1.909,-0.169,-0.007,0.009,0.036,0.038,11,weighted_average,kalman(weighted_average),false
1788766102.286,82.003,1.333,-1.057,1.946,-0.898,1.340,-1.040,1.925,-0.547,0.007,0.017,-0.022,0.029,11,weighted_average,kalman(weighted_average),false
1788766102.426,82.143,1.330,-1.095,1.951,-1.234,1.331,-1.096,1.946,-1.164,0.001,-0.001,-0.005,0.005,11,weighted_average,kalman(weighted_average),false
1788766102.470,82.187,1.354,-1.056,1.841,-0.159,1.345,-1.076,1.880,-0.636,-0.009,-0.019,0.038,0.044,11,weighted_average,kalman(weighted_average),false
1788766102.523,82.241,1.365,-0.989,1.804,1.462,1.360,-1.021,1.822,0.581,-0.005,-0.032,0.018,0.037,11,weighted_average,kalman(weighted_average),false
1788766102.573,82.291,1.345,-1.110,1.865,-0.780,1.354,-1.066,1.834,0.058,0.009,0.043,-0.032,0.054,11,weighted_average,kalman(weighted_average),false
1788766102.702,82.419,1.357,-1.053,1.857,0.933,1.358,-1.058,1.847,0.800,0.001,-0.005,-0.010,0.011,11,weighted_average,kalman(weighted_average),false
1788766102.756,82.473,1.379,-0.998,1.753,2.143,1.373,-1.015,1.784,1.751,-0.006,-0.017,0.031,0.036,11,weighted_average,kalman(weighted_average),false
1788766102.804,82.522,1.331,-1.174,1.921,-1.046,1.349,-1.107,1.861,0.402,0.018,0.067,-0.060,0.092,11,weighted_average,kalman(weighted_average),false
1788766102.857,82.575,1.339,-1.167,1.899,-0.592,1.340,-1.156,1.893,-0.214,0.001,0.011,-0.006,0.013,11,weighted_average,kalman(weighted_average),false
1788766102.997,82.714,1.336,-1.204,1.912,-0.738,1.334,-1.211,1.918,-0.811,-0.002,-0.007,0.006,0.010,11,weighted_average,kalman(weighted_average),false
1788766103.042,82.759,1.365,-1.139,1.822,0.721,1.354,-1.168,1.856,0.042,-0.011,-0.030,0.034,0.046,11,weighted_average,kalman(weighted_average),false
1788766103.092,82.809,1.366,-0.996,1.955,1.500,1.365,-1.057,1.909,0.929,-0.001,-0.061,-0.046,0.076,9,weighted_average,kalman(weighted_average),false
1788766103.145,82.862,1.311,-1.176,2.024,0.351,1.335,-1.109,1.985,0.816,0.024,0.067,-0.039,0.082,11,weighted_average,kalman(weighted_average),false
1788766103.285,83.003,1.352,-1.259,1.889,-0.599,1.347,-1.238,1.915,-0.182,-0.005,0.021,0.026,0.033,11,weighted_average,kalman(weighted_average),false
1788766103.337,83.054,1.341,-1.297,1.908,-1.256,1.344,-1.296,1.899,-0.986,0.004,0.001,-0.009,0.010,11,weighted_average,kalman(weighted_average),false
1788766103.387,83.104,1.341,-1.312,1.912,-1.315,1.343,-1.326,1.898,-1.391,0.002,-0.014,-0.015,0.021,11,weighted_average,kalman(weighted_average),false
1788766103.435,83.152,1.357,-1.292,1.861,-0.795,1.352,-1.322,1.870,-1.281,-0.005,-0.030,0.009,0.032,11,weighted_average,kalman(weighted_average),false
1788766103.484,83.201,1.355,-1.308,1.897,-0.878,1.356,-1.323,1.878,-1.196,0.000,-0.015,-0.019,0.024,11,weighted_average,kalman(weighted_average),false
1788766103.618,83.336,1.376,-1.277,1.838,0.079,1.375,-1.289,1.840,-0.297,-0.001,-0.012,0.002,0.012,11,weighted_average,kalman(weighted_average),false
1788766103.672,83.389,1.371,-1.306,1.870,-0.249,1.375,-1.295,1.856,-0.144,0.004,0.011,-0.014,0.018,11,weighted_average,kalman(weighted_average),false
1788766103.721,83.438,1.355,-1.360,1.896,-1.217,1.364,-1.334,1.881,-0.644,0.009,0.026,-0.015,0.031,11,weighted_average,kalman(weighted_average),false
1788766103.771,83.488,1.344,-1.407,1.915,-1.915,1.350,-1.384,1.906,-1.337,0.007,0.023,-0.009,0.026,11,weighted_average,kalman(weighted_average),false
1788766103.823,83.540,1.351,-1.391,1.919,-1.460,1.348,-1.400,1.921,-1.530,-0.003,-0.010,0.002,0.010,11,weighted_average,kalman(weighted_average),false
1788766103.952,83.669,1.370,-1.387,1.852,-0.878,1.365,-1.398,1.868,-1.174,-0.005,-0.011,0.016,0.020,11,weighted_average,kalman(weighted_average),false
1788766104.005,83.722,1.350,-1.414,1.927,-1.194,1.357,-1.408,1.901,-1.146,0.007,0.006,-0.026,0.028,11,weighted_average,kalman(weighted_average),false
1788766104.059,83.776,1.364,-1.393,1.900,-0.643,1.362,-1.399,1.901,-0.821,-0.002,-0.006,0.001,0.007,11,weighted_average,kalman(weighted_average),false
1788766104.110,83.827,1.364,-1.382,1.909,-0.176,1.364,-1.387,1.906,-0.392,0.000,-0.006,-0.003,0.006,11,weighted_average,kalman(weighted_average),false
1788766104.249,83.966,1.347,-1.449,1.938,-1.011,1.350,-1.439,1.935,-0.736,0.003,0.010,-0.003,0.011,11,weighted_average,kalman(weighted_average),false
1788766104.301,84.018,1.342,-1.460,1.954,-0.970,1.343,-1.461,1.952,-0.924,0.001,-0.001,-0.002,0.002,11,weighted_average,kalman(weighted_average),false
1788766104.349,84.066,1.353,-1.462,1.891,-0.863,1.347,-1.469,1.918,-0.947,-0.006,-0.007,0.028,0.029,11,weighted_average,kalman(weighted_average),false
1788766104.402,84.119,1.336,-1.506,1.928,-1.494,1.340,-1.499,1.921,-1.292,0.003,0.008,-0.007,0.011,11,weighted_average,kalman(weighted_average),false
1788766104.531,84.248,1.350,-1.517,1.907,-1.103,1.347,-1.522,1.908,-1.255,-0.003,-0.005,0.001,0.006,11,weighted_average,kalman(weighted_average),false
1788766104.583,84.300,1.366,-1.511,1.855,-0.819,1.361,-1.517,1.870,-0.987,-0.005,-0.006,0.015,0.017,11,weighted_average,kalman(weighted_average),false
1788766104.629,84.346,1.361,-1.518,1.890,-0.675,1.364,-1.518,1.876,-0.778,0.003,-0.001,-0.015,0.015,11,weighted_average,kalman(weighted_average),false
1788766104.679,84.396,1.370,-1.519,1.865,-0.535,1.370,-1.519,1.866,-0.585,0.000,-0.000,0.001,0.001,11,weighted_average,kalman(weighted_average),false
1788766104.730,84.447,1.348,-1.580,1.895,-1.479,1.359,-1.557,1.879,-0.980,0.011,0.023,-0.015,0.030,11,weighted_average,kalman(weighted_average),false
1788766104.852,84.569,1.393,-1.497,1.865,0.667,1.387,-1.514,1.868,0.218,-0.006,-0.017,0.003,0.018,11,weighted_average,kalman(weighted_average),false
1788766104.910,84.627,1.356,-1.580,1.928,-0.706,1.369,-1.554,1.909,-0.192,0.013,0.026,-0.020,0.035,11,weighted_average,kalman(weighted_average),false
1788766104.962,84.679,1.380,-1.558,1.904,0.079,1.375,-1.560,1.912,0.007,-0.005,-0.002,0.007,0.009,11,weighted_average,kalman(weighted_average),false
1788766105.015,84.732,1.352,-1.616,1.931,-0.965,1.361,-1.597,1.928,-0.465,0.009,0.018,-0.004,0.021,11,weighted_average,kalman(weighted_average),false
1788766105.149,84.866,1.366,-1.632,1.907,-0.641,1.363,-1.634,1.915,-0.652,-0.002,-0.003,0.007,0.008,11,weighted_average,kalman(weighted_average),false
1788766105.199,84.916,1.357,-1.661,1.914,-0.946,1.360,-1.657,1.912,-0.860,0.002,0.004,-0.002,0.005,11,weighted_average,kalman(weighted_average),false
1788766105.251,84.968,1.367,-1.650,1.911,-0.578,1.364,-1.659,1.909,-0.753,-0.003,-0.009,-0.002,0.009,11,weighted_average,kalman(weighted_average),false
1788766105.297,85.014,1.352,-1.694,1.922,-1.209,1.357,-1.684,1.915,-1.009,0.005,0.010,-0.006,0.013,11,weighted_average,kalman(weighted_average),false
1788766105.346,85.063,1.365,-1.688,1.893,-0.919,1.361,-1.693,1.902,-1.018,-0.004,-0.005,0.009,0.011,11,weighted_average,kalman(weighted_average),false
1788766105.489,85.206,1.364,-1.715,1.924,-0.904,1.364,-1.717,1.919,-0.974,-0.000,-0.002,-0.005,0.005,11,weighted_average,kalman(weighted_average),false
1788766105.537,85.254,1.365,-1.736,1.903,-1.079,1.365,-1.732,1.911,-1.033,-0.000,0.004,0.008,0.009,11,weighted_average,kalman(weighted_average),false
1788766105.586,85.303,1.358,-1.756,1.925,-1.224,1.361,-1.751,1.920,-1.145,0.003,0.005,-0.005,0.007,11,weighted_average,kalman(weighted_average),false
1788766105.637,85.354,1.369,-1.753,1.913,-1.030,1.365,-1.758,1.918,-1.105,-0.003,-0.005,0.004,0.007,11,weighted_average,kalman(weighted_average),false
1788766105.685,85.403,1.363,-1.778,1.914,-1.284,1.364,-1.775,1.916,-1.206,0.001,0.004,0.002,0.005,11,weighted_average,kalman(weighted_average),false
1788766105.812,85.529,1.374,-1.783,1.916,-0.987,1.372,-1.787,1.916,-1.070,-0.001,-0.004,0.000,0.004,11,weighted_average,kalman(weighted_average),false
1788766105.864,85.581,1.377,-1.799,1.896,-1.043,1.377,-1.797,1.903,-1.036,-0.000,0.002,0.006,0.007,11,weighted_average,kalman(weighted_average),false
1788766105.916,85.633,1.371,-1.810,1.903,-1.163,1.374,-1.808,1.901,-1.091,0.004,0.002,-0.002,0.005,11,weighted_average,kalman(weighted_average),false
1788766105.968,85.685,1.369,-1.832,1.914,-1.317,1.372,-1.826,1.907,-1.213,0.002,0.006,-0.007,0.009,11,weighted_average,kalman(weighted_average),false
1788766106.102,85.819,1.376,-1.845,1.914,-1.077,1.376,-1.847,1.913,-1.130,-0.001,-0.002,-0.001,0.002,11,weighted_average,kalman(weighted_average),false
1788766106.151,85.868,1.375,-1.861,1.901,-1.298,1.376,-1.859,1.905,-1.223,0.001,0.002,0.005,0.005,11,weighted_average,kalman(weighted_average),false
1788766106.198,85.915,1.370,-1.878,1.917,-1.386,1.373,-1.874,1.912,-1.320,0.002,0.004,-0.005,0.007,11,weighted_average,kalman(weighted_average),false
1788766106.249,85.966,1.383,-1.879,1.884,-1.256,1.378,-1.882,1.896,-1.308,-0.004,-0.003,0.011,0.012,11,weighted_average,kalman(weighted_average),false
1788766106.297,86.014,1.373,-1.892,1.907,-1.323,1.376,-1.892,1.900,-1.327,0.003,0.000,-0.007,0.008,11,weighted_average,kalman(weighted_average),false
1788766106.428,86.145,1.379,-1.910,1.897,-1.233,1.378,-1.912,1.897,-1.269,-0.000,-0.001,-0.000,0.001,11,weighted_average,kalman(weighted_average),false
1788766106.479,86.196,1.379,-1.909,1.905,-1.096,1.379,-1.912,1.902,-1.155,0.000,-0.003,-0.003,0.004,11,weighted_average,kalman(weighted_average),false
1788766106.529,86.246,1.378,-1.928,1.895,-1.250,1.379,-1.924,1.898,-1.185,0.001,0.004,0.003,0.006,11,weighted_average,kalman(weighted_average),false
1788766106.579,86.296,1.383,-1.918,1.897,-0.955,1.382,-1.923,1.897,-1.051,-0.002,-0.005,0.000,0.005,11,weighted_average,kalman(weighted_average),false
1788766106.630,86.347,1.369,-1.948,1.902,-1.377,1.375,-1.940,1.900,-1.193,0.005,0.008,-0.002,0.010,11,weighted_average,kalman(weighted_average),false
1788766106.759,86.476,1.363,-1.973,1.925,-1.491,1.364,-1.971,1.921,-1.426,0.001,0.001,-0.004,0.004,11,weighted_average,kalman(weighted_average),false
1788766106.810,86.527,1.358,-1.973,1.950,-1.427,1.358,-1.977,1.944,-1.459,0.001,-0.004,-0.006,0.007,11,weighted_average,kalman(weighted_average),false
1788766106.859,86.576,1.362,-1.976,1.925,-1.337,1.359,-1.980,1.938,-1.419,-0.003,-0.003,0.013,0.013,11,weighted_average,kalman(weighted_average),false
1788766106.912,86.629,1.357,-1.988,1.929,-1.502,1.356,-1.988,1.935,-1.478,-0.000,0.001,0.005,0.005,11,weighted_average,kalman(weighted_average),false
1788766106.960,86.677,1.357,-1.995,1.922,-1.473,1.356,-1.995,1.928,-1.493,-0.001,0.000,0.006,0.006,11,weighted_average,kalman(weighted_average),false
1788766107.080,86.797,1.365,-1.993,1.918,-1.182,1.363,-1.996,1.919,-1.283,-0.002,-0.003,0.001,0.004,11,weighted_average,kalman(weighted_average),false
1788766107.131,86.848,1.362,-2.001,1.925,-1.222,1.363,-1.999,1.922,-1.219,0.001,0.001,-0.003,0.004,11,weighted_average,kalman(weighted_average),false
1788766107.180,86.897,1.358,-1.999,1.930,-1.159,1.361,-1.999,1.927,-1.156,0.003,-0.001,-0.003,0.004,11,weighted_average,kalman(weighted_average),false
1788766107.232,86.949,1.346,-2.022,1.924,-1.550,1.352,-2.014,1.926,-1.338,0.006,0.008,0.002,0.010,11,weighted_average,kalman(weighted_average),false
1788766107.279,86.996,1.359,-2.017,1.919,-1.300,1.354,-2.018,1.922,-1.329,-0.005,-0.001,0.003,0.006,11,weighted_average,kalman(weighted_average),false
1788766107.414,87.131,1.373,-1.894,1.949,0.222,1.370,-1.914,1.945,-0.136,-0.003,-0.020,-0.004,0.020,9|11,weighted_average,kalman(weighted_average),false
1788766107.470,87.187,1.341,-2.035,1.954,-1.420,1.352,-1.984,1.954,-0.784,0.011,0.051,0.001,0.052,11,weighted_average,kalman(weighted_average),false
1788766107.516,87.234,1.345,-2.042,1.929,-1.476,1.346,-2.023,1.942,-1.162,0.001,0.019,0.013,0.023,11,weighted_average,kalman(weighted_average),false
1788766107.568,87.285,1.370,-1.890,1.944,0.597,1.359,-1.951,1.943,-0.270,-0.011,-0.060,-0.001,0.061,9|11,weighted_average,kalman(weighted_average),false
1788766107.617,87.334,1.375,-1.909,1.935,0.422,1.369,-1.918,1.938,0.204,-0.006,-0.009,0.003,0.011,9|11,weighted_average,kalman(weighted_average),false
1788766107.755,87.473,1.358,-1.908,1.954,0.612,1.361,-1.900,1.951,0.717,0.004,0.008,-0.003,0.009,9|11,weighted_average,kalman(weighted_average),false
1788766107.802,87.519,1.348,-2.083,1.898,-1.461,1.351,-2.021,1.918,-0.541,0.003,0.061,0.019,0.064,11,weighted_average,kalman(weighted_average),false
1788766107.854,87.572,1.381,-1.960,1.888,0.038,1.368,-2.002,1.894,-0.360,-0.014,-0.042,0.006,0.045,9|11,weighted_average,kalman(weighted_average),false
1788766107.902,87.620,1.343,-2.097,1.930,-1.431,1.354,-2.066,1.910,-0.995,0.011,0.030,-0.020,0.038,11,weighted_average,kalman(weighted_average),false
1788766108.046,87.763,1.375,-2.003,1.942,-0.087,1.371,-2.025,1.937,-0.450,-0.004,-0.021,-0.005,0.022,9|11,weighted_average,kalman(weighted_average),false
1788766108.104,87.821,1.356,-2.001,1.971,0.124,1.363,-2.000,1.965,-0.001,0.007,0.002,-0.006,0.009,9|11,weighted_average,kalman(weighted_average),false
1788766108.150,87.867,1.343,-2.139,1.920,-1.407,1.351,-2.079,1.943,-0.681,0.007,0.060,0.023,0.065,11,weighted_average,kalman(weighted_average),false
1788766108.201,87.919,1.338,-2.161,1.915,-1.598,1.341,-2.138,1.926,-1.209,0.003,0.023,0.011,0.026,11,weighted_average,kalman(weighted_average),false
1788766108.332,88.049,1.346,-2.175,1.903,-1.463,1.342,-2.184,1.903,-1.541,-0.003,-0.009,0.001,0.010,11,weighted_average,kalman(weighted_average),false
1788766108.383,88.100,1.358,-2.165,1.918,-1.094,1.353,-2.177,1.910,-1.318,-0.004,-0.011,-0.008,0.014,10|11,weighted_average,kalman(weighted_average),false
1788766108.440,88.157,1.372,-2.034,1.944,0.717,1.368,-2.085,1.932,-0.124,-0.004,-0.050,-0.012,0.052,9|11,weighted_average,kalman(weighted_average),false
1788766108.499,88.216,1.340,-2.227,1.918,-1.661,1.353,-2.162,1.926,-0.802,0.013,0.065,0.008,0.067,11,weighted_average,kalman(weighted_average),false
1788766108.631,88.348,1.352,-2.251,1.901,-1.550,1.352,-2.245,1.905,-1.381,-0.000,0.007,0.004,0.008,11,weighted_average,kalman(weighted_average),false
1788766108.686,88.403,1.351,-2.258,1.905,-1.548,1.351,-2.265,1.902,-1.567,-0.000,-0.007,-0.003,0.007,11,weighted_average,kalman(weighted_average),false
1788766108.736,88.453,1.378,-2.100,1.944,0.682,1.368,-2.169,1.927,-0.367,-0.010,-0.069,-0.017,0.072,9|11,weighted_average,kalman(weighted_average),false
1788766108.790,88.507,1.353,-2.283,1.891,-1.615,1.362,-2.229,1.908,-0.909,0.008,0.054,0.016,0.057,11,weighted_average,kalman(weighted_average),false
1788766108.924,88.641,1.380,-2.286,1.925,-1.067,1.378,-2.283,1.921,-1.032,-0.002,0.004,-0.004,0.006,10|11,weighted_average,kalman(weighted_average),false
1788766108.976,88.693,1.374,-2.295,1.934,-1.147,1.377,-2.298,1.932,-1.121,0.003,-0.003,-0.002,0.005,10|11,weighted_average,kalman(weighted_average),false
1788766109.029,88.746,1.380,-2.313,1.923,-1.205,1.380,-2.315,1.929,-1.196,0.000,-0.001,0.006,0.006,10|11,weighted_average,kalman(weighted_average),false
1788766109.077,88.794,1.384,-2.324,1.931,-1.234,1.383,-2.327,1.931,-1.245,-0.000,-0.003,0.000,0.003,10|11,weighted_average,kalman(weighted_average),false
1788766109.221,88.938,1.377,-2.356,1.939,-1.376,1.379,-2.358,1.939,-1.384,0.002,-0.002,-0.000,0.002,10|11,weighted_average,kalman(weighted_average),false
1788766109.272,88.989,1.380,-2.371,1.938,-1.386,1.379,-2.370,1.939,-1.404,-0.001,0.001,0.001,0.002,10|11,weighted_average,kalman(weighted_average),false
1788766109.326,89.043,1.380,-2.375,1.935,-1.347,1.379,-2.377,1.937,-1.388,-0.001,-0.003,0.002,0.003,10|11,weighted_average,kalman(weighted_average),false
1788766109.373,89.090,1.388,-2.391,1.929,-1.344,1.384,-2.389,1.932,-1.372,-0.004,0.002,0.003,0.006,10|11,weighted_average,kalman(weighted_average),false
1788766109.507,89.224,1.206,-2.324,1.953,0.065,1.231,-2.337,1.950,-0.257,0.026,-0.013,-0.004,0.029,10|17,weighted_average,kalman(weighted_average),false
1788766109.560,89.278,1.432,-2.340,1.971,-0.039,1.350,-2.332,1.967,0.035,-0.082,0.008,-0.004,0.083,10,weighted_average,kalman(weighted_average),false
1788766109.609,89.326,1.149,-2.340,1.951,0.115,1.230,-2.331,1.961,0.225,0.082,0.008,0.010,0.083,17,weighted_average,kalman(weighted_average),false
1788766109.662,89.379,1.217,-2.344,1.952,0.111,1.205,-2.336,1.957,0.302,-0.012,0.008,0.005,0.015,10|17,weighted_average,kalman(weighted_average),false
1788766109.803,89.521,1.149,-2.379,1.943,0.064,1.144,-2.373,1.945,0.231,-0.005,0.006,0.002,0.008,17,weighted_average,kalman(weighted_average),false
1788766109.853,89.571,1.147,-2.386,1.953,0.041,1.140,-2.387,1.949,0.105,-0.007,-0.001,-0.004,0.008,17,weighted_average,kalman(weighted_average),false
1788766109.909,89.626,1.150,-2.396,1.952,0.057,1.142,-2.399,1.951,0.051,-0.008,-0.002,-0.002,0.009,17,weighted_average,kalman(weighted_average),false
1788766109.963,89.680,1.147,-2.406,1.941,0.019,1.143,-2.408,1.945,0.007,-0.004,-0.002,0.004,0.006,17,weighted_average,kalman(weighted_average),false
1788766110.096,89.813,1.155,-2.429,1.943,0.122,1.152,-2.430,1.942,0.069,-0.002,-0.001,-0.001,0.003,17,weighted_average,kalman(weighted_average),false
1788766110.151,89.868,1.148,-2.440,1.943,0.058,1.151,-2.439,1.942,0.069,0.003,0.000,-0.001,0.003,17,weighted_average,kalman(weighted_average),false
1788766110.200,89.917,1.149,-2.450,1.945,0.072,1.150,-2.449,1.944,0.075,0.001,0.001,-0.001,0.002,17,weighted_average,kalman(weighted_average),false
1788766110.250,89.968,1.143,-2.461,1.947,0.009,1.146,-2.460,1.946,0.044,0.003,0.001,-0.001,0.003,17,weighted_average,kalman(weighted_average),false
1788766110.386,90.103,1.150,-2.483,1.942,0.010,1.149,-2.483,1.943,0.014,-0.001,-0.000,0.001,0.002,17,weighted_average,kalman(weighted_average),false
1788766110.434,90.151,1.151,-2.497,1.941,-0.031,1.151,-2.495,1.941,-0.017,-0.000,0.002,0.000,0.002,17,weighted_average,kalman(weighted_average),false
1788766110.487,90.205,1.158,-2.496,1.946,0.093,1.157,-2.499,1.944,0.038,-0.002,-0.004,-0.002,0.005,17,weighted_average,kalman(weighted_average),false
1788766110.537,90.254,1.159,-2.515,1.950,-0.045,1.159,-2.511,1.947,-0.003,0.000,0.003,-0.002,0.004,17,weighted_average,kalman(weighted_average),false
1788766110.680,90.398,1.167,-2.537,1.944,0.003,1.168,-2.537,1.945,-0.003,0.000,-0.000,0.001,0.001,17,weighted_average,kalman(weighted_average),false
1788766110.733,90.450,1.169,-2.548,1.946,0.039,1.170,-2.547,1.945,0.023,0.000,0.000,-0.001,0.001,17,weighted_average,kalman(weighted_average),false
1788766110.786,90.503,1.177,-2.553,1.946,0.022,1.175,-2.555,1.946,0.027,-0.002,-0.001,-0.001,0.002,17,weighted_average,kalman(weighted_average),false
1788766110.835,90.552,1.181,-2.566,1.943,0.029,1.180,-2.565,1.944,0.031,-0.001,0.001,0.001,0.002,17,weighted_average,kalman(weighted_average),false
1788766110.979,90.696,1.193,-2.587,1.953,0.086,1.193,-2.587,1.952,0.078,0.000,-0.000,-0.001,0.001,17,weighted_average,kalman(weighted_average),false
1788766111.026,90.743,1.614,-2.303,1.443,4.022,1.193,-2.587,1.952,2.506,-0.421,-0.285,0.509,0.719,9,weighted_average,kalman(weighted_average),true
1788766111.078,90.795,1.206,-2.612,1.944,-0.036,1.204,-2.607,1.946,1.454,-0.002,0.004,0.001,0.005,17,weighted_average,kalman(weighted_average),false
1788766111.127,90.845,1.638,-2.067,1.617,8.044,1.204,-2.607,1.946,5.105,-0.435,-0.540,0.329,0.767,9,weighted_average,kalman(weighted_average),true
1788766111.176,90.893,1.573,-1.671,1.106,14.370,1.204,-2.607,1.946,10.584,-0.370,-0.937,0.840,1.311,9,weighted_average,kalman(weighted_average),true
1788766111.302,91.019,1.578,-1.636,1.037,15.305,1.204,-2.607,1.946,15.917,-0.375,-0.971,0.909,1.382,9,weighted_average,kalman(weighted_average),true
1788766111.355,91.073,1.228,-2.664,1.957,-0.040,1.227,-2.662,1.957,6.875,-0.001,0.002,-0.000,0.002,17,weighted_average,kalman(weighted_average),false
1788766111.403,91.120,1.610,-2.643,1.813,-0.069,1.227,-2.662,1.957,2.236,-0.383,-0.019,0.144,0.409,9,weighted_average,kalman(weighted_average),true
1788766111.448,91.165,1.638,-1.645,1.255,15.442,1.227,-2.662,1.957,7.796,-0.412,-1.017,0.702,1.303,9,weighted_average,kalman(weighted_average),true
1788766111.508,91.225,1.638,-1.645,1.255,15.442,1.227,-2.662,1.957,12.007,-0.412,-1.017,0.702,1.303,9,weighted_average,kalman(weighted_average),true
1788766111.640,91.357,1.618,-1.537,1.042,16.138,1.227,-2.662,1.957,16.090,-0.391,-1.125,0.915,1.502,9,weighted_average,kalman(weighted_average),true
1788766111.696,91.413,1.640,-1.532,1.121,15.841,1.227,-2.662,1.957,16.558,-0.413,-1.130,0.835,1.465,9,weighted_average,kalman(weighted_average),true
1788766111.743,91.460,1.668,-1.585,1.219,14.830,1.661,-1.601,1.229,16.052,-0.006,-0.016,0.011,0.020,9,weighted_average,kalman(weighted_average),false
1788766111.796,91.513,1.734,-2.180,1.217,5.405,1.661,-1.601,1.229,10.496,-0.073,0.580,0.013,0.584,9,weighted_average,kalman(weighted_average),true
1788766111.850,91.567,1.674,-2.701,1.703,-2.714,1.661,-1.601,1.229,2.563,-0.012,1.101,-0.473,1.198,9,weighted_average,kalman(weighted_average),true
1788766111.992,91.709,1.685,-1.536,1.188,14.054,1.684,-1.538,1.189,9.535,-0.001,-0.002,0.002,0.003,9,weighted_average,kalman(weighted_average),false
1788766112.041,91.758,1.667,-1.500,1.056,14.682,1.674,-1.507,1.095,13.609,0.007,-0.007,0.039,0.040,9,weighted_average,kalman(weighted_average),false
1788766112.094,91.811,1.710,-1.563,1.250,13.819,1.698,-1.537,1.181,15.074,-0.012,0.026,-0.068,0.074,9,weighted_average,kalman(weighted_average),false
1788766112.146,91.863,1.640,-1.395,1.038,16.570,1.664,-1.446,1.095,17.013,0.024,-0.051,0.057,0.081,9,weighted_average,kalman(weighted_average),false
1788766112.281,91.998,1.691,-1.471,1.158,15.727,1.684,-1.454,1.140,17.270,-0.007,0.017,-0.018,0.026,9,weighted_average,kalman(weighted_average),false
1788766112.337,92.055,1.677,-2.813,1.821,-4.574,1.684,-1.454,1.140,3.367,0.007,1.359,-0.682,1.521,9,weighted_average,kalman(weighted_average),true
1788766112.386,92.103,1.700,-2.768,1.760,-3.766,1.684,-1.454,1.140,-2.669,-0.016,1.314,-0.620,1.453,9,weighted_average,kalman(weighted_average),true
1788766112.436,92.153,1.689,-1.433,1.137,16.566,1.689,-1.435,1.137,5.255,-0.000,-0.002,0.000,0.002,9,weighted_average,kalman(weighted_average),false
1788766112.488,92.205,1.702,-2.757,1.854,-3.349,1.689,-1.435,1.137,0.421,-0.014,1.322,-0.717,1.505,9,weighted_average,kalman(weighted_average),true
1788766112.622,92.339,1.678,-2.840,1.920,-4.449,1.689,-1.435,1.137,-4.603,0.011,1.405,-0.783,1.609,9,weighted_average,kalman(weighted_average),true
1788766112.673,92.390,1.705,-2.814,1.788,-4.009,1.689,-1.435,1.137,-4.962,-0.016,1.379,-0.651,1.525,9,weighted_average,kalman(weighted_average),true
1788766112.721,92.438,1.663,-2.853,1.976,-4.725,1.689,-1.435,1.137,-5.389,0.026,1.418,-0.839,1.648,9,weighted_average,kalman(weighted_average),true
1788766112.773,92.490,1.780,-2.531,1.723,0.267,1.778,-2.508,1.711,-2.806,-0.002,0.022,-0.012,0.025,9,weighted_average,kalman(weighted_average),false
1788766112.910,92.627,1.677,-2.854,1.934,-4.908,1.695,-2.879,1.943,-4.303,0.018,-0.025,0.009,0.032,9,weighted_average,kalman(weighted_average),false
1788766112.962,92.679,1.781,-2.510,1.712,0.350,1.695,-2.879,1.943,-1.591,-0.086,-0.369,0.231,0.444,9,weighted_average,kalman(weighted_average),true
1788766113.009,92.726,1.664,-1.363,0.991,17.595,1.695,-2.879,1.943,9.377,0.031,-1.517,0.951,1.791,9,weighted_average,kalman(weighted_average),true
1788766113.062,92.780,1.710,-1.439,1.111,16.242,1.695,-2.879,1.943,15.263,-0.015,-1.440,0.832,1.664,9,weighted_average,kalman(weighted_average),true
1788766113.192,92.909,1.693,-2.725,2.001,-3.334,1.693,-2.730,2.000,3.765,0.000,-0.005,-0.002,0.005,9,weighted_average,kalman(weighted_average),false
1788766113.240,92.957,1.652,-1.373,0.945,17.174,1.693,-2.730,2.000,10.617,0.041,-1.357,1.054,1.719,9,weighted_average,kalman(weighted_average),true
1788766113.292,93.009,1.702,-1.402,1.143,16.500,1.693,-2.730,2.000,14.035,-0.009,-1.328,0.857,1.580,9,weighted_average,kalman(weighted_average),true
1788766113.344,93.061,1.688,-2.847,1.923,-5.482,1.688,-2.836,1.930,3.996,0.000,0.010,0.007,0.012,9,weighted_average,kalman(weighted_average),false
1788766113.483,93.200,1.640,-1.357,0.952,16.030,1.688,-2.836,1.930,11.987,0.048,-1.479,0.977,1.774,9,weighted_average,kalman(weighted_average),true
1788766113.537,93.254,1.513,-3.066,2.003,-9.385,1.523,-3.052,1.998,-0.500,0.011,0.014,-0.004,0.018,11,weighted_average,kalman(weighted_average),false
1788766113.586,93.303,1.502,-3.065,2.009,-9.795,1.493,-3.082,2.013,-6.979,-0.010,-0.018,0.003,0.020,11,weighted_average,kalman(weighted_average),false
1788766113.638,93.356,1.507,-3.052,2.020,-10.184,1.485,-3.084,2.024,-10.705,-0.022,-0.032,0.005,0.039,11,weighted_average,kalman(weighted_average),false
1788766113.779,93.496,1.509,-3.022,2.026,-9.979,1.498,-3.039,2.030,-12.368,-0.012,-0.017,0.005,0.021,11,weighted_average,kalman(weighted_average),false
1788766113.831,93.548,1.643,-2.758,1.995,-7.244,1.601,-2.837,2.006,-9.412,-0.042,-0.079,0.011,0.090,9,weighted_average,kalman(weighted_average),false
1788766113.881,93.598,1.624,-1.391,1.010,13.932,1.601,-2.837,2.006,4.110,-0.023,-1.447,0.996,1.757,9,weighted_average,kalman(weighted_average),true
1788766113.930,93.647,1.476,-3.080,1.973,-10.664,1.502,-3.030,1.980,-1.437,0.026,0.050,0.007,0.057,11,weighted_average,kalman(weighted_average),false
1788766114.065,93.782,1.619,-2.852,1.842,-8.058,1.591,-2.900,1.856,-5.769,-0.028,-0.048,0.015,0.057,9,weighted_average,kalman(weighted_average),false
1788766114.114,93.831,1.579,-2.928,1.920,-9.046,1.595,-2.901,1.884,-8.318,0.016,0.027,-0.036,0.048,9,weighted_average,kalman(weighted_average),false
1788766114.165,93.882,1.594,-2.831,1.879,-6.842,1.603,-2.845,1.876,-8.290,0.009,-0.014,-0.004,0.017,9,weighted_average,kalman(weighted_average),false
1788766114.212,93.929,1.557,-1.342,1.038,16.512,1.603,-2.845,1.876,4.333,0.046,-1.503,0.838,1.722,9,weighted_average,kalman(weighted_average),true
1788766114.340,94.057,1.630,-1.474,1.233,14.682,1.603,-2.845,1.876,14.495,-0.027,-1.371,0.643,1.514,9,weighted_average,kalman(weighted_average),true
1788766114.394,94.111,1.551,-1.304,1.060,17.996,1.603,-2.845,1.876,18.298,0.053,-1.541,0.816,1.745,9,weighted_average,kalman(weighted_average),true
1788766114.442,94.159,1.564,-2.934,1.703,-7.104,1.565,-2.931,1.709,5.720,0.001,0.003,0.006,0.006,9,weighted_average,kalman(weighted_average),false
1788766114.494,94.211,1.531,-2.935,1.933,-6.355,1.540,-2.941,1.842,-1.787,0.009,-0.006,-0.091,0.091,9,weighted_average,kalman(weighted_average),false
1788766114.544,94.262,1.504,-1.287,0.946,20.079,1.540,-2.941,1.842,7.834,0.036,-1.654,0.896,1.881,9,weighted_average,kalman(weighted_average),true
1788766114.677,94.394,1.492,-1.243,0.981,21.379,1.540,-2.941,1.842,18.782,0.047,-1.698,0.861,1.905,9,weighted_average,kalman(weighted_average),true
1788766114.731,94.448,1.526,-2.912,1.900,-4.770,1.527,-2.914,1.897,5.551,0.001,-0.001,-0.003,0.003,9,weighted_average,kalman(weighted_average),false
1788766114.776,94.493,1.504,-2.970,1.889,-5.614,1.511,-2.948,1.897,-1.544,0.007,0.022,0.007,0.025,9,weighted_average,kalman(weighted_average),false
1788766114.829,94.547,1.497,-2.967,1.899,-5.353,1.499,-2.963,1.901,-5.636,0.002,0.003,0.003,0.005,9,weighted_average,kalman(weighted_average),false
1788766114.879,94.596,1.497,-2.953,1.927,-5.013,1.494,-2.961,1.919,-7.195,-0.003,-0.008,-0.007,0.011,9,weighted_average,kalman(weighted_average),false
1788766115.022,94.739,1.496,-2.948,1.920,-4.501,1.493,-2.951,1.924,-6.903,-0.003,-0.003,0.004,0.006,9,weighted_average,kalman(weighted_average),false
1788766115.070,94.787,1.459,-3.013,1.968,-5.500,1.470,-2.991,1.954,-6.001,0.011,0.021,-0.014,0.028,9,weighted_average,kalman(weighted_average),false
1788766115.120,94.837,1.467,-2.994,1.991,-4.935,1.464,-2.999,1.982,-5.230,-0.002,-0.005,-0.009,0.010,9,weighted_average,kalman(weighted_average),false
1788766115.169,94.886,1.422,-1.136,0.949,24.989,1.464,-2.999,1.982,11.236,0.043,-1.862,1.033,2.130,9,weighted_average,kalman(weighted_average),true
1788766115.218,94.935,1.496,-2.966,1.928,-4.159,1.489,-2.973,1.940,6.156,-0.007,-0.008,0.012,0.016,9,weighted_average,kalman(weighted_average),false
1788766115.342,95.059,1.451,-3.047,1.968,-5.074,1.460,-3.032,1.958,-0.796,0.009,0.015,-0.010,0.021,9,weighted_average,kalman(weighted_average),false
1788766115.399,95.116,1.419,-3.079,2.040,-5.438,1.428,-3.073,2.018,-4.629,0.008,0.006,-0.022,0.024,9,weighted_average,kalman(weighted_average),false
1788766115.444,95.161,1.387,-3.103,2.100,-5.663,1.395,-3.102,2.079,-6.271,0.009,0.001,-0.021,0.023,9,weighted_average,kalman(weighted_average),false
1788766115.499,95.216,1.572,-2.761,1.788,0.298,1.395,-3.102,2.079,-3.844,-0.177,-0.341,0.292,0.482,9,weighted_average,kalman(weighted_average),true
1788766115.547,95.264,1.417,-3.079,2.036,-4.933,1.412,-3.084,2.046,-4.683,-0.005,-0.005,0.009,0.012,9,weighted_average,kalman(weighted_average),false
1788766115.679,95.396,1.390,-3.137,2.052,-5.436,1.396,-3.128,2.047,-5.681,0.005,0.010,-0.005,0.012,9,weighted_average,kalman(weighted_average),false
1788766115.734,95.451,1.378,-3.166,2.040,-5.713,1.381,-3.161,2.043,-5.864,0.003,0.006,0.002,0.007,9,weighted_average,kalman(weighted_average),false
1788766115.782,95.500,1.373,-3.159,2.060,-5.491,1.372,-3.168,2.053,-5.786,-0.001,-0.009,-0.007,0.011,9,weighted_average,kalman(weighted_average),false
1788766115.837,95.554,1.367,-3.158,2.065,-5.256,1.365,-3.169,2.063,-5.578,-0.002,-0.011,-0.003,0.011,9,weighted_average,kalman(weighted_average),false
1788766115.965,95.682,1.392,-3.161,2.018,-4.736,1.385,-3.166,2.027,-4.950,-0.007,-0.004,0.009,0.012,9,weighted_average,kalman(weighted_average),false
1788766116.013,95.730,1.341,-3.226,2.088,-5.838,1.358,-3.206,2.063,-5.408,0.018,0.021,-0.025,0.037,9,weighted_average,kalman(weighted_average),false
1788766116.064,95.781,1.347,-3.224,2.064,-5.572,1.349,-3.224,2.066,-5.512,0.001,0.001,0.003,0.003,9,weighted_average,kalman(weighted_average),false
1788766116.118,95.835,1.355,-3.232,2.029,-5.511,1.349,-3.236,2.045,-5.537,-0.006,-0.004,0.016,0.017,9,weighted_average,kalman(weighted_average),false
1788766116.167,95.884,1.333,-3.261,2.062,-5.494,1.338,-3.257,2.053,-5.534,0.005,0.004,-0.009,0.011,9,weighted_average,kalman(weighted_average),false
1788766116.289,96.006,1.307,-3.291,2.088,-4.946,1.309,-3.292,2.082,-5.113,0.002,-0.001,-0.006,0.007,9,weighted_average,kalman(weighted_average),false
1788766116.340,96.058,1.338,-3.259,2.042,-4.055,1.325,-3.274,2.059,-4.409,-0.013,-0.015,0.017,0.026,9,weighted_average,kalman(weighted_average),false
1788766116.391,96.108,1.032,-3.223,1.987,-2.927,1.140,-3.242,2.012,-3.427,0.108,-0.019,0.026,0.113,18,weighted_average,kalman(weighted_average),false
1788766116.440,96.157,1.033,-3.233,1.991,-2.912,1.043,-3.231,1.991,-2.888,0.011,0.002,-0.001,0.011,18,weighted_average,kalman(weighted_average),false
1788766116.494,96.211,1.026,-3.232,1.997,-2.365,0.996,-3.226,1.985,-2.328,-0.030,0.006,-0.012,0.033,18,weighted_average,kalman(weighted_average),false
1788766116.621,96.339,1.032,-3.257,1.985,-2.063,1.000,-3.249,1.980,-1.792,-0.032,0.008,-0.006,0.033,18,weighted_average,kalman(weighted_average),false
1788766116.669,96.387,1.023,-3.250,1.984,-1.723,1.018,-3.253,1.982,-1.656,-0.005,-0.003,-0.002,0.006,18,weighted_average,kalman(weighted_average),false
1788766116.719,96.436,1.032,-3.259,1.976,-1.961,1.031,-3.259,1.979,-1.734,-0.001,-0.000,0.002,0.003,18,weighted_average,kalman(weighted_average),false
1788766116.769,96.486,1.029,-3.256,1.981,-1.872,1.034,-3.260,1.979,-1.758,0.006,-0.004,-0.001,0.007,18,weighted_average,kalman(weighted_average),false
1788766116.824,96.541,1.033,-3.266,1.987,-2.164,1.037,-3.266,1.984,-1.946,0.004,0.000,-0.003,0.005,18,weighted_average,kalman(weighted_average),false
1788766116.956,96.673,1.033,-3.257,1.986,-2.031,1.035,-3.260,1.986,-2.029,0.003,-0.003,0.000,0.004,18,weighted_average,kalman(weighted_average),false
1788766117.009,96.726,1.034,-3.252,1.978,-1.920,1.034,-3.254,1.981,-1.973,0.000,-0.002,0.003,0.003,18,weighted_average,kalman(weighted_average),false
1788766117.054,96.771,1.034,-3.248,1.986,-1.879,1.033,-3.249,1.983,-1.921,-0.001,-0.001,-0.003,0.003,18,weighted_average,kalman(weighted_average),false
1788766117.105,96.822,1.040,-3.246,1.974,-1.880,1.037,-3.245,1.978,-1.890,-0.003,0.001,0.004,0.005,18,weighted_average,kalman(weighted_average),false
1788766117.159,96.876,1.039,-3.237,1.977,-1.699,1.038,-3.239,1.976,-1.775,-0.000,-0.001,-0.001,0.002,18,weighted_average,kalman(weighted_average),false
1788766117.283,97.000,1.052,-3.234,1.980,-1.770,1.050,-3.233,1.979,-1.738,-0.002,0.001,-0.001,0.002,18,weighted_average,kalman(weighted_average),false
1788766117.337,97.055,1.062,-3.238,1.982,-1.955,1.060,-3.235,1.981,-1.865,-0.002,0.002,-0.001,0.003,18,weighted_average,kalman(weighted_average),false
1788766117.390,97.107,1.066,-3.237,1.980,-1.973,1.067,-3.237,1.981,-1.941,0.000,0.001,0.001,0.001,18,weighted_average,kalman(weighted_average),false
1788766117.441,97.158,1.069,-3.230,1.989,-1.834,1.070,-3.232,1.986,-1.905,0.002,-0.003,-0.003,0.004,18,weighted_average,kalman(weighted_average),false
1788766117.492,97.209,1.084,-3.230,1.986,-1.956,1.081,-3.230,1.987,-1.941,-0.003,-0.000,0.001,0.004,18,weighted_average,kalman(weighted_average),false
1788766117.616,97.333,1.098,-3.227,1.983,-1.973,1.098,-3.227,1.985,-1.980,0.000,0.000,0.001,0.001,18,weighted_average,kalman(weighted_average),false
1788766117.669,97.386,1.106,-3.216,1.973,-1.754,1.106,-3.219,1.976,-1.847,-0.000,-0.003,0.003,0.004,18,weighted_average,kalman(weighted_average),false
1788766117.718,97.435,1.117,-3.219,1.984,-1.872,1.115,-3.217,1.980,-1.845,-0.001,0.001,-0.005,0.005,18,weighted_average,kalman(weighted_average),false
1788766117.767,97.484,1.127,-3.219,1.971,-1.905,1.125,-3.217,1.974,-1.866,-0.001,0.002,0.003,0.004,18,weighted_average,kalman(weighted_average),false
1788766117.816,97.533,1.141,-3.220,1.971,-2.001,1.138,-3.218,1.971,-1.931,-0.003,0.002,0.000,0.003,18,weighted_average,kalman(weighted_average),false
1788766117.949,97.666,1.148,-3.210,1.979,-1.772,1.151,-3.211,1.976,-1.819,0.003,-0.001,-0.002,0.003,18,weighted_average,kalman(weighted_average),false
1788766118.001,97.718,1.164,-3.214,1.982,-1.932,1.161,-3.212,1.981,-1.874,-0.003,0.002,-0.001,0.003,18,weighted_average,kalman(weighted_average),false
1788766118.047,97.764,1.170,-3.212,1.977,-1.889,1.169,-3.212,1.980,-1.881,-0.001,0.000,0.003,0.003,18,weighted_average,kalman(weighted_average),false
1788766118.101,97.818,1.179,-3.212,1.984,-1.919,1.178,-3.211,1.983,-1.902,-0.001,0.001,-0.001,0.001,18,weighted_average,kalman(weighted_average),false
1788766118.153,97.870,1.190,-3.211,1.990,-1.938,1.189,-3.211,1.988,-1.925,-0.001,0.000,-0.002,0.002,18,weighted_average,kalman(weighted_average),false
1788766118.281,97.998,1.214,-3.206,1.982,-1.889,1.214,-3.207,1.984,-1.905,-0.000,-0.000,0.002,0.002,18,weighted_average,kalman(weighted_average),false
1788766118.339,98.056,1.216,-3.199,1.993,-1.741,1.219,-3.201,1.990,-1.798,0.003,-0.002,-0.003,0.005,18,weighted_average,kalman(weighted_average),false
1788766118.395,98.112,1.230,-3.204,1.986,-1.865,1.229,-3.201,1.988,-1.819,-0.001,0.002,0.002,0.003,18,weighted_average,kalman(weighted_average),false
1788766118.439,98.156,1.240,-3.211,1.985,-2.060,1.238,-3.207,1.986,-1.938,-0.002,0.004,0.001,0.005,18,weighted_average,kalman(weighted_average),false
1788766118.573,98.290,1.259,-3.206,1.984,-1.936,1.259,-3.206,1.984,-1.954,0.001,-0.001,-0.000,0.001,18,weighted_average,kalman(weighted_average),false
1788766118.627,98.344,1.270,-3.208,1.985,-2.010,1.269,-3.207,1.984,-1.992,-0.001,0.001,-0.000,0.001,18,weighted_average,kalman(weighted_average),false
1788766118.674,98.392,1.273,-3.208,1.983,-1.987,1.275,-3.208,1.984,-1.997,0.002,-0.000,0.000,0.002,18,weighted_average,kalman(weighted_average),false
1788766118.727,98.444,1.283,-3.212,1.980,-2.119,1.283,-3.211,1.981,-2.070,-0.000,0.002,0.001,0.002,18,weighted_average,kalman(weighted_average),false
1788766118.855,98.572,1.296,-3.201,1.989,-1.842,1.297,-3.203,1.987,-1.916,0.001,-0.002,-0.002,0.003,18,weighted_average,kalman(weighted_average),false
1788766118.905,98.622,1.292,-3.192,1.989,-1.572,1.295,-3.195,1.989,-1.686,0.003,-0.003,0.000,0.004,18,weighted_average,kalman(weighted_average),false
1788766118.952,98.669,1.295,-3.188,1.990,-1.455,1.296,-3.189,1.991,-1.510,0.001,-0.001,0.001,0.001,18,weighted_average,kalman(weighted_average),false
1788766119.010,98.727,1.295,-3.183,2.001,-1.414,1.296,-3.183,1.998,-1.386,0.001,0.001,-0.003,0.003,18,weighted_average,kalman(weighted_average),false
1788766119.136,98.853,1.308,-3.195,1.989,-2.405,1.306,-3.191,1.992,-2.092,-0.001,0.004,0.003,0.005,18,weighted_average,kalman(weighted_average),false
1788766119.187,98.905,1.308,-3.195,1.989,-2.405,1.309,-3.195,1.989,-2.374,0.001,0.000,0.000,0.001,18,weighted_average,kalman(weighted_average),false
1788766119.238,98.955,1.329,-3.203,1.948,-3.449,1.323,-3.202,1.962,-3.089,-0.006,0.002,0.014,0.016,18,weighted_average,kalman(weighted_average),false
1788766119.291,99.008,1.336,-3.203,1.943,-4.643,1.334,-3.204,1.945,-4.136,-0.002,-0.001,0.002,0.003,18,weighted_average,kalman(weighted_average),false
1788766119.419,99.136,1.685,-3.235,1.967,-7.131,1.636,-3.232,1.958,-6.808,-0.048,0.003,-0.009,0.049,9,weighted_average,kalman(weighted_average),false
1788766119.470,99.187,1.633,-3.294,2.055,-9.036,1.675,-3.278,2.026,-8.571,0.042,0.016,-0.029,0.053,9,weighted_average,kalman(weighted_average),false
1788766119.517,99.234,1.646,-3.248,2.107,-9.165,1.688,-3.269,2.088,-9.430,0.042,-0.021,-0.019,0.050,9,weighted_average,kalman(weighted_average),false
1788766119.571,99.289,1.643,-3.254,2.099,-9.681,1.683,-3.264,2.115,-10.136,0.040,-0.011,0.015,0.044,9,weighted_average,kalman(weighted_average),false
1788766119.621,99.338,1.676,-3.227,2.012,-9.609,1.689,-3.243,2.067,-10.303,0.013,-0.016,0.055,0.059,9,weighted_average,kalman(weighted_average),false
1788766119.759,99.476,1.657,-3.244,2.053,-11.632,1.668,-3.241,2.055,-11.749,0.011,0.003,0.002,0.011,9,weighted_average,kalman(weighted_average),false
1788766119.809,99.527,1.683,-3.213,1.955,-11.956,1.674,-3.222,1.985,-12.078,-0.008,-0.009,0.030,0.032,9,weighted_average,kalman(weighted_average),false
1788766119.858,99.575,1.659,-3.226,2.058,-12.653,1.663,-3.222,2.019,-12.596,0.004,0.005,-0.039,0.040,9,weighted_average,kalman(weighted_average),false
1788766119.910,99.627,1.621,-3.276,2.071,-14.352,1.635,-3.253,2.050,-13.780,0.013,0.023,-0.022,0.034,9,weighted_average,kalman(weighted_average),false
1788766120.050,99.767,1.596,-3.296,2.074,-16.419,1.595,-3.295,2.075,-16.293,-0.001,0.001,0.001,0.002,9,weighted_average,kalman(weighted_average),false
1788766120.098,99.815,1.645,-3.228,1.976,-16.050,1.624,-3.255,2.011,-16.474,-0.020,-0.026,0.035,0.048,9,weighted_average,kalman(weighted_average),false
1788766120.154,99.872,1.592,-3.293,2.087,-17.639,1.605,-3.276,2.052,-17.463,0.013,0.017,-0.035,0.041,9,weighted_average,kalman(weighted_average),false
1788766120.202,99.919,1.607,-3.240,2.073,-17.605,1.604,-3.256,2.067,-17.865,-0.003,-0.016,-0.006,0.018,9,weighted_average,kalman(weighted_average),false
1788766120.340,100.057,1.571,-3.256,2.097,-19.590,1.574,-3.254,2.096,-19.593,0.003,0.002,-0.000,0.004,9,weighted_average,kalman(weighted_average),false
1788766120.392,100.109,1.653,-3.144,1.936,-17.984,1.625,-3.177,1.989,-18.825,-0.028,-0.034,0.053,0.069,9,weighted_average,kalman(weighted_average),false
1788766120.444,100.161,1.588,-3.226,2.031,-20.220,1.608,-3.196,2.000,-19.675,0.019,0.030,-0.031,0.047,9,weighted_average,kalman(weighted_average),false
1788766120.497,100.214,1.583,-3.199,2.044,-20.597,1.593,-3.194,2.021,-20.365,0.010,0.005,-0.023,0.026,9,weighted_average,kalman(weighted_average),false
1788766120.631,100.348,1.529,-3.217,2.125,-22.589,1.535,-3.211,2.111,-22.386,0.006,0.005,-0.014,0.017,9,weighted_average,kalman(weighted_average),false
1788766120.681,100.398,1.542,-3.214,2.032,-22.817,1.532,-3.215,2.069,-22.930,-0.010,-0.002,0.037,0.039,9,weighted_average,kalman(weighted_average),false
1788766120.727,100.444,1.514,-3.231,2.088,-23.951,1.516,-3.227,2.081,-23.767,0.002,0.004,-0.006,0.008,9,weighted_average,kalman(weighted_average),false
1788766120.782,100.499,1.535,-3.197,2.038,-23.721,1.521,-3.212,2.057,-24.115,-0.013,-0.015,0.019,0.027,9,weighted_average,kalman(weighted_average),false
1788766120.914,100.631,1.502,-1.016,0.891,8.994,1.521,-3.212,2.057,1.329,0.019,-2.196,1.166,2.486,9,weighted_average,kalman(weighted_average),true
1788766120.974,100.691,1.533,-3.166,2.029,-25.019,1.532,-3.169,2.031,-12.090,-0.001,-0.003,0.002,0.004,9,weighted_average,kalman(weighted_average),false
1788766121.037,100.754,1.508,-3.174,2.055,-25.605,1.517,-3.168,2.045,-20.270,0.008,0.006,-0.010,0.014,9,weighted_average,kalman(weighted_average),false
1788766121.093,100.810,1.491,-3.174,2.074,-26.700,1.498,-3.169,2.064,-25.259,0.007,0.005,-0.010,0.013,9,weighted_average,kalman(weighted_average),false
1788766121.239,100.957,1.463,-3.199,2.073,-28.503,1.463,-3.195,2.075,-29.732,0.000,0.004,0.002,0.005,9,weighted_average,kalman(weighted_average),false
1788766121.292,101.009,1.436,-3.207,2.120,-29.795,1.440,-3.207,2.107,-30.354,0.005,0.000,-0.013,0.014,9,weighted_average,kalman(weighted_average),false
1788766121.339,101.057,1.430,-3.225,2.126,-30.448,1.428,-3.222,2.124,-30.899,-0.002,0.003,-0.001,0.004,9,weighted_average,kalman(weighted_average),false
1788766121.395,101.112,1.439,-3.217,2.085,-30.607,1.428,-3.224,2.106,-31.209,-0.010,-0.007,0.021,0.025,9,weighted_average,kalman(weighted_average),false
1788766121.534,101.251,1.429,-3.174,2.102,-31.703,1.427,-3.183,2.102,-31.994,-0.003,-0.009,0.001,0.009,9,weighted_average,kalman(weighted_average),false
1788766121.580,101.297,1.411,-3.215,2.101,-32.733,1.416,-3.198,2.101,-32.551,0.005,0.016,0.000,0.017,9,weighted_average,kalman(weighted_average),false
1788766121.634,101.351,1.425,-3.184,2.110,-32.899,1.420,-3.188,2.106,-32.938,-0.005,-0.004,-0.004,0.007,9,weighted_average,kalman(weighted_average),false
1788766121.681,101.398,1.381,-3.234,2.133,-34.230,1.396,-3.213,2.122,-33.797,0.015,0.020,-0.010,0.028,9,weighted_average,kalman(weighted_average),false
1788766121.813,101.530,1.417,-3.206,2.052,-34.934,1.410,-3.209,2.065,-35.012,-0.007,-0.004,0.013,0.015,9,weighted_average,kalman(weighted_average),false
1788766121.864,101.581,1.372,-3.246,2.128,-36.218,1.386,-3.234,2.100,-35.945,0.014,0.012,-0.028,0.034,9,weighted_average,kalman(weighted_average),false
1788766121.915,101.632,1.398,-3.211,2.101,-36.279,1.391,-3.223,2.102,-36.413,-0.007,-0.012,0.000,0.014,9,weighted_average,kalman(weighted_average),false
1788766121.969,101.686,1.382,-3.212,2.114,-37.156,1.385,-3.217,2.110,-37.098,0.003,-0.004,-0.004,0.006,9,weighted_average,kalman(weighted_average),false
1788766122.110,101.827,1.409,-3.172,2.114,-37.919,1.404,-3.177,2.115,-38.091,-0.004,-0.004,0.001,0.006,9,weighted_average,kalman(weighted_average),false
1788766122.162,101.879,1.367,-3.212,2.118,-39.460,1.381,-3.196,2.118,-39.092,0.014,0.016,-0.001,0.021,9,weighted_average,kalman(weighted_average),false
1788766122.212,101.929,1.354,-3.215,2.153,-40.010,1.362,-3.208,2.140,-39.861,0.008,0.007,-0.012,0.016,9,weighted_average,kalman(weighted_average),false
1788766122.266,101.983,1.367,-3.190,2.138,-40.366,1.360,-3.199,2.143,-40.458,-0.007,-0.009,0.005,0.012,9,weighted_average,kalman(weighted_average),false
1788766122.406,102.123,1.390,-3.167,2.099,-41.486,1.384,-3.171,2.107,-41.625,-0.006,-0.004,0.008,0.011,9,weighted_average,kalman(weighted_average),false
1788766122.463,102.180,1.360,-3.195,2.166,-42.568,1.370,-3.184,2.144,-42.406,0.010,0.011,-0.023,0.027,9,weighted_average,kalman(weighted_average),false
1788766122.515,102.232,1.091,-0.673,0.589,-1.101,1.370,-3.184,2.144,-18.728,0.279,-2.511,1.555,2.966,9,weighted_average,kalman(weighted_average),true
1788766122.566,102.283,1.261,-3.425,2.083,-46.248,1.283,-3.378,2.095,-30.032,0.021,0.047,0.012,0.053,11,weighted_average,kalman(weighted_average),false
1788766122.703,102.420,1.162,-3.042,1.962,-46.511,1.166,-3.108,1.972,-42.360,0.004,-0.066,0.011,0.067,0,weighted_average,kalman(weighted_average),false
1788766122.759,102.476,1.281,-3.407,2.089,-47.894,1.166,-3.108,1.972,-47.603,-0.115,0.300,-0.117,0.342,11,weighted_average,kalman(weighted_average),true
1788766122.808,102.525,1.285,-3.410,2.059,-48.648,1.266,-3.361,2.045,-50.049,-0.019,0.048,-0.014,0.054,11,weighted_average,kalman(weighted_average),false
1788766122.868,102.585,1.285,-3.410,2.059,-48.648,1.293,-3.429,2.064,-51.148,0.008,-0.019,0.005,0.021,11,weighted_average,kalman(weighted_average),false
1788766123.005,102.722,1.290,-3.400,2.079,-50.854,1.301,-3.429,2.084,-52.345,0.010,-0.029,0.006,0.032,11,weighted_average,kalman(weighted_average),false
1788766123.072,102.789,1.147,-3.048,2.015,-50.306,1.301,-3.429,2.084,-51.214,0.154,-0.381,0.069,0.417,0,weighted_average,kalman(weighted_average),true
1788766123.130,102.847,1.291,-3.395,2.076,-51.935,1.293,-3.399,2.077,-51.610,0.001,-0.004,0.001,0.005,11,weighted_average,kalman(weighted_average),false
1788766123.180,102.897,1.135,-3.043,2.030,-51.957,1.293,-3.399,2.077,-51.840,0.157,-0.356,0.047,0.392,0,weighted_average,kalman(weighted_average),true
1788766123.321,103.039,1.141,-3.041,2.035,-53.350,1.152,-3.067,2.038,-53.125,0.011,-0.026,0.003,0.029,0,weighted_average,kalman(weighted_average),false
1788766123.386,103.103,1.133,-3.037,2.014,-54.252,1.123,-3.010,2.016,-54.069,-0.010,0.027,0.002,0.029,0,weighted_average,kalman(weighted_average),false
1788766123.444,103.161,1.285,-3.403,2.071,-55.923,1.123,-3.010,2.016,-55.461,-0.163,0.393,-0.055,0.429,11,weighted_average,kalman(weighted_average),true
1788766123.504,103.221,1.140,-3.041,2.030,-55.656,1.137,-3.036,2.028,-55.984,-0.003,0.005,-0.002,0.006,0,weighted_average,kalman(weighted_average),false
1788766123.660,103.377,1.276,-3.401,2.076,-58.251,1.264,-3.370,2.072,-58.220,-0.011,0.031,-0.003,0.033,11,weighted_average,kalman(weighted_average),false
1788766123.761,103.478,1.301,-3.392,2.065,-58.594,1.310,-3.429,2.072,-58.835,0.010,-0.037,0.006,0.039,11,weighted_average,kalman(weighted_average),false
1788766123.840,103.558,1.306,-3.383,2.054,-59.544,1.317,-3.411,2.059,-59.545,0.011,-0.028,0.005,0.030,11,weighted_average,kalman(weighted_average),false
1788766123.985,103.702,1.301,-3.397,2.069,-61.735,1.306,-3.401,2.066,-61.585,0.005,-0.004,-0.002,0.006,11,weighted_average,kalman(weighted_average),false
1788766124.047,103.764,1.340,-3.388,2.082,-62.060,1.329,-3.390,2.079,-62.188,-0.011,-0.002,-0.003,0.012,11,weighted_average,kalman(weighted_average),false
1788766124.123,103.840,1.313,-3.391,2.068,-63.158,1.320,-3.388,2.074,-63.138,0.007,0.003,0.006,0.009,11,weighted_average,kalman(weighted_average),false
1788766124.191,103.908,1.337,-3.391,2.065,-63.744,1.332,-3.389,2.068,-63.826,-0.005,0.002,0.003,0.006,11,weighted_average,kalman(weighted_average),false
1788766124.332,104.049,1.344,-3.406,2.041,-65.454,1.344,-3.404,2.043,-65.446,0.000,0.002,0.002,0.003,11,weighted_average,kalman(weighted_average),false
1788766124.391,104.108,1.169,-3.068,1.992,-66.056,1.344,-3.404,2.043,-66.081,0.176,-0.335,0.051,0.382,0,weighted_average,kalman(weighted_average),true
1788766124.443,104.161,1.223,-3.076,2.006,-66.302,1.241,-3.125,2.012,-66.454,0.018,-0.048,0.005,0.052,0,weighted_average,kalman(weighted_average),false
1788766124.520,104.237,1.215,-3.097,2.017,-67.398,1.208,-3.065,2.011,-67.320,-0.008,0.032,-0.006,0.033,0,weighted_average,kalman(weighted_average),false
1788766124.670,104.388,1.204,-3.065,1.960,-69.263,1.196,-3.047,1.963,-69.206,-0.008,0.018,0.004,0.020,0,weighted_average,kalman(weighted_average),false
1788766124.732,104.449,1.197,-3.064,1.956,-70.200,1.197,-3.061,1.952,-70.125,0.000,0.003,-0.004,0.005,0,weighted_average,kalman(weighted_average),false
1788766124.785,104.502,1.196,-3.065,1.938,-70.985,1.196,-3.067,1.938,-70.925,0.000,-0.001,0.000,0.001,0,weighted_average,kalman(weighted_average),false
1788766124.835,104.552,1.193,-3.067,1.943,-71.840,1.194,-3.070,1.936,-71.749,0.001,-0.002,-0.007,0.008,0,weighted_average,kalman(weighted_average),false
1788766124.975,104.692,1.188,-3.074,1.951,-73.204,1.188,-3.075,1.947,-73.334,0.001,-0.001,-0.005,0.005,0,weighted_average,kalman(weighted_average),false
1788766125.036,104.753,1.186,-3.075,1.946,-73.483,1.186,-3.076,1.948,-73.669,-0.000,-0.001,0.002,0.002,0,weighted_average,kalman(weighted_average),false
1788766125.103,104.820,1.201,-3.065,1.941,-73.795,1.196,-3.068,1.945,-73.969,-0.005,-0.003,0.003,0.007,0,weighted_average,kalman(weighted_average),false
1788766125.168,104.885,1.206,-3.065,1.943,-73.843,1.204,-3.065,1.943,-74.061,-0.002,0.000,0.001,0.002,0,weighted_average,kalman(weighted_average),false
1788766125.300,105.017,1.205,-3.079,1.952,-74.199,1.207,-3.076,1.950,-74.291,0.002,0.003,-0.001,0.004,0,weighted_average,kalman(weighted_average),false
1788766125.361,105.078,1.199,-3.086,1.954,-74.349,1.201,-3.085,1.954,-74.371,0.002,0.001,0.000,0.003,0,weighted_average,kalman(weighted_average),false
1788766125.432,105.149,1.196,-3.094,1.954,-74.423,1.196,-3.093,1.955,-74.448,0.001,0.000,0.001,0.001,0,weighted_average,kalman(weighted_average),false
1788766125.486,105.204,1.197,-3.103,1.960,-74.429,1.196,-3.102,1.959,-74.469,-0.001,0.001,-0.001,0.002,0,weighted_average,kalman(weighted_average),false
1788766125.624,105.341,1.209,-3.116,1.967,-74.291,1.207,-3.116,1.967,-74.355,-0.002,-0.001,-0.000,0.002,0,weighted_average,kalman(weighted_average),false
1788766125.680,105.398,1.215,-3.127,1.954,-74.280,1.214,-3.125,1.958,-74.293,-0.001,0.001,0.005,0.005,0,weighted_average,kalman(weighted_average),false
1788766125.732,105.449,1.205,-3.140,1.961,-74.469,1.210,-3.137,1.959,-74.376,0.006,0.003,-0.002,0.007,0,weighted_average,kalman(weighted_average),false
1788766125.786,105.503,1.215,-3.133,1.957,-74.281,1.214,-3.138,1.957,-74.324,-0.001,-0.005,0.000,0.005,0,weighted_average,kalman(weighted_average),false
1788766125.923,105.640,1.216,-3.158,1.975,-74.365,1.216,-3.157,1.972,-74.347,0.000,0.001,-0.003,0.003,0,weighted_average,kalman(weighted_average),false
1788766125.993,105.710,1.212,-3.169,1.974,-74.476,1.213,-3.169,1.976,-74.439,0.001,0.001,0.002,0.002,0,weighted_average,kalman(weighted_average),false
1788766126.049,105.766,1.229,-3.170,1.977,-74.243,1.224,-3.172,1.978,-74.336,-0.005,-0.002,0.001,0.006,0,weighted_average,kalman(weighted_average),false
1788766126.102,105.819,1.231,-3.175,1.973,-74.250,1.230,-3.176,1.976,-74.281,-0.001,-0.001,0.003,0.003,0,weighted_average,kalman(weighted_average),false
1788766126.243,105.960,1.230,-3.200,1.978,-74.385,1.232,-3.199,1.978,-74.348,0.002,0.001,0.000,0.002,0,weighted_average,kalman(weighted_average),false
1788766126.293,106.010,1.243,-3.208,1.983,-74.251,1.239,-3.208,1.982,-74.296,-0.004,0.000,-0.001,0.004,0,weighted_average,kalman(weighted_average),false
1788766126.354,106.071,1.239,-3.207,1.970,-74.316,1.241,-3.211,1.974,-74.306,0.001,-0.004,0.005,0.006,0,weighted_average,kalman(weighted_average),false
1788766126.405,106.122,1.240,-3.223,1.992,-74.374,1.241,-3.221,1.985,-74.345,0.001,0.003,-0.007,0.008,0,weighted_average,kalman(weighted_average),false
1788766126.539,106.257,1.256,-3.238,1.987,-74.279,1.255,-3.238,1.988,-74.301,-0.002,-0.000,0.001,0.002,0,weighted_average,kalman(weighted_average),false
1788766126.604,106.321,1.257,-3.245,2.009,-74.335,1.258,-3.246,2.004,-74.317,0.001,-0.000,-0.005,0.005,0,weighted_average,kalman(weighted_average),false
1788766126.667,106.384,1.290,-3.249,2.021,-73.989,1.282,-3.250,2.018,-74.113,-0.008,-0.001,-0.003,0.009,0,weighted_average,kalman(weighted_average),false
1788766126.719,106.436,1.279,-3.270,2.030,-74.694,1.285,-3.264,2.029,-74.409,0.005,0.005,-0.001,0.008,0,weighted_average,kalman(weighted_average),false
1788766126.864,106.581,1.299,-3.263,2.011,-75.798,1.300,-3.266,2.016,-75.565,0.001,-0.003,0.005,0.006,0,weighted_average,kalman(weighted_average),false
1788766126.921,106.638,1.287,-3.271,2.022,-76.669,1.292,-3.269,2.018,-76.441,0.005,0.002,-0.004,0.007,0,weighted_average,kalman(weighted_average),false
1788766126.971,106.688,1.277,-3.280,2.031,-77.493,1.282,-3.276,2.025,-77.278,0.005,0.003,-0.006,0.008,0,weighted_average,kalman(weighted_average),false
1788766127.019,106.736,1.278,-3.282,2.026,-77.791,1.277,-3.281,2.027,-77.845,-0.000,0.001,0.000,0.001,0,weighted_average,kalman(weighted_average),false
1788766127.169,106.887,1.275,-3.273,1.994,-79.420,1.274,-3.275,1.998,-79.478,-0.001,-0.002,0.004,0.005,0,weighted_average,kalman(weighted_average),false
1788766127.227,106.944,1.263,-3.280,2.013,-79.926,1.266,-3.278,2.005,-79.984,0.003,0.003,-0.008,0.009,0,weighted_average,kalman(weighted_average),false
1788766127.295,107.013,1.253,-3.280,1.999,-80.707,1.255,-3.279,1.999,-80.696,0.002,0.001,0.000,0.003,0,weighted_average,kalman(weighted_average),false
1788766127.350,107.068,1.255,-3.272,1.992,-81.317,1.252,-3.274,1.993,-81.291,-0.002,-0.002,0.001,0.003,0,weighted_average,kalman(weighted_average),false
1788766127.499,107.216,1.238,-3.274,1.993,-83.067,1.238,-3.273,1.992,-83.026,0.000,0.001,-0.001,0.002,0,weighted_average,kalman(weighted_average),false
1788766127.553,107.270,1.223,-3.277,1.986,-83.574,1.226,-3.276,1.988,-83.605,0.003,0.001,0.002,0.003,0,weighted_average,kalman(weighted_average),false
1788766127.619,107.336,1.216,-3.281,1.990,-84.254,1.216,-3.280,1.989,-84.293,-0.000,0.001,-0.001,0.002,0,weighted_average,kalman(weighted_average),false
1788766127.680,107.397,1.194,-3.254,1.951,-85.036,1.198,-3.264,1.963,-85.002,0.004,-0.009,0.012,0.016,0,weighted_average,kalman(weighted_average),false
1788766127.827,107.544,1.214,-3.865,1.992,-87.987,1.198,-3.264,1.963,-87.748,-0.017,0.601,-0.028,0.602,12,weighted_average,kalman(weighted_average),true
1788766127.884,107.601,1.211,-3.878,1.918,-88.348,1.210,-3.846,1.920,-88.508,-0.001,0.032,0.002,0.032,12,weighted_average,kalman(weighted_average),false
1788766127.944,107.661,1.247,-3.804,2.042,-87.893,1.237,-3.880,2.001,-88.519,-0.010,-0.076,-0.042,0.087,12,weighted_average,kalman(weighted_average),false
1788766127.996,107.713,1.178,-3.846,2.081,-88.936,1.204,-3.898,2.062,-88.972,0.026,-0.052,-0.020,0.061,12,weighted_average,kalman(weighted_average),false
1788766128.135,107.852,1.171,-3.853,1.971,-89.309,1.172,-3.880,1.996,-89.500,0.002,-0.027,0.025,0.037,12,weighted_average,kalman(weighted_average),false
1788766128.186,107.903,1.127,-3.848,2.093,-89.658,1.137,-3.853,2.053,-89.678,0.010,-0.005,-0.040,0.042,12,weighted_average,kalman(weighted_average),false
1788766128.240,107.957,1.123,-3.861,2.056,-89.618,1.120,-3.851,2.058,-89.730,-0.003,0.010,0.002,0.011,12,weighted_average,kalman(weighted_average),false
1788766128.293,108.010,1.116,-3.854,1.879,-89.414,1.110,-3.848,1.948,-89.618,-0.006,0.006,0.069,0.069,12,weighted_average,kalman(weighted_average),false
1788766128.425,108.142,1.054,-3.858,2.021,-89.831,1.056,-3.853,1.994,-89.811,0.002,0.004,-0.027,0.027,12,weighted_average,kalman(weighted_average),false
1788766128.482,108.199,1.076,-3.843,2.001,-89.503,1.063,-3.847,2.007,-89.643,-0.013,-0.004,0.006,0.015,12,weighted_average,kalman(weighted_average),false
1788766128.532,108.250,1.065,-3.824,2.030,-89.439,1.062,-3.832,2.028,-89.519,-0.003,-0.008,-0.002,0.009,12,weighted_average,kalman(weighted_average),false
1788766128.583,108.300,1.036,-3.837,2.006,-89.690,1.044,-3.832,2.022,-89.586,0.008,0.005,0.016,0.019,12,weighted_average,kalman(weighted_average),false
1788766128.725,108.442,1.007,-3.822,1.963,-89.668,1.008,-3.822,1.973,-89.644,0.001,0.000,0.010,0.010,12,weighted_average,kalman(weighted_average),false
1788766128.780,108.497,0.946,-3.575,2.125,-88.105,0.960,-3.647,2.073,-88.666,0.014,-0.072,-0.052,0.090,13,weighted_average,kalman(weighted_average),false
1788766128.834,108.551,0.934,-3.565,2.120,-88.078,0.932,-3.564,2.116,-88.171,-0.001,0.001,-0.004,0.004,13,weighted_average,kalman(weighted_average),false
1788766128.902,108.619,0.923,-3.561,2.131,-88.141,0.914,-3.529,2.142,-87.948,-0.008,0.032,0.011,0.035,13,weighted_average,kalman(weighted_average),false
1788766129.042,108.759,0.894,-3.530,2.118,-88.069,0.891,-3.514,2.129,-87.896,-0.004,0.016,0.011,0.020,13,weighted_average,kalman(weighted_average),false
1788766129.102,108.819,0.879,-3.520,2.116,-88.109,0.880,-3.518,2.117,-88.021,0.001,0.002,0.001,0.002,13,weighted_average,kalman(weighted_average),false
1788766129.164,108.881,0.871,-3.517,2.109,-88.123,0.871,-3.518,2.108,-88.095,-0.001,-0.001,-0.001,0.002,13,weighted_average,kalman(weighted_average),false
1788766129.217,108.934,0.861,-3.499,2.106,-88.126,0.861,-3.506,2.103,-88.131,0.001,-0.007,-0.003,0.008,13,weighted_average,kalman(weighted_average),false
1788766129.366,109.083,0.846,-3.458,2.123,-87.987,0.845,-3.462,2.119,-88.033,-0.001,-0.004,-0.004,0.006,13,weighted_average,kalman(weighted_average),false
1788766129.435,109.152,0.827,-3.456,2.112,-88.076,0.830,-3.452,2.116,-88.048,0.003,0.004,0.004,0.007,13,weighted_average,kalman(weighted_average),false
1788766129.497,109.214,0.813,-3.444,2.112,-88.102,0.815,-3.442,2.114,-88.076,0.002,0.002,0.002,0.003,13,weighted_average,kalman(weighted_average),false
1788766129.551,109.268,0.801,-3.423,2.126,-88.155,0.802,-3.426,2.122,-88.122,0.001,-0.003,-0.004,0.006,13,weighted_average,kalman(weighted_average),false
1788766129.695,109.412,0.787,-3.395,2.113,-88.043,0.785,-3.395,2.115,-88.068,-0.002,0.000,0.002,0.003,13,weighted_average,kalman(weighted_average),false
1788766129.747,109.464,0.665,-3.474,2.092,-90.094,0.700,-3.446,2.098,-89.345,0.035,0.028,0.006,0.045,4,weighted_average,kalman(weighted_average),false
1788766129.799,109.516,0.652,-3.461,2.088,-90.160,0.654,-3.462,2.088,-90.007,0.003,-0.001,0.000,0.003,4,weighted_average,kalman(weighted_average),false
1788766129.853,109.570,0.648,-3.451,2.107,-90.128,0.633,-3.462,2.096,-90.324,-0.015,-0.010,-0.011,0.021,4,weighted_average,kalman(weighted_average),false
1788766129.996,109.713,0.735,-3.350,2.130,-88.132,0.712,-3.366,2.126,-88.799,-0.023,-0.016,-0.004,0.028,13,weighted_average,kalman(weighted_average),false
1788766130.075,109.792,0.725,-3.344,2.134,-88.113,0.735,-3.335,2.136,-88.078,0.010,0.009,0.003,0.014,13,weighted_average,kalman(weighted_average),false
1788766130.166,109.883,0.713,-3.331,2.132,-88.099,0.726,-3.322,2.136,-87.845,0.013,0.009,0.004,0.017,13,weighted_average,kalman(weighted_average),false
1788766130.362,110.079,0.694,-3.309,2.134,-88.145,0.696,-3.308,2.134,-88.023,0.002,0.002,0.001,0.003,13,weighted_average,kalman(weighted_average),false
1788766130.443,110.160,0.686,-3.299,2.137,-88.126,0.685,-3.301,2.136,-88.145,-0.002,-0.002,-0.001,0.003,13,weighted_average,kalman(weighted_average),false
1788766130.541,110.258,0.681,-3.294,2.129,-88.094,0.679,-3.294,2.130,-88.151,-0.002,-0.000,0.001,0.003,13,weighted_average,kalman(weighted_average),false
1788766130.737,110.454,0.672,-3.276,2.137,-88.106,0.671,-3.276,2.136,-88.121,-0.000,-0.000,-0.001,0.001,13,weighted_average,kalman(weighted_average),false
1788766130.805,110.522,0.662,-3.279,2.137,-88.215,0.664,-3.277,2.138,-88.181,0.002,0.002,0.001,0.003,13,weighted_average,kalman(weighted_average),false
1788766130.865,110.582,0.667,-3.268,2.138,-88.099,0.665,-3.270,2.138,-88.135,-0.002,-0.002,0.001,0.003,13,weighted_average,kalman(weighted_average),false
1788766130.926,110.643,0.669,-3.267,2.141,-88.057,0.667,-3.266,2.140,-88.084,-0.002,0.000,-0.000,0.002,13,weighted_average,kalman(weighted_average),false
1788766131.145,110.862,0.675,-3.263,2.138,-88.133,0.675,-3.263,2.139,-88.119,-0.000,0.001,0.000,0.001,13,weighted_average,kalman(weighted_average),false
1788766131.230,110.947,0.678,-3.265,2.139,-88.164,0.678,-3.264,2.139,-88.160,0.000,0.000,-0.000,0.001,13,weighted_average,kalman(weighted_average),false
1788766131.305,111.022,0.679,-3.267,2.137,-88.186,0.680,-3.266,2.138,-88.188,0.001,0.000,0.000,0.001,13,weighted_average,kalman(weighted_average),false
1788766131.496,111.213,0.683,-3.271,2.136,-88.179,0.684,-3.271,2.135,-88.187,0.000,0.000,-0.000,0.000,13,weighted_average,kalman(weighted_average),false
1788766131.594,111.311,0.684,-3.272,2.139,-88.161,0.684,-3.272,2.138,-88.165,0.000,-0.000,-0.001,0.001,13,weighted_average,kalman(weighted_average),false
1788766131.666,111.383,0.685,-3.270,2.140,-88.168,0.685,-3.271,2.140,-88.163,0.000,-0.001,-0.000,0.001,13,weighted_average,kalman(weighted_average),false
1788766131.832,111.549,0.684,-3.273,2.138,-88.146,0.684,-3.273,2.138,-88.146,0.000,0.000,0.000,0.001,13,weighted_average,kalman(weighted_average),false
1788766131.914,111.631,0.684,-3.272,2.139,-88.118,0.684,-3.272,2.139,-88.123,-0.000,-0.000,-0.000,0.001,13,weighted_average,kalman(weighted_average),false
1788766131.999,111.716,0.686,-3.271,2.139,-88.069,0.685,-3.271,2.139,-88.080,-0.000,-0.000,-0.000,0.001,13,weighted_average,kalman(weighted_average),false
1788766132.202,111.919,0.679,-3.270,2.143,-88.112,0.680,-3.270,2.143,-88.102,0.000,0.000,-0.000,0.000,13,weighted_average,kalman(weighted_average),false
1788766132.302,112.019,0.678,-3.272,2.140,-88.109,0.677,-3.271,2.141,-88.112,-0.000,0.000,0.001,0.001,13,weighted_average,kalman(weighted_average),false
1788766132.385,112.102,0.677,-3.271,2.138,-88.072,0.677,-3.271,2.139,-88.087,-0.001,-0.000,0.000,0.001,13,weighted_average,kalman(weighted_average),false
1788766132.567,112.284,0.674,-3.270,2.134,-88.117,0.674,-3.270,2.134,-88.112,0.000,-0.000,0.000,0.000,13,weighted_average,kalman(weighted_average),false
1788766132.634,112.351,0.674,-3.270,2.135,-88.109,0.674,-3.270,2.134,-88.113,-0.000,-0.000,-0.001,0.001,13,weighted_average,kalman(weighted_average),false
1788766132.713,112.430,0.679,-3.265,2.135,-88.039,0.678,-3.266,2.135,-88.065,-0.002,-0.001,-0.000,0.002,13,weighted_average,kalman(weighted_average),false
1788766132.915,112.632,0.680,-3.262,2.128,-88.047,0.680,-3.262,2.129,-88.044,0.000,0.000,0.000,0.000,13,weighted_average,kalman(weighted_average),false
1788766133.009,112.726,0.674,-3.267,2.125,-88.127,0.675,-3.266,2.125,-88.107,0.001,0.001,-0.000,0.002,13,weighted_average,kalman(weighted_average),false
1788766133.105,112.822,0.674,-3.269,2.124,-88.095,0.673,-3.269,2.124,-88.108,-0.001,-0.000,-0.001,0.001,13,weighted_average,kalman(weighted_average),false
1788766133.323,113.041,0.679,-3.262,2.123,-88.058,0.678,-3.263,2.123,-88.065,-0.000,-0.001,-0.000,0.001,13,weighted_average,kalman(weighted_average),false
1788766133.403,113.120,0.677,-3.265,2.123,-88.072,0.678,-3.264,2.123,-88.064,0.001,0.001,-0.000,0.002,13,weighted_average,kalman(weighted_average),false
1788766133.472,113.190,0.674,-3.270,2.125,-88.082,0.675,-3.269,2.124,-88.073,0.001,0.002,-0.000,0.002,13,weighted_average,kalman(weighted_average),false
1788766133.667,113.384,0.676,-3.272,2.121,-88.026,0.676,-3.273,2.122,-88.030,-0.000,-0.000,0.000,0.000,13,weighted_average,kalman(weighted_average),false
1788766133.750,113.467,0.673,-3.273,2.124,-88.059,0.674,-3.273,2.123,-88.046,0.001,-0.000,-0.001,0.001,13,weighted_average,kalman(weighted_average),false
1788766133.840,113.557,0.671,-3.274,2.127,-88.070,0.671,-3.274,2.126,-88.064,0.000,0.000,-0.000,0.001,13,weighted_average,kalman(weighted_average),false
1788766134.049,113.766,0.669,-3.273,2.135,-88.102,0.669,-3.273,2.135,-88.100,-0.000,-0.000,-0.000,0.000,13,weighted_average,kalman(weighted_average),false
1788766134.147,113.864,0.667,-3.275,2.135,-88.118,0.667,-3.274,2.136,-88.118,0.000,0.000,0.001,0.001,13,weighted_average,kalman(weighted_average),false
1788766134.227,113.944,0.667,-3.273,2.131,-88.143,0.667,-3.273,2.132,-88.140,-0.000,-0.000,0.001,0.002,13,weighted_average,kalman(weighted_average),false
1788766134.367,114.084,0.669,-3.272,2.136,-88.109,0.669,-3.272,2.136,-88.120,-0.000,-0.000,-0.001,0.001,13,weighted_average,kalman(weighted_average),false
1788766134.431,114.149,0.669,-3.272,2.136,-88.109,0.669,-3.272,2.137,-88.110,0.000,0.000,0.000,0.000,13,weighted_average,kalman(weighted_average),false
1788766134.503,114.220,0.668,-3.273,2.140,-88.118,0.669,-3.272,2.139,-88.112,0.001,0.000,-0.001,0.001,13,weighted_average,kalman(weighted_average),false
1788766134.574,114.291,0.670,-3.275,2.132,-88.084,0.670,-3.274,2.135,-88.093,-0.000,0.001,0.003,0.003,13,weighted_average,kalman(weighted_average),false
1788766134.767,114.484,0.668,-3.277,2.138,-88.109,0.668,-3.277,2.137,-88.104,0.000,0.000,-0.000,0.000,13,weighted_average,kalman(weighted_average),false
1788766134.857,114.574,0.670,-3.277,2.137,-88.074,0.670,-3.277,2.138,-88.083,-0.001,-0.000,0.000,0.001,13,weighted_average,kalman(weighted_average),false
1788766134.943,114.660,0.670,-3.277,2.137,-88.072,0.670,-3.277,2.137,-88.073,0.000,-0.000,0.000,0.000,13,weighted_average,kalman(weighted_average),false
1788766135.132,114.849,0.668,-3.276,2.133,-88.092,0.668,-3.276,2.134,-88.088,0.000,-0.000,0.000,0.000,13,weighted_average,kalman(weighted_average),false
1788766135.209,114.926,0.669,-3.275,2.131,-88.081,0.668,-3.275,2.131,-88.085,-0.000,-0.000,0.000,0.000,13,weighted_average,kalman(weighted_average),false
1788766135.275,114.992,0.669,-3.275,2.134,-88.072,0.668,-3.275,2.132,-88.078,-0.000,0.000,-0.001,0.001,13,weighted_average,kalman(weighted_average),false
1788766135.445,115.162,0.667,-3.276,2.138,-88.077,0.667,-3.276,2.138,-88.076,0.000,0.000,-0.000,0.001,13,weighted_average,kalman(weighted_average),false
1788766135.517,115.234,0.667,-3.276,2.138,-88.077,0.667,-3.276,2.139,-88.076,-0.000,-0.000,0.001,0.001,13,weighted_average,kalman(weighted_average),false
1788766135.605,115.322,0.669,-3.273,2.134,-88.060,0.668,-3.274,2.135,-88.065,-0.000,-0.001,0.002,0.002,13,weighted_average,kalman(weighted_average),false
1788766135.815,115.532,0.672,-3.279,2.138,-87.919,0.671,-3.278,2.138,-87.931,-0.000,0.000,-0.000,0.001,13,weighted_average,kalman(weighted_average),false
1788766135.912,115.629,0.664,-3.280,2.146,-88.037,0.666,-3.280,2.145,-87.997,0.001,-0.000,-0.001,0.002,13,weighted_average,kalman(weighted_average),false
1788766136.002,115.719,0.664,-3.279,2.141,-88.050,0.664,-3.280,2.142,-88.040,-0.000,-0.001,0.002,0.002,13,weighted_average,kalman(weighted_average),false
1788766136.167,115.884,0.665,-3.276,2.145,-88.034,0.665,-3.276,2.145,-88.042,-0.000,-0.000,-0.000,0.001,13,weighted_average,kalman(weighted_average),false
1788766136.236,115.953,0.666,-3.277,2.148,-88.012,0.666,-3.277,2.147,-88.021,0.000,0.001,-0.001,0.001,13,weighted_average,kalman(weighted_average),false
1788766136.310,116.027,0.664,-3.278,2.150,-88.036,0.665,-3.278,2.150,-88.028,0.001,0.001,-0.000,0.001,13,weighted_average,kalman(weighted_average),false
1788766136.505,116.222,0.664,-3.282,2.145,-88.032,0.664,-3.282,2.146,-88.031,-0.000,0.000,0.001,0.001,13,weighted_average,kalman(weighted_average),false
1788766136.582,116.299,0.664,-3.282,2.145,-88.032,0.664,-3.283,2.145,-88.033,-0.000,-0.000,-0.001,0.001,13,weighted_average,kalman(weighted_average),false
1788766136.662,116.379,0.664,-3.283,2.150,-88.033,0.664,-3.283,2.149,-88.034,0.000,-0.000,-0.002,0.002,13,weighted_average,kalman(weighted_average),false
1788766136.829,116.546,0.667,-3.281,2.145,-88.013,0.667,-3.281,2.145,-88.016,-0.000,-0.000,0.001,0.001,13,weighted_average,kalman(weighted_average),false
1788766136.892,116.609,0.665,-3.281,2.155,-88.043,0.666,-3.281,2.152,-88.032,0.001,0.000,-0.003,0.003,13,weighted_average,kalman(weighted_average),false
1788766136.951,116.669,0.665,-3.281,2.155,-88.043,0.665,-3.281,2.155,-88.040,0.000,0.000,-0.000,0.000,13,weighted_average,kalman(weighted_average),false
1788766136.999,116.716,0.668,-3.282,2.151,-87.984,0.667,-3.281,2.153,-88.011,-0.001,0.000,0.002,0.003,13,weighted_average,kalman(weighted_average),false
1788766137.165,116.883,0.668,-3.282,2.150,-87.988,0.668,-3.282,2.150,-87.988,0.000,0.000,0.000,0.001,13,weighted_average,kalman(weighted_average),false
1788766137.247,116.964,0.589,-3.345,2.203,-88.928,0.605,-3.332,2.191,-88.673,0.017,0.013,-0.011,0.024,13,weighted_average,kalman(weighted_average),false
1788766137.319,117.036,0.576,-3.365,2.179,-89.067,0.574,-3.365,2.189,-89.047,-0.002,0.001,0.009,0.010,13,weighted_average,kalman(weighted_average),false
1788766137.505,117.222,0.564,-3.378,2.179,-89.217,0.560,-3.382,2.181,-89.296,-0.005,-0.004,0.002,0.006,13,weighted_average,kalman(weighted_average),false
1788766137.582,117.299,0.558,-3.377,2.196,-89.320,0.559,-3.378,2.191,-89.328,0.002,-0.000,-0.005,0.005,13,weighted_average,kalman(weighted_average),false
1788766137.662,117.379,0.551,-3.381,2.195,-89.427,0.553,-3.379,2.196,-89.411,0.002,0.001,0.000,0.003,13,weighted_average,kalman(weighted_average),false
1788766137.836,117.553,0.545,-3.386,2.197,-89.468,0.545,-3.386,2.197,-89.478,0.000,0.001,0.001,0.001,13,weighted_average,kalman(weighted_average),false
1788766137.906,117.623,0.547,-3.392,2.185,-89.398,0.545,-3.392,2.188,-89.429,-0.001,0.001,0.003,0.003,13,weighted_average,kalman(weighted_average),false
1788766137.978,117.695,0.555,-3.383,2.191,-89.303,0.552,-3.387,2.188,-89.341,-0.003,-0.004,-0.002,0.005,13,weighted_average,kalman(weighted_average),false
1788766138.172,117.889,0.570,-3.373,2.213,-89.026,0.569,-3.374,2.212,-89.044,-0.000,-0.001,-0.002,0.002,13,weighted_average,kalman(weighted_average),false
1788766138.252,117.969,0.569,-3.373,2.207,-89.018,0.571,-3.372,2.211,-88.989,0.002,0.001,0.004,0.005,13,weighted_average,kalman(weighted_average),false
1788766138.319,118.036,0.576,-3.364,2.213,-88.908,0.575,-3.365,2.214,-88.909,-0.001,-0.001,0.000,0.001,13,weighted_average,kalman(weighted_average),false
1788766138.533,118.250,0.664,-3.280,2.172,-87.927,0.660,-3.283,2.175,-87.995,-0.004,-0.003,0.002,0.006,13,weighted_average,kalman(weighted_average),false
1788766138.613,118.330,0.657,-3.280,2.176,-88.019,0.667,-3.271,2.171,-87.899,0.010,0.009,-0.005,0.014,13,weighted_average,kalman(weighted_average),false
1788766138.683,118.400,0.659,-3.277,2.170,-87.962,0.666,-3.270,2.168,-87.869,0.007,0.007,-0.002,0.010,13,weighted_average,kalman(weighted_average),false
1788766138.843,118.560,0.661,-3.274,2.162,-87.928,0.663,-3.272,2.162,-87.880,0.002,0.002,-0.001,0.002,13,weighted_average,kalman(weighted_average),false
1788766138.941,118.659,0.658,-3.275,2.169,-87.975,0.658,-3.275,2.168,-87.957,0.000,-0.000,-0.002,0.002,13,weighted_average,kalman(weighted_average),false
1788766139.029,118.746,0.659,-3.274,2.164,-87.958,0.658,-3.275,2.165,-87.971,-0.001,-0.001,0.002,0.002,13,weighted_average,kalman(weighted_average),false
1788766139.229,118.947,0.658,-3.281,2.158,-87.950,0.658,-3.281,2.158,-87.958,-0.000,0.000,0.000,0.000,13,weighted_average,kalman(weighted_average),false
1788766139.324,119.041,0.655,-3.286,2.158,-88.004,0.656,-3.285,2.157,-87.990,0.001,0.000,-0.001,0.001,13,weighted_average,kalman(weighted_average),false
1788766139.407,119.124,0.661,-3.283,2.149,-87.956,0.659,-3.284,2.151,-87.970,-0.001,-0.001,0.001,0.002,13,weighted_average,kalman(weighted_average),false
1788766139.594,119.311,0.665,-3.288,2.151,-87.887,0.665,-3.288,2.150,-87.894,-0.000,0.000,-0.001,0.001,13,weighted_average,kalman(weighted_average),false
1788766139.667,119.384,0.659,-3.292,2.152,-88.008,0.661,-3.291,2.152,-87.966,0.002,0.001,-0.000,0.002,13,weighted_average,kalman(weighted_average),false
1788766139.733,119.450,0.662,-3.292,2.150,-87.954,0.661,-3.293,2.151,-87.965,-0.001,-0.001,0.001,0.001,13,weighted_average,kalman(weighted_average),false
1788766139.936,119.653,0.664,-3.293,2.149,-87.940,0.664,-3.293,2.149,-87.945,-0.000,-0.000,0.000,0.000,13,weighted_average,kalman(weighted_average),false
1788766140.040,119.757,0.661,-3.298,2.147,-87.972,0.662,-3.297,2.147,-87.963,0.001,0.001,0.000,0.001,13,weighted_average,kalman(weighted_average),false
1788766140.131,119.849,0.663,-3.297,2.149,-87.925,0.662,-3.298,2.148,-87.937,-0.000,-0.000,-0.001,0.001,13,weighted_average,kalman(weighted_average),false
1788766140.333,120.050,0.661,-3.300,2.154,-87.901,0.661,-3.300,2.154,-87.902,0.000,-0.000,-0.000,0.000,13,weighted_average,kalman(weighted_average),false
1788766140.410,120.128,0.661,-3.297,2.155,-87.920,0.661,-3.298,2.156,-87.911,-0.000,-0.001,0.000,0.001,13,weighted_average,kalman(weighted_average),false
1788766140.474,120.191,0.661,-3.300,2.155,-87.874,0.661,-3.299,2.156,-87.887,-0.000,0.001,0.001,0.001,13,weighted_average,kalman(weighted_average),false
1788766140.644,120.361,0.661,-3.295,2.160,-87.896,0.661,-3.295,2.160,-87.891,-0.000,-0.000,-0.000,0.000,13,weighted_average,kalman(weighted_average),false
1788766140.739,120.456,0.660,-3.297,2.162,-87.897,0.660,-3.296,2.162,-87.896,0.000,0.001,0.000,0.001,13,weighted_average,kalman(weighted_average),false
1788766140.821,120.538,0.661,-3.295,2.161,-87.886,0.661,-3.295,2.162,-87.890,-0.000,-0.000,0.001,0.001,13,weighted_average,kalman(weighted_average),false
1788766141.006,120.723,0.662,-3.296,2.168,-87.870,0.662,-3.295,2.168,-87.871,0.000,0.000,-0.000,0.000,13,weighted_average,kalman(weighted_average),false
1788766141.087,120.804,0.659,-3.290,2.174,-87.965,0.660,-3.291,2.173,-87.938,0.001,-0.001,-0.000,0.001,13,weighted_average,kalman(weighted_average),false
1788766141.162,120.880,0.659,-3.293,2.174,-87.955,0.659,-3.292,2.175,-87.959,-0.000,0.001,0.001,0.001,13,weighted_average,kalman(weighted_average),false
1788766141.357,121.074,0.662,-3.291,2.170,-87.924,0.662,-3.291,2.171,-87.934,-0.000,0.000,0.001,0.001,13,weighted_average,kalman(weighted_average),false
1788766141.425,121.142,0.664,-3.290,2.175,-87.925,0.664,-3.290,2.173,-87.923,0.000,-0.000,-0.002,0.002,13,weighted_average,kalman(weighted_average),false
1788766141.490,121.208,0.668,-3.286,2.172,-87.883,0.667,-3.287,2.172,-87.892,-0.001,-0.001,0.000,0.001,13,weighted_average,kalman(weighted_average),false
1788766141.669,121.387,0.668,-3.290,2.171,-87.899,0.668,-3.289,2.171,-87.891,0.000,0.001,-0.000,0.001,13,weighted_average,kalman(weighted_average),false
1788766141.757,121.474,0.670,-3.289,2.173,-87.859,0.669,-3.289,2.172,-87.868,-0.000,-0.000,-0.000,0.001,13,weighted_average,kalman(weighted_average),false
1788766141.842,121.559,0.671,-3.286,2.173,-87.864,0.671,-3.287,2.173,-87.862,-0.000,-0.001,0.000,0.001,13,weighted_average,kalman(weighted_average),false
1788766142.075,121.792,0.672,-3.283,2.170,-87.860,0.672,-3.283,2.170,-87.859,0.000,0.000,0.000,0.000,13,weighted_average,kalman(weighted_average),false
1788766142.187,121.905,0.672,-3.286,2.168,-87.813,0.672,-3.286,2.168,-87.822,-0.000,0.001,-0.000,0.001,13,weighted_average,kalman(weighted_average),false
1788766142.396,122.113,0.669,-3.286,2.170,-87.873,0.670,-3.286,2.170,-87.865,0.000,-0.000,-0.000,0.000,13,weighted_average,kalman(weighted_average),false
1788766142.463,122.180,0.669,-3.288,2.170,-87.869,0.669,-3.287,2.170,-87.873,-0.000,0.001,0.000,0.001,13,weighted_average,kalman(weighted_average),false
1788766142.546,122.263,0.672,-3.285,2.174,-87.829,0.671,-3.286,2.173,-87.847,-0.001,-0.001,-0.001,0.001,13,weighted_average,kalman(weighted_average),false
1788766142.759,122.476,0.674,-3.290,2.172,-87.764,0.674,-3.290,2.173,-87.770,-0.000,0.000,0.000,0.000,13,weighted_average,kalman(weighted_average),false
1788766142.852,122.569,0.666,-3.295,2.180,-87.878,0.668,-3.295,2.179,-87.844,0.002,0.000,-0.002,0.002,13,weighted_average,kalman(weighted_average),false
1788766142.939,122.656,0.666,-3.295,2.180,-87.880,0.665,-3.296,2.181,-87.878,-0.001,-0.001,0.001,0.001,13,weighted_average,kalman(weighted_average),false
1788766143.138,122.855,0.667,-3.301,2.181,-87.848,0.666,-3.301,2.181,-87.857,-0.000,0.000,0.000,0.000,13,weighted_average,kalman(weighted_average),false
1788766143.223,122.940,0.668,-3.303,2.183,-87.819,0.668,-3.303,2.182,-87.824,-0.000,-0.000,-0.000,0.000,13,weighted_average,kalman(weighted_average),false
1788766143.288,123.005,0.669,-3.301,2.185,-87.816,0.669,-3.302,2.184,-87.812,0.000,-0.001,-0.001,0.001,13,weighted_average,kalman(weighted_average),false
1788766143.466,123.183,0.671,-3.304,2.191,-87.790,0.671,-3.304,2.191,-87.787,0.000,0.000,-0.000,0.000,13,weighted_average,kalman(weighted_average),false
1788766143.550,123.268,0.671,-3.306,2.188,-87.806,0.671,-3.306,2.190,-87.798,0.000,0.000,0.001,0.001,13,weighted_average,kalman(weighted_average),false
1788766143.622,123.340,0.673,-3.309,2.187,-87.773,0.673,-3.308,2.188,-87.782,-0.000,0.001,0.001,0.001,13,weighted_average,kalman(weighted_average),false
1788766143.827,123.544,0.671,-3.312,2.185,-87.846,0.671,-3.312,2.185,-87.838,0.000,-0.000,-0.000,0.000,13,weighted_average,kalman(weighted_average),false
1788766143.903,123.620,0.667,-3.320,2.185,-87.873,0.668,-3.319,2.185,-87.871,0.001,0.001,0.000,0.002,13,weighted_average,kalman(weighted_average),false
1788766143.979,123.696,0.675,-3.313,2.193,-87.763,0.673,-3.316,2.190,-87.807,-0.003,-0.002,-0.002,0.004,13,weighted_average,kalman(weighted_average),false
1788766144.163,123.880,0.668,-3.321,2.195,-87.862,0.668,-3.321,2.196,-87.851,0.001,0.000,0.000,0.001,13,weighted_average,kalman(weighted_average),false
1788766144.236,123.953,0.676,-3.313,2.197,-87.752,0.674,-3.315,2.197,-87.787,-0.003,-0.002,-0.000,0.004,13,weighted_average,kalman(weighted_average),false
1788766144.324,124.041,0.679,-3.314,2.197,-87.703,0.678,-3.314,2.197,-87.719,-0.000,0.000,0.001,0.001,13,weighted_average,kalman(weighted_average),false
1788766144.534,124.251,0.676,-3.320,2.198,-87.770,0.676,-3.320,2.198,-87.755,0.001,0.000,0.000,0.001,13,weighted_average,kalman(weighted_average),false
1788766144.621,124.339,0.677,-3.318,2.198,-87.779,0.676,-3.319,2.198,-87.780,-0.001,-0.001,0.000,0.001,13,weighted_average,kalman(weighted_average),false
1788766144.702,124.420,0.680,-3.321,2.199,-87.738,0.679,-3.321,2.198,-87.758,-0.001,0.000,-0.000,0.001,13,weighted_average,kalman(weighted_average),false
1788766144.919,124.636,0.679,-3.326,2.197,-87.739,0.679,-3.325,2.197,-87.740,0.000,0.000,0.000,0.000,13,weighted_average,kalman(weighted_average),false
1788766144.987,124.704,0.675,-3.324,2.201,-87.814,0.676,-3.325,2.200,-87.790,0.001,-0.001,-0.001,0.002,13,weighted_average,kalman(weighted_average),false
1788766145.064,124.781,0.673,-3.328,2.196,-87.815,0.674,-3.328,2.197,-87.815,0.000,0.001,0.001,0.001,13,weighted_average,kalman(weighted_average),false
1788766145.248,124.965,0.683,-3.316,2.202,-87.690,0.682,-3.317,2.202,-87.709,-0.001,-0.001,-0.000,0.001,13,weighted_average,kalman(weighted_average),false
1788766145.355,125.072,0.686,-3.314,2.198,-87.631,0.687,-3.313,2.199,-87.632,0.000,0.001,0.001,0.001,13,weighted_average,kalman(weighted_average),false
1788766145.441,125.158,0.682,-3.313,2.200,-87.709,0.684,-3.312,2.199,-87.671,0.002,0.001,-0.000,0.002,13,weighted_average,kalman(weighted_average),false
1788766145.629,125.347,0.685,-3.311,2.201,-87.652,0.685,-3.311,2.200,-87.654,-0.000,0.000,-0.000,0.000,13,weighted_average,kalman(weighted_average),false
1788766145.714,125.431,0.681,-3.313,2.208,-87.690,0.682,-3.313,2.207,-87.679,0.001,0.001,-0.001,0.002,13,weighted_average,kalman(weighted_average),false
1788766145.798,125.515,0.684,-3.310,2.210,-87.638,0.683,-3.311,2.211,-87.653,-0.001,-0.001,0.000,0.001,13,weighted_average,kalman(weighted_average),false
1788766145.959,125.676,0.670,-3.329,2.206,-87.727,0.671,-3.327,2.207,-87.714,0.001,0.002,0.001,0.002,13,weighted_average,kalman(weighted_average),false
1788766146.025,125.742,0.669,-3.336,2.204,-87.652,0.668,-3.336,2.204,-87.679,-0.001,0.000,0.000,0.001,13,weighted_average,kalman(weighted_average),false
1788766146.073,125.790,0.662,-3.342,2.206,-87.695,0.663,-3.342,2.205,-87.688,0.001,0.000,-0.002,0.002,13,weighted_average,kalman(weighted_average),false
1788766146.127,125.844,0.655,-3.354,2.204,-87.683,0.657,-3.352,2.204,-87.686,0.001,0.002,0.000,0.002,13,weighted_average,kalman(weighted_average),false
1788766146.268,125.986,0.633,-3.385,2.207,-87.730,0.635,-3.384,2.206,-87.722,0.001,0.001,-0.001,0.002,13,weighted_average,kalman(weighted_average),false
1788766146.328,126.045,0.626,-3.397,2.203,-87.716,0.626,-3.397,2.204,-87.723,-0.000,-0.000,0.001,0.001,13,weighted_average,kalman(weighted_average),false
1788766146.386,126.103,0.617,-3.404,2.209,-87.792,0.617,-3.406,2.207,-87.768,-0.000,-0.002,-0.002,0.003,13,weighted_average,kalman(weighted_average),false
1788766146.437,126.154,0.605,-3.426,2.202,-87.779,0.607,-3.422,2.204,-87.783,0.002,0.004,0.003,0.005,13,weighted_average,kalman(weighted_average),false
1788766146.587,126.305,0.586,-3.455,2.215,-87.739,0.585,-3.455,2.214,-87.757,-0.001,-0.000,-0.001,0.002,13,weighted_average,kalman(weighted_average),false
1788766146.648,126.365,0.570,-3.477,2.216,-87.759,0.572,-3.474,2.217,-87.754,0.002,0.002,0.001,0.003,13,weighted_average,kalman(weighted_average),false
1788766146.708,126.425,0.557,-3.495,2.217,-87.780,0.558,-3.493,2.218,-87.767,0.001,0.001,0.001,0.002,13,weighted_average,kalman(weighted_average),false
1788766146.761,126.478,0.542,-3.511,2.217,-87.818,0.544,-3.510,2.218,-87.797,0.002,0.001,0.001,0.002,13,weighted_average,kalman(weighted_average),false
1788766146.902,126.620,0.514,-3.558,2.212,-87.751,0.513,-3.557,2.213,-87.766,-0.000,0.001,0.001,0.001,13,weighted_average,kalman(weighted_average),false
1788766146.963,126.680,0.495,-3.580,2.209,-87.797,0.497,-3.579,2.209,-87.783,0.001,0.001,0.001,0.002,13,weighted_average,kalman(weighted_average),false
1788766147.019,126.736,0.488,-3.594,2.205,-87.768,0.486,-3.596,2.205,-87.774,-0.002,-0.002,0.000,0.002,13,weighted_average,kalman(weighted_average),false
1788766147.076,126.793,0.467,-3.614,2.201,-87.869,0.469,-3.614,2.201,-87.827,0.002,0.000,0.000,0.002,13,weighted_average,kalman(weighted_average),false
1788766147.225,126.942,0.473,-3.651,2.201,-87.279,0.468,-3.652,2.200,-87.387,-0.004,-0.001,-0.001,0.005,13,weighted_average,kalman(weighted_average),false
1788766147.284,127.001,0.321,-3.740,2.162,-89.639,0.362,-3.720,2.173,-88.812,0.042,0.021,0.011,0.048,4,weighted_average,kalman(weighted_average),false
1788766147.334,127.051,0.308,-3.756,2.158,-89.627,0.311,-3.756,2.159,-89.460,0.003,0.000,0.001,0.003,4,weighted_average,kalman(weighted_average),false
1788766147.390,127.107,0.302,-3.771,2.164,-89.574,0.286,-3.780,2.157,-89.767,-0.016,-0.009,-0.007,0.020,4,weighted_average,kalman(weighted_average),false
1788766147.522,127.240,0.248,-3.821,2.147,-89.851,0.240,-3.826,2.145,-90.069,-0.008,-0.005,-0.001,0.009,4,weighted_average,kalman(weighted_average),false
1788766147.573,127.291,0.249,-3.824,2.148,-89.727,0.241,-3.830,2.146,-89.911,-0.008,-0.006,-0.002,0.010,4,weighted_average,kalman(weighted_average),false
1788766147.628,127.345,0.239,-3.836,2.158,-89.705,0.236,-3.838,2.153,-89.807,-0.002,-0.002,-0.005,0.006,4,weighted_average,kalman(weighted_average),false
1788766147.687,127.404,0.228,-3.855,2.142,-89.717,0.228,-3.852,2.147,-89.746,0.000,0.002,0.004,0.005,4,weighted_average,kalman(weighted_average),false
1788766147.823,127.540,0.193,-3.893,2.145,-89.770,0.196,-3.891,2.145,-89.747,0.002,0.001,-0.000,0.003,4,weighted_average,kalman(weighted_average),false
1788766147.876,127.593,0.187,-3.907,2.154,-89.744,0.185,-3.907,2.151,-89.745,-0.001,-0.000,-0.003,0.003,4,weighted_average,kalman(weighted_average),false
1788766147.930,127.647,0.180,-3.922,2.149,-89.698,0.178,-3.922,2.150,-89.717,-0.002,-0.000,0.002,0.003,4,weighted_average,kalman(weighted_average),false
1788766147.982,127.700,0.181,-3.925,2.139,-89.652,0.176,-3.930,2.144,-89.675,-0.005,-0.004,0.005,0.008,4,weighted_average,kalman(weighted_average),false
1788766148.116,127.833,0.285,-4.118,2.050,-89.636,0.268,-4.096,2.062,-89.632,-0.017,0.022,0.012,0.030,12,weighted_average,kalman(weighted_average),false
1788766148.195,127.912,0.156,-3.968,2.127,-89.584,0.194,-4.020,2.101,-89.591,0.038,-0.052,-0.026,0.070,4,weighted_average,kalman(weighted_average),false
1788766148.278,127.996,0.140,-3.989,2.119,-89.632,0.145,-3.993,2.117,-89.608,0.006,-0.004,-0.002,0.007,4,weighted_average,kalman(weighted_average),false
1788766148.430,128.147,0.108,-4.037,2.132,-89.664,0.105,-4.029,2.133,-89.654,-0.004,0.008,0.001,0.009,4,weighted_average,kalman(weighted_average),false
1788766148.508,128.225,0.243,-4.230,1.934,-89.524,0.208,-4.191,1.980,-89.567,-0.034,0.039,0.045,0.069,12,weighted_average,kalman(weighted_average),false
1788766148.565,128.282,-2.542,-4.279,1.061,-116.470,0.208,-4.191,1.980,-106.286,2.750,0.088,0.918,2.901,12,weighted_average,kalman(weighted_average),true
1788766148.631,128.348,0.104,-4.239,2.262,-90.831,0.119,-4.232,2.222,-99.774,0.015,0.007,-0.040,0.044,12,weighted_average,kalman(weighted_average),false
1788766148.781,128.499,0.126,-4.291,2.017,-90.390,0.116,-4.289,2.061,-92.444,-0.010,0.002,0.044,0.046,12,weighted_average,kalman(weighted_average),false
1788766148.832,128.549,0.240,-4.304,1.692,-89.185,0.203,-4.306,1.782,-89.465,-0.037,-0.002,0.090,0.097,12,weighted_average,kalman(weighted_average),false
1788766148.881,128.598,0.352,-4.267,1.865,-88.060,0.312,-4.288,1.775,-87.564,-0.040,-0.021,-0.090,0.101,12,weighted_average,kalman(weighted_average),false
1788766148.938,128.655,0.072,-4.147,2.105,-89.577,0.312,-4.288,1.775,-87.520,0.240,-0.140,-0.330,0.432,4,weighted_average,kalman(weighted_average),true
1788766149.075,128.792,0.060,-4.168,2.104,-89.459,0.079,-4.176,2.080,-88.256,0.019,-0.009,-0.024,0.032,4,weighted_average,kalman(weighted_average),false
1788766149.130,128.847,-2.501,-4.392,1.057,-114.896,0.079,-4.176,2.080,-105.326,2.580,0.216,1.022,2.783,12,weighted_average,kalman(weighted_average),true
1788766149.187,128.904,-2.434,-4.401,0.909,-114.185,0.079,-4.176,2.080,-113.439,2.512,0.225,1.171,2.781,12,weighted_average,kalman(weighted_average),true
1788766149.235,128.952,0.252,-4.335,2.011,-88.501,0.237,-4.321,2.017,-102.771,-0.015,0.013,0.006,0.021,12,weighted_average,kalman(weighted_average),false
1788766149.374,129.091,0.090,-4.381,2.315,-90.076,0.123,-4.388,2.273,-93.033,0.033,-0.007,-0.042,0.054,12,weighted_average,kalman(weighted_average),false
1788766149.421,129.139,0.060,-4.419,2.302,-90.083,0.065,-4.416,2.324,-89.984,0.005,0.003,0.023,0.023,12,weighted_average,kalman(weighted_average),false
1788766149.474,129.191,0.071,-4.455,2.121,-89.643,0.049,-4.451,2.224,-88.312,-0.022,0.005,0.102,0.105,12,weighted_average,kalman(weighted_average),false
1788766149.559,129.276,0.282,-4.257,2.127,-87.037,0.208,-4.319,2.150,-85.938,-0.074,-0.061,0.023,0.099,11,weighted_average,kalman(weighted_average),false
1788766149.812,129.529,0.281,-4.282,2.129,-85.691,0.288,-4.274,2.124,-85.008,0.008,0.007,-0.005,0.012,11,weighted_average,kalman(weighted_average),false
1788766149.897,129.614,0.275,-4.294,2.126,-85.647,0.279,-4.291,2.127,-85.564,0.004,0.002,0.001,0.005,11,weighted_average,kalman(weighted_average),false
1788766149.971,129.688,0.277,-4.306,2.119,-85.594,0.277,-4.305,2.122,-85.709,-0.000,0.000,0.003,0.003,11,weighted_average,kalman(weighted_average),false
1788766150.180,129.897,0.264,-4.331,2.115,-85.634,0.264,-4.331,2.115,-85.705,0.000,-0.000,0.000,0.001,11,weighted_average,kalman(weighted_average),false
1788766150.271,129.988,0.263,-4.335,2.125,-85.622,0.262,-4.336,2.123,-85.623,-0.001,-0.001,-0.002,0.003,11,weighted_average,kalman(weighted_average),false
1788766150.340,130.057,0.262,-4.338,2.116,-85.573,0.261,-4.339,2.119,-85.569,-0.001,-0.001,0.003,0.003,11,weighted_average,kalman(weighted_average),false
1788766150.486,130.203,0.263,-4.351,2.126,-85.440,0.262,-4.351,2.125,-85.441,-0.001,0.001,-0.001,0.001,11,weighted_average,kalman(weighted_average),false
1788766150.571,130.288,0.258,-4.350,2.133,-85.416,0.259,-4.352,2.132,-85.403,0.001,-0.002,-0.001,0.002,11,weighted_average,kalman(weighted_average),false
1788766150.653,130.370,0.252,-4.355,2.112,-85.423,0.253,-4.355,2.118,-85.401,0.001,0.000,0.006,0.006,11,weighted_average,kalman(weighted_average),false
1788766150.869,130.586,0.234,-4.386,2.103,-86.114,0.235,-4.385,2.103,-86.045,0.000,0.001,-0.000,0.001,11,weighted_average,kalman(weighted_average),false
1788766150.949,130.666,0.228,-4.384,2.116,-86.291,0.227,-4.387,2.112,-86.311,-0.000,-0.003,-0.004,0.005,11,weighted_average,kalman(weighted_average),false
1788766151.036,130.753,0.215,-4.384,2.132,-86.616,0.216,-4.386,2.129,-86.619,0.001,-0.002,-0.003,0.004,11,weighted_average,kalman(weighted_average),false
1788766151.213,130.930,0.190,-4.403,2.109,-87.115,0.190,-4.402,2.112,-87.131,0.000,0.001,0.003,0.003,11,weighted_average,kalman(weighted_average),false
1788766151.297,131.014,0.189,-4.412,2.124,-87.089,0.187,-4.412,2.119,-87.160,-0.002,0.000,-0.005,0.006,11,weighted_average,kalman(weighted_average),false
1788766151.373,131.090,0.171,-4.417,2.131,-87.249,0.174,-4.418,2.128,-87.255,0.003,-0.001,-0.003,0.004,11,weighted_average,kalman(weighted_average),false
1788766151.574,131.291,0.161,-4.424,2.126,-87.023,0.160,-4.425,2.127,-87.067,-0.001,-0.001,0.001,0.001,11,weighted_average,kalman(weighted_average),false
1788766151.657,131.374,0.140,-4.429,2.138,-87.153,0.144,-4.428,2.135,-87.100,0.003,0.001,-0.003,0.004,11,weighted_average,kalman(weighted_average),false
1788766151.751,131.468,0.140,-4.448,2.118,-87.140,0.138,-4.445,2.122,-87.120,-0.002,0.003,0.004,0.006,11,weighted_average,kalman(weighted_average),false
1788766151.934,131.651,-2.191,-4.712,1.346,-108.176,0.138,-4.445,2.122,-106.003,2.329,0.267,0.777,2.470,12,weighted_average,kalman(weighted_average),true
1788766152.006,131.723,-2.302,-4.649,0.930,-109.156,0.138,-4.445,2.122,-110.676,2.440,0.204,1.193,2.724,12,weighted_average,kalman(weighted_average),true
1788766152.082,131.800,0.098,-4.458,2.142,-87.238,0.099,-4.458,2.142,-96.893,0.001,0.000,-0.000,0.001,11,weighted_average,kalman(weighted_average),false
1788766152.236,131.953,-1.635,-4.819,1.427,-102.815,0.099,-4.458,2.142,-100.689,1.734,0.360,0.715,1.910,12,weighted_average,kalman(weighted_average),true
1788766152.312,132.029,-0.323,-4.684,2.314,-90.933,-0.308,-4.676,2.308,-94.285,0.014,0.008,-0.006,0.017,12,weighted_average,kalman(weighted_average),false
1788766152.377,132.094,-2.264,-4.711,1.489,-108.544,-0.308,-4.676,2.308,-102.731,1.956,0.035,0.819,2.121,12,weighted_average,kalman(weighted_average),true
1788766152.452,132.169,0.073,-4.475,2.143,-86.725,0.029,-4.499,2.162,-93.397,-0.044,-0.023,0.019,0.054,11,weighted_average,kalman(weighted_average),false
1788766152.647,132.364,0.182,-4.381,2.094,-83.506,0.195,-4.376,2.088,-83.636,0.014,0.005,-0.006,0.016,10,weighted_average,kalman(weighted_average),false
1788766152.738,132.455,0.187,-4.381,2.076,-82.473,0.194,-4.373,2.075,-81.637,0.007,0.008,-0.001,0.011,10,weighted_average,kalman(weighted_average),false
1788766152.827,132.544,0.184,-4.390,2.073,-81.292,0.187,-4.384,2.071,-80.579,0.003,0.006,-0.002,0.007,10,weighted_average,kalman(weighted_average),false
1788766153.023,132.740,0.168,-4.400,2.055,-81.050,0.168,-4.400,2.055,-80.646,0.001,0.000,0.000,0.001,10,weighted_average,kalman(weighted_average),false
1788766153.078,132.795,0.179,-4.406,2.041,-80.953,0.174,-4.406,2.044,-80.930,-0.005,0.000,0.003,0.006,10,weighted_average,kalman(weighted_average),false
1788766153.131,132.848,0.164,-4.406,2.054,-81.185,0.167,-4.407,2.048,-81.182,0.003,-0.002,-0.006,0.007,10,weighted_average,kalman(weighted_average),false
1788766153.189,132.906,0.158,-4.412,2.053,-81.307,0.160,-4.412,2.051,-81.368,0.002,0.000,-0.003,0.003,10,weighted_average,kalman(weighted_average),false
1788766153.383,133.100,0.162,-4.410,2.035,-82.121,0.161,-4.411,2.036,-82.125,-0.001,-0.001,0.001,0.002,10,weighted_average,kalman(weighted_average),false
1788766153.456,133.173,0.169,-4.394,2.046,-82.870,0.168,-4.397,2.042,-82.738,-0.001,-0.003,-0.004,0.005,10,weighted_average,kalman(weighted_average),false
1788766153.538,133.255,0.174,-4.410,2.014,-83.488,0.174,-4.404,2.021,-83.413,0.000,0.005,0.007,0.009,10,weighted_average,kalman(weighted_average),false
1788766153.737,133.454,0.072,-4.463,2.092,-86.483,0.078,-4.460,2.087,-86.340,0.006,0.003,-0.005,0.008,11,weighted_average,kalman(weighted_average),false
1788766153.816,133.533,0.064,-4.458,2.094,-86.991,0.055,-4.465,2.102,-87.160,-0.009,-0.007,0.007,0.013,11,weighted_average,kalman(weighted_average),false
1788766153.874,133.591,-1.181,-4.789,2.132,-99.029,0.055,-4.465,2.102,-94.897,1.236,0.324,-0.030,1.279,12,weighted_average,kalman(weighted_average),true
1788766154.031,133.748,-0.201,-4.498,2.070,-89.424,-0.188,-4.496,2.072,-91.745,0.013,0.002,0.002,0.013,4,weighted_average,kalman(weighted_average),false
1788766154.102,133.819,-0.207,-4.501,2.057,-89.500,-0.226,-4.503,2.058,-89.685,-0.019,-0.002,0.001,0.019,4,weighted_average,kalman(weighted_average),false
1788766154.175,133.892,-0.214,-4.511,2.029,-89.544,-0.233,-4.511,2.033,-88.961,-0.018,-0.000,0.003,0.019,4,weighted_average,kalman(weighted_average),false
1788766154.382,134.099,-0.227,-4.506,2.060,-89.588,-0.230,-4.508,2.056,-89.207,-0.004,-0.001,-0.004,0.006,4,weighted_average,kalman(weighted_average),false
1788766154.457,134.174,-0.239,-4.519,2.044,-89.632,-0.235,-4.515,2.051,-89.637,0.005,0.004,0.007,0.009,4,weighted_average,kalman(weighted_average),false
1788766154.539,134.256,0.039,-4.485,2.086,-88.354,-0.023,-4.493,2.079,-88.878,-0.062,-0.008,-0.007,0.063,11,weighted_average,kalman(weighted_average),false
1788766154.748,134.465,0.033,-4.483,2.089,-88.406,0.047,-4.482,2.091,-88.400,0.014,0.001,0.002,0.014,11,weighted_average,kalman(weighted_average),false
1788766154.819,134.537,-0.225,-4.527,2.040,-89.450,-0.166,-4.516,2.052,-89.102,0.059,0.011,0.012,0.061,4,weighted_average,kalman(weighted_average),false
1788766154.886,134.603,0.040,-4.480,2.086,-88.413,-0.053,-4.496,2.070,-88.738,-0.093,-0.016,-0.016,0.096,11,weighted_average,kalman(weighted_average),false
1788766155.060,134.777,0.058,-4.482,2.071,-88.371,0.052,-4.482,2.071,-88.403,-0.006,-0.000,0.000,0.006,11,weighted_average,kalman(weighted_average),false
1788766155.152,134.869,0.052,-4.476,2.079,-88.514,0.064,-4.476,2.078,-88.442,0.012,0.000,-0.001,0.012,11,weighted_average,kalman(weighted_average),false
1788766155.238,134.955,0.069,-4.483,2.073,-88.439,0.073,-4.480,2.075,-88.427,0.004,0.003,0.002,0.005,11,weighted_average,kalman(weighted_average),false
1788766155.457,135.175,0.089,-4.478,2.074,-88.382,0.090,-4.478,2.074,-88.381,0.001,-0.000,-0.000,0.001,11,weighted_average,kalman(weighted_average),false
1788766155.530,135.247,0.087,-4.480,2.068,-88.507,0.088,-4.479,2.069,-88.467,0.002,0.001,0.001,0.002,11,weighted_average,kalman(weighted_average),false
1788766155.608,135.325,0.095,-4.480,2.069,-88.443,0.094,-4.480,2.068,-88.463,-0.002,0.000,-0.001,0.002,11,weighted_average,kalman(weighted_average),false
1788766155.797,135.514,0.104,-4.479,2.068,-88.426,0.104,-4.479,2.068,-88.433,-0.000,-0.000,-0.000,0.000,11,weighted_average,kalman(weighted_average),false
1788766155.866,135.584,-0.018,-4.594,2.288,-89.419,0.012,-4.567,2.236,-89.123,0.030,0.028,-0.053,0.067,12,weighted_average,kalman(weighted_average),false
1788766155.969,135.686,0.105,-4.477,2.070,-88.458,0.075,-4.507,2.125,-88.741,-0.030,-0.029,0.055,0.069,11,weighted_average,kalman(weighted_average),false
1788766156.163,135.880,-0.162,-4.674,1.984,-90.720,-0.147,-4.662,1.984,-90.519,0.015,0.012,0.000,0.020,12,weighted_average,kalman(weighted_average),false
1788766156.247,135.964,-0.170,-4.508,2.013,-89.658,-0.193,-4.558,1.995,-90.108,-0.023,-0.050,-0.018,0.058,4,weighted_average,kalman(weighted_average),false
1788766156.329,136.047,0.099,-4.478,2.048,-88.352,0.018,-4.486,2.034,-88.909,-0.081,-0.008,-0.014,0.083,11,weighted_average,kalman(weighted_average),false
1788766156.523,136.241,-2.288,-4.673,1.111,-109.982,0.018,-4.486,2.034,-107.865,2.305,0.188,0.923,2.490,12,weighted_average,kalman(weighted_average),true
1788766156.600,136.317,0.080,-4.471,2.060,-88.450,0.079,-4.471,2.060,-96.213,-0.001,-0.000,-0.001,0.001,11,weighted_average,kalman(weighted_average),false
1788766156.664,136.381,0.091,-4.477,2.067,-88.332,0.093,-4.474,2.067,-90.536,0.002,0.003,0.000,0.004,11,weighted_average,kalman(weighted_average),false
1788766156.829,136.546,-1.134,-4.849,1.597,-99.453,0.093,-4.474,2.067,-97.014,1.227,0.375,0.471,1.367,12,weighted_average,kalman(weighted_average),true
1788766156.915,136.632,0.081,-4.473,2.093,-88.589,0.081,-4.473,2.092,-91.758,0.000,-0.000,-0.001,0.001,11,weighted_average,kalman(weighted_average),false
1788766157.009,136.727,0.083,-4.477,2.071,-88.490,0.082,-4.476,2.077,-88.936,-0.002,0.001,0.006,0.007,11,weighted_average,kalman(weighted_average),false
1788766157.200,136.917,-0.267,-4.731,1.716,-90.855,-0.249,-4.718,1.734,-90.212,0.018,0.013,0.017,0.028,12,weighted_average,kalman(weighted_average),false
1788766157.290,137.007,0.101,-4.476,2.063,-87.437,-0.249,-4.718,1.734,-88.356,-0.350,-0.242,-0.330,0.538,11,weighted_average,kalman(weighted_average),true
1788766157.370,137.087,0.103,-4.469,2.072,-87.364,0.080,-4.486,2.050,-87.469,-0.024,-0.017,-0.023,0.037,11,weighted_average,kalman(weighted_average),false
1788766157.542,137.259,0.091,-4.460,2.073,-87.464,0.113,-4.446,2.094,-87.265,0.022,0.014,0.020,0.033,11,weighted_average,kalman(weighted_average),false
1788766157.609,137.326,0.106,-4.471,2.071,-87.313,0.103,-4.466,2.074,-87.290,-0.003,0.005,0.003,0.006,11,weighted_average,kalman(weighted_average),false
1788766157.666,137.383,0.105,-4.464,2.059,-87.272,0.101,-4.468,2.059,-87.278,-0.004,-0.005,0.000,0.006,11,weighted_average,kalman(weighted_average),false
1788766157.733,137.450,0.111,-4.466,2.061,-87.219,0.105,-4.469,2.055,-87.238,-0.005,-0.003,-0.006,0.009,11,weighted_average,kalman(weighted_average),false
1788766157.926,137.643,0.113,-4.458,2.068,-87.252,0.113,-4.460,2.066,-87.244,-0.001,-0.001,-0.002,0.003,11,weighted_average,kalman(weighted_average),false
1788766157.999,137.716,-0.036,-4.576,2.245,-88.440,-0.001,-4.548,2.206,-88.104,0.035,0.028,-0.038,0.059,12,weighted_average,kalman(weighted_average),false
1788766158.073,137.790,0.117,-4.456,2.066,-87.255,0.069,-4.493,2.126,-87.677,-0.048,-0.037,0.060,0.085,11,weighted_average,kalman(weighted_average),false
1788766158.265,137.982,0.115,-4.443,2.073,-87.285,0.115,-4.444,2.073,-87.323,0.000,-0.001,0.001,0.001,11,weighted_average,kalman(weighted_average),false
1788766158.350,138.067,-0.988,-4.790,1.622,-97.327,0.115,-4.444,2.073,-94.760,1.103,0.347,0.451,1.241,12,weighted_average,kalman(weighted_average),true
1788766158.422,138.139,0.114,-4.435,2.073,-87.295,0.114,-4.436,2.073,-90.876,0.000,-0.001,-0.000,0.001,11,weighted_average,kalman(weighted_average),false
1788766158.572,138.289,-1.906,-4.742,1.396,-105.651,0.114,-4.436,2.073,-103.274,2.020,0.306,0.677,2.152,12,weighted_average,kalman(weighted_average),true
1788766158.640,138.357,-1.982,-4.687,0.909,-106.247,0.114,-4.436,2.073,-107.042,2.096,0.251,1.164,2.410,12,weighted_average,kalman(weighted_average),true
1788766158.718,138.436,0.112,-4.431,2.079,-86.904,0.112,-4.431,2.079,-95.097,0.000,-0.000,-0.000,0.000,11,weighted_average,kalman(weighted_average),false
1788766158.928,138.646,-2.177,-4.643,0.906,-106.859,0.112,-4.431,2.079,-104.872,2.289,0.212,1.174,2.581,12,weighted_average,kalman(weighted_average),true
1788766159.001,138.718,0.224,-4.383,1.951,-83.789,0.222,-4.384,1.954,-91.298,-0.002,-0.001,0.003,0.004,10,weighted_average,kalman(weighted_average),false
1788766159.084,138.801,0.228,-4.342,2.031,-82.405,0.236,-4.347,2.002,-83.611,0.009,-0.005,-0.029,0.031,10,weighted_average,kalman(weighted_average),false
1788766159.264,138.981,0.214,-4.373,2.028,-81.574,0.219,-4.368,2.029,-80.249,0.004,0.006,0.001,0.007,10,weighted_average,kalman(weighted_average),false
1788766159.350,139.068,0.214,-4.364,2.012,-81.175,0.211,-4.369,2.017,-80.706,-0.003,-0.005,0.005,0.008,10,weighted_average,kalman(weighted_average),false
1788766159.413,139.130,0.208,-4.363,2.009,-81.184,0.207,-4.366,2.010,-80.984,-0.001,-0.003,0.001,0.004,10,weighted_average,kalman(weighted_average),false
1788766159.570,139.287,0.212,-4.353,2.047,-81.022,0.210,-4.355,2.042,-81.044,-0.002,-0.001,-0.004,0.005,10,weighted_average,kalman(weighted_average),false
1788766159.639,139.356,0.205,-4.370,2.047,-81.210,0.207,-4.365,2.050,-81.166,0.002,0.005,0.003,0.007,10,weighted_average,kalman(weighted_average),false
1788766159.705,139.422,0.196,-4.356,2.079,-81.235,0.199,-4.359,2.074,-81.235,0.003,-0.004,-0.005,0.007,10,weighted_average,kalman(weighted_average),false
1788766159.778,139.495,0.187,-4.377,2.042,-82.015,0.189,-4.371,2.056,-81.764,0.002,0.005,0.015,0.016,10,weighted_average,kalman(weighted_average),false
1788766159.972,139.689,0.196,-4.371,2.021,-83.943,0.194,-4.372,2.022,-83.805,-0.002,-0.001,0.001,0.002,10,weighted_average,kalman(weighted_average),false
1788766160.044,139.761,0.073,-4.450,2.070,-86.237,0.103,-4.431,2.055,-85.790,0.029,0.018,-0.015,0.038,11,weighted_average,kalman(weighted_average),false
1788766160.124,139.841,-1.836,-4.757,1.161,-104.443,0.103,-4.431,2.055,-99.183,1.938,0.325,0.895,2.160,12,weighted_average,kalman(weighted_average),true
1788766160.303,140.020,0.058,-4.438,2.086,-88.709,0.059,-4.437,2.085,-91.952,0.001,0.000,-0.001,0.002,11,weighted_average,kalman(weighted_average),false
1788766160.367,140.084,0.067,-4.450,2.075,-88.907,0.061,-4.447,2.080,-88.673,-0.006,0.003,0.005,0.008,11,weighted_average,kalman(weighted_average),false
1788766160.426,140.143,0.049,-4.447,2.070,-89.339,0.051,-4.449,2.073,-87.858,0.003,-0.002,0.003,0.004,11,weighted_average,kalman(weighted_average),false
1788766160.490,140.207,0.052,-4.456,2.084,-89.436,0.049,-4.455,2.080,-87.885,-0.003,0.001,-0.004,0.005,11,weighted_average,kalman(weighted_average),false
1788766160.678,140.395,0.031,-4.453,2.077,-89.534,0.032,-4.454,2.077,-88.923,0.000,-0.001,0.000,0.001,11,weighted_average,kalman(weighted_average),false
1788766160.763,140.481,0.031,-4.455,2.081,-89.506,0.030,-4.454,2.080,-89.596,-0.002,0.001,-0.001,0.002,11,weighted_average,kalman(weighted_average),false
1788766160.851,140.568,-0.242,-4.497,2.060,-90.736,-0.186,-4.488,2.065,-90.642,0.056,0.009,0.004,0.057,4,weighted_average,kalman(weighted_average),false
1788766161.038,140.755,0.022,-4.465,2.084,-89.574,-0.008,-4.469,2.081,-89.887,-0.030,-0.004,-0.002,0.030,11,weighted_average,kalman(weighted_average),false
1788766161.133,140.850,-0.249,-4.507,2.031,-90.776,-0.178,-4.497,2.042,-90.435,0.071,0.010,0.011,0.073,4,weighted_average,kalman(weighted_average),false
1788766161.189,140.906,-2.215,-4.682,1.252,-109.932,-0.178,-4.497,2.042,-102.813,2.038,0.185,0.791,2.193,12,weighted_average,kalman(weighted_average),true
1788766161.332,141.049,-0.219,-4.501,2.025,-90.574,-0.217,-4.501,2.026,-94.933,0.002,0.000,0.001,0.003,4,weighted_average,kalman(weighted_average),false
1788766161.414,141.131,-0.227,-4.495,2.065,-90.651,-0.229,-4.497,2.055,-90.750,-0.002,-0.001,-0.010,0.010,4,weighted_average,kalman(weighted_average),false
1788766161.497,141.214,0.047,-4.469,2.079,-89.474,-0.016,-4.474,2.077,-88.613,-0.063,-0.006,-0.001,0.064,11,weighted_average,kalman(weighted_average),false
1788766161.708,141.425,0.044,-4.471,2.061,-89.622,0.057,-4.469,2.064,-88.885,0.014,0.002,0.003,0.014,11,weighted_average,kalman(weighted_average),false
1788766161.796,141.513,0.051,-4.467,2.059,-89.535,0.049,-4.468,2.057,-89.591,-0.002,-0.001,-0.002,0.003,11,weighted_average,kalman(weighted_average),false
1788766161.894,141.611,0.043,-4.451,2.052,-89.574,0.042,-4.454,2.051,-89.794,-0.001,-0.003,-0.001,0.003,11,weighted_average,kalman(weighted_average),false
1788766162.088,141.805,0.057,-4.444,2.050,-89.572,0.055,-4.443,2.049,-89.669,-0.002,0.001,-0.001,0.002,11,weighted_average,kalman(weighted_average),false
1788766162.164,141.881,0.061,-4.441,2.053,-89.561,0.062,-4.441,2.052,-89.558,0.001,0.000,-0.001,0.001,11,weighted_average,kalman(weighted_average),false
1788766162.231,141.948,0.053,-4.434,2.055,-89.681,0.058,-4.435,2.055,-89.604,0.004,-0.001,-0.000,0.004,11,weighted_average,kalman(weighted_average),false
1788766162.434,142.151,0.077,-4.430,2.049,-89.458,0.076,-4.430,2.050,-89.463,-0.001,0.000,0.001,0.001,11,weighted_average,kalman(weighted_average),false
1788766162.518,142.235,0.071,-4.430,2.045,-89.578,0.074,-4.430,2.045,-89.532,0.003,0.000,0.000,0.003,11,weighted_average,kalman(weighted_average),false
1788766162.603,142.320,0.077,-4.432,2.058,-89.535,0.076,-4.431,2.054,-89.538,-0.000,0.001,-0.004,0.004,11,weighted_average,kalman(weighted_average),false
1788766162.801,142.518,0.080,-4.426,2.061,-89.403,0.080,-4.426,2.061,-89.417,0.000,-0.000,0.000,0.000,11,weighted_average,kalman(weighted_average),false
1788766162.888,142.605,0.071,-4.423,2.051,-89.482,0.073,-4.423,2.053,-89.449,0.002,0.000,0.002,0.003,11,weighted_average,kalman(weighted_average),false
1788766162.956,142.673,0.072,-4.429,2.062,-89.469,0.071,-4.426,2.059,-89.460,-0.001,0.002,-0.004,0.004,11,weighted_average,kalman(weighted_average),false
1788766163.108,142.825,-0.163,-4.616,2.024,-91.465,-0.141,-4.598,2.028,-91.155,0.021,0.017,0.004,0.028,12,weighted_average,kalman(weighted_average),false
1788766163.172,142.889,-1.355,-4.740,2.077,-102.551,-0.141,-4.598,2.028,-99.104,1.214,0.141,-0.050,1.223,12,weighted_average,kalman(weighted_average),true
1788766163.257,142.974,0.073,-4.436,2.056,-89.406,0.053,-4.451,2.053,-93.940,-0.020,-0.015,-0.003,0.025,11,weighted_average,kalman(weighted_average),false
1788766163.457,143.174,0.052,-4.437,2.057,-89.531,0.063,-4.429,2.058,-89.744,0.011,0.008,0.001,0.014,11,weighted_average,kalman(weighted_average),false
1788766163.542,143.259,-1.177,-4.798,1.580,-100.023,0.063,-4.429,2.058,-96.946,1.240,0.369,0.478,1.379,12,weighted_average,kalman(weighted_average),true
1788766163.613,143.330,-0.081,-4.601,2.175,-89.076,-0.069,-4.587,2.166,-92.539,0.011,0.014,-0.009,0.020,12,weighted_average,kalman(weighted_average),false
1788766163.789,143.506,-2.010,-4.657,0.944,-105.573,-0.069,-4.587,2.166,-103.800,1.941,0.070,1.222,2.295,12,weighted_average,kalman(weighted_average),true
1788766163.858,143.575,0.055,-4.442,2.052,-86.515,0.051,-4.446,2.056,-93.183,-0.004,-0.004,0.003,0.007,11,weighted_average,kalman(weighted_average),false
1788766163.917,143.634,0.387,-4.287,1.495,-80.889,0.051,-4.446,2.056,-84.700,-0.335,-0.159,0.560,0.672,10,weighted_average,kalman(weighted_average),true
1788766163.978,143.695,0.154,-4.392,1.970,-84.347,0.139,-4.400,1.983,-82.505,-0.015,-0.008,0.013,0.021,10,weighted_average,kalman(weighted_average),false
1788766164.174,143.891,0.167,-4.360,1.999,-82.983,0.171,-4.359,1.994,-81.689,0.005,0.001,-0.006,0.008,10,weighted_average,kalman(weighted_average),false
1788766164.271,143.989,0.164,-4.369,2.014,-82.988,0.165,-4.365,2.015,-82.928,0.001,0.004,0.001,0.004,10,weighted_average,kalman(weighted_average),false
1788766164.366,144.083,0.172,-4.371,1.985,-82.888,0.170,-4.370,1.995,-83.185,-0.002,0.001,0.010,0.010,10,weighted_average,kalman(weighted_average),false
1788766164.570,144.287,0.134,-4.382,2.023,-83.696,0.136,-4.382,2.021,-83.757,0.002,0.000,-0.002,0.003,10,weighted_average,kalman(weighted_average),false
1788766164.641,144.358,0.150,-4.382,2.009,-83.980,0.143,-4.383,2.015,-83.959,-0.007,-0.001,0.007,0.010,10,weighted_average,kalman(weighted_average),false
1788766164.721,144.438,0.171,-4.366,1.969,-84.278,0.163,-4.370,1.981,-84.242,-0.007,-0.005,0.012,0.014,10,weighted_average,kalman(weighted_average),false
1788766164.892,144.609,-2.352,-4.622,0.984,-108.928,0.163,-4.370,1.981,-105.969,2.515,0.252,0.996,2.717,12,weighted_average,kalman(weighted_average),true
1788766164.954,144.671,-2.058,-4.676,2.022,-106.842,0.163,-4.370,1.981,-109.312,2.221,0.305,-0.041,2.243,12,weighted_average,kalman(weighted_average),true
1788766165.040,144.757,0.060,-4.445,2.046,-87.736,0.062,-4.444,2.045,-96.746,0.002,0.001,-0.001,0.002,11,weighted_average,kalman(weighted_average),false
1788766165.227,144.944,-0.193,-4.484,1.999,-89.565,-0.184,-4.484,2.004,-89.412,0.010,-0.001,0.005,0.011,4,weighted_average,kalman(weighted_average),false
1788766165.309,145.026,-0.210,-4.486,1.992,-89.696,-0.231,-4.489,1.988,-88.812,-0.022,-0.003,-0.004,0.022,4,weighted_average,kalman(weighted_average),false
1788766165.384,145.101,-0.202,-4.488,1.976,-89.608,-0.226,-4.490,1.975,-88.866,-0.024,-0.002,-0.002,0.024,4,weighted_average,kalman(weighted_average),false
1788766165.570,145.288,-1.438,-4.807,1.432,-101.677,-0.226,-4.490,1.975,-100.153,1.212,0.317,0.542,1.365,12,weighted_average,kalman(weighted_average),true
1788766165.640,145.357,0.032,-4.481,2.046,-88.349,0.025,-4.481,2.044,-93.321,-0.007,-0.000,-0.002,0.007,11,weighted_average,kalman(weighted_average),false
1788766165.693,145.410,-2.173,-4.664,0.887,-108.255,0.025,-4.481,2.044,-102.137,2.198,0.183,1.157,2.491,12,weighted_average,kalman(weighted_average),true
1788766165.765,145.482,0.025,-4.489,2.054,-88.287,0.025,-4.487,2.053,-94.895,-0.000,0.001,-0.002,0.002,11,weighted_average,kalman(weighted_average),false
1788766165.906,145.623,0.026,-4.501,2.036,-87.916,0.026,-4.500,2.039,-88.609,-0.000,0.001,0.003,0.003,11,weighted_average,kalman(weighted_average),false
1788766165.957,145.675,0.026,-4.509,2.033,-87.852,0.026,-4.508,2.033,-87.310,0.000,0.001,0.000,0.001,11,weighted_average,kalman(weighted_average),false
1788766166.013,145.731,-2.128,-4.710,1.107,-107.096,0.026,-4.508,2.033,-98.142,2.154,0.202,0.926,2.353,12,weighted_average,kalman(weighted_average),true
1788766166.065,145.782,-1.015,-4.836,1.702,-96.379,0.026,-4.508,2.033,-98.448,1.040,0.328,0.331,1.140,12,weighted_average,kalman(weighted_average),true
1788766166.207,145.924,0.109,-4.436,1.977,-85.168,0.106,-4.439,1.979,-88.863,-0.004,-0.003,0.002,0.005,10,weighted_average,kalman(weighted_average),false
1788766166.261,145.978,0.109,-4.433,1.983,-85.075,0.114,-4.429,1.978,-85.156,0.006,0.004,-0.005,0.009,10,weighted_average,kalman(weighted_average),false
1788766166.315,146.032,0.124,-4.427,1.949,-84.673,0.126,-4.423,1.956,-83.400,0.002,0.004,0.007,0.008,10,weighted_average,kalman(weighted_average),false
1788766166.366,146.083,0.135,-4.396,1.996,-83.811,0.136,-4.403,1.977,-82.410,0.001,-0.006,-0.020,0.021,10,weighted_average,kalman(weighted_average),false
1788766166.519,146.236,0.094,-4.430,1.959,-83.476,0.102,-4.423,1.961,-82.180,0.008,0.007,0.002,0.011,10,weighted_average,kalman(weighted_average),false
1788766166.570,146.287,0.099,-4.409,1.948,-83.149,0.095,-4.416,1.950,-82.803,-0.004,-0.008,0.002,0.009,10,weighted_average,kalman(weighted_average),false
1788766166.623,146.340,0.069,-4.404,1.956,-83.428,0.074,-4.410,1.951,-83.275,0.004,-0.006,-0.005,0.009,10,weighted_average,kalman(weighted_average),false
1788766166.673,146.390,0.077,-4.391,1.958,-83.202,0.070,-4.398,1.954,-83.379,-0.007,-0.007,-0.005,0.011,10,weighted_average,kalman(weighted_average),false
1788766166.822,146.539,0.047,-4.359,1.994,-83.189,0.046,-4.361,1.989,-83.357,-0.001,-0.002,-0.005,0.005,10,weighted_average,kalman(weighted_average),false
1788766166.877,146.594,0.022,-4.360,1.988,-83.518,0.027,-4.356,1.994,-83.455,0.005,0.004,0.005,0.008,10,weighted_average,kalman(weighted_average),false
1788766166.930,146.647,0.022,-4.332,1.987,-83.561,0.019,-4.337,1.993,-83.528,-0.003,-0.005,0.006,0.008,10,weighted_average,kalman(weighted_average),false
1788766166.985,146.703,0.003,-4.343,2.007,-84.116,0.005,-4.335,2.004,-83.882,0.002,0.007,-0.003,0.008,10,weighted_average,kalman(weighted_average),false
1788766167.123,146.840,-0.014,-4.311,1.990,-84.844,-0.015,-4.312,1.994,-84.732,-0.002,-0.000,0.004,0.005,10,weighted_average,kalman(weighted_average),false
1788766167.178,146.895,-0.012,-4.296,1.958,-85.041,-0.016,-4.298,1.967,-85.047,-0.003,-0.002,0.009,0.010,10,weighted_average,kalman(weighted_average),false
1788766167.232,146.949,-0.038,-4.306,1.913,-85.784,-0.032,-4.299,1.926,-85.611,0.007,0.007,0.013,0.016,10,weighted_average,kalman(weighted_average),false
1788766167.287,147.004,-0.053,-4.282,1.964,-86.055,-0.049,-4.287,1.940,-86.046,0.004,-0.004,-0.024,0.025,10,weighted_average,kalman(weighted_average),false
1788766167.412,147.129,-0.204,-3.893,1.938,-88.148,-0.185,-3.950,1.935,-87.879,0.019,-0.057,-0.002,0.060,0,weighted_average,kalman(weighted_average),false
1788766167.467,147.184,-0.195,-3.883,1.955,-88.158,-0.211,-3.857,1.949,-88.336,-0.016,0.027,-0.007,0.032,0,weighted_average,kalman(weighted_average),false
1788766167.514,147.232,-0.203,-3.875,1.948,-88.325,-0.220,-3.828,1.950,-88.574,-0.017,0.047,0.002,0.050,0,weighted_average,kalman(weighted_average),false
1788766167.569,147.286,-0.210,-4.304,2.012,-89.194,-0.220,-3.828,1.950,-89.145,-0.011,0.477,-0.062,0.481,11,weighted_average,kalman(weighted_average),true
1788766167.700,147.417,-0.235,-3.844,1.936,-89.132,-0.234,-3.843,1.938,-89.423,0.001,0.001,0.001,0.002,0,weighted_average,kalman(weighted_average),false
1788766167.750,147.467,-0.247,-3.855,1.948,-89.188,-0.244,-3.853,1.943,-89.334,0.003,0.002,-0.005,0.006,0,weighted_average,kalman(weighted_average),false
1788766167.802,147.519,-0.261,-3.836,1.942,-89.239,-0.258,-3.845,1.943,-89.307,0.003,-0.009,0.001,0.009,0,weighted_average,kalman(weighted_average),false
1788766167.856,147.573,-0.267,-3.838,1.950,-89.252,-0.268,-3.840,1.947,-89.290,-0.000,-0.002,-0.003,0.004,0,weighted_average,kalman(weighted_average),false
1788766167.983,147.700,-0.292,-3.816,1.947,-89.273,-0.292,-3.819,1.948,-89.284,0.000,-0.003,0.001,0.003,0,weighted_average,kalman(weighted_average),false
1788766168.037,147.754,-0.313,-3.809,1.952,-89.380,-0.310,-3.809,1.951,-89.344,0.003,-0.000,-0.001,0.003,0,weighted_average,kalman(weighted_average),false
1788766168.091,147.809,-0.318,-4.232,2.000,-89.749,-0.310,-3.809,1.951,-89.588,0.007,0.424,-0.049,0.426,11,weighted_average,kalman(weighted_average),true
1788766168.141,147.858,-0.321,-3.794,1.944,-89.262,-0.319,-3.797,1.946,-89.457,0.002,-0.003,0.001,0.004,0,weighted_average,kalman(weighted_average),false
1788766168.275,147.992,-0.086,-4.096,1.450,-85.339,-0.319,-3.797,1.946,-86.255,-0.233,0.299,0.496,0.624,10,weighted_average,kalman(weighted_average),true
1788766168.330,148.047,-0.262,-4.149,1.815,-88.387,-0.266,-4.126,1.823,-87.162,-0.004,0.023,0.009,0.025,10,weighted_average,kalman(weighted_average),false
1788766168.385,148.102,-0.302,-4.132,1.947,-88.940,-0.285,-4.166,1.894,-88.044,0.017,-0.033,-0.053,0.065,10,weighted_average,kalman(weighted_average),false
1788766168.438,148.155,-0.320,-4.118,1.965,-89.035,-0.306,-4.164,1.942,-88.643,0.013,-0.046,-0.023,0.053,10,weighted_average,kalman(weighted_average),false
1788766168.579,148.297,-0.353,-4.096,1.957,-89.197,-0.350,-4.117,1.964,-89.241,0.003,-0.021,0.006,0.022,10,weighted_average,kalman(weighted_average),false
1788766168.631,148.348,-0.360,-4.081,1.956,-89.133,-0.362,-4.084,1.960,-89.255,-0.002,-0.003,0.004,0.006,10,weighted_average,kalman(weighted_average),false
1788766168.682,148.399,-0.382,-4.085,1.959,-89.470,-0.380,-4.075,1.960,-89.438,0.002,0.011,0.001,0.011,10,weighted_average,kalman(weighted_average),false
1788766168.737,148.454,-0.382,-4.070,1.942,-89.286,-0.388,-4.064,1.949,-89.428,-0.006,0.006,0.007,0.011,10,weighted_average,kalman(weighted_average),false
1788766168.870,148.587,-0.392,-4.029,1.981,-89.067,-0.396,-4.028,1.975,-89.198,-0.004,0.001,-0.006,0.007,10,weighted_average,kalman(weighted_average),false
1788766168.924,148.641,-0.388,-4.006,1.953,-88.733,-0.391,-4.008,1.963,-88.876,-0.003,-0.002,0.011,0.011,10,weighted_average,kalman(weighted_average),false
1788766168.977,148.694,-0.385,-3.993,1.960,-88.558,-0.387,-3.993,1.961,-88.620,-0.002,0.001,0.001,0.002,10,weighted_average,kalman(weighted_average),false
1788766169.030,148.747,-0.403,-3.985,1.971,-88.721,-0.396,-3.982,1.967,-88.587,0.007,0.003,-0.004,0.008,10,weighted_average,kalman(weighted_average),false
1788766169.155,148.872,-0.433,-3.964,1.969,-88.946,-0.429,-3.962,1.969,-88.783,0.005,0.002,0.001,0.005,10,weighted_average,kalman(weighted_average),false
1788766169.207,148.925,-0.432,-3.953,1.969,-88.821,-0.436,-3.953,1.969,-88.827,-0.003,-0.000,0.000,0.003,10,weighted_average,kalman(weighted_average),false
1788766169.256,148.973,-0.453,-3.946,1.960,-89.061,-0.450,-3.946,1.964,-88.977,0.003,0.000,0.004,0.004,10,weighted_average,kalman(weighted_average),false
1788766169.309,149.026,-0.452,-3.920,1.982,-88.866,-0.456,-3.927,1.974,-88.958,-0.004,-0.006,-0.008,0.011,10,weighted_average,kalman(weighted_average),false
1788766169.452,149.169,-0.463,-3.895,1.955,-88.790,-0.465,-3.894,1.958,-88.850,-0.002,0.000,0.003,0.004,10,weighted_average,kalman(weighted_average),false
1788766169.505,149.222,-0.474,-3.882,1.976,-88.904,-0.472,-3.882,1.968,-88.870,0.002,-0.000,-0.008,0.008,10,weighted_average,kalman(weighted_average),false
1788766169.559,149.276,-0.494,-3.885,1.960,-89.243,-0.488,-3.880,1.963,-89.082,0.006,0.005,0.003,0.009,10,weighted_average,kalman(weighted_average),false
1788766169.615,149.333,-0.489,-3.872,1.939,-89.031,-0.492,-3.872,1.947,-89.085,-0.003,0.000,0.008,0.009,10,weighted_average,kalman(weighted_average),false
1788766169.757,149.474,-0.492,-3.814,1.989,-88.701,-0.494,-3.818,1.982,-88.799,-0.002,-0.005,-0.008,0.009,10,weighted_average,kalman(weighted_average),false
1788766169.814,149.531,-0.507,-3.819,1.937,-88.966,-0.503,-3.812,1.955,-88.869,0.004,0.007,0.018,0.020,10,weighted_average,kalman(weighted_average),false
1788766169.865,149.583,-0.511,-3.801,1.942,-88.956,-0.510,-3.800,1.945,-88.905,0.002,0.001,0.003,0.004,10,weighted_average,kalman(weighted_average),false
1788766169.915,149.632,-0.513,-3.801,1.910,-88.971,-0.514,-3.796,1.921,-88.937,-0.001,0.005,0.011,0.012,10,weighted_average,kalman(weighted_average),false
1788766170.056,149.773,-0.521,-3.756,1.940,-88.859,-0.522,-3.758,1.933,-88.879,-0.001,-0.002,-0.007,0.008,10,weighted_average,kalman(weighted_average),false
1788766170.110,149.827,-0.521,-3.728,1.969,-88.735,-0.522,-3.733,1.961,-88.779,-0.001,-0.004,-0.009,0.010,10,weighted_average,kalman(weighted_average),false
1788766170.166,149.883,-0.539,-3.716,1.962,-89.007,-0.534,-3.715,1.968,-88.892,0.005,0.002,0.005,0.008,10,weighted_average,kalman(weighted_average),false
1788766170.221,149.939,-0.544,-3.707,1.933,-89.052,-0.542,-3.703,1.950,-88.988,0.001,0.004,0.017,0.018,10,weighted_average,kalman(weighted_average),false
1788766170.361,150.079,-0.538,-3.676,1.938,-88.814,-0.541,-3.675,1.939,-88.872,-0.003,0.001,0.001,0.003,10,weighted_average,kalman(weighted_average),false
1788766170.420,150.138,-0.543,-3.657,1.942,-88.846,-0.542,-3.659,1.940,-88.839,0.001,-0.002,-0.002,0.003,10,weighted_average,kalman(weighted_average),false
1788766170.484,150.201,-0.564,-3.673,1.913,-89.031,-0.557,-3.664,1.921,-88.942,0.007,0.009,0.007,0.013,10|11,weighted_average,kalman(weighted_average),false
1788766170.545,150.262,-0.421,-3.643,1.488,-86.356,-0.557,-3.664,1.921,-87.409,-0.136,-0.021,0.433,0.454,10,weighted_average,kalman(weighted_average),true
1788766170.682,150.399,-0.590,-3.283,1.915,-89.335,-0.588,-3.309,1.916,-88.659,0.002,-0.026,0.000,0.026,0,weighted_average,kalman(weighted_average),false
1788766170.776,150.494,-0.590,-3.265,1.908,-89.291,-0.593,-3.237,1.909,-89.315,-0.003,0.028,0.001,0.028,0,weighted_average,kalman(weighted_average),false
1788766170.881,150.598,-0.623,-3.593,1.988,-89.844,-0.619,-3.518,1.974,-89.898,0.003,0.075,-0.014,0.076,11,weighted_average,kalman(weighted_average),false
1788766171.115,150.832,-0.631,-3.526,1.967,-89.887,-0.632,-3.544,1.972,-89.990,-0.001,-0.019,0.005,0.019,11,weighted_average,kalman(weighted_average),false
1788766171.202,150.919,-0.587,-3.170,1.898,-89.140,-0.595,-3.230,1.908,-89.333,-0.009,-0.060,0.011,0.062,0,weighted_average,kalman(weighted_average),false
1788766171.291,151.008,-0.589,-3.144,1.915,-89.169,-0.585,-3.111,1.903,-89.098,0.004,0.033,-0.012,0.035,0,weighted_average,kalman(weighted_average),false
1788766171.475,151.193,-0.599,-3.115,1.912,-89.282,-0.596,-3.096,1.909,-89.197,0.003,0.018,-0.003,0.019,0,weighted_average,kalman(weighted_average),false
1788766171.566,151.283,-0.625,-3.436,1.953,-89.716,-0.622,-3.382,1.947,-89.616,0.003,0.054,-0.006,0.054,11,weighted_average,kalman(weighted_average),false
1788766171.655,151.372,-0.632,-3.416,1.961,-89.800,-0.634,-3.454,1.965,-89.829,-0.003,-0.038,0.003,0.038,11,weighted_average,kalman(weighted_average),false
1788766171.851,151.568,-0.634,-3.394,1.955,-89.773,-0.636,-3.409,1.958,-89.827,-0.002,-0.015,0.003,0.015,11,weighted_average,kalman(weighted_average),false
1788766171.952,151.669,-0.637,-3.382,1.956,-89.775,-0.636,-3.374,1.954,-89.774,0.001,0.008,-0.002,0.008,11,weighted_average,kalman(weighted_average),false
1788766172.035,151.752,-0.642,-3.373,1.952,-89.841,-0.641,-3.366,1.952,-89.809,0.001,0.007,-0.001,0.008,11,weighted_average,kalman(weighted_average),false
1788766172.257,151.974,-0.638,-3.364,1.952,-89.778,-0.639,-3.362,1.952,-89.781,-0.000,0.002,-0.000,0.002,11,weighted_average,kalman(weighted_average),false
1788766172.339,152.057,-0.636,-3.359,1.950,-89.720,-0.636,-3.360,1.950,-89.732,-0.000,-0.002,0.001,0.002,11,weighted_average,kalman(weighted_average),false
1788766172.403,152.120,-0.637,-3.359,1.948,-89.751,-0.636,-3.359,1.949,-89.735,0.001,-0.000,0.000,0.001,11,weighted_average,kalman(weighted_average),false
1788766172.595,152.312,-0.639,-3.354,1.956,-89.794,-0.638,-3.354,1.955,-89.785,0.000,-0.000,-0.001,0.001,11,weighted_average,kalman(weighted_average),false
1788766172.671,152.389,-0.635,-3.356,1.955,-89.760,-0.636,-3.355,1.956,-89.774,-0.001,0.001,0.001,0.002,11,weighted_average,kalman(weighted_average),false
1788766172.757,152.474,-0.637,-3.352,1.959,-89.776,-0.637,-3.352,1.959,-89.778,0.000,-0.001,-0.000,0.001,11,weighted_average,kalman(weighted_average),false
1788766172.970,152.687,-0.588,-3.042,1.911,-88.953,-0.590,-3.057,1.914,-89.027,-0.002,-0.014,0.002,0.015,0,weighted_average,kalman(weighted_average),false
1788766173.044,152.761,-0.635,-3.356,1.963,-89.772,-0.590,-3.057,1.914,-89.469,0.045,0.299,-0.050,0.307,11,weighted_average,kalman(weighted_average),true
1788766173.143,152.860,-0.628,-3.356,1.966,-89.664,-0.626,-3.336,1.963,-89.636,0.003,0.020,-0.004,0.021,11,weighted_average,kalman(weighted_average),false
1788766173.319,153.037,-0.625,-3.365,1.970,-89.718,-0.627,-3.381,1.973,-89.736,-0.002,-0.016,0.003,0.016,11,weighted_average,kalman(weighted_average),false
1788766173.389,153.106,-0.586,-3.045,1.900,-89.036,-0.595,-3.122,1.917,-89.253,-0.009,-0.077,0.017,0.079,0,weighted_average,kalman(weighted_average),false
1788766173.458,153.175,-0.622,-3.365,1.970,-89.664,-0.595,-3.122,1.917,-89.450,0.027,0.243,-0.052,0.250,11,weighted_average,kalman(weighted_average),true
1788766173.668,153.385,-0.615,-3.378,1.972,-89.611,-0.614,-3.371,1.970,-89.592,0.001,0.007,-0.002,0.007,11,weighted_average,kalman(weighted_average),false
1788766173.759,153.476,-0.621,-3.379,1.975,-89.747,-0.622,-3.398,1.979,-89.731,-0.000,-0.018,0.003,0.019,11,weighted_average,kalman(weighted_average),false
1788766173.858,153.575,-0.617,-3.384,1.980,-89.692,-0.619,-3.394,1.982,-89.733,-0.002,-0.010,0.002,0.011,11,weighted_average,kalman(weighted_average),false
1788766174.059,153.776,-0.613,-3.399,1.980,-89.642,-0.614,-3.399,1.980,-89.657,-0.000,-0.000,0.001,0.001,11,weighted_average,kalman(weighted_average),false
1788766174.150,153.867,-0.616,-3.402,1.986,-89.687,-0.615,-3.402,1.984,-89.668,0.001,0.000,-0.002,0.002,11,weighted_average,kalman(weighted_average),false
1788766174.224,153.941,-0.615,-3.412,1.986,-89.693,-0.615,-3.410,1.986,-89.682,0.000,0.002,0.000,0.002,11,weighted_average,kalman(weighted_average),false
1788766174.390,154.107,-1.389,-3.606,1.926,-98.188,-0.615,-3.410,1.986,-97.076,0.774,0.197,0.060,0.801,12,weighted_average,kalman(weighted_average),true
1788766174.469,154.186,-0.610,-3.426,1.992,-89.630,-0.610,-3.426,1.992,-92.688,-0.000,0.000,-0.000,0.001,11,weighted_average,kalman(weighted_average),false
1788766174.565,154.282,-0.609,-3.430,1.993,-89.646,-0.609,-3.431,1.993,-90.232,0.000,-0.001,0.000,0.001,11,weighted_average,kalman(weighted_average),false
1788766174.774,154.491,-0.607,-3.437,1.989,-89.670,-0.607,-3.437,1.989,-89.380,0.000,-0.000,0.000,0.000,11,weighted_average,kalman(weighted_average),false
1788766174.868,154.585,-0.606,-3.434,1.999,-89.680,-0.606,-3.435,1.997,-89.590,0.000,-0.001,-0.002,0.002,11,weighted_average,kalman(weighted_average),false
1788766174.958,154.675,-0.602,-3.439,1.997,-89.636,-0.602,-3.438,1.998,-89.650,-0.001,0.001,0.001,0.001,11,weighted_average,kalman(weighted_average),false
1788766175.129,154.847,-0.603,-3.437,1.995,-89.668,-0.602,-3.437,1.995,-89.683,0.000,-0.000,0.001,0.001,11,weighted_average,kalman(weighted_average),false
1788766175.206,154.923,-0.602,-3.439,1.995,-89.683,-0.602,-3.438,1.994,-89.686,-0.000,0.000,-0.000,0.001,11,weighted_average,kalman(weighted_average),false
1788766175.285,155.002,-0.601,-3.439,1.994,-89.685,-0.601,-3.439,1.994,-89.688,-0.000,0.000,-0.000,0.000,11,weighted_average,kalman(weighted_average),false
1788766175.474,155.191,-0.600,-3.438,1.994,-89.662,-0.600,-3.438,1.994,-89.666,0.000,-0.000,-0.000,0.000,11,weighted_average,kalman(weighted_average),false
1788766175.569,155.286,-0.598,-3.443,1.991,-89.604,-0.598,-3.442,1.991,-89.615,-0.000,0.001,0.001,0.001,11,weighted_average,kalman(weighted_average),false
1788766175.661,155.378,-0.599,-3.441,1.993,-89.593,-0.598,-3.441,1.992,-89.589,0.000,-0.001,-0.001,0.001,11,weighted_average,kalman(weighted_average),false
1788766175.845,155.562,-0.603,-3.443,1.997,-89.664,-0.603,-3.443,1.997,-89.650,0.000,0.000,-0.000,0.000,11,weighted_average,kalman(weighted_average),false
1788766175.937,155.654,-0.603,-3.442,1.997,-89.665,-0.604,-3.443,1.997,-89.671,-0.000,-0.000,0.001,0.001,11,weighted_average,kalman(weighted_average),false
1788766176.000,155.717,-0.600,-3.445,1.993,-89.622,-0.602,-3.444,1.995,-89.646,-0.001,0.001,0.001,0.002,11,weighted_average,kalman(weighted_average),false
1788766176.161,155.879,-0.603,-3.444,1.991,-89.677,-0.603,-3.444,1.991,-89.673,0.000,-0.000,0.000,0.000,11,weighted_average,kalman(weighted_average),false
1788766176.238,155.955,-0.599,-3.444,1.997,-89.628,-0.600,-3.444,1.995,-89.644,-0.001,0.000,-0.002,0.002,11,weighted_average,kalman(weighted_average),false
1788766176.320,156.037,-0.602,-3.440,1.991,-89.659,-0.601,-3.441,1.992,-89.652,0.001,-0.001,0.001,0.002,11,weighted_average,kalman(weighted_average),false
1788766176.530,156.247,-0.597,-3.443,1.991,-89.580,-0.597,-3.443,1.991,-89.586,-0.000,0.000,-0.000,0.000,11,weighted_average,kalman(weighted_average),false
1788766176.615,156.332,-0.597,-3.444,1.987,-89.564,-0.597,-3.444,1.988,-89.561,0.000,-0.000,0.001,0.001,11,weighted_average,kalman(weighted_average),false
1788766176.692,156.409,-0.569,-3.105,1.920,-88.975,-0.575,-3.186,1.935,-89.147,-0.006,-0.081,0.016,0.083,0,weighted_average,kalman(weighted_average),false
1788766176.880,156.597,-0.601,-3.431,1.982,-89.562,-0.598,-3.395,1.974,-89.462,0.003,0.036,-0.007,0.037,11,weighted_average,kalman(weighted_average),false
1788766176.959,156.676,-0.605,-3.429,1.977,-89.641,-0.607,-3.459,1.984,-89.646,-0.002,-0.031,0.007,0.032,11,weighted_average,kalman(weighted_average),false
1788766177.027,156.744,-0.602,-3.426,1.975,-89.578,-0.606,-3.459,1.982,-89.657,-0.004,-0.033,0.007,0.034,11,weighted_average,kalman(weighted_average),false
1788766177.225,156.942,-0.599,-3.425,1.971,-89.521,-0.600,-3.432,1.972,-89.558,-0.001,-0.007,0.001,0.007,11,weighted_average,kalman(weighted_average),false
1788766177.321,157.038,-0.600,-3.421,1.969,-89.541,-0.599,-3.416,1.968,-89.525,0.001,0.005,-0.001,0.005,11,weighted_average,kalman(weighted_average),false
1788766177.416,157.133,-0.601,-3.419,1.976,-89.552,-0.600,-3.414,1.974,-89.532,0.001,0.004,-0.003,0.005,11,weighted_average,kalman(weighted_average),false
1788766177.620,157.337,-0.601,-3.416,1.972,-89.586,-0.601,-3.415,1.972,-89.579,-0.000,0.001,0.000,0.001,11,weighted_average,kalman(weighted_average),false
1788766177.701,157.418,-0.599,-3.417,1.979,-89.567,-0.600,-3.417,1.977,-89.576,-0.001,-0.000,-0.002,0.002,11,weighted_average,kalman(weighted_average),false
1788766177.772,157.489,-0.597,-3.419,1.971,-89.532,-0.597,-3.419,1.973,-89.550,-0.000,0.000,0.002,0.002,11,weighted_average,kalman(weighted_average),false
1788766177.944,157.661,-0.600,-3.416,1.972,-89.603,-0.600,-3.417,1.972,-89.594,0.001,-0.000,-0.000,0.001,11,weighted_average,kalman(weighted_average),false
1788766178.049,157.767,-0.599,-3.416,1.971,-89.588,-0.600,-3.416,1.971,-89.595,-0.000,0.000,0.000,0.000,11,weighted_average,kalman(weighted_average),false
1788766178.137,157.855,-0.599,-3.415,1.974,-89.588,-0.599,-3.415,1.973,-89.593,-0.000,0.000,-0.001,0.001,11,weighted_average,kalman(weighted_average),false
1788766178.329,158.046,-0.595,-3.415,1.977,-89.537,-0.595,-3.415,1.977,-89.543,-0.000,0.000,-0.000,0.000,11,weighted_average,kalman(weighted_average),false
1788766178.406,158.123,-0.595,-3.418,1.973,-89.554,-0.594,-3.417,1.974,-89.544,0.000,0.000,0.001,0.001,11,weighted_average,kalman(weighted_average),false
1788766178.488,158.205,-0.594,-3.420,1.978,-89.547,-0.594,-3.419,1.977,-89.543,0.000,0.000,-0.001,0.001,11,weighted_average,kalman(weighted_average),false
1788766178.691,158.409,-0.591,-3.426,1.978,-89.518,-0.591,-3.426,1.978,-89.519,-0.000,0.000,0.000,0.000,11,weighted_average,kalman(weighted_average),false
1788766178.759,158.477,-0.594,-3.423,1.975,-89.537,-0.593,-3.424,1.976,-89.529,0.001,-0.001,0.001,0.002,11,weighted_average,kalman(weighted_average),false
1788766178.822,158.539,-0.594,-3.423,1.971,-89.527,-0.594,-3.424,1.972,-89.528,0.000,-0.000,0.001,0.001,11,weighted_average,kalman(weighted_average),false
1788766179.039,158.756,-0.597,-3.423,1.970,-89.537,-0.597,-3.423,1.970,-89.536,0.000,0.000,-0.000,0.000,11,weighted_average,kalman(weighted_average),false
1788766179.132,158.849,-0.597,-3.428,1.969,-89.562,-0.597,-3.427,1.969,-89.557,-0.000,0.001,0.000,0.001,11,weighted_average,kalman(weighted_average),false
1788766179.221,158.938,-0.569,-3.099,1.914,-89.008,-0.575,-3.166,1.925,-89.161,-0.006,-0.067,0.011,0.068,0,weighted_average,kalman(weighted_average),false
1788766179.424,159.141,-0.602,-3.428,1.970,-89.573,-0.599,-3.396,1.965,-89.492,0.003,0.032,-0.005,0.033,11,weighted_average,kalman(weighted_average),false
1788766179.513,159.230,-0.595,-3.434,1.966,-89.447,-0.600,-3.467,1.972,-89.513,-0.005,-0.033,0.007,0.034,11,weighted_average,kalman(weighted_average),false
1788766179.588,159.306,-0.602,-3.429,1.967,-89.503,-0.602,-3.461,1.971,-89.534,-0.001,-0.032,0.005,0.032,11,weighted_average,kalman(weighted_average),false
1788766179.765,159.483,-0.601,-3.439,1.963,-89.477,-0.602,-3.444,1.964,-89.498,-0.001,-0.006,0.001,0.006,11,weighted_average,kalman(weighted_average),false
1788766179.865,159.582,-0.606,-3.435,1.966,-89.517,-0.605,-3.433,1.965,-89.506,0.001,0.002,-0.002,0.003,11,weighted_average,kalman(weighted_average),false
1788766179.957,159.674,-0.609,-3.435,1.963,-89.537,-0.609,-3.432,1.963,-89.528,0.000,0.003,0.000,0.003,11,weighted_average,kalman(weighted_average),false
1788766180.172,159.889,-0.615,-3.435,1.967,-89.547,-0.615,-3.434,1.966,-89.548,-0.000,0.000,-0.000,0.001,11,weighted_average,kalman(weighted_average),false
1788766180.259,159.976,-0.612,-3.437,1.971,-89.489,-0.613,-3.437,1.970,-89.505,-0.001,0.000,-0.000,0.001,11,weighted_average,kalman(weighted_average),false
1788766180.343,160.060,-0.613,-3.435,1.969,-89.484,-0.613,-3.436,1.970,-89.484,0.000,-0.001,0.001,0.001,11,weighted_average,kalman(weighted_average),false
1788766180.517,160.234,-0.615,-3.439,1.965,-89.503,-0.614,-3.439,1.966,-89.496,0.000,0.000,0.000,0.001,11,weighted_average,kalman(weighted_average),false
1788766180.592,160.309,-0.616,-3.437,1.976,-89.528,-0.616,-3.438,1.973,-89.521,0.000,-0.001,-0.003,0.003,11,weighted_average,kalman(weighted_average),false
1788766180.669,160.386,-0.611,-3.440,1.970,-89.413,-0.613,-3.439,1.972,-89.452,-0.002,0.001,0.002,0.003,11,weighted_average,kalman(weighted_average),false
1788766180.870,160.587,-0.620,-3.439,1.959,-89.496,-0.619,-3.440,1.959,-89.486,0.001,-0.000,0.001,0.001,11,weighted_average,kalman(weighted_average),false
1788766180.951,160.668,-0.622,-3.438,1.957,-89.526,-0.622,-3.438,1.956,-89.522,-0.000,-0.000,-0.001,0.001,11,weighted_average,kalman(weighted_average),false
1788766181.042,160.759,-0.620,-3.440,1.959,-89.492,-0.621,-3.440,1.957,-89.509,-0.001,0.000,-0.001,0.002,11,weighted_average,kalman(weighted_average),false
1788766181.235,160.952,-0.618,-3.441,1.956,-89.449,-0.618,-3.441,1.956,-89.456,-0.000,0.000,0.000,0.000,11,weighted_average,kalman(weighted_average),false
1788766181.329,161.046,-0.620,-3.440,1.952,-89.443,-0.619,-3.440,1.953,-89.439,0.001,-0.000,0.001,0.001,11,weighted_average,kalman(weighted_average),false
1788766181.390,161.107,-0.622,-3.440,1.947,-89.483,-0.621,-3.440,1.948,-89.462,0.001,0.000,0.001,0.001,11,weighted_average,kalman(weighted_average),false
1788766181.569,161.287,-0.624,-3.444,1.939,-89.506,-0.624,-3.443,1.939,-89.501,-0.000,0.000,0.000,0.000,11,weighted_average,kalman(weighted_average),false
1788766181.661,161.378,-0.591,-3.108,1.887,-88.914,-0.597,-3.168,1.895,-89.059,-0.006,-0.060,0.008,0.061,0,weighted_average,kalman(weighted_average),false
1788766181.739,161.457,-0.631,-3.438,1.940,-89.599,-0.597,-3.168,1.895,-89.367,0.034,0.270,-0.045,0.276,11,weighted_average,kalman(weighted_average),true
1788766181.945,161.662,-0.618,-3.448,1.936,-89.383,-0.617,-3.441,1.934,-89.395,0.001,0.007,-0.001,0.007,11,weighted_average,kalman(weighted_average),false
1788766182.041,161.758,-0.621,-3.443,1.933,-89.431,-0.622,-3.463,1.936,-89.423,-0.001,-0.020,0.003,0.020,11,weighted_average,kalman(weighted_average),false
1788766182.128,161.846,-0.623,-3.440,1.935,-89.458,-0.624,-3.451,1.936,-89.453,-0.001,-0.011,0.001,0.011,11,weighted_average,kalman(weighted_average),false
1788766182.294,162.011,-0.621,-3.440,1.936,-89.431,-0.621,-3.441,1.936,-89.440,-0.001,-0.001,0.000,0.001,11,weighted_average,kalman(weighted_average),false
1788766182.365,162.082,-0.590,-3.107,1.878,-88.916,-0.597,-3.185,1.892,-89.069,-0.007,-0.077,0.014,0.079,0,weighted_average,kalman(weighted_average),false
1788766182.465,162.182,-0.598,-3.106,1.881,-89.014,-0.594,-3.079,1.876,-88.961,0.004,0.027,-0.005,0.027,0,weighted_average,kalman(weighted_average),false
1788766182.688,162.405,-0.593,-3.106,1.883,-88.937,-0.593,-3.093,1.881,-88.912,0.001,0.013,-0.002,0.013,0,weighted_average,kalman(weighted_average),false
1788766182.773,162.490,-0.623,-3.437,1.934,-89.464,-0.618,-3.380,1.925,-89.326,0.006,0.057,-0.008,0.058,11,weighted_average,kalman(weighted_average),false
1788766182.869,162.586,-0.624,-3.435,1.926,-89.421,-0.626,-3.470,1.933,-89.467,-0.003,-0.036,0.007,0.037,11,weighted_average,kalman(weighted_average),false
1788766183.068,162.785,-0.631,-3.428,1.930,-89.486,-0.632,-3.441,1.932,-89.518,-0.001,-0.014,0.002,0.014,11,weighted_average,kalman(weighted_average),false
1788766183.150,162.867,-0.631,-3.427,1.929,-89.460,-0.631,-3.418,1.928,-89.473,0.000,0.008,-0.001,0.009,11,weighted_average,kalman(weighted_average),false
1788766183.221,162.938,-0.630,-3.427,1.931,-89.394,-0.630,-3.417,1.929,-89.411,-0.000,0.010,-0.001,0.010,11,weighted_average,kalman(weighted_average),false
1788766183.426,163.144,-0.632,-3.432,1.931,-89.419,-0.632,-3.429,1.930,-89.408,0.000,0.002,-0.000,0.002,11,weighted_average,kalman(weighted_average),false
1788766183.520,163.237,-0.632,-3.433,1.926,-89.393,-0.632,-3.435,1.927,-89.399,-0.000,-0.002,0.001,0.002,11,weighted_average,kalman(weighted_average),false
1788766183.605,163.323,-0.634,-3.434,1.929,-89.393,-0.633,-3.435,1.928,-89.394,0.000,-0.002,-0.001,0.002,11,weighted_average,kalman(weighted_average),false
1788766183.813,163.530,-0.608,-3.096,1.876,-88.893,-0.610,-3.112,1.879,-88.936,-0.001,-0.016,0.002,0.016,0,weighted_average,kalman(weighted_average),false
1788766183.905,163.622,-0.641,-3.430,1.923,-89.416,-0.610,-3.112,1.879,-89.244,0.031,0.318,-0.045,0.322,11,weighted_average,kalman(weighted_average),true
1788766183.974,163.691,-0.641,-3.436,1.916,-89.423,-0.639,-3.411,1.914,-89.388,0.002,0.024,-0.003,0.025,11,weighted_average,kalman(weighted_average),false
1788766184.125,163.842,-0.609,-3.100,1.866,-88.871,-0.615,-3.155,1.873,-88.988,-0.005,-0.055,0.007,0.055,0,weighted_average,kalman(weighted_average),false
1788766184.202,163.919,-0.613,-3.098,1.865,-88.918,-0.610,-3.073,1.861,-88.881,0.003,0.026,-0.004,0.026,0,weighted_average,kalman(weighted_average),false
1788766184.286,164.003,-0.642,-3.435,1.916,-89.407,-0.610,-3.073,1.861,-89.201,0.032,0.362,-0.055,0.368,11,weighted_average,kalman(weighted_average),true
1788766184.480,164.197,-0.641,-3.441,1.922,-89.430,-0.640,-3.431,1.920,-89.433,0.001,0.010,-0.002,0.010,11,weighted_average,kalman(weighted_average),false
1788766184.570,164.287,-0.642,-3.437,1.924,-89.433,-0.644,-3.463,1.927,-89.458,-0.002,-0.026,0.004,0.026,11,weighted_average,kalman(weighted_average),false
1788766184.659,164.377,-0.640,-3.443,1.922,-89.413,-0.642,-3.458,1.925,-89.440,-0.002,-0.015,0.003,0.015,11,weighted_average,kalman(weighted_average),false
1788766184.839,164.556,-0.638,-3.449,1.924,-89.395,-0.638,-3.451,1.925,-89.402,-0.000,-0.002,0.000,0.002,11,weighted_average,kalman(weighted_average),false
1788766184.917,164.634,-0.635,-3.455,1.930,-89.377,-0.635,-3.453,1.929,-89.379,-0.000,0.002,-0.001,0.003,11,weighted_average,kalman(weighted_average),false
1788766184.987,164.704,-0.635,-3.457,1.927,-89.382,-0.634,-3.455,1.928,-89.374,0.000,0.001,0.001,0.002,11,weighted_average,kalman(weighted_average),false
1788766185.175,164.892,-0.638,-3.461,1.923,-89.488,-0.638,-3.461,1.923,-89.473,0.000,0.000,0.000,0.001,11,weighted_average,kalman(weighted_average),false
1788766185.265,164.982,-0.602,-3.122,1.875,-88.866,-0.609,-3.184,1.883,-89.027,-0.007,-0.063,0.008,0.064,0,weighted_average,kalman(weighted_average),false
1788766185.338,165.055,-0.633,-3.463,1.929,-89.429,-0.609,-3.184,1.883,-89.237,0.024,0.279,-0.046,0.284,11,weighted_average,kalman(weighted_average),true
1788766185.544,165.261,-0.629,-3.464,1.920,-89.404,-0.629,-3.457,1.919,-89.390,0.001,0.007,-0.001,0.008,11,weighted_average,kalman(weighted_average),false
1788766185.620,165.337,-0.605,-3.122,1.868,-88.973,-0.629,-3.457,1.919,-89.106,-0.024,-0.335,0.051,0.339,0,weighted_average,kalman(weighted_average),true
1788766185.686,165.403,-0.628,-3.458,1.924,-89.408,-0.628,-3.458,1.923,-89.269,-0.000,0.000,-0.000,0.000,11,weighted_average,kalman(weighted_average),false
1788766185.852,165.569,-0.625,-3.455,1.927,-89.375,-0.625,-3.456,1.927,-89.368,-0.000,-0.000,0.000,0.000,11,weighted_average,kalman(weighted_average),false
1788766185.941,165.658,-0.626,-3.453,1.933,-89.405,-0.625,-3.453,1.933,-89.410,0.000,-0.000,-0.001,0.001,11,weighted_average,kalman(weighted_average),false
1788766186.031,165.748,-0.621,-3.454,1.932,-89.349,-0.622,-3.454,1.933,-89.379,-0.001,0.001,0.001,0.002,11,weighted_average,kalman(weighted_average),false
1788766186.234,165.951,-0.624,-3.445,1.925,-89.368,-0.624,-3.446,1.925,-89.369,0.000,-0.000,0.001,0.001,11,weighted_average,kalman(weighted_average),false
1788766186.300,166.017,-0.593,-3.109,1.874,-88.852,-0.601,-3.191,1.886,-89.007,-0.008,-0.082,0.012,0.084,0,weighted_average,kalman(weighted_average),false
1788766186.395,166.112,-0.602,-3.099,1.874,-88.935,-0.598,-3.075,1.869,-88.889,0.004,0.023,-0.004,0.024,0,weighted_average,kalman(weighted_average),false
1788766186.591,166.309,-0.634,-3.419,1.933,-89.553,-0.631,-3.389,1.928,-89.464,0.002,0.030,-0.005,0.031,11,weighted_average,kalman(weighted_average),false
1788766186.661,166.378,-0.628,-3.417,1.929,-89.410,-0.633,-3.455,1.937,-89.504,-0.005,-0.038,0.008,0.040,11,weighted_average,kalman(weighted_average),false
1788766186.726,166.443,-0.626,-3.415,1.929,-89.636,-0.630,-3.457,1.936,-89.641,-0.004,-0.042,0.007,0.043,11,weighted_average,kalman(weighted_average),false
1788766186.860,166.577,-0.627,-3.403,1.936,-91.014,-0.628,-3.422,1.938,-90.807,-0.001,-0.018,0.002,0.019,11,weighted_average,kalman(weighted_average),false
1788766186.915,166.632,-0.627,-3.395,1.938,-91.699,-0.627,-3.398,1.938,-91.533,0.000,-0.003,-0.000,0.003,11,weighted_average,kalman(weighted_average),false
1788766186.973,166.690,-0.623,-3.399,1.938,-92.349,-0.624,-3.391,1.938,-92.257,-0.001,0.008,0.000,0.008,11,weighted_average,kalman(weighted_average),false
1788766187.030,166.747,-0.624,-3.392,1.942,-93.047,-0.623,-3.387,1.941,-92.979,0.001,0.005,-0.001,0.005,11,weighted_average,kalman(weighted_average),false
1788766187.175,166.892,-0.632,-3.378,1.947,-95.322,-0.631,-3.376,1.947,-95.199,0.001,0.002,-0.000,0.002,11,weighted_average,kalman(weighted_average),false
1788766187.234,166.951,-0.622,-3.382,1.948,-95.230,-0.626,-3.380,1.948,-95.530,-0.004,0.003,0.001,0.004,11,weighted_average,kalman(weighted_average),false
1788766187.289,167.006,-0.589,-3.048,1.897,-95.155,-0.601,-3.161,1.915,-95.558,-0.012,-0.112,0.018,0.114,0,weighted_average,kalman(weighted_average),false
1788766187.343,167.061,-0.581,-3.050,1.903,-95.354,-0.584,-3.051,1.902,-95.610,-0.003,-0.002,-0.001,0.004,0,weighted_average,kalman(weighted_average),false
1788766187.490,167.207,-0.587,-3.048,1.897,-96.534,-0.582,-3.017,1.894,-96.491,0.005,0.032,-0.004,0.032,0,weighted_average,kalman(weighted_average),false
1788766187.544,167.261,-0.601,-3.041,1.897,-97.329,-0.596,-3.035,1.896,-97.142,0.005,0.006,-0.001,0.008,0,weighted_average,kalman(weighted_average),false
1788766187.595,167.312,-0.589,-3.039,1.902,-97.849,-0.594,-3.041,1.900,-97.733,-0.005,-0.003,-0.002,0.006,0,weighted_average,kalman(weighted_average),false
1788766187.651,167.369,-0.586,-3.047,1.913,-98.025,-0.590,-3.049,1.909,-98.130,-0.004,-0.001,-0.004,0.006,0,weighted_average,kalman(weighted_average),false
1788766187.791,167.508,-0.592,-3.033,1.901,-99.734,-0.591,-3.037,1.904,-99.652,0.000,-0.005,0.003,0.005,0,weighted_average,kalman(weighted_average),false
1788766187.853,167.571,-0.581,-3.034,1.900,-99.830,-0.584,-3.033,1.900,-99.997,-0.003,0.001,-0.000,0.003,0,weighted_average,kalman(weighted_average),false
1788766187.908,167.626,-0.593,-3.038,1.906,-100.564,-0.589,-3.035,1.903,-100.523,0.004,0.004,-0.003,0.006,0,weighted_average,kalman(weighted_average),false
1788766187.961,167.678,-0.571,-3.047,1.896,-100.804,-0.578,-3.042,1.898,-100.886,-0.007,0.005,0.003,0.009,0,weighted_average,kalman(weighted_average),false
1788766188.107,167.824,-0.592,-3.044,1.897,-102.341,-0.589,-3.045,1.896,-102.292,0.003,-0.000,-0.001,0.003,0,weighted_average,kalman(weighted_average),false
1788766188.165,167.882,-0.576,-3.054,1.907,-102.657,-0.581,-3.052,1.904,-102.725,-0.006,0.002,-0.003,0.007,0,weighted_average,kalman(weighted_average),false
1788766188.224,167.941,-0.587,-3.050,1.898,-103.180,-0.585,-3.052,1.901,-103.205,0.002,-0.002,0.003,0.004,0,weighted_average,kalman(weighted_average),false
1788766188.281,167.998,-0.576,-3.062,1.890,-103.626,-0.579,-3.059,1.894,-103.650,-0.004,0.003,0.004,0.006,0,weighted_average,kalman(weighted_average),false
1788766188.420,168.137,-0.568,-3.081,1.904,-105.246,-0.569,-3.079,1.902,-105.154,-0.001,0.001,-0.002,0.003,0,weighted_average,kalman(weighted_average),false
1788766188.482,168.200,-0.590,-3.085,1.909,-105.914,-0.583,-3.086,1.909,-105.885,0.007,-0.001,-0.001,0.007,0,weighted_average,kalman(weighted_average),false
1788766188.542,168.259,-0.573,-3.100,1.921,-106.377,-0.578,-3.098,1.919,-106.443,-0.005,0.002,-0.002,0.006,0,weighted_average,kalman(weighted_average),false
1788766188.596,168.314,-0.581,-3.104,1.919,-107.296,-0.580,-3.105,1.922,-107.173,0.001,-0.001,0.003,0.003,0,weighted_average,kalman(weighted_average),false
1788766188.751,168.468,-0.749,-3.458,2.004,-108.295,-0.732,-3.426,1.997,-108.408,0.016,0.032,-0.007,0.037,13,weighted_average,kalman(weighted_average),false
1788766188.821,168.538,-0.758,-3.479,1.974,-109.127,-0.772,-3.509,1.990,-109.072,-0.014,-0.030,0.016,0.037,13,weighted_average,kalman(weighted_average),false
1788766188.880,168.598,-0.762,-3.478,1.987,-110.040,-0.780,-3.520,1.991,-109.870,-0.019,-0.042,0.004,0.046,13,weighted_average,kalman(weighted_average),false
1788766188.934,168.651,-0.778,-3.495,1.975,-111.036,-0.788,-3.522,1.983,-110.777,-0.010,-0.027,0.007,0.029,13,weighted_average,kalman(weighted_average),false
1788766189.080,168.797,-0.768,-3.521,1.991,-112.463,-0.775,-3.529,1.990,-112.504,-0.007,-0.009,-0.001,0.011,13,weighted_average,kalman(weighted_average),false
1788766189.140,168.857,-0.790,-3.541,1.965,-113.516,-0.783,-3.537,1.973,-113.411,0.007,0.004,0.008,0.011,13,weighted_average,kalman(weighted_average),false
1788766189.196,168.913,-0.802,-3.554,1.980,-114.408,-0.795,-3.550,1.975,-114.309,0.006,0.005,-0.005,0.009,13,weighted_average,kalman(weighted_average),false
1788766189.255,168.972,-0.788,-3.562,1.974,-114.646,-0.793,-3.561,1.974,-114.855,-0.005,0.002,-0.000,0.005,13,weighted_average,kalman(weighted_average),false
1788766189.400,169.117,-0.783,-3.576,1.992,-116.225,-0.784,-3.577,1.989,-116.302,-0.002,-0.001,-0.003,0.003,13,weighted_average,kalman(weighted_average),false
1788766189.465,169.182,-0.780,-3.591,1.984,-116.971,-0.780,-3.589,1.987,-116.966,0.000,0.002,0.004,0.004,13,weighted_average,kalman(weighted_average),false
1788766189.526,169.243,-0.773,-3.584,1.976,-117.858,-0.774,-3.589,1.981,-117.753,-0.001,-0.004,0.004,0.006,13,weighted_average,kalman(weighted_average),false
1788766189.584,169.301,-0.773,-3.585,1.996,-118.664,-0.772,-3.587,1.990,-118.558,0.001,-0.003,-0.006,0.007,13,weighted_average,kalman(weighted_average),false
1788766189.726,169.443,-0.773,-3.591,1.975,-120.358,-0.772,-3.591,1.978,-120.348,0.001,0.000,0.003,0.003,13,weighted_average,kalman(weighted_average),false
1788766189.783,169.500,-0.763,-3.585,1.993,-121.098,-0.766,-3.587,1.987,-121.088,-0.003,-0.002,-0.006,0.007,13,weighted_average,kalman(weighted_average),false
1788766189.836,169.553,-0.736,-3.590,1.969,-121.622,-0.746,-3.588,1.976,-121.679,-0.009,0.001,0.007,0.012,13,weighted_average,kalman(weighted_average),false
1788766189.897,169.614,-0.742,-3.581,1.976,-122.597,-0.739,-3.584,1.974,-122.524,0.003,-0.002,-0.002,0.004,13,weighted_average,kalman(weighted_average),false
1788766190.045,169.762,-0.740,-3.568,1.970,-124.326,-0.738,-3.569,1.970,-124.344,0.003,-0.001,-0.000,0.003,13,weighted_average,kalman(weighted_average),false
1788766190.102,169.819,-0.733,-3.561,1.971,-125.064,-0.734,-3.562,1.970,-125.062,-0.002,-0.001,-0.001,0.002,13,weighted_average,kalman(weighted_average),false
1788766190.158,169.875,-0.734,-3.554,1.968,-125.533,-0.734,-3.555,1.968,-125.622,0.000,-0.000,0.001,0.001,13,weighted_average,kalman(weighted_average),false
1788766190.206,169.923,-0.714,-3.549,1.970,-126.077,-0.721,-3.549,1.969,-126.122,-0.007,0.000,-0.001,0.007,13,weighted_average,kalman(weighted_average),false
1788766190.342,170.059,-0.704,-3.521,1.960,-127.667,-0.704,-3.523,1.961,-127.658,-0.000,-0.002,0.001,0.002,13,weighted_average,kalman(weighted_average),false
1788766190.401,170.118,-0.685,-3.371,2.020,-128.864,-0.688,-3.411,2.002,-128.672,-0.003,-0.040,-0.018,0.044,5,weighted_average,kalman(weighted_average),false
1788766190.456,170.173,-0.686,-3.345,2.020,-129.983,-0.683,-3.347,2.020,-129.761,0.003,-0.002,0.000,0.004,5,weighted_average,kalman(weighted_average),false
1788766190.507,170.224,-0.677,-3.337,1.996,-130.687,-0.676,-3.319,2.012,-130.639,0.001,0.018,0.015,0.023,5,weighted_average,kalman(weighted_average),false
1788766190.642,170.359,-0.661,-3.300,2.022,-132.145,-0.660,-3.287,2.022,-132.300,0.000,0.013,0.001,0.013,5,weighted_average,kalman(weighted_average),false
1788766190.699,170.416,-0.654,-3.286,2.017,-132.618,-0.654,-3.284,2.020,-132.761,0.000,0.002,0.003,0.004,5,weighted_average,kalman(weighted_average),false
1788766190.755,170.472,-0.659,-3.339,1.995,-132.441,-0.655,-3.318,2.004,-132.818,0.004,0.021,0.009,0.023,5|13,weighted_average,kalman(weighted_average),false
1788766190.810,170.528,-0.647,-3.331,2.000,-132.625,-0.649,-3.331,1.999,-132.874,-0.002,-0.000,-0.001,0.002,5|13,weighted_average,kalman(weighted_average),false
1788766190.949,170.666,-0.623,-3.311,2.001,-132.932,-0.625,-3.317,1.998,-133.049,-0.002,-0.007,-0.002,0.007,5|13,weighted_average,kalman(weighted_average),false
1788766191.004,170.722,-0.605,-3.241,2.024,-133.292,-0.608,-3.261,2.017,-133.234,-0.003,-0.020,-0.007,0.022,5,weighted_average,kalman(weighted_average),false
1788766191.060,170.777,-0.608,-3.218,2.043,-133.629,-0.603,-3.222,2.037,-133.518,0.005,-0.004,-0.006,0.008,5,weighted_average,kalman(weighted_average),false
1788766191.119,170.836,-0.610,-3.283,2.008,-133.104,-0.605,-3.249,2.024,-133.361,0.006,0.034,0.015,0.038,5|13,weighted_average,kalman(weighted_average),false
1788766191.257,170.974,-0.591,-3.203,2.036,-133.478,-0.592,-3.207,2.034,-133.478,-0.000,-0.004,-0.001,0.005,5,weighted_average,kalman(weighted_average),false
1788766191.316,171.033,-0.593,-3.200,2.036,-133.468,-0.591,-3.197,2.037,-133.489,0.002,0.004,0.001,0.004,5,weighted_average,kalman(weighted_average),false
1788766191.370,171.087,-0.602,-3.190,2.023,-133.643,-0.598,-3.188,2.029,-133.593,0.005,0.002,0.006,0.008,5,weighted_average,kalman(weighted_average),false
1788766191.421,171.138,-0.618,-3.244,2.006,-133.298,-0.611,-3.218,2.014,-133.455,0.007,0.025,0.008,0.027,5|13,weighted_average,kalman(weighted_average),false
1788766191.557,171.274,-0.624,-3.174,2.031,-133.645,-0.625,-3.183,2.026,-133.596,-0.001,-0.009,-0.005,0.010,5,weighted_average,kalman(weighted_average),false
1788766191.613,171.331,-0.647,-3.227,2.016,-133.458,-0.642,-3.209,2.020,-133.527,0.005,0.018,0.005,0.019,5|13,weighted_average,kalman(weighted_average),false
1788766191.666,171.383,-0.648,-3.233,2.016,-133.187,-0.649,-3.226,2.018,-133.331,-0.002,0.007,0.002,0.008,5|13,weighted_average,kalman(weighted_average),false
1788766191.718,171.435,-0.676,-3.221,2.001,-133.516,-0.669,-3.226,2.007,-133.402,0.007,-0.006,0.006,0.011,5|13,weighted_average,kalman(weighted_average),false
1788766191.855,171.572,-0.690,-3.227,2.002,-133.256,-0.692,-3.229,2.001,-133.276,-0.002,-0.002,-0.001,0.003,5|13,weighted_average,kalman(weighted_average),false
1788766191.928,171.645,-0.717,-3.159,2.019,-133.814,-0.714,-3.176,2.014,-133.629,0.003,-0.017,-0.005,0.018,5,weighted_average,kalman(weighted_average),false
1788766191.986,171.703,-0.715,-3.166,2.048,-133.514,-0.719,-3.161,2.039,-133.604,-0.004,0.005,-0.009,0.011,5,weighted_average,kalman(weighted_average),false
1788766192.033,171.750,-0.741,-3.157,2.031,-133.767,-0.735,-3.152,2.039,-133.715,0.005,0.005,0.008,0.011,5,weighted_average,kalman(weighted_average),false
1788766192.176,171.893,-0.787,-3.228,2.003,-133.218,-0.785,-3.214,2.010,-133.359,0.002,0.014,0.007,0.016,5|13,weighted_average,kalman(weighted_average),false
1788766192.228,171.945,-0.802,-3.172,2.018,-133.539,-0.803,-3.194,2.011,-133.426,-0.001,-0.022,-0.007,0.023,5,weighted_average,kalman(weighted_average),false
1788766192.283,172.000,-0.810,-3.171,2.036,-133.522,-0.814,-3.181,2.025,-133.459,-0.004,-0.010,-0.011,0.015,5,weighted_average,kalman(weighted_average),false
1788766192.332,172.049,-0.833,-3.178,2.032,-133.406,-0.831,-3.178,2.030,-133.421,0.002,0.000,-0.002,0.002,5,weighted_average,kalman(weighted_average),false
1788766192.473,172.190,-0.905,-3.315,1.995,-132.758,-0.901,-3.297,2.001,-132.878,0.004,0.018,0.006,0.019,13,weighted_average,kalman(weighted_average),false
1788766192.525,172.242,-0.934,-3.308,1.990,-132.912,-0.932,-3.321,1.989,-132.826,0.002,-0.013,-0.001,0.013,13,weighted_average,kalman(weighted_average),false
1788766192.582,172.299,-0.948,-3.315,1.951,-132.890,-0.953,-3.331,1.959,-132.801,-0.006,-0.016,0.008,0.019,13,weighted_average,kalman(weighted_average),false
1788766192.635,172.352,-0.976,-3.309,1.980,-132.968,-0.977,-3.326,1.965,-132.853,-0.000,-0.017,-0.015,0.023,13,weighted_average,kalman(weighted_average),false
1788766192.777,172.494,-1.025,-3.317,1.978,-132.852,-1.027,-3.322,1.974,-132.831,-0.002,-0.005,-0.004,0.007,13,weighted_average,kalman(weighted_average),false
1788766192.824,172.542,-1.076,-3.311,1.990,-133.174,-1.065,-3.314,1.987,-133.039,0.011,-0.002,-0.004,0.011,13,weighted_average,kalman(weighted_average),false
1788766192.882,172.599,-1.067,-3.317,1.961,-132.901,-1.077,-3.314,1.973,-132.990,-0.010,0.003,0.012,0.016,13,weighted_average,kalman(weighted_average),false
1788766192.934,172.651,-1.115,-3.315,1.976,-133.133,-1.108,-3.313,1.974,-133.081,0.007,0.002,-0.002,0.007,13,weighted_average,kalman(weighted_average),false
1788766193.078,172.795,-1.170,-3.329,1.953,-133.051,-1.170,-3.327,1.955,-133.083,-0.001,0.002,0.002,0.003,13,weighted_average,kalman(weighted_average),false
1788766193.146,172.863,-1.049,-3.062,1.871,-133.322,-1.087,-3.130,1.889,-133.247,-0.038,-0.068,0.018,0.080,0,weighted_average,kalman(weighted_average),false
1788766193.196,172.913,-1.048,-3.060,1.965,-133.495,-1.052,-3.056,1.927,-133.416,-0.004,0.004,-0.038,0.038,0,weighted_average,kalman(weighted_average),false
1788766193.249,172.966,-1.054,-3.053,1.960,-133.487,-1.041,-3.023,1.947,-133.501,0.013,0.030,-0.012,0.035,0,weighted_average,kalman(weighted_average),false
1788766193.384,173.101,-1.076,-3.033,1.944,-133.320,-1.064,-3.012,1.947,-133.411,0.012,0.021,0.004,0.025,0,weighted_average,kalman(weighted_average),false
1788766193.435,173.152,-1.088,-3.029,1.940,-133.261,-1.084,-3.024,1.942,-133.308,0.004,0.005,0.002,0.007,0,weighted_average,kalman(weighted_average),false
1788766193.488,173.206,-1.096,-3.024,1.954,-133.119,-1.097,-3.027,1.948,-133.175,-0.002,-0.002,-0.005,0.006,0,weighted_average,kalman(weighted_average),false
1788766193.546,173.263,-1.105,-3.013,1.935,-133.167,-1.108,-3.019,1.940,-133.131,-0.003,-0.007,0.005,0.009,0,weighted_average,kalman(weighted_average),false
1788766193.689,173.406,-1.124,-3.012,1.952,-132.983,-1.126,-3.012,1.949,-132.977,-0.002,-0.001,-0.002,0.003,0,weighted_average,kalman(weighted_average),false
1788766193.742,173.459,-1.372,-3.307,1.987,-132.751,-1.126,-3.012,1.949,-132.812,0.245,0.295,-0.038,0.386,13,weighted_average,kalman(weighted_average),true
1788766193.794,173.511,-1.398,-3.292,1.960,-133.011,-1.355,-3.247,1.958,-132.886,0.044,0.045,-0.002,0.063,13,weighted_average,kalman(weighted_average),false
1788766193.852,173.569,-1.386,-3.293,1.990,-132.785,-1.407,-3.310,1.981,-132.813,-0.020,-0.017,-0.009,0.028,13,weighted_average,kalman(weighted_average),false
1788766193.990,173.707,-1.462,-3.279,2.016,-133.230,-1.477,-3.307,2.015,-133.120,-0.015,-0.028,-0.001,0.032,13,weighted_average,kalman(weighted_average),false
1788766194.047,173.764,-1.448,-3.268,1.979,-133.110,-1.464,-3.276,1.994,-133.155,-0.015,-0.008,0.015,0.023,13,weighted_average,kalman(weighted_average),false
1788766194.101,173.818,-1.463,-3.269,1.967,-133.203,-1.465,-3.265,1.975,-133.216,-0.002,0.005,0.008,0.010,13,weighted_average,kalman(weighted_average),false
1788766194.155,173.872,-1.463,-3.267,1.981,-133.184,-1.465,-3.260,1.974,-133.230,-0.002,0.007,-0.006,0.009,13,weighted_average,kalman(weighted_average),false
1788766194.289,174.006,-1.446,-3.275,1.975,-132.928,-1.449,-3.270,1.973,-133.019,-0.003,0.006,-0.002,0.007,13,weighted_average,kalman(weighted_average),false
1788766194.347,174.064,-1.441,-3.274,1.981,-132.894,-1.441,-3.275,1.979,-132.910,-0.000,-0.000,-0.002,0.002,13,weighted_average,kalman(weighted_average),false
1788766194.396,174.114,-1.444,-3.280,1.966,-132.875,-1.440,-3.280,1.972,-132.857,0.003,0.000,0.005,0.006,13,weighted_average,kalman(weighted_average),false
1788766194.452,174.169,-1.437,-3.277,2.006,-132.824,-1.436,-3.280,1.993,-132.805,0.000,-0.003,-0.013,0.014,13,weighted_average,kalman(weighted_average),false
1788766194.589,174.306,-1.456,-3.263,1.982,-133.216,-1.453,-3.266,1.986,-133.095,0.004,-0.003,0.004,0.007,13,weighted_average,kalman(weighted_average),false
1788766194.645,174.362,-1.426,-3.282,2.010,-132.736,-1.436,-3.275,2.002,-132.904,-0.010,0.007,-0.008,0.015,13,weighted_average,kalman(weighted_average),false
1788766194.703,174.420,-1.444,-3.265,1.996,-133.122,-1.440,-3.269,2.000,-133.030,0.004,-0.004,0.004,0.006,13,weighted_average,kalman(weighted_average),false
1788766194.758,174.475,-1.444,-3.267,1.978,-133.143,-1.442,-3.267,1.987,-133.113,0.002,0.001,0.008,0.009,13,weighted_average,kalman(weighted_average),false
1788766194.893,174.610,-1.417,-3.282,1.976,-132.802,-1.421,-3.279,1.975,-132.898,-0.004,0.003,-0.000,0.005,13,weighted_average,kalman(weighted_average),false
1788766194.948,174.665,-1.426,-3.272,1.973,-133.015,-1.422,-3.276,1.972,-132.944,0.005,-0.004,-0.001,0.006,13,weighted_average,kalman(weighted_average),false
1788766195.001,174.718,-1.416,-3.275,1.980,-132.910,-1.416,-3.276,1.976,-132.913,-0.001,-0.001,-0.004,0.004,13,weighted_average,kalman(weighted_average),false
1788766195.054,174.771,-1.416,-3.272,1.981,-132.968,-1.415,-3.274,1.979,-132.930,0.002,-0.002,-0.002,0.003,13,weighted_average,kalman(weighted_average),false
1788766195.194,174.911,-1.403,-3.274,2.003,-132.875,-1.403,-3.274,2.000,-132.880,-0.000,0.000,-0.002,0.002,13,weighted_average,kalman(weighted_average),false
1788766195.248,174.965,-1.400,-3.276,1.985,-132.878,-1.400,-3.275,1.992,-132.872,0.001,0.001,0.007,0.007,13,weighted_average,kalman(weighted_average),false
1788766195.302,175.019,-1.394,-3.281,1.965,-132.798,-1.394,-3.279,1.975,-132.823,-0.001,0.002,0.010,0.010,13,weighted_average,kalman(weighted_average),false
1788766195.355,175.073,-1.395,-3.271,1.980,-132.956,-1.393,-3.275,1.975,-132.885,0.002,-0.004,-0.005,0.006,13,weighted_average,kalman(weighted_average),false
1788766195.486,175.203,-1.400,-3.270,1.983,-133.074,-1.398,-3.270,1.980,-133.035,0.002,-0.000,-0.002,0.003,13,weighted_average,kalman(weighted_average),false
1788766195.539,175.256,-1.376,-3.282,1.986,-132.719,-1.384,-3.278,1.985,-132.857,-0.007,0.004,-0.001,0.009,13,weighted_average,kalman(weighted_average),false
1788766195.593,175.310,-1.373,-3.278,1.987,-132.745,-1.375,-3.279,1.988,-132.778,-0.002,-0.001,0.001,0.002,13,weighted_average,kalman(weighted_average),false
1788766195.644,175.361,-1.378,-3.273,1.984,-132.861,-1.374,-3.275,1.987,-132.801,0.004,-0.003,0.003,0.006,13,weighted_average,kalman(weighted_average),false
1788766195.780,175.497,-1.371,-3.274,1.993,-132.799,-1.370,-3.274,1.992,-132.787,0.001,-0.000,-0.000,0.001,13,weighted_average,kalman(weighted_average),false
1788766195.828,175.545,-1.369,-3.278,1.990,-132.755,-1.369,-3.276,1.991,-132.765,0.000,0.002,0.001,0.002,13,weighted_average,kalman(weighted_average),false
1788766195.882,175.599,-1.370,-3.279,1.983,-132.769,-1.369,-3.278,1.986,-132.762,0.001,0.001,0.003,0.004,13,weighted_average,kalman(weighted_average),false
1788766195.932,175.649,-1.371,-3.280,1.994,-132.767,-1.370,-3.279,1.990,-132.761,0.001,0.000,-0.004,0.004,13,weighted_average,kalman(weighted_average),false
1788766196.071,175.788,-1.471,-3.251,2.007,-133.969,-1.458,-3.255,2.005,-133.713,0.013,-0.004,-0.002,0.014,13,weighted_average,kalman(weighted_average),false
1788766196.130,175.847,-1.398,-3.274,1.992,-133.056,-1.427,-3.265,1.998,-133.420,-0.029,0.009,0.006,0.031,13,weighted_average,kalman(weighted_average),false
1788766196.186,175.903,-1.395,-3.268,1.999,-133.116,-1.408,-3.267,1.998,-133.278,-0.012,0.001,-0.000,0.012,13,weighted_average,kalman(weighted_average),false
1788766196.236,175.953,-1.424,-3.266,2.002,-133.396,-1.415,-3.267,2.001,-133.344,0.009,-0.001,-0.001,0.009,13,weighted_average,kalman(weighted_average),false
1788766196.383,176.100,-1.392,-3.290,1.991,-132.862,-1.394,-3.287,1.992,-132.966,-0.003,0.003,0.001,0.004,13,weighted_average,kalman(weighted_average),false
1788766196.434,176.151,-1.392,-3.288,1.999,-132.881,-1.390,-3.290,1.996,-132.863,0.002,-0.003,-0.003,0.005,13,weighted_average,kalman(weighted_average),false
1788766196.488,176.205,-1.390,-3.294,2.000,-132.779,-1.387,-3.295,1.998,-132.760,0.002,-0.001,-0.001,0.003,13,weighted_average,kalman(weighted_average),false
1788766196.546,176.263,-1.399,-3.295,2.005,-132.843,-1.393,-3.297,2.003,-132.754,0.006,-0.002,-0.002,0.007,13,weighted_average,kalman(weighted_average),false
1788766196.684,176.401,-1.447,-3.300,2.015,-133.201,-1.440,-3.301,2.014,-133.072,0.007,-0.001,-0.001,0.007,13,weighted_average,kalman(weighted_average),false
1788766196.743,176.460,-1.419,-3.309,2.001,-132.892,-1.432,-3.307,2.006,-132.998,-0.012,0.002,0.005,0.014,13,weighted_average,kalman(weighted_average),false
1788766196.792,176.510,-1.406,-3.318,2.011,-132.627,-1.417,-3.315,2.009,-132.800,-0.011,0.003,-0.002,0.012,13,weighted_average,kalman(weighted_average),false
1788766196.850,176.567,-1.419,-3.309,1.977,-132.879,-1.417,-3.313,1.988,-132.821,0.002,-0.004,0.012,0.013,13,weighted_average,kalman(weighted_average),false
1788766196.986,176.703,-1.411,-3.315,1.975,-132.702,-1.411,-3.316,1.974,-132.715,-0.000,-0.000,-0.001,0.001,13,weighted_average,kalman(weighted_average),false
1788766197.046,176.763,-1.471,-3.295,1.985,-133.451,-1.453,-3.301,1.980,-133.179,0.018,-0.006,-0.005,0.019,13,weighted_average,kalman(weighted_average),false
1788766197.103,176.820,-1.465,-3.300,1.957,-133.356,-1.468,-3.298,1.965,-133.350,-0.003,0.002,0.008,0.008,13,weighted_average,kalman(weighted_average),false
1788766197.155,176.872,-1.594,-3.258,1.967,-134.964,-1.553,-3.271,1.964,-134.319,0.041,-0.013,-0.003,0.043,13,weighted_average,kalman(weighted_average),false
1788766197.286,177.003,-1.430,-3.292,1.976,-133.070,-1.464,-3.283,1.973,-133.601,-0.034,0.008,-0.003,0.035,13,weighted_average,kalman(weighted_average),false
1788766197.350,177.067,-1.467,-3.267,2.002,-133.586,-1.452,-3.274,1.995,-133.502,0.015,-0.007,-0.006,0.018,13,weighted_average,kalman(weighted_average),false
1788766197.411,177.128,-1.440,-3.259,1.981,-133.356,-1.435,-3.263,1.990,-133.342,0.005,-0.004,0.009,0.011,13,weighted_average,kalman(weighted_average),false
1788766197.466,177.183,-1.395,-3.256,1.956,-132.917,-1.402,-3.257,1.969,-133.032,-0.007,-0.001,0.013,0.015,13,weighted_average,kalman(weighted_average),false
1788766197.612,177.329,-1.385,-3.228,1.963,-133.032,-1.380,-3.229,1.961,-132.926,0.006,-0.001,-0.002,0.006,13,weighted_average,kalman(weighted_average),false
1788766197.665,177.382,-1.476,-3.197,1.972,-134.110,-1.445,-3.204,1.968,-133.665,0.031,-0.006,-0.004,0.032,13,weighted_average,kalman(weighted_average),false
1788766197.720,177.437,-1.447,-3.197,1.989,-133.793,-1.456,-3.193,1.983,-133.850,-0.009,0.004,-0.006,0.012,13,weighted_average,kalman(weighted_average),false
1788766197.775,177.492,-1.526,-3.165,1.965,-134.837,-1.508,-3.170,1.974,-134.509,0.018,-0.005,0.009,0.021,13,weighted_average,kalman(weighted_average),false
1788766197.902,177.620,-1.483,-3.130,1.994,-134.688,-1.499,-3.130,1.991,-134.859,-0.016,0.000,-0.003,0.016,13,weighted_average,kalman(weighted_average),false
1788766197.959,177.676,-1.430,-3.120,1.965,-134.246,-1.449,-3.118,1.975,-134.537,-0.019,0.002,0.010,0.021,13,weighted_average,kalman(weighted_average),false
1788766198.013,177.730,-1.384,-3.120,1.968,-133.806,-1.397,-3.114,1.969,-134.103,-0.013,0.005,0.001,0.014,13,weighted_average,kalman(weighted_average),false
1788766198.065,177.782,-1.327,-3.101,1.976,-133.384,-1.339,-3.103,1.972,-133.630,-0.012,-0.001,-0.004,0.013,13,weighted_average,kalman(weighted_average),false
1788766198.203,177.920,-1.280,-3.066,1.964,-133.213,-1.271,-3.067,1.965,-133.144,0.008,-0.001,0.000,0.008,13,weighted_average,kalman(weighted_average),false
1788766198.255,177.972,-1.244,-3.063,1.983,-132.798,-1.246,-3.060,1.976,-132.857,-0.001,0.003,-0.007,0.007,13,weighted_average,kalman(weighted_average),false
1788766198.306,178.023,-1.241,-3.046,1.985,-132.942,-1.234,-3.047,1.983,-132.810,0.007,-0.001,-0.002,0.007,13,weighted_average,kalman(weighted_average),false
1788766198.356,178.073,-1.216,-3.043,1.975,-132.684,-1.216,-3.040,1.980,-132.672,-0.000,0.002,0.005,0.006,13,weighted_average,kalman(weighted_average),false
1788766198.493,178.211,-1.208,-3.014,1.979,-132.854,-1.202,-3.014,1.979,-132.729,0.005,0.000,0.001,0.005,13,weighted_average,kalman(weighted_average),false
1788766198.549,178.267,-1.196,-2.999,1.987,-132.879,-1.197,-3.000,1.985,-132.831,-0.001,-0.002,-0.003,0.003,13,weighted_average,kalman(weighted_average),false
1788766198.602,178.319,-1.195,-2.986,1.962,-133.005,-1.194,-2.987,1.971,-132.951,0.001,-0.001,0.009,0.009,13,weighted_average,kalman(weighted_average),false
1788766198.664,178.381,-1.172,-2.983,1.977,-132.746,-1.178,-2.979,1.973,-132.867,-0.006,0.003,-0.004,0.008,13,weighted_average,kalman(weighted_average),false
1788766198.808,178.525,-1.267,-2.916,2.003,-134.378,-1.254,-2.920,1.999,-134.100,0.013,-0.004,-0.004,0.014,13,weighted_average,kalman(weighted_average),false
1788766198.855,178.572,-1.165,-2.945,1.992,-132.968,-1.204,-2.930,1.998,-133.554,-0.039,0.015,0.006,0.042,13,weighted_average,kalman(weighted_average),false
1788766198.912,178.629,-1.179,-2.937,1.978,-133.210,-1.186,-2.932,1.987,-133.389,-0.007,0.006,0.009,0.013,13,weighted_average,kalman(weighted_average),false
1788766198.961,178.678,-1.144,-2.946,2.001,-132.733,-1.156,-2.939,1.995,-133.024,-0.012,0.007,-0.006,0.015,13,weighted_average,kalman(weighted_average),false
1788766199.093,178.811,-1.152,-2.944,1.980,-132.830,-1.145,-2.944,1.983,-132.792,0.006,0.000,0.003,0.007,13,weighted_average,kalman(weighted_average),false
1788766199.150,178.867,-1.162,-2.940,1.980,-132.978,-1.156,-2.942,1.979,-132.873,0.006,-0.002,-0.001,0.006,13,weighted_average,kalman(weighted_average),false
1788766199.202,178.919,-1.157,-2.940,1.988,-132.887,-1.158,-2.940,1.983,-132.870,-0.001,-0.001,-0.005,0.005,13,weighted_average,kalman(weighted_average),false
1788766199.255,178.972,-1.156,-2.943,1.975,-132.801,-1.158,-2.942,1.978,-132.823,-0.002,0.001,0.003,0.004,13,weighted_average,kalman(weighted_average),false
1788766199.382,179.099,-1.164,-2.950,1.989,-132.705,-1.164,-2.949,1.986,-132.716,0.000,0.001,-0.003,0.003,13,weighted_average,kalman(weighted_average),false
1788766199.431,179.148,-1.185,-2.948,1.985,-132.879,-1.179,-2.949,1.986,-132.800,0.006,-0.001,0.002,0.007,13,weighted_average,kalman(weighted_average),false
1788766199.485,179.202,-1.183,-2.948,1.967,-132.846,-1.185,-2.949,1.975,-132.828,-0.002,-0.001,0.008,0.008,13,weighted_average,kalman(weighted_average),false
1788766199.534,179.251,-1.209,-2.947,1.969,-133.048,-1.202,-2.948,1.970,-132.952,0.007,-0.001,0.001,0.007,13,weighted_average,kalman(weighted_average),false
1788766199.669,179.386,-1.221,-2.945,1.984,-133.038,-1.222,-2.946,1.980,-133.050,-0.002,-0.000,-0.004,0.004,13,weighted_average,kalman(weighted_average),false
1788766199.722,179.439,-1.219,-2.956,1.981,-132.838,-1.222,-2.952,1.982,-132.932,-0.003,0.003,0.001,0.005,13,weighted_average,kalman(weighted_average),false
1788766199.774,179.491,-1.231,-2.962,1.977,-132.831,-1.230,-2.960,1.980,-132.865,0.002,0.003,0.003,0.005,13,weighted_average,kalman(weighted_average),false
1788766199.822,179.540,-1.233,-2.963,1.983,-132.757,-1.234,-2.963,1.982,-132.791,-0.001,-0.000,-0.001,0.001,13,weighted_average,kalman(weighted_average),false
1788766199.966,179.684,-1.256,-2.974,1.992,-132.675,-1.255,-2.974,1.991,-132.670,0.001,-0.000,-0.001,0.001,13,weighted_average,kalman(weighted_average),false
1788766200.023,179.740,-1.282,-2.975,1.967,-132.846,-1.277,-2.976,1.975,-132.767,0.005,-0.001,0.008,0.010,13,weighted_average,kalman(weighted_average),false
1788766200.078,179.795,-1.285,-2.984,1.976,-132.711,-1.287,-2.982,1.974,-132.738,-0.002,0.002,-0.002,0.004,13,weighted_average,kalman(weighted_average),false
1788766200.128,179.845,-1.299,-2.988,1.991,-132.709,-1.299,-2.987,1.983,-132.720,0.000,0.001,-0.008,0.008,13,weighted_average,kalman(weighted_average),false
1788766200.265,179.982,-1.330,-2.987,1.985,-132.879,-1.330,-2.989,1.986,-132.840,-0.000,-0.002,0.000,0.002,13,weighted_average,kalman(weighted_average),false
1788766200.328,180.045,-1.344,-2.997,1.980,-132.830,-1.344,-2.995,1.982,-132.851,0.000,0.002,0.002,0.003,13,weighted_average,kalman(weighted_average),false
1788766200.385,180.102,-1.354,-2.993,1.981,-132.942,-1.355,-2.995,1.980,-132.918,-0.001,-0.002,-0.000,0.002,13,weighted_average,kalman(weighted_average),false
1788766200.437,180.154,-1.366,-3.003,1.981,-132.841,-1.366,-3.000,1.980,-132.893,-0.000,0.003,-0.001,0.003,13,weighted_average,kalman(weighted_average),false
1788766200.572,180.289,-1.391,-3.014,1.987,-132.802,-1.391,-3.014,1.986,-132.831,-0.000,0.001,-0.001,0.001,13,weighted_average,kalman(weighted_average),false
1788766200.634,180.351,-1.418,-3.009,1.981,-133.072,-1.414,-3.012,1.983,-132.982,0.004,-0.003,0.002,0.006,13,weighted_average,kalman(weighted_average),false
1788766200.692,180.409,-1.413,-3.021,1.988,-132.822,-1.419,-3.019,1.986,-132.904,-0.006,0.002,-0.002,0.006,13,weighted_average,kalman(weighted_average),false
1788766200.750,180.467,-1.408,-3.028,2.006,-132.644,-1.416,-3.027,2.000,-132.752,-0.007,0.002,-0.006,0.010,13,weighted_average,kalman(weighted_average),false
1788766200.888,180.605,-1.441,-3.055,1.963,-132.579,-1.439,-3.054,1.970,-132.584,0.002,0.002,0.007,0.007,13,weighted_average,kalman(weighted_average),false
1788766200.943,180.660,-1.440,-3.062,1.990,-132.648,-1.443,-3.063,1.980,-132.600,-0.003,-0.001,-0.010,0.011,13,weighted_average,kalman(weighted_average),false
1788766200.998,180.715,-1.448,-3.057,1.989,-133.336,-1.448,-3.063,1.985,-133.020,-0.001,-0.005,-0.004,0.007,13,weighted_average,kalman(weighted_average),false
1788766201.052,180.769,-1.438,-3.073,1.985,-133.377,-1.444,-3.071,1.985,-133.283,-0.006,0.002,0.000,0.006,13,weighted_average,kalman(weighted_average),false
1788766201.194,180.911,-1.457,-3.062,1.972,-134.869,-1.456,-3.066,1.974,-134.653,0.001,-0.003,0.002,0.004,13,weighted_average,kalman(weighted_average),false
1788766201.242,180.960,-1.468,-3.037,1.977,-135.762,-1.466,-3.045,1.974,-135.516,0.003,-0.008,-0.003,0.009,13,weighted_average,kalman(weighted_average),false
1788766201.294,181.011,-1.483,-3.029,1.990,-136.458,-1.479,-3.031,1.984,-136.328,0.004,-0.002,-0.007,0.008,13,weighted_average,kalman(weighted_average),false
1788766201.347,181.064,-1.481,-3.029,1.991,-136.668,-1.485,-3.025,1.989,-136.839,-0.003,0.004,-0.002,0.005,13,weighted_average,kalman(weighted_average),false
1788766201.493,181.211,-1.480,-3.023,1.960,-137.578,-1.483,-3.021,1.965,-137.774,-0.003,0.003,0.005,0.006,13,weighted_average,kalman(weighted_average),false
1788766201.551,181.268,-1.479,-3.008,1.997,-138.107,-1.479,-3.011,1.984,-138.118,-0.001,-0.004,-0.013,0.013,13,weighted_average,kalman(weighted_average),false
1788766201.601,181.318,-1.498,-2.983,1.991,-138.959,-1.491,-2.992,1.989,-138.735,0.008,-0.009,-0.001,0.012,13,weighted_average,kalman(weighted_average),false
1788766201.655,181.372,-1.484,-2.986,1.997,-138.987,-1.488,-2.984,1.996,-139.075,-0.004,0.002,-0.001,0.005,13,weighted_average,kalman(weighted_average),false
1788766201.790,181.507,-1.501,-2.954,1.991,-140.332,-1.500,-2.955,1.994,-140.284,0.001,-0.001,0.002,0.003,13,weighted_average,kalman(weighted_average),false
1788766201.852,181.569,-1.509,-2.941,1.983,-141.019,-1.508,-2.941,1.986,-140.954,0.001,-0.000,0.002,0.003,13,weighted_average,kalman(weighted_average),false
1788766201.901,181.618,-1.498,-2.930,2.007,-141.486,-1.504,-2.930,1.998,-141.464,-0.006,-0.000,-0.009,0.011,13,weighted_average,kalman(weighted_average),false
1788766201.953,181.670,-1.505,-2.916,1.973,-142.225,-1.505,-2.917,1.984,-142.113,-0.000,-0.001,0.011,0.011,13,weighted_average,kalman(weighted_average),false
1788766202.097,181.814,-1.446,-2.835,2.076,-142.483,-1.454,-2.841,2.064,-142.717,-0.007,-0.006,-0.012,0.015,5,weighted_average,kalman(weighted_average),false
1788766202.160,181.878,-1.449,-2.802,2.101,-143.427,-1.443,-2.802,2.103,-143.281,0.006,-0.001,0.001,0.006,5,weighted_average,kalman(weighted_average),false
1788766202.220,181.937,-1.443,-2.802,2.125,-143.823,-1.437,-2.791,2.130,-143.758,0.005,0.011,0.005,0.013,5,weighted_average,kalman(weighted_average),false
1788766202.269,181.986,-1.488,-2.737,1.925,-145.816,-1.465,-2.750,2.013,-145.051,0.022,-0.013,0.088,0.091,5,weighted_average,kalman(weighted_average),false
1788766202.410,182.127,-1.470,-2.717,2.055,-146.830,-1.471,-2.711,2.038,-146.860,-0.002,0.006,-0.018,0.019,5,weighted_average,kalman(weighted_average),false
1788766202.463,182.180,-1.481,-2.677,2.021,-148.055,-1.478,-2.684,2.031,-147.865,0.002,-0.006,0.010,0.012,5,weighted_average,kalman(weighted_average),false
1788766202.517,182.234,-1.473,-2.713,2.026,-147.698,-1.476,-2.696,2.030,-148.112,-0.003,0.017,0.004,0.018,5,weighted_average,kalman(weighted_average),false
1788766202.569,182.286,-1.464,-2.664,2.109,-148.869,-1.469,-2.675,2.080,-148.786,-0.005,-0.011,-0.029,0.031,5,weighted_average,kalman(weighted_average),false
1788766202.710,182.428,-1.451,-2.695,2.098,-149.313,-1.452,-2.689,2.104,-149.540,-0.001,0.007,0.006,0.009,5,weighted_average,kalman(weighted_average),false
1788766202.769,182.486,-1.455,-2.678,2.075,-150.204,-1.452,-2.684,2.085,-150.084,0.003,-0.006,0.010,0.012,5,weighted_average,kalman(weighted_average),false
1788766202.829,182.546,-1.455,-2.676,2.084,-150.753,-1.453,-2.679,2.082,-150.658,0.003,-0.003,-0.002,0.004,5,weighted_average,kalman(weighted_average),false
1788766202.885,182.602,-1.467,-2.613,2.122,-152.098,-1.462,-2.635,2.107,-151.682,0.006,-0.023,-0.015,0.028,5,weighted_average,kalman(weighted_average),false
1788766203.022,182.739,-1.462,-2.665,2.053,-152.569,-1.463,-2.655,2.063,-152.727,-0.001,0.011,0.010,0.014,5,weighted_average,kalman(weighted_average),false
1788766203.078,182.795,-1.462,-2.633,2.111,-153.765,-1.463,-2.643,2.090,-153.549,-0.000,-0.010,-0.020,0.023,5,weighted_average,kalman(weighted_average),false
1788766203.132,182.849,-1.471,-2.584,2.084,-155.251,-1.468,-2.605,2.087,-154.780,0.003,-0.020,0.003,0.021,5,weighted_average,kalman(weighted_average),false
1788766203.190,182.907,-1.476,-2.581,2.070,-155.682,-1.474,-2.583,2.076,-155.677,0.002,-0.001,0.006,0.006,5,weighted_average,kalman(weighted_average),false
1788766203.326,183.043,-1.479,-2.535,2.068,-157.532,-1.480,-2.534,2.067,-157.580,-0.001,0.000,-0.001,0.001,5,weighted_average,kalman(weighted_average),false
1788766203.379,183.096,-1.489,-2.450,2.052,-160.115,-1.486,-2.470,2.056,-159.461,0.002,-0.020,0.004,0.020,5,weighted_average,kalman(weighted_average),false
1788766203.429,183.147,-1.465,-2.469,2.132,-160.441,-1.474,-2.455,2.102,-160.496,-0.009,0.014,-0.030,0.034,5,weighted_average,kalman(weighted_average),false
1788766203.485,183.202,-1.470,-2.616,1.951,-158.550,-1.470,-2.546,2.013,-159.936,-0.000,0.070,0.062,0.094,5,weighted_average,kalman(weighted_average),false
1788766203.623,183.340,-1.457,-2.615,2.001,-160.163,-1.457,-2.615,1.992,-160.378,-0.001,-0.000,-0.009,0.009,5,weighted_average,kalman(weighted_average),false
1788766203.679,183.396,-1.485,-2.500,1.921,-163.051,-1.475,-2.543,1.941,-162.157,0.010,-0.042,0.020,0.048,5,weighted_average,kalman(weighted_average),false
1788766203.729,183.446,-1.477,-2.310,2.096,-166.963,-1.479,-2.387,2.031,-165.219,-0.001,-0.077,-0.066,0.101,5,weighted_average,kalman(weighted_average),false
1788766203.785,183.503,-1.474,-2.416,2.038,-165.667,-1.478,-2.373,2.046,-166.248,-0.003,0.043,0.008,0.044,5,weighted_average,kalman(weighted_average),false
1788766203.929,183.646,-1.449,-2.405,2.087,-167.913,-1.453,-2.386,2.089,-168.315,-0.004,0.019,0.002,0.020,5,weighted_average,kalman(weighted_average),false
1788766203.977,183.694,-1.474,-2.383,1.950,-168.841,-1.464,-2.388,2.000,-168.905,0.010,-0.005,0.050,0.051,5,weighted_average,kalman(weighted_average),false
1788766204.026,183.743,-1.451,-2.410,2.024,-169.164,-1.455,-2.405,2.003,-169.349,-0.004,0.005,-0.021,0.022,5,weighted_average,kalman(weighted_average),false
1788766204.076,183.793,-1.441,-2.469,2.009,-168.593,-1.445,-2.449,2.001,-169.219,-0.004,0.020,-0.009,0.022,5,weighted_average,kalman(weighted_average),false
1788766204.211,183.929,-1.444,-2.443,1.924,-170.631,-1.441,-2.453,1.931,-170.525,0.002,-0.010,0.007,0.013,5,weighted_average,kalman(weighted_average),false
1788766204.260,183.977,-1.449,-2.356,1.946,-172.895,-1.446,-2.387,1.932,-172.160,0.003,-0.031,-0.014,0.034,5,weighted_average,kalman(weighted_average),false
1788766204.311,184.028,-1.416,-2.379,2.092,-172.788,-1.428,-2.371,2.028,-172.911,-0.012,0.009,-0.064,0.066,5,weighted_average,kalman(weighted_average),false
1788766204.361,184.078,-1.426,-2.398,2.024,-174.044,-1.424,-2.378,2.039,-173.909,0.002,0.020,0.015,0.025,5|13,weighted_average,kalman(weighted_average),false
1788766204.495,184.212,-1.433,-2.312,1.996,-177.058,-1.430,-2.318,2.011,-176.893,0.003,-0.005,0.015,0.016,5|13,weighted_average,kalman(weighted_average),false
1788766204.558,184.275,-1.427,-2.316,2.015,-177.686,-1.429,-2.309,2.009,-177.884,-0.002,0.008,-0.006,0.010,5|13,weighted_average,kalman(weighted_average),false
1788766204.612,184.330,-1.442,-2.318,1.879,-177.957,-1.437,-2.309,1.920,-178.358,0.004,0.009,0.041,0.042,5|13,weighted_average,kalman(weighted_average),false
1788766204.661,184.378,-1.431,-2.296,1.942,-178.855,-1.435,-2.298,1.918,-178.963,-0.004,-0.003,-0.025,0.025,5|13,weighted_average,kalman(weighted_average),false
1788766204.803,184.521,-1.428,-2.261,1.942,179.850,-1.429,-2.262,1.930,179.682,-0.001,-0.001,-0.012,0.012,5|13,weighted_average,kalman(weighted_average),false
1788766204.853,184.570,-1.416,-2.259,1.979,179.793,-1.419,-2.256,1.967,179.571,-0.004,0.003,-0.012,0.013,5|13,weighted_average,kalman(weighted_average),false
1788766204.902,184.619,-1.457,-2.244,1.900,178.660,-1.441,-2.245,1.932,178.911,0.016,-0.001,0.033,0.037,13,weighted_average,kalman(weighted_average),false
1788766204.955,184.672,-1.421,-2.248,1.952,179.496,-1.431,-2.242,1.943,179.011,-0.010,0.006,-0.009,0.014,5|13,weighted_average,kalman(weighted_average),false
1788766205.090,184.807,-1.402,-2.255,1.976,179.517,-1.406,-2.251,1.973,179.263,-0.004,0.004,-0.003,0.006,5|13,weighted_average,kalman(weighted_average),false
1788766205.139,184.856,-1.400,-2.260,1.991,179.558,-1.398,-2.259,1.989,179.471,0.001,0.002,-0.002,0.003,5|13,weighted_average,kalman(weighted_average),false
1788766205.192,184.909,-1.410,-2.184,1.942,178.175,-1.403,-2.213,1.964,178.783,0.008,-0.029,0.022,0.037,5|13,weighted_average,kalman(weighted_average),false
1788766205.240,184.958,-1.377,-2.224,1.999,179.737,-1.386,-2.213,1.984,179.217,-0.009,0.011,-0.015,0.021,5,weighted_average,kalman(weighted_average),false
1788766205.373,185.090,-1.403,-2.135,1.932,177.453,-1.398,-2.142,1.942,177.872,0.006,-0.007,0.010,0.013,5|13,weighted_average,kalman(weighted_average),false
1788766205.422,185.139,-1.417,-2.211,1.864,178.139,-1.413,-2.180,1.883,177.860,0.005,0.031,0.020,0.037,13,weighted_average,kalman(weighted_average),false
1788766205.469,185.186,-1.419,-2.197,1.878,177.931,-1.420,-2.191,1.867,177.770,-0.001,0.006,-0.011,0.013,13,weighted_average,kalman(weighted_average),false
1788766205.523,185.240,-1.390,-2.217,1.922,179.205,-1.405,-2.209,1.890,178.443,-0.015,0.008,-0.032,0.037,5|13,weighted_average,kalman(weighted_average),false
1788766205.662,185.379,-1.386,-2.201,1.952,179.072,-1.388,-2.206,1.943,178.998,-0.002,-0.005,-0.010,0.011,5|13,weighted_average,kalman(weighted_average),false
1788766205.725,185.442,-1.375,-2.163,2.002,178.429,-1.376,-2.173,1.994,178.703,-0.001,-0.011,-0.008,0.014,5|13,weighted_average,kalman(weighted_average),false
1788766205.774,185.491,-1.386,-2.170,1.941,178.601,-1.380,-2.166,1.971,178.647,0.007,0.004,0.031,0.032,5|13,weighted_average,kalman(weighted_average),false
1788766205.824,185.541,-1.370,-2.151,1.995,178.374,-1.372,-2.152,1.989,178.491,-0.003,-0.001,-0.006,0.007,5|13,weighted_average,kalman(weighted_average),false
1788766205.961,185.678,-1.377,-2.100,1.994,177.562,-1.375,-2.102,1.998,177.721,0.002,-0.002,0.004,0.005,5|13,weighted_average,kalman(weighted_average),false
1788766206.009,185.726,-1.382,-2.148,1.861,178.574,-1.380,-2.127,1.906,178.143,0.002,0.021,0.046,0.050,5|13,weighted_average,kalman(weighted_average),false
1788766206.064,185.781,-1.383,-2.123,1.906,178.210,-1.384,-2.124,1.890,178.170,-0.000,-0.002,-0.015,0.015,5|13,weighted_average,kalman(weighted_average),false
1788766206.110,185.827,-1.366,-2.110,1.971,178.058,-1.374,-2.115,1.929,178.108,-0.008,-0.005,-0.042,0.043,5|13,weighted_average,kalman(weighted_average),false
1788766206.259,185.976,-1.358,-2.112,1.997,178.364,-1.359,-2.111,1.989,178.302,-0.001,0.001,-0.007,0.007,5|13,weighted_average,kalman(weighted_average),false
1788766206.307,186.025,-1.374,-2.106,1.914,178.405,-1.368,-2.108,1.945,178.391,0.007,-0.001,0.032,0.033,5|13,weighted_average,kalman(weighted_average),false
1788766206.357,186.074,-1.325,-2.090,2.089,179.104,-1.341,-2.096,2.034,178.827,-0.016,-0.006,-0.055,0.058,5,weighted_average,kalman(weighted_average),false
1788766206.406,186.123,-1.369,-2.159,1.903,179.567,-1.354,-2.132,1.969,179.316,0.016,0.028,0.066,0.073,5|13,weighted_average,kalman(weighted_average),false
1788766206.540,186.257,-1.355,-2.008,1.943,177.229,-1.354,-2.030,1.943,177.871,0.001,-0.021,0.001,0.022,5|13,weighted_average,kalman(weighted_average),false
1788766206.590,186.308,-1.348,-2.028,1.937,177.789,-1.350,-2.015,1.936,177.634,-0.002,0.014,-0.001,0.014,5|13,weighted_average,kalman(weighted_average),false
1788766206.639,186.356,-1.351,-1.979,1.916,176.996,-1.350,-1.981,1.920,177.112,0.001,-0.002,0.004,0.005,5|13,weighted_average,kalman(weighted_average),false
1788766206.690,186.407,-1.339,-2.115,1.973,179.621,-1.343,-2.050,1.948,178.261,-0.004,0.065,-0.025,0.070,5|13,weighted_average,kalman(weighted_average),false
1788766206.823,186.540,-1.325,-2.120,1.974,-179.089,-1.327,-2.115,1.972,-179.603,-0.001,0.005,-0.001,0.005,5,weighted_average,kalman(weighted_average),false
1788766206.872,186.589,-1.333,-2.085,1.938,179.594,-1.329,-2.103,1.952,-179.812,0.004,-0.018,0.014,0.023,5|13,weighted_average,kalman(weighted_average),false
1788766206.925,186.642,-1.312,-2.115,2.005,-178.884,-1.317,-2.114,1.985,-179.093,-0.005,0.001,-0.020,0.021,5,weighted_average,kalman(weighted_average),false
1788766206.980,186.697,-1.294,-2.071,2.120,-179.572,-1.300,-2.091,2.076,-179.112,-0.006,-0.020,-0.044,0.049,5,weighted_average,kalman(weighted_average),false
1788766207.112,186.829,-1.325,-1.956,1.947,177.959,-1.317,-1.973,1.982,178.779,0.007,-0.017,0.034,0.039,5|13,weighted_average,kalman(weighted_average),false
1788766207.165,186.882,-1.316,-2.006,1.998,179.066,-1.319,-1.980,1.979,178.684,-0.003,0.026,-0.019,0.032,5|13,weighted_average,kalman(weighted_average),false
1788766207.222,186.939,-1.312,-1.974,1.993,178.590,-1.316,-1.967,1.979,178.407,-0.004,0.007,-0.014,0.016,5|13,weighted_average,kalman(weighted_average),false
1788766207.272,186.989,-1.305,-1.882,1.974,177.130,-1.310,-1.908,1.971,177.536,-0.005,-0.026,-0.003,0.027,5|13,weighted_average,kalman(weighted_average),false
1788766207.400,187.117,-1.297,-1.883,1.951,178.560,-1.298,-1.873,1.950,177.995,-0.001,0.010,-0.001,0.010,5,weighted_average,kalman(weighted_average),false
1788766207.456,187.173,-1.311,-1.884,1.935,177.820,-1.306,-1.877,1.937,177.924,0.006,0.007,0.002,0.009,5|13,weighted_average,kalman(weighted_average),false
1788766207.507,187.224,-1.312,-1.933,1.869,178.836,-1.310,-1.911,1.890,178.460,0.002,0.022,0.021,0.030,5|13,weighted_average,kalman(weighted_average),false
1788766207.556,187.273,-1.320,-1.866,1.831,177.789,-1.317,-1.888,1.844,178.197,0.003,-0.023,0.013,0.026,5|13,weighted_average,kalman(weighted_average),false
1788766207.696,187.413,-1.288,-1.941,2.000,179.476,-1.294,-1.933,1.967,179.236,-0.005,0.008,-0.032,0.034,5|13,weighted_average,kalman(weighted_average),false
1788766207.752,187.469,-1.293,-1.906,1.984,179.041,-1.290,-1.920,1.998,179.257,0.003,-0.014,0.014,0.020,5|13,weighted_average,kalman(weighted_average),false
1788766207.802,187.519,-1.286,-1.834,1.959,177.966,-1.285,-1.867,1.988,178.615,0.001,-0.033,0.029,0.044,5|13,weighted_average,kalman(weighted_average),false
1788766207.853,187.570,-1.298,-1.825,1.889,177.985,-1.291,-1.833,1.934,178.232,0.008,-0.008,0.045,0.047,5|13,weighted_average,kalman(weighted_average),false
1788766207.990,187.707,-1.306,-1.877,1.877,179.235,-1.304,-1.862,1.880,178.913,0.002,0.015,0.003,0.016,5|13,weighted_average,kalman(weighted_average),false
1788766208.033,187.750,-1.288,-1.852,1.909,178.997,-1.295,-1.860,1.893,179.042,-0.007,-0.008,-0.016,0.020,5|13,weighted_average,kalman(weighted_average),false
1788766208.085,187.803,-1.284,-1.834,1.934,178.864,-1.288,-1.847,1.917,179.033,-0.004,-0.013,-0.018,0.022,5|13,weighted_average,kalman(weighted_average),false
1788766208.136,187.853,-1.281,-1.813,1.954,178.570,-1.283,-1.826,1.942,178.838,-0.001,-0.012,-0.012,0.017,5|13,weighted_average,kalman(weighted_average),false
1788766208.272,187.989,-1.279,-1.819,1.923,179.095,-1.278,-1.817,1.931,179.045,0.001,0.003,0.008,0.009,5|13,weighted_average,kalman(weighted_average),false
1788766208.322,188.039,-1.281,-1.785,1.890,179.541,-1.280,-1.794,1.901,179.379,0.001,-0.009,0.011,0.014,5,weighted_average,kalman(weighted_average),false
1788766208.377,188.094,-1.262,-1.707,1.919,177.356,-1.268,-1.733,1.906,178.280,-0.006,-0.026,-0.013,0.030,5|13,weighted_average,kalman(weighted_average),false
1788766208.418,188.135,-1.259,-1.736,2.008,178.947,-1.261,-1.723,1.963,178.505,-0.002,0.013,-0.045,0.047,5,weighted_average,kalman(weighted_average),false
1788766208.476,188.193,-1.276,-1.787,1.976,179.077,-1.267,-1.752,1.981,178.748,0.009,0.035,0.004,0.037,5|13,weighted_average,kalman(weighted_average),false
1788766208.613,188.330,-1.276,-1.727,1.976,178.341,-1.275,-1.730,1.983,178.435,0.001,-0.003,0.007,0.008,5|13,weighted_average,kalman(weighted_average),false
1788766208.663,188.380,-1.286,-1.791,1.916,179.740,-1.283,-1.769,1.937,179.202,0.003,0.022,0.021,0.031,5|13,weighted_average,kalman(weighted_average),false
1788766208.715,188.433,-1.274,-1.701,1.910,179.100,-1.280,-1.729,1.911,179.237,-0.005,-0.029,0.002,0.029,5,weighted_average,kalman(weighted_average),false
1788766208.764,188.481,-1.275,-1.671,1.865,177.848,-1.278,-1.690,1.874,178.554,-0.002,-0.019,0.010,0.021,5|13,weighted_average,kalman(weighted_average),false
1788766208.895,188.612,-1.280,-1.696,1.926,178.679,-1.280,-1.686,1.908,178.561,0.000,0.010,-0.019,0.021,5|13,weighted_average,kalman(weighted_average),false
1788766208.952,188.669,-1.270,-1.640,1.864,178.668,-1.273,-1.654,1.883,178.625,-0.003,-0.014,0.019,0.024,5,weighted_average,kalman(weighted_average),false
1788766209.002,188.720,-1.263,-1.652,1.940,178.202,-1.266,-1.648,1.919,178.390,-0.003,0.005,-0.022,0.022,5|13,weighted_average,kalman(weighted_average),false
1788766209.055,188.773,-1.270,-1.623,1.890,178.782,-1.266,-1.628,1.906,178.571,0.003,-0.005,0.017,0.018,5,weighted_average,kalman(weighted_average),false
1788766209.193,188.910,-1.278,-1.628,1.913,178.218,-1.276,-1.623,1.913,178.302,0.002,0.005,0.000,0.005,5|13,weighted_average,kalman(weighted_average),false
1788766209.249,188.966,-1.288,-1.661,1.875,179.044,-1.286,-1.650,1.887,178.741,0.002,0.012,0.012,0.017,5|13,weighted_average,kalman(weighted_average),false
1788766209.298,189.015,-1.272,-1.658,1.956,179.194,-1.279,-1.659,1.927,179.041,-0.007,-0.001,-0.029,0.030,5|13,weighted_average,kalman(weighted_average),false
1788766209.347,189.064,-1.282,-1.657,1.902,179.278,-1.281,-1.662,1.916,179.247,0.001,-0.005,0.015,0.016,5|13,weighted_average,kalman(weighted_average),false
1788766209.483,189.200,-1.271,-1.638,1.899,179.378,-1.273,-1.644,1.902,179.459,-0.002,-0.006,0.003,0.007,5|13,weighted_average,kalman(weighted_average),false
1788766209.536,189.253,-1.255,-1.559,1.886,178.101,-1.259,-1.582,1.889,178.639,-0.004,-0.024,0.003,0.024,5|13,weighted_average,kalman(weighted_average),false
1788766209.587,189.304,-1.273,-1.613,1.870,179.271,-1.265,-1.590,1.873,178.893,0.008,0.023,0.004,0.024,5|13,weighted_average,kalman(weighted_average),false
1788766209.637,189.354,-1.286,-1.617,1.896,179.402,-1.277,-1.601,1.883,179.141,0.009,0.016,-0.014,0.023,5|13,weighted_average,kalman(weighted_average),false
1788766209.776,189.493,-1.276,-1.490,1.848,178.402,-1.277,-1.503,1.851,178.584,-0.002,-0.013,0.004,0.014,5,weighted_average,kalman(weighted_average),false
1788766209.832,189.550,-1.279,-1.538,1.872,178.492,-1.279,-1.515,1.862,178.447,0.001,0.023,-0.010,0.026,5|13,weighted_average,kalman(weighted_average),false
1788766209.889,189.606,-1.272,-1.546,1.914,178.748,-1.274,-1.530,1.896,178.552,-0.002,0.016,-0.018,0.024,5|13,weighted_average,kalman(weighted_average),false
1788766209.936,189.654,-1.270,-1.524,1.899,178.514,-1.271,-1.526,1.903,178.505,-0.001,-0.002,0.004,0.005,5|13,weighted_average,kalman(weighted_average),false
1788766210.070,189.787,-1.287,-1.507,1.839,179.449,-1.284,-1.509,1.852,179.207,0.003,-0.002,0.013,0.014,5,weighted_average,kalman(weighted_average),false
1788766210.124,189.841,-1.265,-1.465,1.897,177.902,-1.273,-1.476,1.876,178.478,-0.008,-0.011,-0.021,0.025,5|13,weighted_average,kalman(weighted_average),false
1788766210.176,189.893,-1.277,-1.468,1.869,178.990,-1.275,-1.464,1.871,178.721,0.002,0.004,0.002,0.005,5,weighted_average,kalman(weighted_average),false
1788766210.231,189.949,-1.267,-1.504,1.857,178.936,-1.270,-1.484,1.861,178.849,-0.003,0.021,0.004,0.021,5|13,weighted_average,kalman(weighted_average),false
1788766210.376,190.094,-1.276,-1.465,1.859,178.555,-1.274,-1.467,1.857,178.641,0.001,-0.002,-0.002,0.003,5|13,weighted_average,kalman(weighted_average),false
1788766210.427,190.144,-1.276,-1.461,1.850,178.699,-1.276,-1.461,1.852,178.651,-0.000,0.000,0.002,0.002,5|13,weighted_average,kalman(weighted_average),false
1788766210.482,190.199,-1.286,-1.467,1.820,178.928,-1.284,-1.462,1.830,178.794,0.003,0.005,0.010,0.011,5|13,weighted_average,kalman(weighted_average),false
1788766210.528,190.245,-1.282,-1.460,1.824,178.995,-1.284,-1.460,1.822,178.912,-0.002,-0.000,-0.002,0.003,5|13,weighted_average,kalman(weighted_average),false
1788766210.663,190.380,-1.281,-1.414,1.845,178.543,-1.283,-1.419,1.838,178.659,-0.002,-0.005,-0.007,0.009,5|13,weighted_average,kalman(weighted_average),false
1788766210.722,190.440,-1.283,-1.402,1.802,178.538,-1.282,-1.402,1.815,178.545,0.000,0.001,0.013,0.013,5|13,weighted_average,kalman(weighted_average),false
1788766210.769,190.486,-1.272,-1.393,1.799,178.478,-1.276,-1.390,1.803,178.471,-0.004,0.002,0.004,0.006,5|13,weighted_average,kalman(weighted_average),false
1788766210.821,190.538,-1.263,-1.426,1.807,179.367,-1.266,-1.406,1.802,178.916,-0.004,0.019,-0.005,0.020,5|13,weighted_average,kalman(weighted_average),false
1788766210.955,190.672,-1.283,-1.344,1.820,179.081,-1.278,-1.353,1.815,179.106,0.004,-0.008,-0.004,0.010,5,weighted_average,kalman(weighted_average),false
1788766211.009,190.726,-1.274,-1.308,1.803,178.628,-1.277,-1.315,1.809,178.833,-0.003,-0.006,0.006,0.009,5,weighted_average,kalman(weighted_average),false
1788766211.059,190.776,-1.282,-1.304,1.787,178.783,-1.281,-1.297,1.795,178.782,0.001,0.006,0.008,0.011,5,weighted_average,kalman(weighted_average),false
1788766211.113,190.830,-1.270,-1.367,1.823,179.164,-1.275,-1.332,1.810,178.969,-0.005,0.035,-0.013,0.038,5|13,weighted_average,kalman(weighted_average),false
1788766211.242,190.959,-1.270,-1.228,1.738,177.963,-1.270,-1.244,1.750,178.214,-0.000,-0.016,0.012,0.020,5,weighted_average,kalman(weighted_average),false
1788766211.294,191.011,-1.296,-1.275,1.755,178.970,-1.287,-1.253,1.745,178.582,0.009,0.021,-0.010,0.025,5,weighted_average,kalman(weighted_average),false
1788766211.342,191.059,-1.284,-1.240,1.746,178.573,-1.288,-1.239,1.740,178.564,-0.003,0.001,-0.006,0.007,5,weighted_average,kalman(weighted_average),false
1788766211.395,191.112,-1.293,-1.251,1.781,179.028,-1.292,-1.240,1.761,178.805,0.000,0.010,-0.020,0.023,5,weighted_average,kalman(weighted_average),false
1788766211.535,191.252,-1.327,-1.247,1.670,176.800,-1.325,-1.244,1.682,177.249,0.003,0.004,0.012,0.013,4,weighted_average,kalman(weighted_average),false
1788766211.590,191.307,-1.303,-1.208,1.740,177.685,-1.314,-1.219,1.712,177.315,-0.011,-0.012,-0.028,0.032,4|5,weighted_average,kalman(weighted_average),false
1788766211.637,191.355,-1.312,-1.215,1.727,178.084,-1.313,-1.214,1.720,177.621,-0.001,0.002,-0.007,0.007,4|5,weighted_average,kalman(weighted_average),false
1788766211.692,191.409,-1.260,-1.272,1.768,179.716,-1.280,-1.247,1.751,178.741,-0.020,0.025,-0.017,0.036,5|13,weighted_average,kalman(weighted_average),false
1788766211.825,191.542,-1.278,-1.203,1.733,178.472,-1.273,-1.213,1.741,178.731,0.005,-0.010,0.008,0.013,4|5|13,weighted_average,kalman(weighted_average),false
1788766211.874,191.591,-1.295,-1.190,1.708,178.387,-1.288,-1.193,1.717,178.529,0.008,-0.003,0.009,0.012,4|5|13,weighted_average,kalman(weighted_average),false
1788766211.926,191.643,-1.315,-1.129,1.703,177.635,-1.307,-1.146,1.703,177.997,0.008,-0.017,-0.000,0.018,4|5,weighted_average,kalman(weighted_average),false
1788766211.976,191.693,-1.302,-1.125,1.738,177.695,-1.308,-1.121,1.719,177.729,-0.007,0.004,-0.019,0.020,4|5,weighted_average,kalman(weighted_average),false
1788766212.116,191.834,-1.278,-1.138,1.743,178.727,-1.284,-1.126,1.740,178.385,-0.006,0.012,-0.003,0.014,5|13,weighted_average,kalman(weighted_average),false
1788766212.171,191.888,-1.282,-1.050,1.696,178.217,-1.279,-1.075,1.712,178.365,0.003,-0.025,0.016,0.030,5,weighted_average,kalman(weighted_average),false
1788766212.224,191.942,-1.281,-1.167,1.738,179.680,-1.277,-1.128,1.726,179.186,0.004,0.040,-0.012,0.042,5|13,weighted_average,kalman(weighted_average),false
1788766212.274,191.991,-1.283,-1.133,1.719,179.109,-1.279,-1.136,1.722,179.312,0.004,-0.003,0.004,0.006,5|13,weighted_average,kalman(weighted_average),false
1788766212.408,192.125,-1.330,-1.038,1.704,177.371,-1.323,-1.056,1.706,177.966,0.008,-0.018,0.002,0.019,4|5,weighted_average,kalman(weighted_average),false
1788766212.460,192.177,-1.309,-1.040,1.665,178.816,-1.319,-1.033,1.675,178.323,-0.010,0.006,0.011,0.016,5,weighted_average,kalman(weighted_average),false
1788766212.512,192.229,-1.313,-1.040,1.667,178.857,-1.318,-1.027,1.664,178.562,-0.006,0.013,-0.004,0.015,5,weighted_average,kalman(weighted_average),false
1788766212.562,192.279,-1.313,-1.036,1.682,178.807,-1.316,-1.026,1.669,178.690,-0.004,0.010,-0.013,0.017,5,weighted_average,kalman(weighted_average),false
1788766212.695,192.412,-1.307,-1.026,1.687,178.571,-1.309,-1.022,1.683,178.621,-0.002,0.004,-0.005,0.006,5,weighted_average,kalman(weighted_average),false
1788766212.752,192.469,-1.306,-1.023,1.672,178.514,-1.306,-1.022,1.678,178.544,0.000,0.000,0.005,0.005,5,weighted_average,kalman(weighted_average),false
1788766212.799,192.516,-1.333,-1.022,1.648,177.122,-1.321,-1.022,1.659,177.735,0.011,-0.000,0.011,0.016,4|5,weighted_average,kalman(weighted_average),false
1788766212.850,192.567,-1.299,-1.009,1.670,178.156,-1.309,-1.014,1.663,177.813,-0.011,-0.005,-0.007,0.014,5,weighted_average,kalman(weighted_average),false
1788766212.983,192.700,-1.296,-1.001,1.633,177.981,-1.297,-1.001,1.636,177.841,-0.001,-0.000,0.003,0.003,5,weighted_average,kalman(weighted_average),false
1788766213.035,192.752,-1.303,-1.137,1.619,179.080,-1.300,-1.094,1.621,178.614,0.003,0.044,0.002,0.044,4|5|13,weighted_average,kalman(weighted_average),false
1788766213.088,192.806,-1.316,-1.061,1.627,177.733,-1.310,-1.087,1.620,178.230,0.006,-0.026,-0.007,0.028,4|5,weighted_average,kalman(weighted_average),false
1788766213.140,192.857,-1.299,-1.016,1.617,178.196,-1.304,-1.050,1.615,178.226,-0.006,-0.034,-0.001,0.035,5,weighted_average,kalman(weighted_average),false
1788766213.276,192.993,-1.332,-1.097,1.575,177.118,-1.328,-1.089,1.578,177.364,0.004,0.009,0.003,0.010,4,weighted_average,kalman(weighted_average),false
1788766213.329,193.046,-1.307,-1.070,1.617,177.835,-1.317,-1.081,1.600,177.544,-0.010,-0.011,-0.017,0.022,4|5,weighted_average,kalman(weighted_average),false
1788766213.379,193.096,-1.294,-1.016,1.622,178.128,-1.303,-1.042,1.615,177.823,-0.009,-0.026,-0.007,0.028,5,weighted_average,kalman(weighted_average),false
1788766213.431,193.148,-1.314,-1.065,1.630,177.703,-1.307,-1.051,1.627,177.768,0.007,0.014,-0.003,0.016,4|5,weighted_average,kalman(weighted_average),false
1788766213.574,193.291,-1.288,-1.023,1.619,178.203,-1.289,-1.025,1.623,178.114,-0.002,-0.002,0.004,0.005,5,weighted_average,kalman(weighted_average),false
1788766213.632,193.349,-1.296,-1.037,1.659,178.491,-1.292,-1.030,1.648,178.408,0.004,0.007,-0.011,0.014,5,weighted_average,kalman(weighted_average),false
1788766213.685,193.402,-1.290,-1.031,1.626,178.370,-1.290,-1.030,1.637,178.463,0.000,0.001,0.011,0.011,5,weighted_average,kalman(weighted_average),false
1788766213.735,193.452,-1.291,-1.042,1.671,178.565,-1.290,-1.037,1.658,178.577,0.001,0.005,-0.013,0.014,5,weighted_average,kalman(weighted_average),false
1788766213.870,193.587,-1.282,-1.027,1.633,178.279,-1.282,-1.029,1.640,178.415,-0.001,-0.002,0.007,0.007,5,weighted_average,kalman(weighted_average),false
1788766213.922,193.639,-1.281,-1.029,1.670,178.328,-1.281,-1.028,1.658,178.342,0.001,0.001,-0.012,0.012,5,weighted_average,kalman(weighted_average),false
1788766213.976,193.693,-1.283,-1.125,1.661,179.172,-1.281,-1.090,1.661,178.798,0.002,0.035,0.000,0.035,5|13,weighted_average,kalman(weighted_average),false
1788766214.022,193.739,-1.286,-1.032,1.646,178.395,-1.284,-1.065,1.653,178.640,0.002,-0.033,0.007,0.034,5,weighted_average,kalman(weighted_average),false
1788766214.160,193.877,-1.289,-1.043,1.649,178.603,-1.289,-1.047,1.649,178.629,0.001,-0.004,-0.000,0.004,5,weighted_average,kalman(weighted_average),false
1788766214.217,193.934,-1.284,-1.168,1.638,-179.982,-1.286,-1.130,1.641,179.521,-0.002,0.038,0.003,0.038,5|13,weighted_average,kalman(weighted_average),false
1788766214.271,193.988,-1.282,-1.027,1.637,178.315,-1.283,-1.075,1.637,178.957,-0.001,-0.048,-0.001,0.048,5,weighted_average,kalman(weighted_average),false
1788766214.323,194.041,-1.276,-1.024,1.626,178.214,-1.278,-1.040,1.628,178.543,-0.002,-0.016,0.003,0.017,5,weighted_average,kalman(weighted_average),false
1788766214.454,194.171,-1.278,-1.020,1.665,178.184,-1.277,-1.016,1.657,178.177,0.001,0.004,-0.007,0.009,5,weighted_average,kalman(weighted_average),false
1788766214.510,194.228,-1.286,-1.029,1.639,178.361,-1.283,-1.022,1.649,178.236,0.002,0.007,0.010,0.012,5,weighted_average,kalman(weighted_average),false
1788766214.558,194.276,-1.282,-1.023,1.629,178.220,-1.283,-1.022,1.637,178.201,-0.002,0.001,0.008,0.008,5,weighted_average,kalman(weighted_average),false
1788766214.610,194.328,-1.281,-1.024,1.619,178.247,-1.282,-1.023,1.625,178.200,-0.001,0.001,0.005,0.006,5,weighted_average,kalman(weighted_average),false
1788766214.736,194.453,-1.286,-1.032,1.594,178.369,-1.286,-1.030,1.596,178.308,0.000,0.001,0.002,0.002,5,weighted_average,kalman(weighted_average),false
1788766214.796,194.513,-1.292,-1.042,1.634,178.547,-1.291,-1.040,1.619,178.476,0.001,0.002,-0.015,0.015,5,weighted_average,kalman(weighted_average),false
1788766214.844,194.561,-1.295,-1.044,1.636,178.572,-1.295,-1.044,1.631,178.563,0.001,-0.000,-0.005,0.005,5,weighted_average,kalman(weighted_average),false
1788766214.901,194.618,-1.300,-1.055,1.640,178.767,-1.300,-1.053,1.640,178.719,0.001,0.002,0.000,0.002,5,weighted_average,kalman(weighted_average),false
1788766215.037,194.754,-1.288,-1.135,1.599,179.291,-1.291,-1.127,1.607,179.230,-0.003,0.008,0.008,0.012,5|13,weighted_average,kalman(weighted_average),false
1788766215.084,194.801,-1.292,-1.043,1.603,178.463,-1.290,-1.079,1.600,178.829,0.002,-0.037,-0.003,0.037,5,weighted_average,kalman(weighted_average),false
1788766215.137,194.854,-1.294,-1.042,1.628,178.462,-1.292,-1.054,1.614,178.609,0.002,-0.012,-0.015,0.019,5,weighted_average,kalman(weighted_average),false
1788766215.189,194.906,-1.285,-1.165,1.569,179.843,-1.287,-1.118,1.586,179.244,-0.002,0.047,0.017,0.050,5|13,weighted_average,kalman(weighted_average),false
1788766215.244,194.961,-1.291,-1.148,1.655,179.502,-1.289,-1.145,1.624,179.467,0.002,0.003,-0.031,0.031,5|13,weighted_average,kalman(weighted_average),false
1788766215.382,195.099,-1.290,-1.138,1.583,179.277,-1.290,-1.147,1.592,179.422,0.001,-0.009,0.009,0.013,5|13,weighted_average,kalman(weighted_average),false
1788766215.429,195.146,-1.319,-1.079,1.610,179.082,-1.310,-1.101,1.599,179.212,0.009,-0.022,-0.010,0.026,5,weighted_average,kalman(weighted_average),false
1788766215.478,195.195,-1.280,-1.015,1.620,177.853,-1.295,-1.039,1.610,178.418,-0.015,-0.024,-0.010,0.030,5,weighted_average,kalman(weighted_average),false
1788766215.531,195.248,-1.291,-1.034,1.645,178.228,-1.292,-1.020,1.633,178.151,-0.001,0.014,-0.012,0.019,5,weighted_average,kalman(weighted_average),false
1788766215.581,195.299,-1.297,-1.044,1.632,178.406,-1.294,-1.023,1.637,178.139,0.003,0.021,0.005,0.022,5,weighted_average,kalman(weighted_average),false
1788766215.709,195.426,-1.313,-1.076,1.630,178.975,-1.310,-1.062,1.634,178.650,0.003,0.014,0.004,0.015,5,weighted_average,kalman(weighted_average),false
1788766215.766,195.483,-1.314,-1.125,1.750,178.895,-1.315,-1.112,1.716,178.871,-0.001,0.013,-0.035,0.037,5|13,weighted_average,kalman(weighted_average),false
1788766215.818,195.535,-1.304,-1.058,1.645,178.585,-1.310,-1.089,1.683,178.782,-0.006,-0.031,0.038,0.049,5,weighted_average,kalman(weighted_average),false
1788766215.869,195.586,-1.301,-1.057,1.595,178.554,-1.305,-1.072,1.631,178.694,-0.003,-0.015,0.035,0.038,5,weighted_average,kalman(weighted_average),false
1788766216.019,195.736,-1.280,-1.019,1.604,177.804,-1.282,-1.024,1.600,177.978,-0.002,-0.005,-0.004,0.006,5,weighted_average,kalman(weighted_average),false
1788766216.070,195.787,-1.296,-1.054,1.622,178.414,-1.289,-1.039,1.613,178.161,0.007,0.015,-0.009,0.019,5,weighted_average,kalman(weighted_average),false
1788766216.124,195.841,-1.324,-1.101,1.602,178.000,-1.311,-1.078,1.606,178.027,0.013,0.023,0.004,0.027,4|5,weighted_average,kalman(weighted_average),false
1788766216.176,195.893,-1.306,-1.072,1.615,178.731,-1.311,-1.080,1.611,178.369,-0.005,-0.008,-0.004,0.010,5,weighted_average,kalman(weighted_average),false
1788766216.317,196.034,-1.301,-1.061,1.637,178.508,-1.304,-1.067,1.634,178.512,-0.003,-0.006,-0.003,0.007,5,weighted_average,kalman(weighted_average),false
1788766216.372,196.090,-1.300,-1.060,1.623,178.481,-1.300,-1.060,1.629,178.512,0.000,0.000,0.007,0.007,5,weighted_average,kalman(weighted_average),false
1788766216.418,196.136,-1.303,-1.059,1.648,178.495,-1.300,-1.057,1.642,178.515,0.002,0.002,-0.006,0.007,5,weighted_average,kalman(weighted_average),false
1788766216.476,196.193,-1.303,-1.064,1.610,178.574,-1.301,-1.059,1.625,178.559,0.002,0.005,0.014,0.015,5,weighted_average,kalman(weighted_average),false
1788766216.617,196.334,-1.294,-1.042,1.622,178.168,-1.295,-1.043,1.621,178.262,-0.001,-0.002,-0.001,0.002,5,weighted_average,kalman(weighted_average),false
1788766216.665,196.382,-1.308,-1.065,1.626,178.600,-1.303,-1.056,1.625,178.434,0.005,0.009,-0.002,0.010,5,weighted_average,kalman(weighted_average),false
1788766216.717,196.434,-1.311,-1.065,1.609,178.629,-1.309,-1.063,1.615,178.543,0.002,0.003,0.006,0.007,5,weighted_average,kalman(weighted_average),false
1788766216.767,196.484,-1.313,-1.074,1.648,178.785,-1.313,-1.071,1.634,178.691,0.000,0.003,-0.014,0.015,5,weighted_average,kalman(weighted_average),false
1788766216.907,196.624,-1.312,-1.068,1.624,178.627,-1.313,-1.070,1.628,178.684,-0.002,-0.003,0.003,0.005,5,weighted_average,kalman(weighted_average),false
1788766216.957,196.674,-1.317,-1.075,1.623,178.777,-1.315,-1.073,1.623,178.742,0.001,0.002,0.000,0.002,5,weighted_average,kalman(weighted_average),false
1788766217.009,196.726,-1.314,-1.071,1.639,178.697,-1.315,-1.072,1.632,178.726,-0.001,-0.001,-0.007,0.007,5,weighted_average,kalman(weighted_average),false
1788766217.058,196.776,-1.312,-1.065,1.593,178.577,-1.313,-1.068,1.609,178.649,-0.001,-0.002,0.016,0.016,5,weighted_average,kalman(weighted_average),false
1788766217.196,196.913,-1.334,-1.095,1.585,177.895,-1.331,-1.091,1.585,178.041,0.003,0.004,-0.000,0.005,4|5,weighted_average,kalman(weighted_average),false
1788766217.256,196.973,-1.302,-1.047,1.620,178.267,-1.313,-1.063,1.607,178.101,-0.011,-0.016,-0.013,0.023,5,weighted_average,kalman(weighted_average),false
1788766217.313,197.030,-1.304,-1.053,1.602,178.377,-1.305,-1.054,1.606,178.220,-0.001,-0.000,0.004,0.004,5,weighted_average,kalman(weighted_average),false
1788766217.363,197.080,-1.300,-1.152,1.598,179.301,-1.300,-1.112,1.601,178.806,0.000,0.040,0.004,0.041,5|13,weighted_average,kalman(weighted_average),false
1788766217.499,197.217,-1.332,-1.112,1.592,178.213,-1.326,-1.120,1.593,178.451,0.006,-0.007,0.001,0.010,4|5,weighted_average,kalman(weighted_average),false
1788766217.556,197.273,-1.303,-1.063,1.600,178.530,-1.313,-1.079,1.597,178.457,-0.010,-0.017,-0.003,0.020,5,weighted_average,kalman(weighted_average),false
1788766217.607,197.325,-1.309,-1.070,1.612,178.687,-1.311,-1.067,1.607,178.561,-0.002,0.003,-0.005,0.006,5,weighted_average,kalman(weighted_average),false
1788766217.659,197.376,-1.306,-1.069,1.643,178.665,-1.307,-1.062,1.631,178.617,-0.001,0.007,-0.012,0.014,5,weighted_average,kalman(weighted_average),false
1788766217.797,197.514,-1.313,-1.142,1.631,178.644,-1.311,-1.128,1.635,178.648,0.001,0.014,0.005,0.015,4|5|13,weighted_average,kalman(weighted_average),false
1788766217.861,197.578,-1.302,-1.151,1.578,178.844,-1.305,-1.154,1.593,178.784,-0.003,-0.004,0.015,0.016,4|5|13,weighted_average,kalman(weighted_average),false
1788766217.914,197.631,-1.298,-1.172,1.581,179.240,-1.300,-1.174,1.579,179.075,-0.002,-0.003,-0.002,0.004,4|5|13,weighted_average,kalman(weighted_average),false
1788766217.963,197.680,-1.304,-1.152,1.625,178.891,-1.301,-1.169,1.601,179.037,0.003,-0.017,-0.024,0.030,4|5|13,weighted_average,kalman(weighted_average),false
1788766218.102,197.819,-1.314,-1.096,1.630,177.985,-1.312,-1.109,1.626,178.246,0.002,-0.013,-0.003,0.013,4|5,weighted_average,kalman(weighted_average),false
1788766218.154,197.871,-1.287,-1.147,1.656,179.258,-1.296,-1.127,1.650,178.778,-0.009,0.020,-0.006,0.023,5|13,weighted_average,kalman(weighted_average),false
1788766218.212,197.929,-1.293,-1.048,1.647,178.299,-1.292,-1.072,1.654,178.503,0.000,-0.024,0.007,0.025,5,weighted_average,kalman(weighted_average),false
1788766218.259,197.976,-1.291,-1.045,1.650,178.271,-1.290,-1.046,1.655,178.342,0.001,-0.000,0.005,0.005,5,weighted_average,kalman(weighted_average),false
1788766218.398,198.115,-1.317,-1.116,1.629,178.199,-1.312,-1.097,1.634,178.162,0.004,0.019,0.006,0.020,4|5|13,weighted_average,kalman(weighted_average),false
1788766218.452,198.169,-1.307,-1.155,1.623,178.956,-1.311,-1.145,1.623,178.640,-0.005,0.009,0.000,0.010,4|5|13,weighted_average,kalman(weighted_average),false
1788766218.503,198.220,-1.297,-1.047,1.638,178.365,-1.304,-1.095,1.629,178.539,-0.007,-0.048,-0.009,0.049,5,weighted_average,kalman(weighted_average),false
1788766218.553,198.270,-1.292,-1.043,1.661,178.289,-1.296,-1.062,1.648,178.425,-0.004,-0.019,-0.014,0.024,5,weighted_average,kalman(weighted_average),false
1788766218.684,198.401,-1.332,-1.063,1.660,177.370,-1.325,-1.057,1.661,177.603,0.007,0.006,0.001,0.009,4|5,weighted_average,kalman(weighted_average),false
1788766218.738,198.455,-1.306,-1.061,1.679,178.666,-1.316,-1.060,1.675,178.157,-0.010,0.001,-0.004,0.011,5,weighted_average,kalman(weighted_average),false
1788766218.789,198.506,-1.299,-1.050,1.681,178.444,-1.306,-1.054,1.682,178.331,-0.007,-0.004,0.001,0.008,5,weighted_average,kalman(weighted_average),false
1788766218.839,198.556,-1.311,-1.065,1.673,178.746,-1.308,-1.060,1.680,178.590,0.003,0.005,0.007,0.009,5,weighted_average,kalman(weighted_average),false
1788766218.974,198.691,-1.300,-1.049,1.683,178.424,-1.300,-1.051,1.684,178.544,-0.001,-0.002,0.001,0.002,5,weighted_average,kalman(weighted_average),false
1788766219.033,198.750,-1.300,-1.054,1.679,178.504,-1.299,-1.052,1.681,178.515,0.001,0.002,0.002,0.003,5,weighted_average,kalman(weighted_average),false
1788766219.086,198.803,-1.316,-1.119,1.721,178.301,-1.309,-1.095,1.707,178.384,0.007,0.024,-0.015,0.029,4|5|13,weighted_average,kalman(weighted_average),false
1788766219.136,198.854,-1.294,-1.037,1.692,178.198,-1.301,-1.066,1.702,178.257,-0.007,-0.029,0.010,0.032,5,weighted_average,kalman(weighted_average),false
1788766219.271,198.988,-1.286,-1.028,1.686,178.044,-1.288,-1.033,1.690,178.044,-0.001,-0.004,0.004,0.006,5,weighted_average,kalman(weighted_average),false
1788766219.322,199.039,-1.296,-1.158,1.627,179.577,-1.292,-1.114,1.645,178.969,0.004,0.044,0.018,0.047,5|13,weighted_average,kalman(weighted_average),false
1788766219.376,199.093,-1.296,-1.037,1.688,178.258,-1.294,-1.075,1.664,178.685,0.002,-0.038,-0.024,0.045,5,weighted_average,kalman(weighted_average),false
1788766219.428,199.145,-1.300,-1.041,1.668,178.320,-1.298,-1.053,1.666,178.517,0.002,-0.012,-0.003,0.013,5,weighted_average,kalman(weighted_average),false
1788766219.563,199.280,-1.325,-1.075,1.656,179.015,-1.322,-1.068,1.657,178.900,0.003,0.007,0.001,0.008,5,weighted_average,kalman(weighted_average),false
1788766219.621,199.338,-1.295,-1.032,1.671,178.165,-1.306,-1.045,1.666,178.479,-0.011,-0.013,-0.005,0.018,5,weighted_average,kalman(weighted_average),false
1788766219.673,199.390,-1.307,-1.046,1.682,178.461,-1.306,-1.043,1.677,178.437,0.001,0.003,-0.005,0.006,5,weighted_average,kalman(weighted_average),false
1788766219.731,199.449,-1.321,-1.068,1.710,178.918,-1.316,-1.058,1.701,178.683,0.006,0.011,-0.009,0.015,5,weighted_average,kalman(weighted_average),false
1788766219.866,199.583,-1.314,-1.053,1.731,178.647,-1.315,-1.055,1.732,178.683,-0.001,-0.002,0.001,0.003,5,weighted_average,kalman(weighted_average),false
1788766219.924,199.642,-1.321,-1.063,1.686,178.795,-1.319,-1.060,1.703,178.757,0.002,0.003,0.017,0.017,5,weighted_average,kalman(weighted_average),false
1788766219.980,199.697,-1.307,-1.146,1.700,179.410,-1.312,-1.117,1.699,179.155,-0.005,0.029,-0.002,0.029,5|13,weighted_average,kalman(weighted_average),false
1788766220.029,199.746,-1.310,-1.044,1.695,178.426,-1.310,-1.082,1.694,178.828,0.000,-0.038,-0.001,0.038,5,weighted_average,kalman(weighted_average),false
1788766220.170,199.887,-1.303,-1.155,1.743,179.533,-1.303,-1.146,1.735,179.383,-0.000,0.009,-0.008,0.012,5|13,weighted_average,kalman(weighted_average),false
1788766220.227,199.944,-1.307,-1.041,1.706,178.334,-1.305,-1.080,1.720,178.783,0.002,-0.039,0.014,0.042,5,weighted_average,kalman(weighted_average),false
1788766220.281,199.998,-1.313,-1.059,1.705,178.660,-1.310,-1.061,1.711,178.666,0.003,-0.001,0.006,0.007,5,weighted_average,kalman(weighted_average),false
1788766220.332,200.049,-1.314,-1.135,1.664,179.143,-1.313,-1.100,1.680,178.881,0.001,0.035,0.017,0.039,5|13,weighted_average,kalman(weighted_average),false
1788766220.465,200.182,-1.314,-1.058,1.670,178.628,-1.315,-1.067,1.666,178.689,-0.001,-0.009,-0.004,0.010,5,weighted_average,kalman(weighted_average),false
1788766220.521,200.238,-1.315,-1.058,1.711,178.651,-1.315,-1.056,1.696,178.638,-0.000,0.002,-0.015,0.015,5,weighted_average,kalman(weighted_average),false
1788766220.575,200.292,-1.288,-1.198,1.719,-179.659,-1.297,-1.144,1.715,179.603,-0.010,0.054,-0.004,0.055,5|13,weighted_average,kalman(weighted_average),false
1788766220.624,200.341,-1.301,-1.144,1.709,179.286,-1.296,-1.156,1.717,179.571,0.004,-0.013,0.008,0.015,5|13,weighted_average,kalman(weighted_average),false
1788766220.759,200.476,-1.303,-1.040,1.697,178.298,-1.301,-1.064,1.703,178.684,0.003,-0.024,0.006,0.025,5,weighted_average,kalman(weighted_average),false
1788766220.814,200.531,-1.305,-1.042,1.709,178.356,-1.305,-1.035,1.705,178.357,0.001,0.007,-0.004,0.008,5,weighted_average,kalman(weighted_average),false
1788766220.868,200.586,-1.324,-1.069,1.685,178.899,-1.318,-1.044,1.691,178.540,0.005,0.025,0.006,0.026,5,weighted_average,kalman(weighted_average),false
1788766220.924,200.641,-1.305,-1.039,1.701,178.357,-1.313,-1.036,1.694,178.380,-0.008,0.004,-0.007,0.011,5,weighted_average,kalman(weighted_average),false
1788766221.071,200.788,-1.311,-1.124,1.659,179.035,-1.312,-1.111,1.662,178.845,-0.001,0.013,0.003,0.014,5|13,weighted_average,kalman(weighted_average),false
1788766221.121,200.838,-1.303,-1.162,1.685,179.793,-1.305,-1.156,1.673,179.498,-0.003,0.006,-0.011,0.013,5|13,weighted_average,kalman(weighted_average),false
1788766221.173,200.890,-1.295,-1.020,1.684,178.068,-1.297,-1.083,1.680,178.824,-0.003,-0.063,-0.005,0.063,5,weighted_average,kalman(weighted_average),false
1788766221.227,200.944,-1.308,-1.040,1.710,178.506,-1.302,-1.051,1.699,178.631,0.006,-0.011,-0.011,0.016,5,weighted_average,kalman(weighted_average),false
1788766221.375,201.092,-1.311,-1.037,1.711,178.528,-1.310,-1.032,1.713,178.497,0.001,0.005,0.002,0.006,5,weighted_average,kalman(weighted_average),false
1788766221.426,201.143,-1.318,-1.150,1.718,179.753,-1.316,-1.112,1.718,179.272,0.001,0.038,-0.000,0.038,5|13,weighted_average,kalman(weighted_average),false
1788766221.484,201.201,-1.304,-1.156,1.703,179.900,-1.310,-1.155,1.710,179.765,-0.006,0.002,0.006,0.009,5|13,weighted_average,kalman(weighted_average),false
1788766221.537,201.254,-1.315,-1.027,1.713,178.493,-1.313,-1.088,1.711,179.199,0.002,-0.060,-0.002,0.060,5,weighted_average,kalman(weighted_average),false
1788766221.683,201.400,-1.324,-1.034,1.727,178.719,-1.323,-1.037,1.725,178.810,0.001,-0.003,-0.002,0.003,5,weighted_average,kalman(weighted_average),false
1788766221.735,201.453,-1.308,-1.142,1.693,179.837,-1.314,-1.104,1.705,179.411,-0.006,0.038,0.012,0.040,5|13,weighted_average,kalman(weighted_average),false
1788766221.788,201.505,-1.323,-1.116,1.761,178.919,-1.319,-1.119,1.739,179.185,0.004,-0.003,-0.022,0.022,4|5|13,weighted_average,kalman(weighted_average),false
1788766221.839,201.556,-1.326,-1.107,1.725,178.786,-1.324,-1.118,1.735,178.966,0.002,-0.011,0.010,0.015,4|5|13,weighted_average,kalman(weighted_average),false
1788766221.984,201.701,-1.328,-1.152,1.652,179.710,-1.328,-1.151,1.663,179.524,-0.000,0.001,0.011,0.011,4|5|13,weighted_average,kalman(weighted_average),false
1788766222.036,201.753,-1.336,-1.048,1.745,177.749,-1.334,-1.084,1.710,178.478,0.002,-0.036,-0.035,0.050,4|5|13,weighted_average,kalman(weighted_average),false
1788766222.092,201.809,-1.325,-0.946,1.815,175.617,-1.329,-0.984,1.781,176.666,-0.004,-0.038,-0.034,0.051,13,weighted_average,kalman(weighted_average),false
1788766222.144,201.861,-1.330,-1.097,1.705,178.751,-1.330,-1.033,1.746,177.458,0.001,0.064,0.041,0.076,4|5|13,weighted_average,kalman(weighted_average),false
1788766222.284,202.001,-1.333,-1.047,1.762,177.837,-1.333,-1.042,1.761,177.631,0.000,0.005,-0.001,0.005,4|5|13,weighted_average,kalman(weighted_average),false
1788766222.336,202.053,-1.330,-1.054,1.757,177.991,-1.331,-1.052,1.760,177.877,-0.001,0.002,0.003,0.004,4|5|13,weighted_average,kalman(weighted_average),false
1788766222.395,202.112,-1.343,-1.008,1.703,177.264,-1.339,-1.025,1.723,177.567,0.004,-0.017,0.020,0.026,4|5,weighted_average,kalman(weighted_average),false
1788766222.448,202.165,-1.333,-1.022,1.715,177.288,-1.337,-1.020,1.712,177.391,-0.004,0.002,-0.003,0.005,4|5|13,weighted_average,kalman(weighted_average),false
1788766222.585,202.302,-1.300,-1.113,1.851,178.425,-1.305,-1.099,1.829,178.161,-0.005,0.014,-0.022,0.027,5|13,weighted_average,kalman(weighted_average),false
1788766222.642,202.359,-1.312,-0.974,1.696,176.273,-1.305,-1.022,1.751,177.051,0.006,-0.047,0.055,0.073,5,weighted_average,kalman(weighted_average),false
1788766222.692,202.409,-1.328,-0.991,1.721,176.073,-1.317,-0.996,1.728,176.390,0.010,-0.005,0.008,0.014,5,weighted_average,kalman(weighted_average),false
1788766222.743,202.460,-1.305,-0.967,1.648,175.341,-1.311,-0.970,1.673,175.639,-0.005,-0.003,0.025,0.026,5,weighted_average,kalman(weighted_average),false
1788766222.879,202.596,-1.303,-0.959,1.649,174.529,-1.303,-0.953,1.640,174.464,-0.000,0.007,-0.009,0.011,5,weighted_average,kalman(weighted_average),false
1788766222.928,202.645,-1.312,-0.972,1.682,174.092,-1.309,-0.965,1.666,174.072,0.004,0.008,-0.016,0.018,5,weighted_average,kalman(weighted_average),false
1788766222.983,202.700,-1.307,-0.970,1.704,173.780,-1.308,-0.969,1.693,173.709,-0.001,0.001,-0.011,0.011,5,weighted_average,kalman(weighted_average),false
1788766223.034,202.751,-1.296,-0.958,1.656,173.047,-1.301,-0.964,1.676,173.167,-0.004,-0.006,0.020,0.021,5,weighted_average,kalman(weighted_average),false
1788766223.175,202.892,-1.275,-0.935,1.682,171.513,-1.277,-0.939,1.682,171.600,-0.002,-0.003,-0.000,0.004,5,weighted_average,kalman(weighted_average),false
1788766223.223,202.940,-1.254,-0.909,1.656,170.398,-1.259,-0.915,1.665,170.651,-0.004,-0.006,0.009,0.012,5,weighted_average,kalman(weighted_average),false
1788766223.276,202.993,-1.248,-0.991,1.774,170.530,-1.247,-0.958,1.733,170.265,0.001,0.033,-0.041,0.053,5|13,weighted_average,kalman(weighted_average),false
1788766223.327,203.044,-1.234,-0.886,1.659,168.987,-1.234,-0.917,1.698,169.300,-0.000,-0.032,0.039,0.050,5,weighted_average,kalman(weighted_average),false
1788766223.465,203.182,-1.211,-1.024,1.726,169.183,-1.209,-1.006,1.722,168.800,0.001,0.018,-0.004,0.018,5|13,weighted_average,kalman(weighted_average),false
1788766223.517,203.234,-1.223,-0.860,1.684,166.772,-1.216,-0.918,1.699,167.452,0.007,-0.058,0.015,0.060,5,weighted_average,kalman(weighted_average),false
1788766223.568,203.286,-1.192,-0.900,1.721,165.512,-1.200,-0.899,1.711,166.071,-0.008,0.000,-0.009,0.012,5|13,weighted_average,kalman(weighted_average),false
1788766223.618,203.335,-1.177,-0.901,1.825,164.582,-1.183,-0.894,1.782,164.862,-0.006,0.008,-0.043,0.044,5|13,weighted_average,kalman(weighted_average),false
1788766223.752,203.469,-1.152,-0.775,1.672,161.578,-1.152,-0.787,1.699,161.713,0.000,-0.012,0.027,0.030,5,weighted_average,kalman(weighted_average),false
1788766223.808,203.525,-1.146,-0.775,1.720,161.058,-1.144,-0.764,1.701,160.822,0.002,0.011,-0.019,0.022,5,weighted_average,kalman(weighted_average),false
1788766223.858,203.575,-1.127,-0.824,1.739,159.851,-1.130,-0.791,1.719,159.826,-0.003,0.033,-0.021,0.039,5|13,weighted_average,kalman(weighted_average),false
1788766223.909,203.626,-1.116,-0.826,1.794,159.322,-1.117,-0.810,1.764,159.088,-0.001,0.016,-0.030,0.034,5|13,weighted_average,kalman(weighted_average),false
1788766224.057,203.774,-1.099,-0.853,1.672,157.880,-1.097,-0.850,1.688,157.601,0.002,0.003,0.016,0.017,5|13,weighted_average,kalman(weighted_average),false
1788766224.116,203.833,-1.074,-0.684,1.720,154.517,-1.079,-0.736,1.700,155.376,-0.005,-0.052,-0.021,0.056,5,weighted_average,kalman(weighted_average),false
1788766224.171,203.888,-1.067,-0.681,1.678,153.307,-1.067,-0.684,1.681,153.661,-0.000,-0.003,0.003,0.004,5,weighted_average,kalman(weighted_average),false
1788766224.226,203.943,-1.047,-0.658,1.714,151.602,-1.050,-0.650,1.696,151.898,-0.003,0.009,-0.018,0.020,5,weighted_average,kalman(weighted_average),false
1788766224.355,204.072,-1.038,-0.665,1.694,149.399,-1.035,-0.649,1.694,149.150,0.003,0.016,-0.000,0.017,5,weighted_average,kalman(weighted_average),false
1788766224.405,204.122,-1.045,-0.674,1.751,149.019,-1.040,-0.667,1.732,148.641,0.005,0.007,-0.018,0.020,5,weighted_average,kalman(weighted_average),false
1788766224.456,204.173,-1.028,-0.660,1.729,148.149,-1.032,-0.666,1.736,147.969,-0.004,-0.006,0.007,0.010,5,weighted_average,kalman(weighted_average),false
1788766224.505,204.223,-1.007,-0.640,1.699,146.730,-1.015,-0.652,1.718,146.940,-0.008,-0.012,0.019,0.024,5,weighted_average,kalman(weighted_average),false
1788766224.641,204.358,-0.974,-0.630,1.716,144.443,-0.976,-0.632,1.716,144.463,-0.002,-0.002,-0.001,0.003,5,weighted_average,kalman(weighted_average),false
1788766224.694,204.411,-0.957,-0.628,1.708,143.500,-0.958,-0.627,1.710,143.496,-0.001,0.001,0.002,0.003,5,weighted_average,kalman(weighted_average),false
1788766224.744,204.461,-0.957,-0.631,1.708,143.138,-0.952,-0.627,1.708,142.901,0.006,0.004,-0.000,0.007,5,weighted_average,kalman(weighted_average),false
1788766224.795,204.512,-0.929,-0.615,1.719,141.875,-0.933,-0.618,1.713,141.973,-0.004,-0.003,-0.005,0.008,5,weighted_average,kalman(weighted_average),false
1788766224.924,204.641,-0.892,-0.606,1.724,139.949,-0.893,-0.606,1.723,139.914,-0.001,0.001,-0.001,0.001,5,weighted_average,kalman(weighted_average),false
1788766224.972,204.690,-0.886,-0.608,1.706,139.632,-0.883,-0.606,1.713,139.439,0.003,0.002,0.007,0.008,5,weighted_average,kalman(weighted_average),false
1788766225.020,204.738,-0.873,-0.611,1.690,138.906,-0.872,-0.608,1.698,138.846,0.001,0.003,0.008,0.008,5,weighted_average,kalman(weighted_average),false
1788766225.076,204.793,-0.865,-0.611,1.657,138.567,-0.862,-0.610,1.669,138.364,0.003,0.001,0.012,0.012,5,weighted_average,kalman(weighted_average),false
1788766225.222,204.939,-0.824,-0.605,1.703,136.903,-0.825,-0.605,1.694,136.860,-0.001,-0.001,-0.010,0.010,5,weighted_average,kalman(weighted_average),false
1788766225.275,204.992,-0.813,-0.612,1.685,136.447,-0.812,-0.609,1.692,136.400,0.000,0.003,0.007,0.007,5,weighted_average,kalman(weighted_average),false
1788766225.324,205.041,-0.780,-0.600,1.694,135.509,-0.787,-0.604,1.696,135.688,-0.007,-0.004,0.002,0.009,5,weighted_average,kalman(weighted_average),false
1788766225.378,205.095,-0.779,-0.608,1.696,135.463,-0.775,-0.606,1.698,135.289,0.004,0.003,0.002,0.005,5,weighted_average,kalman(weighted_average),false
1788766225.534,205.252,-0.723,-0.591,1.678,133.968,-0.724,-0.592,1.681,133.931,-0.000,-0.001,0.003,0.003,5,weighted_average,kalman(weighted_average),false
1788766225.618,205.335,-0.709,-0.592,1.662,133.518,-0.706,-0.591,1.663,133.436,0.003,0.002,0.001,0.003,5,weighted_average,kalman(weighted_average),false
1788766225.672,205.390,-0.669,-0.579,1.667,132.370,-0.677,-0.582,1.662,132.634,-0.008,-0.003,-0.004,0.010,5,weighted_average,kalman(weighted_average),false
1788766225.809,205.527,-0.619,-0.565,1.685,130.917,-0.619,-0.566,1.680,130.985,-0.001,-0.000,-0.005,0.005,5,weighted_average,kalman(weighted_average),false
1788766225.866,205.583,-0.617,-0.575,1.678,130.734,-0.610,-0.570,1.681,130.583,0.006,0.005,0.003,0.009,5,weighted_average,kalman(weighted_average),false
1788766225.921,205.638,-0.584,-0.566,1.680,129.893,-0.588,-0.567,1.682,129.954,-0.004,-0.001,0.002,0.004,5,weighted_average,kalman(weighted_average),false
1788766225.976,205.693,-0.579,-0.563,1.682,129.628,-0.575,-0.564,1.683,129.518,0.004,-0.001,0.001,0.004,5,weighted_average,kalman(weighted_average),false
1788766226.117,205.834,-0.540,-0.555,1.680,128.387,-0.539,-0.555,1.681,128.343,0.001,-0.000,0.001,0.001,5,weighted_average,kalman(weighted_average),false
1788766226.168,205.886,-0.529,-0.552,1.684,127.856,-0.529,-0.552,1.683,127.878,0.001,0.000,-0.001,0.001,5,weighted_average,kalman(weighted_average),false
1788766226.224,205.941,-0.515,-0.544,1.669,127.389,-0.515,-0.545,1.674,127.394,-0.000,-0.001,0.005,0.005,5,weighted_average,kalman(weighted_average),false
1788766226.276,205.993,-0.497,-0.537,1.664,126.746,-0.499,-0.539,1.666,126.835,-0.002,-0.001,0.002,0.003,5,weighted_average,kalman(weighted_average),false
1788766226.422,206.139,-0.455,-0.520,1.689,125.085,-0.455,-0.520,1.684,125.154,-0.001,-0.000,-0.004,0.004,5,weighted_average,kalman(weighted_average),false
1788766226.481,206.198,-0.447,-0.512,1.673,124.735,-0.444,-0.512,1.679,124.648,0.003,-0.000,0.006,0.007,5,weighted_average,kalman(weighted_average),false
1788766226.529,206.246,-0.420,-0.500,1.672,123.883,-0.425,-0.502,1.675,123.999,-0.005,-0.002,0.003,0.006,5,weighted_average,kalman(weighted_average),false
1788766226.581,206.298,-0.415,-0.496,1.671,123.610,-0.413,-0.495,1.672,123.517,0.003,0.001,0.002,0.003,5,weighted_average,kalman(weighted_average),false
1788766226.722,206.439,-0.388,-0.473,1.690,122.216,-0.386,-0.473,1.687,122.179,0.002,-0.000,-0.003,0.003,5,weighted_average,kalman(weighted_average),false
1788766226.780,206.498,-0.367,-0.461,1.680,121.490,-0.370,-0.462,1.684,121.533,-0.002,-0.001,0.004,0.005,5,weighted_average,kalman(weighted_average),false
1788766226.833,206.550,-0.358,-0.449,1.698,120.851,-0.358,-0.451,1.694,120.915,0.000,-0.001,-0.004,0.004,5,weighted_average,kalman(weighted_average),false
1788766226.887,206.604,-0.331,-0.428,1.698,119.852,-0.336,-0.433,1.699,120.059,-0.006,-0.004,0.000,0.007,5,weighted_average,kalman(weighted_average),false
1788766227.023,206.740,-0.316,-0.410,1.683,118.946,-0.313,-0.408,1.687,118.819,0.003,0.002,0.004,0.005,5,weighted_average,kalman(weighted_average),false
1788766227.082,206.800,-0.294,-0.390,1.694,117.966,-0.297,-0.392,1.690,118.068,-0.003,-0.002,-0.004,0.005,5,weighted_average,kalman(weighted_average),false
1788766227.132,206.850,-0.295,-0.236,1.745,116.909,-0.292,-0.288,1.725,117.174,0.003,-0.052,-0.020,0.056,6,weighted_average,kalman(weighted_average),false
1788766227.193,206.910,-0.280,-0.217,1.722,116.166,-0.281,-0.220,1.729,116.252,-0.001,-0.003,0.007,0.008,6,weighted_average,kalman(weighted_average),false
1788766227.324,207.041,-0.256,-0.187,1.718,114.814,-0.256,-0.172,1.722,114.723,-0.000,0.015,0.005,0.016,6,weighted_average,kalman(weighted_average),false
1788766227.379,207.096,-0.247,-0.179,1.749,114.425,-0.246,-0.172,1.740,114.297,0.000,0.007,-0.009,0.012,6,weighted_average,kalman(weighted_average),false
1788766227.432,207.149,-0.248,-0.163,1.738,113.921,-0.244,-0.163,1.741,113.846,0.004,0.000,0.003,0.005,6,weighted_average,kalman(weighted_average),false
1788766227.487,207.205,-0.243,-0.156,1.718,113.623,-0.241,-0.155,1.728,113.489,0.002,0.001,0.010,0.010,6,weighted_average,kalman(weighted_average),false
1788766227.618,207.335,-0.230,-0.119,1.750,112.371,-0.230,-0.121,1.745,112.377,0.000,-0.002,-0.005,0.005,6,weighted_average,kalman(weighted_average),false
1788766227.668,207.385,-0.199,-0.095,1.735,111.395,-0.208,-0.099,1.741,111.606,-0.008,-0.004,0.006,0.011,6,weighted_average,kalman(weighted_average),false
1788766227.722,207.439,-0.211,-0.085,1.738,110.996,-0.205,-0.083,1.740,111.004,0.006,0.001,0.002,0.006,6,weighted_average,kalman(weighted_average),false
1788766227.773,207.490,-0.199,-0.078,1.727,110.585,-0.199,-0.073,1.732,110.519,0.001,0.004,0.005,0.006,6,weighted_average,kalman(weighted_average),false
1788766227.915,207.632,-0.165,-0.034,1.735,108.941,-0.167,-0.034,1.734,108.959,-0.002,-0.000,-0.001,0.002,6,weighted_average,kalman(weighted_average),false
1788766227.967,207.684,-0.449,0.006,2.073,113.343,-0.167,-0.034,1.734,111.509,0.282,-0.041,-0.339,0.443,3,weighted_average,kalman(weighted_average),true
1788766228.021,207.738,-0.148,-0.011,1.722,107.440,-0.151,-0.014,1.724,109.399,-0.003,-0.004,0.002,0.005,6,weighted_average,kalman(weighted_average),false
1788766228.072,207.789,-0.147,-0.008,1.717,107.173,-0.147,-0.008,1.718,107.984,0.001,0.000,0.001,0.001,6,weighted_average,kalman(weighted_average),false
1788766228.219,207.936,-0.118,0.015,1.718,105.698,-0.119,0.014,1.716,105.707,-0.002,-0.000,-0.001,0.002,6,weighted_average,kalman(weighted_average),false
1788766228.266,207.983,-0.311,0.063,0.897,108.306,-0.119,0.014,1.716,107.031,0.191,-0.049,0.820,0.843,3,weighted_average,kalman(weighted_average),true
1788766228.311,208.028,-1.150,0.006,1.645,117.768,-0.119,0.014,1.716,112.889,1.030,0.009,0.072,1.033,3,weighted_average,kalman(weighted_average),true
1788766228.364,208.081,-0.140,0.076,0.954,105.424,-0.119,0.014,1.716,109.856,0.020,-0.062,0.762,0.765,3,weighted_average,kalman(weighted_average),true
1788766228.411,208.128,-0.085,0.033,2.287,104.857,-0.087,0.032,2.250,107.376,-0.002,-0.001,-0.037,0.037,3,weighted_average,kalman(weighted_average),false
1788766228.548,208.265,-0.238,0.081,1.368,103.257,-0.087,0.032,2.250,103.729,0.151,-0.049,0.882,0.896,15,weighted_average,kalman(weighted_average),true
1788766228.600,208.317,-1.064,0.040,1.995,113.663,-0.087,0.032,2.250,109.456,0.977,-0.008,0.255,1.010,3,weighted_average,kalman(weighted_average),true
1788766228.649,208.366,-0.071,0.072,1.724,100.136,-0.072,0.071,1.744,104.756,-0.001,-0.002,0.021,0.021,6,weighted_average,kalman(weighted_average),false
1788766228.700,208.417,-0.149,0.146,0.905,101.832,-0.072,0.071,1.744,102.763,0.077,-0.075,0.839,0.846,3,weighted_average,kalman(weighted_average),true
1788766228.750,208.467,-0.711,0.121,0.970,107.144,-0.072,0.071,1.744,104.459,0.639,-0.050,0.774,1.005,3,weighted_average,kalman(weighted_average),true
1788766228.876,208.593,-0.047,0.084,1.752,97.400,-0.048,0.084,1.752,98.988,-0.001,-0.001,-0.000,0.002,6,weighted_average,kalman(weighted_average),false
1788766228.930,208.647,-0.740,0.167,1.849,105.703,-0.048,0.084,1.752,102.386,0.691,-0.084,-0.098,0.703,3,weighted_average,kalman(weighted_average),true
1788766228.977,208.695,-0.887,0.179,1.607,106.717,-0.048,0.084,1.752,104.798,0.838,-0.096,0.145,0.856,3,weighted_average,kalman(weighted_average),true
1788766229.034,208.751,0.504,0.097,1.874,90.780,0.456,0.096,1.863,97.446,-0.048,-0.001,-0.011,0.049,3,weighted_average,kalman(weighted_average),false
1788766229.164,208.882,-0.353,0.192,1.972,98.620,0.456,0.096,1.863,97.148,0.809,-0.096,-0.109,0.822,3,weighted_average,kalman(weighted_average),true
1788766229.212,208.929,-0.375,0.203,1.711,98.054,0.456,0.096,1.863,97.586,0.831,-0.107,0.152,0.852,3,weighted_average,kalman(weighted_average),true
1788766229.266,208.983,0.331,0.143,1.346,89.885,0.336,0.141,1.367,93.149,0.005,-0.002,0.021,0.022,3,weighted_average,kalman(weighted_average),false
1788766229.314,209.031,0.191,0.144,1.971,90.761,0.336,0.141,1.367,91.152,0.145,-0.003,-0.604,0.622,3,weighted_average,kalman(weighted_average),true
1788766229.367,209.084,-0.489,0.158,0.947,97.658,0.336,0.141,1.367,93.737,0.825,-0.017,0.420,0.926,3,weighted_average,kalman(weighted_average),true
1788766229.509,209.227,0.089,-0.344,1.661,88.255,0.101,-0.320,1.646,89.247,0.012,0.024,-0.014,0.030,17,weighted_average,kalman(weighted_average),false
1788766229.557,209.274,0.078,-0.337,1.682,88.208,0.066,-0.369,1.693,88.034,-0.012,-0.032,0.011,0.036,17,weighted_average,kalman(weighted_average),false
1788766229.605,209.322,0.082,-0.342,1.686,88.063,0.059,-0.382,1.710,87.429,-0.023,-0.040,0.024,0.052,17,weighted_average,kalman(weighted_average),false
1788766229.656,209.374,0.080,-0.344,1.674,87.985,0.061,-0.378,1.702,87.179,-0.019,-0.034,0.028,0.048,17,weighted_average,kalman(weighted_average),false
1788766229.708,209.425,0.067,-0.325,1.669,88.303,0.059,-0.355,1.689,87.375,-0.008,-0.031,0.020,0.037,17,weighted_average,kalman(weighted_average),false
1788766229.836,209.553,0.066,-0.340,1.682,88.121,0.061,-0.344,1.684,87.660,-0.004,-0.004,0.003,0.007,17,weighted_average,kalman(weighted_average),false
1788766229.886,209.603,0.066,-0.342,1.688,88.043,0.065,-0.341,1.686,87.915,-0.001,0.001,-0.002,0.002,17,weighted_average,kalman(weighted_average),false
1788766229.936,209.653,0.064,-0.339,1.687,88.074,0.065,-0.338,1.686,88.058,0.001,0.001,-0.000,0.002,17,weighted_average,kalman(weighted_average),false
1788766229.989,209.706,0.053,-0.323,1.666,88.312,0.058,-0.327,1.674,88.261,0.005,-0.004,0.007,0.010,17,weighted_average,kalman(weighted_average),false
1788766230.118,209.835,0.050,-0.324,1.679,88.306,0.050,-0.322,1.676,88.387,0.000,0.002,-0.003,0.004,17,weighted_average,kalman(weighted_average),false
1788766230.169,209.887,0.060,-0.338,1.702,88.016,0.056,-0.333,1.694,88.181,-0.004,0.006,-0.008,0.011,17,weighted_average,kalman(weighted_average),false
1788766230.218,209.935,0.052,-0.334,1.679,88.171,0.054,-0.335,1.688,88.160,0.002,-0.001,0.009,0.009,17,weighted_average,kalman(weighted_average),false
1788766230.270,209.987,0.055,-0.337,1.710,88.112,0.054,-0.337,1.702,88.119,-0.001,-0.000,-0.008,0.008,17,weighted_average,kalman(weighted_average),false
1788766230.409,210.126,0.049,-0.331,1.694,88.202,0.050,-0.332,1.698,88.165,0.001,-0.002,0.004,0.004,17,weighted_average,kalman(weighted_average),false
1788766230.466,210.183,0.057,-0.338,1.693,88.008,0.054,-0.336,1.693,88.070,-0.003,0.003,0.000,0.004,17,weighted_average,kalman(weighted_average),false
1788766230.518,210.236,0.043,-0.325,1.698,88.306,0.047,-0.329,1.695,88.196,0.004,-0.004,-0.003,0.007,17,weighted_average,kalman(weighted_average),false
1788766230.570,210.288,0.044,-0.327,1.686,88.260,0.044,-0.327,1.689,88.245,0.000,0.000,0.003,0.003,17,weighted_average,kalman(weighted_average),false
1788766230.702,210.419,0.045,-0.333,1.707,88.206,0.044,-0.331,1.703,88.235,-0.001,0.002,-0.004,0.004,17,weighted_average,kalman(weighted_average),false
1788766230.760,210.477,0.053,-0.346,1.734,88.022,0.050,-0.342,1.727,88.098,-0.002,0.004,-0.007,0.008,17,weighted_average,kalman(weighted_average),false
1788766230.808,210.525,0.043,-0.333,1.706,88.244,0.047,-0.339,1.718,88.160,0.004,-0.005,0.013,0.014,17,weighted_average,kalman(weighted_average),false
1788766230.855,210.573,0.054,-0.349,1.725,87.983,0.051,-0.345,1.724,88.062,-0.003,0.003,-0.001,0.004,17,weighted_average,kalman(weighted_average),false
1788766230.982,210.699,0.049,-0.349,1.691,88.014,0.050,-0.350,1.698,88.001,0.001,-0.001,0.007,0.007,17,weighted_average,kalman(weighted_average),false
1788766231.036,210.753,0.046,-0.348,1.707,88.067,0.047,-0.349,1.701,88.031,0.001,-0.001,-0.007,0.007,17,weighted_average,kalman(weighted_average),false
1788766231.088,210.805,0.048,-0.346,1.710,88.066,0.047,-0.347,1.705,88.049,-0.001,-0.002,-0.005,0.006,17,weighted_average,kalman(weighted_average),false
1788766231.134,210.851,0.041,-0.338,1.704,88.227,0.043,-0.342,1.704,88.144,0.002,-0.003,0.000,0.004,17,weighted_average,kalman(weighted_average),false
1788766231.267,210.984,0.039,-0.333,1.732,88.321,0.039,-0.333,1.727,88.303,-0.000,-0.000,-0.004,0.004,17,weighted_average,kalman(weighted_average),false
1788766231.328,211.045,0.042,-0.345,1.744,88.207,0.041,-0.340,1.743,88.265,-0.001,0.004,-0.001,0.005,17,weighted_average,kalman(weighted_average),false
1788766231.379,211.096,0.045,-0.335,1.708,88.198,0.044,-0.338,1.724,88.235,-0.001,-0.002,0.016,0.017,17,weighted_average,kalman(weighted_average),false
1788766231.430,211.147,0.039,-0.336,1.717,88.298,0.042,-0.337,1.719,88.270,0.002,-0.000,0.002,0.003,17,weighted_average,kalman(weighted_average),false
1788766231.586,211.303,0.040,-0.336,1.709,88.294,0.040,-0.336,1.709,88.297,0.000,0.000,-0.000,0.000,17,weighted_average,kalman(weighted_average),false
1788766231.636,211.353,0.036,-0.336,1.734,88.397,0.037,-0.336,1.725,88.363,0.001,0.000,-0.009,0.009,17,weighted_average,kalman(weighted_average),false
1788766231.693,211.410,0.040,-0.337,1.715,88.316,0.039,-0.336,1.720,88.348,-0.002,0.001,0.006,0.006,17,weighted_average,kalman(weighted_average),false
1788766231.746,211.463,0.039,-0.337,1.722,88.354,0.039,-0.337,1.721,88.357,-0.000,0.000,-0.000,0.000,17,weighted_average,kalman(weighted_average),false
1788766231.870,211.587,0.050,-0.352,1.713,88.084,0.048,-0.349,1.715,88.156,-0.002,0.002,0.002,0.003,17,weighted_average,kalman(weighted_average),false
1788766231.926,211.643,0.040,-0.345,1.710,88.315,0.044,-0.348,1.711,88.228,0.004,-0.003,0.000,0.005,17,weighted_average,kalman(weighted_average),false
1788766231.975,211.692,0.047,-0.354,1.717,88.149,0.046,-0.352,1.713,88.177,-0.001,0.001,-0.003,0.004,17,weighted_average,kalman(weighted_average),false
1788766232.025,211.742,0.046,-0.350,1.693,88.207,0.046,-0.352,1.701,88.180,0.000,-0.002,0.008,0.008,17,weighted_average,kalman(weighted_average),false
1788766232.183,211.901,0.050,-0.363,1.709,88.086,0.050,-0.362,1.707,88.093,-0.000,0.001,-0.003,0.003,17,weighted_average,kalman(weighted_average),false
1788766232.252,211.969,0.036,-0.349,1.706,88.416,0.040,-0.353,1.708,88.305,0.004,-0.005,0.001,0.006,17,weighted_average,kalman(weighted_average),false
1788766232.318,212.036,0.046,-0.360,1.706,88.177,0.043,-0.357,1.708,88.251,-0.003,0.003,0.001,0.004,17,weighted_average,kalman(weighted_average),false
1788766232.457,212.174,0.037,-0.357,1.699,88.398,0.038,-0.357,1.701,88.378,0.001,-0.000,0.001,0.001,17,weighted_average,kalman(weighted_average),false
1788766232.506,212.224,0.049,-0.367,1.707,88.142,0.045,-0.363,1.704,88.247,-0.004,0.003,-0.003,0.006,17,weighted_average,kalman(weighted_average),false
1788766232.553,212.271,0.044,-0.365,1.704,88.245,0.045,-0.366,1.704,88.238,0.001,-0.000,-0.000,0.001,17,weighted_average,kalman(weighted_average),false
1788766232.602,212.320,0.046,-0.367,1.708,88.218,0.046,-0.367,1.707,88.220,0.000,-0.001,-0.002,0.002,17,weighted_average,kalman(weighted_average),false
1788766232.729,212.446,0.049,-0.374,1.706,88.120,0.049,-0.374,1.706,88.134,-0.000,0.000,0.001,0.001,17,weighted_average,kalman(weighted_average),false
1788766232.782,212.499,0.052,-0.377,1.721,88.060,0.052,-0.377,1.716,88.075,-0.001,-0.000,-0.005,0.005,17,weighted_average,kalman(weighted_average),false
1788766232.832,212.550,0.049,-0.375,1.708,88.128,0.050,-0.377,1.713,88.087,0.002,-0.002,0.004,0.005,17,weighted_average,kalman(weighted_average),false
1788766232.881,212.598,0.052,-0.382,1.710,88.024,0.052,-0.380,1.711,88.043,-0.001,0.002,0.001,0.002,17,weighted_average,kalman(weighted_average),false
1788766232.934,212.651,0.053,-0.379,1.695,88.009,0.053,-0.380,1.701,88.010,-0.000,-0.001,0.006,0.007,17,weighted_average,kalman(weighted_average),false
1788766233.073,212.790,0.041,-0.372,1.692,88.281,0.043,-0.373,1.692,88.205,0.002,-0.002,-0.000,0.003,17,weighted_average,kalman(weighted_average),false
1788766233.121,212.838,0.043,-0.373,1.699,88.260,0.041,-0.372,1.696,88.264,-0.001,0.001,-0.003,0.004,17,weighted_average,kalman(weighted_average),false
1788766233.170,212.887,0.049,-0.375,1.693,88.130,0.045,-0.373,1.694,88.217,-0.004,0.002,0.001,0.005,17,weighted_average,kalman(weighted_average),false
1788766233.225,212.942,0.047,-0.379,1.707,88.144,0.046,-0.376,1.702,88.189,-0.001,0.002,-0.005,0.006,17,weighted_average,kalman(weighted_average),false
1788766233.357,213.074,0.042,-0.375,1.684,88.219,0.043,-0.376,1.688,88.215,0.001,-0.001,0.004,0.004,17,weighted_average,kalman(weighted_average),false
1788766233.413,213.130,0.046,-0.378,1.696,88.125,0.044,-0.378,1.691,88.162,-0.002,0.001,-0.005,0.005,17,weighted_average,kalman(weighted_average),false
1788766233.468,213.185,0.041,-0.370,1.683,88.239,0.042,-0.373,1.685,88.201,0.001,-0.003,0.002,0.004,17,weighted_average,kalman(weighted_average),false
1788766233.520,213.237,0.037,-0.377,1.712,88.263,0.039,-0.375,1.700,88.238,0.001,0.002,-0.011,0.012,17,weighted_average,kalman(weighted_average),false
1788766233.646,213.364,0.030,-0.370,1.693,88.373,0.031,-0.371,1.696,88.351,0.001,-0.001,0.003,0.003,17,weighted_average,kalman(weighted_average),false
1788766233.697,213.415,0.034,-0.375,1.689,88.265,0.032,-0.373,1.691,88.314,-0.002,0.002,0.001,0.003,17,weighted_average,kalman(weighted_average),false
1788766233.747,213.464,0.038,-0.375,1.706,88.198,0.035,-0.374,1.699,88.255,-0.003,0.001,-0.007,0.008,17,weighted_average,kalman(weighted_average),false
1788766233.800,213.517,0.038,-0.378,1.691,88.139,0.037,-0.377,1.695,88.185,-0.001,0.001,0.004,0.004,17,weighted_average,kalman(weighted_average),false
1788766233.934,213.651,0.033,-0.379,1.719,88.225,0.034,-0.379,1.715,88.197,0.001,-0.000,-0.004,0.004,17,weighted_average,kalman(weighted_average),false
1788766233.988,213.705,0.039,-0.380,1.713,88.100,0.037,-0.380,1.716,88.137,-0.002,0.000,0.003,0.004,17,weighted_average,kalman(weighted_average),false
1788766234.037,213.754,0.032,-0.377,1.697,88.237,0.034,-0.378,1.706,88.185,0.002,-0.002,0.009,0.009,17,weighted_average,kalman(weighted_average),false
1788766234.086,213.803,0.035,-0.375,1.683,88.187,0.034,-0.376,1.692,88.188,-0.001,-0.001,0.008,0.008,17,weighted_average,kalman(weighted_average),false
1788766234.219,213.936,0.040,-0.387,1.694,88.033,0.039,-0.385,1.691,88.070,-0.001,0.002,-0.003,0.004,17,weighted_average,kalman(weighted_average),false
1788766234.266,213.983,0.028,-0.373,1.702,88.330,0.032,-0.378,1.699,88.213,0.004,-0.005,-0.004,0.007,17,weighted_average,kalman(weighted_average),false
1788766234.317,214.034,0.027,-0.369,1.691,88.366,0.028,-0.372,1.695,88.310,0.001,-0.003,0.004,0.005,17,weighted_average,kalman(weighted_average),false
1788766234.371,214.088,0.025,-0.368,1.718,88.426,0.025,-0.368,1.710,88.399,-0.000,-0.000,-0.008,0.008,17,weighted_average,kalman(weighted_average),false
1788766234.421,214.138,0.016,-0.356,1.707,88.664,0.018,-0.360,1.711,88.568,0.003,-0.004,0.004,0.006,17,weighted_average,kalman(weighted_average),false
1788766234.560,214.277,0.028,-0.372,1.700,88.300,0.025,-0.368,1.703,88.416,-0.003,0.004,0.003,0.005,17,weighted_average,kalman(weighted_average),false
1788766234.606,214.323,0.022,-0.367,1.710,88.448,0.024,-0.369,1.706,88.417,0.002,-0.002,-0.003,0.004,17,weighted_average,kalman(weighted_average),false
1788766234.659,214.376,0.033,-0.375,1.702,88.196,0.031,-0.374,1.703,88.275,-0.003,0.001,0.001,0.003,17,weighted_average,kalman(weighted_average),false
1788766234.712,214.429,0.030,-0.371,1.692,88.269,0.032,-0.373,1.696,88.238,0.002,-0.002,0.004,0.005,17,weighted_average,kalman(weighted_average),false
1788766234.762,214.479,0.033,-0.375,1.706,88.217,0.033,-0.375,1.700,88.200,0.001,-0.000,-0.006,0.006,17,weighted_average,kalman(weighted_average),false
1788766234.894,214.611,0.024,-0.368,1.698,88.393,0.026,-0.370,1.698,88.318,0.002,-0.002,0.000,0.003,17,weighted_average,kalman(weighted_average),false
1788766234.948,214.665,0.028,-0.369,1.681,88.306,0.026,-0.369,1.686,88.325,-0.002,0.001,0.005,0.005,17,weighted_average,kalman(weighted_average),false
1788766234.995,214.712,0.028,-0.372,1.685,88.304,0.027,-0.370,1.683,88.324,-0.001,0.002,-0.002,0.003,17,weighted_average,kalman(weighted_average),false
1788766235.046,214.763,0.022,-0.367,1.691,88.440,0.023,-0.368,1.686,88.394,0.002,-0.001,-0.005,0.005,17,weighted_average,kalman(weighted_average),false
1788766235.093,214.810,0.021,-0.365,1.702,88.475,0.021,-0.365,1.695,88.452,0.000,-0.001,-0.007,0.007,17,weighted_average,kalman(weighted_average),false
1788766235.234,214.951,0.023,-0.365,1.703,88.448,0.022,-0.365,1.703,88.475,-0.001,0.001,0.000,0.001,17,weighted_average,kalman(weighted_average),false
1788766235.283,215.000,0.026,-0.369,1.708,88.382,0.025,-0.367,1.708,88.421,-0.001,0.001,-0.001,0.002,17,weighted_average,kalman(weighted_average),false
1788766235.335,215.052,0.025,-0.367,1.694,88.404,0.025,-0.367,1.700,88.405,0.001,-0.001,0.006,0.006,17,weighted_average,kalman(weighted_average),false
1788766235.382,215.100,0.024,-0.370,1.709,88.407,0.025,-0.369,1.705,88.400,0.001,0.001,-0.004,0.004,17,weighted_average,kalman(weighted_average),false
1788766235.433,215.150,0.024,-0.371,1.710,88.396,0.025,-0.370,1.709,88.392,0.000,0.000,-0.002,0.002,17,weighted_average,kalman(weighted_average),false
1788766235.578,215.295,0.025,-0.366,1.720,88.428,0.025,-0.367,1.720,88.415,0.000,-0.001,-0.001,0.001,17,weighted_average,kalman(weighted_average),false
1788766235.626,215.343,0.029,-0.377,1.736,88.300,0.028,-0.373,1.732,88.347,-0.001,0.004,-0.004,0.006,17,weighted_average,kalman(weighted_average),false
1788766235.681,215.398,0.025,-0.371,1.722,88.403,0.026,-0.372,1.729,88.371,0.002,-0.001,0.006,0.007,17,weighted_average,kalman(weighted_average),false
1788766235.753,215.470,0.031,-0.375,1.701,88.258,0.030,-0.374,1.710,88.299,-0.001,0.001,0.009,0.010,17,weighted_average,kalman(weighted_average),false
1788766235.887,215.604,0.018,-0.357,1.715,88.638,0.020,-0.359,1.712,88.556,0.002,-0.003,-0.003,0.004,17,weighted_average,kalman(weighted_average),false
1788766235.938,215.655,0.024,-0.366,1.698,88.466,0.021,-0.362,1.703,88.532,-0.003,0.004,0.005,0.007,17,weighted_average,kalman(weighted_average),false
1788766235.984,215.701,0.013,-0.353,1.705,88.760,0.016,-0.356,1.703,88.677,0.003,-0.003,-0.002,0.004,17,weighted_average,kalman(weighted_average),false
1788766236.034,215.752,0.028,-0.365,1.687,88.406,0.022,-0.360,1.692,88.570,-0.006,0.005,0.006,0.010,17,weighted_average,kalman(weighted_average),false
1788766236.084,215.801,0.031,-0.373,1.710,88.340,0.028,-0.367,1.700,88.457,-0.003,0.005,-0.009,0.011,17,weighted_average,kalman(weighted_average),false
1788766236.217,215.934,0.024,-0.360,1.682,88.546,0.026,-0.362,1.684,88.507,0.002,-0.002,0.003,0.004,17,weighted_average,kalman(weighted_average),false
1788766236.264,215.981,0.035,-0.369,1.694,88.321,0.032,-0.366,1.689,88.400,-0.003,0.003,-0.005,0.007,17,weighted_average,kalman(weighted_average),false
1788766236.319,216.036,0.025,-0.357,1.710,88.605,0.028,-0.360,1.702,88.506,0.003,-0.003,-0.008,0.009,17,weighted_average,kalman(weighted_average),false
1788766236.374,216.091,0.031,-0.362,1.705,88.463,0.030,-0.360,1.706,88.492,-0.001,0.002,0.001,0.002,17,weighted_average,kalman(weighted_average),false
1788766236.507,216.225,0.021,-0.354,1.705,88.703,0.022,-0.355,1.707,88.662,0.001,-0.000,0.002,0.002,17,weighted_average,kalman(weighted_average),false
1788766236.562,216.279,0.018,-0.350,1.720,88.790,0.018,-0.351,1.716,88.766,0.000,-0.001,-0.004,0.004,17,weighted_average,kalman(weighted_average),false
1788766236.611,216.329,0.031,-0.360,1.717,88.478,0.025,-0.356,1.718,88.635,-0.006,0.005,0.001,0.008,17,weighted_average,kalman(weighted_average),false
1788766236.662,216.379,0.032,-0.361,1.696,88.443,0.030,-0.359,1.706,88.531,-0.002,0.002,0.010,0.010,17,weighted_average,kalman(weighted_average),false
1788766236.807,216.524,0.016,-0.354,1.698,88.766,0.019,-0.355,1.697,88.699,0.003,-0.001,-0.000,0.003,17,weighted_average,kalman(weighted_average),false
1788766236.858,216.575,0.019,-0.351,1.685,88.705,0.018,-0.352,1.688,88.725,-0.002,-0.000,0.003,0.004,17,weighted_average,kalman(weighted_average),false
1788766236.908,216.625,0.023,-0.357,1.717,88.625,0.020,-0.354,1.704,88.688,-0.003,0.003,-0.013,0.014,17,weighted_average,kalman(weighted_average),false
1788766236.961,216.678,0.023,-0.358,1.692,88.600,0.021,-0.357,1.698,88.647,-0.001,0.002,0.006,0.007,17,weighted_average,kalman(weighted_average),false
1788766237.095,216.812,0.022,-0.357,1.717,88.638,0.022,-0.358,1.715,88.637,-0.000,-0.000,-0.003,0.003,17,weighted_average,kalman(weighted_average),false
1788766237.146,216.863,0.028,-0.363,1.698,88.486,0.026,-0.361,1.705,88.541,-0.002,0.002,0.008,0.008,17,weighted_average,kalman(weighted_average),false
1788766237.194,216.911,0.017,-0.353,1.682,88.712,0.021,-0.357,1.690,88.621,0.004,-0.004,0.009,0.010,17,weighted_average,kalman(weighted_average),false
1788766237.242,216.959,0.027,-0.365,1.685,88.471,0.024,-0.361,1.684,88.544,-0.003,0.003,-0.000,0.004,17,weighted_average,kalman(weighted_average),false
1788766237.296,217.013,0.030,-0.367,1.692,88.415,0.028,-0.365,1.686,88.463,-0.002,0.002,-0.006,0.006,17,weighted_average,kalman(weighted_average),false
1788766237.431,217.148,0.017,-0.362,1.707,88.664,0.019,-0.363,1.704,88.594,0.002,-0.001,-0.004,0.005,17,weighted_average,kalman(weighted_average),false
1788766237.486,217.203,0.013,-0.361,1.698,88.703,0.013,-0.361,1.702,88.680,0.000,-0.000,0.004,0.004,17,weighted_average,kalman(weighted_average),false
1788766237.537,217.255,0.017,-0.367,1.715,88.591,0.014,-0.365,1.712,88.654,-0.003,0.003,-0.003,0.005,17,weighted_average,kalman(weighted_average),false
1788766237.595,217.312,0.022,-0.380,1.713,88.398,0.019,-0.375,1.715,88.522,-0.004,0.005,0.002,0.007,17,weighted_average,kalman(weighted_average),false
1788766237.735,217.452,0.008,-0.369,1.715,88.723,0.009,-0.371,1.717,88.666,0.002,-0.002,0.002,0.003,17,weighted_average,kalman(weighted_average),false
1788766237.787,217.504,0.010,-0.366,1.684,88.666,0.009,-0.367,1.694,88.684,-0.001,-0.001,0.010,0.010,17,weighted_average,kalman(weighted_average),false
1788766237.838,217.555,0.020,-0.383,1.710,88.404,0.015,-0.376,1.700,88.540,-0.005,0.007,-0.009,0.013,17,weighted_average,kalman(weighted_average),false
1788766237.888,217.605,0.005,-0.370,1.692,88.727,0.009,-0.373,1.694,88.628,0.004,-0.003,0.002,0.006,17,weighted_average,kalman(weighted_average),false
1788766238.027,217.744,0.006,-0.371,1.719,88.705,0.006,-0.371,1.714,88.696,-0.000,-0.000,-0.005,0.005,17,weighted_average,kalman(weighted_average),false
1788766238.079,217.797,0.001,-0.367,1.709,88.813,0.003,-0.368,1.713,88.779,0.001,-0.001,0.004,0.005,17,weighted_average,kalman(weighted_average),false
1788766238.132,217.849,0.007,-0.372,1.675,88.658,0.004,-0.370,1.690,88.729,-0.002,0.002,0.015,0.016,17,weighted_average,kalman(weighted_average),false
1788766238.186,217.903,0.004,-0.370,1.707,88.760,0.004,-0.370,1.698,88.751,-0.000,-0.000,-0.009,0.009,17,weighted_average,kalman(weighted_average),false
1788766238.325,218.043,-0.008,-0.361,1.682,89.004,-0.007,-0.362,1.684,88.960,0.001,-0.001,0.002,0.002,17,weighted_average,kalman(weighted_average),false
1788766238.380,218.097,0.010,-0.377,1.706,88.623,0.003,-0.372,1.698,88.774,-0.006,0.006,-0.009,0.012,17,weighted_average,kalman(weighted_average),false
1788766238.428,218.145,-0.003,-0.365,1.696,88.920,0.000,-0.368,1.698,88.847,0.003,-0.003,0.002,0.005,17,weighted_average,kalman(weighted_average),false
1788766238.483,218.200,0.008,-0.370,1.685,88.706,0.005,-0.369,1.690,88.774,-0.003,0.000,0.005,0.006,17,weighted_average,kalman(weighted_average),false
1788766238.626,218.343,0.004,-0.369,1.690,88.810,0.005,-0.369,1.689,88.793,0.001,-0.000,-0.001,0.001,17,weighted_average,kalman(weighted_average),false
1788766238.674,218.391,0.011,-0.367,1.671,88.710,0.009,-0.367,1.677,88.744,-0.002,-0.001,0.006,0.006,17,weighted_average,kalman(weighted_average),false
1788766238.729,218.446,0.015,-0.370,1.661,88.641,0.013,-0.369,1.665,88.677,-0.001,0.001,0.003,0.004,17,weighted_average,kalman(weighted_average),false
1788766238.783,218.500,0.016,-0.374,1.672,88.600,0.016,-0.372,1.666,88.619,0.000,0.002,-0.006,0.006,17,weighted_average,kalman(weighted_average),false
1788766238.917,218.635,0.027,-0.384,1.698,88.409,0.026,-0.383,1.692,88.431,-0.000,0.001,-0.006,0.006,17,weighted_average,kalman(weighted_average),false
1788766238.969,218.686,0.008,-0.364,1.673,88.849,0.015,-0.371,1.683,88.666,0.007,-0.007,0.010,0.014,17,weighted_average,kalman(weighted_average),false
1788766239.021,218.738,0.024,-0.374,1.653,88.527,0.020,-0.371,1.665,88.605,-0.004,0.002,0.011,0.012,17,weighted_average,kalman(weighted_average),false
1788766239.072,218.789,0.010,-0.369,1.676,88.822,0.014,-0.369,1.669,88.726,0.004,-0.000,-0.007,0.008,17,weighted_average,kalman(weighted_average),false
1788766239.220,218.937,0.019,-0.373,1.670,88.686,0.018,-0.372,1.669,88.718,-0.001,0.001,-0.001,0.002,17,weighted_average,kalman(weighted_average),false
1788766239.274,218.991,0.022,-0.372,1.675,88.668,0.022,-0.372,1.674,88.685,-0.001,-0.000,-0.001,0.002,17,weighted_average,kalman(weighted_average),false
1788766239.326,219.043,0.030,-0.381,1.683,88.491,0.028,-0.378,1.680,88.566,-0.002,0.003,-0.002,0.004,17,weighted_average,kalman(weighted_average),false
1788766239.377,219.095,0.024,-0.372,1.669,88.674,0.027,-0.375,1.675,88.602,0.003,-0.004,0.006,0.008,17,weighted_average,kalman(weighted_average),false
1788766239.514,219.231,0.031,-0.375,1.660,88.563,0.032,-0.376,1.662,88.560,0.000,-0.000,0.002,0.002,17,weighted_average,kalman(weighted_average),false
1788766239.570,219.287,0.030,-0.370,1.651,88.633,0.031,-0.372,1.653,88.600,0.001,-0.002,0.001,0.002,17,weighted_average,kalman(weighted_average),false
1788766239.620,219.337,0.040,-0.378,1.693,88.491,0.037,-0.375,1.676,88.540,-0.003,0.003,-0.017,0.017,17,weighted_average,kalman(weighted_average),false
1788766239.677,219.394,0.036,-0.379,1.682,88.541,0.038,-0.378,1.682,88.531,0.001,0.001,0.000,0.002,17,weighted_average,kalman(weighted_average),false
1788766239.806,219.523,0.049,-0.387,1.679,88.360,0.048,-0.387,1.682,88.390,-0.001,0.001,0.003,0.003,17,weighted_average,kalman(weighted_average),false
1788766239.864,219.581,0.043,-0.376,1.671,88.554,0.046,-0.380,1.674,88.474,0.003,-0.004,0.003,0.006,17,weighted_average,kalman(weighted_average),false
1788766239.917,219.634,0.049,-0.382,1.684,88.454,0.048,-0.381,1.679,88.463,-0.001,0.001,-0.005,0.005,17,weighted_average,kalman(weighted_average),false
1788766239.968,219.685,0.045,-0.374,1.665,88.563,0.047,-0.376,1.670,88.516,0.002,-0.003,0.005,0.006,17,weighted_average,kalman(weighted_average),false
1788766240.106,219.823,0.053,-0.379,1.655,88.445,0.052,-0.378,1.655,88.469,-0.001,0.001,0.001,0.001,17,weighted_average,kalman(weighted_average),false
1788766240.161,219.878,0.061,-0.382,1.644,88.314,0.059,-0.381,1.645,88.364,-0.002,0.001,0.002,0.003,17,weighted_average,kalman(weighted_average),false
1788766240.217,219.934,0.052,-0.374,1.670,88.553,0.056,-0.377,1.659,88.454,0.004,-0.003,-0.011,0.012,17,weighted_average,kalman(weighted_average),false
1788766240.265,219.982,0.055,-0.371,1.643,88.533,0.055,-0.373,1.650,88.498,0.001,-0.002,0.007,0.007,17,weighted_average,kalman(weighted_average),false
1788766240.430,220.147,0.066,-0.372,1.648,88.441,0.065,-0.372,1.648,88.460,-0.001,0.001,-0.001,0.001,17,weighted_average,kalman(weighted_average),false
1788766240.486,220.203,0.066,-0.377,1.660,88.420,0.067,-0.375,1.657,88.428,0.001,0.001,-0.004,0.004,17,weighted_average,kalman(weighted_average),false
1788766240.536,220.253,0.061,-0.368,1.618,88.550,0.065,-0.371,1.633,88.489,0.003,-0.003,0.015,0.016,17,weighted_average,kalman(weighted_average),false
1788766240.587,220.304,0.065,-0.368,1.646,88.514,0.065,-0.369,1.638,88.507,-0.000,-0.001,-0.008,0.008,17,weighted_average,kalman(weighted_average),false
1788766240.726,220.443,0.061,-0.362,1.640,88.652,0.062,-0.362,1.639,88.629,0.001,-0.000,-0.001,0.001,17,weighted_average,kalman(weighted_average),false
1788766240.788,220.505,0.070,-0.371,1.662,88.464,0.067,-0.368,1.656,88.538,-0.003,0.003,-0.006,0.008,17,weighted_average,kalman(weighted_average),false
1788766240.845,220.562,0.065,-0.361,1.641,88.608,0.066,-0.364,1.649,88.576,0.001,-0.003,0.008,0.009,17,weighted_average,kalman(weighted_average),false
1788766240.896,220.613,0.065,-0.362,1.636,88.591,0.066,-0.362,1.641,88.588,0.001,-0.000,0.005,0.005,17,weighted_average,kalman(weighted_average),false
1788766241.039,220.756,0.065,-0.361,1.658,88.618,0.065,-0.360,1.655,88.617,0.000,0.000,-0.003,0.003,17,weighted_average,kalman(weighted_average),false
1788766241.120,220.837,0.073,-0.366,1.655,88.446,0.072,-0.364,1.657,88.498,-0.002,0.001,0.002,0.003,17,weighted_average,kalman(weighted_average),false
1788766241.185,220.902,0.068,-0.366,1.647,88.506,0.070,-0.366,1.651,88.487,0.002,-0.000,0.004,0.004,17,weighted_average,kalman(weighted_average),false
1788766241.320,221.038,0.070,-0.359,1.614,88.439,0.070,-0.360,1.618,88.436,0.000,-0.001,0.004,0.004,17,weighted_average,kalman(weighted_average),false
1788766241.373,221.090,0.074,-0.366,1.658,88.356,0.073,-0.363,1.642,88.378,-0.001,0.002,-0.016,0.017,17,weighted_average,kalman(weighted_average),false
1788766241.421,221.138,0.060,-0.354,1.651,88.628,0.065,-0.357,1.649,88.504,0.005,-0.004,-0.002,0.007,17,weighted_average,kalman(weighted_average),false
1788766241.477,221.194,0.070,-0.365,1.651,88.390,0.067,-0.361,1.652,88.452,-0.003,0.004,0.002,0.005,17,weighted_average,kalman(weighted_average),false
1788766241.612,221.330,0.059,-0.357,1.652,88.550,0.060,-0.357,1.654,88.528,0.001,-0.001,0.001,0.002,17,weighted_average,kalman(weighted_average),false
1788766241.660,221.377,0.064,-0.362,1.675,88.438,0.062,-0.360,1.668,88.482,-0.002,0.002,-0.007,0.007,17,weighted_average,kalman(weighted_average),false
1788766241.720,221.437,0.062,-0.362,1.659,88.454,0.062,-0.361,1.665,88.465,-0.000,0.001,0.005,0.005,17,weighted_average,kalman(weighted_average),false
1788766241.771,221.488,0.067,-0.364,1.648,88.313,0.065,-0.363,1.655,88.379,-0.002,0.001,0.007,0.007,17,weighted_average,kalman(weighted_average),false
1788766241.913,221.630,0.042,-0.344,1.659,88.819,0.045,-0.347,1.657,88.713,0.003,-0.003,-0.002,0.004,17,weighted_average,kalman(weighted_average),false
1788766241.967,221.684,0.049,-0.350,1.683,88.669,0.045,-0.347,1.676,88.730,-0.004,0.003,-0.007,0.009,17,weighted_average,kalman(weighted_average),false
1788766242.021,221.738,0.040,-0.341,1.649,88.851,0.040,-0.342,1.662,88.836,-0.000,-0.000,0.013,0.013,17,weighted_average,kalman(weighted_average),false
1788766242.074,221.791,0.053,-0.354,1.667,88.561,0.046,-0.348,1.664,88.722,-0.006,0.006,-0.003,0.009,17,weighted_average,kalman(weighted_average),false
1788766242.213,221.930,0.044,-0.349,1.673,88.714,0.044,-0.349,1.672,88.723,0.000,0.000,-0.001,0.001,17,weighted_average,kalman(weighted_average),false
1788766242.265,221.982,0.049,-0.356,1.674,88.568,0.047,-0.354,1.675,88.626,-0.002,0.002,0.000,0.003,17,weighted_average,kalman(weighted_average),false
1788766242.319,222.036,0.049,-0.353,1.655,88.558,0.049,-0.354,1.663,88.571,-0.000,-0.001,0.008,0.008,17,weighted_average,kalman(weighted_average),false
1788766242.370,222.087,0.032,-0.339,1.675,88.950,0.039,-0.346,1.669,88.760,0.007,-0.006,-0.006,0.011,17,weighted_average,kalman(weighted_average),false
1788766242.505,222.222,0.042,-0.345,1.645,88.701,0.040,-0.344,1.648,88.738,-0.002,0.001,0.003,0.004,17,weighted_average,kalman(weighted_average),false
1788766242.558,222.275,0.040,-0.345,1.663,88.749,0.040,-0.344,1.656,88.743,0.001,0.000,-0.007,0.007,17,weighted_average,kalman(weighted_average),false
1788766242.615,222.332,0.042,-0.345,1.670,88.699,0.042,-0.345,1.665,88.716,-0.000,0.000,-0.006,0.006,17,weighted_average,kalman(weighted_average),false
1788766242.664,222.381,0.031,-0.341,1.661,88.900,0.036,-0.343,1.664,88.811,0.004,-0.002,0.003,0.005,17,weighted_average,kalman(weighted_average),false
1788766242.801,222.518,0.029,-0.339,1.666,88.940,0.029,-0.339,1.666,88.928,0.000,-0.000,0.000,0.000,17,weighted_average,kalman(weighted_average),false
1788766242.857,222.574,0.042,-0.351,1.665,88.655,0.038,-0.347,1.665,88.770,-0.005,0.004,0.001,0.006,17,weighted_average,kalman(weighted_average),false
1788766242.910,222.627,0.036,-0.344,1.667,88.798,0.038,-0.346,1.666,88.772,0.001,-0.002,-0.001,0.003,17,weighted_average,kalman(weighted_average),false
1788766242.961,222.678,0.034,-0.342,1.667,88.869,0.036,-0.344,1.667,88.817,0.002,-0.002,-0.000,0.003,17,weighted_average,kalman(weighted_average),false
1788766243.105,222.822,0.040,-0.346,1.662,88.764,0.039,-0.345,1.663,88.776,-0.001,0.000,0.001,0.001,17,weighted_average,kalman(weighted_average),false
1788766243.158,222.875,0.055,-0.358,1.647,88.445,0.050,-0.354,1.651,88.560,-0.004,0.004,0.004,0.007,17,weighted_average,kalman(weighted_average),false
1788766243.213,222.930,0.033,-0.343,1.660,88.922,0.041,-0.348,1.655,88.734,0.008,-0.006,-0.006,0.011,17,weighted_average,kalman(weighted_average),false
1788766243.265,222.982,0.043,-0.353,1.656,88.698,0.042,-0.351,1.655,88.719,-0.001,0.002,-0.001,0.003,17,weighted_average,kalman(weighted_average),false
1788766243.403,223.120,0.041,-0.351,1.672,88.788,0.041,-0.352,1.670,88.774,0.000,-0.000,-0.002,0.002,17,weighted_average,kalman(weighted_average),false
1788766243.458,223.175,0.030,-0.333,1.637,89.080,0.033,-0.339,1.649,88.978,0.003,-0.006,0.012,0.013,17,weighted_average,kalman(weighted_average),false
1788766243.512,223.229,0.040,-0.348,1.643,88.828,0.036,-0.343,1.643,88.928,-0.004,0.005,0.000,0.006,17,weighted_average,kalman(weighted_average),false
1788766243.562,223.279,0.038,-0.353,1.687,88.883,0.037,-0.349,1.668,88.919,-0.001,0.004,-0.019,0.020,17,weighted_average,kalman(weighted_average),false
1788766243.702,223.419,0.046,-0.352,1.658,88.783,0.045,-0.352,1.661,88.821,-0.001,-0.000,0.004,0.004,17,weighted_average,kalman(weighted_average),false
1788766243.759,223.476,0.045,-0.348,1.651,88.840,0.046,-0.349,1.653,88.820,0.001,-0.002,0.002,0.003,17,weighted_average,kalman(weighted_average),false
1788766243.809,223.526,0.061,-0.362,1.639,88.482,0.056,-0.357,1.642,88.617,-0.005,0.005,0.003,0.007,17,weighted_average,kalman(weighted_average),false
1788766243.857,223.574,0.054,-0.361,1.666,88.634,0.057,-0.361,1.653,88.588,0.003,0.000,-0.013,0.013,17,weighted_average,kalman(weighted_average),false
1788766243.987,223.704,0.043,-0.349,1.645,88.926,0.047,-0.352,1.647,88.808,0.003,-0.003,0.001,0.005,17,weighted_average,kalman(weighted_average),false
1788766244.043,223.760,0.057,-0.367,1.667,88.604,0.052,-0.361,1.660,88.707,-0.005,0.006,-0.007,0.010,17,weighted_average,kalman(weighted_average),false
1788766244.093,223.810,0.047,-0.354,1.653,88.864,0.049,-0.357,1.657,88.799,0.002,-0.003,0.004,0.006,17,weighted_average,kalman(weighted_average),false
1788766244.147,223.864,0.057,-0.368,1.648,88.603,0.053,-0.364,1.652,88.708,-0.004,0.004,0.004,0.007,17,weighted_average,kalman(weighted_average),false
1788766244.290,224.007,0.057,-0.370,1.668,88.620,0.057,-0.370,1.666,88.632,-0.000,-0.000,-0.002,0.002,17,weighted_average,kalman(weighted_average),false
1788766244.344,224.061,0.058,-0.363,1.650,88.656,0.058,-0.366,1.657,88.637,0.000,-0.003,0.007,0.007,17,weighted_average,kalman(weighted_average),false
1788766244.396,224.113,0.060,-0.373,1.685,88.592,0.060,-0.370,1.675,88.605,-0.000,0.002,-0.011,0.011,17,weighted_average,kalman(weighted_average),false
1788766244.450,224.168,0.055,-0.361,1.670,88.772,0.057,-0.365,1.675,88.689,0.002,-0.004,0.005,0.007,17,weighted_average,kalman(weighted_average),false
1788766244.589,224.306,0.057,-0.362,1.661,88.740,0.057,-0.362,1.664,88.739,-0.000,0.000,0.003,0.003,17,weighted_average,kalman(weighted_average),false
1788766244.645,224.362,0.057,-0.363,1.659,88.731,0.057,-0.363,1.659,88.741,-0.000,0.001,-0.000,0.001,17,weighted_average,kalman(weighted_average),false
1788766244.694,224.412,0.057,-0.364,1.668,88.740,0.057,-0.363,1.663,88.746,-0.000,0.001,-0.005,0.005,17,weighted_average,kalman(weighted_average),false
1788766244.748,224.465,0.060,-0.362,1.662,88.716,0.059,-0.363,1.662,88.734,-0.001,-0.000,-0.000,0.001,17,weighted_average,kalman(weighted_average),false
1788766244.882,224.599,0.063,-0.368,1.665,88.640,0.063,-0.367,1.664,88.661,-0.000,0.001,-0.001,0.001,17,weighted_average,kalman(weighted_average),false
1788766244.938,224.655,0.060,-0.364,1.674,88.726,0.062,-0.365,1.672,88.693,0.001,-0.001,-0.003,0.003,17,weighted_average,kalman(weighted_average),false
1788766244.990,224.707,0.062,-0.366,1.676,88.692,0.062,-0.366,1.676,88.691,0.000,0.000,-0.000,0.000,17,weighted_average,kalman(weighted_average),false
1788766245.045,224.762,0.059,-0.367,1.677,88.723,0.060,-0.366,1.678,88.707,0.001,0.000,0.001,0.002,17,weighted_average,kalman(weighted_average),false
1788766245.183,224.900,0.066,-0.365,1.668,88.626,0.065,-0.365,1.671,88.645,-0.001,-0.000,0.002,0.002,17,weighted_average,kalman(weighted_average),false
1788766245.235,224.952,0.064,-0.362,1.675,88.700,0.065,-0.363,1.673,88.671,0.001,-0.001,-0.003,0.003,17,weighted_average,kalman(weighted_average),false
1788766245.284,225.001,0.057,-0.354,1.652,88.861,0.060,-0.356,1.659,88.777,0.003,-0.003,0.007,0.008,17,weighted_average,kalman(weighted_average),false
1788766245.336,225.053,0.051,-0.347,1.659,89.006,0.054,-0.349,1.656,88.918,0.003,-0.002,-0.002,0.004,17,weighted_average,kalman(weighted_average),false
1788766245.472,225.189,0.057,-0.348,1.659,88.905,0.055,-0.346,1.657,88.951,-0.002,0.002,-0.002,0.003,17,weighted_average,kalman(weighted_average),false
1788766245.523,225.240,0.069,-0.360,1.657,88.618,0.065,-0.356,1.657,88.749,-0.004,0.005,0.000,0.006,17,weighted_average,kalman(weighted_average),false
1788766245.578,225.295,0.066,-0.352,1.659,88.732,0.068,-0.354,1.658,88.711,0.001,-0.003,-0.000,0.003,17,weighted_average,kalman(weighted_average),false
1788766245.630,225.347,0.062,-0.352,1.661,88.768,0.066,-0.353,1.661,88.719,0.003,-0.002,-0.001,0.004,17,weighted_average,kalman(weighted_average),false
1788766245.767,225.485,0.067,-0.356,1.658,88.631,0.067,-0.356,1.659,88.632,0.000,0.000,0.001,0.001,17,weighted_average,kalman(weighted_average),false
1788766245.822,225.540,0.052,-0.342,1.684,88.962,0.057,-0.346,1.676,88.830,0.005,-0.004,-0.008,0.010,17,weighted_average,kalman(weighted_average),false
1788766245.875,225.592,0.064,-0.349,1.684,88.704,0.060,-0.346,1.684,88.780,-0.004,0.002,-0.000,0.005,17,weighted_average,kalman(weighted_average),false
1788766245.927,225.644,0.051,-0.341,1.677,88.954,0.054,-0.342,1.683,88.883,0.003,-0.001,0.005,0.006,17,weighted_average,kalman(weighted_average),false
1788766246.070,225.787,0.062,-0.341,1.667,88.752,0.060,-0.340,1.670,88.804,-0.002,0.001,0.003,0.004,17,weighted_average,kalman(weighted_average),false
1788766246.124,225.841,0.062,-0.343,1.682,88.726,0.062,-0.342,1.677,88.744,0.000,0.001,-0.005,0.006,17,weighted_average,kalman(weighted_average),false
1788766246.177,225.894,0.057,-0.341,1.680,88.807,0.060,-0.342,1.679,88.764,0.003,-0.001,-0.001,0.003,17,weighted_average,kalman(weighted_average),false
1788766246.229,225.946,0.062,-0.343,1.682,88.693,0.062,-0.342,1.681,88.717,-0.001,0.000,-0.001,0.001,17,weighted_average,kalman(weighted_average),false
1788766246.373,226.090,0.065,-0.339,1.676,88.640,0.065,-0.340,1.677,88.640,-0.000,-0.000,0.001,0.001,17,weighted_average,kalman(weighted_average),false
1788766246.427,226.144,0.052,-0.328,1.673,88.915,0.056,-0.331,1.674,88.806,0.004,-0.003,0.000,0.005,17,weighted_average,kalman(weighted_average),false
1788766246.484,226.201,0.053,-0.331,1.686,88.873,0.053,-0.329,1.681,88.866,0.000,0.002,-0.005,0.005,17,weighted_average,kalman(weighted_average),false
1788766246.536,226.253,0.054,-0.329,1.658,88.843,0.053,-0.328,1.667,88.875,-0.002,0.001,0.009,0.009,17,weighted_average,kalman(weighted_average),false
1788766246.683,226.400,0.051,-0.323,1.684,88.942,0.050,-0.323,1.681,88.947,-0.000,0.000,-0.003,0.004,17,weighted_average,kalman(weighted_average),false
1788766246.731,226.448,0.050,-0.325,1.674,88.921,0.050,-0.324,1.678,88.940,-0.000,0.001,0.004,0.004,17,weighted_average,kalman(weighted_average),false
1788766246.784,226.501,0.060,-0.331,1.679,88.719,0.057,-0.329,1.680,88.819,-0.004,0.003,0.001,0.005,17,weighted_average,kalman(weighted_average),false
1788766246.836,226.553,0.048,-0.323,1.686,88.982,0.052,-0.326,1.684,88.892,0.004,-0.003,-0.002,0.005,17,weighted_average,kalman(weighted_average),false
1788766246.981,226.698,0.051,-0.320,1.665,88.910,0.051,-0.321,1.668,88.909,-0.000,-0.001,0.003,0.003,17,weighted_average,kalman(weighted_average),false
1788766247.039,226.756,0.040,-0.311,1.674,89.165,0.043,-0.313,1.670,89.078,0.003,-0.002,-0.004,0.006,17,weighted_average,kalman(weighted_average),false
1788766247.089,226.806,0.053,-0.320,1.668,88.897,0.048,-0.316,1.668,89.001,-0.005,0.004,-0.000,0.006,17,weighted_average,kalman(weighted_average),false
1788766247.147,226.864,0.048,-0.314,1.683,89.037,0.048,-0.314,1.677,89.028,-0.000,-0.000,-0.006,0.006,17,weighted_average,kalman(weighted_average),false
1788766247.284,227.001,0.055,-0.323,1.685,88.872,0.054,-0.321,1.685,88.914,-0.001,0.002,-0.000,0.002,17,weighted_average,kalman(weighted_average),false
1788766247.342,227.059,0.053,-0.321,1.684,88.908,0.054,-0.322,1.685,88.894,0.001,-0.001,0.001,0.002,17,weighted_average,kalman(weighted_average),false
1788766247.394,227.111,0.057,-0.319,1.664,88.863,0.056,-0.321,1.672,88.863,-0.000,-0.002,0.008,0.008,17,weighted_average,kalman(weighted_average),false
1788766247.443,227.160,0.057,-0.320,1.675,88.849,0.058,-0.321,1.672,88.843,0.000,-0.000,-0.003,0.003,17,weighted_average,kalman(weighted_average),false
1788766247.583,227.300,0.054,-0.311,1.657,88.947,0.055,-0.312,1.657,88.910,0.001,-0.001,0.001,0.002,17,weighted_average,kalman(weighted_average),false
1788766247.644,227.361,0.053,-0.315,1.658,88.946,0.053,-0.313,1.656,88.943,0.000,0.002,-0.002,0.003,17,weighted_average,kalman(weighted_average),false
1788766247.696,227.414,0.046,-0.309,1.657,89.097,0.048,-0.310,1.656,89.044,0.002,-0.001,-0.002,0.003,17,weighted_average,kalman(weighted_average),false
1788766247.752,227.469,0.054,-0.321,1.684,88.878,0.051,-0.316,1.673,88.975,-0.004,0.005,-0.011,0.013,17,weighted_average,kalman(weighted_average),false
1788766247.890,227.607,0.047,-0.309,1.679,89.086,0.047,-0.310,1.681,89.067,0.000,-0.002,0.002,0.002,17,weighted_average,kalman(weighted_average),false
1788766247.946,227.663,0.048,-0.310,1.652,89.022,0.047,-0.309,1.661,89.051,-0.001,0.001,0.009,0.009,17,weighted_average,kalman(weighted_average),false
1788766247.997,227.714,0.038,-0.297,1.668,89.283,0.041,-0.301,1.663,89.190,0.003,-0.003,-0.005,0.007,17,weighted_average,kalman(weighted_average),false
1788766248.058,227.775,0.051,-0.308,1.659,88.987,0.046,-0.304,1.659,89.102,-0.005,0.005,0.000,0.006,17,weighted_average,kalman(weighted_average),false
1788766248.201,227.918,0.048,-0.308,1.661,89.009,0.048,-0.307,1.660,89.028,0.000,0.001,-0.001,0.002,17,weighted_average,kalman(weighted_average),false
1788766248.257,227.974,0.045,-0.303,1.677,89.111,0.046,-0.305,1.673,89.071,0.001,-0.002,-0.005,0.005,17,weighted_average,kalman(weighted_average),false
1788766248.310,228.027,0.062,-0.322,1.666,88.691,0.056,-0.316,1.671,88.849,-0.006,0.006,0.005,0.010,17,weighted_average,kalman(weighted_average),false
1788766248.367,228.085,0.054,-0.313,1.662,88.879,0.056,-0.316,1.666,88.827,0.003,-0.003,0.004,0.006,17,weighted_average,kalman(weighted_average),false
1788766248.511,228.228,0.050,-0.306,1.642,88.971,0.051,-0.308,1.645,88.913,0.001,-0.002,0.002,0.003,17,weighted_average,kalman(weighted_average),false
1788766248.566,228.283,0.048,-0.307,1.669,89.018,0.049,-0.306,1.659,88.991,0.000,0.001,-0.010,0.010,17,weighted_average,kalman(weighted_average),false
1788766248.620,228.337,0.051,-0.304,1.669,89.021,0.049,-0.304,1.666,89.028,-0.002,0.001,-0.003,0.003,17,weighted_average,kalman(weighted_average),false
1788766248.673,228.390,0.057,-0.315,1.683,88.842,0.054,-0.310,1.679,88.944,-0.003,0.005,-0.005,0.008,17,weighted_average,kalman(weighted_average),false
1788766248.817,228.534,0.050,-0.311,1.678,88.986,0.051,-0.311,1.681,88.975,0.001,-0.000,0.003,0.003,17,weighted_average,kalman(weighted_average),false
1788766248.874,228.591,0.061,-0.320,1.658,88.745,0.058,-0.318,1.664,88.830,-0.003,0.002,0.006,0.007,17,weighted_average,kalman(weighted_average),false
1788766248.924,228.641,0.053,-0.313,1.670,88.944,0.055,-0.316,1.666,88.876,0.003,-0.003,-0.005,0.006,17,weighted_average,kalman(weighted_average),false
1788766248.981,228.698,0.050,-0.310,1.675,89.009,0.052,-0.312,1.670,88.945,0.002,-0.002,-0.005,0.006,17,weighted_average,kalman(weighted_average),false
1788766249.124,228.841,0.053,-0.310,1.663,88.975,0.053,-0.310,1.664,88.978,-0.001,0.000,0.001,0.001,17,weighted_average,kalman(weighted_average),false
1788766249.180,228.897,0.057,-0.312,1.664,88.902,0.056,-0.311,1.663,88.933,-0.001,0.001,-0.001,0.002,17,weighted_average,kalman(weighted_average),false
1788766249.231,228.948,0.050,-0.311,1.676,89.020,0.053,-0.311,1.671,88.980,0.003,-0.000,-0.005,0.006,17,weighted_average,kalman(weighted_average),false
1788766249.285,229.003,0.051,-0.308,1.673,89.026,0.051,-0.310,1.673,89.011,0.001,-0.001,0.000,0.001,17,weighted_average,kalman(weighted_average),false
1788766249.425,229.142,0.059,-0.319,1.680,88.841,0.058,-0.318,1.680,88.885,-0.001,0.001,-0.000,0.002,17,weighted_average,kalman(weighted_average),false
1788766249.473,229.190,0.054,-0.318,1.689,88.932,0.057,-0.319,1.686,88.898,0.002,-0.001,-0.002,0.003,17,weighted_average,kalman(weighted_average),false
1788766249.526,229.243,0.050,-0.312,1.694,89.081,0.052,-0.316,1.693,88.993,0.003,-0.003,-0.001,0.004,17,weighted_average,kalman(weighted_average),false
1788766249.582,229.299,0.058,-0.320,1.679,88.884,0.056,-0.318,1.686,88.941,-0.003,0.002,0.007,0.008,17,weighted_average,kalman(weighted_average),false
1788766249.716,229.433,0.050,-0.316,1.674,89.061,0.051,-0.317,1.676,89.032,0.001,-0.001,0.001,0.002,17,weighted_average,kalman(weighted_average),false
1788766249.771,229.488,0.056,-0.321,1.659,88.932,0.054,-0.319,1.663,88.981,-0.002,0.002,0.004,0.004,17,weighted_average,kalman(weighted_average),false
1788766249.819,229.536,0.057,-0.323,1.655,88.913,0.056,-0.322,1.655,88.943,-0.001,0.001,0.000,0.002,17,weighted_average,kalman(weighted_average),false
1788766249.870,229.587,0.050,-0.316,1.669,89.106,0.053,-0.319,1.660,89.025,0.003,-0.003,-0.009,0.009,17,weighted_average,kalman(weighted_average),false
1788766250.012,229.730,0.059,-0.325,1.680,88.949,0.058,-0.324,1.677,88.976,-0.001,0.001,-0.003,0.003,17,weighted_average,kalman(weighted_average),false
1788766250.066,229.783,0.058,-0.324,1.678,88.986,0.059,-0.325,1.680,88.976,0.001,-0.001,0.002,0.002,17,weighted_average,kalman(weighted_average),false
1788766250.121,229.838,0.068,-0.335,1.665,88.750,0.066,-0.332,1.672,88.838,-0.003,0.003,0.007,0.008,17,weighted_average,kalman(weighted_average),false
1788766250.176,229.893,0.064,-0.328,1.654,88.850,0.066,-0.331,1.660,88.818,0.002,-0.003,0.006,0.007,17,weighted_average,kalman(weighted_average),false
1788766250.320,230.037,0.065,-0.332,1.678,88.836,0.066,-0.332,1.674,88.810,0.001,-0.001,-0.004,0.004,17,weighted_average,kalman(weighted_average),false
1788766250.372,230.089,0.048,-0.315,1.673,89.245,0.053,-0.320,1.675,89.083,0.005,-0.005,0.002,0.008,17,weighted_average,kalman(weighted_average),false
1788766250.427,230.144,0.062,-0.329,1.665,88.897,0.057,-0.324,1.670,89.018,-0.005,0.005,0.005,0.009,17,weighted_average,kalman(weighted_average),false
1788766250.482,230.200,0.069,-0.333,1.689,88.789,0.064,-0.329,1.682,88.905,-0.005,0.004,-0.007,0.009,17,weighted_average,kalman(weighted_average),false
1788766250.633,230.351,0.060,-0.323,1.691,88.996,0.061,-0.325,1.692,88.970,0.001,-0.001,0.001,0.002,17,weighted_average,kalman(weighted_average),false
1788766250.691,230.408,0.049,-0.314,1.661,89.184,0.052,-0.316,1.671,89.119,0.003,-0.002,0.010,0.010,17,weighted_average,kalman(weighted_average),false
1788766250.748,230.465,0.055,-0.324,1.671,89.033,0.052,-0.320,1.668,89.098,-0.003,0.004,-0.003,0.006,17,weighted_average,kalman(weighted_average),false
1788766250.799,230.516,0.061,-0.328,1.692,88.926,0.057,-0.325,1.681,89.017,-0.004,0.004,-0.011,0.012,17,weighted_average,kalman(weighted_average),false
1788766250.940,230.657,0.056,-0.326,1.682,89.002,0.056,-0.327,1.683,89.000,0.000,-0.000,0.001,0.001,17,weighted_average,kalman(weighted_average),false
1788766250.998,230.715,0.062,-0.332,1.679,88.836,0.060,-0.330,1.680,88.891,-0.002,0.001,0.001,0.003,17,weighted_average,kalman(weighted_average),false
1788766251.052,230.769,0.059,-0.327,1.691,88.924,0.060,-0.329,1.687,88.891,0.001,-0.002,-0.004,0.005,17,weighted_average,kalman(weighted_average),false
1788766251.105,230.822,0.046,-0.311,1.673,89.210,0.051,-0.317,1.679,89.057,0.005,-0.007,0.006,0.011,17,weighted_average,kalman(weighted_average),false
1788766251.248,230.966,0.045,-0.312,1.711,89.241,0.044,-0.311,1.706,89.229,-0.000,0.001,-0.004,0.005,17,weighted_average,kalman(weighted_average),false
1788766251.312,231.029,0.055,-0.320,1.690,89.001,0.051,-0.317,1.698,89.101,-0.004,0.003,0.008,0.009,17,weighted_average,kalman(weighted_average),false
1788766251.368,231.085,0.063,-0.328,1.676,88.792,0.060,-0.325,1.684,88.910,-0.003,0.003,0.008,0.009,17,weighted_average,kalman(weighted_average),false
1788766251.420,231.137,0.048,-0.316,1.673,89.110,0.054,-0.321,1.675,88.988,0.006,-0.005,0.002,0.008,17,weighted_average,kalman(weighted_average),false
1788766251.561,231.279,0.062,-0.330,1.684,88.761,0.061,-0.329,1.681,88.794,-0.001,0.001,-0.004,0.004,17,weighted_average,kalman(weighted_average),false
1788766251.623,231.340,0.050,-0.322,1.688,88.990,0.054,-0.325,1.687,88.896,0.004,-0.003,-0.001,0.005,17,weighted_average,kalman(weighted_average),false
1788766251.679,231.396,0.057,-0.324,1.674,88.873,0.055,-0.324,1.680,88.882,-0.001,-0.000,0.006,0.006,17,weighted_average,kalman(weighted_average),false
1788766251.731,231.448,0.049,-0.321,1.687,89.002,0.051,-0.322,1.684,88.946,0.002,-0.001,-0.003,0.004,17,weighted_average,kalman(weighted_average),false
1788766251.874,231.591,0.055,-0.321,1.676,88.899,0.054,-0.321,1.677,88.918,-0.001,0.000,0.001,0.002,17,weighted_average,kalman(weighted_average),false
1788766251.926,231.643,0.045,-0.312,1.694,89.146,0.048,-0.315,1.688,89.059,0.003,-0.002,-0.006,0.007,17,weighted_average,kalman(weighted_average),false
1788766251.983,231.700,0.050,-0.316,1.678,89.032,0.049,-0.315,1.683,89.064,-0.001,0.001,0.005,0.005,17,weighted_average,kalman(weighted_average),false
1788766252.037,231.754,0.050,-0.319,1.687,89.043,0.049,-0.317,1.685,89.065,-0.000,0.002,-0.002,0.003,17,weighted_average,kalman(weighted_average),false
1788766252.180,231.897,0.052,-0.322,1.681,88.983,0.051,-0.321,1.682,89.009,-0.000,0.001,0.001,0.001,17,weighted_average,kalman(weighted_average),false
1788766252.233,231.950,0.050,-0.320,1.658,89.022,0.051,-0.321,1.665,89.010,0.001,-0.001,0.007,0.007,17,weighted_average,kalman(weighted_average),false
1788766252.289,232.006,0.049,-0.321,1.690,89.062,0.050,-0.321,1.678,89.036,0.001,-0.000,-0.012,0.012,17,weighted_average,kalman(weighted_average),false
1788766252.343,232.060,0.052,-0.323,1.660,88.980,0.051,-0.323,1.667,89.005,-0.001,0.001,0.007,0.007,17,weighted_average,kalman(weighted_average),false
1788766252.484,232.201,0.051,-0.315,1.666,89.106,0.051,-0.316,1.665,89.081,0.000,-0.001,-0.001,0.002,17,weighted_average,kalman(weighted_average),false
1788766252.541,232.258,0.050,-0.319,1.684,89.088,0.050,-0.317,1.678,89.096,-0.000,0.002,-0.005,0.006,17,weighted_average,kalman(weighted_average),false
1788766252.592,232.309,0.048,-0.316,1.661,89.144,0.049,-0.316,1.669,89.133,0.001,-0.000,0.008,0.008,17,weighted_average,kalman(weighted_average),false
1788766252.644,232.362,0.056,-0.324,1.688,88.982,0.053,-0.320,1.680,89.062,-0.003,0.004,-0.008,0.009,17,weighted_average,kalman(weighted_average),false
1788766252.791,232.508,0.054,-0.321,1.670,89.036,0.054,-0.321,1.672,89.036,0.000,-0.000,0.003,0.003,17,weighted_average,kalman(weighted_average),false
1788766252.841,232.558,0.049,-0.310,1.667,89.184,0.051,-0.314,1.668,89.125,0.002,-0.003,0.000,0.004,17,weighted_average,kalman(weighted_average),false
1788766252.899,232.617,0.053,-0.312,1.678,89.111,0.052,-0.311,1.673,89.129,-0.001,0.001,-0.005,0.005,17,weighted_average,kalman(weighted_average),false
1788766252.956,232.673,0.062,-0.322,1.657,88.887,0.058,-0.317,1.663,88.998,-0.004,0.005,0.006,0.008,17,weighted_average,kalman(weighted_average),false
1788766253.090,232.807,0.054,-0.305,1.664,89.143,0.055,-0.307,1.662,89.091,0.002,-0.002,-0.002,0.003,17,weighted_average,kalman(weighted_average),false
1788766253.143,232.860,0.055,-0.312,1.672,89.095,0.054,-0.309,1.669,89.105,-0.000,0.003,-0.003,0.004,17,weighted_average,kalman(weighted_average),false
1788766253.193,232.910,0.056,-0.311,1.662,89.078,0.055,-0.310,1.666,89.100,-0.001,0.001,0.004,0.004,17,weighted_average,kalman(weighted_average),false
1788766253.241,232.958,0.060,-0.310,1.672,89.032,0.058,-0.310,1.670,89.070,-0.002,0.000,-0.003,0.004,17,weighted_average,kalman(weighted_average),false
1788766253.388,233.105,0.063,-0.311,1.661,88.986,0.063,-0.311,1.662,89.000,-0.000,0.000,0.002,0.002,17,weighted_average,kalman(weighted_average),false
1788766253.440,233.157,0.064,-0.314,1.672,88.973,0.065,-0.313,1.668,88.974,0.000,0.001,-0.004,0.004,17,weighted_average,kalman(weighted_average),false
1788766253.488,233.205,0.070,-0.315,1.666,88.882,0.069,-0.315,1.667,88.911,-0.001,0.000,0.001,0.002,17,weighted_average,kalman(weighted_average),false
1788766253.544,233.261,0.066,-0.310,1.676,88.998,0.068,-0.312,1.673,88.941,0.002,-0.002,-0.003,0.005,17,weighted_average,kalman(weighted_average),false
1788766253.682,233.399,0.066,-0.306,1.668,89.064,0.067,-0.306,1.669,89.031,0.001,-0.001,0.001,0.002,17,weighted_average,kalman(weighted_average),false
1788766253.739,233.457,0.064,-0.304,1.663,89.109,0.065,-0.304,1.664,89.094,0.000,0.000,0.001,0.001,17,weighted_average,kalman(weighted_average),false
1788766253.790,233.507,0.077,-0.315,1.662,88.831,0.072,-0.310,1.661,88.960,-0.005,0.005,-0.000,0.007,17,weighted_average,kalman(weighted_average),false
1788766253.846,233.563,0.071,-0.305,1.676,89.028,0.073,-0.308,1.670,88.987,0.002,-0.003,-0.007,0.007,17,weighted_average,kalman(weighted_average),false
1788766253.978,233.695,0.073,-0.305,1.666,88.980,0.074,-0.305,1.667,88.980,0.000,-0.000,0.001,0.001,17,weighted_average,kalman(weighted_average),false
1788766254.034,233.751,0.062,-0.294,1.685,89.244,0.066,-0.297,1.680,89.148,0.004,-0.003,-0.006,0.007,17,weighted_average,kalman(weighted_average),false
1788766254.092,233.809,0.066,-0.292,1.648,89.172,0.064,-0.292,1.660,89.189,-0.001,-0.000,0.012,0.012,17,weighted_average,kalman(weighted_average),false
1788766254.150,233.867,0.065,-0.294,1.694,89.207,0.064,-0.291,1.680,89.223,-0.001,0.002,-0.014,0.014,17,weighted_average,kalman(weighted_average),false
1788766254.291,234.008,0.064,-0.287,1.682,89.293,0.063,-0.286,1.683,89.302,-0.000,0.000,0.002,0.002,17,weighted_average,kalman(weighted_average),false
1788766254.351,234.068,0.073,-0.297,1.675,89.090,0.070,-0.294,1.678,89.175,-0.003,0.004,0.003,0.005,17,weighted_average,kalman(weighted_average),false
1788766254.404,234.121,0.075,-0.296,1.676,89.059,0.074,-0.296,1.675,89.094,-0.001,-0.000,-0.000,0.001,17,weighted_average,kalman(weighted_average),false
1788766254.454,234.171,0.082,-0.303,1.686,88.917,0.080,-0.301,1.681,88.976,-0.002,0.002,-0.005,0.005,17,weighted_average,kalman(weighted_average),false
1788766254.584,234.301,0.059,-0.277,1.669,89.460,0.063,-0.281,1.671,89.307,0.005,-0.005,0.002,0.007,17,weighted_average,kalman(weighted_average),false
1788766254.635,234.352,0.066,-0.281,1.662,89.303,0.063,-0.278,1.664,89.346,-0.003,0.003,0.001,0.004,17,weighted_average,kalman(weighted_average),false
1788766254.686,234.403,0.075,-0.292,1.673,89.081,0.069,-0.285,1.668,89.233,-0.006,0.007,-0.006,0.011,17,weighted_average,kalman(weighted_average),false
1788766254.733,234.450,0.074,-0.292,1.664,89.100,0.072,-0.289,1.665,89.167,-0.002,0.003,0.001,0.004,17,weighted_average,kalman(weighted_average),false
1788766254.861,234.578,0.070,-0.284,1.667,89.222,0.071,-0.285,1.666,89.199,0.001,-0.001,-0.001,0.002,17,weighted_average,kalman(weighted_average),false
1788766254.913,234.631,0.066,-0.283,1.692,89.311,0.067,-0.283,1.684,89.272,0.001,-0.000,-0.008,0.008,17,weighted_average,kalman(weighted_average),false
1788766254.964,234.682,0.073,-0.291,1.681,89.129,0.070,-0.287,1.685,89.205,-0.003,0.004,0.004,0.006,17,weighted_average,kalman(weighted_average),false
1788766255.015,234.732,0.073,-0.287,1.653,89.115,0.072,-0.287,1.667,89.155,-0.001,-0.001,0.015,0.015,17,weighted_average,kalman(weighted_average),false
1788766255.147,234.864,0.074,-0.291,1.670,89.085,0.074,-0.291,1.668,89.089,0.000,0.000,-0.002,0.002,17,weighted_average,kalman(weighted_average),false
1788766255.199,234.916,0.070,-0.285,1.688,89.211,0.071,-0.287,1.682,89.155,0.001,-0.002,-0.006,0.007,17,weighted_average,kalman(weighted_average),false
1788766255.253,234.970,0.070,-0.289,1.657,89.146,0.070,-0.288,1.668,89.154,0.000,0.001,0.011,0.011,17,weighted_average,kalman(weighted_average),false
1788766255.304,235.021,0.066,-0.287,1.666,89.232,0.067,-0.288,1.666,89.199,0.001,-0.000,-0.000,0.001,17,weighted_average,kalman(weighted_average),false
1788766255.448,235.165,0.079,-0.303,1.666,88.898,0.077,-0.301,1.665,88.968,-0.002,0.002,-0.001,0.003,17,weighted_average,kalman(weighted_average),false
1788766255.509,235.226,0.067,-0.298,1.681,89.136,0.071,-0.301,1.677,89.046,0.004,-0.003,-0.004,0.007,17,weighted_average,kalman(weighted_average),false
1788766255.560,235.277,0.056,-0.282,1.670,89.386,0.061,-0.290,1.675,89.236,0.005,-0.007,0.004,0.010,17,weighted_average,kalman(weighted_average),false
1788766255.611,235.328,0.059,-0.292,1.678,89.269,0.058,-0.290,1.677,89.281,-0.001,0.002,-0.000,0.002,17,weighted_average,kalman(weighted_average),false
1788766255.746,235.463,0.055,-0.295,1.672,89.260,0.054,-0.293,1.673,89.295,-0.001,0.001,0.002,0.002,17,weighted_average,kalman(weighted_average),false
1788766255.791,235.509,0.058,-0.299,1.670,89.179,0.057,-0.297,1.670,89.228,-0.002,0.001,0.001,0.002,17,weighted_average,kalman(weighted_average),false
1788766255.847,235.564,0.058,-0.299,1.670,89.179,0.058,-0.299,1.669,89.192,-0.000,-0.001,-0.001,0.001,17,weighted_average,kalman(weighted_average),false
1788766255.896,235.613,0.058,-0.299,1.670,89.179,0.059,-0.300,1.669,89.174,0.000,-0.001,-0.001,0.002,17,weighted_average,kalman(weighted_average),false
1788766256.018,235.735,0.065,-0.304,1.637,88.999,0.064,-0.304,1.642,89.029,-0.001,0.000,0.005,0.005,17,weighted_average,kalman(weighted_average),false
1788766256.072,235.789,0.065,-0.304,1.637,88.999,0.066,-0.304,1.635,88.989,0.001,-0.001,-0.002,0.002,17,weighted_average,kalman(weighted_average),false
1788766256.115,235.832,0.061,-0.300,1.658,89.104,0.063,-0.302,1.646,89.032,0.002,-0.002,-0.012,0.013,17,weighted_average,kalman(weighted_average),false
1788766256.177,235.894,0.061,-0.300,1.658,89.104,0.062,-0.301,1.654,89.063,0.001,-0.001,-0.005,0.005,17,weighted_average,kalman(weighted_average),false
1788766256.296,236.013,0.045,-0.286,1.644,89.429,0.048,-0.288,1.647,89.338,0.003,-0.002,0.003,0.004,17,weighted_average,kalman(weighted_average),false
1788766256.345,236.062,0.045,-0.286,1.644,89.429,0.044,-0.285,1.644,89.430,-0.001,0.001,-0.000,0.001,17,weighted_average,kalman(weighted_average),false
1788766256.394,236.111,0.045,-0.286,1.644,89.429,0.043,-0.284,1.643,89.471,-0.002,0.002,-0.001,0.003,17,weighted_average,kalman(weighted_average),false
1788766256.450,236.167,0.045,-0.286,1.644,89.429,0.043,-0.284,1.643,89.485,-0.002,0.002,-0.001,0.003,17,weighted_average,kalman(weighted_average),false
1788766256.567,236.284,0.054,-0.294,1.660,89.249,0.051,-0.292,1.656,89.341,-0.003,0.002,-0.003,0.005,17,weighted_average,kalman(weighted_average),false
1788766256.624,236.341,0.054,-0.294,1.660,89.249,0.054,-0.295,1.660,89.266,0.000,-0.000,0.001,0.001,17,weighted_average,kalman(weighted_average),false
1788766256.668,236.385,0.054,-0.294,1.660,89.249,0.055,-0.296,1.662,89.237,0.001,-0.001,0.002,0.003,17,weighted_average,kalman(weighted_average),false
1788766256.722,236.439,0.055,-0.296,1.668,89.215,0.056,-0.297,1.667,89.202,0.001,-0.000,-0.001,0.002,17,weighted_average,kalman(weighted_average),false
1788766256.862,236.579,0.040,-0.290,1.654,89.465,0.043,-0.291,1.657,89.388,0.002,-0.002,0.003,0.004,17,weighted_average,kalman(weighted_average),false
1788766256.920,236.637,0.040,-0.288,1.664,89.486,0.039,-0.288,1.660,89.478,-0.001,0.000,-0.003,0.004,17,weighted_average,kalman(weighted_average),false
1788766256.964,236.681,0.053,-0.302,1.676,89.213,0.046,-0.296,1.670,89.358,-0.007,0.006,-0.007,0.011,17,weighted_average,kalman(weighted_average),false
1788766257.016,236.733,0.053,-0.302,1.676,89.213,0.050,-0.300,1.675,89.282,-0.002,0.002,-0.001,0.003,17,weighted_average,kalman(weighted_average),false
1788766257.144,236.861,0.053,-0.302,1.676,89.213,0.053,-0.302,1.678,89.214,0.000,-0.001,0.002,0.002,17,weighted_average,kalman(weighted_average),false
1788766257.192,236.910,0.053,-0.302,1.676,89.213,0.053,-0.302,1.677,89.204,0.000,-0.001,0.001,0.001,17,weighted_average,kalman(weighted_average),false
1788766257.239,236.956,0.053,-0.302,1.676,89.213,0.053,-0.302,1.677,89.200,0.000,-0.000,0.000,0.001,17,weighted_average,kalman(weighted_average),false
1788766257.290,237.008,0.053,-0.302,1.676,89.213,0.053,-0.302,1.677,89.200,0.000,-0.000,0.000,0.000,17,weighted_average,kalman(weighted_average),false
1788766257.353,237.070,0.053,-0.302,1.676,89.213,0.053,-0.302,1.676,89.202,0.000,-0.000,-0.000,0.000,17,weighted_average,kalman(weighted_average),false
1788766257.491,237.209,0.071,-0.324,1.664,88.983,0.069,-0.321,1.666,89.025,-0.002,0.003,0.001,0.004,17,weighted_average,kalman(weighted_average),false
1788766257.551,237.268,0.073,-0.326,1.678,88.948,0.074,-0.327,1.673,88.950,0.001,-0.002,-0.005,0.005,17,weighted_average,kalman(weighted_average),false
1788766257.612,237.329,0.070,-0.323,1.669,89.009,0.073,-0.327,1.670,88.956,0.003,-0.004,0.002,0.005,17,weighted_average,kalman(weighted_average),false
1788766257.668,237.385,0.062,-0.317,1.678,89.190,0.067,-0.322,1.675,89.076,0.005,-0.004,-0.003,0.007,17,weighted_average,kalman(weighted_average),false
1788766257.814,237.531,0.070,-0.322,1.662,89.048,0.069,-0.321,1.664,89.065,-0.001,0.000,0.002,0.002,17,weighted_average,kalman(weighted_average),false
1788766257.866,237.583,0.069,-0.314,1.674,89.139,0.070,-0.316,1.669,89.111,0.000,-0.002,-0.005,0.005,17,weighted_average,kalman(weighted_average),false
1788766257.923,237.640,0.066,-0.312,1.649,89.184,0.068,-0.313,1.656,89.161,0.002,-0.000,0.007,0.007,17,weighted_average,kalman(weighted_average),false
1788766257.983,237.700,0.076,-0.320,1.653,88.994,0.073,-0.317,1.652,89.076,-0.003,0.004,-0.001,0.005,17,weighted_average,kalman(weighted_average),false
1788766258.120,237.837,0.066,-0.308,1.664,89.264,0.068,-0.309,1.661,89.218,0.002,-0.001,-0.003,0.004,17,weighted_average,kalman(weighted_average),false
1788766258.183,237.900,0.073,-0.315,1.675,89.127,0.070,-0.312,1.673,89.177,-0.002,0.003,-0.003,0.004,17,weighted_average,kalman(weighted_average),false
1788766258.239,237.956,0.065,-0.311,1.698,89.294,0.067,-0.312,1.692,89.253,0.002,-0.000,-0.006,0.006,17,weighted_average,kalman(weighted_average),false
1788766258.290,238.007,0.073,-0.312,1.682,89.142,0.070,-0.312,1.690,89.207,-0.003,0.000,0.008,0.009,17,weighted_average,kalman(weighted_average),false
1788766258.437,238.155,0.074,-0.310,1.657,89.156,0.073,-0.310,1.662,89.169,-0.000,-0.000,0.006,0.006,17,weighted_average,kalman(weighted_average),false
1788766258.484,238.201,0.066,-0.301,1.665,89.364,0.069,-0.304,1.660,89.284,0.003,-0.003,-0.005,0.006,17,weighted_average,kalman(weighted_average),false
1788766258.532,238.249,0.078,-0.312,1.680,89.115,0.074,-0.307,1.669,89.204,-0.004,0.004,-0.011,0.012,17,weighted_average,kalman(weighted_average),false
1788766258.585,238.302,0.069,-0.300,1.673,89.327,0.071,-0.303,1.671,89.268,0.002,-0.003,-0.001,0.004,17,weighted_average,kalman(weighted_average),false
1788766258.729,238.446,0.073,-0.306,1.677,89.233,0.072,-0.305,1.676,89.249,-0.000,0.001,-0.000,0.001,17,weighted_average,kalman(weighted_average),false
1788766258.786,238.503,0.070,-0.295,1.679,89.369,0.071,-0.298,1.679,89.324,0.001,-0.003,-0.000,0.003,17,weighted_average,kalman(weighted_average),false
1788766258.837,238.554,0.073,-0.302,1.676,89.268,0.072,-0.300,1.678,89.301,-0.001,0.002,0.002,0.003,17,weighted_average,kalman(weighted_average),false
1788766258.888,238.605,0.082,-0.314,1.674,89.062,0.079,-0.308,1.676,89.173,-0.004,0.005,0.002,0.007,17,weighted_average,kalman(weighted_average),false
1788766259.028,238.745,0.078,-0.303,1.665,89.228,0.079,-0.305,1.666,89.193,0.001,-0.002,0.001,0.003,17,weighted_average,kalman(weighted_average),false
1788766259.081,238.798,0.079,-0.306,1.681,89.195,0.079,-0.305,1.675,89.196,-0.000,0.001,-0.006,0.006,17,weighted_average,kalman(weighted_average),false
1788766259.130,238.847,0.077,-0.301,1.677,89.254,0.078,-0.302,1.677,89.231,0.000,-0.001,0.000,0.001,17,weighted_average,kalman(weighted_average),false
1788766259.186,238.903,0.073,-0.303,1.672,89.299,0.074,-0.302,1.674,89.277,0.002,0.001,0.003,0.003,17,weighted_average,kalman(weighted_average),false
1788766259.325,239.042,0.069,-0.297,1.682,89.438,0.069,-0.297,1.681,89.420,0.000,-0.000,-0.001,0.001,17,weighted_average,kalman(weighted_average),false
1788766259.378,239.095,0.071,-0.300,1.682,89.383,0.070,-0.298,1.682,89.416,-0.001,0.001,0.001,0.002,17,weighted_average,kalman(weighted_average),false
1788766259.436,239.153,0.080,-0.307,1.667,89.174,0.076,-0.304,1.673,89.286,-0.004,0.003,0.006,0.008,17,weighted_average,kalman(weighted_average),false
1788766259.489,239.206,0.078,-0.310,1.675,89.182,0.079,-0.309,1.673,89.214,0.000,0.001,-0.002,0.003,17,weighted_average,kalman(weighted_average),false
1788766259.637,239.354,0.083,-0.313,1.668,89.114,0.083,-0.313,1.668,89.108,0.000,-0.001,0.000,0.001,17,weighted_average,kalman(weighted_average),false
1788766259.699,239.416,0.090,-0.316,1.678,89.014,0.088,-0.316,1.674,89.031,-0.001,0.000,-0.003,0.004,17,weighted_average,kalman(weighted_average),false
1788766259.758,239.475,0.077,-0.309,1.683,89.287,0.082,-0.312,1.681,89.165,0.005,-0.003,-0.002,0.006,17,weighted_average,kalman(weighted_average),false
1788766259.813,239.530,0.086,-0.317,1.683,89.113,0.084,-0.315,1.684,89.145,-0.002,0.002,0.001,0.003,17,weighted_average,kalman(weighted_average),false
1788766259.950,239.667,0.078,-0.306,1.682,89.359,0.079,-0.308,1.684,89.318,0.001,-0.001,0.001,0.002,17,weighted_average,kalman(weighted_average),false
1788766260.014,239.731,0.096,-0.319,1.643,88.974,0.091,-0.315,1.654,89.114,-0.005,0.004,0.011,0.012,17,weighted_average,kalman(weighted_average),false
1788766260.064,239.782,0.096,-0.317,1.662,89.025,0.096,-0.317,1.654,89.046,-0.000,0.000,-0.007,0.007,17,weighted_average,kalman(weighted_average),false
1788766260.119,239.836,0.095,-0.315,1.648,89.057,0.097,-0.317,1.648,89.028,0.002,-0.001,-0.001,0.002,17,weighted_average,kalman(weighted_average),false
1788766260.254,239.971,-0.042,0.107,1.772,91.336,-0.022,0.050,1.754,90.825,0.019,-0.056,-0.019,0.062,6,weighted_average,kalman(weighted_average),false
1788766260.312,240.029,-0.037,0.109,1.773,91.274,-0.049,0.142,1.782,91.366,-0.012,0.034,0.009,0.037,6,weighted_average,kalman(weighted_average),false
1788766260.364,240.081,-0.034,0.108,1.782,91.234,-0.053,0.163,1.795,91.533,-0.019,0.055,0.013,0.059,6,weighted_average,kalman(weighted_average),false
1788766260.414,240.131,-0.054,0.121,1.765,91.402,-0.061,0.164,1.786,91.649,-0.008,0.043,0.021,0.049,6,weighted_average,kalman(weighted_average),false
1788766260.544,240.261,-0.038,0.108,1.763,91.297,-0.047,0.132,1.770,91.560,-0.009,0.024,0.007,0.026,6,weighted_average,kalman(weighted_average),false
1788766260.600,240.317,-0.038,0.108,1.763,91.297,-0.038,0.109,1.762,91.392,-0.000,0.001,-0.000,0.001,6,weighted_average,kalman(weighted_average),false
1788766260.655,240.372,-0.041,0.115,1.763,91.308,-0.038,0.106,1.760,91.315,0.004,-0.009,-0.003,0.010,6,weighted_average,kalman(weighted_average),false
1788766260.703,240.420,0.041,0.186,1.684,90.710,0.012,0.151,1.712,90.961,-0.029,-0.035,0.028,0.054,15,weighted_average,kalman(weighted_average),false
1788766260.832,240.549,-0.033,0.113,1.746,91.268,-0.017,0.123,1.732,91.096,0.016,0.011,-0.014,0.024,6,weighted_average,kalman(weighted_average),false
1788766260.879,240.596,-0.033,0.113,1.746,91.268,-0.032,0.112,1.744,91.211,0.001,-0.000,-0.002,0.002,6,weighted_average,kalman(weighted_average),false
1788766260.931,240.648,-0.033,0.113,1.746,91.268,-0.038,0.108,1.749,91.271,-0.005,-0.005,0.004,0.008,6,weighted_average,kalman(weighted_average),false
1788766260.986,240.703,-0.033,0.113,1.746,91.268,-0.039,0.107,1.750,91.298,-0.006,-0.005,0.005,0.010,6,weighted_average,kalman(weighted_average),false
1788766261.118,240.835,0.117,0.181,1.893,91.174,0.093,0.169,1.875,91.229,-0.024,-0.012,-0.018,0.032,3,weighted_average,kalman(weighted_average),false
1788766261.166,240.883,0.152,0.186,1.836,89.521,0.150,0.189,1.865,90.179,-0.002,0.003,0.029,0.029,15,weighted_average,kalman(weighted_average),false
1788766261.217,240.934,0.152,0.186,1.836,89.521,0.173,0.196,1.855,89.635,0.021,0.010,0.020,0.030,15,weighted_average,kalman(weighted_average),false
1788766261.282,240.999,-0.041,0.119,1.759,91.326,0.047,0.151,1.795,90.400,0.087,0.032,0.035,0.100,6,weighted_average,kalman(weighted_average),false
1788766261.440,241.157,-0.039,0.116,1.750,91.338,-0.042,0.116,1.748,91.203,-0.003,-0.001,-0.002,0.004,6,weighted_average,kalman(weighted_average),false
1788766261.497,241.214,-0.044,0.116,1.741,91.405,-0.052,0.113,1.739,91.440,-0.008,-0.004,-0.002,0.009,6,weighted_average,kalman(weighted_average),false
1788766261.551,241.269,-0.036,0.107,1.750,91.360,-0.047,0.106,1.742,91.500,-0.012,-0.000,-0.008,0.014,6,weighted_average,kalman(weighted_average),false
1788766261.605,241.322,-0.045,0.112,1.760,91.443,-0.049,0.107,1.752,91.547,-0.004,-0.004,-0.008,0.010,6,weighted_average,kalman(weighted_average),false
1788766261.728,241.445,-0.190,0.102,2.048,93.355,-0.170,0.102,2.002,92.994,0.020,-0.000,-0.045,0.050,15,weighted_average,kalman(weighted_average),false

# =============================================================================
# Statistiche sessione  (campioni: 2864)
# Durata: 241.4 s
# raw_x: min=-2.5417  max=1.7809  media=0.0584
# raw_y: min=-5.5577  max=2.4539  media=-1.1925
# raw_z: min=0.4245  max=2.6091  media=1.8806
# raw_yaw_deg: min=-179.9817  max=179.8996  media=74.9786
# filtered_x: min=-1.5532  max=1.7784  media=0.0777
# filtered_y: min=-4.7180  max=2.4539  media=-1.1920
# filtered_z: min=0.6104  max=2.5339  media=1.8979
# filtered_yaw_deg: min=-179.8115  max=179.7649  media=75.4095
# error_norm: min=0.0000  max=6.9309  media=0.0840
# Nota: per le colonne di yaw assoluto min/max sono estremi del wrap-around +/-180 deg, non l'ampiezza reale; la media e' circolare.
# =============================================================================
