# =============================================================================
# CONFRONTO POSE APRILTAG RAW E POSE FILTRATE KALMAN
# =============================================================================
# Descrizione: tabella per valutare quanto il filtro di Kalman modifica la posa stimata a partire dalle misure grezze degli AprilTag.
# Generato il: 2026-09-08 12:50:14
# Formato dati: tabella CSV testuale con separatore ','
# Nota: le righe che iniziano con '#' sono commenti descrittivi.
# Separatore degli ID AprilTag multipli: '|'
#
# Legenda colonne:
# - timestamp_s: timestamp assoluto UNIX del campione [s]
# - tempo_relativo_s: tempo trascorso dal primo campione del file [s]
# - raw_x_m: coordinata X della posa grezza AprilTag [m]
# - raw_y_m: coordinata Y della posa grezza AprilTag [m]
# - raw_z_m: coordinata Z della posa grezza AprilTag [m]
# - raw_yaw_deg: yaw associato alla posa grezza AprilTag [deg]
# - kalman_x_m: coordinata X dopo filtraggio di Kalman [m]
# - kalman_y_m: coordinata Y dopo filtraggio di Kalman [m]
# - kalman_z_m: coordinata Z dopo filtraggio di Kalman [m]
# - kalman_yaw_deg: yaw filtrato da Kalman se yaw_filter_enabled=True, altrimenti corrisponde a quello grezzo [deg]
# - errore_x_m: differenza kalman_x_m - raw_x_m [m]
# - errore_y_m: differenza kalman_y_m - raw_y_m [m]
# - errore_z_m: differenza kalman_z_m - raw_z_m [m]
# - norma_errore_m: norma euclidea della correzione introdotta dal filtro [m]
# - tag_ids: ID degli AprilTag usati per la stima, separati dal carattere indicato sopra
# - sorgente_raw: descrizione della sorgente della posa grezza
# - sorgente_kalman: descrizione della sorgente della posa filtrata
# - outlier_scartato: true se il filtro di Kalman ha scartato la misura grezza: la posa filtrata e' solo la previsione
# =============================================================================

timestamp_s,tempo_relativo_s,raw_x_m,raw_y_m,raw_z_m,raw_yaw_deg,kalman_x_m,kalman_y_m,kalman_z_m,kalman_yaw_deg,errore_x_m,errore_y_m,errore_z_m,norma_errore_m,tag_ids,sorgente_raw,sorgente_kalman,outlier_scartato
1788864476.831,0.000,0.055,-0.113,0.744,93.674,0.055,-0.113,0.744,93.674,0.000,0.000,0.000,0.000,1,weighted_average,kalman(weighted_average),false
1788864477.312,0.481,0.066,-0.124,0.723,93.520,0.065,-0.124,0.723,93.549,-0.000,0.000,0.000,0.000,1,weighted_average,kalman(weighted_average),false
1788864477.512,0.681,0.067,-0.130,0.712,93.563,0.067,-0.129,0.713,93.545,-0.000,0.000,0.000,0.000,1,weighted_average,kalman(weighted_average),false
1788864477.593,0.762,0.064,-0.135,0.708,93.677,0.064,-0.134,0.708,93.645,0.001,0.001,0.000,0.001,1,weighted_average,kalman(weighted_average),false
1788864477.674,0.843,0.080,-0.135,0.708,93.273,0.076,-0.136,0.707,93.400,-0.004,-0.001,-0.001,0.004,1,weighted_average,kalman(weighted_average),false
1788864477.851,1.020,0.063,-0.141,0.691,93.810,0.065,-0.141,0.692,93.736,0.002,0.000,0.001,0.002,1,weighted_average,kalman(weighted_average),false
1788864477.915,1.085,0.071,-0.142,0.692,93.607,0.068,-0.142,0.690,93.693,-0.003,-0.000,-0.002,0.004,1,weighted_average,kalman(weighted_average),false
1788864478.003,1.173,0.082,-0.145,0.687,93.330,0.078,-0.145,0.686,93.459,-0.003,-0.000,-0.000,0.003,1,weighted_average,kalman(weighted_average),false
1788864478.230,1.399,0.065,-0.153,0.677,93.855,0.067,-0.153,0.677,93.798,0.001,0.000,-0.000,0.001,1,weighted_average,kalman(weighted_average),false
1788864478.292,1.461,0.086,-0.152,0.679,93.320,0.079,-0.153,0.678,93.516,-0.007,-0.001,-0.001,0.007,1,weighted_average,kalman(weighted_average),false
1788864478.329,1.499,0.086,-0.153,0.679,93.327,0.084,-0.154,0.679,93.401,-0.002,-0.000,-0.001,0.002,1,weighted_average,kalman(weighted_average),false
1788864478.380,1.549,0.090,-0.156,0.679,93.256,0.089,-0.155,0.679,93.291,-0.000,0.001,-0.000,0.001,1,weighted_average,kalman(weighted_average),false
1788864478.492,1.661,0.086,-0.162,0.676,93.409,0.089,-0.161,0.676,93.328,0.002,0.001,0.000,0.003,1,weighted_average,kalman(weighted_average),false
1788864478.543,1.713,0.084,-0.163,0.672,93.482,0.086,-0.163,0.673,93.419,0.001,-0.000,0.001,0.002,1,weighted_average,kalman(weighted_average),false
1788864478.594,1.763,0.092,-0.164,0.676,93.282,0.089,-0.164,0.675,93.356,-0.003,-0.001,-0.002,0.003,1,weighted_average,kalman(weighted_average),false
1788864478.645,1.815,0.092,-0.167,0.674,93.296,0.091,-0.166,0.674,93.322,-0.001,0.000,-0.000,0.001,1,weighted_average,kalman(weighted_average),false
1788864478.695,1.865,0.080,-0.172,0.672,93.652,0.085,-0.170,0.673,93.488,0.005,0.001,0.001,0.005,1,weighted_average,kalman(weighted_average),false
1788864478.807,1.976,0.084,-0.177,0.672,93.593,0.084,-0.177,0.671,93.594,-0.001,0.000,-0.000,0.001,1,weighted_average,kalman(weighted_average),false
1788864478.857,2.026,0.092,-0.182,0.675,93.400,0.089,-0.181,0.674,93.498,-0.003,0.001,-0.001,0.003,1,weighted_average,kalman(weighted_average),false
1788864478.908,2.077,0.098,-0.183,0.678,93.249,0.095,-0.184,0.677,93.358,-0.003,-0.001,-0.001,0.003,1,weighted_average,kalman(weighted_average),false
1788864478.957,2.126,0.094,-0.189,0.676,93.395,0.096,-0.188,0.677,93.353,0.002,0.001,0.001,0.002,1,weighted_average,kalman(weighted_average),false
1788864479.015,2.184,0.090,-0.193,0.676,93.536,0.093,-0.193,0.677,93.434,0.003,-0.000,0.001,0.003,1,weighted_average,kalman(weighted_average),false
1788864479.134,2.304,0.096,-0.199,0.681,93.421,0.096,-0.200,0.680,93.429,-0.000,-0.000,-0.000,0.001,1,weighted_average,kalman(weighted_average),false
1788864479.189,2.359,0.097,-0.201,0.682,93.412,0.097,-0.201,0.682,93.418,-0.000,-0.001,0.000,0.001,1,weighted_average,kalman(weighted_average),false
1788864479.238,2.407,0.098,-0.205,0.680,93.413,0.098,-0.204,0.681,93.413,-0.000,0.000,0.001,0.001,1,weighted_average,kalman(weighted_average),false
1788864479.291,2.461,0.097,-0.208,0.683,93.485,0.098,-0.208,0.683,93.451,0.001,0.000,-0.000,0.001,1,weighted_average,kalman(weighted_average),false
1788864479.345,2.515,0.099,-0.211,0.682,93.457,0.099,-0.211,0.683,93.459,-0.000,0.000,0.000,0.000,1,weighted_average,kalman(weighted_average),false
1788864479.467,2.637,0.097,-0.217,0.680,93.595,0.098,-0.217,0.681,93.567,0.001,-0.000,0.001,0.001,1,weighted_average,kalman(weighted_average),false
1788864479.535,2.704,0.103,-0.219,0.687,93.450,0.102,-0.219,0.685,93.507,-0.002,-0.000,-0.002,0.003,1,weighted_average,kalman(weighted_average),false
1788864479.590,2.759,0.108,-0.218,0.691,93.341,0.106,-0.219,0.689,93.408,-0.001,-0.001,-0.001,0.002,1,weighted_average,kalman(weighted_average),false
1788864479.634,2.804,0.108,-0.222,0.690,93.371,0.108,-0.221,0.691,93.374,0.000,0.001,0.001,0.001,1,weighted_average,kalman(weighted_average),false
1788864479.748,2.918,0.103,-0.227,0.694,93.617,0.105,-0.226,0.694,93.528,0.002,0.000,0.000,0.002,1,weighted_average,kalman(weighted_average),false
1788864479.797,2.966,0.111,-0.228,0.698,93.397,0.108,-0.228,0.697,93.468,-0.002,-0.000,-0.001,0.003,1,weighted_average,kalman(weighted_average),false
1788864479.849,3.018,0.115,-0.230,0.703,93.263,0.113,-0.230,0.702,93.357,-0.002,-0.000,-0.001,0.003,1,weighted_average,kalman(weighted_average),false
1788864479.899,3.069,0.114,-0.228,0.705,93.296,0.115,-0.230,0.705,93.309,0.001,-0.001,-0.000,0.001,1,weighted_average,kalman(weighted_average),false
1788864479.956,3.125,0.118,-0.231,0.710,93.214,0.117,-0.231,0.710,93.237,-0.000,0.000,-0.001,0.001,1,weighted_average,kalman(weighted_average),false
1788864480.085,3.255,0.112,-0.235,0.712,93.363,0.114,-0.235,0.713,93.305,0.002,0.000,0.001,0.002,1,weighted_average,kalman(weighted_average),false
1788864480.133,3.302,0.111,-0.238,0.717,93.407,0.111,-0.238,0.716,93.374,0.000,0.000,-0.001,0.001,1,weighted_average,kalman(weighted_average),false
1788864480.183,3.353,0.113,-0.240,0.718,93.355,0.111,-0.240,0.718,93.380,-0.001,0.000,-0.000,0.001,1,weighted_average,kalman(weighted_average),false
1788864480.232,3.401,0.107,-0.241,0.720,93.525,0.108,-0.241,0.720,93.469,0.001,-0.000,0.000,0.002,1,weighted_average,kalman(weighted_average),false
1788864480.285,3.454,0.109,-0.243,0.721,93.447,0.108,-0.243,0.722,93.481,-0.001,-0.000,0.000,0.001,1,weighted_average,kalman(weighted_average),false
1788864480.399,3.568,0.105,-0.247,0.725,93.553,0.105,-0.247,0.725,93.555,0.000,-0.000,0.000,0.000,1,weighted_average,kalman(weighted_average),false
1788864480.451,3.620,0.109,-0.249,0.731,93.392,0.107,-0.249,0.730,93.470,-0.002,-0.000,-0.001,0.002,1,weighted_average,kalman(weighted_average),false
1788864480.502,3.671,0.099,-0.250,0.729,93.685,0.102,-0.250,0.730,93.586,0.003,-0.000,0.001,0.004,1,weighted_average,kalman(weighted_average),false
1788864480.564,3.733,0.112,-0.253,0.733,93.307,0.108,-0.252,0.733,93.444,-0.004,0.000,-0.000,0.004,1,weighted_average,kalman(weighted_average),false
1788864480.694,3.863,0.100,-0.250,0.738,93.636,0.101,-0.251,0.738,93.576,0.002,-0.001,0.000,0.002,1,weighted_average,kalman(weighted_average),false
1788864480.756,3.925,0.108,-0.249,0.743,93.428,0.105,-0.249,0.743,93.497,-0.003,-0.000,-0.001,0.003,1,weighted_average,kalman(weighted_average),false
1788864480.821,3.990,0.113,-0.251,0.752,93.267,0.111,-0.250,0.750,93.351,-0.002,0.001,-0.002,0.003,1,weighted_average,kalman(weighted_average),false
1788864480.864,4.034,0.107,-0.253,0.756,93.488,0.109,-0.252,0.755,93.404,0.002,0.001,-0.001,0.003,1,weighted_average,kalman(weighted_average),false
1788864480.997,4.167,0.107,-0.253,0.791,92.396,0.108,-0.253,0.788,92.609,0.001,-0.000,-0.003,0.003,1,weighted_average,kalman(weighted_average),false
1788864481.048,4.217,0.104,-0.256,0.812,91.485,0.105,-0.255,0.808,91.807,0.001,0.001,-0.003,0.004,1,weighted_average,kalman(weighted_average),false
1788864481.101,4.271,0.104,-0.253,0.841,90.746,0.104,-0.254,0.836,90.984,-0.001,-0.001,-0.005,0.005,1,weighted_average,kalman(weighted_average),false
1788864481.152,4.321,0.107,-0.254,0.862,90.018,0.105,-0.254,0.860,90.193,-0.002,-0.000,-0.002,0.003,1,weighted_average,kalman(weighted_average),false
1788864481.202,4.372,0.104,-0.256,0.880,89.448,0.104,-0.255,0.881,89.487,0.000,0.001,0.001,0.001,1,weighted_average,kalman(weighted_average),false
1788864481.319,4.488,0.101,-0.255,0.930,88.019,0.102,-0.256,0.930,87.992,0.000,-0.000,0.000,0.001,1,weighted_average,kalman(weighted_average),false
1788864481.375,4.544,0.101,-0.255,0.958,87.411,0.100,-0.255,0.956,87.359,-0.000,-0.000,-0.001,0.001,1,weighted_average,kalman(weighted_average),false
1788864481.432,4.602,0.100,-0.255,0.976,86.790,0.100,-0.255,0.978,86.732,-0.000,0.000,0.002,0.002,1,weighted_average,kalman(weighted_average),false
1788864481.491,4.661,0.102,-0.256,1.001,86.077,0.101,-0.256,1.002,86.062,-0.001,0.000,0.000,0.001,1,weighted_average,kalman(weighted_average),false
1788864481.611,4.780,0.074,-0.240,0.993,85.268,0.078,-0.242,1.003,85.122,0.004,-0.003,0.009,0.010,1,weighted_average,kalman(weighted_average),false
1788864481.666,4.835,-0.135,0.498,1.432,85.852,0.078,-0.242,1.003,85.401,0.214,-0.741,-0.429,0.883,15,weighted_average,kalman(weighted_average),true
1788864481.732,4.901,-1.024,0.462,1.808,95.943,0.078,-0.242,1.003,91.834,1.102,-0.705,-0.806,1.536,3,weighted_average,kalman(weighted_average),true
1788864481.798,4.967,-0.022,-0.007,1.296,83.418,-0.015,-0.023,1.276,87.799,0.007,-0.016,-0.020,0.027,17,weighted_average,kalman(weighted_average),false
1788864481.934,5.104,0.084,-0.251,1.208,81.007,0.064,-0.204,1.240,82.240,-0.020,0.046,0.032,0.059,1,weighted_average,kalman(weighted_average),false
1788864481.996,5.165,-0.003,-0.021,1.307,80.625,0.026,-0.097,1.282,80.386,0.030,-0.076,-0.025,0.085,17,weighted_average,kalman(weighted_average),false
1788864482.061,5.230,-0.057,0.011,1.405,80.941,-0.033,-0.016,1.372,79.897,0.024,-0.027,-0.033,0.049,17,weighted_average,kalman(weighted_average),false
1788864482.130,5.299,-0.019,-0.009,1.389,79.916,-0.033,0.005,1.402,79.330,-0.015,0.014,0.013,0.024,17,weighted_average,kalman(weighted_average),false
1788864482.253,5.422,-0.003,-0.018,1.410,77.901,-0.012,-0.006,1.419,77.794,-0.008,0.013,0.010,0.018,17,weighted_average,kalman(weighted_average),false
1788864482.302,5.472,0.037,-0.050,1.459,76.319,0.024,-0.037,1.449,76.642,-0.013,0.013,-0.011,0.021,17,weighted_average,kalman(weighted_average),false
1788864482.358,5.527,0.009,-0.040,1.525,75.668,0.023,-0.045,1.505,75.689,0.013,-0.005,-0.020,0.025,17,weighted_average,kalman(weighted_average),false
1788864482.421,5.591,-0.010,-0.025,1.487,75.735,0.005,-0.036,1.507,75.281,0.015,-0.012,0.020,0.027,17,weighted_average,kalman(weighted_average),false
1788864482.556,5.725,0.044,-0.058,1.635,72.690,0.038,-0.055,1.624,72.886,-0.006,0.002,-0.011,0.013,17,weighted_average,kalman(weighted_average),false
1788864482.609,5.778,0.074,0.344,1.569,73.734,0.038,-0.055,1.624,73.080,-0.036,-0.400,0.055,0.405,9,weighted_average,kalman(weighted_average),true
1788864482.678,5.847,0.084,0.332,1.617,71.260,0.078,0.280,1.618,71.692,-0.006,-0.052,0.001,0.052,9,weighted_average,kalman(weighted_average),false
1788864482.744,5.913,0.076,0.339,1.632,68.963,0.082,0.365,1.627,69.644,0.006,0.026,-0.005,0.027,9,weighted_average,kalman(weighted_average),false
1788864482.891,6.060,0.110,0.310,1.646,62.919,0.109,0.342,1.645,63.528,-0.001,0.033,-0.001,0.033,9,weighted_average,kalman(weighted_average),false
1788864482.944,6.114,0.115,0.307,1.691,62.642,0.116,0.310,1.679,62.166,0.001,0.003,-0.011,0.012,9,weighted_average,kalman(weighted_average),false
1788864483.015,6.184,0.105,0.314,1.703,62.779,0.111,0.302,1.704,61.671,0.006,-0.012,0.001,0.013,9,weighted_average,kalman(weighted_average),false
1788864483.067,6.237,0.089,0.324,1.704,63.061,0.097,0.311,1.711,62.002,0.008,-0.013,0.007,0.017,9,weighted_average,kalman(weighted_average),false
1788864483.220,6.390,0.094,0.318,1.784,64.788,0.092,0.316,1.781,64.024,-0.001,-0.002,-0.004,0.004,9,weighted_average,kalman(weighted_average),false
1788864483.271,6.440,0.092,0.316,1.788,65.910,0.092,0.317,1.794,65.478,-0.000,0.001,0.006,0.006,9,weighted_average,kalman(weighted_average),false
1788864483.320,6.490,0.094,0.315,1.809,67.015,0.093,0.317,1.811,66.769,-0.001,0.001,0.001,0.002,9,weighted_average,kalman(weighted_average),false
1788864483.380,6.549,0.095,0.318,1.810,67.548,0.094,0.318,1.818,67.766,-0.001,-0.000,0.008,0.008,9,weighted_average,kalman(weighted_average),false
1788864483.527,6.696,0.085,0.318,1.881,70.384,0.086,0.318,1.878,70.433,0.001,0.000,-0.003,0.003,9,weighted_average,kalman(weighted_average),false
1788864483.578,6.747,0.087,0.311,1.919,71.288,0.086,0.313,1.913,71.314,-0.002,0.002,-0.006,0.006,9,weighted_average,kalman(weighted_average),false
1788864483.635,6.805,0.105,0.309,1.921,71.848,0.098,0.309,1.929,72.048,-0.007,0.000,0.008,0.011,9,weighted_average,kalman(weighted_average),false
1788864483.695,6.864,0.103,0.309,1.962,72.697,0.103,0.308,1.959,72.816,-0.000,-0.001,-0.003,0.003,9,weighted_average,kalman(weighted_average),false
1788864483.818,6.987,0.019,-0.067,1.976,73.096,0.034,-0.010,1.982,73.451,0.015,0.057,0.006,0.059,17,weighted_average,kalman(weighted_average),false
1788864483.868,7.038,0.003,-0.067,2.015,73.773,0.003,-0.091,2.007,73.780,0.001,-0.025,-0.007,0.026,17,weighted_average,kalman(weighted_average),false
1788864483.922,7.091,-0.010,-0.065,2.052,74.056,-0.016,-0.116,2.042,74.089,-0.007,-0.051,-0.010,0.052,17,weighted_average,kalman(weighted_average),false
1788864483.974,7.144,-0.022,-0.048,2.029,74.380,-0.030,-0.100,2.043,74.397,-0.007,-0.052,0.014,0.055,17,weighted_average,kalman(weighted_average),false
1788864484.118,7.287,-0.046,-0.048,2.084,74.768,-0.050,-0.064,2.084,74.868,-0.004,-0.016,-0.000,0.017,17,weighted_average,kalman(weighted_average),false
1788864484.175,7.345,-0.023,-0.071,2.080,74.274,-0.032,-0.062,2.085,74.549,-0.010,0.009,0.006,0.014,17,weighted_average,kalman(weighted_average),false
1788864484.231,7.401,-0.040,-0.057,2.085,74.637,-0.035,-0.055,2.088,74.595,0.005,0.002,0.003,0.006,17,weighted_average,kalman(weighted_average),false
1788864484.284,7.453,-0.049,-0.053,2.093,74.797,-0.044,-0.051,2.093,74.711,0.006,0.003,0.000,0.006,17,weighted_average,kalman(weighted_average),false
1788864484.410,7.580,-0.035,-0.068,2.083,74.480,-0.037,-0.063,2.086,74.561,-0.002,0.005,0.003,0.007,17,weighted_average,kalman(weighted_average),false
1788864484.471,7.641,-0.043,-0.070,2.103,74.585,-0.041,-0.070,2.097,74.557,0.003,0.000,-0.006,0.006,17,weighted_average,kalman(weighted_average),false
1788864484.532,7.701,-0.040,-0.070,2.097,74.507,-0.041,-0.072,2.098,74.513,-0.000,-0.002,0.001,0.002,17,weighted_average,kalman(weighted_average),false
1788864484.583,7.752,-0.037,-0.068,2.087,74.441,-0.038,-0.071,2.092,74.459,-0.001,-0.003,0.005,0.006,17,weighted_average,kalman(weighted_average),false
1788864484.705,7.874,-0.050,-0.070,2.090,74.569,-0.048,-0.071,2.090,74.518,0.002,-0.001,-0.000,0.002,17,weighted_average,kalman(weighted_average),false
1788864484.772,7.941,-0.059,-0.064,2.106,74.727,-0.057,-0.066,2.101,74.663,0.001,-0.002,-0.005,0.005,17,weighted_average,kalman(weighted_average),false
1788864484.833,8.003,-0.066,-0.051,2.088,74.909,-0.066,-0.055,2.094,74.842,0.001,-0.004,0.006,0.007,17,weighted_average,kalman(weighted_average),false
1788864484.903,8.072,-0.051,-0.067,2.095,74.588,-0.058,-0.061,2.095,74.734,-0.007,0.006,-0.001,0.009,17,weighted_average,kalman(weighted_average),false
1788864485.053,8.222,-0.058,-0.057,2.091,74.725,-0.058,-0.057,2.092,74.733,0.000,-0.000,0.000,0.001,17,weighted_average,kalman(weighted_average),false
1788864485.107,8.277,-0.054,-0.062,2.102,74.649,-0.055,-0.060,2.099,74.679,-0.001,0.002,-0.004,0.004,17,weighted_average,kalman(weighted_average),false
1788864485.174,8.344,-0.048,-0.061,2.088,74.557,-0.049,-0.061,2.092,74.592,-0.002,0.000,0.004,0.004,17,weighted_average,kalman(weighted_average),false
1788864485.234,8.403,-0.046,-0.068,2.120,74.506,-0.046,-0.066,2.110,74.521,0.000,0.002,-0.010,0.010,17,weighted_average,kalman(weighted_average),false
1788864485.378,8.547,-0.045,-0.063,2.092,74.564,-0.044,-0.064,2.096,74.530,0.001,-0.001,0.004,0.005,17,weighted_average,kalman(weighted_average),false
1788864485.422,8.591,-0.050,-0.058,2.091,74.674,-0.048,-0.059,2.091,74.618,0.002,-0.002,-0.000,0.003,17,weighted_average,kalman(weighted_average),false
1788864485.476,8.645,-0.052,-0.054,2.090,74.751,-0.051,-0.055,2.088,74.710,0.001,-0.001,-0.002,0.003,17,weighted_average,kalman(weighted_average),false
1788864485.520,8.690,-0.032,-0.074,2.110,74.326,-0.040,-0.065,2.099,74.531,-0.009,0.009,-0.010,0.016,17,weighted_average,kalman(weighted_average),false
1788864485.571,8.740,-0.049,-0.050,2.065,74.727,-0.044,-0.057,2.080,74.619,0.005,-0.007,0.015,0.017,17,weighted_average,kalman(weighted_average),false
1788864485.720,8.890,-0.038,-0.065,2.076,74.460,-0.038,-0.064,2.074,74.497,-0.001,0.002,-0.002,0.003,17,weighted_average,kalman(weighted_average),false
1788864485.773,8.942,-0.044,-0.057,2.030,74.592,-0.041,-0.060,2.043,74.541,0.003,-0.003,0.013,0.014,17,weighted_average,kalman(weighted_average),false
1788864485.852,9.022,-0.069,-0.050,2.052,75.017,-0.062,-0.053,2.044,74.853,0.007,-0.002,-0.008,0.011,17,weighted_average,kalman(weighted_average),false
1788864485.940,9.109,-0.056,-0.059,2.058,74.761,-0.061,-0.056,2.053,74.845,-0.005,0.003,-0.005,0.007,17,weighted_average,kalman(weighted_average),false
1788864486.080,9.250,-0.038,-0.083,2.070,74.351,-0.041,-0.081,2.069,74.456,-0.003,0.003,-0.001,0.004,17,weighted_average,kalman(weighted_average),false
1788864486.141,9.310,-0.062,-0.058,2.061,74.887,-0.054,-0.067,2.065,74.690,0.009,-0.009,0.004,0.013,17,weighted_average,kalman(weighted_average),false
1788864486.235,9.405,-0.033,-0.079,2.041,74.309,-0.038,-0.076,2.047,74.422,-0.005,0.003,0.005,0.008,17,weighted_average,kalman(weighted_average),false
1788864486.390,9.559,-0.051,-0.063,2.033,74.657,-0.048,-0.065,2.033,74.584,0.003,-0.002,-0.001,0.004,17,weighted_average,kalman(weighted_average),false
1788864486.436,9.605,-0.047,-0.061,2.036,74.559,-0.049,-0.061,2.034,74.586,-0.002,-0.000,-0.002,0.003,17,weighted_average,kalman(weighted_average),false
1788864486.492,9.661,-0.045,-0.070,2.058,74.171,-0.048,-0.065,2.049,74.357,-0.003,0.005,-0.009,0.011,17,weighted_average,kalman(weighted_average),false
1788864486.546,9.716,0.061,0.296,2.067,74.715,-0.048,-0.065,2.049,74.531,-0.109,-0.361,-0.017,0.377,9,weighted_average,kalman(weighted_average),true
1788864486.666,9.835,0.052,0.315,2.062,73.552,0.042,0.281,2.061,73.807,-0.009,-0.035,-0.001,0.036,9,weighted_average,kalman(weighted_average),false
1788864486.726,9.895,0.050,0.329,2.056,73.126,0.058,0.354,2.058,73.265,0.008,0.024,0.003,0.026,9,weighted_average,kalman(weighted_average),false
1788864486.780,9.950,0.038,0.336,2.062,72.816,0.053,0.373,2.061,72.853,0.014,0.037,-0.001,0.040,9,weighted_average,kalman(weighted_average),false
1788864486.845,10.014,0.037,0.352,2.065,72.431,0.045,0.380,2.064,72.420,0.008,0.028,-0.000,0.029,9,weighted_average,kalman(weighted_average),false
1788864487.006,10.175,0.031,0.389,2.059,71.523,0.033,0.395,2.060,71.490,0.001,0.006,0.001,0.007,9,weighted_average,kalman(weighted_average),false
1788864487.065,10.234,0.024,0.404,2.062,71.291,0.025,0.401,2.060,71.246,0.001,-0.003,-0.001,0.003,9,weighted_average,kalman(weighted_average),false
1788864487.127,10.296,0.019,0.423,2.064,71.089,0.018,0.417,2.062,71.030,-0.000,-0.006,-0.001,0.006,9,weighted_average,kalman(weighted_average),false
1788864487.187,10.357,0.016,0.442,2.058,70.869,0.014,0.437,2.060,70.828,-0.001,-0.005,0.001,0.005,9,weighted_average,kalman(weighted_average),false
1788864487.340,10.509,0.000,0.486,2.063,70.686,0.000,0.485,2.062,70.609,0.000,-0.001,-0.001,0.001,9,weighted_average,kalman(weighted_average),false
1788864487.394,10.563,-0.002,0.504,2.070,70.618,-0.003,0.503,2.068,70.589,-0.001,-0.000,-0.002,0.002,9,weighted_average,kalman(weighted_average),false
1788864487.447,10.617,-0.008,0.526,2.062,70.625,-0.007,0.525,2.065,70.588,0.000,-0.002,0.003,0.004,9,weighted_average,kalman(weighted_average),false
1788864487.497,10.666,-0.016,0.533,2.069,70.680,-0.014,0.537,2.068,70.625,0.002,0.004,-0.001,0.004,9,weighted_average,kalman(weighted_average),false
1788864487.631,10.800,-0.029,0.592,2.069,70.602,-0.029,0.590,2.070,70.603,-0.000,-0.002,0.000,0.002,9,weighted_average,kalman(weighted_average),false
1788864487.687,10.856,-0.037,0.603,2.074,70.691,-0.036,0.606,2.073,70.656,0.001,0.003,-0.001,0.003,9,weighted_average,kalman(weighted_average),false
1788864487.760,10.929,-0.044,0.621,2.062,70.683,-0.045,0.624,2.065,70.681,-0.000,0.003,0.004,0.005,9,weighted_average,kalman(weighted_average),false
1788864487.816,10.985,-0.037,0.645,2.057,70.531,-0.042,0.643,2.059,70.600,-0.005,-0.002,0.002,0.006,9,weighted_average,kalman(weighted_average),false
1788864487.936,11.106,-0.069,0.546,2.025,69.354,-0.065,0.567,2.029,69.643,0.004,0.021,0.004,0.022,9|11,weighted_average,kalman(weighted_average),false
1788864487.998,11.167,-0.073,0.559,2.026,69.244,-0.074,0.551,2.022,69.241,-0.001,-0.009,-0.004,0.010,9|11,weighted_average,kalman(weighted_average),false
1788864488.049,11.219,-0.079,0.579,2.021,69.256,-0.080,0.561,2.019,69.107,-0.001,-0.018,-0.003,0.018,9|11,weighted_average,kalman(weighted_average),false
1788864488.153,11.322,-0.082,0.564,2.008,68.727,-0.085,0.560,2.007,68.683,-0.003,-0.004,-0.000,0.005,11,weighted_average,kalman(weighted_average),false
1788864488.303,11.473,-0.094,0.607,2.004,68.725,-0.094,0.602,2.002,68.619,0.000,-0.004,-0.001,0.005,11,weighted_average,kalman(weighted_average),false
1788864488.360,11.530,-0.100,0.624,2.003,68.783,-0.100,0.623,2.002,68.716,0.001,-0.001,-0.000,0.001,11,weighted_average,kalman(weighted_average),false
1788864488.409,11.579,-0.105,0.641,2.004,68.831,-0.105,0.640,2.003,68.789,0.001,-0.001,-0.001,0.001,11,weighted_average,kalman(weighted_average),false
1788864488.458,11.628,-0.103,0.659,1.998,68.757,-0.106,0.658,2.000,68.789,-0.002,-0.000,0.002,0.003,11,weighted_average,kalman(weighted_average),false
1788864488.587,11.756,-0.114,0.699,2.002,68.854,-0.114,0.700,2.001,68.854,0.000,0.001,-0.001,0.001,11,weighted_average,kalman(weighted_average),false
1788864488.641,11.811,-0.110,0.715,1.997,68.771,-0.112,0.716,1.998,68.812,-0.002,0.000,0.002,0.003,11,weighted_average,kalman(weighted_average),false
1788864488.692,11.862,-0.113,0.733,1.995,68.829,-0.113,0.732,1.996,68.822,-0.000,-0.000,0.001,0.001,11,weighted_average,kalman(weighted_average),false
1788864488.742,11.911,-0.116,0.740,1.996,68.861,-0.115,0.743,1.995,68.845,0.001,0.003,-0.001,0.003,11,weighted_average,kalman(weighted_average),false
1788864488.881,12.051,-0.120,0.786,1.998,68.943,-0.120,0.785,1.998,68.928,0.000,-0.001,-0.001,0.001,11,weighted_average,kalman(weighted_average),false
1788864488.936,12.105,-0.113,0.802,1.992,68.828,-0.116,0.802,1.994,68.876,-0.003,-0.000,0.002,0.003,11,weighted_average,kalman(weighted_average),false
1788864488.990,12.159,-0.122,0.806,1.998,68.949,-0.120,0.811,1.996,68.918,0.003,0.004,-0.001,0.005,11,weighted_average,kalman(weighted_average),false
1788864489.092,12.261,-0.111,0.822,1.997,68.762,-0.114,0.825,1.997,68.815,-0.002,0.003,-0.000,0.003,11,weighted_average,kalman(weighted_average),false
1788864489.238,12.408,-0.112,0.858,2.003,68.835,-0.111,0.857,2.003,68.817,0.000,-0.001,-0.000,0.001,11,weighted_average,kalman(weighted_average),false
1788864489.288,12.457,-0.111,0.871,2.005,68.859,-0.111,0.870,2.005,68.843,0.000,-0.001,0.000,0.001,11,weighted_average,kalman(weighted_average),false
1788864489.338,12.508,-0.111,0.883,2.007,68.885,-0.111,0.883,2.007,68.871,-0.000,-0.000,-0.000,0.000,11,weighted_average,kalman(weighted_average),false
1788864489.391,12.561,-0.108,0.894,2.012,68.887,-0.109,0.895,2.011,68.887,-0.001,0.001,-0.001,0.001,11,weighted_average,kalman(weighted_average),false
1788864489.450,12.620,-0.103,0.900,2.013,68.818,-0.105,0.903,2.014,68.856,-0.002,0.003,0.000,0.004,11,weighted_average,kalman(weighted_average),false
1788864489.615,12.784,-0.096,0.925,2.016,68.849,-0.096,0.926,2.016,68.849,-0.000,0.001,0.001,0.001,11,weighted_average,kalman(weighted_average),false
1788864489.692,12.861,-0.095,0.937,2.019,68.894,-0.094,0.936,2.018,68.880,0.001,-0.000,-0.000,0.001,11,weighted_average,kalman(weighted_average),false
1788864489.754,12.924,-0.089,0.951,2.017,68.882,-0.090,0.949,2.018,68.886,-0.001,-0.002,0.001,0.002,11,weighted_average,kalman(weighted_average),false
1788864489.903,13.073,-0.075,0.981,2.017,68.803,-0.076,0.981,2.017,68.821,-0.001,-0.001,0.000,0.001,11,weighted_average,kalman(weighted_average),false
1788864489.967,13.136,-0.092,1.003,2.030,69.704,-0.086,1.001,2.026,69.405,0.006,-0.002,-0.003,0.007,11|14,weighted_average,kalman(weighted_average),false
1788864490.027,13.197,-0.090,1.012,2.029,69.685,-0.089,1.014,2.030,69.668,0.001,0.002,0.001,0.002,11|14,weighted_average,kalman(weighted_average),false
1788864490.079,13.248,-0.084,1.024,2.029,69.677,-0.087,1.025,2.031,69.764,-0.003,0.001,0.001,0.003,11|14,weighted_average,kalman(weighted_average),false
1788864490.235,13.404,-0.076,1.047,2.036,69.713,-0.077,1.049,2.037,69.807,-0.001,0.001,0.000,0.002,11|14,weighted_average,kalman(weighted_average),false
1788864490.304,13.473,-0.067,1.061,2.039,69.674,-0.068,1.060,2.039,69.717,-0.001,-0.001,-0.000,0.001,11|14,weighted_average,kalman(weighted_average),false
1788864490.361,13.530,-0.066,1.072,2.040,69.752,-0.064,1.071,2.041,69.726,0.001,-0.001,0.000,0.002,11|14,weighted_average,kalman(weighted_average),false
1788864490.511,13.680,-0.051,1.092,2.047,69.675,-0.051,1.093,2.047,69.677,-0.000,0.000,-0.000,0.001,11|14,weighted_average,kalman(weighted_average),false
1788864490.615,13.785,-0.048,1.101,2.050,69.729,-0.047,1.102,2.050,69.710,0.001,0.001,0.000,0.002,11|14,weighted_average,kalman(weighted_average),false
1788864490.688,13.858,-0.047,1.109,2.047,69.767,-0.046,1.109,2.049,69.752,0.001,0.000,0.001,0.001,11|14,weighted_average,kalman(weighted_average),false
1788864490.842,14.012,-0.036,1.126,2.060,69.745,-0.036,1.125,2.059,69.754,-0.001,-0.000,-0.001,0.001,11|14,weighted_average,kalman(weighted_average),false
1788864490.881,14.051,-0.034,1.129,2.059,69.723,-0.034,1.129,2.060,69.735,0.000,0.000,0.001,0.001,11|14,weighted_average,kalman(weighted_average),false
1788864490.939,14.108,-0.031,1.134,2.061,69.735,-0.031,1.135,2.062,69.732,0.000,0.000,0.001,0.001,11|14,weighted_average,kalman(weighted_average),false
1788864491.007,14.176,-0.030,1.137,2.062,69.759,-0.029,1.139,2.063,69.746,0.001,0.001,0.001,0.002,11|14,weighted_average,kalman(weighted_average),false
1788864491.157,14.327,-0.026,1.141,2.065,69.736,-0.026,1.142,2.065,69.739,0.000,0.001,0.000,0.001,11|14,weighted_average,kalman(weighted_average),false
1788864491.240,14.409,-0.023,1.140,2.069,69.708,-0.023,1.141,2.069,69.715,-0.000,0.000,-0.001,0.001,11|14,weighted_average,kalman(weighted_average),false
1788864491.286,14.455,-0.004,1.156,2.085,69.618,-0.010,1.151,2.079,69.655,-0.007,-0.005,-0.005,0.010,11|14,weighted_average,kalman(weighted_average),false
1788864491.347,14.516,-0.020,1.139,2.070,69.658,-0.014,1.145,2.076,69.643,0.006,0.006,0.005,0.010,11|14,weighted_average,kalman(weighted_average),false
1788864491.465,14.635,-0.023,1.132,2.073,69.742,-0.021,1.133,2.074,69.707,0.002,0.002,0.001,0.003,11|14,weighted_average,kalman(weighted_average),false
1788864491.523,14.692,-0.024,1.125,2.075,69.751,-0.024,1.126,2.074,69.743,-0.000,0.001,-0.000,0.001,11|14,weighted_average,kalman(weighted_average),false
1788864491.570,14.740,-0.020,1.126,2.073,69.722,-0.023,1.124,2.073,69.741,-0.003,-0.002,0.000,0.003,11|14,weighted_average,kalman(weighted_average),false
1788864491.621,14.791,-0.022,1.118,2.076,69.742,-0.023,1.118,2.075,69.749,-0.001,0.001,-0.001,0.002,11|14,weighted_average,kalman(weighted_average),false
1788864491.753,14.923,-0.022,1.108,2.077,69.736,-0.022,1.108,2.077,69.746,-0.000,-0.000,-0.000,0.000,11|14,weighted_average,kalman(weighted_average),false
1788864491.805,14.974,-0.021,1.102,2.078,69.713,-0.021,1.103,2.078,69.725,-0.000,0.000,-0.000,0.001,11|14,weighted_average,kalman(weighted_average),false
1788864491.855,15.025,-0.028,1.092,2.075,69.750,-0.025,1.094,2.077,69.736,0.003,0.002,0.001,0.004,11|14,weighted_average,kalman(weighted_average),false
1788864491.914,15.083,-0.023,1.093,2.076,69.705,-0.024,1.091,2.076,69.718,-0.001,-0.002,0.000,0.002,11|14,weighted_average,kalman(weighted_average),false
1788864492.061,15.230,-0.026,1.075,2.078,69.643,-0.026,1.075,2.078,69.653,0.000,0.000,-0.000,0.000,11|14,weighted_average,kalman(weighted_average),false
1788864492.113,15.282,-0.027,1.076,2.080,69.699,-0.027,1.074,2.079,69.674,0.000,-0.002,-0.000,0.002,11|14,weighted_average,kalman(weighted_average),false
1788864492.178,15.347,-0.025,1.075,2.075,69.663,-0.026,1.073,2.077,69.664,-0.001,-0.002,0.002,0.003,11|14,weighted_average,kalman(weighted_average),false
1788864492.240,15.409,-0.027,1.069,2.078,69.669,-0.027,1.069,2.077,69.663,0.001,0.001,-0.001,0.001,11|14,weighted_average,kalman(weighted_average),false
1788864492.387,15.557,-0.029,1.065,2.078,69.717,-0.029,1.065,2.078,69.705,0.000,-0.000,-0.000,0.000,11|14,weighted_average,kalman(weighted_average),false
1788864492.445,15.615,-0.027,1.063,2.078,69.696,-0.028,1.063,2.078,69.705,-0.001,0.000,0.000,0.001,11|14,weighted_average,kalman(weighted_average),false
1788864492.502,15.672,-0.028,1.058,2.081,69.669,-0.028,1.059,2.080,69.687,0.000,0.001,-0.001,0.001,11|14,weighted_average,kalman(weighted_average),false
1788864492.557,15.726,-0.029,1.056,2.081,69.681,-0.029,1.056,2.081,69.683,0.000,0.000,0.000,0.000,11|14,weighted_average,kalman(weighted_average),false
1788864492.722,15.891,-0.029,1.051,2.085,69.708,-0.029,1.051,2.085,69.703,-0.000,-0.000,-0.000,0.000,11|14,weighted_average,kalman(weighted_average),false
1788864492.799,15.968,-0.032,1.048,2.086,69.722,-0.031,1.048,2.086,69.720,0.001,0.000,0.000,0.001,11|14,weighted_average,kalman(weighted_average),false
1788864492.893,16.063,-0.015,1.036,2.081,68.948,-0.019,1.038,2.082,69.160,-0.003,0.002,0.001,0.004,11,weighted_average,kalman(weighted_average),false
1788864493.101,16.270,-0.015,1.029,2.084,68.927,-0.014,1.029,2.084,68.883,0.001,-0.000,-0.000,0.001,11,weighted_average,kalman(weighted_average),false
1788864493.178,16.347,-0.017,1.030,2.081,68.988,-0.016,1.030,2.082,68.941,0.000,-0.001,0.001,0.001,11,weighted_average,kalman(weighted_average),false
1788864493.249,16.418,-0.013,1.029,2.076,68.937,-0.015,1.029,2.077,68.938,-0.001,0.000,0.001,0.002,11,weighted_average,kalman(weighted_average),false
1788864493.397,16.566,-0.011,1.023,2.082,68.896,-0.011,1.023,2.081,68.902,-0.000,0.001,-0.001,0.001,11,weighted_average,kalman(weighted_average),false
1788864493.459,16.628,-0.004,1.024,2.078,68.816,-0.006,1.023,2.079,68.840,-0.002,-0.001,0.001,0.002,11,weighted_average,kalman(weighted_average),false
1788864493.522,16.691,-0.012,1.023,2.078,68.960,-0.009,1.022,2.078,68.901,0.003,-0.000,0.000,0.003,11,weighted_average,kalman(weighted_average),false
1788864493.583,16.752,-0.008,1.024,2.073,68.936,-0.008,1.023,2.074,68.925,-0.000,-0.001,0.002,0.002,11,weighted_average,kalman(weighted_average),false
1788864493.763,16.933,-0.008,1.020,2.074,68.938,-0.008,1.021,2.074,68.942,0.000,0.000,-0.000,0.000,11,weighted_average,kalman(weighted_average),false
1788864493.814,16.984,-0.013,1.021,2.074,69.049,-0.012,1.021,2.074,69.012,0.001,-0.000,-0.000,0.002,11,weighted_average,kalman(weighted_average),false
1788864493.864,17.033,-0.005,1.022,2.072,68.901,-0.008,1.021,2.073,68.960,-0.003,-0.000,0.001,0.003,11,weighted_average,kalman(weighted_average),false
1788864493.919,17.089,-0.002,1.024,2.067,68.891,-0.004,1.023,2.069,68.920,-0.002,-0.001,0.002,0.003,11,weighted_average,kalman(weighted_average),false
1788864494.111,17.280,-0.005,1.024,2.064,68.983,-0.004,1.024,2.064,68.969,0.001,0.000,-0.000,0.001,11,weighted_average,kalman(weighted_average),false
1788864494.242,17.411,0.003,1.022,2.064,68.831,0.002,1.022,2.064,68.861,-0.001,0.000,-0.000,0.001,11,weighted_average,kalman(weighted_average),false
1788864494.472,17.641,0.006,1.025,2.061,68.895,0.006,1.025,2.061,68.883,0.000,-0.000,0.000,0.000,11,weighted_average,kalman(weighted_average),false
1788864494.577,17.746,0.011,1.026,2.064,68.864,0.011,1.027,2.063,68.873,-0.001,0.000,-0.001,0.001,11,weighted_average,kalman(weighted_average),false
1788864494.664,17.834,0.014,1.025,2.061,68.829,0.014,1.026,2.061,68.841,-0.000,0.001,0.001,0.001,11,weighted_average,kalman(weighted_average),false
1788864494.896,18.066,0.030,1.031,2.056,68.757,0.030,1.031,2.056,68.760,-0.000,-0.000,0.000,0.000,11,weighted_average,kalman(weighted_average),false
1788864494.960,18.130,0.025,1.030,2.059,68.872,0.028,1.031,2.058,68.829,0.003,0.001,-0.001,0.003,11,weighted_average,kalman(weighted_average),false
1788864495.013,18.182,0.032,1.033,2.053,68.836,0.031,1.033,2.055,68.838,-0.001,-0.000,0.001,0.002,11,weighted_average,kalman(weighted_average),false
1788864495.192,18.361,0.041,1.038,2.048,68.802,0.041,1.038,2.049,68.811,-0.000,-0.000,0.000,0.000,11,weighted_average,kalman(weighted_average),false
1788864495.296,18.466,0.037,1.036,2.056,68.862,0.039,1.036,2.054,68.846,0.001,0.001,-0.002,0.002,11,weighted_average,kalman(weighted_average),false
1788864495.388,18.558,0.042,1.040,2.047,68.866,0.041,1.039,2.049,68.865,-0.001,-0.001,0.002,0.002,11,weighted_average,kalman(weighted_average),false
1788864495.567,18.736,0.045,1.044,2.053,68.893,0.045,1.044,2.052,68.894,-0.000,-0.000,-0.001,0.001,11,weighted_average,kalman(weighted_average),false
1788864495.651,18.820,0.046,1.043,2.055,68.879,0.046,1.043,2.055,68.886,0.000,0.001,-0.000,0.001,11,weighted_average,kalman(weighted_average),false
1788864495.757,18.927,0.044,1.043,2.059,68.933,0.044,1.043,2.059,68.923,0.001,0.000,-0.000,0.001,11,weighted_average,kalman(weighted_average),false
1788864496.085,19.255,0.048,1.045,2.068,68.883,0.047,1.045,2.068,68.890,-0.000,-0.000,-0.000,0.000,11,weighted_average,kalman(weighted_average),false
1788864496.193,19.362,0.044,1.045,2.068,68.950,0.045,1.045,2.068,68.933,0.001,-0.000,0.001,0.001,11,weighted_average,kalman(weighted_average),false
1788864496.350,19.520,0.040,1.045,2.079,69.014,0.040,1.046,2.079,69.008,0.000,0.000,-0.001,0.001,11,weighted_average,kalman(weighted_average),false
1788864496.414,19.584,0.044,1.046,2.081,68.934,0.042,1.046,2.082,68.967,-0.002,-0.000,0.001,0.002,11,weighted_average,kalman(weighted_average),false
1788864496.484,19.653,0.045,1.048,2.082,68.931,0.044,1.047,2.083,68.943,-0.001,-0.000,0.001,0.001,11,weighted_average,kalman(weighted_average),false
1788864496.578,19.748,0.047,1.051,2.085,68.915,0.047,1.050,2.085,68.918,-0.000,-0.000,0.000,0.000,11,weighted_average,kalman(weighted_average),false
1788864496.738,19.907,0.041,1.054,2.098,68.980,0.041,1.054,2.097,68.966,0.001,0.000,-0.001,0.001,11,weighted_average,kalman(weighted_average),false
1788864496.813,19.982,0.037,1.059,2.094,69.049,0.038,1.058,2.096,69.032,0.000,-0.001,0.002,0.002,11,weighted_average,kalman(weighted_average),false
1788864496.872,20.041,0.040,1.059,2.100,68.947,0.039,1.060,2.099,68.993,-0.002,0.001,-0.001,0.002,11,weighted_average,kalman(weighted_average),false
1788864496.938,20.107,0.031,1.060,2.104,69.047,0.033,1.061,2.104,69.028,0.002,0.001,-0.001,0.002,11,weighted_average,kalman(weighted_average),false
1788864497.134,20.303,0.026,1.067,2.112,69.033,0.025,1.067,2.112,69.038,-0.000,-0.000,0.000,0.000,11,weighted_average,kalman(weighted_average),false
1788864497.203,20.372,0.032,1.074,2.115,68.931,0.030,1.073,2.115,68.963,-0.002,-0.001,0.000,0.002,11,weighted_average,kalman(weighted_average),false
1788864497.266,20.436,0.009,1.087,2.134,69.768,0.016,1.084,2.129,69.466,0.006,-0.003,-0.005,0.009,11|14,weighted_average,kalman(weighted_average),false
1788864497.460,20.629,0.002,1.093,2.140,69.694,0.002,1.094,2.141,69.735,-0.000,0.001,0.001,0.001,11|14,weighted_average,kalman(weighted_average),false
1788864497.551,20.720,0.000,1.099,2.143,69.712,-0.001,1.099,2.144,69.739,-0.001,-0.001,0.000,0.001,11|14,weighted_average,kalman(weighted_average),false
1788864497.643,20.812,-0.005,1.100,2.148,69.726,-0.005,1.100,2.147,69.739,0.000,0.000,-0.000,0.001,11|14,weighted_average,kalman(weighted_average),false
1788864497.783,20.952,-0.015,1.111,2.157,69.770,-0.014,1.110,2.157,69.768,0.000,-0.001,-0.000,0.001,11|14,weighted_average,kalman(weighted_average),false
1788864497.853,21.022,-0.017,1.112,2.162,69.733,-0.017,1.113,2.162,69.748,-0.001,0.001,-0.000,0.001,11|14,weighted_average,kalman(weighted_average),false
1788864497.919,21.088,-0.021,1.117,2.162,69.792,-0.021,1.117,2.163,69.776,-0.000,-0.000,0.002,0.002,11|14,weighted_average,kalman(weighted_average),false
1788864497.981,21.151,-0.023,1.119,2.164,69.781,-0.023,1.120,2.164,69.783,-0.000,0.000,0.001,0.001,11|14,weighted_average,kalman(weighted_average),false
1788864498.153,21.322,-0.027,1.126,2.170,69.807,-0.027,1.126,2.170,69.807,-0.000,0.000,0.000,0.000,11|14,weighted_average,kalman(weighted_average),false
1788864498.234,21.403,-0.026,1.129,2.168,69.793,-0.027,1.129,2.169,69.800,-0.000,0.000,0.001,0.001,11|14,weighted_average,kalman(weighted_average),false
1788864498.312,21.482,-0.030,1.131,2.169,69.860,-0.030,1.131,2.169,69.842,0.001,0.000,0.000,0.001,11|14,weighted_average,kalman(weighted_average),false
1788864498.468,21.637,-0.027,1.135,2.168,69.750,-0.027,1.136,2.168,69.771,-0.001,0.000,0.000,0.001,11|14,weighted_average,kalman(weighted_average),false
1788864498.529,21.698,-0.028,1.136,2.164,69.776,-0.027,1.137,2.165,69.765,0.001,0.000,0.001,0.001,11|14,weighted_average,kalman(weighted_average),false
1788864498.631,21.801,-0.030,1.137,2.158,69.800,-0.029,1.137,2.159,69.783,0.001,0.000,0.001,0.001,11|14,weighted_average,kalman(weighted_average),false
1788864498.802,21.972,-0.008,1.122,2.140,68.876,-0.010,1.123,2.140,68.983,-0.002,0.001,0.001,0.002,11,weighted_average,kalman(weighted_average),false
1788864498.898,22.067,-0.035,1.129,2.151,69.812,-0.029,1.127,2.147,69.512,0.007,-0.003,-0.004,0.008,11|14,weighted_average,kalman(weighted_average),false
1788864498.980,22.149,-0.035,1.128,2.151,69.800,-0.036,1.128,2.150,69.758,-0.001,-0.000,-0.000,0.001,11|14,weighted_average,kalman(weighted_average),false
1788864499.156,22.325,-0.036,1.128,2.143,69.802,-0.037,1.128,2.144,69.847,-0.001,0.000,0.001,0.001,11|14,weighted_average,kalman(weighted_average),false
1788864499.243,22.412,-0.039,1.127,2.140,69.831,-0.038,1.127,2.140,69.841,0.001,0.000,-0.000,0.001,11|14,weighted_average,kalman(weighted_average),false
1788864499.348,22.517,-0.037,1.127,2.135,69.766,-0.037,1.126,2.135,69.786,-0.000,-0.000,-0.000,0.000,11|14,weighted_average,kalman(weighted_average),false
1788864499.598,22.768,-0.036,1.131,2.135,69.741,-0.036,1.131,2.135,69.739,0.000,-0.000,-0.000,0.001,11|14,weighted_average,kalman(weighted_average),false
1788864499.704,22.874,-0.038,1.126,2.131,69.673,-0.038,1.127,2.132,69.682,0.000,0.001,0.001,0.001,11|14,weighted_average,kalman(weighted_average),false
1788864499.898,23.067,-0.030,1.121,2.120,70.969,-0.030,1.121,2.120,70.851,-0.001,0.000,0.000,0.001,11|14,weighted_average,kalman(weighted_average),false
1788864499.972,23.142,-0.018,1.104,2.116,71.376,-0.020,1.107,2.116,71.377,-0.002,0.003,-0.000,0.004,11,weighted_average,kalman(weighted_average),false
1788864500.050,23.219,-0.011,1.089,2.119,72.291,-0.011,1.091,2.117,72.177,-0.000,0.002,-0.002,0.003,11,weighted_average,kalman(weighted_average),false
1788864500.217,23.387,0.017,1.044,2.122,73.891,0.017,1.045,2.121,73.860,-0.001,0.001,-0.001,0.001,11,weighted_average,kalman(weighted_average),false
1788864500.316,23.485,0.022,1.021,2.120,74.830,0.024,1.020,2.120,74.838,0.002,-0.001,0.001,0.002,11,weighted_average,kalman(weighted_average),false
1788864500.425,23.594,0.022,1.005,2.132,75.521,0.023,1.003,2.130,75.610,0.002,-0.002,-0.002,0.003,11,weighted_average,kalman(weighted_average),false
1788864500.621,23.790,0.055,1.116,2.192,78.321,0.053,1.110,2.190,78.221,-0.001,-0.007,-0.002,0.007,9,weighted_average,kalman(weighted_average),false
1788864500.715,23.884,0.082,1.088,2.203,79.093,0.081,1.104,2.207,79.199,-0.002,0.017,0.004,0.017,9,weighted_average,kalman(weighted_average),false
1788864500.804,23.973,0.082,1.045,2.211,80.230,0.087,1.059,2.214,80.239,0.005,0.014,0.003,0.015,9,weighted_average,kalman(weighted_average),false
1788864501.003,24.172,0.079,0.554,2.089,80.893,0.080,0.574,2.096,81.039,0.001,0.020,0.007,0.022,17,weighted_average,kalman(weighted_average),false
1788864501.110,24.279,0.085,0.531,2.108,82.478,0.083,0.488,2.093,82.243,-0.002,-0.044,-0.015,0.046,17,weighted_average,kalman(weighted_average),false
1788864501.286,24.455,0.113,0.449,2.080,85.188,0.111,0.439,2.079,85.040,-0.002,-0.010,-0.001,0.010,17,weighted_average,kalman(weighted_average),false
1788864501.358,24.527,0.119,0.416,2.137,86.110,0.120,0.421,2.122,86.144,0.001,0.005,-0.014,0.015,17,weighted_average,kalman(weighted_average),false
1788864501.426,24.595,0.137,0.382,2.143,87.438,0.135,0.389,2.144,87.365,-0.002,0.007,0.001,0.007,17,weighted_average,kalman(weighted_average),false
1788864501.608,24.778,0.166,0.296,2.171,90.248,0.167,0.298,2.173,90.269,0.000,0.002,0.002,0.003,17,weighted_average,kalman(weighted_average),false
1788864501.693,24.862,0.210,0.265,2.129,91.285,0.204,0.263,2.139,91.366,-0.006,-0.003,0.010,0.012,17,weighted_average,kalman(weighted_average),false
1788864501.796,24.965,-0.381,0.779,2.163,99.750,0.204,0.263,2.139,98.087,0.585,-0.517,-0.024,0.781,15,weighted_average,kalman(weighted_average),true
1788864501.995,25.165,0.526,0.809,2.124,93.870,0.519,0.798,2.124,95.063,-0.006,-0.011,0.000,0.013,15,weighted_average,kalman(weighted_average),false
1788864502.102,25.271,0.133,0.506,2.243,99.096,0.519,0.798,2.124,97.695,0.387,0.292,-0.119,0.499,5,weighted_average,kalman(weighted_average),true
1788864502.291,25.460,0.152,0.442,2.246,100.379,0.158,0.448,2.244,100.293,0.006,0.006,-0.002,0.008,5,weighted_average,kalman(weighted_average),false
1788864502.405,25.575,0.173,0.414,2.239,100.471,0.152,0.399,2.246,100.742,-0.021,-0.015,0.007,0.027,5,weighted_average,kalman(weighted_average),false
1788864502.597,25.766,0.178,0.360,2.246,101.104,0.176,0.357,2.247,101.182,-0.002,-0.002,0.000,0.003,5,weighted_average,kalman(weighted_average),false
1788864502.689,25.858,0.187,0.329,2.253,101.208,0.188,0.331,2.252,101.238,0.001,0.003,-0.001,0.003,5,weighted_average,kalman(weighted_average),false
1788864503.303,26.472,0.175,0.298,2.373,97.097,0.177,0.297,2.368,97.453,0.002,-0.001,-0.005,0.005,15,weighted_average,kalman(weighted_average),false
1788864503.360,26.529,0.175,0.298,2.373,97.097,0.174,0.296,2.384,96.786,-0.002,-0.002,0.011,0.011,15,weighted_average,kalman(weighted_average),false
1788864503.429,26.599,0.876,0.401,1.197,89.184,0.174,0.296,2.384,91.359,-0.702,-0.106,1.188,1.384,15,weighted_average,kalman(weighted_average),true
1788864503.617,26.786,0.201,0.248,2.344,94.708,0.200,0.250,2.346,93.415,-0.001,0.002,0.001,0.002,15,weighted_average,kalman(weighted_average),false
1788864503.686,26.856,0.204,-0.227,2.082,94.070,0.200,0.250,2.346,94.319,-0.005,0.477,0.263,0.545,18,weighted_average,kalman(weighted_average),true
1788864503.781,26.950,0.171,-0.265,2.080,94.239,0.173,-0.231,2.097,94.700,0.002,0.034,0.018,0.038,18,weighted_average,kalman(weighted_average),false
1788864503.972,27.142,0.031,0.099,2.377,95.188,0.173,-0.231,2.097,95.301,0.142,-0.330,-0.280,0.455,6,weighted_average,kalman(weighted_average),true
1788864504.043,27.212,-0.741,0.071,0.292,104.538,0.173,-0.231,2.097,101.887,0.914,-0.301,1.805,2.046,3,weighted_average,kalman(weighted_average),true
1788864504.135,27.304,-0.126,0.169,1.022,95.934,-0.122,0.165,1.034,98.731,0.003,-0.004,0.011,0.012,15,weighted_average,kalman(weighted_average),false
1788864504.315,27.484,0.397,0.095,2.468,88.906,-0.122,0.165,1.034,89.881,-0.519,0.070,-1.435,1.527,15,weighted_average,kalman(weighted_average),true
1788864504.416,27.585,-0.027,0.033,2.272,92.966,-0.029,0.035,2.249,91.113,-0.002,0.002,-0.023,0.023,6,weighted_average,kalman(weighted_average),false
1788864504.482,27.652,0.445,0.079,2.472,87.582,-0.029,0.035,2.249,88.537,-0.475,-0.044,-0.223,0.526,15,weighted_average,kalman(weighted_average),true
1788864504.637,27.806,0.090,0.024,2.470,90.969,0.085,0.024,2.461,90.065,-0.005,0.000,-0.009,0.011,15,weighted_average,kalman(weighted_average),false
1788864504.691,27.861,-0.064,0.003,2.245,92.177,-0.011,0.008,2.326,91.630,0.054,0.005,0.081,0.098,6,weighted_average,kalman(weighted_average),false
1788864504.768,27.937,-0.054,-0.016,2.247,91.880,-0.054,-0.014,2.253,92.239,-0.000,0.002,0.007,0.007,6,weighted_average,kalman(weighted_average),false
1788864504.860,28.029,0.088,-0.423,2.073,89.012,-0.054,-0.014,2.253,90.278,-0.142,0.409,0.181,0.470,17,weighted_average,kalman(weighted_average),true
1788864505.017,28.186,0.046,-0.459,2.108,87.463,0.042,-0.443,2.113,87.670,-0.004,0.016,0.005,0.017,17,weighted_average,kalman(weighted_average),false
1788864505.094,28.264,0.042,-0.453,2.093,87.481,0.051,-0.487,2.085,87.172,0.008,-0.034,-0.007,0.036,17,weighted_average,kalman(weighted_average),false
1788864505.205,28.375,0.013,-0.421,2.071,88.041,0.022,-0.448,2.065,87.561,0.009,-0.026,-0.006,0.028,17,weighted_average,kalman(weighted_average),false
1788864505.438,28.607,-0.007,-0.413,2.009,88.016,-0.007,-0.413,2.010,87.973,-0.001,0.000,0.001,0.001,17,weighted_average,kalman(weighted_average),false
1788864505.491,28.660,-0.007,-0.413,2.009,88.016,-0.009,-0.411,2.004,88.047,-0.002,0.003,-0.005,0.006,17,weighted_average,kalman(weighted_average),false
1788864505.562,28.731,-0.007,-0.413,2.009,88.016,-0.009,-0.411,2.004,88.078,-0.002,0.003,-0.005,0.006,17,weighted_average,kalman(weighted_average),false
1788864505.624,28.793,-0.007,-0.413,2.009,88.016,-0.008,-0.412,2.006,88.069,-0.001,0.002,-0.003,0.004,17,weighted_average,kalman(weighted_average),false
1788864505.798,28.967,-0.007,-0.413,2.009,88.016,-0.007,-0.413,2.008,88.037,-0.000,0.000,-0.000,0.001,17,weighted_average,kalman(weighted_average),false
1788864505.844,29.014,-0.007,-0.413,2.009,88.016,-0.007,-0.413,2.009,88.019,0.000,-0.000,0.000,0.000,17,weighted_average,kalman(weighted_average),false
1788864505.902,29.072,-0.007,-0.413,2.009,88.016,-0.006,-0.414,2.009,88.009,0.000,-0.000,0.001,0.001,17,weighted_average,kalman(weighted_average),false
1788864505.944,29.113,-0.007,-0.413,2.009,88.016,-0.006,-0.413,2.009,88.008,0.000,-0.000,0.000,0.001,17,weighted_average,kalman(weighted_average),false
1788864506.074,29.244,-0.007,-0.413,2.009,88.016,-0.007,-0.413,2.009,88.008,0.000,-0.000,0.000,0.000,17,weighted_average,kalman(weighted_average),false
1788864506.142,29.312,0.308,0.049,2.178,84.544,-0.007,-0.413,2.009,85.671,-0.314,-0.463,-0.169,0.584,15,weighted_average,kalman(weighted_average),true
1788864506.229,29.399,-0.043,-0.443,2.147,87.630,-0.040,-0.441,2.135,86.605,0.003,0.003,-0.013,0.013,17,weighted_average,kalman(weighted_average),false
1788864506.422,29.591,-0.052,-0.404,2.148,87.820,-0.053,-0.408,2.155,87.696,-0.001,-0.004,0.007,0.008,17,weighted_average,kalman(weighted_average),false
1788864506.477,29.647,-0.033,-0.400,2.132,87.436,-0.039,-0.397,2.137,87.652,-0.006,0.002,0.004,0.008,17,weighted_average,kalman(weighted_average),false
1788864506.539,29.709,-0.051,-0.376,2.139,87.800,-0.045,-0.378,2.134,87.834,0.006,-0.002,-0.005,0.008,17,weighted_average,kalman(weighted_average),false
1788864506.590,29.760,-0.037,-0.372,2.145,87.526,-0.040,-0.369,2.138,87.733,-0.003,0.003,-0.006,0.008,17,weighted_average,kalman(weighted_average),false
1788864506.784,29.954,-0.041,-0.345,2.149,87.602,-0.040,-0.344,2.148,87.646,0.001,0.001,-0.001,0.002,17,weighted_average,kalman(weighted_average),false
1788864506.883,30.053,-0.044,-0.332,2.144,87.614,-0.043,-0.333,2.146,87.600,0.000,-0.001,0.002,0.002,17,weighted_average,kalman(weighted_average),false
1788864507.104,30.274,-0.058,-0.274,2.141,87.887,-0.058,-0.276,2.141,87.853,0.000,-0.002,0.000,0.002,17,weighted_average,kalman(weighted_average),false
1788864507.178,30.347,-0.055,-0.259,2.151,87.816,-0.057,-0.257,2.148,87.860,-0.002,0.002,-0.003,0.004,17,weighted_average,kalman(weighted_average),false
1788864507.250,30.419,-0.056,-0.242,2.154,87.802,-0.057,-0.241,2.153,87.841,-0.001,0.002,-0.001,0.002,17,weighted_average,kalman(weighted_average),false
1788864507.416,30.585,-0.075,-0.184,2.175,88.031,-0.073,-0.185,2.174,88.012,0.001,-0.001,-0.001,0.002,17,weighted_average,kalman(weighted_average),false
1788864507.471,30.640,-0.069,-0.177,2.195,87.857,-0.072,-0.173,2.191,87.931,-0.003,0.003,-0.004,0.006,17,weighted_average,kalman(weighted_average),false
1788864507.536,30.705,-0.063,-0.141,2.180,87.730,-0.067,-0.145,2.188,87.806,-0.004,-0.004,0.007,0.009,17,weighted_average,kalman(weighted_average),false
1788864507.613,30.782,-0.064,-0.127,2.153,87.726,-0.064,-0.125,2.163,87.731,-0.000,0.003,0.011,0.011,17,weighted_average,kalman(weighted_average),false
1788864507.824,30.993,-0.065,-0.078,2.185,87.619,-0.064,-0.077,2.183,87.612,0.000,0.001,-0.003,0.003,17,weighted_average,kalman(weighted_average),false
1788864507.887,31.057,-0.080,-0.045,2.168,87.887,-0.077,-0.050,2.175,87.792,0.004,-0.005,0.007,0.010,17,weighted_average,kalman(weighted_average),false
1788864507.958,31.127,-0.103,-0.027,2.205,88.235,-0.098,-0.027,2.197,88.107,0.005,-0.000,-0.008,0.009,17,weighted_average,kalman(weighted_average),false
1788864508.048,31.217,-0.092,-0.009,2.186,88.011,-0.098,-0.006,2.193,88.113,-0.006,0.003,0.007,0.009,17,weighted_average,kalman(weighted_average),false
1788864508.205,31.374,-0.092,0.037,2.181,87.933,-0.093,0.037,2.182,87.984,-0.001,-0.000,0.001,0.002,17,weighted_average,kalman(weighted_average),false
1788864508.269,31.439,-0.077,0.038,2.215,87.547,-0.081,0.042,2.205,87.669,-0.004,0.005,-0.010,0.011,17,weighted_average,kalman(weighted_average),false
1788864508.326,31.495,-0.064,0.049,2.172,87.309,-0.067,0.050,2.186,87.392,-0.003,0.001,0.014,0.014,17,weighted_average,kalman(weighted_average),false
1788864508.390,31.559,-0.104,0.092,2.168,87.967,-0.089,0.081,2.172,87.650,0.016,-0.010,0.004,0.019,17,weighted_average,kalman(weighted_average),false
1788864508.589,31.758,-0.105,0.122,2.168,87.885,-0.106,0.124,2.166,87.859,-0.000,0.001,-0.001,0.002,17,weighted_average,kalman(weighted_average),false
1788864508.667,31.837,-0.110,0.114,2.205,87.846,-0.110,0.119,2.197,87.878,-0.000,0.005,-0.008,0.009,17,weighted_average,kalman(weighted_average),false
1788864508.729,31.899,-0.098,0.123,2.194,87.583,-0.103,0.122,2.200,87.706,-0.005,-0.001,0.006,0.008,17,weighted_average,kalman(weighted_average),false
1788864508.912,32.082,-0.110,0.140,2.173,87.763,-0.109,0.139,2.177,87.741,0.001,-0.001,0.003,0.003,17,weighted_average,kalman(weighted_average),false
1788864509.012,32.181,-0.113,0.147,2.153,87.846,-0.113,0.147,2.153,87.831,-0.000,0.000,0.000,0.001,17,weighted_average,kalman(weighted_average),false
1788864509.092,32.261,-0.114,0.136,2.181,87.872,-0.115,0.140,2.171,87.877,-0.001,0.004,-0.011,0.011,17,weighted_average,kalman(weighted_average),false
1788864509.233,32.402,-0.116,0.116,2.197,88.010,-0.117,0.118,2.196,88.002,-0.000,0.002,-0.002,0.003,17,weighted_average,kalman(weighted_average),false
1788864509.282,32.452,-0.121,0.112,2.181,88.133,-0.120,0.111,2.189,88.100,0.001,-0.001,0.007,0.008,17,weighted_average,kalman(weighted_average),false
1788864509.336,32.505,-0.125,0.112,2.128,88.312,-0.124,0.108,2.150,88.251,0.001,-0.003,0.022,0.022,17,weighted_average,kalman(weighted_average),false
1788864509.397,32.567,-0.103,0.090,2.122,87.991,-0.111,0.094,2.125,88.145,-0.008,0.004,0.003,0.009,17,weighted_average,kalman(weighted_average),false
1788864509.571,32.741,-0.061,0.013,2.174,87.431,-0.064,0.017,2.166,87.533,-0.003,0.004,-0.008,0.010,17,weighted_average,kalman(weighted_average),false
1788864509.624,32.793,-0.077,0.014,2.170,87.833,-0.068,0.007,2.176,87.652,0.009,-0.008,0.005,0.013,17,weighted_average,kalman(weighted_average),false
1788864509.674,32.843,-0.079,0.015,2.141,88.023,-0.072,0.006,2.159,87.830,0.007,-0.010,0.018,0.022,17,weighted_average,kalman(weighted_average),false
1788864509.725,32.895,-0.059,-0.018,2.146,87.726,-0.063,-0.013,2.152,87.778,-0.004,0.005,0.005,0.008,17,weighted_average,kalman(weighted_average),false
1788864509.867,33.036,-0.051,-0.043,2.112,88.040,-0.050,-0.044,2.116,87.981,0.000,-0.001,0.004,0.004,17,weighted_average,kalman(weighted_average),false
1788864509.922,33.091,-0.028,-0.074,2.125,87.738,-0.033,-0.068,2.117,87.854,-0.005,0.005,-0.007,0.011,17,weighted_average,kalman(weighted_average),false
1788864509.991,33.161,-0.026,-0.093,2.151,87.857,-0.024,-0.092,2.139,87.854,0.002,0.001,-0.012,0.013,17,weighted_average,kalman(weighted_average),false
1788864510.085,33.254,-0.014,-0.112,2.160,87.779,-0.013,-0.114,2.158,87.800,0.001,-0.002,-0.002,0.003,17,weighted_average,kalman(weighted_average),false
1788864510.281,33.451,-0.010,-0.145,2.165,88.153,-0.009,-0.146,2.166,88.114,0.001,-0.001,0.001,0.002,17,weighted_average,kalman(weighted_average),false
1788864510.344,33.513,-0.004,-0.158,2.143,88.154,-0.005,-0.157,2.149,88.181,-0.002,0.001,0.006,0.006,17,weighted_average,kalman(weighted_average),false
1788864510.394,33.564,0.006,-0.179,2.163,88.095,0.003,-0.174,2.155,88.163,-0.004,0.005,-0.008,0.010,17,weighted_average,kalman(weighted_average),false
1788864510.449,33.618,0.017,-0.201,2.150,87.959,0.014,-0.196,2.151,88.067,-0.004,0.005,0.001,0.006,17,weighted_average,kalman(weighted_average),false
1788864510.590,33.760,0.044,-0.265,2.177,87.696,0.042,-0.262,2.173,87.763,-0.001,0.003,-0.004,0.005,17,weighted_average,kalman(weighted_average),false
1788864510.642,33.811,0.034,-0.267,2.173,88.001,0.040,-0.274,2.176,87.873,0.006,-0.006,0.003,0.009,17,weighted_average,kalman(weighted_average),false
1788864510.695,33.864,0.034,-0.298,2.203,87.992,0.038,-0.296,2.196,87.930,0.004,0.002,-0.007,0.008,17,weighted_average,kalman(weighted_average),false
1788864510.748,33.917,0.045,-0.317,2.184,87.817,0.043,-0.317,2.193,87.870,-0.002,-0.000,0.009,0.009,17,weighted_average,kalman(weighted_average),false
1788864510.902,34.071,0.059,-0.372,2.164,87.576,0.058,-0.372,2.169,87.617,-0.001,-0.001,0.005,0.005,17,weighted_average,kalman(weighted_average),false
1788864510.961,34.131,0.056,-0.381,2.156,87.684,0.058,-0.384,2.156,87.627,0.003,-0.004,-0.000,0.004,17,weighted_average,kalman(weighted_average),false
1788864511.004,34.174,0.059,-0.394,2.148,87.592,0.059,-0.395,2.147,87.590,0.001,-0.001,-0.000,0.001,17,weighted_average,kalman(weighted_average),false
1788864511.063,34.233,0.059,-0.394,2.148,87.592,0.060,-0.400,2.143,87.568,0.001,-0.006,-0.005,0.008,17,weighted_average,kalman(weighted_average),false
1788864511.269,34.438,0.040,-0.420,2.168,88.012,0.041,-0.420,2.165,87.954,0.001,-0.001,-0.003,0.003,17,weighted_average,kalman(weighted_average),false
1788864511.392,34.562,0.053,-0.443,2.154,87.748,0.049,-0.442,2.158,87.839,-0.003,0.002,0.005,0.006,17,weighted_average,kalman(weighted_average),false
1788864511.592,34.762,0.051,-0.487,2.146,87.761,0.051,-0.486,2.146,87.764,0.000,0.001,0.000,0.001,17,weighted_average,kalman(weighted_average),false
1788864511.698,34.867,0.047,-0.521,2.158,87.782,0.047,-0.519,2.156,87.770,0.001,0.001,-0.003,0.003,17,weighted_average,kalman(weighted_average),false
1788864511.872,35.041,0.054,-0.574,2.153,87.558,0.053,-0.574,2.154,87.579,-0.001,0.000,0.001,0.001,17,weighted_average,kalman(weighted_average),false
1788864511.926,35.095,0.050,-0.576,2.126,87.694,0.051,-0.580,2.134,87.633,0.002,-0.004,0.008,0.009,17,weighted_average,kalman(weighted_average),false
1788864511.996,35.166,0.053,-0.606,2.147,87.558,0.052,-0.603,2.139,87.576,-0.000,0.003,-0.007,0.008,17,weighted_average,kalman(weighted_average),false
1788864512.101,35.270,0.054,-0.623,2.136,87.511,0.054,-0.624,2.136,87.513,0.000,-0.002,0.000,0.002,17,weighted_average,kalman(weighted_average),false
1788864512.322,35.492,0.053,-0.675,2.130,87.417,0.053,-0.674,2.130,87.415,0.000,0.000,-0.000,0.000,17,weighted_average,kalman(weighted_average),false
1788864512.413,35.582,-0.067,-0.317,2.444,89.764,0.053,-0.674,2.130,89.198,0.120,-0.357,-0.314,0.490,15,weighted_average,kalman(weighted_average),true
1788864512.517,35.687,0.028,-0.684,2.053,88.656,0.029,-0.684,2.057,89.069,0.001,0.001,0.004,0.004,18,weighted_average,kalman(weighted_average),false
1788864512.713,35.883,0.019,-0.750,2.075,88.672,0.019,-0.748,2.070,88.754,-0.001,0.003,-0.004,0.005,18,weighted_average,kalman(weighted_average),false
1788864512.791,35.961,0.034,-0.744,2.075,88.508,0.031,-0.752,2.078,88.523,-0.004,-0.008,0.003,0.009,18,weighted_average,kalman(weighted_average),false
1788864512.868,36.037,0.020,-0.767,2.067,88.674,0.024,-0.766,2.073,88.562,0.004,0.000,0.005,0.007,18,weighted_average,kalman(weighted_average),false
1788864513.031,36.200,0.026,-0.812,2.059,88.533,0.026,-0.811,2.060,88.515,-0.000,0.001,0.001,0.002,18,weighted_average,kalman(weighted_average),false
1788864513.085,36.255,0.024,-0.841,2.065,88.526,0.025,-0.837,2.062,88.518,0.001,0.004,-0.003,0.005,18,weighted_average,kalman(weighted_average),false
1788864513.145,36.315,0.021,-0.861,2.062,88.557,0.022,-0.861,2.061,88.539,0.001,0.000,-0.001,0.002,18,weighted_average,kalman(weighted_average),false
1788864513.222,36.391,0.021,-0.876,2.071,88.557,0.021,-0.880,2.068,88.553,-0.000,-0.004,-0.003,0.005,18,weighted_average,kalman(weighted_average),false
1788864513.431,36.600,0.028,-0.912,2.071,88.451,0.027,-0.913,2.071,88.462,-0.001,-0.001,0.000,0.002,18,weighted_average,kalman(weighted_average),false
1788864513.540,36.710,0.022,-0.930,2.075,88.525,0.024,-0.929,2.074,88.500,0.002,0.001,-0.000,0.002,18,weighted_average,kalman(weighted_average),false
1788864513.748,36.917,0.022,-0.976,2.065,88.459,0.022,-0.975,2.066,88.463,-0.000,0.001,0.001,0.001,18,weighted_average,kalman(weighted_average),false
1788864513.817,36.987,0.013,-1.007,2.062,88.514,0.015,-1.004,2.062,88.495,0.002,0.003,-0.000,0.004,18,weighted_average,kalman(weighted_average),false
1788864513.883,37.053,0.023,-1.010,2.058,88.388,0.020,-1.015,2.058,88.427,-0.003,-0.005,-0.000,0.006,18,weighted_average,kalman(weighted_average),false
1788864514.051,37.220,0.014,-1.060,2.068,88.434,0.014,-1.059,2.066,88.424,0.001,0.000,-0.001,0.002,18,weighted_average,kalman(weighted_average),false
1788864514.120,37.289,0.013,-1.074,2.069,88.445,0.012,-1.075,2.070,88.439,-0.000,-0.001,0.001,0.001,18,weighted_average,kalman(weighted_average),false
1788864514.194,37.363,0.016,-1.094,2.051,88.391,0.014,-1.094,2.057,88.409,-0.002,0.000,0.006,0.006,18,weighted_average,kalman(weighted_average),false
1788864514.384,37.554,0.006,-1.143,2.067,88.456,0.006,-1.143,2.066,88.448,0.000,0.000,-0.001,0.002,18,weighted_average,kalman(weighted_average),false
1788864514.449,37.618,0.010,-1.153,2.049,88.367,0.008,-1.154,2.055,88.397,-0.002,-0.002,0.006,0.006,18,weighted_average,kalman(weighted_average),false
1788864514.517,37.687,0.002,-1.174,2.056,88.439,0.004,-1.173,2.055,88.420,0.001,0.001,-0.001,0.002,18,weighted_average,kalman(weighted_average),false
1788864514.692,37.861,-0.002,-1.222,2.050,88.444,-0.002,-1.222,2.050,88.442,-0.000,0.000,0.000,0.000,18,weighted_average,kalman(weighted_average),false
1788864514.751,37.920,0.004,-1.234,2.045,88.357,0.002,-1.236,2.046,88.388,-0.002,-0.001,0.001,0.003,18,weighted_average,kalman(weighted_average),false
1788864514.803,37.972,-0.001,-1.256,2.048,88.422,0.001,-1.254,2.046,88.402,0.001,0.002,-0.001,0.003,18,weighted_average,kalman(weighted_average),false
1788864514.859,38.029,0.001,-1.276,2.049,88.387,0.001,-1.274,2.047,88.392,-0.000,0.002,-0.001,0.002,18,weighted_average,kalman(weighted_average),false
1788864515.005,38.174,-0.006,-1.324,2.056,88.471,-0.005,-1.324,2.055,88.453,0.001,0.000,-0.001,0.001,18,weighted_average,kalman(weighted_average),false
1788864515.070,38.240,0.005,-1.339,2.051,88.329,0.002,-1.341,2.053,88.378,-0.003,-0.002,0.002,0.005,18,weighted_average,kalman(weighted_average),false
1788864515.152,38.321,-0.004,-1.364,2.053,88.439,-0.002,-1.364,2.053,88.412,0.002,-0.000,0.000,0.002,18,weighted_average,kalman(weighted_average),false
1788864515.351,38.521,-0.004,-1.412,2.049,88.378,-0.004,-1.413,2.049,88.383,-0.000,-0.000,0.000,0.001,18,weighted_average,kalman(weighted_average),false
1788864515.432,38.601,-0.004,-1.429,2.055,88.387,-0.004,-1.429,2.053,88.382,0.000,-0.000,-0.002,0.002,18,weighted_average,kalman(weighted_average),false
1788864515.491,38.661,-0.005,-1.444,2.045,88.372,-0.005,-1.443,2.048,88.374,0.000,0.001,0.003,0.003,18,weighted_average,kalman(weighted_average),false
1788864515.715,38.884,-0.005,-1.493,2.051,88.328,-0.005,-1.493,2.051,88.330,-0.000,0.000,-0.000,0.001,18,weighted_average,kalman(weighted_average),false
1788864515.794,38.963,-0.006,-1.522,2.047,88.325,-0.006,-1.520,2.048,88.321,0.000,0.002,0.001,0.002,18,weighted_average,kalman(weighted_average),false
1788864515.882,39.052,-0.011,-1.541,2.050,88.402,-0.010,-1.543,2.050,88.375,0.001,-0.001,-0.001,0.002,18,weighted_average,kalman(weighted_average),false
1788864516.073,39.242,-0.010,-1.582,2.047,88.361,-0.011,-1.583,2.047,88.368,-0.000,-0.001,0.000,0.001,18,weighted_average,kalman(weighted_average),false
1788864516.125,39.294,-0.013,-1.599,2.044,88.385,-0.012,-1.597,2.045,88.377,0.001,0.002,0.001,0.002,18,weighted_average,kalman(weighted_average),false
1788864516.183,39.352,-0.012,-1.616,2.044,88.320,-0.012,-1.614,2.044,88.342,-0.001,0.002,-0.001,0.002,18,weighted_average,kalman(weighted_average),false
1788864516.250,39.419,-0.017,-1.636,2.047,88.340,-0.016,-1.634,2.045,88.334,0.001,0.001,-0.001,0.002,18,weighted_average,kalman(weighted_average),false
1788864516.401,39.570,-0.026,-1.689,2.042,88.335,-0.025,-1.688,2.042,88.330,0.001,0.001,0.000,0.001,18,weighted_average,kalman(weighted_average),false
1788864516.463,39.632,-0.024,-1.698,2.042,88.279,-0.025,-1.701,2.042,88.295,-0.002,-0.003,-0.000,0.004,18,weighted_average,kalman(weighted_average),false
1788864516.530,39.700,-0.025,-1.714,2.040,88.284,-0.025,-1.716,2.040,88.282,-0.001,-0.002,0.000,0.002,18,weighted_average,kalman(weighted_average),false
1788864516.614,39.783,-0.028,-1.731,2.043,88.346,-0.027,-1.732,2.042,88.319,0.000,-0.001,-0.001,0.002,18,weighted_average,kalman(weighted_average),false
1788864516.815,39.984,-0.028,-1.777,2.043,88.406,-0.029,-1.777,2.043,88.401,-0.000,0.000,0.000,0.000,18,weighted_average,kalman(weighted_average),false
1788864516.902,40.071,-0.027,-1.792,2.039,88.392,-0.027,-1.793,2.040,88.405,-0.000,-0.001,0.001,0.001,18,weighted_average,kalman(weighted_average),false
1788864516.964,40.134,-0.021,-1.809,2.040,88.321,-0.022,-1.807,2.040,88.355,-0.002,0.001,-0.001,0.002,18,weighted_average,kalman(weighted_average),false
1788864517.117,40.286,-0.028,-1.841,2.042,88.435,-0.027,-1.841,2.041,88.417,0.001,0.000,-0.000,0.001,18,weighted_average,kalman(weighted_average),false
1788864517.180,40.349,-0.022,-1.857,2.048,88.348,-0.024,-1.856,2.047,88.378,-0.002,0.001,-0.002,0.002,18,weighted_average,kalman(weighted_average),false
1788864517.238,40.408,-0.034,-1.874,2.046,88.515,-0.031,-1.873,2.047,88.461,0.003,0.001,0.001,0.004,18,weighted_average,kalman(weighted_average),false
1788864517.297,40.467,-0.028,-1.880,2.049,88.436,-0.030,-1.883,2.049,88.460,-0.002,-0.003,-0.000,0.004,18,weighted_average,kalman(weighted_average),false
1788864517.465,40.635,-0.032,-1.911,2.048,88.503,-0.032,-1.912,2.049,88.504,-0.000,-0.001,0.000,0.001,18,weighted_average,kalman(weighted_average),false
1788864517.526,40.695,-0.027,-1.921,2.052,88.423,-0.029,-1.921,2.051,88.455,-0.002,-0.000,-0.001,0.002,18,weighted_average,kalman(weighted_average),false
1788864517.591,40.760,-0.027,-1.932,2.056,88.441,-0.027,-1.932,2.055,88.441,0.000,0.000,-0.001,0.001,18,weighted_average,kalman(weighted_average),false
1788864517.660,40.829,-0.049,-1.843,2.094,89.447,-0.042,-1.872,2.083,89.069,0.007,-0.029,-0.011,0.032,3|18,weighted_average,kalman(weighted_average),false
1788864517.848,41.018,0.009,-1.712,2.241,87.700,0.005,-1.717,2.235,87.937,-0.004,-0.004,-0.006,0.009,15,weighted_average,kalman(weighted_average),false
1788864517.917,41.086,-0.069,-1.846,2.102,89.567,-0.044,-1.798,2.151,88.914,0.024,0.048,0.049,0.073,3|15|18,weighted_average,kalman(weighted_average),false
1788864517.974,41.144,-0.032,-1.732,2.168,88.352,-0.041,-1.758,2.157,88.623,-0.009,-0.026,-0.011,0.030,15,weighted_average,kalman(weighted_average),false
1788864518.142,41.311,-0.053,-1.779,2.158,88.688,-0.053,-1.775,2.156,88.666,-0.000,0.004,-0.001,0.005,15,weighted_average,kalman(weighted_average),false
1788864518.219,41.389,-0.045,-1.804,2.178,88.563,-0.048,-1.801,2.173,88.599,-0.003,0.003,-0.004,0.006,15,weighted_average,kalman(weighted_average),false
1788864518.298,41.468,-0.035,-1.806,2.140,88.382,-0.038,-1.810,2.151,88.442,-0.003,-0.004,0.011,0.012,15,weighted_average,kalman(weighted_average),false
1788864518.479,41.648,-0.010,-1.865,2.198,88.039,-0.010,-1.864,2.193,88.059,-0.001,0.001,-0.004,0.005,15,weighted_average,kalman(weighted_average),false
1788864518.530,41.699,-0.037,-1.878,2.170,89.551,-0.026,-1.879,2.183,88.982,0.011,-0.001,0.013,0.017,3|15,weighted_average,kalman(weighted_average),false
1788864518.591,41.760,-0.028,-1.895,2.169,88.363,-0.028,-1.896,2.175,88.721,-0.000,-0.001,0.006,0.007,15,weighted_average,kalman(weighted_average),false
1788864518.687,41.857,-0.021,-1.901,2.132,88.232,-0.024,-1.906,2.141,88.400,-0.002,-0.005,0.008,0.010,15,weighted_average,kalman(weighted_average),false
1788864518.926,42.095,-0.048,-1.968,2.155,88.692,-0.046,-1.966,2.151,88.633,0.001,0.002,-0.003,0.004,15,weighted_average,kalman(weighted_average),false
1788864519.010,42.179,-0.071,-1.961,2.114,90.122,-0.069,-1.968,2.125,89.786,0.002,-0.007,0.010,0.013,3|15,weighted_average,kalman(weighted_average),false
1788864519.089,42.258,-0.045,-2.001,2.166,88.590,-0.055,-1.996,2.153,89.157,-0.010,0.005,-0.013,0.017,15,weighted_average,kalman(weighted_average),false
1788864519.307,42.476,-0.043,-2.038,2.133,88.548,-0.043,-2.039,2.135,88.595,-0.000,-0.001,0.003,0.003,15,weighted_average,kalman(weighted_average),false
1788864519.379,42.549,-0.059,-2.055,2.125,88.863,-0.054,-2.055,2.124,88.718,0.005,0.001,-0.001,0.005,15,weighted_average,kalman(weighted_average),false
1788864519.446,42.616,-0.000,-2.059,2.126,88.835,-0.017,-2.062,2.122,88.775,-0.016,-0.003,-0.004,0.017,3|15,weighted_average,kalman(weighted_average),false
1788864519.599,42.769,-0.044,-2.117,2.141,88.638,-0.038,-2.114,2.138,88.659,0.007,0.003,-0.003,0.008,15,weighted_average,kalman(weighted_average),false
1788864519.663,42.833,-0.046,-2.138,2.120,88.680,-0.048,-2.138,2.127,88.657,-0.001,0.000,0.007,0.007,15,weighted_average,kalman(weighted_average),false
1788864519.734,42.903,-0.037,-2.140,2.117,89.616,-0.044,-2.147,2.120,89.273,-0.006,-0.007,0.002,0.009,3|15,weighted_average,kalman(weighted_average),false
1788864519.818,42.988,-0.043,-2.156,2.114,89.743,-0.044,-2.158,2.114,89.704,-0.001,-0.002,-0.000,0.003,3|15,weighted_average,kalman(weighted_average),false
1788864520.015,43.185,-0.055,-2.221,2.122,88.930,-0.055,-2.219,2.121,89.089,0.000,0.002,-0.001,0.002,15,weighted_average,kalman(weighted_average),false
1788864520.084,43.253,-0.043,-2.237,2.129,88.690,-0.047,-2.239,2.129,88.710,-0.004,-0.002,-0.001,0.005,15,weighted_average,kalman(weighted_average),false
1788864520.144,43.313,-0.035,-2.245,2.124,89.707,-0.038,-2.249,2.127,89.221,-0.003,-0.004,0.003,0.006,3|15,weighted_average,kalman(weighted_average),false
1788864520.214,43.383,-0.050,-2.280,2.138,88.894,-0.044,-2.276,2.135,89.032,0.005,0.004,-0.002,0.007,15,weighted_average,kalman(weighted_average),false
1788864520.404,43.573,-0.045,-2.321,2.129,88.846,-0.045,-2.322,2.130,88.846,-0.000,-0.001,0.001,0.002,15,weighted_average,kalman(weighted_average),false
1788864520.450,43.620,-0.032,-2.326,2.102,88.570,-0.036,-2.328,2.110,88.654,-0.004,-0.002,0.008,0.009,15,weighted_average,kalman(weighted_average),false
1788864520.500,43.669,-0.009,-2.343,2.138,88.095,-0.017,-2.341,2.124,88.290,-0.008,0.002,-0.014,0.016,15,weighted_average,kalman(weighted_average),false
1788864520.548,43.718,-0.011,-2.367,2.112,89.393,-0.009,-2.361,2.117,88.801,0.001,0.007,0.005,0.008,3|15,weighted_average,kalman(weighted_average),false
1788864520.687,43.857,-0.032,-2.427,2.135,88.642,-0.026,-2.424,2.132,88.707,0.006,0.003,-0.003,0.008,15,weighted_average,kalman(weighted_average),false
1788864520.736,43.905,-0.019,-2.439,2.130,88.357,-0.024,-2.442,2.133,88.480,-0.005,-0.003,0.003,0.006,15,weighted_average,kalman(weighted_average),false
1788864520.787,43.956,-0.032,-2.472,2.126,88.663,-0.030,-2.469,2.130,88.539,0.002,0.003,0.004,0.005,15,weighted_average,kalman(weighted_average),false
1788864520.837,44.006,-0.022,-2.479,2.104,89.699,-0.027,-2.484,2.115,89.147,-0.005,-0.005,0.010,0.013,3|15,weighted_average,kalman(weighted_average),false
1788864520.888,44.057,-0.028,-2.499,2.115,88.525,-0.028,-2.501,2.112,88.909,-0.001,-0.002,-0.003,0.004,15,weighted_average,kalman(weighted_average),false
1788864521.023,44.193,-0.038,-2.549,2.120,88.761,-0.037,-2.549,2.118,88.817,0.001,-0.000,-0.003,0.003,15,weighted_average,kalman(weighted_average),false
1788864521.073,44.242,-0.026,-2.555,2.113,88.443,-0.031,-2.559,2.116,88.575,-0.005,-0.004,0.002,0.006,15,weighted_average,kalman(weighted_average),false
1788864521.120,44.290,-0.044,-2.588,2.126,88.884,-0.039,-2.582,2.123,88.701,0.005,0.006,-0.004,0.009,15,weighted_average,kalman(weighted_average),false
1788864521.172,44.341,-0.003,-2.601,2.103,89.222,-0.018,-2.601,2.112,88.971,-0.015,-0.000,0.009,0.018,3|15,weighted_average,kalman(weighted_average),false
1788864521.222,44.392,-0.037,-2.621,2.118,88.634,-0.026,-2.620,2.115,88.833,0.011,0.001,-0.004,0.011,15,weighted_average,kalman(weighted_average),false
1788864521.355,44.524,-0.042,-2.665,2.113,88.682,-0.039,-2.666,2.113,88.719,0.002,-0.001,0.000,0.003,15,weighted_average,kalman(weighted_average),false
1788864521.403,44.573,-0.040,-2.678,2.109,88.592,-0.041,-2.679,2.110,88.627,-0.002,-0.001,0.001,0.002,15,weighted_average,kalman(weighted_average),false
1788864521.453,44.622,-0.044,-2.709,2.128,88.635,-0.044,-2.704,2.120,88.605,-0.001,0.005,-0.007,0.009,15,weighted_average,kalman(weighted_average),false
1788864521.503,44.672,-0.051,-2.729,2.122,88.802,-0.050,-2.727,2.123,88.690,0.001,0.002,0.001,0.003,15,weighted_average,kalman(weighted_average),false
1788864521.554,44.723,-0.049,-2.746,2.128,88.720,-0.051,-2.747,2.127,88.706,-0.002,-0.001,-0.001,0.002,15,weighted_average,kalman(weighted_average),false
1788864521.675,44.844,-0.055,-2.770,2.114,88.831,-0.055,-2.775,2.117,88.803,-0.001,-0.005,0.004,0.006,15,weighted_average,kalman(weighted_average),false
1788864521.726,44.895,-0.042,-2.783,2.127,88.483,-0.047,-2.784,2.123,88.622,-0.005,-0.001,-0.005,0.007,15,weighted_average,kalman(weighted_average),false
1788864521.778,44.948,-0.049,-2.797,2.131,88.683,-0.047,-2.797,2.128,88.637,0.002,0.001,-0.003,0.004,15,weighted_average,kalman(weighted_average),false
1788864521.826,44.995,-0.052,-2.821,2.122,88.744,-0.050,-2.815,2.125,88.684,0.002,0.006,0.003,0.007,15,weighted_average,kalman(weighted_average),false
1788864521.881,45.050,-0.048,-2.833,2.118,88.611,-0.048,-2.832,2.121,88.646,-0.001,0.001,0.003,0.003,15,weighted_average,kalman(weighted_average),false
1788864522.007,45.176,-0.057,-2.873,2.125,88.837,-0.055,-2.872,2.123,88.784,0.001,0.000,-0.001,0.002,15,weighted_average,kalman(weighted_average),false
1788864522.057,45.226,-0.054,-2.878,2.126,88.753,-0.056,-2.882,2.125,88.783,-0.001,-0.003,-0.000,0.003,15,weighted_average,kalman(weighted_average),false
1788864522.114,45.283,-0.062,-2.889,2.120,88.956,-0.060,-2.892,2.122,88.898,0.001,-0.002,0.002,0.004,15,weighted_average,kalman(weighted_average),false
1788864522.159,45.328,-0.056,-2.892,2.119,88.782,-0.059,-2.896,2.120,88.862,-0.003,-0.004,0.001,0.005,15,weighted_average,kalman(weighted_average),false
1788864522.216,45.385,-0.058,-2.904,2.121,88.851,-0.059,-2.904,2.120,88.870,-0.001,-0.001,-0.001,0.002,15,weighted_average,kalman(weighted_average),false
1788864522.344,45.514,-0.058,-2.941,2.115,88.812,-0.058,-2.938,2.116,88.837,-0.000,0.002,0.001,0.002,15,weighted_average,kalman(weighted_average),false
1788864522.396,45.566,-0.064,-2.965,2.121,89.018,-0.062,-2.961,2.119,88.945,0.002,0.004,-0.002,0.005,15,weighted_average,kalman(weighted_average),false
1788864522.444,45.614,-0.061,-2.981,2.129,88.952,-0.062,-2.980,2.126,88.963,-0.001,0.001,-0.004,0.004,15,weighted_average,kalman(weighted_average),false
1788864522.495,45.664,-0.057,-2.986,2.122,88.838,-0.060,-2.991,2.125,88.909,-0.002,-0.005,0.003,0.006,15,weighted_average,kalman(weighted_average),false
1788864522.548,45.717,-0.005,-2.996,2.107,88.999,-0.026,-3.000,2.114,88.956,-0.021,-0.004,0.008,0.023,3|15,weighted_average,kalman(weighted_average),false
1788864522.674,45.843,-0.008,-3.021,2.117,89.099,-0.005,-3.023,2.115,89.074,0.003,-0.002,-0.002,0.004,3|15,weighted_average,kalman(weighted_average),false
1788864522.724,45.894,-0.006,-3.037,2.121,89.009,-0.003,-3.035,2.120,89.051,0.003,0.002,-0.002,0.003,3|15,weighted_average,kalman(weighted_average),false
1788864522.773,45.943,-0.063,-3.057,2.118,88.975,-0.039,-3.053,2.120,89.017,0.024,0.004,0.001,0.025,15,weighted_average,kalman(weighted_average),false
1788864522.827,45.996,-0.057,-3.064,2.131,88.793,-0.056,-3.065,2.128,88.895,0.002,-0.001,-0.004,0.005,15,weighted_average,kalman(weighted_average),false
1788864522.879,46.049,-0.001,-3.075,2.111,88.846,-0.028,-3.077,2.119,88.847,-0.027,-0.001,0.008,0.028,3|15,weighted_average,kalman(weighted_average),false
1788864523.001,46.170,-0.059,-3.099,2.121,88.817,-0.052,-3.100,2.120,88.798,0.007,-0.001,-0.001,0.007,15,weighted_average,kalman(weighted_average),false
1788864523.052,46.221,-0.060,-3.120,2.132,88.874,-0.061,-3.117,2.129,88.835,-0.001,0.003,-0.004,0.005,15,weighted_average,kalman(weighted_average),false
1788864523.099,46.268,-0.060,-3.127,2.133,88.869,-0.064,-3.127,2.133,88.852,-0.004,-0.001,-0.000,0.004,15,weighted_average,kalman(weighted_average),false
1788864523.159,46.329,-0.061,-3.134,2.136,88.893,-0.065,-3.137,2.136,88.878,-0.004,-0.003,0.001,0.005,15,weighted_average,kalman(weighted_average),false
1788864523.291,46.460,-0.060,-3.146,2.129,88.865,-0.062,-3.149,2.132,88.875,-0.002,-0.002,0.002,0.004,15,weighted_average,kalman(weighted_average),false
1788864523.342,46.512,-0.060,-3.159,2.133,88.824,-0.061,-3.157,2.132,88.843,-0.000,0.002,-0.001,0.002,15,weighted_average,kalman(weighted_average),false
1788864523.396,46.566,-0.063,-3.176,2.139,88.906,-0.062,-3.171,2.136,88.875,0.001,0.005,-0.003,0.006,15,weighted_average,kalman(weighted_average),false
1788864523.447,46.616,-0.061,-3.184,2.135,88.821,-0.061,-3.183,2.136,88.847,0.000,0.001,0.001,0.002,15,weighted_average,kalman(weighted_average),false
1788864523.585,46.754,-0.065,-3.224,2.146,88.916,-0.064,-3.222,2.145,88.898,0.001,0.002,-0.001,0.002,15,weighted_average,kalman(weighted_average),false
1788864523.636,46.805,-0.065,-3.228,2.146,88.921,-0.065,-3.231,2.147,88.919,-0.000,-0.003,0.001,0.003,15,weighted_average,kalman(weighted_average),false
1788864523.685,46.854,-0.064,-3.235,2.145,88.877,-0.065,-3.238,2.147,88.903,-0.001,-0.003,0.002,0.003,15,weighted_average,kalman(weighted_average),false
1788864523.732,46.901,-0.059,-3.241,2.153,88.694,-0.062,-3.244,2.151,88.795,-0.003,-0.002,-0.002,0.004,15,weighted_average,kalman(weighted_average),false
1788864523.787,46.957,-0.073,-3.251,2.148,89.127,-0.068,-3.251,2.150,88.956,0.005,-0.001,0.002,0.006,15,weighted_average,kalman(weighted_average),false
1788864523.922,47.092,-0.076,-3.266,2.153,89.251,-0.076,-3.267,2.153,89.207,0.000,-0.001,0.000,0.001,15,weighted_average,kalman(weighted_average),false
1788864523.967,47.137,-0.003,-3.254,2.135,88.732,-0.029,-3.260,2.141,88.954,-0.026,-0.006,0.006,0.027,3|15,weighted_average,kalman(weighted_average),false
1788864524.023,47.192,-0.075,-3.282,2.160,88.560,-0.051,-3.274,2.151,88.711,0.024,0.008,-0.008,0.026,15,weighted_average,kalman(weighted_average),false
1788864524.066,47.235,-0.064,-3.272,2.147,87.495,-0.059,-3.275,2.150,88.035,0.005,-0.003,0.002,0.007,15,weighted_average,kalman(weighted_average),false
1788864524.122,47.292,-0.069,-3.287,2.160,87.399,-0.067,-3.284,2.156,87.527,0.002,0.002,-0.003,0.005,15,weighted_average,kalman(weighted_average),false
1788864524.266,47.435,0.002,-3.286,2.137,85.819,-0.008,-3.288,2.141,85.949,-0.010,-0.002,0.003,0.011,3|15,weighted_average,kalman(weighted_average),false
1788864524.309,47.479,0.059,-3.282,2.123,85.364,0.044,-3.284,2.127,85.406,-0.015,-0.002,0.004,0.016,3,weighted_average,kalman(weighted_average),false
1788864524.362,47.531,0.076,-3.290,2.120,84.602,0.079,-3.287,2.118,84.687,0.003,0.002,-0.001,0.004,3,weighted_average,kalman(weighted_average),false
1788864524.410,47.579,0.067,-3.294,2.124,84.368,0.085,-3.291,2.118,84.243,0.018,0.002,-0.006,0.019,3,weighted_average,kalman(weighted_average),false
1788864524.459,47.629,0.089,-3.309,2.131,83.428,0.097,-3.302,2.124,83.551,0.008,0.006,-0.008,0.013,3,weighted_average,kalman(weighted_average),false
1788864524.593,47.762,0.108,-3.320,2.117,82.017,0.114,-3.320,2.117,81.996,0.005,0.000,0.001,0.006,3,weighted_average,kalman(weighted_average),false
1788864524.642,47.811,0.122,-3.340,2.130,81.186,0.120,-3.335,2.125,81.277,-0.001,0.004,-0.005,0.007,3,weighted_average,kalman(weighted_average),false
1788864524.697,47.866,0.126,-3.344,2.129,80.861,0.126,-3.345,2.128,80.743,0.000,-0.001,-0.000,0.001,3,weighted_average,kalman(weighted_average),false
1788864524.748,47.917,0.135,-3.351,2.127,80.241,0.134,-3.352,2.129,80.201,-0.001,-0.002,0.001,0.002,3,weighted_average,kalman(weighted_average),false
1788864524.797,47.966,0.144,-3.361,2.132,79.712,0.142,-3.361,2.131,79.681,-0.002,0.000,-0.001,0.002,3,weighted_average,kalman(weighted_average),false
1788864524.930,48.099,0.163,-3.383,2.137,78.357,0.163,-3.383,2.137,78.326,-0.000,-0.000,-0.000,0.000,3,weighted_average,kalman(weighted_average),false
1788864524.978,48.147,0.185,-3.399,2.136,77.289,0.180,-3.396,2.137,77.504,-0.005,0.003,0.001,0.005,3,weighted_average,kalman(weighted_average),false
1788864525.028,48.198,0.188,-3.402,2.134,77.030,0.190,-3.404,2.135,76.956,0.002,-0.002,0.002,0.003,3,weighted_average,kalman(weighted_average),false
1788864525.077,48.246,0.202,-3.417,2.137,76.243,0.202,-3.416,2.136,76.305,-0.001,0.002,-0.001,0.002,3,weighted_average,kalman(weighted_average),false
1788864525.129,48.298,0.203,-3.422,2.142,76.081,0.207,-3.424,2.140,75.879,0.004,-0.002,-0.002,0.005,3,weighted_average,kalman(weighted_average),false
1788864525.262,48.432,0.243,-3.459,2.141,74.048,0.241,-3.457,2.142,74.134,-0.002,0.001,0.001,0.002,3,weighted_average,kalman(weighted_average),false
1788864525.308,48.478,0.246,-3.465,2.145,73.687,0.248,-3.466,2.144,73.627,0.003,-0.001,-0.001,0.003,3,weighted_average,kalman(weighted_average),false
1788864525.360,48.529,0.258,-3.477,2.146,73.074,0.259,-3.478,2.146,73.041,0.001,-0.000,-0.000,0.001,3,weighted_average,kalman(weighted_average),false
1788864525.409,48.579,0.267,-3.487,2.144,72.441,0.268,-3.488,2.145,72.443,0.001,-0.001,0.001,0.002,3,weighted_average,kalman(weighted_average),false
1788864525.462,48.631,0.282,-3.501,2.142,71.734,0.281,-3.500,2.143,71.772,-0.001,0.001,0.002,0.002,3,weighted_average,kalman(weighted_average),false
1788864525.593,48.762,0.303,-3.530,2.143,70.284,0.304,-3.530,2.143,70.255,0.001,-0.000,-0.000,0.001,3,weighted_average,kalman(weighted_average),false
1788864525.643,48.813,0.311,-3.544,2.145,69.655,0.311,-3.543,2.144,69.661,0.001,0.001,-0.001,0.001,3,weighted_average,kalman(weighted_average),false
1788864525.694,48.864,0.317,-3.549,2.139,69.264,0.318,-3.552,2.141,69.179,0.001,-0.002,0.002,0.003,3,weighted_average,kalman(weighted_average),false
1788864525.747,48.917,0.327,-3.567,2.146,68.522,0.327,-3.565,2.144,68.558,-0.001,0.002,-0.002,0.003,3,weighted_average,kalman(weighted_average),false
1788864525.792,48.961,0.336,-3.574,2.141,68.047,0.335,-3.575,2.142,68.053,-0.001,-0.001,0.001,0.002,3,weighted_average,kalman(weighted_average),false
1788864525.917,49.087,0.354,-3.599,2.135,66.653,0.355,-3.599,2.136,66.650,0.000,-0.001,0.001,0.001,3,weighted_average,kalman(weighted_average),false
1788864525.966,49.136,0.359,-3.611,2.138,66.248,0.360,-3.610,2.136,66.191,0.001,0.001,-0.001,0.002,3,weighted_average,kalman(weighted_average),false
1788864526.020,49.189,0.369,-3.624,2.137,65.518,0.368,-3.623,2.136,65.563,-0.001,0.001,-0.001,0.001,3,weighted_average,kalman(weighted_average),false
1788864526.069,49.238,0.380,-3.642,2.138,64.697,0.378,-3.639,2.137,64.852,-0.002,0.003,-0.001,0.004,3,weighted_average,kalman(weighted_average),false
1788864526.122,49.291,0.384,-3.650,2.140,64.345,0.385,-3.651,2.139,64.277,0.001,-0.001,-0.001,0.002,3,weighted_average,kalman(weighted_average),false
1788864526.257,49.426,0.403,-3.680,2.140,62.864,0.403,-3.681,2.140,62.827,0.000,-0.001,0.000,0.001,3,weighted_average,kalman(weighted_average),false
1788864526.309,49.478,0.416,-3.694,2.135,62.018,0.414,-3.693,2.137,62.112,-0.002,0.001,0.002,0.003,3,weighted_average,kalman(weighted_average),false
1788864526.357,49.527,0.421,-3.703,2.136,61.600,0.421,-3.703,2.136,61.571,0.001,-0.000,-0.000,0.001,3,weighted_average,kalman(weighted_average),false
1788864526.409,49.579,0.428,-3.714,2.138,60.949,0.429,-3.715,2.136,60.956,0.000,-0.000,-0.001,0.001,3,weighted_average,kalman(weighted_average),false
1788864526.458,49.627,0.431,-3.720,2.139,60.634,0.433,-3.722,2.138,60.516,0.002,-0.002,-0.001,0.003,3,weighted_average,kalman(weighted_average),false
1788864526.578,49.748,0.441,-3.735,2.142,59.882,0.442,-3.737,2.141,59.707,0.001,-0.002,-0.001,0.002,3,weighted_average,kalman(weighted_average),false
1788864526.629,49.798,0.452,-3.745,2.137,59.094,0.450,-3.744,2.139,59.190,-0.002,0.001,0.002,0.003,3,weighted_average,kalman(weighted_average),false
1788864526.689,49.859,0.462,-3.758,2.136,58.333,0.461,-3.756,2.137,58.473,-0.002,0.002,0.001,0.003,3,weighted_average,kalman(weighted_average),false
1788864526.735,49.905,0.472,-3.772,2.139,57.544,0.470,-3.769,2.138,57.765,-0.002,0.003,-0.001,0.004,3,weighted_average,kalman(weighted_average),false
1788864526.866,50.036,0.481,-3.777,2.135,56.883,0.483,-3.780,2.136,56.736,0.002,-0.003,0.000,0.003,3,weighted_average,kalman(weighted_average),false
1788864526.912,50.082,0.492,-3.789,2.137,56.101,0.491,-3.787,2.136,56.204,-0.002,0.002,-0.001,0.003,3,weighted_average,kalman(weighted_average),false
1788864526.963,50.132,0.504,-3.797,2.135,55.344,0.501,-3.795,2.135,55.515,-0.003,0.002,0.000,0.003,3,weighted_average,kalman(weighted_average),false
1788864527.014,50.183,0.514,-3.806,2.134,54.576,0.512,-3.805,2.134,54.755,-0.002,0.002,0.000,0.002,3,weighted_average,kalman(weighted_average),false
1788864527.063,50.232,0.524,-3.815,2.139,53.877,0.523,-3.814,2.137,54.004,-0.001,0.001,-0.002,0.003,3,weighted_average,kalman(weighted_average),false
1788864527.195,50.364,0.548,-3.828,2.133,52.328,0.549,-3.829,2.134,52.309,0.000,-0.001,0.001,0.001,3,weighted_average,kalman(weighted_average),false
1788864527.244,50.413,0.558,-3.835,2.134,51.645,0.558,-3.834,2.134,51.656,0.000,0.000,-0.001,0.001,3,weighted_average,kalman(weighted_average),false
1788864527.293,50.462,0.566,-3.839,2.130,51.163,0.566,-3.839,2.131,51.099,0.001,-0.000,0.001,0.001,3,weighted_average,kalman(weighted_average),false
1788864527.343,50.512,0.579,-3.850,2.131,50.269,0.577,-3.848,2.130,50.363,-0.001,0.002,-0.001,0.003,3,weighted_average,kalman(weighted_average),false
1788864527.398,50.567,0.580,-3.844,2.128,50.149,0.583,-3.848,2.128,49.914,0.003,-0.004,0.000,0.005,3,weighted_average,kalman(weighted_average),false
1788864527.541,50.711,0.608,-3.859,2.128,48.183,0.608,-3.859,2.128,48.205,-0.000,0.000,-0.000,0.001,3,weighted_average,kalman(weighted_average),false
1788864527.590,50.759,0.616,-3.863,2.127,47.690,0.616,-3.863,2.127,47.666,0.000,0.000,0.000,0.000,3,weighted_average,kalman(weighted_average),false
1788864527.642,50.811,0.627,-3.868,2.126,46.939,0.626,-3.868,2.127,46.991,-0.001,0.000,0.000,0.001,3,weighted_average,kalman(weighted_average),false
1788864527.690,50.859,0.635,-3.871,2.124,46.475,0.635,-3.871,2.125,46.446,0.000,-0.000,0.001,0.001,3,weighted_average,kalman(weighted_average),false
1788864527.741,50.910,0.646,-3.876,2.126,45.729,0.645,-3.876,2.125,45.778,-0.001,0.000,-0.001,0.001,3,weighted_average,kalman(weighted_average),false
1788864527.869,51.038,0.664,-3.886,2.129,44.491,0.665,-3.886,2.128,44.423,0.001,-0.000,-0.001,0.001,3,weighted_average,kalman(weighted_average),false
1788864527.917,51.087,0.676,-3.886,2.127,43.813,0.675,-3.887,2.128,43.846,-0.001,-0.001,0.001,0.002,3,weighted_average,kalman(weighted_average),false
1788864527.970,51.140,0.690,-3.891,2.127,42.992,0.688,-3.891,2.128,43.106,-0.002,0.000,0.001,0.002,3,weighted_average,kalman(weighted_average),false
1788864528.038,51.207,0.696,-3.896,2.127,42.602,0.698,-3.895,2.127,42.473,0.002,0.000,0.000,0.002,3,weighted_average,kalman(weighted_average),false
1788864528.173,51.343,0.721,-3.901,2.131,41.136,0.721,-3.901,2.130,41.107,-0.000,-0.000,-0.000,0.001,3,weighted_average,kalman(weighted_average),false
1788864528.216,51.386,0.735,-3.902,2.127,40.397,0.733,-3.902,2.129,40.509,-0.002,-0.000,0.001,0.003,3,weighted_average,kalman(weighted_average),false
1788864528.270,51.439,0.735,-3.902,2.127,40.397,0.738,-3.903,2.128,40.184,0.003,-0.001,0.001,0.003,3,weighted_average,kalman(weighted_average),false
1788864528.321,51.490,0.748,-3.907,2.129,39.599,0.747,-3.906,2.129,39.652,-0.001,0.001,-0.001,0.001,3,weighted_average,kalman(weighted_average),false
1788864528.373,51.542,0.761,-3.910,2.127,38.823,0.759,-3.909,2.128,38.976,-0.002,0.001,0.001,0.002,3,weighted_average,kalman(weighted_average),false
1788864528.508,51.678,0.796,-3.923,2.124,36.715,0.794,-3.922,2.124,36.885,-0.001,0.001,0.000,0.002,3,weighted_average,kalman(weighted_average),false
1788864528.556,51.725,0.802,-3.927,2.125,36.295,0.804,-3.927,2.124,36.244,0.002,0.000,-0.001,0.002,3,weighted_average,kalman(weighted_average),false
1788864528.605,51.774,0.816,-3.930,2.122,35.515,0.816,-3.931,2.123,35.520,-0.000,-0.001,0.000,0.001,3,weighted_average,kalman(weighted_average),false
1788864528.660,51.829,0.824,-3.931,2.122,35.139,0.826,-3.933,2.122,34.951,0.002,-0.002,-0.000,0.003,3,weighted_average,kalman(weighted_average),false
1788864528.789,51.958,0.849,-3.941,2.121,33.563,0.849,-3.941,2.120,33.498,0.001,0.000,-0.000,0.001,3,weighted_average,kalman(weighted_average),false
1788864528.842,52.012,0.862,-3.945,2.119,32.821,0.861,-3.945,2.120,32.844,-0.001,0.000,0.000,0.001,3,weighted_average,kalman(weighted_average),false
1788864528.888,52.058,0.868,-3.948,2.120,32.411,0.869,-3.948,2.119,32.365,0.001,-0.000,-0.000,0.001,3,weighted_average,kalman(weighted_average),false
1788864528.940,52.109,0.879,-3.955,2.120,31.645,0.879,-3.954,2.119,31.707,-0.001,0.001,-0.000,0.001,3,weighted_average,kalman(weighted_average),false
1788864528.991,52.161,0.886,-3.959,2.116,31.198,0.887,-3.959,2.117,31.149,0.001,0.000,0.001,0.002,3,weighted_average,kalman(weighted_average),false
1788864529.132,52.302,0.912,-3.966,2.112,29.687,0.912,-3.967,2.112,29.655,0.000,-0.001,0.000,0.001,3,weighted_average,kalman(weighted_average),false
1788864529.183,52.352,0.926,-3.976,2.109,28.737,0.924,-3.974,2.109,28.880,-0.002,0.002,0.000,0.003,3,weighted_average,kalman(weighted_average),false
1788864529.234,52.403,0.932,-3.976,2.107,28.419,0.933,-3.977,2.107,28.348,0.001,-0.001,0.000,0.002,3,weighted_average,kalman(weighted_average),false
1788864529.291,52.460,0.768,-3.958,2.040,29.098,0.831,-3.967,2.063,28.484,0.063,-0.008,0.023,0.068,18,weighted_average,kalman(weighted_average),false
1788864529.334,52.503,0.760,-3.959,2.062,28.859,0.776,-3.961,2.055,28.549,0.015,-0.002,-0.007,0.017,18,weighted_average,kalman(weighted_average),false
1788864529.473,52.642,0.885,-3.994,2.088,26.166,0.852,-3.988,2.078,26.572,-0.033,0.006,-0.010,0.035,3|18,weighted_average,kalman(weighted_average),false
1788864529.520,52.690,0.795,-3.994,2.053,25.894,0.826,-3.996,2.065,25.897,0.031,-0.002,0.012,0.033,18,weighted_average,kalman(weighted_average),false
1788864529.571,52.740,0.809,-4.017,2.049,24.638,0.819,-4.013,2.056,24.879,0.011,0.004,0.006,0.013,18,weighted_average,kalman(weighted_average),false
1788864529.623,52.792,0.808,-3.996,2.058,24.947,0.814,-4.008,2.055,24.532,0.006,-0.012,-0.002,0.013,18,weighted_average,kalman(weighted_average),false
1788864529.673,52.842,0.820,-4.022,2.053,23.600,0.817,-4.018,2.053,23.735,-0.003,0.003,0.000,0.005,18,weighted_average,kalman(weighted_average),false
1788864529.823,52.992,0.833,-4.021,2.055,22.702,0.832,-4.024,2.054,22.507,-0.001,-0.002,-0.001,0.003,18,weighted_average,kalman(weighted_average),false
1788864529.920,53.089,0.840,-4.023,2.059,22.064,0.841,-4.023,2.058,21.987,0.000,-0.000,-0.001,0.001,18,weighted_average,kalman(weighted_average),false
1788864530.014,53.184,0.849,-4.013,2.061,21.733,0.849,-4.015,2.061,21.644,0.000,-0.002,0.000,0.002,18,weighted_average,kalman(weighted_average),false
1788864530.154,53.323,0.886,-4.060,2.038,18.881,0.883,-4.054,2.041,19.237,-0.003,0.006,0.003,0.007,18,weighted_average,kalman(weighted_average),false
1788864530.210,53.379,0.889,-4.046,2.046,18.974,0.891,-4.053,2.042,18.749,0.003,-0.008,-0.004,0.009,18,weighted_average,kalman(weighted_average),false
1788864530.263,53.433,1.004,-4.085,2.079,17.049,0.969,-4.077,2.065,17.463,-0.035,0.008,-0.014,0.039,3|18,weighted_average,kalman(weighted_average),false
1788864530.310,53.479,0.904,-4.077,2.061,16.946,0.944,-4.082,2.066,16.812,0.040,-0.005,0.004,0.041,18,weighted_average,kalman(weighted_average),false
1788864530.443,53.612,0.940,-4.096,2.051,14.907,0.946,-4.098,2.055,14.852,0.005,-0.002,0.004,0.007,18,weighted_average,kalman(weighted_average),false
1788864530.488,53.657,0.957,-4.114,2.046,13.836,0.953,-4.110,2.047,13.974,-0.004,0.004,0.001,0.006,18,weighted_average,kalman(weighted_average),false
1788864530.536,53.706,0.962,-4.097,2.055,13.692,0.959,-4.105,2.050,13.463,-0.002,-0.008,-0.005,0.010,18,weighted_average,kalman(weighted_average),false
1788864530.587,53.756,0.969,-4.141,2.058,12.222,0.967,-4.128,2.053,12.464,-0.002,0.013,-0.004,0.014,18,weighted_average,kalman(weighted_average),false
1788864530.644,53.813,0.984,-4.113,2.036,12.630,0.980,-4.124,2.042,12.135,-0.004,-0.011,0.007,0.013,18,weighted_average,kalman(weighted_average),false
1788864530.783,53.953,1.076,-4.246,2.099,8.063,1.067,-4.232,2.090,8.556,-0.009,0.014,-0.009,0.019,3|18,weighted_average,kalman(weighted_average),false
1788864530.829,53.999,1.108,-4.110,1.653,11.509,1.067,-4.232,2.090,9.898,-0.041,-0.121,0.438,0.456,3|18,weighted_average,kalman(weighted_average),true
1788864530.882,54.052,1.195,-4.173,2.103,9.176,1.172,-4.183,2.100,9.326,-0.022,-0.010,-0.002,0.025,3,weighted_average,kalman(weighted_average),false
1788864530.929,54.098,1.200,-4.168,2.105,8.949,1.203,-4.167,2.105,8.939,0.003,0.001,-0.000,0.003,3,weighted_average,kalman(weighted_average),false
1788864530.983,54.152,1.159,-4.173,2.070,7.260,1.191,-4.164,2.085,7.829,0.032,0.009,0.015,0.037,3|18,weighted_average,kalman(weighted_average),false
1788864531.118,54.287,1.057,-4.167,2.058,6.423,1.080,-4.163,2.059,6.346,0.023,0.004,0.001,0.024,18,weighted_average,kalman(weighted_average),false
1788864531.168,54.338,1.083,-4.128,2.016,6.585,1.067,-4.139,2.026,6.281,-0.016,-0.011,0.011,0.023,18,weighted_average,kalman(weighted_average),false
1788864531.213,54.383,1.204,-4.179,2.055,4.299,1.139,-4.160,2.037,5.045,-0.065,0.019,-0.018,0.070,3|18,weighted_average,kalman(weighted_average),false
1788864531.266,54.435,1.204,-4.179,2.055,4.299,1.184,-4.173,2.045,4.300,-0.019,0.006,-0.010,0.023,3|18,weighted_average,kalman(weighted_average),false
1788864531.412,54.582,1.215,-4.193,2.062,2.671,1.221,-4.193,2.060,2.588,0.006,-0.000,-0.002,0.006,3|18,weighted_average,kalman(weighted_average),false
1788864531.460,54.630,1.104,-4.189,2.038,2.134,1.145,-4.192,2.047,2.096,0.041,-0.004,0.009,0.042,18,weighted_average,kalman(weighted_average),false
1788864531.507,54.676,1.120,-4.174,2.012,1.675,1.120,-4.182,2.024,1.629,-0.001,-0.008,0.013,0.015,18,weighted_average,kalman(weighted_average),false
1788864531.557,54.726,1.121,-4.226,2.029,-0.407,1.110,-4.208,2.022,0.288,-0.012,0.018,-0.006,0.022,18,weighted_average,kalman(weighted_average),false
1788864531.612,54.782,1.103,-4.220,2.132,-1.415,1.097,-4.219,2.087,-1.060,-0.006,0.000,-0.044,0.045,18,weighted_average,kalman(weighted_average),false
1788864531.733,54.903,1.134,-4.229,2.026,-2.802,1.121,-4.231,2.046,-2.959,-0.012,-0.002,0.020,0.023,18,weighted_average,kalman(weighted_average),false
1788864531.786,54.955,1.125,-4.216,2.058,-3.284,1.127,-4.223,2.048,-3.490,0.002,-0.006,-0.010,0.012,18,weighted_average,kalman(weighted_average),false
1788864531.835,55.005,1.134,-4.179,2.043,-3.160,1.134,-4.195,2.042,-3.611,0.001,-0.016,-0.001,0.016,18,weighted_average,kalman(weighted_average),false
1788864531.889,55.058,1.130,-4.199,2.043,-4.043,1.135,-4.192,2.039,-4.089,0.005,0.007,-0.004,0.009,18,weighted_average,kalman(weighted_average),false
1788864531.939,55.108,1.136,-4.173,2.025,-4.231,1.137,-4.177,2.029,-4.388,0.001,-0.004,0.004,0.006,18,weighted_average,kalman(weighted_average),false
1788864532.076,55.245,1.121,-4.242,2.047,-7.715,1.124,-4.229,2.042,-7.237,0.004,0.013,-0.005,0.014,18,weighted_average,kalman(weighted_average),false
1788864532.125,55.295,1.122,-4.234,2.037,-7.958,1.121,-4.240,2.041,-8.066,-0.001,-0.006,0.004,0.007,18,weighted_average,kalman(weighted_average),false
1788864532.184,55.353,1.118,-4.212,2.050,-8.275,1.117,-4.228,2.048,-8.644,-0.001,-0.017,-0.002,0.017,18,weighted_average,kalman(weighted_average),false
1788864532.225,55.395,1.120,-4.223,2.031,-8.994,1.117,-4.226,2.040,-9.124,-0.002,-0.003,0.009,0.010,18,weighted_average,kalman(weighted_average),false
1788864532.279,55.449,1.117,-4.206,2.033,-9.379,1.116,-4.214,2.036,-9.621,-0.001,-0.009,0.002,0.009,18,weighted_average,kalman(weighted_average),false
1788864532.404,55.574,1.103,-4.229,2.051,-11.617,1.104,-4.225,2.048,-11.501,0.001,0.004,-0.003,0.006,18,weighted_average,kalman(weighted_average),false
1788864532.456,55.626,1.104,-4.191,2.057,-11.058,1.102,-4.203,2.056,-11.521,-0.002,-0.012,-0.001,0.012,18,weighted_average,kalman(weighted_average),false
1788864532.512,55.681,1.108,-4.220,2.036,-12.560,1.105,-4.212,2.045,-12.345,-0.004,0.009,0.009,0.013,18,weighted_average,kalman(weighted_average),false
1788864532.560,55.729,1.099,-4.213,2.059,-12.810,1.101,-4.212,2.053,-12.847,0.002,0.000,-0.006,0.006,18,weighted_average,kalman(weighted_average),false
1788864532.613,55.783,1.117,-4.205,2.012,-13.335,1.110,-4.208,2.029,-13.388,-0.007,-0.003,0.017,0.019,18,weighted_average,kalman(weighted_average),false
1788864532.740,55.910,1.096,-4.231,2.064,-14.856,1.099,-4.227,2.055,-14.832,0.003,0.004,-0.009,0.010,18,weighted_average,kalman(weighted_average),false
1788864532.786,55.955,1.102,-4.219,2.048,-15.695,1.099,-4.224,2.054,-15.553,-0.002,-0.005,0.006,0.008,18,weighted_average,kalman(weighted_average),false
1788864532.838,56.008,1.107,-4.188,2.036,-15.635,1.103,-4.202,2.045,-15.892,-0.004,-0.015,0.009,0.018,18,weighted_average,kalman(weighted_average),false
1788864532.889,56.058,1.100,-4.230,2.053,-17.096,1.101,-4.216,2.050,-16.784,0.001,0.014,-0.004,0.014,18,weighted_average,kalman(weighted_average),false
1788864532.942,56.111,1.109,-4.162,2.051,-16.161,1.106,-4.184,2.051,-16.771,-0.003,-0.022,0.000,0.022,18,weighted_average,kalman(weighted_average),false
1788864533.064,56.234,1.099,-4.206,2.066,-18.487,1.101,-4.197,2.064,-18.303,0.002,0.009,-0.002,0.009,18,weighted_average,kalman(weighted_average),false
1788864533.114,56.283,1.092,-4.219,2.077,-19.686,1.094,-4.214,2.075,-19.375,0.002,0.005,-0.002,0.006,18,weighted_average,kalman(weighted_average),false
1788864533.168,56.337,1.102,-4.208,2.055,-19.754,1.098,-4.214,2.065,-19.944,-0.005,-0.006,0.010,0.013,18,weighted_average,kalman(weighted_average),false
1788864533.220,56.390,1.092,-4.262,2.070,-21.970,1.094,-4.246,2.068,-21.379,0.002,0.016,-0.002,0.016,18,weighted_average,kalman(weighted_average),false
1788864533.269,56.439,1.091,-4.255,2.075,-22.590,1.091,-4.258,2.073,-22.446,0.000,-0.003,-0.002,0.004,18,weighted_average,kalman(weighted_average),false
1788864533.405,56.575,1.089,-4.257,2.080,-23.872,1.089,-4.263,2.080,-24.150,-0.001,-0.006,0.000,0.006,18,weighted_average,kalman(weighted_average),false
1788864533.455,56.625,1.103,-4.205,2.061,-23.369,1.098,-4.223,2.068,-23.912,-0.005,-0.018,0.007,0.020,18,weighted_average,kalman(weighted_average),false
1788864533.500,56.669,1.094,-4.245,2.077,-24.877,1.097,-4.230,2.072,-24.568,0.003,0.015,-0.005,0.016,18,weighted_average,kalman(weighted_average),false
1788864533.556,56.726,1.093,-4.203,2.084,-24.720,1.095,-4.210,2.080,-24.883,0.002,-0.007,-0.005,0.009,18,weighted_average,kalman(weighted_average),false
1788864533.695,56.865,1.092,-4.243,2.096,-27.589,1.092,-4.235,2.095,-27.256,0.000,0.009,-0.001,0.009,18,weighted_average,kalman(weighted_average),false
1788864533.750,56.919,1.113,-3.929,0.958,-20.636,1.092,-4.235,2.095,-23.367,-0.021,-0.306,1.137,1.178,18,weighted_average,kalman(weighted_average),true
1788864533.798,56.967,0.865,-3.035,1.002,2.719,1.092,-4.235,2.095,-8.342,0.227,-1.200,1.094,1.639,18,weighted_average,kalman(weighted_average),true
1788864533.845,57.014,1.379,-4.391,2.127,-29.732,1.351,-4.375,2.124,-16.966,-0.028,0.015,-0.003,0.032,9,weighted_average,kalman(weighted_average),false
1788864533.896,57.065,1.398,-4.368,2.138,-29.787,1.408,-4.385,2.136,-23.248,0.011,-0.018,-0.002,0.021,9,weighted_average,kalman(weighted_average),false
1788864534.021,57.190,1.396,-4.384,2.152,-31.970,1.425,-4.396,2.153,-30.828,0.029,-0.012,0.001,0.031,9,weighted_average,kalman(weighted_average),false
1788864534.074,57.243,1.406,-4.349,2.167,-32.398,1.413,-4.364,2.165,-32.940,0.007,-0.016,-0.002,0.017,9,weighted_average,kalman(weighted_average),false
1788864534.124,57.293,1.407,-4.353,2.164,-32.896,1.408,-4.353,2.167,-34.041,0.001,0.001,0.004,0.004,9,weighted_average,kalman(weighted_average),false
1788864534.179,57.348,1.426,-4.360,2.125,-33.704,1.417,-4.353,2.143,-34.840,-0.008,0.008,0.018,0.021,9,weighted_average,kalman(weighted_average),false
1788864534.227,57.396,1.434,-4.353,2.164,-33.987,1.428,-4.351,2.153,-35.085,-0.006,0.003,-0.012,0.013,9,weighted_average,kalman(weighted_average),false
1788864534.360,57.529,1.431,-4.337,2.156,-35.364,1.433,-4.337,2.155,-35.967,0.002,-0.000,-0.000,0.002,9,weighted_average,kalman(weighted_average),false
1788864534.409,57.579,1.432,-4.332,2.162,-35.588,1.433,-4.332,2.160,-35.879,0.001,0.000,-0.002,0.002,9,weighted_average,kalman(weighted_average),false
1788864534.458,57.627,1.413,-4.341,2.188,-36.303,1.421,-4.336,2.179,-36.208,0.008,0.005,-0.010,0.013,9,weighted_average,kalman(weighted_average),false
1788864534.510,57.679,1.431,-4.327,2.174,-36.185,1.425,-4.330,2.180,-36.317,-0.006,-0.003,0.006,0.009,9,weighted_average,kalman(weighted_average),false
1788864534.644,57.813,1.421,-4.306,2.228,-36.855,1.421,-4.308,2.223,-36.856,0.000,-0.002,-0.004,0.005,9,weighted_average,kalman(weighted_average),false
1788864534.695,57.865,1.436,-4.315,2.164,-36.951,1.431,-4.310,2.188,-36.994,-0.005,0.005,0.024,0.025,9,weighted_average,kalman(weighted_average),false
1788864534.740,57.910,1.435,-4.295,2.195,-36.900,1.434,-4.299,2.190,-37.014,-0.000,-0.004,-0.005,0.007,9,weighted_average,kalman(weighted_average),false
1788864534.794,57.964,1.418,-4.305,2.176,-37.188,1.426,-4.300,2.180,-37.171,0.008,0.005,0.004,0.010,9,weighted_average,kalman(weighted_average),false
1788864534.925,58.094,1.411,-4.280,2.239,-37.072,1.412,-4.282,2.229,-37.173,0.001,-0.002,-0.011,0.011,9,weighted_average,kalman(weighted_average),false
1788864534.976,58.145,1.411,-4.280,2.239,-37.072,1.409,-4.278,2.243,-37.116,-0.001,0.002,0.003,0.004,9,weighted_average,kalman(weighted_average),false
1788864535.033,58.203,1.452,-4.273,2.151,-36.675,1.436,-4.273,2.189,-36.850,-0.016,0.001,0.038,0.041,9,weighted_average,kalman(weighted_average),false
1788864535.081,58.250,1.422,-4.291,2.145,-37.149,1.431,-4.282,2.157,-36.967,0.009,0.009,0.012,0.017,9,weighted_average,kalman(weighted_average),false
1788864535.134,58.304,1.427,-4.275,2.184,-36.959,1.430,-4.278,2.164,-36.950,0.003,-0.003,-0.020,0.021,9,weighted_average,kalman(weighted_average),false
1788864535.273,58.442,1.398,-4.275,2.159,-37.225,1.403,-4.275,2.157,-37.153,0.005,0.000,-0.003,0.005,9,weighted_average,kalman(weighted_average),false
1788864535.322,58.491,1.376,-4.283,2.177,-37.516,1.381,-4.280,2.170,-37.403,0.005,0.003,-0.007,0.009,9,weighted_average,kalman(weighted_average),false
1788864535.373,58.542,1.389,-4.260,2.197,-37.154,1.380,-4.268,2.189,-37.322,-0.009,-0.008,-0.008,0.014,9,weighted_average,kalman(weighted_average),false
1788864535.429,58.598,1.392,-4.250,2.216,-37.050,1.384,-4.255,2.210,-37.196,-0.008,-0.004,-0.005,0.010,9,weighted_average,kalman(weighted_average),false
1788864535.564,58.734,1.365,-4.247,2.213,-37.278,1.367,-4.246,2.218,-37.255,0.001,0.002,0.005,0.006,9,weighted_average,kalman(weighted_average),false
1788864535.611,58.781,1.369,-4.249,2.175,-37.283,1.366,-4.247,2.189,-37.279,-0.003,0.002,0.015,0.015,9,weighted_average,kalman(weighted_average),false
1788864535.664,58.834,1.362,-4.237,2.204,-37.216,1.362,-4.240,2.194,-37.253,0.000,-0.003,-0.010,0.010,9,weighted_average,kalman(weighted_average),false
1788864535.716,58.886,1.372,-4.224,2.212,-37.019,1.366,-4.229,2.204,-37.126,-0.005,-0.005,-0.009,0.011,9,weighted_average,kalman(weighted_average),false
1788864535.765,58.934,1.385,-4.209,2.202,-36.756,1.377,-4.214,2.203,-36.913,-0.008,-0.005,0.001,0.009,9,weighted_average,kalman(weighted_average),false
1788864535.899,59.068,1.346,-4.225,2.184,-37.287,1.353,-4.220,2.187,-37.140,0.006,0.005,0.003,0.009,9,weighted_average,kalman(weighted_average),false
1788864535.950,59.119,1.346,-4.225,2.184,-37.287,1.345,-4.224,2.183,-37.260,-0.002,0.001,-0.001,0.002,9,weighted_average,kalman(weighted_average),false
1788864536.006,59.176,1.346,-4.225,2.184,-37.287,1.342,-4.226,2.181,-37.317,-0.004,-0.001,-0.003,0.005,9,weighted_average,kalman(weighted_average),false
1788864536.055,59.225,1.353,-4.217,2.197,-37.153,1.347,-4.222,2.190,-37.261,-0.006,-0.005,-0.007,0.011,9,weighted_average,kalman(weighted_average),false
1788864536.204,59.374,1.327,-4.214,2.199,-37.375,1.329,-4.215,2.198,-37.369,0.002,-0.001,-0.000,0.002,9,weighted_average,kalman(weighted_average),false
1788864536.253,59.423,1.324,-4.197,2.234,-37.230,1.323,-4.202,2.224,-37.296,-0.001,-0.005,-0.011,0.012,9,weighted_average,kalman(weighted_average),false
1788864536.304,59.473,1.320,-4.199,2.231,-37.328,1.319,-4.197,2.233,-37.313,-0.001,0.001,0.002,0.003,9,weighted_average,kalman(weighted_average),false
1788864536.354,59.523,1.313,-4.200,2.225,-37.401,1.313,-4.196,2.232,-37.363,-0.000,0.003,0.007,0.008,9,weighted_average,kalman(weighted_average),false
1788864536.406,59.576,1.328,-4.194,2.205,-37.258,1.320,-4.193,2.218,-37.317,-0.008,0.001,0.013,0.016,9,weighted_average,kalman(weighted_average),false
1788864536.535,59.704,1.346,-4.175,2.174,-36.920,1.342,-4.177,2.180,-37.012,-0.004,-0.001,0.005,0.007,9,weighted_average,kalman(weighted_average),false
1788864536.582,59.752,1.352,-4.159,2.192,-36.714,1.352,-4.163,2.183,-36.791,-0.000,-0.004,-0.009,0.010,9,weighted_average,kalman(weighted_average),false
1788864536.631,59.801,1.320,-4.176,2.168,-37.223,1.336,-4.167,2.171,-36.966,0.016,0.009,0.003,0.018,9,weighted_average,kalman(weighted_average),false
1788864536.685,59.854,1.330,-4.177,2.174,-37.207,1.331,-4.171,2.169,-37.081,0.002,0.005,-0.005,0.007,9,weighted_average,kalman(weighted_average),false
1788864536.826,59.996,1.325,-4.162,2.170,-37.124,1.325,-4.163,2.167,-37.127,-0.000,-0.001,-0.002,0.002,9,weighted_average,kalman(weighted_average),false
1788864536.882,60.051,1.342,-4.153,2.164,-36.898,1.336,-4.155,2.165,-36.986,-0.006,-0.002,0.001,0.006,9,weighted_average,kalman(weighted_average),false
1788864536.931,60.100,1.358,-4.132,2.207,-36.570,1.351,-4.139,2.191,-36.733,-0.007,-0.006,-0.016,0.018,9,weighted_average,kalman(weighted_average),false
1788864536.985,60.155,1.324,-4.163,2.165,-37.220,1.337,-4.150,2.179,-36.947,0.014,0.013,0.014,0.024,9,weighted_average,kalman(weighted_average),false
1788864537.125,60.294,1.345,-4.151,2.150,-36.971,1.344,-4.151,2.154,-36.969,-0.001,0.000,0.004,0.004,9,weighted_average,kalman(weighted_average),false
1788864537.180,60.350,1.328,-4.155,2.179,-37.174,1.334,-4.154,2.168,-37.103,0.005,0.001,-0.011,0.012,9,weighted_average,kalman(weighted_average),false
1788864537.238,60.408,1.335,-4.149,2.194,-37.069,1.333,-4.151,2.186,-37.107,-0.001,-0.002,-0.008,0.009,9,weighted_average,kalman(weighted_average),false
1788864537.328,60.498,1.331,-4.160,2.155,-37.223,1.331,-4.157,2.166,-37.204,-0.000,0.002,0.011,0.011,9,weighted_average,kalman(weighted_average),false
1788864537.487,60.657,1.332,-4.157,2.160,-37.194,1.331,-4.157,2.159,-37.217,-0.000,-0.001,-0.001,0.001,9,weighted_average,kalman(weighted_average),false
1788864537.549,60.718,1.328,-4.156,2.197,-37.226,1.329,-4.156,2.186,-37.224,0.001,-0.000,-0.011,0.011,9,weighted_average,kalman(weighted_average),false
1788864537.596,60.765,1.352,-4.151,2.183,-36.985,1.343,-4.153,2.188,-37.089,-0.009,-0.001,0.005,0.010,9,weighted_average,kalman(weighted_average),false
1788864537.644,60.813,1.348,-4.153,2.179,-37.037,1.348,-4.152,2.186,-37.040,0.000,0.001,0.006,0.006,9,weighted_average,kalman(weighted_average),false
1788864537.764,60.934,1.352,-4.147,2.177,-36.929,1.353,-4.147,2.179,-36.928,0.002,-0.000,0.003,0.003,9,weighted_average,kalman(weighted_average),false
1788864537.820,60.990,1.352,-4.147,2.177,-36.929,1.353,-4.146,2.176,-36.909,0.001,0.001,-0.000,0.001,9,weighted_average,kalman(weighted_average),false
1788864537.871,61.040,1.352,-4.141,2.199,-36.866,1.353,-4.143,2.190,-36.869,0.001,-0.001,-0.009,0.009,9,weighted_average,kalman(weighted_average),false
1788864537.921,61.090,1.352,-4.141,2.199,-36.866,1.352,-4.141,2.197,-36.851,0.000,0.000,-0.002,0.002,9,weighted_average,kalman(weighted_average),false
1788864538.058,61.227,1.339,-4.160,2.212,-37.193,1.341,-4.157,2.212,-37.103,0.002,0.003,0.000,0.004,9,weighted_average,kalman(weighted_average),false
1788864538.107,61.276,1.347,-4.161,2.190,-37.130,1.344,-4.162,2.199,-37.152,-0.004,-0.001,0.009,0.010,9,weighted_average,kalman(weighted_average),false
1788864538.153,61.322,1.341,-4.163,2.199,-37.214,1.342,-4.165,2.198,-37.217,0.000,-0.001,-0.001,0.002,9,weighted_average,kalman(weighted_average),false
1788864538.209,61.379,1.354,-4.157,2.201,-37.036,1.349,-4.162,2.199,-37.152,-0.005,-0.005,-0.002,0.007,9,weighted_average,kalman(weighted_average),false
1788864538.356,61.525,1.345,-4.178,2.185,-37.305,1.346,-4.176,2.187,-37.287,0.001,0.001,0.001,0.002,9,weighted_average,kalman(weighted_average),false
1788864538.407,61.577,1.348,-4.169,2.188,-37.151,1.347,-4.173,2.186,-37.219,-0.001,-0.004,-0.002,0.005,9,weighted_average,kalman(weighted_average),false
1788864538.456,61.625,1.372,-4.163,2.179,-36.878,1.362,-4.167,2.181,-37.029,-0.009,-0.004,0.002,0.010,9,weighted_average,kalman(weighted_average),false
1788864538.506,61.676,1.372,-4.163,2.179,-36.878,1.371,-4.164,2.178,-36.916,-0.001,-0.001,-0.001,0.002,9,weighted_average,kalman(weighted_average),false
1788864538.651,61.820,1.358,-4.173,2.177,-37.058,1.362,-4.171,2.176,-36.984,0.004,0.002,-0.001,0.005,9,weighted_average,kalman(weighted_average),false
1788864538.697,61.866,1.368,-4.163,2.167,-36.831,1.365,-4.167,2.170,-36.899,-0.004,-0.004,0.003,0.006,9,weighted_average,kalman(weighted_average),false
1788864538.748,61.917,1.366,-4.169,2.168,-36.893,1.365,-4.168,2.168,-36.889,-0.001,0.001,-0.000,0.001,9,weighted_average,kalman(weighted_average),false
1788864538.801,61.971,1.355,-4.183,2.168,-37.137,1.359,-4.178,2.167,-37.019,0.003,0.005,-0.001,0.006,9,weighted_average,kalman(weighted_average),false
1788864538.932,62.101,1.339,-4.191,2.183,-37.330,1.341,-4.191,2.180,-37.283,0.002,0.000,-0.003,0.003,9,weighted_average,kalman(weighted_average),false
1788864538.979,62.148,1.337,-4.199,2.196,-37.441,1.336,-4.198,2.192,-37.413,-0.001,0.001,-0.004,0.004,9,weighted_average,kalman(weighted_average),false
1788864539.037,62.207,1.353,-4.205,2.164,-37.363,1.345,-4.205,2.177,-37.436,-0.008,-0.000,0.013,0.015,9,weighted_average,kalman(weighted_average),false
1788864539.086,62.255,1.336,-4.202,2.174,-37.446,1.340,-4.205,2.174,-37.473,0.004,-0.003,0.000,0.005,9,weighted_average,kalman(weighted_average),false
1788864539.225,62.395,1.341,-4.196,2.204,-37.267,1.340,-4.199,2.199,-37.345,-0.001,-0.002,-0.005,0.005,9,weighted_average,kalman(weighted_average),false
1788864539.277,62.446,1.364,-4.182,2.185,-36.882,1.357,-4.186,2.193,-37.038,-0.007,-0.004,0.008,0.012,9,weighted_average,kalman(weighted_average),false
1788864539.325,62.494,1.356,-4.188,2.187,-37.006,1.359,-4.185,2.191,-36.962,0.003,0.003,0.003,0.006,9,weighted_average,kalman(weighted_average),false
1788864539.379,62.548,1.335,-4.202,2.213,-37.319,1.346,-4.193,2.205,-37.103,0.011,0.008,-0.008,0.016,9,weighted_average,kalman(weighted_average),false
1788864539.427,62.596,1.350,-4.197,2.187,-37.129,1.348,-4.196,2.197,-37.106,-0.003,0.001,0.010,0.010,9,weighted_average,kalman(weighted_average),false
1788864539.569,62.739,1.342,-4.200,2.207,-37.207,1.342,-4.200,2.206,-37.179,0.000,-0.000,-0.001,0.001,9,weighted_average,kalman(weighted_average),false
1788864539.619,62.789,1.331,-4.211,2.207,-37.404,1.334,-4.208,2.208,-37.329,0.003,0.003,0.001,0.004,9,weighted_average,kalman(weighted_average),false
1788864539.679,62.848,1.330,-4.193,2.230,-37.202,1.330,-4.200,2.224,-37.286,-0.001,-0.006,-0.006,0.009,9,weighted_average,kalman(weighted_average),false
1788864539.725,62.895,1.336,-4.200,2.207,-37.230,1.332,-4.199,2.217,-37.266,-0.004,0.001,0.010,0.010,9,weighted_average,kalman(weighted_average),false
1788864539.871,63.040,1.339,-4.192,2.225,-37.088,1.338,-4.192,2.224,-37.128,-0.001,-0.000,-0.000,0.002,9,weighted_average,kalman(weighted_average),false
1788864539.916,63.086,1.326,-4.205,2.245,-37.333,1.331,-4.200,2.239,-37.236,0.005,0.005,-0.006,0.009,9,weighted_average,kalman(weighted_average),false
1788864539.977,63.146,1.337,-4.206,2.189,-37.246,1.335,-4.205,2.209,-37.245,-0.003,0.001,0.020,0.020,9,weighted_average,kalman(weighted_average),false
1788864540.033,63.203,1.346,-4.211,2.174,-37.226,1.342,-4.210,2.182,-37.238,-0.004,0.001,0.008,0.009,9,weighted_average,kalman(weighted_average),false
1788864540.158,63.328,1.356,-4.198,2.203,-36.998,1.356,-4.201,2.194,-37.055,-0.001,-0.003,-0.009,0.010,9,weighted_average,kalman(weighted_average),false
1788864540.211,63.380,1.362,-4.193,2.192,-36.886,1.362,-4.194,2.194,-36.925,-0.000,-0.001,0.002,0.003,9,weighted_average,kalman(weighted_average),false
1788864540.258,63.428,1.316,-4.216,2.219,-37.520,1.336,-4.206,2.210,-37.218,0.019,0.010,-0.008,0.023,9,weighted_average,kalman(weighted_average),false
1788864540.308,63.478,1.338,-4.206,2.207,-37.228,1.334,-4.207,2.212,-37.246,-0.004,-0.001,0.005,0.007,9,weighted_average,kalman(weighted_average),false
1788864540.360,63.529,1.340,-4.196,2.205,-37.101,1.335,-4.201,2.210,-37.190,-0.005,-0.005,0.005,0.008,9,weighted_average,kalman(weighted_average),false
1788864540.507,63.677,1.333,-4.197,2.220,-37.163,1.333,-4.197,2.220,-37.172,-0.001,0.000,-0.000,0.001,9,weighted_average,kalman(weighted_average),false
1788864540.556,63.725,1.355,-4.189,2.223,-36.886,1.348,-4.191,2.223,-36.992,-0.007,-0.002,0.000,0.008,9,weighted_average,kalman(weighted_average),false
1788864540.606,63.776,1.308,-4.228,2.210,-37.700,1.325,-4.213,2.216,-37.363,0.017,0.014,0.006,0.023,9,weighted_average,kalman(weighted_average),false
1788864540.658,63.827,1.308,-4.214,2.231,-37.546,1.312,-4.217,2.225,-37.506,0.004,-0.003,-0.007,0.008,9,weighted_average,kalman(weighted_average),false
1788864540.794,63.964,1.319,-4.208,2.237,-37.355,1.314,-4.211,2.236,-37.449,-0.004,-0.003,-0.000,0.006,9,weighted_average,kalman(weighted_average),false
1788864540.847,64.016,1.338,-4.207,2.201,-37.171,1.332,-4.207,2.214,-37.269,-0.007,-0.000,0.012,0.014,9,weighted_average,kalman(weighted_average),false
1788864540.899,64.068,1.343,-4.200,2.227,-37.048,1.342,-4.201,2.219,-37.110,-0.001,-0.001,-0.008,0.008,9,weighted_average,kalman(weighted_average),false
1788864540.952,64.122,1.344,-4.214,2.222,-37.208,1.347,-4.207,2.220,-37.115,0.003,0.007,-0.002,0.008,9,weighted_average,kalman(weighted_average),false
1788864541.092,64.261,1.360,-4.199,2.231,-36.885,1.361,-4.200,2.229,-36.897,0.001,-0.001,-0.002,0.002,9,weighted_average,kalman(weighted_average),false
1788864541.144,64.313,1.351,-4.208,2.191,-37.040,1.356,-4.205,2.204,-36.957,0.005,0.003,0.013,0.014,9,weighted_average,kalman(weighted_average),false
1788864541.219,64.388,1.338,-4.224,2.208,-37.333,1.343,-4.219,2.203,-37.188,0.005,0.005,-0.005,0.008,9,weighted_average,kalman(weighted_average),false
1788864541.310,64.480,1.364,-4.204,2.203,-36.896,1.357,-4.210,2.201,-37.021,-0.007,-0.006,-0.001,0.009,9,weighted_average,kalman(weighted_average),false
1788864541.524,64.693,1.346,-4.219,2.187,-37.208,1.347,-4.218,2.187,-37.180,0.001,0.001,0.000,0.002,9,weighted_average,kalman(weighted_average),false
1788864541.595,64.764,1.350,-4.223,2.168,-37.220,1.347,-4.223,2.171,-37.232,-0.002,-0.000,0.003,0.004,9,weighted_average,kalman(weighted_average),false
1788864541.644,64.813,1.357,-4.213,2.183,-37.034,1.353,-4.218,2.176,-37.132,-0.004,-0.005,-0.007,0.009,9,weighted_average,kalman(weighted_average),false
1788864541.840,65.009,1.314,-4.260,2.160,-37.904,1.316,-4.258,2.161,-37.825,0.002,0.002,0.000,0.003,9,weighted_average,kalman(weighted_average),false
1788864541.893,65.063,1.347,-4.243,2.151,-37.434,1.333,-4.252,2.152,-37.649,-0.013,-0.009,0.002,0.016,9,weighted_average,kalman(weighted_average),false
1788864541.956,65.125,1.326,-4.256,2.126,-37.715,1.329,-4.257,2.132,-37.725,0.002,-0.001,0.006,0.006,9,weighted_average,kalman(weighted_average),false
1788864542.022,65.192,1.351,-4.225,2.141,-37.160,1.343,-4.237,2.134,-37.408,-0.008,-0.011,-0.008,0.016,9,weighted_average,kalman(weighted_average),false
1788864542.166,65.335,1.335,-4.230,2.174,-37.335,1.338,-4.229,2.168,-37.309,0.003,0.001,-0.006,0.006,9,weighted_average,kalman(weighted_average),false
1788864542.219,65.388,1.347,-4.226,2.172,-37.189,1.344,-4.226,2.175,-37.219,-0.004,-0.000,0.004,0.005,9,weighted_average,kalman(weighted_average),false
1788864542.264,65.433,1.355,-4.222,2.160,-37.088,1.351,-4.223,2.169,-37.124,-0.004,-0.001,0.010,0.011,9,weighted_average,kalman(weighted_average),false
1788864542.318,65.488,1.347,-4.226,2.157,-37.192,1.350,-4.223,2.163,-37.127,0.003,0.002,0.006,0.007,9,weighted_average,kalman(weighted_average),false
1788864542.454,65.623,1.352,-4.228,2.165,-37.189,1.352,-4.227,2.164,-37.152,0.000,0.001,-0.001,0.001,9,weighted_average,kalman(weighted_average),false
1788864542.513,65.683,1.354,-4.226,2.167,-37.150,1.354,-4.227,2.166,-37.153,-0.000,-0.001,-0.001,0.001,9,weighted_average,kalman(weighted_average),false
1788864542.572,65.741,1.368,-4.215,2.173,-36.926,1.364,-4.219,2.171,-37.018,-0.004,-0.004,-0.002,0.006,9,weighted_average,kalman(weighted_average),false
1788864542.621,65.790,1.362,-4.213,2.201,-36.946,1.365,-4.214,2.190,-36.959,0.002,-0.001,-0.010,0.011,9,weighted_average,kalman(weighted_average),false
1788864542.754,65.923,1.367,-4.219,2.170,-36.974,1.368,-4.217,2.177,-36.941,0.001,0.002,0.006,0.007,9,weighted_average,kalman(weighted_average),false
1788864542.806,65.975,1.372,-4.214,2.195,-36.887,1.371,-4.215,2.187,-36.903,-0.001,-0.001,-0.008,0.008,9,weighted_average,kalman(weighted_average),false
1788864542.864,66.033,1.365,-4.226,2.180,-37.089,1.368,-4.223,2.183,-37.004,0.003,0.004,0.003,0.006,9,weighted_average,kalman(weighted_average),false
1788864542.905,66.074,1.369,-4.218,2.181,-36.971,1.368,-4.221,2.181,-36.996,-0.001,-0.003,0.000,0.003,9,weighted_average,kalman(weighted_average),false
1788864542.961,66.130,1.369,-4.218,2.181,-36.971,1.369,-4.220,2.181,-36.990,-0.000,-0.002,-0.001,0.002,9,weighted_average,kalman(weighted_average),false
1788864543.111,66.281,1.355,-4.221,2.192,-37.150,1.357,-4.221,2.190,-37.124,0.002,0.000,-0.002,0.002,9,weighted_average,kalman(weighted_average),false
1788864543.161,66.331,1.362,-4.230,2.175,-37.212,1.358,-4.228,2.181,-37.196,-0.003,0.003,0.006,0.007,9,weighted_average,kalman(weighted_average),false
1788864543.208,66.378,1.345,-4.227,2.205,-37.322,1.349,-4.228,2.195,-37.289,0.005,-0.001,-0.010,0.011,9,weighted_average,kalman(weighted_average),false
1788864543.255,66.425,1.352,-4.219,2.205,-37.178,1.349,-4.224,2.203,-37.262,-0.003,-0.005,-0.002,0.006,9,weighted_average,kalman(weighted_average),false
1788864543.317,66.487,1.340,-4.251,2.174,-37.658,1.342,-4.241,2.188,-37.504,0.002,0.010,0.014,0.017,9,weighted_average,kalman(weighted_average),false
1788864543.453,66.623,1.356,-4.217,2.205,-37.150,1.353,-4.222,2.202,-37.286,-0.003,-0.006,-0.004,0.007,9,weighted_average,kalman(weighted_average),false
1788864543.500,66.670,1.349,-4.225,2.213,-37.315,1.352,-4.221,2.211,-37.278,0.003,0.003,-0.002,0.005,9,weighted_average,kalman(weighted_average),false
1788864543.554,66.723,1.354,-4.216,2.195,-37.184,1.354,-4.216,2.204,-37.202,0.000,0.000,0.008,0.008,9,weighted_average,kalman(weighted_average),false
1788864543.607,66.776,1.347,-4.221,2.202,-37.299,1.350,-4.217,2.203,-37.229,0.004,0.004,0.001,0.005,9,weighted_average,kalman(weighted_average),false
1788864543.657,66.826,1.356,-4.226,2.183,-37.284,1.354,-4.222,2.191,-37.246,-0.002,0.004,0.008,0.009,9,weighted_average,kalman(weighted_average),false
1788864543.793,66.963,1.359,-4.215,2.192,-37.139,1.359,-4.216,2.190,-37.156,-0.000,-0.001,-0.002,0.002,9,weighted_average,kalman(weighted_average),false
1788864543.850,67.020,1.364,-4.209,2.199,-37.041,1.363,-4.210,2.196,-37.069,-0.001,-0.001,-0.003,0.003,9,weighted_average,kalman(weighted_average),false
1788864543.893,67.062,1.353,-4.218,2.197,-37.243,1.358,-4.214,2.198,-37.144,0.005,0.004,0.001,0.007,9,weighted_average,kalman(weighted_average),false
1788864543.945,67.114,1.365,-4.223,2.160,-37.213,1.362,-4.219,2.175,-37.178,-0.003,0.004,0.016,0.017,9,weighted_average,kalman(weighted_average),false
1788864544.071,67.240,1.366,-4.212,2.175,-37.073,1.366,-4.214,2.172,-37.103,0.000,-0.002,-0.003,0.004,9,weighted_average,kalman(weighted_average),false
1788864544.125,67.294,1.341,-4.231,2.162,-37.483,1.349,-4.225,2.164,-37.330,0.008,0.006,0.003,0.010,9,weighted_average,kalman(weighted_average),false
1788864544.177,67.346,1.358,-4.215,2.157,-37.150,1.352,-4.220,2.158,-37.257,-0.005,-0.005,0.001,0.008,9,weighted_average,kalman(weighted_average),false
1788864544.226,67.395,1.329,-4.233,2.163,-37.590,1.337,-4.228,2.159,-37.442,0.008,0.005,-0.004,0.011,9,weighted_average,kalman(weighted_average),false
1788864544.364,67.534,1.338,-4.216,2.176,-37.293,1.335,-4.219,2.173,-37.368,-0.003,-0.003,-0.003,0.005,9,weighted_average,kalman(weighted_average),false
1788864544.438,67.607,1.328,-4.216,2.188,-37.353,1.330,-4.215,2.186,-37.347,0.002,0.001,-0.001,0.002,9,weighted_average,kalman(weighted_average),false
1788864544.494,67.663,1.356,-4.199,2.192,-36.923,1.347,-4.203,2.193,-37.081,-0.009,-0.004,0.001,0.010,9,weighted_average,kalman(weighted_average),false
1788864544.558,67.728,1.345,-4.201,2.178,-37.013,1.348,-4.199,2.186,-36.987,0.003,0.002,0.008,0.008,9,weighted_average,kalman(weighted_average),false
1788864544.710,67.880,1.325,-4.228,2.213,-37.879,1.328,-4.224,2.210,-37.683,0.003,0.004,-0.003,0.006,9,weighted_average,kalman(weighted_average),false
1788864544.770,67.939,1.316,-4.237,2.177,-38.437,1.317,-4.237,2.189,-38.275,0.001,0.000,0.012,0.012,9,weighted_average,kalman(weighted_average),false
1788864544.832,68.001,1.344,-4.212,2.197,-38.737,1.332,-4.224,2.193,-38.726,-0.012,-0.012,-0.004,0.017,9,weighted_average,kalman(weighted_average),false
1788864544.890,68.060,1.296,-4.239,2.197,-40.657,1.309,-4.234,2.195,-40.034,0.013,0.005,-0.002,0.014,9,weighted_average,kalman(weighted_average),false
1788864545.043,68.212,1.297,-4.236,2.184,-42.313,1.296,-4.237,2.185,-42.272,-0.001,-0.001,0.001,0.002,9,weighted_average,kalman(weighted_average),false
1788864545.110,68.279,1.289,-4.227,2.201,-43.111,1.290,-4.229,2.196,-43.155,0.000,-0.003,-0.006,0.006,9,weighted_average,kalman(weighted_average),false
1788864545.172,68.342,1.290,-4.229,2.183,-43.558,1.288,-4.228,2.188,-43.736,-0.002,0.001,0.005,0.005,9,weighted_average,kalman(weighted_average),false
1788864545.227,68.397,1.278,-4.226,2.206,-44.474,1.280,-4.225,2.199,-44.437,0.003,0.000,-0.007,0.007,9,weighted_average,kalman(weighted_average),false
1788864545.382,68.551,1.248,-4.226,2.235,-45.958,1.250,-4.226,2.233,-46.021,0.002,0.001,-0.003,0.003,9,weighted_average,kalman(weighted_average),false
1788864545.450,68.619,1.256,-4.206,2.227,-46.820,1.251,-4.211,2.233,-46.786,-0.005,-0.005,0.006,0.009,9,weighted_average,kalman(weighted_average),false
1788864545.518,68.687,1.231,-4.203,2.239,-48.208,1.235,-4.203,2.239,-47.964,0.004,0.000,0.000,0.004,9,weighted_average,kalman(weighted_average),false
1788864545.663,68.833,1.212,-4.201,2.234,-49.554,1.212,-4.199,2.236,-49.625,-0.000,0.002,0.002,0.003,9,weighted_average,kalman(weighted_average),false
1788864545.735,68.904,1.210,-4.181,2.242,-50.565,1.208,-4.185,2.240,-50.531,-0.002,-0.004,-0.002,0.005,9,weighted_average,kalman(weighted_average),false
1788864545.807,68.976,1.225,-4.161,2.217,-51.021,1.219,-4.165,2.224,-51.149,-0.007,-0.004,0.006,0.010,9,weighted_average,kalman(weighted_average),false
1788864545.969,69.138,1.203,-4.142,2.190,-53.015,1.205,-4.141,2.191,-52.989,0.002,0.001,0.001,0.003,9,weighted_average,kalman(weighted_average),false
1788864546.042,69.211,1.198,-4.129,2.230,-53.327,1.198,-4.129,2.217,-53.471,-0.001,-0.000,-0.013,0.013,9,weighted_average,kalman(weighted_average),false
1788864546.118,69.287,1.190,-4.094,2.203,-54.140,1.190,-4.100,2.209,-54.145,0.000,-0.006,0.006,0.009,9,weighted_average,kalman(weighted_average),false
1788864546.265,69.434,1.149,-4.087,2.189,-56.289,1.152,-4.084,2.190,-56.152,0.002,0.003,0.002,0.004,9,weighted_average,kalman(weighted_average),false
1788864546.339,69.508,1.138,-4.059,2.233,-56.827,1.136,-4.063,2.221,-56.923,-0.002,-0.004,-0.012,0.013,9,weighted_average,kalman(weighted_average),false
1788864546.413,69.582,0.622,0.189,0.524,14.434,1.136,-4.063,2.221,-9.493,0.515,-4.252,1.696,4.607,9,weighted_average,kalman(weighted_average),true
1788864546.563,69.733,1.059,-4.197,2.118,-60.408,1.062,-4.191,2.123,-44.625,0.004,0.006,0.005,0.009,10,weighted_average,kalman(weighted_average),false
1788864546.625,69.794,1.052,-4.181,2.134,-60.632,1.048,-4.195,2.122,-59.901,-0.004,-0.015,-0.012,0.019,10,weighted_average,kalman(weighted_average),false
1788864546.697,69.866,1.053,-4.185,2.097,-60.960,1.046,-4.194,2.099,-66.448,-0.007,-0.009,0.002,0.011,10,weighted_average,kalman(weighted_average),false
1788864546.772,69.941,-0.002,-4.868,1.861,-73.971,1.046,-4.194,2.099,-75.596,1.048,0.674,0.238,1.268,12,weighted_average,kalman(weighted_average),true
1788864546.922,70.091,0.841,-4.427,2.136,-65.856,0.851,-4.416,2.134,-70.920,0.010,0.011,-0.002,0.015,12,weighted_average,kalman(weighted_average),false
1788864546.993,70.163,0.966,-4.121,2.161,-64.319,0.851,-4.416,2.134,-65.691,-0.115,-0.295,-0.027,0.317,10,weighted_average,kalman(weighted_average),true
1788864547.066,70.235,0.939,-4.137,2.131,-65.254,0.931,-4.162,2.131,-64.158,-0.008,-0.025,0.000,0.027,10,weighted_average,kalman(weighted_average),false
1788864547.223,70.393,0.909,-4.141,2.123,-66.409,0.918,-4.121,2.124,-65.241,0.009,0.020,0.000,0.022,10,weighted_average,kalman(weighted_average),false
1788864547.294,70.463,0.895,-4.128,2.114,-67.256,0.897,-4.127,2.115,-66.816,0.002,0.002,0.001,0.003,10,weighted_average,kalman(weighted_average),false
1788864547.358,70.527,0.861,-4.127,2.124,-68.138,0.867,-4.128,2.120,-68.010,0.005,-0.001,-0.004,0.007,10,weighted_average,kalman(weighted_average),false
1788864547.524,70.693,0.833,-4.122,2.116,-69.206,0.830,-4.122,2.117,-69.421,-0.002,-0.001,0.000,0.002,10,weighted_average,kalman(weighted_average),false
1788864547.601,70.771,0.808,-4.100,2.141,-70.434,0.810,-4.104,2.135,-70.322,0.002,-0.004,-0.006,0.007,10,weighted_average,kalman(weighted_average),false
1788864547.669,70.838,0.781,-4.082,2.129,-71.378,0.785,-4.085,2.134,-71.244,0.003,-0.003,0.005,0.006,10,weighted_average,kalman(weighted_average),false
1788864547.839,71.008,0.733,-4.071,2.127,-73.260,0.733,-4.069,2.128,-73.255,-0.000,0.002,0.001,0.002,10,weighted_average,kalman(weighted_average),false
1788864547.910,71.080,0.710,-4.056,2.140,-73.958,0.710,-4.058,2.137,-74.001,0.000,-0.002,-0.004,0.004,10,weighted_average,kalman(weighted_average),false
1788864547.982,71.151,0.701,-4.047,2.143,-74.597,0.698,-4.048,2.143,-74.665,-0.003,-0.001,-0.001,0.004,10,weighted_average,kalman(weighted_average),false
1788864548.149,71.319,0.529,-4.121,2.164,-78.611,0.538,-4.113,2.164,-78.316,0.010,0.007,-0.001,0.012,11,weighted_average,kalman(weighted_average),false
1788864548.224,71.394,0.513,-4.113,2.165,-79.300,0.500,-4.122,2.167,-79.506,-0.014,-0.009,0.002,0.016,11,weighted_average,kalman(weighted_average),false
1788864548.293,71.462,0.516,-4.098,2.178,-79.696,0.498,-4.109,2.177,-80.081,-0.018,-0.012,-0.002,0.022,11,weighted_average,kalman(weighted_average),false
1788864548.452,71.621,0.456,-4.079,2.203,-81.419,0.456,-4.081,2.203,-81.549,-0.001,-0.003,-0.001,0.003,11,weighted_average,kalman(weighted_average),false
1788864548.521,71.690,0.437,-4.062,2.171,-82.302,0.437,-4.063,2.182,-82.264,0.000,-0.001,0.011,0.011,11,weighted_average,kalman(weighted_average),false
1788864548.594,71.763,0.441,-4.056,2.189,-82.766,0.435,-4.054,2.185,-82.834,-0.006,0.003,-0.004,0.008,11,weighted_average,kalman(weighted_average),false
1788864548.757,71.926,0.335,-3.618,2.111,-83.859,0.341,-3.650,2.116,-83.914,0.007,-0.033,0.006,0.034,0,weighted_average,kalman(weighted_average),false
1788864548.823,71.992,0.344,-3.613,2.108,-83.969,0.332,-3.572,2.102,-84.086,-0.012,0.041,-0.007,0.043,0,weighted_average,kalman(weighted_average),false
1788864548.886,72.056,0.327,-3.594,2.100,-84.486,0.322,-3.550,2.094,-84.449,-0.006,0.044,-0.006,0.045,0,weighted_average,kalman(weighted_average),false
1788864548.941,72.111,0.313,-3.589,2.091,-84.959,0.311,-3.555,2.088,-84.864,-0.002,0.034,-0.003,0.034,0,weighted_average,kalman(weighted_average),false
1788864549.107,72.276,0.271,-3.566,2.106,-86.074,0.272,-3.558,2.103,-86.044,0.000,0.008,-0.004,0.009,0,weighted_average,kalman(weighted_average),false
1788864549.171,72.340,0.272,-3.551,2.103,-86.260,0.268,-3.556,2.105,-86.338,-0.004,-0.005,0.003,0.007,0,weighted_average,kalman(weighted_average),false
1788864549.232,72.401,0.260,-3.545,2.113,-86.518,0.259,-3.549,2.113,-86.589,-0.000,-0.005,-0.001,0.005,0,weighted_average,kalman(weighted_average),false
1788864549.294,72.463,0.260,-3.545,2.113,-86.518,0.257,-3.545,2.115,-86.676,-0.003,-0.001,0.002,0.004,0,weighted_average,kalman(weighted_average),false
1788864549.465,72.634,0.211,-3.516,2.107,-87.718,0.213,-3.517,2.108,-87.658,0.002,-0.002,0.002,0.003,0,weighted_average,kalman(weighted_average),false
1788864549.538,72.707,0.207,-3.486,2.112,-87.830,0.203,-3.489,2.110,-87.908,-0.004,-0.004,-0.002,0.006,0,weighted_average,kalman(weighted_average),false
1788864549.613,72.782,0.184,-3.470,2.120,-88.014,0.185,-3.469,2.117,-88.094,0.001,0.001,-0.003,0.003,0,weighted_average,kalman(weighted_average),false
1788864549.761,72.930,0.174,-3.465,2.091,-87.954,0.172,-3.461,2.095,-88.062,-0.002,0.004,0.003,0.005,0,weighted_average,kalman(weighted_average),false
1788864549.837,73.006,0.154,-3.444,2.119,-88.016,0.157,-3.448,2.110,-88.027,0.003,-0.003,-0.009,0.010,0,weighted_average,kalman(weighted_average),false
1788864549.910,73.079,0.135,-3.430,2.129,-88.060,0.138,-3.432,2.125,-88.042,0.003,-0.002,-0.004,0.005,0,weighted_average,kalman(weighted_average),false
1788864550.075,73.244,0.113,-3.417,2.122,-87.988,0.112,-3.416,2.124,-87.994,-0.001,0.001,0.002,0.003,0,weighted_average,kalman(weighted_average),false
1788864550.142,73.311,0.112,-3.401,2.121,-87.899,0.110,-3.404,2.121,-87.922,-0.002,-0.002,0.000,0.003,0,weighted_average,kalman(weighted_average),false
1788864550.210,73.379,0.084,-3.386,2.120,-88.067,0.090,-3.388,2.119,-88.000,0.006,-0.002,-0.001,0.006,0,weighted_average,kalman(weighted_average),false
1788864550.367,73.536,0.074,-3.372,2.110,-88.037,0.073,-3.371,2.110,-88.036,-0.001,0.001,0.000,0.002,0,weighted_average,kalman(weighted_average),false
1788864550.435,73.605,0.063,-3.372,2.125,-88.072,0.064,-3.371,2.121,-88.066,0.001,0.002,-0.005,0.005,0,weighted_average,kalman(weighted_average),false
1788864550.490,73.659,0.051,-3.355,2.117,-88.169,0.053,-3.360,2.119,-88.135,0.002,-0.004,0.002,0.005,0,weighted_average,kalman(weighted_average),false
1788864550.547,73.717,0.041,-3.351,2.130,-88.139,0.042,-3.351,2.127,-88.154,0.001,-0.001,-0.003,0.004,0,weighted_average,kalman(weighted_average),false
1788864550.684,73.853,0.048,-3.340,2.114,-87.991,0.044,-3.339,2.117,-88.039,-0.004,0.001,0.003,0.005,0,weighted_average,kalman(weighted_average),false
1788864550.741,73.910,0.033,-3.339,2.114,-88.118,0.037,-3.337,2.113,-88.075,0.004,0.001,-0.001,0.004,0,weighted_average,kalman(weighted_average),false
1788864550.794,73.963,0.018,-3.339,2.121,-88.302,0.024,-3.337,2.117,-88.203,0.006,0.002,-0.004,0.007,0,weighted_average,kalman(weighted_average),false
1788864550.851,74.021,0.037,-3.329,2.134,-88.000,0.029,-3.331,2.128,-88.107,-0.007,-0.002,-0.006,0.010,0,weighted_average,kalman(weighted_average),false
1788864551.009,74.178,0.014,-3.324,2.135,-88.189,0.015,-3.324,2.135,-88.170,0.001,0.000,0.001,0.001,0,weighted_average,kalman(weighted_average),false
1788864551.065,74.234,0.009,-3.320,2.136,-88.209,0.009,-3.321,2.137,-88.204,0.000,-0.000,0.000,0.001,0,weighted_average,kalman(weighted_average),false
1788864551.118,74.287,0.011,-3.327,2.120,-88.133,0.008,-3.324,2.127,-88.174,-0.003,0.003,0.006,0.008,0,weighted_average,kalman(weighted_average),false
1788864551.174,74.343,0.014,-3.315,2.122,-88.068,0.011,-3.318,2.122,-88.116,-0.003,-0.003,0.000,0.005,0,weighted_average,kalman(weighted_average),false
1788864551.318,74.487,0.016,-3.309,2.128,-88.097,0.015,-3.309,2.126,-88.091,-0.001,-0.000,-0.002,0.002,0,weighted_average,kalman(weighted_average),false
1788864551.375,74.545,0.020,-3.304,2.118,-88.065,0.019,-3.305,2.121,-88.071,-0.001,-0.000,0.003,0.003,0,weighted_average,kalman(weighted_average),false
1788864551.429,74.599,0.012,-3.311,2.127,-88.201,0.015,-3.308,2.125,-88.142,0.004,0.004,-0.003,0.006,0,weighted_average,kalman(weighted_average),false
1788864551.486,74.655,0.019,-3.311,2.126,-88.132,0.017,-3.309,2.126,-88.145,-0.001,0.001,0.000,0.002,0,weighted_average,kalman(weighted_average),false
1788864551.638,74.807,0.036,-3.317,2.124,-87.984,0.034,-3.316,2.124,-88.018,-0.002,0.001,0.001,0.002,0,weighted_average,kalman(weighted_average),false
1788864551.689,74.858,0.049,-3.314,2.120,-87.788,0.047,-3.315,2.121,-87.856,-0.003,-0.002,0.001,0.003,0,weighted_average,kalman(weighted_average),false
1788864551.745,74.915,0.020,-3.312,2.117,-88.208,0.033,-3.313,2.118,-88.026,0.012,-0.002,0.001,0.013,0,weighted_average,kalman(weighted_average),false
1788864551.797,74.967,0.037,-3.315,2.116,-88.009,0.035,-3.314,2.116,-88.021,-0.002,0.001,-0.001,0.002,0,weighted_average,kalman(weighted_average),false
1788864551.944,75.114,0.034,-3.319,2.130,-88.098,0.034,-3.318,2.128,-88.086,0.000,0.000,-0.002,0.002,0,weighted_average,kalman(weighted_average),false
1788864552.003,75.173,0.033,-3.317,2.117,-88.127,0.033,-3.318,2.122,-88.122,0.000,-0.001,0.005,0.005,0,weighted_average,kalman(weighted_average),false
1788864552.061,75.230,0.034,-3.321,2.118,-88.165,0.034,-3.320,2.119,-88.159,-0.000,0.001,0.001,0.001,0,weighted_average,kalman(weighted_average),false
1788864552.119,75.288,0.042,-3.318,2.118,-88.096,0.039,-3.319,2.118,-88.137,-0.003,-0.001,-0.000,0.003,0,weighted_average,kalman(weighted_average),false
1788864552.254,75.424,0.043,-3.317,2.116,-88.155,0.044,-3.317,2.116,-88.156,0.000,-0.000,0.000,0.001,0,weighted_average,kalman(weighted_average),false
1788864552.310,75.480,0.053,-3.316,2.117,-88.048,0.051,-3.316,2.116,-88.090,-0.002,0.000,-0.001,0.003,0,weighted_average,kalman(weighted_average),false
1788864552.362,75.531,0.048,-3.320,2.104,-88.168,0.051,-3.318,2.109,-88.127,0.003,0.002,0.004,0.005,0,weighted_average,kalman(weighted_average),false
1788864552.416,75.585,0.039,-3.321,2.114,-88.284,0.044,-3.320,2.110,-88.215,0.005,0.001,-0.003,0.006,0,weighted_average,kalman(weighted_average),false
1788864552.564,75.733,0.052,-3.321,2.107,-88.201,0.050,-3.321,2.107,-88.221,-0.002,-0.000,0.000,0.002,0,weighted_average,kalman(weighted_average),false
1788864552.615,75.784,0.055,-3.312,2.106,-88.189,0.055,-3.315,2.106,-88.201,-0.001,-0.003,-0.000,0.003,0,weighted_average,kalman(weighted_average),false
1788864552.670,75.839,0.056,-3.312,2.104,-88.190,0.057,-3.312,2.104,-88.192,0.001,-0.000,0.001,0.001,0,weighted_average,kalman(weighted_average),false
1788864552.728,75.897,0.054,-3.321,2.109,-88.237,0.056,-3.317,2.107,-88.215,0.002,0.004,-0.002,0.005,0,weighted_average,kalman(weighted_average),false
1788864552.872,76.041,0.056,-3.320,2.100,-88.267,0.056,-3.320,2.101,-88.259,0.000,0.000,0.001,0.001,0,weighted_average,kalman(weighted_average),false
1788864552.921,76.090,0.076,-3.310,2.092,-88.037,0.069,-3.314,2.094,-88.126,-0.006,-0.003,0.002,0.007,0,weighted_average,kalman(weighted_average),false
1788864552.978,76.148,0.076,-3.310,2.092,-88.037,0.076,-3.311,2.091,-88.055,0.000,-0.000,-0.001,0.001,0,weighted_average,kalman(weighted_average),false
1788864553.032,76.202,0.076,-3.310,2.092,-88.037,0.078,-3.309,2.091,-88.022,0.002,0.001,-0.002,0.003,0,weighted_average,kalman(weighted_average),false
1788864553.181,76.351,0.053,-3.317,2.089,-88.346,0.057,-3.316,2.088,-88.265,0.004,0.001,-0.000,0.004,0,weighted_average,kalman(weighted_average),false
1788864553.241,76.411,0.066,-3.315,2.089,-88.202,0.061,-3.316,2.089,-88.257,-0.005,-0.001,-0.000,0.006,0,weighted_average,kalman(weighted_average),false
1788864553.294,76.464,0.058,-3.316,2.073,-88.300,0.058,-3.317,2.079,-88.302,-0.000,-0.001,0.005,0.006,0,weighted_average,kalman(weighted_average),false
1788864553.351,76.520,0.058,-3.316,2.073,-88.300,0.057,-3.317,2.073,-88.323,-0.001,-0.001,0.000,0.001,0,weighted_average,kalman(weighted_average),false
1788864553.511,76.680,0.063,-3.316,2.074,-88.260,0.062,-3.316,2.073,-88.287,-0.001,-0.000,-0.001,0.002,0,weighted_average,kalman(weighted_average),false
1788864553.560,76.729,0.064,-3.315,2.082,-88.245,0.064,-3.315,2.079,-88.255,-0.000,-0.000,-0.003,0.003,0,weighted_average,kalman(weighted_average),false
1788864553.611,76.781,0.064,-3.322,2.083,-88.265,0.065,-3.319,2.083,-88.251,0.001,0.002,-0.000,0.003,0,weighted_average,kalman(weighted_average),false
1788864553.666,76.835,0.064,-3.322,2.083,-88.265,0.065,-3.321,2.085,-88.252,0.001,0.000,0.001,0.002,0,weighted_average,kalman(weighted_average),false
1788864553.809,76.978,0.070,-3.323,2.079,-88.154,0.069,-3.323,2.080,-88.168,-0.000,-0.000,0.002,0.002,0,weighted_average,kalman(weighted_average),false
1788864553.864,77.034,0.073,-3.325,2.079,-88.105,0.072,-3.324,2.079,-88.116,-0.000,0.000,-0.000,0.001,0,weighted_average,kalman(weighted_average),false
1788864553.914,77.084,0.058,-3.331,2.075,-88.313,0.064,-3.329,2.075,-88.213,0.006,0.002,0.001,0.006,0,weighted_average,kalman(weighted_average),false
1788864553.970,77.139,0.058,-3.331,2.075,-88.313,0.059,-3.331,2.074,-88.275,0.001,-0.000,-0.001,0.001,0,weighted_average,kalman(weighted_average),false
1788864554.111,77.281,0.068,-3.335,2.069,-88.159,0.066,-3.335,2.069,-88.198,-0.002,-0.000,-0.000,0.002,0,weighted_average,kalman(weighted_average),false
1788864554.160,77.330,0.059,-3.337,2.078,-88.254,0.062,-3.337,2.074,-88.224,0.003,-0.000,-0.003,0.005,0,weighted_average,kalman(weighted_average),false
1788864554.214,77.383,0.065,-3.334,2.072,-88.163,0.064,-3.335,2.074,-88.185,-0.001,-0.002,0.001,0.002,0,weighted_average,kalman(weighted_average),false
1788864554.276,77.445,0.073,-3.338,2.069,-88.075,0.071,-3.337,2.071,-88.111,-0.002,0.001,0.002,0.003,0,weighted_average,kalman(weighted_average),false
1788864554.413,77.582,0.060,-3.344,2.071,-88.229,0.062,-3.343,2.071,-88.184,0.002,0.001,-0.000,0.003,0,weighted_average,kalman(weighted_average),false
1788864554.481,77.651,0.059,-3.347,2.070,-88.252,0.059,-3.347,2.070,-88.240,-0.000,0.000,0.000,0.001,0,weighted_average,kalman(weighted_average),false
1788864554.546,77.715,0.061,-3.344,2.071,-88.184,0.059,-3.346,2.071,-88.219,-0.002,-0.002,-0.000,0.003,0,weighted_average,kalman(weighted_average),false
1788864554.606,77.775,0.059,-3.345,2.075,-88.190,0.059,-3.345,2.074,-88.207,-0.001,-0.001,-0.001,0.002,0,weighted_average,kalman(weighted_average),false
1788864554.749,77.918,0.065,-3.350,2.066,-88.125,0.065,-3.350,2.067,-88.141,-0.001,0.001,0.001,0.002,0,weighted_average,kalman(weighted_average),false
1788864554.803,77.973,0.063,-3.348,2.075,-88.142,0.064,-3.349,2.072,-88.133,0.001,-0.001,-0.003,0.003,0,weighted_average,kalman(weighted_average),false
1788864554.853,78.023,0.054,-3.349,2.078,-88.261,0.058,-3.349,2.076,-88.199,0.004,-0.001,-0.002,0.005,0,weighted_average,kalman(weighted_average),false
1788864554.903,78.072,0.056,-3.350,2.079,-88.216,0.056,-3.350,2.078,-88.214,0.000,0.000,-0.001,0.001,0,weighted_average,kalman(weighted_average),false
1788864555.057,78.227,0.059,-3.357,2.082,-88.196,0.058,-3.356,2.082,-88.206,-0.001,0.001,0.000,0.001,0,weighted_average,kalman(weighted_average),false
1788864555.114,78.284,0.063,-3.359,2.089,-88.162,0.062,-3.359,2.087,-88.176,-0.001,-0.000,-0.002,0.002,0,weighted_average,kalman(weighted_average),false
1788864555.161,78.330,0.055,-3.358,2.091,-88.249,0.058,-3.359,2.090,-88.212,0.003,-0.001,-0.000,0.003,0,weighted_average,kalman(weighted_average),false
1788864555.216,78.385,0.055,-3.358,2.091,-88.249,0.057,-3.359,2.092,-88.235,0.001,-0.001,0.001,0.002,0,weighted_average,kalman(weighted_average),false
1788864555.373,78.542,0.058,-3.365,2.093,-88.183,0.057,-3.364,2.094,-88.197,-0.000,0.000,0.000,0.001,0,weighted_average,kalman(weighted_average),false
1788864555.428,78.598,0.065,-3.360,2.094,-88.099,0.063,-3.362,2.094,-88.128,-0.002,-0.002,0.000,0.003,0,weighted_average,kalman(weighted_average),false
1788864555.482,78.652,0.055,-3.357,2.095,-88.243,0.059,-3.359,2.095,-88.181,0.004,-0.001,-0.000,0.004,0,weighted_average,kalman(weighted_average),false
1788864555.538,78.708,0.060,-3.365,2.085,-88.142,0.059,-3.362,2.089,-88.158,-0.001,0.003,0.004,0.005,0,weighted_average,kalman(weighted_average),false
1788864555.696,78.866,0.056,-3.361,2.092,-88.191,0.056,-3.361,2.091,-88.181,0.000,-0.000,-0.001,0.001,0,weighted_average,kalman(weighted_average),false
1788864555.755,78.925,0.055,-3.356,2.091,-88.170,0.055,-3.358,2.091,-88.177,-0.000,-0.001,0.001,0.001,0,weighted_average,kalman(weighted_average),false
1788864555.812,78.981,0.057,-3.355,2.105,-88.157,0.056,-3.355,2.101,-88.167,-0.001,-0.000,-0.004,0.005,0,weighted_average,kalman(weighted_average),false
1788864555.862,79.032,0.062,-3.355,2.098,-88.096,0.059,-3.354,2.101,-88.127,-0.002,0.001,0.003,0.004,0,weighted_average,kalman(weighted_average),false
1788864556.027,79.196,0.038,-3.359,2.094,-88.394,0.040,-3.358,2.095,-88.345,0.002,0.001,0.001,0.003,0,weighted_average,kalman(weighted_average),false
1788864556.081,79.251,0.065,-3.357,2.088,-88.057,0.055,-3.358,2.090,-88.186,-0.010,-0.001,0.001,0.010,0,weighted_average,kalman(weighted_average),false
1788864556.135,79.304,0.052,-3.359,2.098,-88.226,0.054,-3.359,2.093,-88.205,0.002,0.000,-0.004,0.005,0,weighted_average,kalman(weighted_average),false
1788864556.193,79.362,0.056,-3.357,2.095,-88.153,0.056,-3.358,2.094,-88.175,-0.000,-0.001,-0.001,0.002,0,weighted_average,kalman(weighted_average),false
1788864556.361,79.530,0.045,-3.351,2.112,-88.261,0.046,-3.352,2.111,-88.244,0.001,-0.001,-0.001,0.002,0,weighted_average,kalman(weighted_average),false
1788864556.411,79.581,0.041,-3.356,2.103,-88.275,0.041,-3.354,2.108,-88.273,0.000,0.002,0.004,0.005,0,weighted_average,kalman(weighted_average),false
1788864556.474,79.643,0.043,-3.350,2.101,-88.252,0.041,-3.351,2.104,-88.272,-0.002,-0.001,0.003,0.004,0,weighted_average,kalman(weighted_average),false
1788864556.532,79.701,0.045,-3.354,2.097,-88.242,0.043,-3.352,2.099,-88.261,-0.002,0.001,0.002,0.003,0,weighted_average,kalman(weighted_average),false
1788864556.676,79.845,0.050,-3.356,2.103,-88.116,0.049,-3.355,2.101,-88.146,-0.001,0.000,-0.001,0.002,0,weighted_average,kalman(weighted_average),false
1788864556.734,79.903,0.051,-3.354,2.115,-88.129,0.051,-3.355,2.112,-88.119,0.000,-0.001,-0.004,0.004,0,weighted_average,kalman(weighted_average),false
1788864556.793,79.962,0.034,-3.345,2.107,-88.321,0.040,-3.348,2.110,-88.226,0.007,-0.003,0.004,0.008,0,weighted_average,kalman(weighted_average),false
1788864556.854,80.023,0.034,-3.354,2.106,-88.350,0.034,-3.351,2.108,-88.309,0.001,0.003,0.002,0.004,0,weighted_average,kalman(weighted_average),false
1788864557.040,80.209,0.035,-3.359,2.105,-88.297,0.034,-3.359,2.105,-88.315,-0.001,0.001,0.000,0.001,0,weighted_average,kalman(weighted_average),false
1788864557.100,80.269,0.048,-3.353,2.107,-88.116,0.044,-3.355,2.106,-88.178,-0.003,-0.003,-0.001,0.004,0,weighted_average,kalman(weighted_average),false
1788864557.166,80.335,0.053,-3.352,2.098,-87.948,0.053,-3.353,2.100,-88.006,-0.000,-0.001,0.002,0.003,0,weighted_average,kalman(weighted_average),false
1788864557.222,80.391,0.049,-3.345,2.103,-88.087,0.052,-3.347,2.101,-88.013,0.003,-0.002,-0.002,0.004,0,weighted_average,kalman(weighted_average),false
1788864557.364,80.533,0.040,-3.348,2.097,-88.168,0.042,-3.347,2.097,-88.111,0.002,0.001,0.000,0.003,0,weighted_average,kalman(weighted_average),false
1788864557.420,80.589,0.043,-3.345,2.108,-88.103,0.041,-3.346,2.105,-88.118,-0.002,-0.001,-0.004,0.004,0,weighted_average,kalman(weighted_average),false
1788864557.488,80.657,0.032,-3.348,2.095,-88.225,0.034,-3.347,2.099,-88.197,0.001,0.001,0.004,0.004,0,weighted_average,kalman(weighted_average),false
1788864557.543,80.713,0.041,-3.352,2.105,-88.122,0.037,-3.350,2.102,-88.171,-0.004,0.002,-0.003,0.005,0,weighted_average,kalman(weighted_average),false
1788864557.685,80.854,0.033,-3.347,2.126,-88.228,0.033,-3.348,2.123,-88.225,0.000,-0.001,-0.003,0.003,0,weighted_average,kalman(weighted_average),false
1788864557.746,80.915,0.027,-3.359,2.102,-88.280,0.028,-3.355,2.111,-88.269,0.001,0.003,0.009,0.010,0,weighted_average,kalman(weighted_average),false
1788864557.814,80.984,0.024,-3.353,2.111,-88.308,0.024,-3.355,2.110,-88.307,0.000,-0.002,-0.001,0.002,0,weighted_average,kalman(weighted_average),false
1788864557.867,81.036,0.031,-3.341,2.111,-88.146,0.027,-3.346,2.111,-88.226,-0.004,-0.005,-0.001,0.006,0,weighted_average,kalman(weighted_average),false
1788864558.011,81.181,0.022,-3.351,2.128,-88.210,0.023,-3.349,2.126,-88.207,0.001,0.002,-0.002,0.003,0,weighted_average,kalman(weighted_average),false
1788864558.076,81.245,0.025,-3.346,2.120,-88.214,0.024,-3.348,2.123,-88.208,-0.001,-0.001,0.004,0.004,0,weighted_average,kalman(weighted_average),false
1788864558.130,81.300,0.023,-3.345,2.115,-88.207,0.023,-3.346,2.118,-88.206,0.000,-0.001,0.003,0.004,0,weighted_average,kalman(weighted_average),false
1788864558.189,81.358,0.028,-3.350,2.110,-88.143,0.026,-3.348,2.112,-88.168,-0.002,0.002,0.003,0.004,0,weighted_average,kalman(weighted_average),false
1788864558.328,81.498,0.024,-3.343,2.108,-88.158,0.025,-3.343,2.107,-88.151,0.001,-0.001,-0.001,0.001,0,weighted_average,kalman(weighted_average),false
1788864558.384,81.553,0.026,-3.340,2.105,-88.121,0.026,-3.340,2.105,-88.129,-0.001,-0.000,0.000,0.001,0,weighted_average,kalman(weighted_average),false
1788864558.466,81.635,0.021,-3.338,2.114,-88.215,0.022,-3.338,2.111,-88.181,0.001,0.000,-0.003,0.003,0,weighted_average,kalman(weighted_average),false
1788864558.629,81.798,0.012,-3.343,2.106,-88.309,0.012,-3.342,2.107,-88.297,0.000,0.001,0.001,0.001,0,weighted_average,kalman(weighted_average),false
1788864558.697,81.866,0.015,-3.350,2.087,-88.243,0.013,-3.349,2.091,-88.275,-0.002,0.001,0.004,0.005,0,weighted_average,kalman(weighted_average),false
1788864558.764,81.934,0.016,-3.346,2.094,-88.198,0.014,-3.348,2.090,-88.231,-0.001,-0.002,-0.004,0.004,0,weighted_average,kalman(weighted_average),false
1788864558.976,82.145,0.011,-3.339,2.099,-88.269,0.012,-3.340,2.098,-88.262,0.000,-0.001,-0.001,0.001,0,weighted_average,kalman(weighted_average),false
1788864559.096,82.266,0.021,-3.329,2.112,-88.151,0.020,-3.329,2.111,-88.175,-0.001,-0.000,-0.001,0.002,0,weighted_average,kalman(weighted_average),false
1788864559.272,82.441,0.025,-3.314,2.095,-88.015,0.026,-3.314,2.098,-88.022,0.000,0.000,0.002,0.002,0,weighted_average,kalman(weighted_average),false
1788864559.348,82.517,0.013,-3.310,2.108,-88.115,0.016,-3.309,2.104,-88.070,0.003,0.000,-0.004,0.005,0,weighted_average,kalman(weighted_average),false
1788864559.449,82.618,-0.002,-3.298,2.095,-88.294,0.000,-3.298,2.097,-88.236,0.002,-0.001,0.002,0.003,0,weighted_average,kalman(weighted_average),false
1788864559.634,82.804,0.012,-3.284,2.091,-88.115,0.010,-3.284,2.091,-88.147,-0.002,0.000,-0.000,0.002,0,weighted_average,kalman(weighted_average),false
1788864559.710,82.879,0.008,-3.262,2.097,-88.137,0.010,-3.266,2.095,-88.125,0.002,-0.004,-0.002,0.005,0,weighted_average,kalman(weighted_average),false
1788864559.786,82.955,0.002,-3.243,2.101,-88.223,0.005,-3.245,2.100,-88.180,0.003,-0.002,-0.001,0.004,0,weighted_average,kalman(weighted_average),false
1788864559.965,83.134,0.010,-3.207,2.105,-88.103,0.009,-3.206,2.105,-88.115,-0.001,0.000,0.000,0.001,0,weighted_average,kalman(weighted_average),false
1788864560.047,83.217,0.006,-3.182,2.079,-88.182,0.007,-3.183,2.085,-88.155,0.001,-0.001,0.006,0.006,0,weighted_average,kalman(weighted_average),false
1788864560.125,83.294,0.002,-3.158,2.075,-88.196,0.003,-3.159,2.074,-88.185,0.001,-0.001,-0.001,0.002,0,weighted_average,kalman(weighted_average),false
1788864560.298,83.467,0.008,-3.118,2.089,-88.111,0.007,-3.117,2.086,-88.125,-0.001,0.001,-0.003,0.003,0,weighted_average,kalman(weighted_average),false
1788864560.368,83.537,0.004,-3.103,2.085,-88.120,0.006,-3.102,2.088,-88.113,0.001,0.000,0.002,0.003,0,weighted_average,kalman(weighted_average),false
1788864560.440,83.610,0.009,-3.088,2.068,-88.057,0.008,-3.087,2.074,-88.069,-0.001,0.000,0.006,0.007,0,weighted_average,kalman(weighted_average),false
1788864560.595,83.765,-0.003,-3.100,1.981,-88.225,-0.001,-3.096,1.988,-88.191,0.001,0.004,0.007,0.008,0,weighted_average,kalman(weighted_average),false
1788864560.661,83.830,-1.039,-3.793,1.708,-100.402,-0.001,-3.096,1.988,-96.543,1.038,0.698,0.280,1.282,12,weighted_average,kalman(weighted_average),true
1788864560.728,83.897,-0.699,-3.741,1.254,-96.671,-0.001,-3.096,1.988,-98.034,0.697,0.645,0.734,1.200,12,weighted_average,kalman(weighted_average),true
1788864560.792,83.962,-0.169,-3.594,1.830,-90.797,-0.159,-3.565,1.839,-94.596,0.010,0.028,0.009,0.031,12,weighted_average,kalman(weighted_average),false
1788864560.956,84.125,-1.618,-3.693,1.854,-106.961,-0.159,-3.565,1.839,-105.137,1.459,0.127,-0.015,1.464,12,weighted_average,kalman(weighted_average),true
1788864561.024,84.193,-2.188,-3.535,1.037,-113.364,-0.159,-3.565,1.839,-112.281,2.029,-0.030,0.802,2.182,12,weighted_average,kalman(weighted_average),true
1788864561.095,84.264,-0.903,-3.655,1.859,-99.207,-0.889,-3.653,1.859,-105.771,0.014,0.002,-0.000,0.014,12,weighted_average,kalman(weighted_average),false
1788864561.248,84.417,-2.231,-3.437,0.896,-114.188,-0.889,-3.653,1.859,-112.835,1.342,-0.216,0.963,1.666,12,weighted_average,kalman(weighted_average),true
1788864561.317,84.487,-0.086,-3.378,2.104,-89.256,-0.117,-3.389,2.095,-97.492,-0.031,-0.011,-0.009,0.034,12,weighted_average,kalman(weighted_average),false
1788864561.385,84.554,-0.226,-3.407,2.126,-90.302,-0.117,-3.389,2.095,-90.852,0.109,0.019,-0.031,0.115,12,weighted_average,kalman(weighted_average),true
1788864561.546,84.716,-0.136,-3.372,1.999,-87.823,-0.135,-3.373,2.004,-86.177,0.001,-0.001,0.004,0.004,12,weighted_average,kalman(weighted_average),false
1788864561.612,84.782,-0.157,-3.314,2.156,-86.967,-0.153,-3.327,2.110,-86.184,0.004,-0.013,-0.046,0.047,12,weighted_average,kalman(weighted_average),false
1788864561.682,84.852,-0.094,-3.291,2.042,-85.899,-0.113,-3.292,2.073,-85.663,-0.019,-0.001,0.032,0.037,12,weighted_average,kalman(weighted_average),false
1788864561.846,85.016,0.047,-3.164,2.083,-83.171,0.038,-3.168,2.082,-83.271,-0.009,-0.004,-0.001,0.010,12,weighted_average,kalman(weighted_average),false
1788864561.910,85.080,-0.188,-3.229,2.085,-86.043,-0.111,-3.199,2.085,-84.857,0.077,0.030,0.000,0.082,12,weighted_average,kalman(weighted_average),false
1788864561.982,85.151,-0.065,-3.175,2.082,-84.465,-0.093,-3.180,2.084,-84.671,-0.028,-0.005,0.002,0.029,12,weighted_average,kalman(weighted_average),false
1788864562.157,85.326,-0.092,-3.172,2.014,-84.759,-0.094,-3.170,2.019,-84.752,-0.002,0.002,0.005,0.006,12,weighted_average,kalman(weighted_average),false
1788864562.225,85.394,-2.268,-3.135,0.939,-110.952,-0.094,-3.170,2.019,-103.023,2.174,-0.035,1.080,2.427,12,weighted_average,kalman(weighted_average),true
1788864562.301,85.470,-0.114,-3.128,1.967,-84.960,-0.112,-3.132,1.972,-93.971,0.002,-0.004,0.005,0.007,12,weighted_average,kalman(weighted_average),false
1788864562.465,85.635,-2.331,-3.047,0.972,-112.194,-0.112,-3.132,1.972,-109.690,2.218,-0.086,1.000,2.435,12,weighted_average,kalman(weighted_average),true
1788864562.542,85.711,-2.371,-3.032,1.004,-112.888,-0.112,-3.132,1.972,-114.170,2.259,-0.100,0.968,2.459,12,weighted_average,kalman(weighted_average),true
1788864562.620,85.790,-2.267,-3.079,1.090,-111.604,-0.112,-3.132,1.972,-114.338,2.154,-0.053,0.882,2.329,12,weighted_average,kalman(weighted_average),true
1788864562.775,85.944,-0.163,-3.026,2.032,-86.071,-0.163,-3.026,2.032,-91.138,0.000,-0.001,-0.000,0.001,12,weighted_average,kalman(weighted_average),false
1788864562.838,86.007,-0.113,-3.009,1.942,-85.455,-0.126,-3.009,1.966,-84.240,-0.014,0.000,0.023,0.027,12,weighted_average,kalman(weighted_average),false
1788864562.915,86.085,-2.332,-2.991,1.077,-112.926,-0.126,-3.009,1.966,-100.224,2.206,-0.017,0.889,2.378,12,weighted_average,kalman(weighted_average),true
1788864563.066,86.236,-0.034,-2.927,2.024,-83.190,-0.038,-2.930,2.022,-87.054,-0.003,-0.003,-0.002,0.005,12,weighted_average,kalman(weighted_average),false
1788864563.139,86.309,-0.044,-2.883,2.130,-82.210,-0.035,-2.887,2.110,-81.803,0.009,-0.004,-0.020,0.022,12,weighted_average,kalman(weighted_average),false
1788864563.214,86.384,-0.051,-2.854,2.115,-81.976,-0.044,-2.852,2.130,-79.992,0.007,0.002,0.015,0.017,12,weighted_average,kalman(weighted_average),false
1788864563.376,86.545,-0.049,-2.781,2.154,-81.686,-0.049,-2.780,2.158,-80.310,0.000,0.000,0.004,0.004,12,weighted_average,kalman(weighted_average),false
1788864563.441,86.610,-0.012,-2.777,2.055,-81.202,-0.022,-2.771,2.083,-81.008,-0.010,0.007,0.028,0.031,12,weighted_average,kalman(weighted_average),false
1788864563.514,86.683,-0.101,-2.824,1.880,-82.432,-0.076,-2.805,1.922,-82.131,0.025,0.019,0.042,0.052,12,weighted_average,kalman(weighted_average),false
1788864563.665,86.835,-0.028,-2.718,2.061,-81.256,-0.038,-2.729,2.025,-81.666,-0.010,-0.011,-0.036,0.039,12,weighted_average,kalman(weighted_average),false
1788864563.729,86.898,0.001,-2.706,1.979,-81.090,-0.003,-2.701,2.009,-81.217,-0.004,0.004,0.030,0.031,12,weighted_average,kalman(weighted_average),false
1788864563.792,86.962,-0.039,-2.701,2.029,-82.306,-0.019,-2.691,2.030,-81.790,0.019,0.010,0.001,0.022,12,weighted_average,kalman(weighted_average),false
1788864563.861,87.030,-0.118,-2.696,2.038,-84.034,-0.087,-2.688,2.042,-83.232,0.031,0.008,0.004,0.032,12,weighted_average,kalman(weighted_average),false
1788864564.004,87.174,-0.082,-2.661,2.047,-84.172,-0.091,-2.662,2.050,-84.280,-0.009,-0.001,0.003,0.010,12,weighted_average,kalman(weighted_average),false
1788864564.072,87.242,-0.096,-2.660,2.030,-84.670,-0.094,-2.657,2.036,-84.707,0.002,0.003,0.006,0.007,12,weighted_average,kalman(weighted_average),false
1788864564.160,87.329,-0.059,-2.643,1.920,-85.095,-0.067,-2.644,1.943,-85.158,-0.008,-0.001,0.023,0.025,12,weighted_average,kalman(weighted_average),false
1788864564.313,87.482,0.000,-2.552,1.940,-86.136,-0.002,-2.558,1.929,-86.124,-0.003,-0.006,-0.011,0.013,12,weighted_average,kalman(weighted_average),false
1788864564.386,87.556,-0.073,-2.531,2.022,-87.879,-0.049,-2.527,2.001,-87.499,0.024,0.005,-0.021,0.032,12,weighted_average,kalman(weighted_average),false
1788864564.440,87.610,-0.039,-2.508,1.938,-87.795,-0.047,-2.505,1.970,-87.945,-0.007,0.003,0.032,0.033,12,weighted_average,kalman(weighted_average),false
1788864564.493,87.663,-0.059,-2.507,1.903,-88.523,-0.057,-2.498,1.929,-88.524,0.003,0.009,0.025,0.027,12,weighted_average,kalman(weighted_average),false
1788864564.627,87.796,-0.014,-2.430,2.027,-88.599,-0.023,-2.433,2.008,-88.895,-0.008,-0.004,-0.019,0.021,12,weighted_average,kalman(weighted_average),false
1788864564.685,87.855,0.014,-2.394,1.983,-88.300,0.009,-2.397,2.002,-88.582,-0.006,-0.003,0.019,0.020,12,weighted_average,kalman(weighted_average),false
1788864564.746,87.915,-0.061,-2.415,2.025,-89.640,-0.031,-2.398,2.023,-89.221,0.030,0.016,-0.002,0.035,12,weighted_average,kalman(weighted_average),false
1788864564.794,87.964,-0.052,-2.377,2.053,-89.593,-0.047,-2.381,2.048,-89.521,0.005,-0.003,-0.006,0.009,12,weighted_average,kalman(weighted_average),false
1788864564.933,88.102,0.008,-2.314,2.020,-88.872,-0.003,-2.318,2.030,-89.150,-0.011,-0.003,0.011,0.016,12,weighted_average,kalman(weighted_average),false
1788864564.984,88.153,0.013,-2.315,2.008,-88.900,0.014,-2.308,2.012,-88.949,0.001,0.007,0.004,0.008,12,weighted_average,kalman(weighted_average),false
1788864565.054,88.223,0.045,-2.277,2.023,-88.477,0.043,-2.279,2.014,-88.575,-0.002,-0.002,-0.009,0.009,12,weighted_average,kalman(weighted_average),false
1788864565.146,88.315,-0.035,-2.317,1.960,-89.884,-0.010,-2.301,1.970,-89.375,0.025,0.016,0.010,0.031,12,weighted_average,kalman(weighted_average),false
1788864565.403,88.572,0.041,-2.212,2.018,-88.921,0.036,-2.217,2.012,-89.031,-0.006,-0.005,-0.006,0.010,12,weighted_average,kalman(weighted_average),false
1788864565.489,88.658,0.015,-2.217,1.959,-89.439,0.026,-2.207,1.976,-89.274,0.011,0.010,0.017,0.023,12,weighted_average,kalman(weighted_average),false
1788864565.665,88.835,0.063,-2.137,1.951,-88.835,0.062,-2.139,1.950,-88.890,-0.002,-0.001,-0.000,0.002,12,weighted_average,kalman(weighted_average),false
1788864565.735,88.904,0.069,-2.109,1.984,-88.771,0.072,-2.109,1.974,-88.757,0.002,-0.000,-0.010,0.011,12,weighted_average,kalman(weighted_average),false
1788864565.805,88.974,0.067,-2.093,2.002,-88.860,0.072,-2.089,1.997,-88.773,0.005,0.004,-0.005,0.008,12,weighted_average,kalman(weighted_average),false
1788864565.987,89.156,0.074,-2.029,2.000,-88.810,0.075,-2.029,2.003,-88.785,0.001,0.000,0.003,0.003,12,weighted_average,kalman(weighted_average),false
1788864566.054,89.224,0.057,-2.030,1.982,-89.162,0.062,-2.025,1.986,-89.052,0.004,0.006,0.004,0.008,12,weighted_average,kalman(weighted_average),false
1788864566.117,89.286,0.077,-1.991,1.980,-88.835,0.070,-1.998,1.978,-88.960,-0.007,-0.007,-0.001,0.010,12,weighted_average,kalman(weighted_average),false
1788864566.167,89.337,0.088,-1.956,1.991,-88.604,0.082,-1.965,1.984,-88.767,-0.006,-0.009,-0.007,0.013,12,weighted_average,kalman(weighted_average),false
1788864566.309,89.479,0.042,-1.951,1.969,-89.482,0.049,-1.945,1.970,-89.314,0.007,0.006,0.001,0.009,12,weighted_average,kalman(weighted_average),false
1788864566.359,89.528,0.051,-1.922,1.988,-89.312,0.046,-1.928,1.981,-89.382,-0.005,-0.006,-0.007,0.010,12,weighted_average,kalman(weighted_average),false
1788864566.408,89.577,0.057,-1.908,1.974,-89.218,0.050,-1.912,1.977,-89.351,-0.008,-0.004,0.003,0.009,12,weighted_average,kalman(weighted_average),false
1788864566.457,89.626,0.065,-1.895,2.000,-89.094,0.057,-1.897,1.991,-89.251,-0.007,-0.002,-0.009,0.012,12,weighted_average,kalman(weighted_average),false
1788864566.608,89.777,0.055,-1.871,2.017,-89.284,0.056,-1.869,2.016,-89.287,0.001,0.002,-0.001,0.002,12,weighted_average,kalman(weighted_average),false
1788864566.659,89.828,0.066,-1.841,2.024,-89.034,0.062,-1.848,2.024,-89.132,-0.003,-0.006,0.000,0.007,12,weighted_average,kalman(weighted_average),false
1788864566.710,89.880,0.080,-1.848,1.965,-88.897,0.074,-1.843,1.990,-88.976,-0.005,0.005,0.024,0.026,12,weighted_average,kalman(weighted_average),false
1788864566.759,89.928,0.085,-1.837,1.998,-88.837,0.083,-1.836,1.990,-88.862,-0.002,0.002,-0.007,0.008,12,weighted_average,kalman(weighted_average),false
1788864566.899,90.069,0.101,-1.797,2.014,-87.910,0.101,-1.799,2.009,-88.049,0.001,-0.002,-0.005,0.005,12,weighted_average,kalman(weighted_average),false
1788864566.948,90.117,0.093,-1.790,2.023,-87.224,0.098,-1.788,2.021,-87.434,0.005,0.001,-0.002,0.005,12,weighted_average,kalman(weighted_average),false
1788864567.001,90.171,0.123,-1.761,2.041,-86.211,0.115,-1.766,2.038,-86.543,-0.008,-0.005,-0.003,0.010,12,weighted_average,kalman(weighted_average),false
1788864567.050,90.220,0.085,-1.785,2.022,-86.061,0.100,-1.771,2.033,-86.027,0.015,0.014,0.011,0.023,12,weighted_average,kalman(weighted_average),false
1788864567.193,90.362,0.063,-1.792,2.081,-84.843,0.067,-1.787,2.077,-84.763,0.004,0.005,-0.004,0.008,12,weighted_average,kalman(weighted_average),false
1788864567.249,90.419,0.124,-1.747,2.065,-82.834,0.103,-1.761,2.074,-83.338,-0.021,-0.014,0.009,0.027,12,weighted_average,kalman(weighted_average),false
1788864567.303,90.472,0.095,-1.771,2.088,-82.988,0.101,-1.765,2.086,-82.790,0.006,0.006,-0.002,0.009,12,weighted_average,kalman(weighted_average),false
1788864567.350,90.520,0.070,-1.784,2.106,-82.622,0.084,-1.776,2.101,-82.406,0.014,0.008,-0.005,0.017,12,weighted_average,kalman(weighted_average),false
1788864567.491,90.661,0.097,-1.783,2.071,-80.466,0.094,-1.783,2.079,-80.525,-0.003,-0.000,0.008,0.009,12,weighted_average,kalman(weighted_average),false
1788864567.545,90.714,0.122,-1.768,2.053,-79.129,0.115,-1.773,2.057,-79.378,-0.007,-0.005,0.005,0.010,12,weighted_average,kalman(weighted_average),false
1788864567.592,90.761,0.121,-1.758,2.115,-78.636,0.123,-1.763,2.087,-78.623,0.002,-0.005,-0.027,0.028,12,weighted_average,kalman(weighted_average),false
1788864567.644,90.814,0.101,-1.791,2.054,-78.216,0.114,-1.777,2.068,-78.014,0.013,0.013,0.015,0.024,12,weighted_average,kalman(weighted_average),false
1788864567.780,90.949,0.138,-1.768,2.079,-75.759,0.135,-1.770,2.075,-75.821,-0.003,-0.002,-0.004,0.005,12,weighted_average,kalman(weighted_average),false
1788864567.828,90.998,0.105,-1.784,2.068,-75.907,0.118,-1.779,2.071,-75.572,0.012,0.005,0.004,0.014,12,weighted_average,kalman(weighted_average),false
1788864567.882,91.052,0.120,-1.781,2.064,-74.806,0.118,-1.781,2.067,-74.851,-0.002,0.000,0.002,0.003,12,weighted_average,kalman(weighted_average),false
1788864567.939,91.108,0.119,-1.783,2.061,-74.417,0.118,-1.783,2.062,-74.296,-0.001,0.000,0.001,0.002,12,weighted_average,kalman(weighted_average),false
1788864568.138,91.307,0.132,-1.787,2.019,-72.230,0.132,-1.787,2.020,-72.206,-0.001,-0.000,0.002,0.002,12,weighted_average,kalman(weighted_average),false
1788864568.205,91.375,0.112,-1.793,2.044,-71.844,0.118,-1.792,2.033,-71.746,0.007,0.001,-0.011,0.013,12,weighted_average,kalman(weighted_average),false
1788864568.277,91.447,0.132,-1.791,2.032,-70.758,0.127,-1.792,2.032,-70.882,-0.005,-0.001,0.000,0.005,12,weighted_average,kalman(weighted_average),false
1788864568.437,91.607,0.118,-1.802,2.041,-68.764,0.119,-1.802,2.040,-68.831,0.001,0.001,-0.001,0.002,12,weighted_average,kalman(weighted_average),false
1788864568.487,91.656,0.134,-1.787,2.054,-67.637,0.128,-1.793,2.051,-67.840,-0.006,-0.006,-0.003,0.009,12,weighted_average,kalman(weighted_average),false
1788864568.540,91.709,0.110,-1.815,2.028,-67.414,0.117,-1.806,2.038,-67.251,0.007,0.008,0.010,0.015,12,weighted_average,kalman(weighted_average),false
1788864568.589,91.759,0.108,-1.816,2.048,-67.065,0.110,-1.814,2.044,-66.841,0.002,0.002,-0.005,0.005,12,weighted_average,kalman(weighted_average),false
1788864568.735,91.904,0.110,-1.820,2.013,-65.030,0.108,-1.821,2.017,-65.048,-0.002,-0.002,0.004,0.005,12,weighted_average,kalman(weighted_average),false
1788864568.781,91.950,0.120,-1.799,2.061,-64.399,0.116,-1.807,2.043,-64.432,-0.004,-0.008,-0.018,0.020,12,weighted_average,kalman(weighted_average),false
1788864568.833,92.002,0.117,-1.804,2.054,-64.102,0.118,-1.803,2.052,-63.960,0.001,0.001,-0.002,0.003,12,weighted_average,kalman(weighted_average),false
1788864568.883,92.052,0.155,-1.628,2.177,-61.817,0.142,-1.693,2.131,-62.531,-0.013,-0.065,-0.045,0.081,8,weighted_average,kalman(weighted_average),false
1788864568.937,92.106,0.149,-1.625,2.189,-61.484,0.152,-1.630,2.183,-61.535,0.002,-0.005,-0.006,0.008,8,weighted_average,kalman(weighted_average),false
1788864569.077,92.246,0.156,-1.639,2.160,-59.736,0.159,-1.618,2.178,-59.590,0.003,0.020,0.018,0.027,8,weighted_average,kalman(weighted_average),false
1788864569.127,92.297,0.147,-1.625,2.192,-59.297,0.151,-1.624,2.185,-59.142,0.004,0.001,-0.007,0.008,8,weighted_average,kalman(weighted_average),false
1788864569.177,92.347,0.159,-1.623,2.181,-58.356,0.155,-1.625,2.182,-58.435,-0.004,-0.002,0.001,0.004,8,weighted_average,kalman(weighted_average),false
1788864569.226,92.395,0.149,-1.626,2.188,-58.166,0.151,-1.627,2.184,-58.002,0.003,-0.001,-0.003,0.004,8,weighted_average,kalman(weighted_average),false
1788864569.276,92.445,0.152,-1.630,2.185,-57.448,0.151,-1.630,2.185,-57.438,-0.001,0.000,-0.000,0.001,8,weighted_average,kalman(weighted_average),false
1788864569.411,92.580,0.146,-1.623,2.183,-55.949,0.146,-1.625,2.183,-55.937,0.000,-0.002,0.000,0.002,8,weighted_average,kalman(weighted_average),false
1788864569.457,92.627,0.154,-1.622,2.185,-55.499,0.151,-1.622,2.185,-55.466,-0.003,-0.000,-0.001,0.003,8,weighted_average,kalman(weighted_average),false
1788864569.510,92.679,0.153,-1.618,2.182,-54.733,0.153,-1.619,2.183,-54.806,-0.001,-0.000,0.001,0.001,8,weighted_average,kalman(weighted_average),false
1788864569.558,92.727,0.155,-1.624,2.172,-54.421,0.155,-1.621,2.176,-54.342,-0.001,0.003,0.004,0.005,8,weighted_average,kalman(weighted_average),false
1788864569.608,92.777,0.143,-1.632,2.172,-53.953,0.148,-1.627,2.173,-53.881,0.006,0.005,0.000,0.007,8,weighted_average,kalman(weighted_average),false
1788864569.744,92.913,0.152,-1.631,2.157,-52.238,0.151,-1.631,2.158,-52.292,-0.001,-0.000,0.001,0.001,8,weighted_average,kalman(weighted_average),false
1788864569.795,92.964,0.158,-1.631,2.159,-51.731,0.157,-1.632,2.157,-51.719,-0.002,-0.001,-0.002,0.003,8,weighted_average,kalman(weighted_average),false
1788864569.850,93.019,0.142,-1.635,2.155,-51.161,0.148,-1.634,2.154,-51.133,0.006,0.001,-0.001,0.006,8,weighted_average,kalman(weighted_average),false
1788864569.899,93.069,0.133,-1.638,2.157,-50.909,0.138,-1.637,2.155,-50.758,0.005,0.001,-0.002,0.006,8,weighted_average,kalman(weighted_average),false
1788864570.045,93.214,0.119,-1.641,2.164,-49.538,0.120,-1.641,2.163,-49.495,0.000,-0.000,-0.002,0.002,8,weighted_average,kalman(weighted_average),false
1788864570.094,93.263,0.035,-1.713,2.084,-51.704,0.060,-1.690,2.110,-50.707,0.025,0.023,0.026,0.043,11,weighted_average,kalman(weighted_average),false
1788864570.146,93.315,0.061,-1.698,2.094,-50.017,0.049,-1.704,2.092,-50.381,-0.011,-0.006,-0.002,0.013,8|11,weighted_average,kalman(weighted_average),false
1788864570.198,93.367,0.052,-1.700,2.102,-49.708,0.043,-1.708,2.090,-50.000,-0.009,-0.009,-0.012,0.017,8|11,weighted_average,kalman(weighted_average),false
1788864570.327,93.496,0.042,-1.714,2.089,-48.353,0.037,-1.718,2.085,-48.642,-0.005,-0.004,-0.004,0.008,8|11,weighted_average,kalman(weighted_average),false
1788864570.391,93.560,0.027,-1.715,2.103,-47.640,0.029,-1.717,2.098,-47.767,0.002,-0.002,-0.005,0.006,8|11,weighted_average,kalman(weighted_average),false
1788864570.446,93.616,0.027,-1.724,2.090,-46.879,0.026,-1.722,2.095,-46.982,-0.001,0.002,0.004,0.005,8|11,weighted_average,kalman(weighted_average),false
1788864570.490,93.659,0.017,-1.724,2.095,-46.581,0.020,-1.724,2.095,-46.513,0.002,0.000,0.000,0.002,8|11,weighted_average,kalman(weighted_average),false
1788864570.640,93.809,-0.017,-1.752,2.071,-45.947,-0.015,-1.750,2.074,-45.717,0.002,0.002,0.003,0.004,11,weighted_average,kalman(weighted_average),false
1788864570.685,93.854,0.003,-1.733,2.089,-44.373,-0.007,-1.742,2.081,-44.806,-0.010,-0.008,-0.008,0.015,8|10|11,weighted_average,kalman(weighted_average),false
1788864570.732,93.902,-0.011,-1.749,2.088,-44.417,-0.011,-1.747,2.085,-44.379,0.000,0.002,-0.003,0.004,8|11,weighted_average,kalman(weighted_average),false
1788864570.785,93.954,-0.015,-1.751,2.097,-43.578,-0.015,-1.751,2.093,-43.711,-0.000,0.000,-0.005,0.005,8|11,weighted_average,kalman(weighted_average),false
1788864570.835,94.005,-0.038,-1.769,2.067,-43.939,-0.031,-1.763,2.079,-43.576,0.007,0.006,0.011,0.015,11,weighted_average,kalman(weighted_average),false
1788864570.983,94.152,-0.036,-1.757,2.090,-41.337,-0.038,-1.761,2.087,-41.543,-0.002,-0.003,-0.003,0.005,8|10|11,weighted_average,kalman(weighted_average),false
1788864571.032,94.201,-0.040,-1.757,2.087,-40.980,-0.040,-1.757,2.088,-40.936,0.000,-0.000,0.001,0.001,8|10|11,weighted_average,kalman(weighted_average),false
1788864571.081,94.251,-0.051,-1.772,2.092,-40.576,-0.047,-1.765,2.092,-40.444,0.004,0.006,-0.000,0.007,8|11,weighted_average,kalman(weighted_average),false
1788864571.136,94.305,-0.052,-1.773,2.092,-39.880,-0.052,-1.771,2.093,-39.838,0.000,0.002,0.001,0.002,8|11,weighted_average,kalman(weighted_average),false
1788864571.264,94.433,-0.055,-1.774,2.092,-38.867,-0.056,-1.775,2.093,-38.744,-0.001,-0.001,0.001,0.002,8|11,weighted_average,kalman(weighted_average),false
1788864571.317,94.486,-0.057,-1.776,2.091,-38.287,-0.057,-1.776,2.091,-38.282,-0.000,-0.000,0.001,0.001,8|11,weighted_average,kalman(weighted_average),false
1788864571.368,94.538,-0.052,-1.773,2.090,-37.782,-0.054,-1.775,2.090,-37.800,-0.002,-0.001,0.000,0.003,8|11,weighted_average,kalman(weighted_average),false
1788864571.419,94.588,-0.047,-1.760,2.086,-36.884,-0.050,-1.766,2.087,-37.094,-0.002,-0.006,0.001,0.006,8|10|11,weighted_average,kalman(weighted_average),false
1788864571.474,94.644,-0.053,-1.772,2.089,-36.770,-0.051,-1.768,2.087,-36.646,0.002,0.004,-0.001,0.005,8|11,weighted_average,kalman(weighted_average),false
1788864571.615,94.784,-0.058,-1.776,2.083,-35.187,-0.057,-1.775,2.083,-35.205,0.001,0.001,0.000,0.002,8|11,weighted_average,kalman(weighted_average),false
1788864571.662,94.831,-0.045,-1.761,2.080,-34.383,-0.050,-1.767,2.081,-34.513,-0.005,-0.005,0.001,0.007,8|10|11,weighted_average,kalman(weighted_average),false
1788864571.713,94.883,-0.063,-1.779,2.081,-34.265,-0.058,-1.774,2.080,-34.111,0.005,0.005,-0.001,0.008,8|11,weighted_average,kalman(weighted_average),false
1788864571.765,94.934,-0.049,-1.760,2.082,-33.350,-0.053,-1.766,2.081,-33.454,-0.004,-0.006,-0.001,0.008,8|10|11,weighted_average,kalman(weighted_average),false
1788864571.905,95.074,-0.065,-1.774,2.085,-32.370,-0.063,-1.772,2.084,-32.273,0.002,0.002,-0.001,0.002,8|11,weighted_average,kalman(weighted_average),false
1788864571.952,95.122,-0.051,-1.760,2.076,-31.250,-0.057,-1.765,2.079,-31.487,-0.005,-0.005,0.003,0.008,8|10|11,weighted_average,kalman(weighted_average),false
1788864572.003,95.172,-0.081,-1.784,2.058,-31.427,-0.072,-1.776,2.065,-31.204,0.009,0.007,0.007,0.014,11,weighted_average,kalman(weighted_average),false
1788864572.058,95.227,-0.062,-1.776,2.075,-30.482,-0.068,-1.778,2.069,-30.581,-0.006,-0.002,-0.006,0.009,8|11,weighted_average,kalman(weighted_average),false
1788864572.104,95.273,-0.064,-1.775,2.074,-29.712,-0.066,-1.777,2.071,-29.905,-0.003,-0.002,-0.003,0.004,8|11,weighted_average,kalman(weighted_average),false
1788864572.237,95.407,-0.054,-1.761,2.066,-27.649,-0.056,-1.764,2.067,-27.813,-0.002,-0.003,0.000,0.003,8|10|11,weighted_average,kalman(weighted_average),false
1788864572.290,95.459,-0.066,-1.776,2.068,-27.623,-0.062,-1.771,2.067,-27.391,0.005,0.006,-0.001,0.007,8|11,weighted_average,kalman(weighted_average),false
1788864572.341,95.510,-0.054,-1.760,2.065,-26.298,-0.057,-1.764,2.066,-26.489,-0.003,-0.004,0.000,0.005,8|10|11,weighted_average,kalman(weighted_average),false
1788864572.391,95.560,-0.070,-1.775,2.071,-26.314,-0.064,-1.770,2.069,-26.063,0.006,0.006,-0.002,0.008,8|11,weighted_average,kalman(weighted_average),false
1788864572.458,95.627,-0.062,-1.773,2.067,-25.730,-0.064,-1.772,2.068,-25.523,-0.001,0.001,0.001,0.002,8|11,weighted_average,kalman(weighted_average),false
1788864572.592,95.761,-0.062,-1.759,2.072,-23.495,-0.063,-1.761,2.072,-23.628,-0.001,-0.002,-0.001,0.002,8|10|11,weighted_average,kalman(weighted_average),false
1788864572.642,95.811,-0.082,-1.785,2.047,-23.534,-0.076,-1.776,2.056,-23.309,0.006,0.009,0.008,0.014,11,weighted_average,kalman(weighted_average),false
1788864572.691,95.860,-0.069,-1.775,2.074,-22.634,-0.073,-1.777,2.065,-22.689,-0.005,-0.002,-0.009,0.010,8|11,weighted_average,kalman(weighted_average),false
1788864572.745,95.914,-0.082,-1.790,2.047,-22.423,-0.080,-1.786,2.053,-22.260,0.002,0.004,0.007,0.008,11,weighted_average,kalman(weighted_average),false
1788864572.793,95.963,-0.090,-1.789,2.060,-22.061,-0.087,-1.790,2.056,-21.920,0.003,-0.001,-0.004,0.005,11,weighted_average,kalman(weighted_average),false
1788864572.930,96.099,-0.080,-1.791,2.050,-20.338,-0.083,-1.792,2.050,-20.410,-0.003,-0.002,0.000,0.003,11,weighted_average,kalman(weighted_average),false
1788864572.981,96.150,-0.063,-1.775,2.080,-18.767,-0.069,-1.781,2.070,-19.177,-0.005,-0.006,-0.010,0.013,8|11,weighted_average,kalman(weighted_average),false
1788864573.027,96.197,-0.079,-1.789,2.054,-18.983,-0.072,-1.784,2.063,-18.741,0.007,0.005,0.009,0.012,11,weighted_average,kalman(weighted_average),false
1788864573.084,96.253,-0.060,-1.777,2.081,-17.454,-0.063,-1.779,2.075,-17.679,-0.003,-0.002,-0.006,0.007,8|11,weighted_average,kalman(weighted_average),false
1788864573.214,96.383,-0.072,-1.795,2.053,-16.329,-0.069,-1.791,2.058,-16.174,0.003,0.003,0.005,0.007,11,weighted_average,kalman(weighted_average),false
1788864573.261,96.430,-0.067,-1.792,2.052,-15.703,-0.069,-1.794,2.052,-15.667,-0.001,-0.001,-0.001,0.002,11,weighted_average,kalman(weighted_average),false
1788864573.314,96.484,-0.069,-1.794,2.051,-14.865,-0.069,-1.796,2.049,-14.943,-0.001,-0.001,-0.003,0.003,11,weighted_average,kalman(weighted_average),false
1788864573.363,96.532,-0.073,-1.797,2.051,-14.515,-0.072,-1.798,2.048,-14.435,0.001,-0.001,-0.003,0.003,11,weighted_average,kalman(weighted_average),false
1788864573.417,96.587,-0.035,-1.718,2.069,-12.154,-0.050,-1.749,2.060,-12.912,-0.015,-0.032,-0.010,0.036,9|10|11,weighted_average,kalman(weighted_average),false
1788864573.553,96.723,-0.040,-1.721,2.061,-10.788,-0.038,-1.718,2.062,-10.722,0.002,0.003,0.001,0.004,9|11,weighted_average,kalman(weighted_average),false
1788864573.606,96.775,-0.035,-1.728,2.064,-10.175,-0.035,-1.721,2.063,-10.059,0.000,0.007,-0.000,0.007,9|11,weighted_average,kalman(weighted_average),false
1788864573.654,96.824,-0.042,-1.720,2.071,-9.554,-0.038,-1.719,2.069,-9.462,0.004,0.001,-0.003,0.005,9|11,weighted_average,kalman(weighted_average),false
1788864573.705,96.874,-0.039,-1.719,2.062,-8.734,-0.038,-1.718,2.066,-8.742,0.001,0.001,0.004,0.004,9|11,weighted_average,kalman(weighted_average),false
1788864573.757,96.926,-0.038,-1.709,2.074,-7.954,-0.038,-1.711,2.071,-7.980,-0.000,-0.002,-0.003,0.004,9|10|11,weighted_average,kalman(weighted_average),false
1788864573.907,97.077,-0.044,-1.714,2.070,-6.727,-0.043,-1.712,2.071,-6.560,0.001,0.002,0.001,0.002,9|11,weighted_average,kalman(weighted_average),false
1788864573.951,97.120,-0.084,-1.779,2.069,-7.025,-0.071,-1.757,2.070,-6.684,0.013,0.022,0.001,0.026,11,weighted_average,kalman(weighted_average),false
1788864574.006,97.175,-0.083,-1.782,2.065,-6.758,-0.084,-1.782,2.066,-6.602,-0.001,0.001,0.001,0.002,11,weighted_average,kalman(weighted_average),false
1788864574.059,97.229,-0.057,-1.712,2.074,-4.898,-0.072,-1.746,2.071,-5.560,-0.015,-0.034,-0.004,0.037,9|11,weighted_average,kalman(weighted_average),false
1788864574.200,97.369,0.010,-1.601,2.083,-1.650,-0.000,-1.617,2.082,-2.157,-0.011,-0.016,-0.001,0.020,9,weighted_average,kalman(weighted_average),false
1788864574.249,97.419,-0.007,-1.580,2.095,-0.217,0.004,-1.575,2.093,-0.507,0.012,0.004,-0.003,0.013,9,weighted_average,kalman(weighted_average),false
1788864574.296,97.465,-0.001,-1.597,2.091,-0.333,0.008,-1.572,2.094,0.155,0.009,0.025,0.003,0.027,9,weighted_average,kalman(weighted_average),false
1788864574.347,97.516,-0.007,-1.582,2.096,0.858,0.004,-1.567,2.097,1.066,0.010,0.016,0.001,0.019,9,weighted_average,kalman(weighted_average),false
1788864574.396,97.566,-0.009,-1.632,2.090,0.697,-0.002,-1.598,2.094,1.369,0.007,0.034,0.005,0.035,9|10,weighted_average,kalman(weighted_average),false
1788864574.533,97.702,-0.014,-1.584,2.101,2.901,-0.012,-1.587,2.101,3.037,0.002,-0.003,-0.001,0.004,9,weighted_average,kalman(weighted_average),false
1788864574.584,97.753,-0.009,-1.599,2.093,3.302,-0.011,-1.593,2.096,3.441,-0.002,0.005,0.003,0.007,9,weighted_average,kalman(weighted_average),false
1788864574.631,97.800,-0.014,-1.587,2.096,4.025,-0.014,-1.589,2.096,3.992,0.000,-0.002,-0.000,0.002,9,weighted_average,kalman(weighted_average),false
1788864574.683,97.853,-0.013,-1.585,2.091,4.884,-0.014,-1.586,2.092,4.743,-0.001,-0.001,0.002,0.002,9,weighted_average,kalman(weighted_average),false
1788864574.732,97.902,-0.022,-1.581,2.106,5.429,-0.019,-1.582,2.100,5.387,0.003,-0.001,-0.006,0.007,9,weighted_average,kalman(weighted_average),false
1788864574.872,98.041,-0.019,-1.579,2.096,7.266,-0.020,-1.579,2.097,7.241,-0.001,0.001,0.001,0.002,9,weighted_average,kalman(weighted_average),false
1788864574.919,98.088,-0.026,-1.571,2.097,8.469,-0.024,-1.574,2.097,8.232,0.002,-0.002,-0.000,0.003,9,weighted_average,kalman(weighted_average),false
1788864574.965,98.135,-0.017,-1.602,2.096,8.639,-0.020,-1.590,2.096,8.789,-0.004,0.012,-0.000,0.012,9,weighted_average,kalman(weighted_average),false
1788864575.021,98.190,-0.034,-1.570,2.099,10.060,-0.028,-1.580,2.097,9.851,0.005,-0.010,-0.002,0.011,9,weighted_average,kalman(weighted_average),false
1788864575.071,98.240,-0.023,-1.588,2.087,10.585,-0.026,-1.584,2.091,10.631,-0.003,0.004,0.004,0.006,9,weighted_average,kalman(weighted_average),false
1788864575.201,98.370,-0.028,-1.610,2.099,11.554,-0.028,-1.607,2.097,11.826,-0.000,0.003,-0.002,0.004,9,weighted_average,kalman(weighted_average),false
1788864575.251,98.420,-0.042,-1.589,2.105,13.197,-0.038,-1.598,2.103,12.858,0.004,-0.009,-0.002,0.010,9,weighted_average,kalman(weighted_average),false
1788864575.298,98.467,-0.043,-1.597,2.107,13.954,-0.043,-1.598,2.107,13.749,0.000,-0.001,0.000,0.001,9,weighted_average,kalman(weighted_average),false
1788864575.350,98.519,-0.041,-1.600,2.098,14.384,-0.044,-1.599,2.103,14.465,-0.003,0.001,0.005,0.006,9,weighted_average,kalman(weighted_average),false
1788864575.399,98.568,-0.041,-1.615,2.098,14.958,-0.043,-1.609,2.100,15.070,-0.002,0.006,0.002,0.007,9,weighted_average,kalman(weighted_average),false
1788864575.536,98.705,-0.047,-1.639,2.113,16.178,-0.047,-1.637,2.111,16.357,-0.000,0.002,-0.002,0.003,9,weighted_average,kalman(weighted_average),false
1788864575.586,98.756,-0.044,-1.655,2.111,16.152,-0.046,-1.652,2.113,16.412,-0.001,0.002,0.002,0.003,9,weighted_average,kalman(weighted_average),false
1788864575.639,98.809,-0.054,-1.636,2.107,17.570,-0.051,-1.647,2.110,17.226,0.003,-0.011,0.003,0.011,9,weighted_average,kalman(weighted_average),false
1788864575.687,98.856,-0.046,-1.664,2.111,17.227,-0.049,-1.659,2.111,17.444,-0.003,0.005,0.000,0.006,9,weighted_average,kalman(weighted_average),false
1788864575.741,98.911,-0.052,-1.662,2.111,18.178,-0.051,-1.664,2.111,18.044,0.001,-0.002,0.000,0.002,9,weighted_average,kalman(weighted_average),false
1788864575.870,99.039,-0.043,-1.699,2.107,18.883,-0.045,-1.696,2.108,18.964,-0.002,0.003,0.001,0.003,9,weighted_average,kalman(weighted_average),false
1788864575.920,99.089,-0.057,-1.685,2.120,19.783,-0.052,-1.693,2.116,19.607,0.005,-0.008,-0.005,0.010,9,weighted_average,kalman(weighted_average),false
1788864575.973,99.142,-0.043,-1.713,2.110,19.800,-0.047,-1.708,2.113,19.931,-0.004,0.005,0.003,0.007,9,weighted_average,kalman(weighted_average),false
1788864576.021,99.190,-0.054,-1.696,2.115,20.774,-0.051,-1.704,2.114,20.561,0.003,-0.009,-0.001,0.009,9,weighted_average,kalman(weighted_average),false
1788864576.076,99.246,-0.043,-1.716,2.102,21.023,-0.047,-1.713,2.107,21.062,-0.003,0.003,0.005,0.007,9,weighted_average,kalman(weighted_average),false
1788864576.201,99.371,-0.042,-1.734,2.101,21.730,-0.042,-1.733,2.101,21.857,-0.000,0.001,-0.000,0.001,9,weighted_average,kalman(weighted_average),false
1788864576.261,99.430,-0.042,-1.748,2.115,22.242,-0.042,-1.746,2.110,22.249,0.001,0.001,-0.005,0.005,9,weighted_average,kalman(weighted_average),false
1788864576.305,99.475,-0.044,-1.733,2.111,23.505,-0.043,-1.742,2.112,23.073,0.001,-0.008,0.001,0.009,9,weighted_average,kalman(weighted_average),false
1788864576.354,99.523,-0.045,-1.745,2.114,23.654,-0.044,-1.745,2.114,23.621,0.001,0.000,-0.000,0.001,9,weighted_average,kalman(weighted_average),false
1788864576.405,99.574,-0.042,-1.745,2.105,24.536,-0.043,-1.746,2.110,24.359,-0.001,-0.002,0.005,0.005,9,weighted_average,kalman(weighted_average),false
1788864576.541,99.710,-0.042,-1.734,2.104,26.137,-0.042,-1.736,2.105,26.108,-0.000,-0.003,0.000,0.003,9,weighted_average,kalman(weighted_average),false
1788864576.587,99.756,-0.038,-1.762,2.104,26.193,-0.039,-1.752,2.103,26.392,-0.001,0.010,-0.000,0.010,9,weighted_average,kalman(weighted_average),false
1788864576.644,99.813,-0.048,-1.763,2.126,26.644,-0.044,-1.761,2.118,26.790,0.003,0.002,-0.008,0.009,9,weighted_average,kalman(weighted_average),false
1788864576.689,99.858,-0.038,-1.781,2.113,26.835,-0.041,-1.775,2.117,27.008,-0.003,0.006,0.004,0.008,9,weighted_average,kalman(weighted_average),false
1788864576.746,99.915,-0.123,-1.879,2.098,26.946,-0.091,-1.844,2.106,27.174,0.031,0.035,0.008,0.048,9|17,weighted_average,kalman(weighted_average),false
1788864576.883,100.052,-0.034,-1.778,2.109,28.852,-0.049,-1.799,2.108,28.666,-0.015,-0.021,-0.001,0.026,9,weighted_average,kalman(weighted_average),false
1788864576.927,100.097,-0.044,-1.772,2.134,29.870,-0.039,-1.774,2.126,29.579,0.004,-0.002,-0.009,0.010,9,weighted_average,kalman(weighted_average),false
1788864576.982,100.151,-0.036,-1.796,2.130,29.977,-0.031,-1.779,2.132,30.127,0.005,0.018,0.002,0.018,9,weighted_average,kalman(weighted_average),false
1788864577.031,100.200,-0.044,-1.766,2.136,31.251,-0.034,-1.767,2.137,31.011,0.010,-0.001,0.001,0.010,9,weighted_average,kalman(weighted_average),false
1788864577.081,100.251,-0.034,-1.790,2.132,31.450,-0.032,-1.776,2.137,31.587,0.002,0.014,0.004,0.015,9,weighted_average,kalman(weighted_average),false
1788864577.219,100.389,-0.039,-1.769,2.137,33.739,-0.036,-1.769,2.139,33.671,0.002,-0.000,0.001,0.003,9,weighted_average,kalman(weighted_average),false
1788864577.269,100.438,-0.109,-1.887,2.102,32.810,-0.086,-1.848,2.114,33.422,0.023,0.039,0.012,0.046,9|17,weighted_average,kalman(weighted_average),false
1788864577.318,100.488,-0.173,-1.968,2.086,32.841,-0.150,-1.936,2.092,33.266,0.024,0.032,0.006,0.040,17,weighted_average,kalman(weighted_average),false
1788864577.365,100.534,-0.177,-1.969,2.099,33.733,-0.182,-1.978,2.090,33.599,-0.004,-0.009,-0.008,0.013,17,weighted_average,kalman(weighted_average),false
1788864577.416,100.585,-0.175,-1.970,2.091,34.059,-0.194,-1.995,2.086,33.961,-0.019,-0.025,-0.005,0.031,17,weighted_average,kalman(weighted_average),false
1788864577.548,100.718,-0.175,-1.971,2.093,35.761,-0.188,-1.988,2.090,35.521,-0.013,-0.017,-0.004,0.022,17,weighted_average,kalman(weighted_average),false
1788864577.598,100.767,-0.176,-1.970,2.095,36.187,-0.178,-1.973,2.094,36.147,-0.002,-0.004,-0.001,0.004,17,weighted_average,kalman(weighted_average),false
1788864577.649,100.818,-0.176,-1.969,2.100,37.061,-0.174,-1.967,2.099,36.927,0.002,0.002,-0.001,0.003,17,weighted_average,kalman(weighted_average),false
1788864577.703,100.873,-0.178,-1.971,2.101,37.445,-0.174,-1.966,2.102,37.530,0.004,0.005,0.001,0.006,17,weighted_average,kalman(weighted_average),false
1788864577.754,100.923,-0.177,-1.954,2.070,38.961,-0.174,-1.957,2.084,38.582,0.002,-0.003,0.014,0.015,17|18,weighted_average,kalman(weighted_average),false
1788864577.891,101.060,-0.170,-1.951,2.066,40.488,-0.170,-1.949,2.066,40.531,-0.000,0.002,0.000,0.002,17|18,weighted_average,kalman(weighted_average),false
1788864577.942,101.111,-0.170,-1.956,2.072,41.232,-0.170,-1.953,2.068,41.240,0.001,0.003,-0.004,0.005,17|18,weighted_average,kalman(weighted_average),false
1788864577.992,101.161,-0.166,-1.953,2.066,41.590,-0.167,-1.953,2.066,41.745,-0.001,-0.000,-0.000,0.001,17|18,weighted_average,kalman(weighted_average),false
1788864578.045,101.214,-0.167,-1.948,2.073,42.474,-0.166,-1.950,2.070,42.448,0.001,-0.002,-0.004,0.004,17|18,weighted_average,kalman(weighted_average),false
1788864578.094,101.263,-0.163,-1.947,2.072,42.794,-0.163,-1.948,2.071,42.933,-0.001,-0.001,-0.001,0.001,17|18,weighted_average,kalman(weighted_average),false
1788864578.233,101.403,-0.154,-1.939,2.070,44.344,-0.155,-1.940,2.070,44.395,-0.000,-0.000,0.000,0.001,17|18,weighted_average,kalman(weighted_average),false
1788864578.280,101.449,-0.150,-1.937,2.072,45.064,-0.151,-1.937,2.071,44.992,-0.000,0.000,-0.001,0.001,17|18,weighted_average,kalman(weighted_average),false
1788864578.333,101.503,-0.147,-1.932,2.069,45.456,-0.147,-1.933,2.070,45.517,0.000,-0.001,0.001,0.001,17|18,weighted_average,kalman(weighted_average),false
1788864578.383,101.553,-0.144,-1.932,2.073,46.171,-0.144,-1.931,2.071,46.119,0.000,0.001,-0.001,0.002,17|18,weighted_average,kalman(weighted_average),false
1788864578.432,101.602,-0.141,-1.927,2.074,47.028,-0.141,-1.928,2.073,46.853,0.000,-0.000,-0.001,0.001,17|18,weighted_average,kalman(weighted_average),false
1788864578.564,101.733,-0.132,-1.923,2.074,48.182,-0.132,-1.923,2.074,48.256,0.000,0.000,0.000,0.000,17|18,weighted_average,kalman(weighted_average),false
1788864578.617,101.787,-0.127,-1.915,2.068,49.033,-0.127,-1.916,2.070,48.960,-0.001,-0.002,0.002,0.003,17|18,weighted_average,kalman(weighted_average),false
1788864578.672,101.841,-0.124,-1.914,2.072,49.406,-0.123,-1.914,2.071,49.485,0.000,0.001,-0.001,0.001,17|18,weighted_average,kalman(weighted_average),false
1788864578.721,101.890,-0.115,-1.908,2.069,50.219,-0.117,-1.909,2.069,50.130,-0.002,-0.001,0.001,0.002,17|18,weighted_average,kalman(weighted_average),false
1788864578.858,102.027,-0.110,-1.903,2.066,52.137,-0.109,-1.902,2.066,52.049,0.001,0.000,0.000,0.001,17|18,weighted_average,kalman(weighted_average),false
1788864578.902,102.072,-0.101,-1.861,2.009,54.270,-0.103,-1.874,2.028,53.630,-0.002,-0.013,0.019,0.023,18,weighted_average,kalman(weighted_average),false
1788864578.953,102.122,-0.102,-1.897,2.065,53.525,-0.101,-1.883,2.045,54.035,0.001,0.014,-0.021,0.025,17|18,weighted_average,kalman(weighted_average),false
1788864579.002,102.172,-0.092,-1.888,2.058,54.380,-0.094,-1.885,2.052,54.592,-0.002,0.003,-0.006,0.007,17|18,weighted_average,kalman(weighted_average),false
1788864579.054,102.223,-0.089,-1.889,2.063,54.789,-0.089,-1.887,2.059,55.044,0.000,0.002,-0.004,0.004,17|18,weighted_average,kalman(weighted_average),false
1788864579.187,102.356,-0.078,-1.886,2.063,56.476,-0.078,-1.886,2.064,56.525,0.000,-0.000,0.001,0.001,17|18,weighted_average,kalman(weighted_average),false
1788864579.234,102.403,-0.072,-1.878,2.057,57.350,-0.072,-1.880,2.060,57.233,-0.001,-0.003,0.003,0.004,17|18,weighted_average,kalman(weighted_average),false
1788864579.288,102.457,-0.073,-1.878,2.059,57.830,-0.071,-1.878,2.059,57.862,0.002,0.000,-0.000,0.002,17|18,weighted_average,kalman(weighted_average),false
1788864579.343,102.512,-0.066,-1.873,2.056,58.567,-0.066,-1.873,2.057,58.552,-0.001,-0.001,0.001,0.001,17|18,weighted_average,kalman(weighted_average),false
1788864579.393,102.562,-0.066,-1.873,2.059,58.997,-0.065,-1.872,2.058,59.078,0.001,0.001,-0.001,0.002,17|18,weighted_average,kalman(weighted_average),false
1788864579.538,102.708,-0.059,-1.869,2.056,60.567,-0.059,-1.868,2.057,60.608,0.000,0.001,0.000,0.001,17|18,weighted_average,kalman(weighted_average),false
1788864579.585,102.755,-0.059,-1.869,2.057,61.378,-0.058,-1.868,2.057,61.272,0.001,0.000,-0.000,0.001,17|18,weighted_average,kalman(weighted_average),false
1788864579.639,102.808,-0.043,-1.848,2.073,62.153,-0.048,-1.855,2.067,62.046,-0.005,-0.007,-0.006,0.010,17|18,weighted_average,kalman(weighted_average),false
1788864579.688,102.858,-0.035,-1.822,2.016,63.346,-0.038,-1.832,2.038,63.043,-0.003,-0.010,0.022,0.024,18,weighted_average,kalman(weighted_average),false
1788864579.823,102.993,-0.050,-1.861,2.054,63.958,-0.046,-1.852,2.048,64.210,0.004,0.009,-0.006,0.012,17|18,weighted_average,kalman(weighted_average),false
1788864579.880,103.050,-0.051,-1.864,2.065,64.288,-0.051,-1.864,2.062,64.445,0.000,0.000,-0.003,0.003,17|18,weighted_average,kalman(weighted_average),false
1788864579.929,103.099,-0.051,-1.867,2.056,64.916,-0.052,-1.869,2.061,64.862,-0.002,-0.003,0.005,0.006,17|18,weighted_average,kalman(weighted_average),false
1788864579.981,103.151,-0.053,-1.864,2.059,65.716,-0.054,-1.869,2.062,65.508,-0.001,-0.005,0.003,0.006,17|18,weighted_average,kalman(weighted_average),false
1788864580.121,103.290,-0.054,-1.874,2.057,66.956,-0.055,-1.875,2.059,66.928,-0.001,-0.001,0.002,0.002,17|18,weighted_average,kalman(weighted_average),false
1788864580.172,103.342,-0.057,-1.877,2.059,67.669,-0.057,-1.877,2.058,67.586,0.001,0.000,-0.001,0.001,17|18,weighted_average,kalman(weighted_average),false
1788864580.225,103.395,-0.059,-1.879,2.057,68.008,-0.059,-1.879,2.057,68.079,0.001,0.000,0.000,0.001,17|18,weighted_average,kalman(weighted_average),false
1788864580.273,103.442,-0.061,-1.880,2.060,68.711,-0.061,-1.881,2.058,68.649,0.001,-0.000,-0.002,0.002,17|18,weighted_average,kalman(weighted_average),false
1788864580.321,103.491,-0.063,-1.883,2.060,69.028,-0.063,-1.883,2.060,69.101,0.000,0.000,-0.001,0.001,17|18,weighted_average,kalman(weighted_average),false
1788864580.472,103.642,-0.071,-1.891,2.069,70.494,-0.071,-1.891,2.068,70.527,0.000,0.000,-0.001,0.001,17|18,weighted_average,kalman(weighted_average),false
1788864580.520,103.690,-0.073,-1.892,2.060,71.166,-0.073,-1.893,2.063,71.095,-0.000,-0.000,0.004,0.004,17|18,weighted_average,kalman(weighted_average),false
1788864580.569,103.739,-0.069,-1.876,2.025,72.372,-0.072,-1.883,2.039,72.033,-0.002,-0.007,0.014,0.016,18,weighted_average,kalman(weighted_average),false
1788864580.620,103.789,-0.074,-1.898,2.064,72.124,-0.074,-1.891,2.050,72.392,0.001,0.007,-0.014,0.016,17|18,weighted_average,kalman(weighted_average),false
1788864580.673,103.842,-0.063,-1.879,2.019,73.520,-0.068,-1.884,2.030,73.271,-0.005,-0.006,0.012,0.014,18,weighted_average,kalman(weighted_average),false
1788864580.808,103.978,-0.076,-1.910,2.063,73.342,-0.075,-1.906,2.055,73.717,0.002,0.004,-0.008,0.009,17|18,weighted_average,kalman(weighted_average),false
1788864580.857,104.026,-0.074,-1.889,2.022,75.004,-0.075,-1.897,2.036,74.579,-0.001,-0.008,0.014,0.017,18,weighted_average,kalman(weighted_average),false
1788864580.911,104.080,-0.080,-1.896,2.019,76.118,-0.079,-1.897,2.024,75.665,0.001,-0.001,0.005,0.006,18,weighted_average,kalman(weighted_average),false
1788864580.960,104.129,-0.085,-1.902,2.017,76.516,-0.084,-1.901,2.017,76.421,0.001,0.002,0.000,0.002,18,weighted_average,kalman(weighted_average),false
1788864581.092,104.262,-0.083,-1.907,2.016,77.849,-0.085,-1.906,2.014,77.943,-0.001,0.000,-0.002,0.003,18,weighted_average,kalman(weighted_average),false
1788864581.144,104.313,-0.080,-1.910,2.019,78.462,-0.082,-1.909,2.017,78.493,-0.001,0.000,-0.002,0.002,18,weighted_average,kalman(weighted_average),false
1788864581.189,104.358,-0.083,-1.911,2.014,78.856,-0.082,-1.911,2.015,78.923,0.001,-0.000,0.002,0.002,18,weighted_average,kalman(weighted_average),false
1788864581.246,104.415,-0.085,-1.914,2.018,79.633,-0.083,-1.914,2.017,79.589,0.001,-0.000,-0.001,0.002,18,weighted_average,kalman(weighted_average),false
1788864581.292,104.461,-0.079,-1.913,2.013,79.873,-0.081,-1.914,2.015,79.981,-0.002,-0.001,0.002,0.003,18,weighted_average,kalman(weighted_average),false
1788864581.426,104.596,-0.132,-1.826,2.065,82.690,-0.125,-1.839,2.058,82.391,0.008,-0.013,-0.007,0.017,3|18,weighted_average,kalman(weighted_average),false
1788864581.478,104.647,-0.085,-1.924,2.011,82.023,-0.103,-1.887,2.032,82.503,-0.018,0.037,0.020,0.046,18,weighted_average,kalman(weighted_average),false
1788864581.530,104.700,-0.091,-1.930,2.015,82.448,-0.096,-1.916,2.020,82.734,-0.005,0.014,0.005,0.015,18,weighted_average,kalman(weighted_average),false
1788864581.583,104.753,-0.087,-1.927,2.009,83.135,-0.089,-1.929,2.011,83.170,-0.002,-0.002,0.002,0.003,18,weighted_average,kalman(weighted_average),false
1788864581.713,104.882,-0.087,-1.931,2.013,84.544,-0.086,-1.936,2.010,84.488,0.001,-0.005,-0.003,0.006,18,weighted_average,kalman(weighted_average),false
1788864581.761,104.930,-0.084,-1.932,2.011,84.779,-0.084,-1.934,2.011,84.854,-0.000,-0.002,0.000,0.002,18,weighted_average,kalman(weighted_average),false
1788864581.814,104.984,-0.113,-1.834,2.032,86.360,-0.103,-1.870,2.025,85.927,0.011,-0.036,-0.008,0.038,3|18,weighted_average,kalman(weighted_average),false
1788864581.869,105.038,-0.086,-1.938,2.016,85.621,-0.095,-1.902,2.022,86.079,-0.009,0.036,0.006,0.038,18,weighted_average,kalman(weighted_average),false
1788864582.005,105.175,-0.078,-1.938,2.019,86.739,-0.081,-1.933,2.020,86.867,-0.002,0.005,0.001,0.006,18,weighted_average,kalman(weighted_average),false
1788864582.055,105.224,-0.181,-1.830,2.022,89.246,-0.147,-1.867,2.021,88.452,0.034,-0.037,-0.001,0.050,3|18,weighted_average,kalman(weighted_average),false
1788864582.103,105.273,-0.093,-1.844,2.066,88.087,-0.123,-1.844,2.049,88.575,-0.030,-0.001,-0.017,0.035,3|18,weighted_average,kalman(weighted_average),false
1788864582.156,105.325,-0.078,-1.939,2.014,87.377,-0.096,-1.894,2.032,88.178,-0.019,0.045,0.018,0.052,18,weighted_average,kalman(weighted_average),false
1788864582.209,105.378,-0.199,-1.829,1.688,90.193,-0.096,-1.894,2.032,89.358,0.103,-0.065,0.345,0.366,3|18,weighted_average,kalman(weighted_average),true
1788864582.344,105.513,-0.115,-1.833,2.044,88.980,-0.113,-1.838,2.043,89.382,0.002,-0.005,-0.001,0.005,3|18,weighted_average,kalman(weighted_average),false
1788864582.394,105.564,-0.070,-1.934,2.016,87.690,-0.086,-1.898,2.025,88.349,-0.015,0.036,0.010,0.040,18,weighted_average,kalman(weighted_average),false
1788864582.444,105.614,-0.072,-1.935,2.016,87.761,-0.074,-1.927,2.017,87.866,-0.001,0.007,0.001,0.007,18,weighted_average,kalman(weighted_average),false
1788864582.496,105.665,-0.125,-1.835,2.064,89.260,-0.102,-1.878,2.044,88.439,0.023,-0.043,-0.020,0.053,3|18,weighted_average,kalman(weighted_average),false
1788864582.551,105.721,-0.070,-1.933,2.017,87.780,-0.085,-1.909,2.031,88.055,-0.015,0.024,0.013,0.031,18,weighted_average,kalman(weighted_average),false
1788864582.694,105.863,-0.066,-1.924,2.019,87.800,-0.067,-1.925,2.020,87.758,-0.001,-0.001,0.001,0.002,18,weighted_average,kalman(weighted_average),false
1788864582.745,105.914,-0.066,-1.918,2.016,87.848,-0.064,-1.922,2.016,87.775,0.002,-0.004,-0.000,0.004,18,weighted_average,kalman(weighted_average),false
1788864582.794,105.964,-0.065,-1.917,2.012,87.811,-0.063,-1.920,2.012,87.769,0.002,-0.002,0.000,0.003,18,weighted_average,kalman(weighted_average),false
1788864582.848,106.017,-0.069,-1.913,2.015,87.918,-0.066,-1.915,2.012,87.832,0.004,-0.002,-0.003,0.005,18,weighted_average,kalman(weighted_average),false
1788864582.986,106.156,-0.068,-1.894,2.014,87.947,-0.068,-1.896,2.013,87.922,0.001,-0.002,-0.001,0.002,18,weighted_average,kalman(weighted_average),false
1788864583.038,106.207,-0.061,-1.879,2.016,87.849,-0.064,-1.881,2.015,87.888,-0.002,-0.003,-0.001,0.004,18,weighted_average,kalman(weighted_average),false
1788864583.089,106.259,-0.069,-1.876,2.011,87.986,-0.067,-1.874,2.013,87.947,0.003,0.002,0.002,0.004,18,weighted_average,kalman(weighted_average),false
1788864583.138,106.307,-0.062,-1.857,2.008,87.904,-0.064,-1.860,2.010,87.935,-0.002,-0.003,0.002,0.004,18,weighted_average,kalman(weighted_average),false
1788864583.185,106.354,-0.063,-1.850,2.005,87.926,-0.063,-1.850,2.007,87.936,-0.000,-0.000,0.001,0.001,18,weighted_average,kalman(weighted_average),false
1788864583.318,106.488,-0.066,-1.826,2.007,87.941,-0.065,-1.825,2.006,87.945,0.001,0.001,-0.001,0.002,18,weighted_average,kalman(weighted_average),false
1788864583.369,106.538,-0.065,-1.820,2.010,87.913,-0.066,-1.819,2.009,87.927,-0.000,0.001,-0.001,0.002,18,weighted_average,kalman(weighted_average),false
1788864583.421,106.590,-0.067,-1.804,2.005,87.959,-0.067,-1.806,2.007,87.943,0.000,-0.003,0.002,0.003,18,weighted_average,kalman(weighted_average),false
1788864583.474,106.644,-0.068,-1.796,2.006,87.954,-0.068,-1.796,2.007,87.951,-0.000,0.000,0.000,0.000,18,weighted_average,kalman(weighted_average),false
1788864583.612,106.782,-0.069,-1.763,2.003,87.946,-0.069,-1.764,2.004,87.950,-0.000,-0.001,0.000,0.001,18,weighted_average,kalman(weighted_average),false
1788864583.658,106.827,-0.071,-1.752,2.006,87.922,-0.071,-1.753,2.005,87.933,0.001,-0.000,-0.001,0.001,18,weighted_average,kalman(weighted_average),false
1788864583.714,106.883,-0.072,-1.742,2.005,87.941,-0.072,-1.741,2.004,87.934,0.000,0.001,-0.000,0.001,18,weighted_average,kalman(weighted_average),false
1788864583.761,106.931,-0.078,-1.728,2.002,88.024,-0.076,-1.729,2.003,87.981,0.002,-0.001,0.001,0.002,18,weighted_average,kalman(weighted_average),false
1788864583.892,107.061,-0.071,-1.697,2.002,87.912,-0.073,-1.697,2.002,87.936,-0.002,-0.000,-0.000,0.002,18,weighted_average,kalman(weighted_average),false
1788864583.944,107.114,-0.079,-1.685,1.999,88.001,-0.076,-1.685,2.000,87.971,0.002,0.000,0.001,0.003,18,weighted_average,kalman(weighted_average),false
1788864583.995,107.165,-0.077,-1.665,2.000,87.978,-0.077,-1.667,1.999,87.976,0.000,-0.003,-0.001,0.003,18,weighted_average,kalman(weighted_average),false
1788864584.044,107.214,-0.076,-1.646,2.002,87.946,-0.077,-1.649,2.000,87.962,-0.001,-0.003,-0.001,0.003,18,weighted_average,kalman(weighted_average),false
1788864584.093,107.263,-0.085,-1.641,1.996,88.063,-0.082,-1.638,1.998,88.013,0.003,0.003,0.002,0.005,18,weighted_average,kalman(weighted_average),false
1788864584.232,107.402,-0.088,-1.603,1.995,88.086,-0.088,-1.602,1.995,88.080,-0.000,0.001,-0.000,0.001,18,weighted_average,kalman(weighted_average),false
1788864584.278,107.448,-0.085,-1.581,1.994,88.033,-0.087,-1.584,1.994,88.060,-0.002,-0.003,0.000,0.004,18,weighted_average,kalman(weighted_average),false
1788864584.330,107.500,-0.088,-1.574,1.998,88.053,-0.088,-1.572,1.996,88.060,0.000,0.002,-0.002,0.003,18,weighted_average,kalman(weighted_average),false
1788864584.386,107.556,-0.092,-1.557,1.993,88.079,-0.091,-1.557,1.994,88.073,0.001,0.000,0.001,0.002,18,weighted_average,kalman(weighted_average),false
1788864584.529,107.698,-0.093,-1.518,1.991,88.029,-0.093,-1.518,1.991,88.042,-0.000,-0.000,0.000,0.000,18,weighted_average,kalman(weighted_average),false
1788864584.579,107.749,-0.098,-1.500,1.995,88.106,-0.097,-1.501,1.993,88.078,0.001,-0.002,-0.002,0.003,18,weighted_average,kalman(weighted_average),false
1788864584.633,107.802,-0.100,-1.489,1.992,88.113,-0.099,-1.488,1.993,88.101,0.000,0.001,0.001,0.001,18,weighted_average,kalman(weighted_average),false
1788864584.679,107.849,-0.106,-1.476,1.995,88.150,-0.104,-1.475,1.994,88.132,0.002,0.001,-0.001,0.002,18,weighted_average,kalman(weighted_average),false
1788864584.733,107.902,-0.098,-1.455,1.992,88.053,-0.102,-1.458,1.993,88.100,-0.004,-0.002,0.001,0.005,18,weighted_average,kalman(weighted_average),false
1788864584.876,108.045,-0.106,-1.412,1.990,88.089,-0.106,-1.412,1.991,88.092,0.000,-0.000,0.000,0.000,18,weighted_average,kalman(weighted_average),false
1788864584.930,108.099,-0.108,-1.402,1.991,88.103,-0.108,-1.400,1.991,88.098,0.000,0.002,-0.001,0.002,18,weighted_average,kalman(weighted_average),false
1788864584.979,108.148,-0.109,-1.386,1.999,88.086,-0.109,-1.386,1.996,88.091,0.000,-0.000,-0.003,0.003,18,weighted_average,kalman(weighted_average),false
1788864585.035,108.204,-0.114,-1.376,1.988,88.136,-0.113,-1.374,1.992,88.115,0.001,0.002,0.003,0.004,18,weighted_average,kalman(weighted_average),false
1788864585.174,108.343,-0.125,-1.338,1.991,88.208,-0.124,-1.338,1.991,88.193,0.001,-0.000,-0.000,0.001,18,weighted_average,kalman(weighted_average),false
1788864585.226,108.396,-0.111,-1.313,1.987,88.029,-0.116,-1.317,1.988,88.100,-0.006,-0.003,0.001,0.007,18,weighted_average,kalman(weighted_average),false
1788864585.279,108.448,-0.124,-1.304,1.990,88.187,-0.121,-1.303,1.989,88.143,0.003,0.002,-0.001,0.004,18,weighted_average,kalman(weighted_average),false
1788864585.328,108.497,-0.119,-1.292,1.989,88.106,-0.120,-1.290,1.989,88.125,-0.001,0.002,-0.000,0.002,18,weighted_average,kalman(weighted_average),false
1788864585.518,108.687,-0.134,-1.249,1.978,88.277,-0.133,-1.248,1.979,88.258,0.001,0.001,0.001,0.001,18,weighted_average,kalman(weighted_average),false
1788864585.564,108.733,-0.131,-1.229,1.987,88.228,-0.133,-1.232,1.983,88.254,-0.002,-0.003,-0.004,0.005,18,weighted_average,kalman(weighted_average),false
1788864585.618,108.787,-0.135,-1.208,1.981,88.287,-0.135,-1.212,1.982,88.286,-0.001,-0.004,0.000,0.004,18,weighted_average,kalman(weighted_average),false
1788864585.667,108.836,-0.133,-1.197,1.977,88.260,-0.135,-1.196,1.978,88.285,-0.002,0.000,0.002,0.002,18,weighted_average,kalman(weighted_average),false
1788864585.802,108.971,-0.133,-1.159,1.987,88.248,-0.134,-1.159,1.985,88.266,-0.001,0.001,-0.002,0.002,18,weighted_average,kalman(weighted_average),false
1788864585.852,109.021,-0.138,-1.143,1.985,88.309,-0.137,-1.144,1.986,88.290,0.002,-0.001,0.001,0.002,18,weighted_average,kalman(weighted_average),false
1788864585.898,109.067,-0.136,-1.123,1.985,88.252,-0.136,-1.126,1.986,88.272,-0.001,-0.003,0.001,0.003,18,weighted_average,kalman(weighted_average),false
1788864585.955,109.125,-0.138,-1.115,1.991,88.283,-0.138,-1.112,1.989,88.276,0.001,0.003,-0.001,0.003,18,weighted_average,kalman(weighted_average),false
1788864586.094,109.263,-0.137,-1.072,1.992,88.244,-0.137,-1.072,1.993,88.251,-0.000,-0.000,0.000,0.001,18,weighted_average,kalman(weighted_average),false
1788864586.145,109.314,-0.146,-1.055,1.976,88.356,-0.143,-1.056,1.981,88.313,0.003,-0.000,0.006,0.006,18,weighted_average,kalman(weighted_average),false
1788864586.194,109.364,-0.143,-1.053,1.986,88.277,-0.144,-1.049,1.983,88.300,-0.001,0.005,-0.003,0.006,18,weighted_average,kalman(weighted_average),false
1788864586.243,109.412,-0.148,-1.026,1.980,88.387,-0.147,-1.031,1.981,88.349,0.001,-0.005,0.000,0.005,18,weighted_average,kalman(weighted_average),false
1788864586.389,109.558,-0.151,-1.021,2.069,87.472,-0.151,-1.017,2.058,87.654,-0.000,0.004,-0.011,0.012,17,weighted_average,kalman(weighted_average),false
1788864586.438,109.608,-0.147,-1.012,2.091,87.331,-0.149,-1.013,2.091,87.363,-0.002,-0.001,-0.000,0.002,17,weighted_average,kalman(weighted_average),false
1788864586.488,109.657,-0.152,-0.985,2.080,87.492,-0.151,-0.994,2.096,87.324,0.002,-0.009,0.016,0.018,17,weighted_average,kalman(weighted_average),false
1788864586.544,109.714,-0.148,-0.971,2.043,87.657,-0.149,-0.975,2.071,87.423,-0.001,-0.004,0.028,0.028,17|18,weighted_average,kalman(weighted_average),false
1788864586.681,109.851,-0.157,-0.929,2.088,87.566,-0.156,-0.930,2.086,87.495,0.001,-0.001,-0.002,0.003,17,weighted_average,kalman(weighted_average),false
1788864586.741,109.911,-0.187,-0.910,2.014,88.885,-0.179,-0.910,2.036,88.413,0.008,-0.000,0.022,0.024,18,weighted_average,kalman(weighted_average),false
1788864586.805,109.974,-0.187,-0.910,2.014,88.885,-0.189,-0.903,2.013,88.867,-0.002,0.007,-0.000,0.007,18,weighted_average,kalman(weighted_average),false
1788864586.863,110.033,-0.158,-0.900,2.073,87.558,-0.172,-0.897,2.046,88.265,-0.014,0.003,-0.028,0.031,17,weighted_average,kalman(weighted_average),false
1788864587.006,110.175,-0.159,-0.846,2.076,87.585,-0.160,-0.850,2.074,87.713,-0.001,-0.003,-0.002,0.004,17,weighted_average,kalman(weighted_average),false
1788864587.060,110.229,-0.165,-0.821,2.043,87.921,-0.162,-0.824,2.056,87.772,0.003,-0.003,0.013,0.013,17|18,weighted_average,kalman(weighted_average),false
1788864587.109,110.278,-0.163,-0.812,2.067,87.713,-0.162,-0.809,2.062,87.699,0.001,0.003,-0.005,0.006,17,weighted_average,kalman(weighted_average),false
1788864587.161,110.330,-0.161,-0.798,2.075,87.740,-0.161,-0.795,2.071,87.681,0.000,0.003,-0.005,0.006,17,weighted_average,kalman(weighted_average),false
1788864587.295,110.465,-0.156,-0.771,2.068,87.586,-0.156,-0.768,2.070,87.571,-0.000,0.003,0.002,0.003,17,weighted_average,kalman(weighted_average),false
1788864587.343,110.512,-0.155,-0.736,2.065,87.674,-0.155,-0.743,2.066,87.618,0.000,-0.008,0.002,0.008,17,weighted_average,kalman(weighted_average),false
1788864587.412,110.582,-0.159,-0.724,2.069,87.782,-0.157,-0.723,2.067,87.715,0.002,0.001,-0.002,0.003,17,weighted_average,kalman(weighted_average),false
1788864587.464,110.634,-0.149,-0.710,2.064,87.604,-0.152,-0.709,2.065,87.665,-0.003,0.001,0.001,0.003,17,weighted_average,kalman(weighted_average),false
1788864587.594,110.764,-0.147,-0.664,2.055,87.744,-0.147,-0.665,2.056,87.727,0.000,-0.001,0.001,0.001,17,weighted_average,kalman(weighted_average),false
1788864587.642,110.811,-0.148,-0.644,2.065,87.828,-0.147,-0.645,2.061,87.797,0.001,-0.001,-0.004,0.004,17,weighted_average,kalman(weighted_average),false
1788864587.695,110.864,-0.144,-0.636,2.064,87.757,-0.144,-0.633,2.063,87.792,-0.001,0.004,-0.001,0.004,17,weighted_average,kalman(weighted_average),false
1788864587.748,110.918,-0.143,-0.609,2.047,87.835,-0.143,-0.611,2.053,87.826,0.000,-0.003,0.006,0.007,17,weighted_average,kalman(weighted_average),false
1788864587.796,110.966,-0.141,-0.605,2.055,87.792,-0.141,-0.601,2.053,87.821,-0.000,0.004,-0.002,0.005,17,weighted_average,kalman(weighted_average),false
1788864587.931,111.100,-0.130,-0.601,2.048,87.557,-0.131,-0.595,2.048,87.625,-0.001,0.006,-0.000,0.006,17,weighted_average,kalman(weighted_average),false
1788864587.982,111.151,-0.137,-0.557,2.054,87.877,-0.134,-0.569,2.051,87.756,0.003,-0.012,-0.003,0.013,17,weighted_average,kalman(weighted_average),false
1788864588.032,111.201,-0.140,-0.534,2.049,87.985,-0.137,-0.543,2.050,87.887,0.002,-0.008,0.001,0.009,17,weighted_average,kalman(weighted_average),false
1788864588.086,111.256,-0.124,-0.521,2.046,87.713,-0.130,-0.521,2.048,87.815,-0.005,-0.001,0.002,0.006,17,weighted_average,kalman(weighted_average),false
1788864588.223,111.392,-0.116,-0.467,2.057,87.762,-0.117,-0.468,2.055,87.776,-0.001,-0.000,-0.002,0.002,17,weighted_average,kalman(weighted_average),false
1788864588.274,111.443,-0.114,-0.457,2.061,87.766,-0.114,-0.454,2.060,87.765,0.001,0.003,-0.001,0.003,17,weighted_average,kalman(weighted_average),false
1788864588.326,111.496,-0.101,-0.440,2.034,87.549,-0.104,-0.439,2.045,87.635,-0.003,0.001,0.011,0.011,17,weighted_average,kalman(weighted_average),false
1788864588.374,111.543,-0.088,-0.437,2.063,87.295,-0.092,-0.432,2.054,87.429,-0.004,0.005,-0.009,0.011,17,weighted_average,kalman(weighted_average),false
1788864588.429,111.598,-0.108,-0.407,2.057,87.793,-0.098,-0.411,2.057,87.570,0.010,-0.005,-0.001,0.011,17,weighted_average,kalman(weighted_average),false
1788864588.564,111.733,-0.104,-0.356,2.028,87.885,-0.102,-0.358,2.032,87.805,0.002,-0.002,0.005,0.005,17,weighted_average,kalman(weighted_average),false
1788864588.616,111.785,-0.101,-0.351,2.038,87.847,-0.102,-0.347,2.033,87.863,-0.001,0.004,-0.005,0.007,17,weighted_average,kalman(weighted_average),false
1788864588.669,111.838,-0.087,-0.341,2.026,87.614,-0.093,-0.337,2.027,87.752,-0.005,0.004,0.000,0.007,17,weighted_average,kalman(weighted_average),false
1788864588.719,111.889,-0.101,-0.305,2.035,88.029,-0.097,-0.312,2.029,87.905,0.005,-0.007,-0.005,0.010,17,weighted_average,kalman(weighted_average),false
1788864588.852,112.022,-0.083,-0.284,2.043,87.806,-0.085,-0.281,2.041,87.861,-0.002,0.003,-0.003,0.004,17,weighted_average,kalman(weighted_average),false
1788864588.905,112.075,-0.067,-0.276,2.042,87.525,-0.071,-0.274,2.043,87.646,-0.004,0.002,0.001,0.005,17,weighted_average,kalman(weighted_average),false
1788864588.964,112.134,-0.080,-0.251,2.043,87.872,-0.073,-0.255,2.044,87.741,0.006,-0.004,0.002,0.008,17,weighted_average,kalman(weighted_average),false
1788864589.024,112.193,-0.084,-0.213,2.022,88.078,-0.079,-0.222,2.030,87.931,0.005,-0.009,0.009,0.013,17,weighted_average,kalman(weighted_average),false
1788864589.162,112.331,-0.049,-0.199,2.050,87.541,-0.053,-0.195,2.046,87.652,-0.004,0.004,-0.004,0.007,17,weighted_average,kalman(weighted_average),false
1788864589.210,112.380,-0.079,-0.145,2.027,88.293,-0.067,-0.158,2.035,88.013,0.012,-0.014,0.008,0.020,17,weighted_average,kalman(weighted_average),false
1788864589.264,112.434,-0.062,-0.154,2.051,87.959,-0.064,-0.148,2.045,88.014,-0.002,0.007,-0.006,0.009,17,weighted_average,kalman(weighted_average),false
1788864589.319,112.488,-0.065,-0.122,2.030,88.143,-0.064,-0.125,2.037,88.107,0.001,-0.003,0.007,0.008,17,weighted_average,kalman(weighted_average),false
1788864589.464,112.633,-0.024,-0.114,2.019,87.453,-0.028,-0.110,2.020,87.611,-0.004,0.005,0.002,0.007,17,weighted_average,kalman(weighted_average),false
1788864589.513,112.682,-0.058,-0.065,2.030,88.220,-0.044,-0.079,2.025,87.928,0.014,-0.013,-0.005,0.020,17,weighted_average,kalman(weighted_average),false
1788864589.565,112.735,-0.036,-0.071,2.031,87.812,-0.038,-0.068,2.028,87.863,-0.003,0.003,-0.003,0.005,17,weighted_average,kalman(weighted_average),false
1788864589.613,112.783,-0.052,-0.050,2.064,88.157,-0.045,-0.052,2.050,88.012,0.007,-0.002,-0.014,0.016,17,weighted_average,kalman(weighted_average),false
1788864589.747,112.916,-0.052,-0.050,2.064,88.157,-0.051,-0.044,2.066,88.149,0.000,0.005,0.002,0.005,17,weighted_average,kalman(weighted_average),false
1788864589.799,112.968,-0.029,-0.049,2.035,87.714,-0.037,-0.047,2.046,87.897,-0.008,0.002,0.012,0.014,17,weighted_average,kalman(weighted_average),false
1788864589.850,113.019,-0.008,-0.033,2.019,87.420,-0.017,-0.038,2.027,87.600,-0.009,-0.005,0.008,0.013,17,weighted_average,kalman(weighted_average),false
1788864589.902,113.071,-0.026,0.041,1.895,88.629,-0.018,0.012,1.940,88.095,0.008,-0.029,0.046,0.054,17,weighted_average,kalman(weighted_average),false
1788864590.048,113.217,-0.027,0.021,2.026,90.124,-0.024,0.028,2.002,89.782,0.003,0.007,-0.025,0.026,17,weighted_average,kalman(weighted_average),false
1788864590.107,113.276,-0.018,0.018,2.057,90.580,-0.021,0.021,2.053,90.542,-0.003,0.004,-0.004,0.006,17,weighted_average,kalman(weighted_average),false
1788864590.152,113.321,-0.035,0.048,2.027,91.546,-0.029,0.037,2.050,91.343,0.005,-0.011,0.023,0.026,17,weighted_average,kalman(weighted_average),false
1788864590.206,113.375,-0.044,0.047,2.043,91.942,-0.040,0.045,2.055,92.012,0.004,-0.001,0.011,0.012,17,weighted_average,kalman(weighted_average),false
1788864590.343,113.512,-0.064,0.101,2.006,93.462,-0.064,0.097,2.017,93.541,0.001,-0.005,0.011,0.012,17,weighted_average,kalman(weighted_average),false
1788864590.390,113.560,-0.063,0.113,1.990,93.721,-0.066,0.114,1.993,93.861,-0.003,0.001,0.003,0.005,17,weighted_average,kalman(weighted_average),false
1788864590.435,113.604,-0.048,0.091,2.027,93.650,-0.057,0.107,2.007,93.945,-0.009,0.016,-0.020,0.027,17,weighted_average,kalman(weighted_average),false
1788864590.494,113.664,-0.048,0.091,2.027,93.650,-0.051,0.100,2.017,93.963,-0.003,0.009,-0.010,0.014,17,weighted_average,kalman(weighted_average),false
1788864590.637,113.806,-0.703,0.593,0.483,103.346,-0.051,0.100,2.017,101.637,0.651,-0.492,1.534,1.738,3,weighted_average,kalman(weighted_average),true
1788864590.686,113.855,-0.356,0.775,1.526,100.638,-0.051,0.100,2.017,101.996,0.305,-0.675,0.491,0.888,3,weighted_average,kalman(weighted_average),true
1788864590.738,113.908,-0.771,0.764,1.615,105.028,-0.051,0.100,2.017,104.550,0.719,-0.664,0.402,1.058,3,weighted_average,kalman(weighted_average),true
1788864590.784,113.953,-0.372,0.709,2.350,101.925,-0.365,0.695,2.342,104.051,0.008,-0.015,-0.008,0.018,3,weighted_average,kalman(weighted_average),false
1788864590.833,114.002,-0.664,0.713,0.671,104.999,-0.365,0.695,2.342,105.119,0.300,-0.018,1.671,1.698,3,weighted_average,kalman(weighted_average),true
1788864590.965,114.135,-0.529,0.826,1.679,104.289,-0.365,0.695,2.342,105.193,0.165,-0.132,0.664,0.696,3,weighted_average,kalman(weighted_average),true
1788864591.011,114.181,-0.494,0.870,1.498,104.835,-0.488,0.860,1.542,105.018,0.007,-0.009,0.044,0.045,3,weighted_average,kalman(weighted_average),false
1788864591.062,114.232,-1.004,0.712,0.632,110.105,-0.488,0.860,1.542,107.879,0.516,0.149,0.910,1.057,3,weighted_average,kalman(weighted_average),true
1788864591.114,114.284,-0.459,0.878,1.361,105.391,-0.464,0.875,1.394,107.017,-0.005,-0.003,0.033,0.034,3,weighted_average,kalman(weighted_average),false
1788864591.252,114.421,-0.348,0.658,2.024,104.244,-0.464,0.875,1.394,105.029,-0.117,0.217,-0.629,0.676,5,weighted_average,kalman(weighted_average),true
1788864591.300,114.469,-0.384,0.671,2.031,104.971,-0.389,0.685,1.990,104.745,-0.005,0.013,-0.041,0.043,5,weighted_average,kalman(weighted_average),false
1788864591.354,114.523,-0.446,0.680,2.042,105.597,-0.419,0.661,2.090,104.989,0.027,-0.019,0.048,0.058,5,weighted_average,kalman(weighted_average),false
1788864591.407,114.577,-0.420,0.681,2.020,105.228,-0.419,0.656,2.103,105.007,0.001,-0.024,0.083,0.087,5,weighted_average,kalman(weighted_average),false
1788864591.536,114.706,-0.452,0.703,2.035,105.209,-0.447,0.688,2.075,105.078,0.005,-0.016,0.040,0.043,5,weighted_average,kalman(weighted_average),false
1788864591.584,114.753,-0.452,0.703,2.035,105.209,-0.454,0.703,2.043,105.161,-0.002,-0.001,0.008,0.008,5,weighted_average,kalman(weighted_average),false
1788864591.644,114.813,-0.452,0.703,2.035,105.209,-0.456,0.709,2.028,105.207,-0.005,0.006,-0.007,0.010,5,weighted_average,kalman(weighted_average),false
1788864591.691,114.860,-0.502,0.733,2.035,105.495,-0.486,0.727,2.025,105.378,0.016,-0.005,-0.009,0.019,5,weighted_average,kalman(weighted_average),false
1788864591.829,114.998,-0.531,0.770,2.008,107.008,-0.531,0.770,2.006,106.714,-0.000,-0.001,-0.002,0.002,5,weighted_average,kalman(weighted_average),false
1788864591.882,115.052,-0.569,0.789,2.014,108.279,-0.563,0.788,2.009,107.887,0.006,-0.001,-0.005,0.008,5,weighted_average,kalman(weighted_average),false
1788864591.939,115.108,-0.593,0.795,1.981,109.162,-0.592,0.799,1.990,108.971,0.002,0.004,0.009,0.010,5,weighted_average,kalman(weighted_average),false
1788864591.984,115.153,-0.596,0.801,2.002,109.701,-0.603,0.805,1.994,109.699,-0.007,0.004,-0.008,0.012,5,weighted_average,kalman(weighted_average),false
1788864592.118,115.287,-0.653,0.810,2.014,111.425,-0.653,0.813,2.010,111.522,-0.000,0.003,-0.004,0.005,5,weighted_average,kalman(weighted_average),false
1788864592.186,115.355,-0.653,0.810,2.014,111.425,-0.660,0.812,2.015,111.761,-0.007,0.002,0.001,0.007,5,weighted_average,kalman(weighted_average),false
1788864592.241,115.411,-0.646,0.814,2.014,111.580,-0.654,0.814,2.017,111.851,-0.009,-0.001,0.002,0.009,5,weighted_average,kalman(weighted_average),false
1788864592.293,115.462,-0.659,0.827,2.000,112.126,-0.658,0.822,2.008,112.143,0.000,-0.005,0.007,0.009,5,weighted_average,kalman(weighted_average),false
1788864592.440,115.609,-0.738,0.853,1.983,114.355,-0.730,0.851,1.985,114.103,0.008,-0.002,0.002,0.008,5,weighted_average,kalman(weighted_average),false
1788864592.484,115.654,-0.769,0.861,2.008,115.124,-0.764,0.861,1.997,114.959,0.005,0.000,-0.010,0.011,5,weighted_average,kalman(weighted_average),false
1788864592.539,115.708,-0.786,0.882,1.998,115.683,-0.791,0.879,1.998,115.728,-0.005,-0.004,-0.000,0.006,5,weighted_average,kalman(weighted_average),false
1788864592.589,115.758,-0.800,0.877,1.985,116.163,-0.807,0.883,1.990,116.302,-0.007,0.006,0.005,0.011,5,weighted_average,kalman(weighted_average),false
1788864592.727,115.897,-0.831,0.895,1.969,117.464,-0.836,0.896,1.970,117.614,-0.005,0.002,0.002,0.006,5,weighted_average,kalman(weighted_average),false
1788864592.780,115.950,-0.858,0.901,2.012,118.166,-0.854,0.901,1.997,118.150,0.004,-0.000,-0.016,0.016,5,weighted_average,kalman(weighted_average),false
1788864592.835,116.005,-0.864,0.916,1.996,118.379,-0.865,0.913,1.999,118.509,-0.001,-0.004,0.003,0.005,5,weighted_average,kalman(weighted_average),false
1788864592.879,116.048,-0.902,0.906,2.004,119.419,-0.891,0.911,2.004,119.164,0.011,0.006,-0.000,0.012,5,weighted_average,kalman(weighted_average),false
1788864593.022,116.191,-0.938,0.931,1.975,120.154,-0.939,0.930,1.980,120.259,-0.001,-0.001,0.005,0.005,5,weighted_average,kalman(weighted_average),false
1788864593.077,116.247,-0.917,0.935,2.014,120.146,-0.929,0.936,2.000,120.338,-0.012,0.001,-0.013,0.018,5,weighted_average,kalman(weighted_average),false
1788864593.124,116.294,-0.971,0.928,2.002,121.376,-0.957,0.933,2.003,121.029,0.014,0.005,0.001,0.015,5,weighted_average,kalman(weighted_average),false
1788864593.184,116.354,-0.997,0.938,1.975,122.112,-0.989,0.937,1.986,121.864,0.008,-0.001,0.011,0.013,5,weighted_average,kalman(weighted_average),false
1788864593.324,116.493,-1.085,0.809,2.016,124.961,-1.081,0.826,2.011,124.641,0.005,0.017,-0.006,0.018,13,weighted_average,kalman(weighted_average),false
1788864593.376,116.546,-1.087,0.826,2.028,125.367,-1.097,0.811,2.027,125.478,-0.009,-0.015,-0.002,0.018,13,weighted_average,kalman(weighted_average),false
1788864593.430,116.599,-1.123,0.828,1.992,126.103,-1.123,0.810,2.009,126.246,-0.000,-0.017,0.017,0.024,13,weighted_average,kalman(weighted_average),false
1788864593.483,116.652,-1.135,0.840,2.011,126.706,-1.141,0.822,2.009,126.898,-0.005,-0.017,-0.001,0.018,13,weighted_average,kalman(weighted_average),false
1788864593.628,116.798,-1.174,0.867,2.021,127.994,-1.177,0.861,2.020,128.201,-0.003,-0.006,-0.001,0.007,13,weighted_average,kalman(weighted_average),false
1788864593.683,116.853,-1.203,0.861,2.034,128.934,-1.199,0.866,2.031,128.848,0.004,0.005,-0.003,0.007,13,weighted_average,kalman(weighted_average),false
1788864593.738,116.907,-1.212,0.866,2.030,129.269,-1.213,0.870,2.033,129.321,-0.001,0.004,0.003,0.005,13,weighted_average,kalman(weighted_average),false
1788864593.787,116.956,-1.239,0.873,2.046,129.999,-1.234,0.875,2.043,129.904,0.004,0.002,-0.003,0.006,13,weighted_average,kalman(weighted_average),false
1788864593.922,117.091,-1.286,0.861,2.033,131.742,-1.285,0.865,2.037,131.648,0.001,0.004,0.004,0.006,13,weighted_average,kalman(weighted_average),false
1788864593.981,117.150,-1.286,0.861,2.033,131.742,-1.292,0.860,2.033,131.972,-0.006,-0.000,-0.000,0.006,13,weighted_average,kalman(weighted_average),false
1788864594.034,117.203,-1.348,0.853,2.034,133.141,-1.333,0.854,2.032,132.867,0.015,0.001,-0.001,0.015,13,weighted_average,kalman(weighted_average),false
1788864594.083,117.252,-1.338,0.869,2.037,133.097,-1.345,0.861,2.035,133.270,-0.007,-0.008,-0.003,0.011,13,weighted_average,kalman(weighted_average),false
1788864594.222,117.391,-1.379,0.873,2.029,134.147,-1.382,0.871,2.029,134.283,-0.003,-0.001,0.001,0.003,13,weighted_average,kalman(weighted_average),false
1788864594.271,117.440,-1.427,0.850,1.987,135.341,-1.417,0.858,2.000,135.076,0.011,0.008,0.013,0.019,13,weighted_average,kalman(weighted_average),false
1788864594.320,117.490,-1.460,0.852,2.003,136.163,-1.452,0.853,1.997,135.917,0.008,0.001,-0.006,0.010,13,weighted_average,kalman(weighted_average),false
1788864594.374,117.543,-1.448,0.868,1.997,136.053,-1.461,0.860,1.993,136.299,-0.013,-0.007,-0.004,0.015,13,weighted_average,kalman(weighted_average),false
1788864594.514,117.684,-1.505,0.855,1.994,137.443,-1.506,0.856,1.992,137.515,-0.001,0.001,-0.002,0.003,13,weighted_average,kalman(weighted_average),false
1788864594.560,117.729,-1.518,0.864,1.978,137.895,-1.519,0.860,1.983,137.901,-0.001,-0.003,0.005,0.006,13,weighted_average,kalman(weighted_average),false
1788864594.613,117.783,-1.523,0.850,2.032,138.250,-1.527,0.854,2.013,138.298,-0.004,0.004,-0.019,0.020,13,weighted_average,kalman(weighted_average),false
1788864594.660,117.829,-1.556,0.836,1.994,139.137,-1.549,0.842,2.006,138.921,0.007,0.006,0.012,0.015,13,weighted_average,kalman(weighted_average),false
1788864594.714,117.883,-1.551,0.854,2.006,139.242,-1.557,0.847,2.007,139.342,-0.006,-0.008,0.001,0.010,13,weighted_average,kalman(weighted_average),false
1788864594.845,118.014,-1.560,0.850,2.020,139.689,-1.564,0.849,2.019,139.883,-0.004,-0.001,-0.001,0.004,13,weighted_average,kalman(weighted_average),false
1788864594.888,118.058,-1.584,0.852,1.979,140.023,-1.578,0.851,1.994,140.047,0.006,-0.000,0.015,0.016,13,weighted_average,kalman(weighted_average),false
1788864594.947,118.116,-1.584,0.852,1.979,140.023,-1.584,0.852,1.981,140.138,-0.001,0.000,0.002,0.002,13,weighted_average,kalman(weighted_average),false
1788864594.993,118.163,-1.597,0.847,1.987,140.404,-1.594,0.850,1.981,140.348,0.002,0.002,-0.006,0.007,13,weighted_average,kalman(weighted_average),false
1788864595.050,118.220,-1.605,0.844,1.981,140.620,-1.604,0.846,1.979,140.590,0.001,0.002,-0.003,0.003,13,weighted_average,kalman(weighted_average),false
1788864595.193,118.363,-1.625,0.825,2.010,141.694,-1.625,0.827,2.005,141.585,-0.000,0.002,-0.005,0.005,13,weighted_average,kalman(weighted_average),false
1788864595.249,118.418,-1.642,0.813,1.988,142.121,-1.640,0.814,1.996,142.066,0.003,0.002,0.009,0.009,13,weighted_average,kalman(weighted_average),false
1788864595.303,118.472,-1.653,0.821,1.982,142.302,-1.652,0.815,1.988,142.375,0.001,-0.006,0.006,0.008,13,weighted_average,kalman(weighted_average),false
1788864595.356,118.526,-1.787,0.715,1.947,144.715,-1.742,0.750,1.961,143.846,0.045,0.035,0.014,0.059,13,weighted_average,kalman(weighted_average),false
1788864595.494,118.663,-1.684,0.795,1.954,143.108,-1.707,0.779,1.950,143.678,-0.023,-0.017,-0.004,0.029,13,weighted_average,kalman(weighted_average),false
1788864595.547,118.717,-1.684,0.791,1.981,143.164,-1.685,0.793,1.971,143.346,-0.001,0.001,-0.010,0.010,13,weighted_average,kalman(weighted_average),false
1788864595.604,118.773,-1.690,0.782,1.953,143.369,-1.680,0.791,1.962,143.300,0.010,0.009,0.009,0.016,13,weighted_average,kalman(weighted_average),false
1788864595.657,118.826,-1.625,0.830,1.962,142.282,-1.641,0.818,1.962,142.687,-0.016,-0.012,-0.000,0.020,13,weighted_average,kalman(weighted_average),false
1788864595.793,118.962,-1.621,0.809,1.966,142.575,-1.615,0.815,1.966,142.441,0.006,0.007,-0.001,0.009,13,weighted_average,kalman(weighted_average),false
1788864595.842,119.011,-1.618,0.805,1.969,142.614,-1.615,0.808,1.969,142.510,0.003,0.002,-0.001,0.004,13,weighted_average,kalman(weighted_average),false
1788864595.893,119.062,-1.618,0.805,1.969,142.614,-1.615,0.804,1.970,142.551,0.003,-0.001,0.001,0.003,13,weighted_average,kalman(weighted_average),false
1788864595.953,119.122,-1.619,0.801,1.931,142.729,-1.617,0.800,1.945,142.648,0.002,-0.001,0.014,0.015,13,weighted_average,kalman(weighted_average),false
1788864596.096,119.265,-1.606,0.798,1.972,142.646,-1.607,0.797,1.965,142.662,-0.001,-0.001,-0.006,0.007,13,weighted_average,kalman(weighted_average),false
1788864596.148,119.318,-1.603,0.807,1.969,142.513,-1.603,0.804,1.971,142.570,0.000,-0.003,0.002,0.004,13,weighted_average,kalman(weighted_average),false
1788864596.217,119.386,-1.607,0.800,1.948,142.661,-1.604,0.802,1.958,142.612,0.003,0.002,0.010,0.010,13,weighted_average,kalman(weighted_average),false
1788864596.283,119.453,-1.590,0.797,1.990,142.556,-1.594,0.799,1.979,142.578,-0.004,0.002,-0.011,0.012,13,weighted_average,kalman(weighted_average),false
1788864596.470,119.639,-1.597,0.775,1.982,142.952,-1.596,0.776,1.984,142.905,0.001,0.001,0.002,0.002,13,weighted_average,kalman(weighted_average),false
1788864596.526,119.696,-1.602,0.765,1.991,143.097,-1.601,0.766,1.988,143.073,0.001,0.000,-0.003,0.003,13,weighted_average,kalman(weighted_average),false
1788864596.582,119.751,-1.589,0.779,1.953,142.860,-1.594,0.771,1.965,143.000,-0.005,-0.007,0.012,0.015,13,weighted_average,kalman(weighted_average),false
1788864596.633,119.803,-1.605,0.750,1.980,143.329,-1.601,0.757,1.971,143.207,0.004,0.007,-0.009,0.012,13,weighted_average,kalman(weighted_average),false
1788864596.775,119.944,-1.597,0.756,1.998,143.114,-1.598,0.753,1.994,143.190,-0.001,-0.002,-0.004,0.005,13,weighted_average,kalman(weighted_average),false
1788864596.829,119.999,-1.582,0.764,2.004,142.864,-1.586,0.760,2.004,142.981,-0.004,-0.003,0.000,0.005,13,weighted_average,kalman(weighted_average),false
1788864596.879,120.048,-1.577,0.769,1.978,142.747,-1.578,0.767,1.991,142.816,-0.001,-0.002,0.013,0.013,13,weighted_average,kalman(weighted_average),false
1788864596.929,120.098,-1.583,0.761,1.994,142.850,-1.578,0.765,1.993,142.784,0.004,0.004,-0.001,0.006,13,weighted_average,kalman(weighted_average),false
1788864597.091,120.261,-1.582,0.752,1.980,142.957,-1.581,0.754,1.982,142.887,0.001,0.002,0.001,0.003,13,weighted_average,kalman(weighted_average),false
1788864597.141,120.310,-1.584,0.747,2.012,142.984,-1.584,0.748,2.001,142.964,0.001,0.000,-0.011,0.011,13,weighted_average,kalman(weighted_average),false
1788864597.249,120.418,-1.568,0.761,1.993,142.688,-1.572,0.757,1.997,142.787,-0.004,-0.004,0.004,0.007,13,weighted_average,kalman(weighted_average),false
1788864597.404,120.573,-1.574,0.756,1.982,142.823,-1.572,0.757,1.983,142.798,0.001,0.001,0.001,0.002,13,weighted_average,kalman(weighted_average),false
1788864597.456,120.625,-1.577,0.752,2.013,142.880,-1.576,0.753,2.003,142.852,0.001,0.002,-0.011,0.011,13,weighted_average,kalman(weighted_average),false
1788864597.507,120.676,-1.567,0.765,1.953,142.706,-1.571,0.760,1.973,142.776,-0.004,-0.005,0.020,0.021,13,weighted_average,kalman(weighted_average),false
1788864597.568,120.737,-1.564,0.767,1.992,142.631,-1.566,0.765,1.981,142.684,-0.002,-0.002,-0.011,0.011,13,weighted_average,kalman(weighted_average),false
1788864597.707,120.876,-1.569,0.765,2.004,142.711,-1.568,0.766,2.001,142.683,0.001,0.001,-0.003,0.004,13,weighted_average,kalman(weighted_average),false
1788864597.761,120.931,-1.566,0.765,1.993,142.715,-1.567,0.765,1.998,142.703,-0.001,0.000,0.005,0.005,13,weighted_average,kalman(weighted_average),false
1788864597.811,120.981,-1.574,0.751,2.013,142.949,-1.571,0.756,2.008,142.845,0.003,0.005,-0.004,0.007,13,weighted_average,kalman(weighted_average),false
1788864597.871,121.041,-1.580,0.749,1.996,143.050,-1.578,0.749,2.003,142.992,0.002,0.001,0.007,0.007,13,weighted_average,kalman(weighted_average),false
1788864598.004,121.174,-1.575,0.764,1.987,142.806,-1.577,0.760,1.989,142.893,-0.002,-0.004,0.002,0.005,13,weighted_average,kalman(weighted_average),false
1788864598.064,121.234,-1.573,0.764,1.986,142.785,-1.574,0.764,1.985,142.812,-0.001,0.000,-0.001,0.002,13,weighted_average,kalman(weighted_average),false
1788864598.116,121.285,-1.577,0.759,1.990,142.885,-1.575,0.762,1.987,142.835,0.002,0.004,-0.003,0.005,13,weighted_average,kalman(weighted_average),false
1788864598.176,121.345,-1.583,0.747,1.990,143.078,-1.580,0.753,1.988,142.965,0.003,0.006,-0.002,0.007,13,weighted_average,kalman(weighted_average),false
1788864598.308,121.478,-1.579,0.759,1.989,142.872,-1.579,0.757,1.989,142.911,-0.001,-0.002,-0.000,0.002,13,weighted_average,kalman(weighted_average),false
1788864598.369,121.539,-1.579,0.754,1.998,142.933,-1.579,0.756,1.995,142.919,-0.000,0.001,-0.002,0.003,13,weighted_average,kalman(weighted_average),false
1788864598.418,121.587,-1.585,0.755,2.004,142.958,-1.583,0.755,2.002,142.939,0.002,0.000,-0.002,0.003,13,weighted_average,kalman(weighted_average),false
1788864598.467,121.637,-1.555,0.775,2.035,142.445,-1.567,0.767,2.024,142.675,-0.011,-0.008,-0.011,0.017,13,weighted_average,kalman(weighted_average),false
1788864598.618,121.788,-1.584,0.754,2.016,142.989,-1.580,0.757,2.020,142.881,0.004,0.003,0.005,0.007,13,weighted_average,kalman(weighted_average),false
1788864598.669,121.838,-1.582,0.759,2.015,142.906,-1.584,0.757,2.016,142.925,-0.001,-0.002,0.000,0.003,13,weighted_average,kalman(weighted_average),false
1788864598.725,121.895,-1.576,0.764,2.027,142.789,-1.581,0.760,2.022,142.874,-0.005,-0.003,-0.006,0.008,13,weighted_average,kalman(weighted_average),false
1788864598.776,121.945,-1.586,0.757,2.029,142.953,-1.585,0.758,2.026,142.926,0.002,0.001,-0.002,0.003,13,weighted_average,kalman(weighted_average),false
1788864598.908,122.078,-1.590,0.770,1.964,142.871,-1.590,0.768,1.973,142.901,-0.000,-0.002,0.010,0.010,13,weighted_average,kalman(weighted_average),false
1788864598.967,122.136,-1.590,0.770,1.964,142.871,-1.590,0.771,1.959,142.879,-0.001,0.001,-0.005,0.005,13,weighted_average,kalman(weighted_average),false
1788864599.025,122.194,-1.598,0.757,2.001,143.074,-1.596,0.762,1.980,142.991,0.002,0.006,-0.020,0.021,13,weighted_average,kalman(weighted_average),false
1788864599.078,122.247,-1.602,0.762,1.983,143.079,-1.601,0.761,1.982,143.055,0.001,-0.001,-0.001,0.002,13,weighted_average,kalman(weighted_average),false
1788864599.222,122.392,-1.561,0.802,2.010,142.284,-1.567,0.797,2.008,142.456,-0.006,-0.005,-0.003,0.008,13,weighted_average,kalman(weighted_average),false
1788864599.270,122.439,-1.583,0.790,1.982,142.656,-1.574,0.797,1.994,142.505,0.010,0.007,0.011,0.016,13,weighted_average,kalman(weighted_average),false
1788864599.320,122.489,-1.583,0.790,1.982,142.656,-1.578,0.796,1.986,142.539,0.006,0.006,0.004,0.009,13,weighted_average,kalman(weighted_average),false
1788864599.376,122.545,-1.606,0.766,2.004,143.160,-1.595,0.778,1.996,142.857,0.011,0.013,-0.008,0.018,13,weighted_average,kalman(weighted_average),false
1788864599.529,122.699,-1.608,0.776,1.995,143.102,-1.609,0.774,1.996,143.100,-0.001,-0.001,0.001,0.002,13,weighted_average,kalman(weighted_average),false
1788864599.576,122.746,-1.591,0.789,1.990,142.803,-1.598,0.784,1.992,142.944,-0.007,-0.005,0.002,0.009,13,weighted_average,kalman(weighted_average),false
1788864599.635,122.805,-1.620,0.776,1.962,143.233,-1.612,0.780,1.971,143.115,0.008,0.005,0.009,0.013,13,weighted_average,kalman(weighted_average),false
1788864599.682,122.851,-1.609,0.781,1.971,143.083,-1.612,0.781,1.968,143.123,-0.003,-0.000,-0.004,0.005,13,weighted_average,kalman(weighted_average),false
1788864599.835,123.005,-1.603,0.787,1.978,142.951,-1.604,0.787,1.974,143.004,-0.002,-0.001,-0.003,0.004,13,weighted_average,kalman(weighted_average),false
1788864599.886,123.056,-1.591,0.802,1.974,142.692,-1.594,0.798,1.975,142.790,-0.003,-0.004,0.002,0.005,13,weighted_average,kalman(weighted_average),false
1788864599.933,123.103,-1.603,0.794,1.961,142.905,-1.597,0.797,1.968,142.811,0.006,0.004,0.006,0.009,13,weighted_average,kalman(weighted_average),false
1788864599.995,123.164,-1.603,0.794,1.961,142.905,-1.600,0.796,1.963,142.834,0.003,0.003,0.001,0.004,13,weighted_average,kalman(weighted_average),false
1788864600.162,123.331,-1.608,0.780,1.974,143.112,-1.607,0.781,1.972,143.060,0.001,0.002,-0.002,0.002,13,weighted_average,kalman(weighted_average),false
1788864600.218,123.387,-1.584,0.799,1.976,142.656,-1.592,0.792,1.976,142.824,-0.008,-0.007,0.001,0.010,13,weighted_average,kalman(weighted_average),false
1788864600.278,123.447,-1.600,0.782,1.968,142.975,-1.595,0.786,1.972,142.900,0.005,0.004,0.004,0.007,13,weighted_average,kalman(weighted_average),false
1788864600.340,123.509,-1.593,0.787,1.941,142.884,-1.593,0.786,1.951,142.893,-0.000,-0.001,0.010,0.010,13,weighted_average,kalman(weighted_average),false
1788864600.485,123.654,-1.593,0.786,1.953,142.884,-1.593,0.785,1.950,142.886,0.000,-0.000,-0.003,0.003,13,weighted_average,kalman(weighted_average),false
1788864600.539,123.708,-1.592,0.789,1.947,142.820,-1.592,0.788,1.948,142.843,-0.000,-0.001,0.001,0.002,13,weighted_average,kalman(weighted_average),false
1788864600.591,123.760,-1.591,0.790,1.949,142.790,-1.591,0.790,1.948,142.805,-0.000,-0.001,-0.000,0.001,13,weighted_average,kalman(weighted_average),false
1788864600.638,123.807,-1.591,0.789,1.972,142.799,-1.591,0.790,1.962,142.791,0.000,0.001,-0.009,0.009,13,weighted_average,kalman(weighted_average),false
1788864600.795,123.965,-1.604,0.782,1.978,143.016,-1.602,0.783,1.978,142.967,0.001,0.001,0.000,0.002,13,weighted_average,kalman(weighted_average),false
1788864600.846,124.015,-1.614,0.771,1.954,143.283,-1.612,0.773,1.963,143.191,0.002,0.003,0.009,0.010,13,weighted_average,kalman(weighted_average),false
1788864600.894,124.064,-1.592,0.793,1.964,142.823,-1.602,0.784,1.962,143.033,-0.010,-0.010,-0.002,0.014,13,weighted_average,kalman(weighted_average),false
1788864600.949,124.118,-1.592,0.793,1.964,142.823,-1.596,0.790,1.962,142.926,-0.003,-0.003,-0.002,0.005,13,weighted_average,kalman(weighted_average),false
1788864601.093,124.262,-1.598,0.793,1.962,142.876,-1.596,0.794,1.961,142.871,0.001,0.001,-0.000,0.002,13,weighted_average,kalman(weighted_average),false
1788864601.151,124.320,-1.598,0.793,1.962,142.876,-1.598,0.794,1.962,142.867,0.000,0.001,-0.000,0.001,13,weighted_average,kalman(weighted_average),false
1788864601.207,124.376,-1.607,0.786,1.953,143.034,-1.604,0.789,1.956,142.960,0.003,0.003,0.003,0.005,13,weighted_average,kalman(weighted_average),false
1788864601.264,124.433,-1.596,0.796,1.960,142.826,-1.600,0.793,1.957,142.895,-0.004,-0.003,-0.002,0.006,13,weighted_average,kalman(weighted_average),false
1788864601.412,124.581,-1.597,0.791,1.994,142.917,-1.597,0.791,1.989,142.909,-0.000,0.000,-0.004,0.004,13,weighted_average,kalman(weighted_average),false
1788864601.466,124.635,-1.588,0.805,1.965,142.686,-1.590,0.801,1.976,142.767,-0.003,-0.004,0.012,0.013,13,weighted_average,kalman(weighted_average),false
1788864601.516,124.685,-1.585,0.807,1.968,142.657,-1.585,0.806,1.971,142.684,-0.001,-0.001,0.003,0.004,13,weighted_average,kalman(weighted_average),false
1788864601.565,124.734,-1.580,0.806,1.983,142.627,-1.581,0.807,1.977,142.625,-0.000,0.002,-0.005,0.005,13,weighted_average,kalman(weighted_average),false
1788864601.704,124.873,-1.588,0.798,1.991,142.801,-1.585,0.800,1.989,142.730,0.003,0.002,-0.001,0.004,13,weighted_average,kalman(weighted_average),false
1788864601.751,124.920,-1.579,0.804,1.977,142.676,-1.582,0.802,1.983,142.709,-0.003,-0.002,0.006,0.007,13,weighted_average,kalman(weighted_average),false
1788864601.803,124.972,-1.573,0.804,2.004,142.624,-1.576,0.802,1.996,142.668,-0.003,-0.001,-0.008,0.009,13,weighted_average,kalman(weighted_average),false
1788864601.850,125.019,-1.573,0.804,2.004,142.624,-1.573,0.803,2.003,142.642,-0.000,-0.001,-0.001,0.001,13,weighted_average,kalman(weighted_average),false
1788864601.907,125.076,-1.573,0.804,2.004,142.624,-1.572,0.803,2.006,142.626,0.001,-0.000,0.002,0.003,13,weighted_average,kalman(weighted_average),false
1788864602.061,125.230,-1.087,-1.497,0.824,-178.692,-1.572,0.803,2.006,174.471,-0.485,2.300,1.183,2.632,4,weighted_average,kalman(weighted_average),true
1788864602.115,125.285,-0.990,-1.594,0.774,-176.598,-1.572,0.803,2.006,-175.524,-0.582,2.398,1.232,2.758,4,weighted_average,kalman(weighted_average),true
1788864602.172,125.341,-1.561,0.805,1.979,142.580,-1.561,0.805,1.980,164.120,-0.000,-0.000,0.001,0.001,13,weighted_average,kalman(weighted_average),false
1788864602.225,125.394,-1.553,0.812,1.962,142.436,-1.555,0.810,1.966,151.363,-0.002,-0.002,0.004,0.005,13,weighted_average,kalman(weighted_average),false
1788864602.381,125.550,-1.030,-1.602,0.859,-176.647,-1.555,0.810,1.966,175.194,-0.526,2.412,1.106,2.705,4,weighted_average,kalman(weighted_average),true
1788864602.441,125.610,-1.049,-1.530,0.811,-177.936,-1.555,0.810,1.966,-176.849,-0.506,2.340,1.155,2.658,4,weighted_average,kalman(weighted_average),true
1788864602.498,125.667,-1.019,-1.540,0.782,-177.600,-1.555,0.810,1.966,-173.849,-0.536,2.349,1.183,2.685,4,weighted_average,kalman(weighted_average),true
1788864602.551,125.720,-1.148,-1.406,0.863,179.621,-1.555,0.810,1.966,-174.954,-0.407,2.216,1.102,2.508,4,weighted_average,kalman(weighted_average),true
1788864602.696,125.865,-1.568,0.816,1.968,142.177,-1.568,0.816,1.968,152.023,0.000,-0.000,-0.000,0.000,13,weighted_average,kalman(weighted_average),false
1788864602.748,125.917,-1.566,0.823,1.949,141.513,-1.567,0.821,1.954,141.056,-0.001,-0.002,0.006,0.006,13,weighted_average,kalman(weighted_average),false
1788864602.808,125.977,-1.554,0.827,1.988,141.039,-1.558,0.826,1.977,135.860,-0.004,-0.001,-0.011,0.012,13,weighted_average,kalman(weighted_average),false
1788864602.872,126.042,-1.561,0.823,1.952,140.585,-1.559,0.825,1.962,134.526,0.003,0.002,0.010,0.011,13,weighted_average,kalman(weighted_average),false
1788864603.000,126.169,-1.566,0.822,1.996,139.911,-1.565,0.823,1.990,135.949,0.002,0.001,-0.005,0.006,13,weighted_average,kalman(weighted_average),false
1788864603.052,126.222,-1.571,0.818,1.964,139.746,-1.570,0.819,1.976,138.238,0.001,0.001,0.012,0.012,13,weighted_average,kalman(weighted_average),false
1788864603.113,126.282,-1.577,0.817,1.963,139.463,-1.576,0.817,1.967,139.309,0.001,-0.000,0.004,0.004,13,weighted_average,kalman(weighted_average),false
1788864603.162,126.331,-1.556,0.841,1.984,138.896,-1.566,0.831,1.976,139.422,-0.009,-0.010,-0.008,0.016,13,weighted_average,kalman(weighted_average),false
1788864603.303,126.472,-1.560,0.846,1.979,139.015,-1.560,0.846,1.979,139.413,-0.000,0.000,0.000,0.000,13,weighted_average,kalman(weighted_average),false
1788864603.357,126.526,-1.553,0.856,1.975,139.521,-1.555,0.855,1.977,139.491,-0.001,-0.001,0.001,0.002,13,weighted_average,kalman(weighted_average),false
1788864603.414,126.583,-1.552,0.849,1.951,140.323,-1.552,0.853,1.959,140.007,0.000,0.005,0.008,0.009,13,weighted_average,kalman(weighted_average),false
1788864603.466,126.635,-1.589,0.816,1.958,141.269,-1.574,0.831,1.955,140.804,0.015,0.015,-0.002,0.021,13,weighted_average,kalman(weighted_average),false
1788864603.612,126.781,-1.572,0.819,1.983,141.633,-1.575,0.817,1.978,141.704,-0.003,-0.001,-0.005,0.006,13,weighted_average,kalman(weighted_average),false
1788864603.666,126.836,-1.568,0.824,1.964,141.688,-1.570,0.821,1.971,141.814,-0.002,-0.003,0.008,0.008,13,weighted_average,kalman(weighted_average),false
1788864603.750,126.919,-1.590,0.806,1.976,142.462,-1.584,0.810,1.976,142.376,0.006,0.003,-0.000,0.007,13,weighted_average,kalman(weighted_average),false
1788864603.910,127.080,-1.501,0.880,2.108,140.520,-1.509,0.873,2.098,140.911,-0.008,-0.007,-0.010,0.015,4,weighted_average,kalman(weighted_average),false
1788864603.986,127.155,-1.504,0.917,2.029,140.098,-1.495,0.915,2.060,140.123,0.009,-0.001,0.031,0.032,4,weighted_average,kalman(weighted_average),false
1788864604.073,127.242,-1.508,0.924,1.938,140.128,-1.499,0.932,1.965,139.873,0.009,0.008,0.026,0.029,4,weighted_average,kalman(weighted_average),false
1788864604.347,127.517,-1.581,0.810,1.940,141.724,-1.577,0.818,1.934,141.459,0.004,0.008,-0.006,0.011,13,weighted_average,kalman(weighted_average),false
1788864604.436,127.606,-1.556,0.832,2.001,140.382,-1.569,0.815,1.991,140.877,-0.013,-0.017,-0.011,0.024,13,weighted_average,kalman(weighted_average),false
1788864604.503,127.672,-1.557,0.835,1.968,139.988,-1.562,0.825,1.983,140.296,-0.005,-0.010,0.015,0.019,13,weighted_average,kalman(weighted_average),false
1788864604.675,127.844,-1.558,0.821,1.981,139.778,-1.558,0.821,1.983,139.760,0.000,-0.000,0.002,0.002,13,weighted_average,kalman(weighted_average),false
1788864604.773,127.942,-1.526,0.836,1.972,138.144,-1.531,0.833,1.973,138.439,-0.005,-0.003,0.001,0.006,13,weighted_average,kalman(weighted_average),false
1788864604.865,128.034,-1.554,0.810,1.958,137.960,-1.545,0.816,1.959,137.848,0.008,0.006,0.002,0.011,13,weighted_average,kalman(weighted_average),false
1788864605.073,128.242,-1.507,0.810,1.970,134.898,-1.510,0.809,1.968,135.018,-0.002,-0.001,-0.002,0.003,13,weighted_average,kalman(weighted_average),false
1788864605.186,128.356,-1.530,0.745,2.122,135.476,-1.523,0.753,2.103,135.064,0.007,0.008,-0.018,0.021,13,weighted_average,kalman(weighted_average),false
1788864605.516,128.685,-1.438,0.803,1.972,130.923,-1.443,0.797,1.987,131.194,-0.004,-0.006,0.015,0.017,13,weighted_average,kalman(weighted_average),false
1788864605.645,128.815,-1.433,0.780,1.988,130.182,-1.426,0.788,1.972,129.892,0.007,0.008,-0.016,0.019,13,weighted_average,kalman(weighted_average),false
1788864605.905,129.075,-1.377,0.774,1.984,127.413,-1.378,0.774,1.982,127.417,-0.001,-0.000,-0.001,0.002,13,weighted_average,kalman(weighted_average),false
1788864606.004,129.173,-1.307,0.814,2.059,125.076,-1.314,0.806,2.049,125.319,-0.007,-0.007,-0.011,0.015,13,weighted_average,kalman(weighted_average),false
1788864606.311,129.480,-1.311,0.899,1.939,123.563,-1.306,0.897,1.949,123.409,0.005,-0.002,0.010,0.011,5,weighted_average,kalman(weighted_average),false
1788864606.413,129.583,-1.279,0.908,1.967,122.274,-1.285,0.914,1.951,122.342,-0.007,0.006,-0.017,0.019,5,weighted_average,kalman(weighted_average),false
1788864606.651,129.821,-1.208,0.907,1.992,119.616,-1.210,0.909,1.989,119.680,-0.002,0.002,-0.003,0.004,5,weighted_average,kalman(weighted_average),false
1788864606.821,129.990,-1.185,0.907,1.981,118.212,-1.182,0.906,1.985,118.121,0.003,-0.001,0.004,0.005,5,weighted_average,kalman(weighted_average),false
1788864607.044,130.213,-1.130,0.887,1.981,116.055,-1.131,0.887,1.981,116.074,-0.001,0.001,-0.001,0.002,5,weighted_average,kalman(weighted_average),false
1788864607.121,130.290,-1.106,0.882,1.997,114.981,-1.106,0.881,1.993,115.059,-0.001,-0.001,-0.003,0.003,5,weighted_average,kalman(weighted_average),false
1788864607.212,130.381,-1.078,0.889,1.995,113.774,-1.078,0.886,1.996,113.828,0.000,-0.003,0.002,0.004,5,weighted_average,kalman(weighted_average),false
1788864607.433,130.602,-1.039,0.876,2.024,111.645,-1.038,0.877,2.023,111.611,0.001,0.001,-0.001,0.001,5,weighted_average,kalman(weighted_average),false
1788864607.495,130.664,-0.977,0.881,2.014,110.047,-0.991,0.879,2.019,110.333,-0.013,-0.002,0.005,0.014,5,weighted_average,kalman(weighted_average),false
1788864607.562,130.731,-0.952,0.871,2.029,108.908,-0.953,0.873,2.027,109.051,-0.002,0.002,-0.002,0.003,5,weighted_average,kalman(weighted_average),false
1788864607.721,130.890,-0.812,0.513,2.045,106.300,-0.817,0.543,2.044,106.308,-0.005,0.030,-0.000,0.030,17,weighted_average,kalman(weighted_average),false
1788864607.789,130.959,-0.744,0.499,2.034,104.642,-0.746,0.467,2.039,104.788,-0.002,-0.032,0.004,0.032,17,weighted_average,kalman(weighted_average),false
1788864607.860,131.029,-0.715,0.488,2.051,103.356,-0.705,0.450,2.048,103.376,0.011,-0.038,-0.003,0.039,17,weighted_average,kalman(weighted_average),false
1788864608.018,131.188,-0.580,0.447,2.028,99.445,-0.580,0.436,2.031,99.559,-0.001,-0.011,0.003,0.011,17,weighted_average,kalman(weighted_average),false
1788864608.093,131.262,-0.577,0.423,2.088,98.744,-0.564,0.428,2.072,98.458,0.013,0.004,-0.015,0.020,17,weighted_average,kalman(weighted_average),false
1788864608.160,131.330,-0.630,0.441,2.067,98.926,-0.603,0.436,2.074,98.308,0.026,-0.005,0.007,0.027,17,weighted_average,kalman(weighted_average),false
1788864608.319,131.488,-0.543,0.405,2.065,96.147,-0.551,0.408,2.068,96.203,-0.007,0.003,0.003,0.009,17,weighted_average,kalman(weighted_average),false
1788864608.390,131.559,-0.649,0.429,2.080,97.123,-0.618,0.420,2.076,96.562,0.031,-0.009,-0.004,0.032,17,weighted_average,kalman(weighted_average),false
1788864608.462,131.631,-0.427,0.355,2.050,92.912,-0.485,0.373,2.058,94.035,-0.058,0.018,0.008,0.061,17,weighted_average,kalman(weighted_average),false
1788864608.621,131.790,-0.330,0.293,2.041,89.776,-0.330,0.294,2.041,89.942,0.000,0.001,-0.000,0.001,17,weighted_average,kalman(weighted_average),false
1788864608.691,131.860,-0.317,0.289,2.024,89.095,-0.304,0.282,2.027,88.801,0.013,-0.007,0.002,0.015,17,weighted_average,kalman(weighted_average),false
1788864608.753,131.922,-0.350,0.305,1.993,89.455,-0.324,0.292,2.000,88.725,0.025,-0.013,0.007,0.029,17,weighted_average,kalman(weighted_average),false
1788864608.809,131.979,-0.297,0.281,1.981,88.491,-0.304,0.284,1.982,88.297,-0.008,0.003,0.001,0.008,17,weighted_average,kalman(weighted_average),false
1788864608.974,132.143,-0.279,0.256,1.988,88.152,-0.278,0.257,1.983,87.916,0.001,0.001,-0.005,0.005,17,weighted_average,kalman(weighted_average),false
1788864609.046,132.215,-0.285,0.257,1.988,88.604,-0.281,0.254,1.989,88.369,0.004,-0.003,0.001,0.005,17,weighted_average,kalman(weighted_average),false
1788864609.106,132.276,-0.219,0.209,2.032,87.850,-0.238,0.221,2.020,88.098,-0.018,0.012,-0.012,0.025,17,weighted_average,kalman(weighted_average),false
1788864609.266,132.435,-0.161,0.168,2.026,87.502,-0.163,0.168,2.029,87.578,-0.001,0.000,0.004,0.004,17,weighted_average,kalman(weighted_average),false
1788864609.326,132.495,-0.177,0.170,2.021,88.023,-0.165,0.164,2.023,87.808,0.012,-0.006,0.002,0.013,17,weighted_average,kalman(weighted_average),false
1788864609.389,132.559,-0.137,0.157,1.990,87.631,-0.141,0.155,1.999,87.689,-0.004,-0.002,0.009,0.010,17,weighted_average,kalman(weighted_average),false
1788864609.456,132.625,-0.147,0.152,2.015,88.058,-0.139,0.149,2.005,87.892,0.008,-0.002,-0.010,0.013,17,weighted_average,kalman(weighted_average),false
1788864609.614,132.783,-0.099,0.120,1.975,87.745,-0.101,0.121,1.977,87.788,-0.001,0.001,0.002,0.003,17,weighted_average,kalman(weighted_average),false
1788864609.682,132.851,-0.074,0.106,2.011,87.459,-0.076,0.107,1.999,87.546,-0.002,0.001,-0.012,0.012,17,weighted_average,kalman(weighted_average),false

# =============================================================================
# Statistiche sessione  (campioni: 1591)
# Durata: 132.9 s
# raw_x: min=-2.3710  max=1.4520  media=0.0222
# raw_y: min=-4.8683  max=1.1560  media=-1.5613
# raw_z: min=0.2919  max=2.4718  media=2.0067
# raw_yaw_deg: min=-178.6924  max=179.6214  media=57.7936
# filtered_x: min=-1.7416  max=1.4359  media=0.0350
# filtered_y: min=-4.4160  max=1.1505  media=-1.5584
# filtered_z: min=0.6713  max=2.4605  media=2.0223
# filtered_yaw_deg: min=-176.8489  max=175.1943  media=57.7577
# error_norm: min=0.0000  max=4.6068  media=0.0499
# Nota: per le colonne di yaw assoluto min/max sono estremi del wrap-around +/-180 deg, non l'ampiezza reale; la media e' circolare.
# =============================================================================
