# =============================================================================
# CONFRONTO POSE APRILTAG RAW E POSE FILTRATE KALMAN
# =============================================================================
# Descrizione: tabella per valutare quanto il filtro di Kalman modifica la posa stimata a partire dalle misure grezze degli AprilTag.
# Generato il: 2026-09-08 11:07:01
# Formato dati: tabella CSV testuale con separatore ','
# Nota: le righe che iniziano con '#' sono commenti descrittivi.
# Separatore degli ID AprilTag multipli: '|'
#
# Legenda colonne:
# - timestamp_s: timestamp assoluto UNIX del campione [s]
# - tempo_relativo_s: tempo trascorso dal primo campione del file [s]
# - raw_x_m: coordinata X della posa grezza AprilTag [m]
# - raw_y_m: coordinata Y della posa grezza AprilTag [m]
# - raw_z_m: coordinata Z della posa grezza AprilTag [m]
# - raw_yaw_deg: yaw associato alla posa grezza AprilTag [deg]
# - kalman_x_m: coordinata X dopo filtraggio di Kalman [m]
# - kalman_y_m: coordinata Y dopo filtraggio di Kalman [m]
# - kalman_z_m: coordinata Z dopo filtraggio di Kalman [m]
# - kalman_yaw_deg: yaw filtrato da Kalman se yaw_filter_enabled=True, altrimenti corrisponde a quello grezzo [deg]
# - errore_x_m: differenza kalman_x_m - raw_x_m [m]
# - errore_y_m: differenza kalman_y_m - raw_y_m [m]
# - errore_z_m: differenza kalman_z_m - raw_z_m [m]
# - norma_errore_m: norma euclidea della correzione introdotta dal filtro [m]
# - tag_ids: ID degli AprilTag usati per la stima, separati dal carattere indicato sopra
# - sorgente_raw: descrizione della sorgente della posa grezza
# - sorgente_kalman: descrizione della sorgente della posa filtrata
# - outlier_scartato: true se il filtro di Kalman ha scartato la misura grezza: la posa filtrata e' solo la previsione
# =============================================================================

timestamp_s,tempo_relativo_s,raw_x_m,raw_y_m,raw_z_m,raw_yaw_deg,kalman_x_m,kalman_y_m,kalman_z_m,kalman_yaw_deg,errore_x_m,errore_y_m,errore_z_m,norma_errore_m,tag_ids,sorgente_raw,sorgente_kalman,outlier_scartato
1788858293.577,0.000,-0.089,1.449,0.414,88.879,-0.089,1.449,0.414,88.879,0.000,0.000,0.000,0.000,0,weighted_average,kalman(weighted_average),false
1788858293.929,0.353,-0.218,1.441,0.605,93.155,-0.217,1.441,0.605,92.366,0.000,0.000,-0.000,0.001,0,weighted_average,kalman(weighted_average),false
1788858294.084,0.508,-0.081,1.682,-0.555,89.236,-0.084,1.676,-0.524,90.234,-0.004,-0.006,0.031,0.032,15,weighted_average,kalman(weighted_average),false
1788858294.157,0.580,1.116,1.823,3.101,78.225,-0.084,1.676,-0.524,81.569,-1.200,-0.147,-3.625,3.821,15,weighted_average,kalman(weighted_average),true
1788858294.217,0.640,-0.450,1.814,-0.146,92.700,-0.410,1.799,-0.187,87.079,0.040,-0.015,-0.041,0.059,3,weighted_average,kalman(weighted_average),false
1788858294.263,0.686,0.248,1.787,3.036,86.966,-0.410,1.799,-0.187,87.058,-0.658,0.012,-3.222,3.289,3,weighted_average,kalman(weighted_average),true
1788858294.316,0.739,-0.224,2.054,1.552,90.983,-0.410,1.799,-0.187,89.211,-0.186,-0.255,-1.739,1.767,3,weighted_average,kalman(weighted_average),true
1788858294.367,0.790,0.558,1.913,2.257,84.661,-0.410,1.799,-0.187,87.194,-0.968,-0.114,-2.444,2.631,3,weighted_average,kalman(weighted_average),true
1788858294.446,0.869,-0.919,1.794,0.039,96.575,-0.890,1.795,0.026,92.853,0.029,0.000,-0.013,0.032,3,weighted_average,kalman(weighted_average),false
1788858294.498,0.922,-0.567,1.802,-0.042,93.718,-0.890,1.795,0.026,94.196,-0.323,-0.007,0.068,0.330,3,weighted_average,kalman(weighted_average),true
1788858294.548,0.972,-0.349,1.802,-0.041,91.992,-0.890,1.795,0.026,93.793,-0.541,-0.007,0.067,0.545,3,weighted_average,kalman(weighted_average),true
1788858294.607,1.030,3.281,0.445,4.173,53.251,-0.890,1.795,0.026,71.974,-4.171,1.350,-4.147,6.035,15,weighted_average,kalman(weighted_average),true
1788858294.658,1.082,-0.721,1.909,0.389,95.040,-0.732,1.902,0.366,80.849,-0.011,-0.007,-0.023,0.026,3,weighted_average,kalman(weighted_average),false
1788858294.739,1.162,-0.453,1.959,2.527,93.115,-0.732,1.902,0.366,87.586,-0.279,-0.057,-2.162,2.180,3,weighted_average,kalman(weighted_average),true
1788858294.803,1.227,1.946,1.284,-0.368,73.379,-0.732,1.902,0.366,79.818,-2.678,0.617,0.734,2.844,3,weighted_average,kalman(weighted_average),true
1788858294.856,1.279,0.527,2.095,1.584,83.945,-0.732,1.902,0.366,81.324,-1.259,-0.193,-1.218,1.763,15,weighted_average,kalman(weighted_average),true
1788858294.899,1.323,0.138,1.918,0.309,87.354,0.097,1.917,0.312,84.146,-0.042,-0.001,0.003,0.042,15,weighted_average,kalman(weighted_average),false
1788858294.945,1.369,0.249,2.063,1.334,86.268,0.097,1.917,0.312,85.465,-0.153,-0.146,-1.023,1.044,15,weighted_average,kalman(weighted_average),true
1788858295.005,1.428,0.611,2.070,1.772,83.165,0.097,1.917,0.312,84.712,-0.514,-0.152,-1.460,1.555,15,weighted_average,kalman(weighted_average),true
1788858295.054,1.478,0.553,2.085,1.522,83.747,0.097,1.917,0.312,84.326,-0.456,-0.167,-1.211,1.305,15,weighted_average,kalman(weighted_average),true
1788858295.105,1.529,0.492,2.097,1.536,84.198,0.097,1.917,0.312,84.270,-0.395,-0.179,-1.224,1.299,15,weighted_average,kalman(weighted_average),true
1788858295.154,1.578,0.302,2.080,1.348,85.937,0.097,1.917,0.312,85.113,-0.205,-0.163,-1.036,1.068,15,weighted_average,kalman(weighted_average),true
1788858295.206,1.629,0.126,2.028,1.809,87.193,0.126,2.028,1.809,86.321,0.000,0.000,0.000,0.000,15,weighted_average,kalman(weighted_average),false
1788858295.257,1.680,-0.292,1.940,0.730,90.781,-0.291,1.940,0.733,88.908,0.001,0.000,0.003,0.003,15,weighted_average,kalman(weighted_average),false
1788858295.308,1.731,-0.292,1.940,0.730,90.781,-0.292,1.940,0.730,90.511,-0.000,-0.000,-0.000,0.000,15,weighted_average,kalman(weighted_average),false
1788858295.357,1.780,0.382,2.005,2.234,85.085,-0.292,1.940,0.730,88.446,-0.674,-0.065,-1.504,1.649,15,weighted_average,kalman(weighted_average),true
1788858295.407,1.830,0.417,1.988,2.290,84.773,-0.292,1.940,0.730,86.691,-0.709,-0.048,-1.560,1.714,15,weighted_average,kalman(weighted_average),true
1788858295.457,1.880,-0.063,2.013,1.633,88.790,-0.292,1.940,0.730,87.514,-0.229,-0.073,-0.903,0.934,15,weighted_average,kalman(weighted_average),true
1788858295.508,1.931,0.211,2.036,2.018,86.465,-0.292,1.940,0.730,86.967,-0.503,-0.096,-1.288,1.386,15,weighted_average,kalman(weighted_average),true
1788858295.559,1.982,1.392,1.782,2.922,76.087,-0.292,1.940,0.730,81.309,-1.684,0.159,-2.192,2.769,15,weighted_average,kalman(weighted_average),true
1788858295.609,2.033,0.119,1.927,0.533,87.518,0.111,1.927,0.537,83.428,-0.009,0.000,0.004,0.009,15,weighted_average,kalman(weighted_average),false
1788858295.661,2.084,1.436,1.763,2.933,75.702,0.111,1.927,0.537,79.148,-1.325,0.164,-2.396,2.743,15,weighted_average,kalman(weighted_average),true
1788858295.714,2.137,1.151,1.811,2.914,78.212,0.111,1.927,0.537,77.697,-1.040,0.116,-2.377,2.597,15,weighted_average,kalman(weighted_average),true
1788858295.769,2.193,0.304,1.938,0.483,86.126,0.282,1.936,0.489,81.284,-0.022,-0.001,0.006,0.023,15,weighted_average,kalman(weighted_average),false
1788858295.817,2.240,-0.395,1.954,1.210,91.627,0.282,1.936,0.489,86.648,0.677,-0.017,-0.721,0.989,15,weighted_average,kalman(weighted_average),true
1788858295.869,2.292,1.523,1.851,2.497,75.399,0.282,1.936,0.489,81.881,-1.241,0.085,-2.008,2.362,15,weighted_average,kalman(weighted_average),true
1788858295.918,2.341,1.388,1.893,2.469,76.563,0.282,1.936,0.489,79.004,-1.106,0.043,-1.980,2.268,15,weighted_average,kalman(weighted_average),true
1788858295.969,2.392,1.479,1.876,2.441,75.831,0.282,1.936,0.489,76.766,-1.198,0.060,-1.951,2.290,15,weighted_average,kalman(weighted_average),true
1788858296.026,2.449,0.520,2.065,1.465,84.183,0.282,1.936,0.489,79.863,-0.238,-0.129,-0.976,1.012,15,weighted_average,kalman(weighted_average),true
1788858296.075,2.498,0.274,2.039,1.310,86.147,0.274,2.036,1.283,83.160,0.000,-0.003,-0.027,0.027,15,weighted_average,kalman(weighted_average),false
1788858296.124,2.548,1.564,1.772,2.795,74.649,0.274,2.036,1.283,79.434,-1.289,0.264,-1.512,2.005,15,weighted_average,kalman(weighted_average),true
1788858296.176,2.600,0.519,2.058,1.464,84.091,0.467,2.053,1.425,81.574,-0.053,-0.005,-0.039,0.066,15,weighted_average,kalman(weighted_average),false
1788858296.226,2.649,0.590,2.043,1.561,83.547,0.569,2.049,1.529,82.785,-0.021,0.006,-0.032,0.039,15,weighted_average,kalman(weighted_average),false
1788858296.278,2.702,0.582,2.056,1.538,83.618,0.610,2.054,1.564,83.573,0.028,-0.002,0.026,0.038,15,weighted_average,kalman(weighted_average),false
1788858296.327,2.751,0.584,2.036,1.566,83.580,0.619,2.044,1.586,83.926,0.035,0.008,0.020,0.041,15,weighted_average,kalman(weighted_average),false
1788858296.379,2.803,1.100,1.992,1.977,79.260,0.619,2.044,1.586,81.837,-0.481,0.053,-0.391,0.622,15,weighted_average,kalman(weighted_average),true
1788858296.430,2.854,0.574,2.024,1.607,83.668,0.584,2.029,1.602,82.604,0.010,0.005,-0.005,0.012,15,weighted_average,kalman(weighted_average),false
1788858296.483,2.907,0.595,2.021,1.607,83.543,0.586,2.022,1.608,83.114,-0.009,0.000,0.000,0.009,15,weighted_average,kalman(weighted_average),false
1788858296.535,2.959,0.326,1.962,2.213,85.458,0.586,2.022,1.608,84.435,0.260,0.060,-0.605,0.662,15,weighted_average,kalman(weighted_average),true
1788858296.586,3.009,0.504,2.036,1.481,84.288,0.523,2.032,1.510,84.649,0.019,-0.003,0.029,0.035,15,weighted_average,kalman(weighted_average),false
1788858296.636,3.060,0.554,2.030,1.543,83.877,0.534,2.032,1.517,84.481,-0.020,0.002,-0.026,0.033,15,weighted_average,kalman(weighted_average),false
1788858296.687,3.111,1.231,1.957,2.085,78.036,0.534,2.032,1.517,81.305,-0.697,0.076,-0.568,0.903,15,weighted_average,kalman(weighted_average),true
1788858296.739,3.162,0.535,2.029,1.535,83.982,0.535,2.030,1.531,82.202,-0.000,0.001,-0.004,0.004,15,weighted_average,kalman(weighted_average),false
1788858296.791,3.214,0.504,2.026,1.482,84.207,0.516,2.027,1.502,83.086,0.011,0.001,0.020,0.023,15,weighted_average,kalman(weighted_average),false
1788858296.843,3.266,0.509,2.034,1.438,84.195,0.509,2.031,1.460,83.720,-0.000,-0.003,0.022,0.022,15,weighted_average,kalman(weighted_average),false
1788858296.893,3.316,0.552,2.013,1.562,83.871,0.532,2.021,1.511,83.941,-0.021,0.007,-0.051,0.055,15,weighted_average,kalman(weighted_average),false
1788858296.944,3.368,0.517,2.026,1.492,84.129,0.526,2.022,1.504,84.172,0.008,-0.004,0.012,0.015,15,weighted_average,kalman(weighted_average),false
1788858296.994,3.417,0.568,2.021,1.567,83.717,0.551,2.021,1.542,84.065,-0.017,-0.000,-0.025,0.030,15,weighted_average,kalman(weighted_average),false
1788858297.047,3.471,0.597,2.026,1.736,83.461,0.584,2.023,1.667,83.818,-0.013,-0.003,-0.069,0.070,15,weighted_average,kalman(weighted_average),false
1788858297.096,3.520,0.057,1.821,0.249,88.060,0.584,2.023,1.667,85.973,0.526,0.203,1.418,1.526,15,weighted_average,kalman(weighted_average),true
1788858297.148,3.571,-1.379,1.640,0.111,100.644,0.584,2.023,1.667,93.866,1.963,0.384,1.556,2.534,3,weighted_average,kalman(weighted_average),true
1788858297.199,3.623,-0.791,1.714,0.066,95.719,0.584,2.023,1.667,96.426,1.374,0.309,1.601,2.133,3,weighted_average,kalman(weighted_average),true
1788858297.250,3.674,-0.140,1.814,2.679,90.596,0.584,2.023,1.667,94.914,0.724,0.210,-1.012,1.262,3,weighted_average,kalman(weighted_average),true
1788858297.302,3.726,-0.717,1.896,0.828,95.137,0.584,2.023,1.667,95.732,1.301,0.127,0.839,1.553,3,weighted_average,kalman(weighted_average),true
1788858297.353,3.777,-0.061,1.760,2.860,89.925,-0.061,1.760,2.860,93.326,0.000,0.000,0.000,0.000,3,weighted_average,kalman(weighted_average),false
1788858297.405,3.829,-0.412,1.730,0.008,92.691,-0.411,1.730,0.015,92.957,0.001,0.000,0.007,0.007,3,weighted_average,kalman(weighted_average),false
1788858297.456,3.880,-0.504,1.638,-0.177,93.410,-0.476,1.666,-0.121,93.100,0.028,0.028,0.056,0.069,3,weighted_average,kalman(weighted_average),false
1788858297.508,3.932,-0.031,1.693,-0.061,89.581,-0.476,1.666,-0.121,91.246,-0.445,-0.027,-0.059,0.449,3,weighted_average,kalman(weighted_average),true
1788858297.565,3.989,-0.194,1.661,3.212,91.154,-0.476,1.666,-0.121,90.834,-0.282,0.005,-3.333,3.344,3,weighted_average,kalman(weighted_average),true
1788858297.615,4.039,-0.229,1.629,3.393,91.478,-0.476,1.666,-0.121,90.899,-0.247,0.037,-3.513,3.522,3,weighted_average,kalman(weighted_average),true
1788858297.666,4.089,0.148,1.973,1.140,87.293,-0.476,1.666,-0.121,88.876,-0.624,-0.306,-1.261,1.440,15,weighted_average,kalman(weighted_average),true
1788858297.716,4.139,-0.144,1.611,3.407,90.710,-0.476,1.666,-0.121,89.357,-0.332,0.055,-3.527,3.543,3,weighted_average,kalman(weighted_average),true
1788858297.766,4.190,-0.170,1.644,3.354,90.988,-0.170,1.644,3.354,89.973,0.000,0.000,0.000,0.000,3,weighted_average,kalman(weighted_average),false
1788858297.820,4.244,-0.162,1.573,-0.523,90.661,-0.162,1.573,-0.514,90.296,-0.000,0.000,0.010,0.010,3,weighted_average,kalman(weighted_average),false
1788858297.874,4.297,-0.214,1.505,3.736,91.449,-0.162,1.573,-0.514,90.936,0.051,0.068,-4.250,4.250,3,weighted_average,kalman(weighted_average),true
1788858297.922,4.345,-0.207,1.550,3.593,91.381,-0.162,1.573,-0.514,91.289,0.044,0.023,-4.107,4.107,3,weighted_average,kalman(weighted_average),true
1788858297.973,4.397,-0.384,1.596,-0.526,92.486,-0.369,1.594,-0.525,92.053,0.015,-0.002,0.001,0.015,3,weighted_average,kalman(weighted_average),false
1788858298.025,4.448,-0.511,1.526,-0.704,93.542,-0.486,1.551,-0.645,93.045,0.025,0.025,0.059,0.069,3,weighted_average,kalman(weighted_average),false
1788858298.081,4.505,-0.152,1.470,3.807,90.897,-0.486,1.551,-0.645,92.241,-0.334,0.081,-4.451,4.465,3,weighted_average,kalman(weighted_average),true
1788858298.127,4.551,-0.417,1.561,-0.513,92.734,-0.432,1.559,-0.541,92.539,-0.015,-0.002,-0.029,0.032,3,weighted_average,kalman(weighted_average),false
1788858298.178,4.601,0.299,1.832,2.671,85.611,-0.432,1.559,-0.541,89.114,-0.731,-0.273,-3.212,3.306,15,weighted_average,kalman(weighted_average),true
1788858298.229,4.653,-0.012,1.728,0.018,88.785,-0.432,1.559,-0.541,88.403,-0.420,-0.170,-0.560,0.720,15,weighted_average,kalman(weighted_average),true
1788858298.281,4.704,0.242,-1.337,0.774,-71.458,-0.432,1.559,-0.541,5.731,-0.674,2.896,-1.315,3.251,0,weighted_average,kalman(weighted_average),true
1788858298.333,4.756,0.258,-1.336,0.781,-70.694,-0.432,1.559,-0.541,-48.498,-0.690,2.895,-1.322,3.256,0,weighted_average,kalman(weighted_average),true
1788858298.384,4.808,-0.154,1.331,0.758,91.486,-0.432,1.559,-0.541,4.857,-0.277,0.228,-1.299,1.348,0,weighted_average,kalman(weighted_average),true
1788858298.436,4.859,-0.159,1.329,0.757,91.635,-0.159,1.329,0.757,46.691,0.000,0.000,0.000,0.000,0,weighted_average,kalman(weighted_average),false
1788858298.487,4.911,0.235,-1.320,0.767,-71.888,0.234,-1.313,0.767,-8.968,-0.001,0.007,-0.000,0.007,0,weighted_average,kalman(weighted_average),false
1788858298.542,4.966,-0.189,1.324,0.768,92.857,0.234,-1.313,0.767,38.387,0.423,-2.637,-0.001,2.671,0,weighted_average,kalman(weighted_average),true
1788858298.610,5.034,-0.162,1.324,0.764,91.942,0.234,-1.313,0.767,74.387,0.397,-2.637,0.003,2.667,0,weighted_average,kalman(weighted_average),true
1788858298.661,5.084,-0.169,1.322,0.768,92.191,0.234,-1.313,0.767,92.023,0.403,-2.635,-0.001,2.666,0,weighted_average,kalman(weighted_average),true
1788858298.716,5.140,-0.150,1.322,0.764,91.510,0.234,-1.313,0.767,100.465,0.384,-2.636,0.003,2.664,0,weighted_average,kalman(weighted_average),true
1788858298.765,5.188,-0.135,1.320,0.763,90.986,0.234,-1.313,0.767,101.886,0.369,-2.634,0.004,2.659,0,weighted_average,kalman(weighted_average),true
1788858298.817,5.241,-0.118,1.319,0.761,90.380,-0.118,1.319,0.761,100.681,0.000,0.000,0.000,0.000,0,weighted_average,kalman(weighted_average),false
1788858298.898,5.322,-0.113,1.318,0.761,90.219,-0.113,1.318,0.761,97.670,-0.000,0.000,0.000,0.000,0,weighted_average,kalman(weighted_average),false
1788858298.948,5.372,-0.100,1.319,0.762,89.771,-0.104,1.319,0.761,93.874,-0.004,-0.000,-0.000,0.004,0,weighted_average,kalman(weighted_average),false
1788858298.998,5.422,-0.093,1.319,0.763,89.521,-0.094,1.319,0.763,91.350,-0.002,0.000,-0.000,0.002,0,weighted_average,kalman(weighted_average),false
1788858299.049,5.473,-0.091,1.317,0.761,89.473,-0.089,1.317,0.762,89.804,0.001,0.001,0.001,0.002,0,weighted_average,kalman(weighted_average),false
1788858299.103,5.527,-0.086,1.317,0.762,89.334,-0.084,1.317,0.762,88.894,0.001,-0.000,0.000,0.001,0,weighted_average,kalman(weighted_average),false
1788858299.183,5.607,-0.086,1.317,0.764,89.344,-0.083,1.317,0.763,88.484,0.003,-0.000,-0.000,0.003,0,weighted_average,kalman(weighted_average),false
1788858299.235,5.658,-0.084,1.317,0.765,89.296,-0.082,1.317,0.764,88.652,0.001,-0.000,-0.000,0.001,0,weighted_average,kalman(weighted_average),false
1788858299.285,5.709,-0.077,1.320,0.769,89.047,-0.079,1.319,0.767,88.701,-0.001,-0.001,-0.001,0.002,0,weighted_average,kalman(weighted_average),false
1788858299.334,5.757,-0.056,1.326,0.778,88.276,-0.064,1.324,0.774,88.382,-0.008,-0.003,-0.003,0.009,0,weighted_average,kalman(weighted_average),false
1788858299.386,5.809,0.266,1.815,0.394,86.556,-0.064,1.324,0.774,87.310,-0.330,-0.492,0.381,0.704,15,weighted_average,kalman(weighted_average),true
1788858299.474,5.898,-0.052,1.328,0.782,88.145,-0.054,1.327,0.781,87.507,-0.002,-0.001,-0.001,0.002,0,weighted_average,kalman(weighted_average),false
1788858299.523,5.946,-0.053,1.328,0.780,88.198,-0.052,1.328,0.781,87.838,0.001,0.000,0.001,0.001,0,weighted_average,kalman(weighted_average),false
1788858299.573,5.996,-0.046,1.329,0.785,87.942,-0.048,1.329,0.784,87.907,-0.001,0.000,-0.001,0.001,0,weighted_average,kalman(weighted_average),false
1788858299.622,6.045,-0.089,1.318,0.774,89.434,-0.071,1.323,0.779,88.717,0.018,0.005,0.005,0.019,0,weighted_average,kalman(weighted_average),false
1788858299.679,6.102,-0.089,1.318,0.774,89.434,-0.086,1.319,0.775,89.267,0.003,0.001,0.001,0.004,0,weighted_average,kalman(weighted_average),false
1788858299.762,6.185,-0.078,1.321,0.778,89.048,-0.085,1.319,0.776,89.361,-0.007,-0.002,-0.002,0.007,0,weighted_average,kalman(weighted_average),false
1788858299.819,6.242,-0.078,1.321,0.778,89.013,-0.081,1.320,0.777,89.248,-0.003,-0.001,-0.001,0.003,0,weighted_average,kalman(weighted_average),false
1788858299.862,6.285,-0.081,1.319,0.777,89.130,-0.081,1.320,0.778,89.219,-0.000,0.000,0.000,0.000,0,weighted_average,kalman(weighted_average),false
1788858299.916,6.339,-0.086,1.319,0.774,89.351,-0.084,1.319,0.775,89.311,0.002,0.000,0.002,0.003,0,weighted_average,kalman(weighted_average),false
1788858299.965,6.389,-0.083,1.319,0.776,89.224,-0.084,1.319,0.775,89.294,-0.001,-0.000,-0.001,0.001,0,weighted_average,kalman(weighted_average),false
1788858300.049,6.473,-0.085,1.318,0.777,89.238,-0.085,1.318,0.776,89.280,0.000,0.000,-0.001,0.001,0,weighted_average,kalman(weighted_average),false
1788858300.102,6.525,-0.080,1.321,0.784,89.043,-0.082,1.320,0.781,89.149,-0.002,-0.001,-0.003,0.004,0,weighted_average,kalman(weighted_average),false
1788858300.147,6.571,0.540,1.962,1.477,83.845,-0.082,1.320,0.781,86.364,-0.621,-0.642,-0.696,1.133,15,weighted_average,kalman(weighted_average),true
1788858300.208,6.631,-0.387,-5.111,0.780,-95.210,-0.082,1.320,0.781,-175.688,0.305,6.430,0.002,6.438,1,weighted_average,kalman(weighted_average),true
1788858300.250,6.674,-0.378,1.862,1.468,92.445,-0.082,1.320,0.781,152.425,0.296,-0.542,-0.686,0.923,3,weighted_average,kalman(weighted_average),true
1788858300.324,6.748,-0.609,1.649,0.334,93.522,-0.575,1.628,0.363,125.408,0.034,-0.021,0.029,0.049,15,weighted_average,kalman(weighted_average),false
1788858300.376,6.800,-0.024,1.604,-0.108,89.573,-0.575,1.628,0.363,103.984,-0.552,0.024,0.471,0.726,3,weighted_average,kalman(weighted_average),true
1788858300.428,6.851,-0.343,1.718,0.327,91.231,-0.390,1.700,0.334,92.528,-0.046,-0.018,0.007,0.050,15,weighted_average,kalman(weighted_average),false
1788858300.476,6.899,-0.403,1.697,0.599,91.386,-0.375,1.707,0.497,87.164,0.028,0.010,-0.102,0.106,7,weighted_average,kalman(weighted_average),false
1788858300.525,6.949,-1.310,1.549,2.973,100.721,-0.375,1.707,0.497,89.829,0.935,0.158,-2.476,2.651,3,weighted_average,kalman(weighted_average),true
1788858300.603,7.026,-1.600,1.652,1.349,102.386,-0.375,1.707,0.497,94.425,1.225,0.055,-0.852,1.494,3,weighted_average,kalman(weighted_average),true
1788858300.683,7.106,-0.169,1.853,1.263,90.456,-0.375,1.707,0.497,91.512,-0.205,-0.146,-0.766,0.806,3,weighted_average,kalman(weighted_average),true
1788858300.727,7.151,-0.025,0.951,0.937,88.259,-0.375,1.707,0.497,89.220,-0.350,0.756,-0.441,0.942,1,weighted_average,kalman(weighted_average),true
1788858300.769,7.193,0.009,1.849,1.167,88.986,-0.004,1.844,1.144,88.401,-0.013,-0.005,-0.023,0.027,3,weighted_average,kalman(weighted_average),false
1788858300.818,7.242,-0.058,0.937,0.976,88.783,-0.004,1.844,1.144,87.876,0.054,0.906,0.168,0.924,1,weighted_average,kalman(weighted_average),true
1788858300.892,7.316,3.044,1.839,2.115,62.090,-0.004,1.844,1.144,72.005,-3.048,0.004,-0.971,3.199,7,weighted_average,kalman(weighted_average),true
1788858300.945,7.369,-0.061,0.937,1.024,88.735,-0.004,1.844,1.144,78.426,0.057,0.907,0.121,0.917,1,weighted_average,kalman(weighted_average),true
1788858300.996,7.419,-0.675,1.335,1.240,95.514,-0.004,1.844,1.144,86.778,0.670,0.509,-0.096,0.847,17,weighted_average,kalman(weighted_average),true
1788858301.056,7.480,-2.537,1.191,1.786,119.141,-0.004,1.844,1.144,105.742,2.533,0.653,-0.642,2.693,17,weighted_average,kalman(weighted_average),true
1788858301.107,7.530,-2.620,1.141,1.820,120.321,-2.620,1.141,1.820,117.137,0.000,0.000,0.000,0.000,17,weighted_average,kalman(weighted_average),false
1788858301.182,7.606,-0.065,0.928,1.096,88.546,-0.071,0.928,1.098,105.187,-0.006,0.001,0.002,0.007,1,weighted_average,kalman(weighted_average),false
1788858301.235,7.659,-0.056,0.932,1.124,88.315,-0.057,0.931,1.116,95.758,-0.001,-0.001,-0.008,0.008,1,weighted_average,kalman(weighted_average),false
1788858301.293,7.717,-0.059,0.927,1.138,88.349,-0.055,0.928,1.135,89.971,0.004,0.001,-0.003,0.005,1,weighted_average,kalman(weighted_average),false
1788858301.388,7.812,-0.050,0.930,1.170,88.179,-0.049,0.929,1.168,86.356,0.001,-0.001,-0.002,0.002,1,weighted_average,kalman(weighted_average),false
1788858301.468,7.891,0.023,0.945,1.213,86.839,0.007,0.941,1.209,85.339,-0.016,-0.004,-0.004,0.017,1,weighted_average,kalman(weighted_average),false
1788858301.588,8.011,-0.124,1.125,1.348,88.097,-0.097,1.100,1.335,86.678,0.027,-0.025,-0.012,0.039,17,weighted_average,kalman(weighted_average),false
1788858301.645,8.068,-0.183,1.150,1.529,88.883,-0.171,1.157,1.489,88.137,0.012,0.007,-0.040,0.042,17,weighted_average,kalman(weighted_average),false
1788858301.735,8.158,-0.053,0.920,1.268,88.081,-0.171,1.157,1.489,88.421,-0.119,0.237,0.221,0.345,1,weighted_average,kalman(weighted_average),true
1788858301.794,8.217,-1.766,1.346,1.726,108.833,-0.171,1.157,1.489,101.126,1.595,-0.189,-0.237,1.623,17,weighted_average,kalman(weighted_average),true
1788858301.836,8.260,-0.307,1.184,1.632,90.466,-0.297,1.182,1.623,97.315,0.009,-0.002,-0.010,0.013,17,weighted_average,kalman(weighted_average),false
1788858301.883,8.307,-0.923,1.331,1.868,98.465,-0.297,1.182,1.623,98.764,0.626,-0.149,-0.246,0.688,17,weighted_average,kalman(weighted_average),true
1788858301.935,8.358,-1.055,1.339,1.872,100.061,-0.297,1.182,1.623,100.307,0.757,-0.157,-0.250,0.812,17,weighted_average,kalman(weighted_average),true
1788858302.027,8.450,-0.067,0.918,1.383,88.212,-0.087,0.941,1.404,93.484,-0.020,0.023,0.021,0.037,1,weighted_average,kalman(weighted_average),false
1788858302.072,8.496,-0.066,0.916,1.414,88.195,-0.055,0.903,1.391,89.813,0.011,-0.012,-0.023,0.028,1,weighted_average,kalman(weighted_average),false
1788858302.122,8.545,-0.068,0.918,1.425,88.250,-0.044,0.891,1.396,87.814,0.024,-0.027,-0.029,0.046,1,weighted_average,kalman(weighted_average),false
1788858302.173,8.597,-0.068,0.918,1.445,88.220,-0.046,0.894,1.418,86.888,0.021,-0.025,-0.027,0.042,1,weighted_average,kalman(weighted_average),false
1788858302.224,8.648,-0.056,0.924,1.460,87.992,-0.046,0.905,1.443,86.568,0.010,-0.019,-0.017,0.027,1,weighted_average,kalman(weighted_average),false
1788858302.312,8.735,-0.048,0.926,1.501,87.791,-0.044,0.918,1.490,86.538,0.004,-0.008,-0.010,0.014,1,weighted_average,kalman(weighted_average),false
1788858302.359,8.783,-0.055,0.928,1.514,87.935,-0.050,0.926,1.514,87.101,0.005,-0.002,-0.001,0.006,1,weighted_average,kalman(weighted_average),false
1788858302.408,8.832,-0.059,0.926,1.519,87.978,-0.055,0.928,1.526,87.500,0.003,0.002,0.007,0.008,1,weighted_average,kalman(weighted_average),false
1788858302.461,8.884,-0.064,0.929,1.553,88.082,-0.062,0.930,1.550,87.831,0.002,0.002,-0.003,0.004,1,weighted_average,kalman(weighted_average),false
1788858302.512,8.936,-0.071,0.931,1.555,88.187,-0.069,0.932,1.561,88.089,0.002,0.001,0.007,0.007,1,weighted_average,kalman(weighted_average),false
1788858302.597,9.020,-0.084,0.929,1.581,88.352,-0.083,0.931,1.583,88.369,0.001,0.002,0.002,0.003,1,weighted_average,kalman(weighted_average),false
1788858302.647,9.071,-0.069,0.927,1.605,88.106,-0.077,0.928,1.602,88.297,-0.007,0.002,-0.003,0.008,1,weighted_average,kalman(weighted_average),false
1788858302.697,9.120,-0.058,0.927,1.639,87.877,-0.066,0.927,1.631,88.113,-0.008,0.000,-0.008,0.011,1,weighted_average,kalman(weighted_average),false
1788858302.750,9.173,-0.061,0.932,1.653,87.865,-0.061,0.930,1.653,87.977,-0.000,-0.002,0.000,0.002,1,weighted_average,kalman(weighted_average),false
1788858302.798,9.222,-0.064,0.926,1.665,87.954,-0.061,0.928,1.669,87.940,0.003,0.002,0.003,0.005,1,weighted_average,kalman(weighted_average),false
1788858302.883,9.306,-0.071,0.929,1.684,88.040,-0.067,0.929,1.689,87.972,0.004,-0.001,0.005,0.006,1,weighted_average,kalman(weighted_average),false
1788858302.930,9.354,-0.080,0.934,1.710,88.163,-0.076,0.932,1.707,88.074,0.004,-0.002,-0.003,0.005,1,weighted_average,kalman(weighted_average),false
1788858302.983,9.407,-0.083,0.932,1.713,88.198,-0.082,0.933,1.717,88.156,0.001,0.000,0.004,0.004,1,weighted_average,kalman(weighted_average),false
1788858303.033,9.456,-0.078,0.936,1.739,88.121,-0.082,0.935,1.736,88.161,-0.004,-0.001,-0.004,0.005,1,weighted_average,kalman(weighted_average),false
1788858303.087,9.510,-0.067,0.937,1.747,87.884,-0.074,0.937,1.749,88.032,-0.007,-0.000,0.002,0.008,1,weighted_average,kalman(weighted_average),false
1788858303.167,9.591,-0.084,0.936,1.764,88.146,-0.080,0.937,1.766,88.087,0.004,0.001,0.002,0.004,1,weighted_average,kalman(weighted_average),false
1788858303.223,9.646,-0.083,0.935,1.780,88.156,-0.083,0.936,1.780,88.131,0.000,0.001,-0.000,0.001,1,weighted_average,kalman(weighted_average),false
1788858303.272,9.695,-0.085,0.931,1.788,88.159,-0.085,0.933,1.790,88.155,-0.000,0.002,0.001,0.002,1,weighted_average,kalman(weighted_average),false
1788858303.326,9.750,-0.081,0.934,1.789,88.079,-0.084,0.933,1.794,88.125,-0.002,-0.001,0.005,0.006,1,weighted_average,kalman(weighted_average),false
1788858303.376,9.800,-0.089,0.928,1.798,88.197,-0.087,0.930,1.799,88.164,0.002,0.002,0.001,0.003,1,weighted_average,kalman(weighted_average),false
1788858303.454,9.877,-0.085,0.929,1.807,88.093,-0.086,0.928,1.808,88.130,-0.001,-0.000,0.001,0.002,1,weighted_average,kalman(weighted_average),false
1788858303.509,9.933,-0.081,0.927,1.796,88.012,-0.083,0.927,1.802,88.061,-0.002,-0.000,0.007,0.007,1,weighted_average,kalman(weighted_average),false
1788858303.556,9.979,-0.086,0.923,1.812,88.096,-0.084,0.924,1.808,88.067,0.002,0.001,-0.003,0.004,1,weighted_average,kalman(weighted_average),false
1788858303.614,10.037,-0.089,0.928,1.806,88.112,-0.087,0.926,1.808,88.083,0.002,-0.002,0.002,0.004,1,weighted_average,kalman(weighted_average),false
1788858303.656,10.079,-0.092,0.926,1.800,88.135,-0.090,0.926,1.804,88.107,0.002,-0.000,0.004,0.004,1,weighted_average,kalman(weighted_average),false
1788858303.736,10.159,-0.093,0.923,1.802,88.135,-0.093,0.924,1.802,88.128,0.000,0.001,0.000,0.001,1,weighted_average,kalman(weighted_average),false
1788858303.787,10.210,-0.098,0.925,1.807,88.204,-0.097,0.924,1.805,88.174,0.001,-0.001,-0.002,0.002,1,weighted_average,kalman(weighted_average),false
1788858303.838,10.261,-0.097,0.920,1.809,88.140,-0.098,0.921,1.807,88.167,-0.001,0.002,-0.001,0.002,1,weighted_average,kalman(weighted_average),false
1788858303.890,10.314,-0.102,0.917,1.810,88.229,-0.101,0.918,1.810,88.205,0.001,0.001,-0.001,0.001,1,weighted_average,kalman(weighted_average),false
1788858303.941,10.365,-0.099,0.923,1.803,88.127,-0.101,0.920,1.806,88.175,-0.002,-0.003,0.003,0.005,1,weighted_average,kalman(weighted_average),false
1788858304.017,10.441,-0.105,0.919,1.801,88.201,-0.104,0.919,1.802,88.192,0.001,0.000,0.002,0.002,1,weighted_average,kalman(weighted_average),false
1788858304.069,10.493,-0.106,0.914,1.801,88.189,-0.106,0.916,1.801,88.194,-0.000,0.001,-0.000,0.002,1,weighted_average,kalman(weighted_average),false
1788858304.120,10.544,-0.085,0.922,1.805,87.866,-0.094,0.919,1.803,88.021,-0.009,-0.003,-0.002,0.010,1,weighted_average,kalman(weighted_average),false
1788858304.170,10.593,-0.090,0.921,1.800,87.981,-0.090,0.920,1.801,87.973,0.000,-0.001,0.001,0.001,1,weighted_average,kalman(weighted_average),false
1788858304.221,10.645,-0.093,0.922,1.815,87.927,-0.090,0.921,1.809,87.923,0.003,-0.000,-0.006,0.007,1,weighted_average,kalman(weighted_average),false
1788858304.303,10.726,-0.104,0.923,1.794,88.183,-0.099,0.923,1.800,88.051,0.005,-0.000,0.006,0.008,1,weighted_average,kalman(weighted_average),false
1788858304.351,10.774,-0.099,0.917,1.807,88.057,-0.100,0.919,1.803,88.064,-0.001,0.003,-0.004,0.005,1,weighted_average,kalman(weighted_average),false
1788858304.405,10.829,-0.090,0.918,1.797,87.971,-0.095,0.918,1.799,88.023,-0.005,0.000,0.002,0.005,1,weighted_average,kalman(weighted_average),false
1788858304.454,10.878,-0.095,0.921,1.804,88.083,-0.094,0.919,1.802,88.053,0.001,-0.001,-0.003,0.003,1,weighted_average,kalman(weighted_average),false
1788858304.504,10.927,-0.104,0.919,1.800,88.262,-0.100,0.919,1.800,88.164,0.005,0.000,0.001,0.005,1,weighted_average,kalman(weighted_average),false
1788858304.584,11.008,-0.100,0.919,1.796,88.212,-0.101,0.919,1.797,88.221,-0.001,-0.000,0.001,0.001,1,weighted_average,kalman(weighted_average),false
1788858304.632,11.055,-0.090,0.919,1.798,88.059,-0.095,0.919,1.797,88.150,-0.005,-0.000,-0.001,0.005,1,weighted_average,kalman(weighted_average),false
1788858304.688,11.111,-0.087,0.932,1.824,87.984,-0.089,0.927,1.813,88.059,-0.002,-0.005,-0.010,0.012,1,weighted_average,kalman(weighted_average),false
1788858304.735,11.158,-0.098,0.939,1.832,87.859,-0.093,0.936,1.827,87.941,0.005,-0.004,-0.005,0.008,1,weighted_average,kalman(weighted_average),false
1788858304.787,11.211,-0.091,0.930,1.820,87.359,-0.091,0.934,1.827,87.607,-0.001,0.005,0.007,0.009,1,weighted_average,kalman(weighted_average),false
1788858304.873,11.296,-0.092,0.931,1.812,86.215,-0.091,0.933,1.818,86.627,0.001,0.002,0.006,0.007,1,weighted_average,kalman(weighted_average),false
1788858304.928,11.352,-0.099,0.926,1.810,86.010,-0.096,0.929,1.812,86.081,0.003,0.002,0.002,0.004,1,weighted_average,kalman(weighted_average),false
1788858304.976,11.399,-0.089,0.934,1.815,85.079,-0.093,0.931,1.812,85.351,-0.004,-0.003,-0.003,0.005,1,weighted_average,kalman(weighted_average),false
1788858305.030,11.453,-0.108,0.936,1.818,85.045,-0.102,0.934,1.815,84.914,0.006,-0.002,-0.003,0.007,1,weighted_average,kalman(weighted_average),false
1788858305.081,11.504,-0.051,1.434,1.887,83.175,-0.102,0.934,1.815,83.759,-0.051,-0.500,-0.072,0.508,11,weighted_average,kalman(weighted_average),true
1788858305.164,11.587,-0.040,1.442,1.874,81.915,-0.102,0.934,1.815,82.158,-0.062,-0.508,-0.060,0.515,11,weighted_average,kalman(weighted_average),true
1788858305.215,11.639,-0.040,1.435,1.882,81.463,-0.046,1.389,1.876,81.380,-0.006,-0.045,-0.006,0.046,11,weighted_average,kalman(weighted_average),false
1788858305.263,11.686,-0.032,1.447,1.872,80.627,-0.032,1.470,1.879,80.613,0.000,0.023,0.008,0.025,11,weighted_average,kalman(weighted_average),false
1788858305.315,11.739,-0.036,1.444,1.885,80.301,-0.028,1.500,1.888,80.041,0.008,0.057,0.003,0.057,11,weighted_average,kalman(weighted_average),false
1788858305.366,11.790,-0.033,1.449,1.882,79.888,-0.027,1.499,1.888,79.611,0.006,0.050,0.007,0.050,11,weighted_average,kalman(weighted_average),false
1788858305.456,11.879,-0.032,1.460,1.879,78.759,-0.028,1.487,1.884,78.671,0.004,0.028,0.005,0.028,11,weighted_average,kalman(weighted_average),false
1788858305.507,11.930,-0.022,1.468,1.876,78.284,-0.024,1.476,1.878,78.208,-0.002,0.008,0.003,0.009,11,weighted_average,kalman(weighted_average),false
1788858305.555,11.979,-0.016,1.476,1.876,77.529,-0.018,1.475,1.876,77.608,-0.002,-0.001,-0.000,0.002,11,weighted_average,kalman(weighted_average),false
1788858305.602,12.026,-0.017,1.478,1.883,76.819,-0.016,1.476,1.879,76.953,0.001,-0.002,-0.004,0.005,11,weighted_average,kalman(weighted_average),false
1788858305.656,12.080,-0.023,1.476,1.885,76.535,-0.019,1.476,1.882,76.424,0.004,-0.001,-0.002,0.005,11,weighted_average,kalman(weighted_average),false
1788858305.745,12.168,-0.013,1.488,1.879,75.344,-0.014,1.485,1.880,75.376,-0.001,-0.003,0.002,0.004,11,weighted_average,kalman(weighted_average),false
1788858305.795,12.218,-0.032,1.491,1.895,75.632,-0.025,1.490,1.889,75.271,0.007,-0.001,-0.005,0.009,11|14,weighted_average,kalman(weighted_average),false
1788858305.846,12.269,-0.031,1.493,1.897,75.059,-0.030,1.494,1.895,74.963,0.001,0.001,-0.002,0.002,11|14,weighted_average,kalman(weighted_average),false
1788858305.894,12.317,-0.032,1.492,1.896,74.844,-0.033,1.494,1.898,74.730,-0.001,0.002,0.002,0.003,11|14,weighted_average,kalman(weighted_average),false
1788858305.944,12.368,-0.028,1.493,1.897,74.378,-0.032,1.494,1.899,74.387,-0.003,0.002,0.002,0.004,11|14,weighted_average,kalman(weighted_average),false
1788858306.031,12.455,-0.032,1.488,1.895,74.046,-0.032,1.491,1.897,73.960,-0.001,0.002,0.002,0.003,11|14,weighted_average,kalman(weighted_average),false
1788858306.077,12.501,-0.031,1.484,1.895,73.728,-0.032,1.486,1.896,73.716,-0.001,0.002,0.001,0.002,11|14,weighted_average,kalman(weighted_average),false
1788858306.127,12.551,-0.027,1.485,1.897,73.571,-0.029,1.484,1.896,73.511,-0.002,-0.001,-0.000,0.002,11|14,weighted_average,kalman(weighted_average),false
1788858306.179,12.603,-0.026,1.477,1.892,73.249,-0.026,1.479,1.893,73.249,-0.001,0.002,0.002,0.003,11|14,weighted_average,kalman(weighted_average),false
1788858306.229,12.652,-0.029,1.471,1.892,73.162,-0.027,1.473,1.892,73.084,0.002,0.001,-0.000,0.002,11|14,weighted_average,kalman(weighted_average),false
1788858306.317,12.740,-0.030,1.459,1.893,72.975,-0.029,1.460,1.892,72.873,0.001,0.002,-0.001,0.002,11|14,weighted_average,kalman(weighted_average),false
1788858306.365,12.788,-0.030,1.449,1.900,72.931,-0.030,1.451,1.897,72.838,0.000,0.002,-0.003,0.003,11|14,weighted_average,kalman(weighted_average),false
1788858306.422,12.845,-0.032,1.441,1.899,72.931,-0.032,1.441,1.899,72.831,0.001,0.000,-0.000,0.001,11|14,weighted_average,kalman(weighted_average),false
1788858306.466,12.890,-0.031,1.442,1.898,72.970,-0.032,1.439,1.899,72.871,-0.001,-0.003,0.001,0.004,11|14,weighted_average,kalman(weighted_average),false
1788858306.522,12.946,-0.035,1.426,1.899,72.969,-0.034,1.429,1.899,72.904,0.001,0.002,0.001,0.003,11|14,weighted_average,kalman(weighted_average),false
1788858306.613,13.037,-0.033,1.411,1.901,72.958,-0.034,1.412,1.901,72.933,-0.001,0.001,-0.000,0.001,11|14,weighted_average,kalman(weighted_average),false
1788858306.661,13.084,-0.035,1.406,1.899,72.987,-0.035,1.405,1.900,72.966,0.000,-0.001,0.001,0.001,11|14,weighted_average,kalman(weighted_average),false
1788858306.711,13.135,-0.037,1.385,1.904,72.924,-0.036,1.390,1.902,72.950,0.001,0.005,-0.002,0.005,11|14,weighted_average,kalman(weighted_average),false
1788858306.766,13.189,-0.037,1.377,1.900,72.901,-0.037,1.377,1.901,72.926,0.000,0.000,0.001,0.001,11|14,weighted_average,kalman(weighted_average),false
1788858306.818,13.242,-0.038,1.369,1.902,72.917,-0.038,1.368,1.902,72.918,0.000,-0.002,-0.000,0.002,11|14,weighted_average,kalman(weighted_average),false
1788858306.908,13.332,-0.039,1.339,1.910,72.888,-0.039,1.341,1.908,72.895,-0.000,0.003,-0.002,0.003,11|14,weighted_average,kalman(weighted_average),false
1788858306.980,13.403,-0.017,1.323,1.901,72.137,-0.024,1.323,1.904,72.403,-0.006,-0.000,0.003,0.007,11,weighted_average,kalman(weighted_average),false
1788858307.019,13.443,-0.017,1.323,1.901,72.137,-0.018,1.318,1.902,72.196,-0.000,-0.004,0.001,0.005,11,weighted_average,kalman(weighted_average),false
1788858307.089,13.512,-0.041,1.321,1.913,72.894,-0.030,1.316,1.909,72.492,0.011,-0.006,-0.004,0.013,11|14,weighted_average,kalman(weighted_average),false
1788858307.240,13.664,-0.041,1.274,1.911,72.838,-0.041,1.277,1.912,72.780,0.000,0.003,0.000,0.003,11|14,weighted_average,kalman(weighted_average),false
1788858307.296,13.719,-0.020,1.247,1.908,72.134,-0.027,1.251,1.910,72.398,-0.007,0.004,0.001,0.008,11,weighted_average,kalman(weighted_average),false
1788858307.338,13.762,-0.019,1.235,1.904,72.106,-0.021,1.235,1.906,72.208,-0.002,0.000,0.002,0.003,11,weighted_average,kalman(weighted_average),false
1788858307.389,13.812,-0.024,1.226,1.911,72.183,-0.021,1.223,1.908,72.137,0.004,-0.004,-0.003,0.006,11,weighted_average,kalman(weighted_average),false
1788858307.474,13.897,-0.017,1.210,1.907,72.065,-0.017,1.206,1.907,72.028,0.000,-0.004,0.000,0.004,11,weighted_average,kalman(weighted_average),false
1788858307.522,13.946,-0.021,1.203,1.906,72.111,-0.019,1.200,1.906,72.040,0.002,-0.003,0.000,0.004,11,weighted_average,kalman(weighted_average),false
1788858307.573,13.996,-0.021,1.191,1.905,72.090,-0.020,1.191,1.906,72.044,0.001,0.000,0.000,0.001,11,weighted_average,kalman(weighted_average),false
1788858307.623,14.047,-0.023,1.187,1.907,72.155,-0.022,1.185,1.906,72.088,0.001,-0.002,-0.001,0.003,11,weighted_average,kalman(weighted_average),false
1788858307.675,14.099,-0.009,1.180,1.911,71.951,-0.014,1.179,1.909,72.015,-0.006,-0.001,-0.002,0.006,11,weighted_average,kalman(weighted_average),false
1788858307.759,14.182,-0.017,1.169,1.903,72.102,-0.015,1.168,1.905,72.052,0.002,-0.001,0.002,0.003,11,weighted_average,kalman(weighted_average),false
1788858307.811,14.235,-0.020,1.158,1.906,72.129,-0.018,1.159,1.905,72.097,0.002,0.001,-0.001,0.002,11,weighted_average,kalman(weighted_average),false
1788858307.860,14.284,-0.016,1.155,1.911,72.053,-0.017,1.154,1.908,72.081,-0.001,-0.001,-0.002,0.003,11,weighted_average,kalman(weighted_average),false
1788858307.913,14.336,-0.021,1.150,1.904,72.136,-0.020,1.149,1.906,72.113,0.002,-0.001,0.002,0.003,11,weighted_average,kalman(weighted_average),false
1788858307.962,14.386,-0.016,1.150,1.907,72.059,-0.018,1.147,1.906,72.092,-0.002,-0.003,-0.000,0.004,11,weighted_average,kalman(weighted_average),false
1788858308.051,14.475,-0.018,1.144,1.903,72.073,-0.018,1.143,1.904,72.081,0.000,-0.001,0.001,0.001,11,weighted_average,kalman(weighted_average),false
1788858308.106,14.530,-0.021,1.142,1.911,72.122,-0.020,1.141,1.908,72.103,0.001,-0.001,-0.003,0.003,11,weighted_average,kalman(weighted_average),false
1788858308.154,14.578,-0.021,1.142,1.907,72.109,-0.021,1.141,1.908,72.109,-0.000,-0.001,0.001,0.001,11,weighted_average,kalman(weighted_average),false
1788858308.210,14.633,-0.018,1.141,1.904,72.057,-0.019,1.140,1.906,72.084,-0.001,-0.001,0.002,0.002,11,weighted_average,kalman(weighted_average),false
1788858308.259,14.682,-0.016,1.141,1.904,72.015,-0.017,1.140,1.905,72.046,-0.001,-0.000,0.000,0.001,11,weighted_average,kalman(weighted_average),false
1788858308.356,14.780,-0.022,1.140,1.908,72.125,-0.021,1.140,1.907,72.088,0.002,-0.000,-0.001,0.002,11,weighted_average,kalman(weighted_average),false
1788858308.409,14.833,-0.020,1.140,1.907,72.068,-0.021,1.140,1.907,72.080,-0.001,0.000,0.000,0.001,11,weighted_average,kalman(weighted_average),false
1788858308.455,14.878,-0.014,1.141,1.905,71.942,-0.017,1.140,1.906,72.008,-0.003,-0.000,0.001,0.003,11,weighted_average,kalman(weighted_average),false
1788858308.508,14.931,-0.022,1.141,1.902,72.067,-0.019,1.140,1.903,72.028,0.003,-0.000,0.001,0.003,11,weighted_average,kalman(weighted_average),false
1788858308.558,14.981,-0.021,1.142,1.905,72.073,-0.021,1.141,1.904,72.048,0.001,-0.001,-0.001,0.001,11,weighted_average,kalman(weighted_average),false
1788858308.651,15.074,-0.019,1.143,1.903,71.998,-0.020,1.143,1.903,72.016,-0.001,-0.000,-0.000,0.001,11,weighted_average,kalman(weighted_average),false
1788858308.702,15.126,-0.024,1.143,1.902,72.077,-0.023,1.143,1.902,72.047,0.002,0.000,0.000,0.002,11,weighted_average,kalman(weighted_average),false
1788858308.753,15.177,-0.016,1.146,1.901,71.959,-0.019,1.145,1.901,72.001,-0.003,-0.001,0.000,0.003,11,weighted_average,kalman(weighted_average),false
1788858308.802,15.226,-0.018,1.146,1.902,71.983,-0.018,1.146,1.901,71.985,0.000,0.000,-0.000,0.000,11,weighted_average,kalman(weighted_average),false
1788858308.857,15.281,-0.012,1.149,1.901,71.888,-0.014,1.148,1.901,71.926,-0.002,-0.000,-0.000,0.002,11,weighted_average,kalman(weighted_average),false
1788858308.952,15.376,-0.021,1.149,1.900,72.001,-0.018,1.150,1.900,71.957,0.003,0.001,0.000,0.003,11,weighted_average,kalman(weighted_average),false
1788858309.001,15.425,-0.020,1.151,1.899,71.983,-0.020,1.151,1.899,71.973,0.000,-0.000,0.000,0.000,11,weighted_average,kalman(weighted_average),false
1788858309.051,15.475,-0.023,1.151,1.894,72.014,-0.023,1.151,1.896,71.998,0.001,0.000,0.002,0.002,11,weighted_average,kalman(weighted_average),false
1788858309.104,15.528,-0.018,1.155,1.899,71.967,-0.020,1.154,1.897,71.988,-0.003,-0.001,-0.002,0.004,11,weighted_average,kalman(weighted_average),false
1788858309.157,15.581,-0.025,1.153,1.895,72.042,-0.023,1.154,1.896,72.019,0.002,0.001,0.000,0.002,11,weighted_average,kalman(weighted_average),false
1788858309.252,15.675,-0.025,1.155,1.895,72.030,-0.025,1.155,1.895,72.035,0.000,0.000,-0.000,0.000,11,weighted_average,kalman(weighted_average),false
1788858309.303,15.726,-0.026,1.155,1.892,72.020,-0.026,1.155,1.893,72.031,-0.000,0.000,0.001,0.001,11,weighted_average,kalman(weighted_average),false
1788858309.353,15.776,-0.024,1.156,1.891,71.967,-0.025,1.156,1.891,71.999,-0.001,0.000,0.000,0.001,11,weighted_average,kalman(weighted_average),false
1788858309.408,15.832,-0.025,1.159,1.895,72.021,-0.025,1.158,1.893,72.007,-0.000,-0.001,-0.002,0.002,11,weighted_average,kalman(weighted_average),false
1788858309.456,15.879,-0.023,1.159,1.893,71.988,-0.024,1.159,1.893,71.996,-0.001,-0.000,-0.000,0.001,11,weighted_average,kalman(weighted_average),false
1788858309.552,15.975,-0.024,1.159,1.895,72.011,-0.024,1.160,1.895,72.003,0.000,0.000,-0.000,0.001,11,weighted_average,kalman(weighted_average),false
1788858309.602,16.025,-0.025,1.162,1.889,72.044,-0.024,1.162,1.891,72.027,0.000,-0.001,0.002,0.002,11,weighted_average,kalman(weighted_average),false
1788858309.653,16.077,-0.026,1.162,1.892,72.038,-0.025,1.162,1.891,72.037,0.000,0.000,-0.001,0.001,11,weighted_average,kalman(weighted_average),false
1788858309.703,16.127,-0.024,1.162,1.892,72.011,-0.025,1.162,1.891,72.028,-0.001,0.000,-0.001,0.001,11,weighted_average,kalman(weighted_average),false
1788858309.751,16.175,-0.018,1.166,1.892,71.943,-0.021,1.165,1.891,71.986,-0.003,-0.001,-0.000,0.003,11,weighted_average,kalman(weighted_average),false
1788858309.845,16.268,-0.011,1.171,1.889,71.878,-0.013,1.170,1.890,71.907,-0.002,-0.001,0.000,0.002,11,weighted_average,kalman(weighted_average),false
1788858309.894,16.317,-0.018,1.169,1.891,71.974,-0.014,1.171,1.891,71.932,0.003,0.001,-0.001,0.004,11,weighted_average,kalman(weighted_average),false
1788858309.946,16.369,-0.014,1.173,1.889,71.938,-0.013,1.173,1.889,71.929,0.000,-0.000,0.001,0.001,11,weighted_average,kalman(weighted_average),false
1788858309.993,16.417,-0.017,1.174,1.885,72.011,-0.015,1.174,1.886,71.968,0.002,0.000,0.002,0.003,11,weighted_average,kalman(weighted_average),false
1788858310.044,16.467,-0.018,1.175,1.887,72.045,-0.017,1.175,1.886,72.011,0.001,0.000,-0.001,0.002,11,weighted_average,kalman(weighted_average),false
1788858310.140,16.563,-0.015,1.176,1.889,72.004,-0.016,1.177,1.888,72.020,-0.001,0.000,-0.001,0.001,11,weighted_average,kalman(weighted_average),false
1788858310.189,16.612,-0.013,1.177,1.886,71.990,-0.014,1.177,1.887,72.007,-0.001,0.000,0.001,0.001,11,weighted_average,kalman(weighted_average),false
1788858310.245,16.668,-0.014,1.177,1.883,72.020,-0.014,1.177,1.884,72.015,0.001,0.000,0.001,0.001,11,weighted_average,kalman(weighted_average),false
1788858310.292,16.716,-0.016,1.177,1.882,72.071,-0.015,1.177,1.882,72.046,0.001,0.000,0.000,0.001,11,weighted_average,kalman(weighted_average),false
1788858310.341,16.765,-0.011,1.176,1.878,72.011,-0.013,1.177,1.879,72.034,-0.002,0.000,0.001,0.002,11,weighted_average,kalman(weighted_average),false
1788858310.430,16.854,-0.007,1.177,1.878,71.967,-0.008,1.177,1.877,71.994,-0.001,-0.000,-0.001,0.001,11,weighted_average,kalman(weighted_average),false
1788858310.483,16.907,-0.012,1.176,1.870,72.070,-0.010,1.176,1.872,72.032,0.002,0.000,0.002,0.003,11,weighted_average,kalman(weighted_average),false
1788858310.532,16.956,-0.008,1.174,1.875,72.009,-0.008,1.175,1.873,72.022,-0.001,0.001,-0.002,0.002,11,weighted_average,kalman(weighted_average),false
1788858310.584,17.008,-0.009,1.174,1.875,72.026,-0.008,1.174,1.874,72.024,0.000,0.000,-0.002,0.002,11,weighted_average,kalman(weighted_average),false
1788858310.636,17.060,-0.004,1.175,1.868,71.956,-0.006,1.174,1.870,71.989,-0.001,-0.001,0.002,0.003,11,weighted_average,kalman(weighted_average),false
1788858310.731,17.155,-0.007,1.173,1.865,71.983,-0.006,1.174,1.866,71.977,0.001,0.000,0.001,0.001,11,weighted_average,kalman(weighted_average),false
1788858310.780,17.204,-0.005,1.176,1.868,71.979,-0.005,1.175,1.866,71.975,-0.000,-0.001,-0.002,0.002,11,weighted_average,kalman(weighted_average),false
1788858310.827,17.251,-0.012,1.172,1.866,72.052,-0.009,1.173,1.866,72.013,0.003,0.002,-0.000,0.003,11,weighted_average,kalman(weighted_average),false
1788858310.879,17.302,-0.006,1.174,1.864,71.980,-0.008,1.173,1.864,72.000,-0.002,-0.000,0.000,0.002,11,weighted_average,kalman(weighted_average),false
1788858310.928,17.351,-0.008,1.173,1.864,72.021,-0.008,1.173,1.863,72.012,0.000,0.000,-0.000,0.000,11,weighted_average,kalman(weighted_average),false
1788858311.025,17.449,-0.010,1.168,1.862,72.010,-0.009,1.169,1.862,72.013,0.000,0.001,-0.000,0.001,11,weighted_average,kalman(weighted_average),false
1788858311.070,17.493,-0.012,1.165,1.862,72.033,-0.011,1.166,1.862,72.025,0.001,0.001,-0.000,0.001,11,weighted_average,kalman(weighted_average),false
1788858311.121,17.544,-0.007,1.169,1.851,72.000,-0.009,1.167,1.855,72.014,-0.002,-0.002,0.004,0.005,11,weighted_average,kalman(weighted_average),false
1788858311.176,17.600,-0.014,1.164,1.861,72.079,-0.012,1.165,1.857,72.049,0.002,0.001,-0.003,0.004,11,weighted_average,kalman(weighted_average),false
1788858311.225,17.648,-0.014,1.162,1.857,72.067,-0.013,1.163,1.857,72.064,0.000,0.000,-0.000,0.001,11,weighted_average,kalman(weighted_average),false
1788858311.316,17.739,-0.010,1.160,1.858,71.981,-0.012,1.160,1.857,72.019,-0.001,0.000,-0.000,0.001,11,weighted_average,kalman(weighted_average),false
1788858311.366,17.789,-0.008,1.160,1.852,71.951,-0.009,1.160,1.854,71.975,-0.001,-0.001,0.002,0.002,11,weighted_average,kalman(weighted_average),false
1788858311.419,17.843,-0.015,1.158,1.856,72.051,-0.013,1.158,1.854,72.006,0.003,0.000,-0.001,0.003,11,weighted_average,kalman(weighted_average),false
1788858311.473,17.896,-0.009,1.157,1.853,71.938,-0.010,1.157,1.853,71.968,-0.002,-0.000,0.000,0.002,11,weighted_average,kalman(weighted_average),false
1788858311.526,17.949,-0.016,1.153,1.854,72.036,-0.014,1.154,1.854,71.997,0.002,0.001,-0.001,0.003,11,weighted_average,kalman(weighted_average),false
1788858311.622,18.045,-0.016,1.154,1.858,72.081,-0.016,1.153,1.857,72.053,0.000,-0.001,-0.001,0.001,11,weighted_average,kalman(weighted_average),false
1788858311.667,18.090,-0.012,1.155,1.858,72.046,-0.014,1.154,1.858,72.057,-0.002,-0.001,-0.000,0.002,11,weighted_average,kalman(weighted_average),false
1788858311.718,18.141,-0.014,1.153,1.854,72.064,-0.013,1.154,1.856,72.068,0.000,0.000,0.002,0.002,11,weighted_average,kalman(weighted_average),false
1788858311.771,18.195,-0.007,1.154,1.852,71.985,-0.009,1.153,1.854,72.030,-0.002,-0.000,0.001,0.003,11,weighted_average,kalman(weighted_average),false
1788858311.821,18.244,-0.014,1.151,1.855,72.114,-0.011,1.152,1.854,72.071,0.003,0.001,-0.001,0.003,11,weighted_average,kalman(weighted_average),false
1788858311.914,18.338,-0.008,1.151,1.847,72.070,-0.009,1.151,1.849,72.078,-0.001,-0.000,0.002,0.002,11,weighted_average,kalman(weighted_average),false
1788858311.960,18.384,-0.003,1.153,1.843,72.025,-0.005,1.152,1.844,72.051,-0.001,-0.001,0.001,0.002,11,weighted_average,kalman(weighted_average),false
1788858312.018,18.441,-0.009,1.150,1.845,72.149,-0.007,1.151,1.843,72.103,0.003,0.001,-0.002,0.003,11,weighted_average,kalman(weighted_average),false
1788858312.064,18.487,0.001,1.150,1.850,71.994,-0.002,1.150,1.846,72.053,-0.003,0.000,-0.004,0.005,11,weighted_average,kalman(weighted_average),false
1788858312.114,18.538,0.003,1.148,1.852,71.955,0.002,1.149,1.850,71.999,-0.001,0.001,-0.002,0.003,11,weighted_average,kalman(weighted_average),false
1788858312.204,18.627,-0.001,1.148,1.846,72.039,0.002,1.148,1.847,72.010,0.002,-0.000,0.002,0.003,11,weighted_average,kalman(weighted_average),false
1788858312.251,18.675,0.003,1.149,1.836,72.006,0.003,1.149,1.840,72.005,-0.001,-0.001,0.004,0.004,11,weighted_average,kalman(weighted_average),false
1788858312.313,18.736,-0.001,1.147,1.842,72.082,0.001,1.148,1.840,72.047,0.002,0.000,-0.002,0.003,11,weighted_average,kalman(weighted_average),false
1788858312.356,18.779,0.005,1.147,1.839,71.984,0.003,1.147,1.839,72.020,-0.002,0.000,-0.000,0.002,11,weighted_average,kalman(weighted_average),false
1788858312.407,18.830,0.007,1.150,1.831,71.984,0.006,1.149,1.833,72.000,-0.001,-0.001,0.003,0.003,11,weighted_average,kalman(weighted_average),false
1788858312.497,18.920,0.008,1.149,1.833,71.985,0.008,1.149,1.832,71.985,0.000,0.000,-0.001,0.002,11,weighted_average,kalman(weighted_average),false
1788858312.549,18.973,0.005,1.150,1.835,72.049,0.007,1.150,1.833,72.018,0.001,-0.000,-0.002,0.002,11,weighted_average,kalman(weighted_average),false
1788858312.596,19.020,0.005,1.148,1.835,72.023,0.005,1.149,1.834,72.024,0.001,0.001,-0.001,0.001,11,weighted_average,kalman(weighted_average),false
1788858312.650,19.073,0.005,1.149,1.838,72.026,0.005,1.149,1.836,72.028,-0.000,-0.000,-0.001,0.001,11,weighted_average,kalman(weighted_average),false
1788858312.702,19.125,-0.001,1.150,1.833,72.117,0.001,1.150,1.835,72.078,0.002,-0.000,0.002,0.003,11,weighted_average,kalman(weighted_average),false
1788858312.795,19.218,-0.000,1.151,1.832,72.099,-0.001,1.150,1.833,72.105,-0.000,-0.000,0.001,0.001,11,weighted_average,kalman(weighted_average),false
1788858312.850,19.273,-0.000,1.150,1.837,72.094,-0.001,1.150,1.835,72.106,-0.001,0.000,-0.002,0.002,11,weighted_average,kalman(weighted_average),false
1788858312.895,19.318,-0.000,1.152,1.832,72.089,-0.001,1.152,1.833,72.102,-0.001,-0.001,0.001,0.002,11,weighted_average,kalman(weighted_average),false
1788858312.947,19.370,-0.001,1.155,1.829,72.086,-0.001,1.154,1.831,72.096,-0.000,-0.001,0.002,0.002,11,weighted_average,kalman(weighted_average),false
1788858313.002,19.426,0.001,1.156,1.828,72.066,0.000,1.155,1.828,72.081,-0.001,-0.000,0.001,0.001,11,weighted_average,kalman(weighted_average),false
1788858313.090,19.513,-0.000,1.159,1.831,72.105,-0.000,1.159,1.830,72.094,0.000,-0.000,-0.002,0.002,11,weighted_average,kalman(weighted_average),false
1788858313.150,19.573,-0.004,1.158,1.827,72.141,-0.003,1.159,1.828,72.123,0.001,0.001,0.001,0.002,11,weighted_average,kalman(weighted_average),false
1788858313.219,19.642,0.000,1.161,1.823,72.080,-0.001,1.161,1.825,72.103,-0.001,-0.000,0.001,0.002,11,weighted_average,kalman(weighted_average),false
1788858313.269,19.692,-0.004,1.159,1.824,72.105,-0.003,1.160,1.824,72.104,0.001,0.001,-0.001,0.002,11,weighted_average,kalman(weighted_average),false
1788858313.357,19.781,-0.001,1.162,1.829,72.071,-0.002,1.161,1.827,72.082,-0.001,-0.000,-0.002,0.002,11,weighted_average,kalman(weighted_average),false
1788858313.409,19.833,-0.002,1.165,1.831,72.088,-0.002,1.164,1.830,72.082,0.000,-0.001,-0.001,0.002,11,weighted_average,kalman(weighted_average),false
1788858313.463,19.887,-0.002,1.165,1.828,72.075,-0.002,1.165,1.829,72.076,0.000,0.000,0.002,0.002,11,weighted_average,kalman(weighted_average),false
1788858313.514,19.938,-0.001,1.168,1.829,72.065,-0.002,1.167,1.829,72.068,-0.000,-0.001,0.001,0.001,11,weighted_average,kalman(weighted_average),false
1788858313.562,19.985,-0.005,1.168,1.829,72.113,-0.003,1.168,1.829,72.088,0.001,0.000,0.000,0.002,11,weighted_average,kalman(weighted_average),false
1788858313.655,20.078,-0.005,1.175,1.829,72.141,-0.005,1.174,1.829,72.125,0.000,-0.001,0.000,0.001,11,weighted_average,kalman(weighted_average),false
1788858313.704,20.128,0.000,1.177,1.823,72.046,-0.002,1.177,1.825,72.085,-0.002,-0.000,0.002,0.003,11,weighted_average,kalman(weighted_average),false
1788858313.755,20.178,-0.004,1.178,1.828,72.113,-0.003,1.179,1.826,72.098,0.001,0.001,-0.002,0.003,11,weighted_average,kalman(weighted_average),false
1788858313.807,20.230,-0.006,1.180,1.829,72.135,-0.005,1.180,1.828,72.119,0.001,0.000,-0.001,0.002,11,weighted_average,kalman(weighted_average),false
1788858313.858,20.282,-0.001,1.181,1.829,72.030,-0.003,1.181,1.828,72.076,-0.002,0.001,-0.000,0.002,11,weighted_average,kalman(weighted_average),false
1788858313.957,20.380,-0.006,1.184,1.828,72.092,-0.005,1.184,1.828,72.081,0.001,0.000,0.000,0.001,11,weighted_average,kalman(weighted_average),false
1788858314.010,20.433,-0.002,1.186,1.825,72.016,-0.003,1.186,1.826,72.042,-0.001,-0.000,0.001,0.002,11,weighted_average,kalman(weighted_average),false
1788858314.058,20.482,-0.006,1.189,1.833,72.088,-0.005,1.188,1.830,72.060,0.001,-0.000,-0.003,0.003,11,weighted_average,kalman(weighted_average),false
1788858314.111,20.534,-0.004,1.190,1.831,72.047,-0.004,1.190,1.831,72.052,-0.000,0.000,0.000,0.001,11,weighted_average,kalman(weighted_average),false
1788858314.159,20.582,-0.009,1.192,1.828,72.122,-0.007,1.192,1.830,72.085,0.002,-0.000,0.002,0.002,11,weighted_average,kalman(weighted_average),false
1788858314.253,20.677,-0.007,1.196,1.832,72.091,-0.008,1.196,1.831,72.095,-0.001,-0.000,-0.001,0.001,11,weighted_average,kalman(weighted_average),false
1788858314.305,20.729,-0.007,1.196,1.832,72.058,-0.007,1.197,1.832,72.076,-0.000,0.001,0.000,0.001,11,weighted_average,kalman(weighted_average),false
1788858314.356,20.779,-0.006,1.197,1.831,72.032,-0.006,1.197,1.832,72.051,-0.001,0.001,0.001,0.001,11,weighted_average,kalman(weighted_average),false
1788858314.408,20.831,-0.007,1.197,1.835,72.045,-0.006,1.197,1.834,72.043,0.000,0.001,-0.001,0.001,11,weighted_average,kalman(weighted_average),false
1788858314.455,20.878,-0.010,1.198,1.832,72.088,-0.008,1.198,1.833,72.061,0.001,0.000,0.001,0.002,11,weighted_average,kalman(weighted_average),false
1788858314.549,20.972,-0.011,1.201,1.831,72.118,-0.010,1.200,1.832,72.099,0.000,-0.000,0.001,0.001,11,weighted_average,kalman(weighted_average),false
1788858314.594,21.017,-0.008,1.198,1.837,72.035,-0.009,1.199,1.835,72.068,-0.001,0.001,-0.002,0.003,11,weighted_average,kalman(weighted_average),false
1788858314.646,21.069,-0.011,1.202,1.828,72.094,-0.010,1.201,1.831,72.081,0.001,-0.001,0.003,0.004,11,weighted_average,kalman(weighted_average),false
1788858314.694,21.118,-0.008,1.203,1.831,72.040,-0.009,1.202,1.830,72.062,-0.001,-0.001,-0.000,0.002,11,weighted_average,kalman(weighted_average),false
1788858314.752,21.175,-0.012,1.203,1.825,72.106,-0.011,1.203,1.826,72.083,0.001,0.000,0.002,0.002,11,weighted_average,kalman(weighted_average),false
1788858314.850,21.273,-0.013,1.205,1.824,72.097,-0.012,1.205,1.824,72.095,0.000,0.000,-0.000,0.000,11,weighted_average,kalman(weighted_average),false
1788858314.895,21.318,-0.017,1.205,1.823,72.156,-0.016,1.205,1.822,72.132,0.001,0.000,-0.000,0.002,11,weighted_average,kalman(weighted_average),false
1788858314.947,21.370,-0.011,1.208,1.821,72.066,-0.013,1.207,1.821,72.104,-0.003,-0.001,0.000,0.003,11,weighted_average,kalman(weighted_average),false
1788858314.996,21.419,-0.012,1.210,1.816,72.099,-0.013,1.209,1.817,72.102,-0.001,-0.001,0.001,0.002,11,weighted_average,kalman(weighted_average),false
1788858315.108,21.531,-0.009,1.210,1.822,72.036,-0.009,1.211,1.820,72.055,-0.001,0.001,-0.002,0.002,11,weighted_average,kalman(weighted_average),false
1788858315.156,21.579,-0.015,1.212,1.821,72.162,-0.013,1.212,1.821,72.112,0.003,0.000,-0.000,0.003,11,weighted_average,kalman(weighted_average),false
1788858315.208,21.632,-0.010,1.213,1.822,72.076,-0.011,1.213,1.822,72.096,-0.001,-0.000,-0.000,0.001,11,weighted_average,kalman(weighted_average),false
1788858315.258,21.681,-0.011,1.215,1.815,72.104,-0.011,1.215,1.818,72.100,0.000,-0.000,0.003,0.003,11,weighted_average,kalman(weighted_average),false
1788858315.311,21.734,-0.017,1.217,1.823,72.235,-0.015,1.217,1.821,72.173,0.002,-0.000,-0.002,0.003,11,weighted_average,kalman(weighted_average),false
1788858315.415,21.838,-0.012,1.220,1.819,72.114,-0.013,1.220,1.820,72.148,-0.001,0.000,0.001,0.001,11,weighted_average,kalman(weighted_average),false
1788858315.462,21.885,-0.015,1.219,1.813,72.119,-0.014,1.220,1.816,72.131,0.001,0.001,0.002,0.002,11,weighted_average,kalman(weighted_average),false
1788858315.513,21.937,-0.010,1.219,1.818,72.110,-0.012,1.219,1.816,72.117,-0.002,0.001,-0.002,0.002,11,weighted_average,kalman(weighted_average),false
1788858315.564,21.988,-0.013,1.214,1.813,72.336,-0.012,1.217,1.814,72.229,0.001,0.002,0.001,0.003,11,weighted_average,kalman(weighted_average),false
1788858315.615,22.038,-0.020,1.212,1.817,73.156,-0.017,1.214,1.815,72.729,0.003,0.001,-0.002,0.004,11,weighted_average,kalman(weighted_average),false
1788858315.722,22.145,-0.015,1.204,1.821,74.136,-0.016,1.205,1.820,73.840,-0.001,0.001,-0.001,0.002,11,weighted_average,kalman(weighted_average),false
1788858315.777,22.200,-0.010,1.198,1.803,74.343,-0.012,1.199,1.809,74.334,-0.002,0.001,0.006,0.006,11,weighted_average,kalman(weighted_average),false
1788858315.823,22.246,-0.010,1.186,1.816,75.123,-0.010,1.189,1.812,74.949,-0.000,0.003,-0.004,0.005,11,weighted_average,kalman(weighted_average),false
1788858315.871,22.295,-0.006,1.177,1.820,75.838,-0.007,1.179,1.817,75.652,-0.001,0.002,-0.004,0.004,11,weighted_average,kalman(weighted_average),false
1788858315.982,22.405,-0.003,1.161,1.818,77.091,-0.003,1.161,1.818,77.050,0.000,-0.000,0.001,0.001,11,weighted_average,kalman(weighted_average),false
1788858316.031,22.454,-0.005,1.153,1.823,77.567,-0.003,1.153,1.822,77.606,0.001,-0.000,-0.001,0.002,11,weighted_average,kalman(weighted_average),false
1788858316.086,22.509,-0.010,1.143,1.830,78.549,-0.007,1.143,1.828,78.428,0.003,0.001,-0.002,0.003,11,weighted_average,kalman(weighted_average),false
1788858316.131,22.555,-0.008,0.690,1.724,79.414,-0.007,1.143,1.828,79.230,0.001,0.453,0.103,0.464,1,weighted_average,kalman(weighted_average),true
1788858316.236,22.659,0.009,1.260,1.890,81.024,0.007,1.245,1.882,80.943,-0.002,-0.015,-0.008,0.017,9,weighted_average,kalman(weighted_average),false
1788858316.288,22.712,0.024,1.249,1.904,81.705,0.020,1.259,1.903,81.732,-0.004,0.011,-0.001,0.012,9,weighted_average,kalman(weighted_average),false
1788858316.339,22.762,0.009,1.222,1.907,82.712,0.016,1.245,1.913,82.628,0.007,0.023,0.006,0.025,9,weighted_average,kalman(weighted_average),false
1788858316.389,22.813,0.017,1.217,1.919,83.110,0.018,1.231,1.923,83.271,0.001,0.014,0.003,0.014,9,weighted_average,kalman(weighted_average),false
1788858316.489,22.913,-0.055,0.768,1.880,83.376,0.018,1.231,1.923,83.817,0.073,0.463,0.043,0.470,17,weighted_average,kalman(weighted_average),true
1788858316.553,22.976,-0.055,0.768,1.880,83.376,-0.048,0.814,1.884,83.737,0.007,0.046,0.004,0.047,17,weighted_average,kalman(weighted_average),false
1788858316.602,23.025,-0.011,0.726,1.816,84.103,-0.031,0.711,1.835,84.030,-0.020,-0.015,0.020,0.032,17,weighted_average,kalman(weighted_average),false
1788858316.658,23.081,-0.039,0.722,1.864,85.272,-0.039,0.668,1.843,84.834,0.000,-0.054,-0.022,0.058,17,weighted_average,kalman(weighted_average),false
1788858316.762,23.186,-0.062,0.702,1.923,86.705,-0.060,0.662,1.903,86.415,0.002,-0.041,-0.020,0.046,17,weighted_average,kalman(weighted_average),false
1788858316.824,23.248,-0.071,0.704,1.849,87.587,-0.071,0.688,1.873,87.460,-0.000,-0.017,0.025,0.030,17,weighted_average,kalman(weighted_average),false
1788858316.868,23.292,-0.006,0.650,1.878,87.235,-0.035,0.666,1.875,87.637,-0.029,0.017,-0.002,0.033,17,weighted_average,kalman(weighted_average),false
1788858316.921,23.344,0.009,0.632,1.846,87.334,-0.004,0.643,1.858,87.753,-0.013,0.011,0.011,0.020,17,weighted_average,kalman(weighted_average),false
1788858317.029,23.453,-0.062,0.652,1.851,89.300,-0.042,0.644,1.849,89.105,0.019,-0.008,-0.002,0.021,17,weighted_average,kalman(weighted_average),false
1788858317.081,23.505,-0.044,0.612,1.882,89.266,-0.049,0.623,1.870,89.438,-0.004,0.010,-0.012,0.017,17,weighted_average,kalman(weighted_average),false
1788858317.128,23.552,-0.022,0.579,1.867,89.106,-0.036,0.593,1.871,89.463,-0.014,0.013,0.004,0.020,17,weighted_average,kalman(weighted_average),false
1788858317.185,23.608,-0.021,0.560,1.913,89.136,-0.027,0.564,1.899,89.449,-0.006,0.004,-0.014,0.016,17,weighted_average,kalman(weighted_average),false
1788858317.288,23.712,-0.032,0.547,1.876,89.512,-0.029,0.541,1.887,89.611,0.003,-0.006,0.011,0.013,17,weighted_average,kalman(weighted_average),false
1788858317.346,23.770,-0.014,0.539,1.853,89.328,-0.019,0.535,1.863,89.486,-0.005,-0.004,0.009,0.011,17,weighted_average,kalman(weighted_average),false
1788858317.396,23.819,0.019,0.497,1.872,88.868,0.006,0.508,1.864,89.151,-0.013,0.011,-0.008,0.018,17,weighted_average,kalman(weighted_average),false
1788858317.449,23.872,0.029,0.479,1.854,88.818,0.026,0.484,1.855,88.921,-0.003,0.004,0.001,0.006,17,weighted_average,kalman(weighted_average),false
1788858317.554,23.977,0.028,0.445,1.905,88.944,0.034,0.444,1.892,88.846,0.006,-0.001,-0.013,0.015,17,weighted_average,kalman(weighted_average),false
1788858317.610,24.033,0.018,0.441,1.885,89.186,0.025,0.435,1.893,89.025,0.007,-0.005,0.007,0.011,17,weighted_average,kalman(weighted_average),false
1788858317.658,24.082,0.023,0.430,1.880,89.138,0.023,0.427,1.888,89.098,0.001,-0.003,0.008,0.008,17,weighted_average,kalman(weighted_average),false
1788858317.710,24.133,0.021,0.411,1.942,89.247,0.021,0.413,1.922,89.198,0.000,0.002,-0.020,0.020,17,weighted_average,kalman(weighted_average),false
1788858317.810,24.233,0.028,0.390,1.891,89.190,0.025,0.390,1.905,89.231,-0.002,-0.001,0.014,0.014,17,weighted_average,kalman(weighted_average),false
1788858317.861,24.284,0.057,0.366,1.872,88.707,0.047,0.370,1.881,88.936,-0.010,0.004,0.010,0.014,17,weighted_average,kalman(weighted_average),false
1788858317.910,24.333,0.030,0.370,1.882,89.209,0.040,0.364,1.877,89.046,0.011,-0.005,-0.005,0.013,17,weighted_average,kalman(weighted_average),false
1788858317.961,24.385,0.042,0.354,1.871,89.001,0.042,0.354,1.870,89.014,0.001,-0.001,-0.002,0.002,17,weighted_average,kalman(weighted_average),false
1788858318.013,24.436,0.017,0.355,1.858,89.453,0.028,0.350,1.859,89.234,0.011,-0.005,0.001,0.012,17,weighted_average,kalman(weighted_average),false
1788858318.117,24.541,0.053,0.304,1.827,88.809,0.045,0.310,1.830,88.979,-0.007,0.006,0.003,0.010,17,weighted_average,kalman(weighted_average),false
1788858318.165,24.589,0.035,0.299,1.850,89.147,0.041,0.297,1.839,89.048,0.006,-0.002,-0.012,0.013,17,weighted_average,kalman(weighted_average),false
1788858318.217,24.641,0.043,0.289,1.853,89.059,0.043,0.286,1.847,89.043,0.000,-0.004,-0.007,0.008,17,weighted_average,kalman(weighted_average),false
1788858318.269,24.693,0.033,0.284,1.879,89.236,0.038,0.279,1.867,89.139,0.004,-0.005,-0.012,0.014,17,weighted_average,kalman(weighted_average),false
1788858318.379,24.802,0.025,0.250,1.885,89.349,0.027,0.251,1.886,89.304,0.002,0.001,0.001,0.002,17,weighted_average,kalman(weighted_average),false
1788858318.428,24.851,0.045,0.242,1.848,89.063,0.037,0.241,1.864,89.186,-0.007,-0.001,0.016,0.017,17,weighted_average,kalman(weighted_average),false
1788858318.482,24.905,0.021,0.225,1.896,89.449,0.027,0.226,1.882,89.334,0.007,0.001,-0.013,0.015,17,weighted_average,kalman(weighted_average),false
1788858318.529,24.952,0.032,0.219,1.880,89.287,0.029,0.217,1.883,89.332,-0.003,-0.002,0.003,0.005,17,weighted_average,kalman(weighted_average),false
1788858318.581,25.004,0.041,0.197,1.861,89.123,0.036,0.200,1.871,89.239,-0.006,0.003,0.011,0.012,17,weighted_average,kalman(weighted_average),false
1788858318.686,25.110,0.026,0.169,1.918,89.376,0.029,0.169,1.906,89.327,0.003,0.001,-0.011,0.012,17,weighted_average,kalman(weighted_average),false
1788858318.736,25.159,0.054,0.142,1.871,88.836,0.044,0.146,1.888,89.049,-0.009,0.004,0.017,0.020,17,weighted_average,kalman(weighted_average),false
1788858318.787,25.211,0.048,0.142,1.876,89.025,0.048,0.136,1.881,88.999,0.001,-0.005,0.005,0.007,17,weighted_average,kalman(weighted_average),false
1788858318.835,25.259,0.023,0.141,1.868,89.473,0.035,0.134,1.872,89.216,0.012,-0.008,0.004,0.015,17,weighted_average,kalman(weighted_average),false
1788858318.885,25.309,0.046,0.108,1.916,89.042,0.040,0.115,1.896,89.141,-0.006,0.007,-0.020,0.022,17,weighted_average,kalman(weighted_average),false
1788858318.989,25.412,0.020,0.110,1.872,89.513,0.025,0.105,1.880,89.392,0.005,-0.005,0.008,0.011,17,weighted_average,kalman(weighted_average),false
1788858319.041,25.464,0.025,0.095,1.896,89.460,0.023,0.096,1.889,89.469,-0.002,0.001,-0.007,0.008,17,weighted_average,kalman(weighted_average),false
1788858319.090,25.514,0.040,0.075,1.872,89.155,0.032,0.080,1.878,89.334,-0.008,0.005,0.007,0.012,17,weighted_average,kalman(weighted_average),false
1788858319.141,25.564,0.026,0.065,1.892,89.407,0.029,0.067,1.885,89.375,0.003,0.002,-0.007,0.008,17,weighted_average,kalman(weighted_average),false
1788858319.191,25.614,0.038,0.068,1.856,89.242,0.034,0.063,1.868,89.315,-0.004,-0.005,0.012,0.014,17,weighted_average,kalman(weighted_average),false
1788858319.298,25.721,0.042,0.038,1.889,89.167,0.041,0.039,1.881,89.205,-0.001,0.001,-0.008,0.008,17,weighted_average,kalman(weighted_average),false
1788858319.354,25.778,0.053,0.017,1.885,88.934,0.050,0.020,1.886,89.021,-0.003,0.003,0.001,0.004,17,weighted_average,kalman(weighted_average),false
1788858319.403,25.826,0.051,0.013,1.867,88.961,0.053,0.011,1.876,88.949,0.002,-0.002,0.009,0.009,17,weighted_average,kalman(weighted_average),false
1788858319.455,25.878,0.040,0.010,1.887,89.216,0.047,0.005,1.882,89.052,0.007,-0.005,-0.005,0.010,17,weighted_average,kalman(weighted_average),false
1788858319.561,25.984,0.040,-0.004,1.859,89.232,0.042,-0.006,1.864,89.168,0.001,-0.002,0.006,0.006,17,weighted_average,kalman(weighted_average),false
1788858319.610,26.034,0.045,-0.022,1.857,89.154,0.043,-0.018,1.857,89.174,-0.002,0.003,0.000,0.004,17,weighted_average,kalman(weighted_average),false
1788858319.664,26.087,0.048,-0.030,1.855,89.095,0.046,-0.029,1.853,89.142,-0.002,0.001,-0.002,0.003,17,weighted_average,kalman(weighted_average),false
1788858319.715,26.139,0.055,-0.048,1.857,88.976,0.052,-0.044,1.853,89.054,-0.003,0.004,-0.004,0.006,17,weighted_average,kalman(weighted_average),false
1788858319.820,26.243,0.046,-0.060,1.871,89.194,0.048,-0.062,1.866,89.135,0.003,-0.002,-0.005,0.006,17,weighted_average,kalman(weighted_average),false
1788858319.868,26.291,0.044,-0.064,1.859,89.224,0.045,-0.066,1.863,89.195,0.001,-0.002,0.004,0.005,17,weighted_average,kalman(weighted_average),false
1788858319.920,26.343,0.050,-0.087,1.861,89.090,0.047,-0.082,1.863,89.153,-0.002,0.005,0.001,0.006,17,weighted_average,kalman(weighted_average),false
1788858319.968,26.392,0.062,-0.107,1.880,88.892,0.056,-0.102,1.873,89.019,-0.006,0.006,-0.007,0.011,17,weighted_average,kalman(weighted_average),false
1788858320.077,26.501,0.064,-0.129,1.868,88.851,0.064,-0.130,1.871,88.873,-0.000,-0.001,0.003,0.003,17,weighted_average,kalman(weighted_average),false
1788858320.124,26.547,0.054,-0.142,1.889,89.070,0.059,-0.142,1.883,88.964,0.005,-0.000,-0.006,0.008,17,weighted_average,kalman(weighted_average),false
1788858320.180,26.603,0.065,-0.156,1.886,88.840,0.063,-0.156,1.887,88.889,-0.002,-0.000,0.001,0.003,17,weighted_average,kalman(weighted_average),false
1788858320.225,26.649,0.059,-0.161,1.853,88.952,0.061,-0.164,1.868,88.908,0.002,-0.003,0.016,0.016,17,weighted_average,kalman(weighted_average),false
1788858320.277,26.700,0.061,-0.177,1.877,88.955,0.061,-0.176,1.871,88.925,0.000,0.001,-0.006,0.006,17,weighted_average,kalman(weighted_average),false
1788858320.382,26.806,0.061,-0.197,1.843,88.972,0.061,-0.198,1.848,88.956,0.000,-0.001,0.005,0.005,17,weighted_average,kalman(weighted_average),false
1788858320.427,26.851,0.050,-0.203,1.857,89.155,0.054,-0.205,1.851,89.073,0.004,-0.001,-0.007,0.008,17,weighted_average,kalman(weighted_average),false
1788858320.480,26.903,0.064,-0.223,1.854,88.920,0.059,-0.220,1.851,89.012,-0.005,0.003,-0.003,0.007,17,weighted_average,kalman(weighted_average),false
1788858320.527,26.950,0.058,-0.234,1.839,89.057,0.059,-0.232,1.843,89.039,0.001,0.001,0.004,0.004,17,weighted_average,kalman(weighted_average),false
1788858320.579,27.003,0.065,-0.252,1.848,88.893,0.062,-0.249,1.844,88.970,-0.002,0.003,-0.004,0.005,17,weighted_average,kalman(weighted_average),false
1788858320.682,27.106,0.081,-0.286,1.840,88.590,0.078,-0.284,1.839,88.699,-0.003,0.001,-0.000,0.004,17,weighted_average,kalman(weighted_average),false
1788858320.733,27.157,0.072,-0.296,1.846,88.792,0.076,-0.297,1.843,88.713,0.004,-0.002,-0.003,0.005,17,weighted_average,kalman(weighted_average),false
1788858320.785,27.208,0.076,-0.300,1.831,88.751,0.077,-0.305,1.836,88.707,0.001,-0.005,0.005,0.007,17,weighted_average,kalman(weighted_average),false
1788858320.835,27.258,0.072,-0.311,1.850,88.821,0.075,-0.313,1.843,88.749,0.003,-0.002,-0.007,0.008,17,weighted_average,kalman(weighted_average),false
1788858320.886,27.309,0.091,-0.342,1.845,88.428,0.085,-0.334,1.845,88.576,-0.006,0.007,-0.000,0.010,17,weighted_average,kalman(weighted_average),false
1788858320.992,27.416,0.087,-0.361,1.834,88.521,0.088,-0.362,1.837,88.494,0.001,-0.001,0.003,0.003,17,weighted_average,kalman(weighted_average),false
1788858321.043,27.466,0.091,-0.382,1.838,88.426,0.091,-0.380,1.836,88.435,-0.000,0.002,-0.001,0.003,17,weighted_average,kalman(weighted_average),false
1788858321.094,27.517,0.087,-0.394,1.847,88.476,0.089,-0.394,1.842,88.435,0.002,-0.001,-0.005,0.005,17,weighted_average,kalman(weighted_average),false
1788858321.146,27.570,0.086,-0.400,1.811,88.518,0.088,-0.404,1.823,88.465,0.001,-0.004,0.013,0.013,17,weighted_average,kalman(weighted_average),false
1788858321.192,27.615,0.088,-0.411,1.815,88.475,0.087,-0.413,1.816,88.466,-0.000,-0.002,0.001,0.002,17,weighted_average,kalman(weighted_average),false
1788858321.285,27.709,0.099,-0.442,1.778,88.203,0.096,-0.440,1.784,88.290,-0.003,0.002,0.006,0.007,17,weighted_average,kalman(weighted_average),false
1788858321.345,27.768,0.099,-0.442,1.778,88.203,0.100,-0.447,1.775,88.208,0.000,-0.005,-0.004,0.006,17,weighted_average,kalman(weighted_average),false
1788858321.416,27.839,0.246,-0.025,2.381,87.455,0.100,-0.447,1.775,87.704,-0.146,-0.421,-0.607,0.753,15,weighted_average,kalman(weighted_average),true
1788858321.459,27.882,-0.304,-0.027,2.302,95.133,0.100,-0.447,1.775,91.591,0.404,-0.420,-0.528,0.786,3,weighted_average,kalman(weighted_average),true
1788858321.555,27.978,-1.001,-0.076,1.230,102.878,0.100,-0.447,1.775,99.952,1.101,-0.371,0.545,1.283,3,weighted_average,kalman(weighted_average),true
1788858321.599,28.022,-0.749,-0.039,1.359,100.045,0.100,-0.447,1.775,101.299,0.848,-0.408,0.415,1.029,3,weighted_average,kalman(weighted_average),true
1788858321.659,28.083,0.038,-0.518,1.765,90.093,0.039,-0.516,1.765,96.298,0.002,0.002,0.000,0.003,18,weighted_average,kalman(weighted_average),false
1788858321.705,28.129,0.064,-0.118,2.035,89.550,0.039,-0.516,1.765,92.666,-0.024,-0.397,-0.270,0.481,15,weighted_average,kalman(weighted_average),true
1788858321.772,28.195,0.073,-0.552,1.765,89.505,0.067,-0.545,1.765,90.058,-0.006,0.006,-0.000,0.009,18,weighted_average,kalman(weighted_average),false
1788858321.860,28.284,-0.080,-0.148,1.908,91.229,0.067,-0.545,1.765,89.847,0.147,-0.397,-0.143,0.447,15,weighted_average,kalman(weighted_average),true
1788858321.912,28.335,-0.187,-0.205,1.963,92.595,-0.157,-0.245,1.939,91.127,0.030,-0.040,-0.023,0.056,15,weighted_average,kalman(weighted_average),false
1788858321.960,28.383,-1.040,-0.190,1.540,103.771,-0.157,-0.245,1.939,97.892,0.882,-0.055,0.399,0.970,3,weighted_average,kalman(weighted_average),true
1788858322.015,28.439,0.069,-0.625,1.781,89.619,-0.157,-0.245,1.939,94.623,-0.226,0.380,0.158,0.470,18,weighted_average,kalman(weighted_average),true
1788858322.067,28.490,0.067,-0.647,1.769,89.586,0.042,-0.601,1.788,92.106,-0.026,0.046,0.020,0.056,18,weighted_average,kalman(weighted_average),false
1788858322.156,28.579,-0.043,-0.300,2.196,90.861,0.042,-0.601,1.788,90.875,0.084,-0.301,-0.407,0.514,15,weighted_average,kalman(weighted_average),true
1788858322.212,28.635,0.065,-0.676,1.772,89.580,0.062,-0.667,1.774,89.793,-0.003,0.009,0.002,0.010,18,weighted_average,kalman(weighted_average),false
1788858322.259,28.682,-0.054,-0.272,1.919,90.843,0.062,-0.667,1.774,90.008,0.116,-0.395,-0.146,0.437,15,weighted_average,kalman(weighted_average),true
1788858322.312,28.735,0.057,-0.711,1.779,89.137,0.058,-0.702,1.778,89.318,0.001,0.009,-0.001,0.009,18,weighted_average,kalman(weighted_average),false
1788858322.363,28.787,0.053,-0.721,1.782,88.983,0.054,-0.718,1.781,88.882,0.001,0.002,-0.001,0.003,18,weighted_average,kalman(weighted_average),false
1788858322.471,28.894,0.057,-0.760,1.783,88.533,0.055,-0.758,1.783,88.323,-0.002,0.002,0.000,0.003,18,weighted_average,kalman(weighted_average),false
1788858322.518,28.942,0.258,-0.323,1.963,85.971,0.055,-0.758,1.783,86.826,-0.203,-0.435,-0.180,0.513,15,weighted_average,kalman(weighted_average),true
1788858322.569,28.993,0.052,-0.783,1.779,88.561,0.052,-0.778,1.780,87.439,0.001,0.005,0.001,0.005,18,weighted_average,kalman(weighted_average),false
1788858322.623,29.046,0.057,-0.793,1.796,88.458,0.055,-0.790,1.790,87.867,-0.002,0.002,-0.006,0.007,18,weighted_average,kalman(weighted_average),false
1788858322.669,29.092,0.050,-0.816,1.775,88.487,0.052,-0.809,1.782,88.180,0.002,0.007,0.007,0.010,18,weighted_average,kalman(weighted_average),false
1788858322.762,29.185,0.052,-0.836,1.801,88.461,0.052,-0.835,1.796,88.430,-0.000,0.001,-0.005,0.005,18,weighted_average,kalman(weighted_average),false
1788858322.813,29.237,0.047,-0.852,1.789,88.475,0.049,-0.851,1.793,88.510,0.002,0.001,0.004,0.005,18,weighted_average,kalman(weighted_average),false
1788858322.861,29.285,0.050,-0.867,1.794,88.406,0.049,-0.866,1.795,88.502,-0.001,0.000,0.000,0.001,18,weighted_average,kalman(weighted_average),false
1788858322.916,29.339,0.048,-0.874,1.789,88.432,0.048,-0.878,1.792,88.498,-0.000,-0.003,0.003,0.004,18,weighted_average,kalman(weighted_average),false
1788858322.965,29.388,0.045,-0.893,1.787,88.410,0.046,-0.892,1.789,88.472,0.001,0.001,0.002,0.003,18,weighted_average,kalman(weighted_average),false
1788858323.060,29.484,0.040,-0.921,1.808,88.405,0.041,-0.920,1.803,88.439,0.001,0.001,-0.005,0.005,18,weighted_average,kalman(weighted_average),false
1788858323.111,29.534,0.040,-0.931,1.795,88.369,0.039,-0.932,1.800,88.396,-0.000,-0.002,0.005,0.005,18,weighted_average,kalman(weighted_average),false
1788858323.158,29.581,0.033,-0.942,1.797,88.445,0.035,-0.943,1.799,88.414,0.002,-0.001,0.002,0.003,18,weighted_average,kalman(weighted_average),false
1788858323.210,29.634,0.037,-0.955,1.804,88.350,0.035,-0.955,1.802,88.377,-0.002,-0.000,-0.002,0.003,18,weighted_average,kalman(weighted_average),false
1788858323.261,29.685,0.039,-0.962,1.799,88.308,0.037,-0.964,1.801,88.333,-0.002,-0.002,0.002,0.004,18,weighted_average,kalman(weighted_average),false
1788858323.358,29.781,0.036,-0.988,1.808,88.282,0.036,-0.988,1.807,88.282,0.000,0.001,-0.001,0.002,18,weighted_average,kalman(weighted_average),false
1788858323.404,29.828,0.033,-1.003,1.816,88.316,0.034,-1.001,1.814,88.291,0.001,0.001,-0.003,0.003,18,weighted_average,kalman(weighted_average),false
1788858323.456,29.880,0.031,-1.013,1.800,88.307,0.032,-1.014,1.807,88.293,0.001,-0.001,0.007,0.007,18,weighted_average,kalman(weighted_average),false
1788858323.509,29.932,0.030,-1.025,1.810,88.338,0.030,-1.026,1.809,88.313,0.000,-0.001,-0.002,0.002,18,weighted_average,kalman(weighted_average),false
1788858323.556,29.979,0.019,-1.046,1.813,88.419,0.023,-1.042,1.812,88.368,0.004,0.004,-0.002,0.006,18,weighted_average,kalman(weighted_average),false
1788858323.656,30.080,0.025,-1.061,1.812,88.333,0.022,-1.064,1.812,88.358,-0.002,-0.002,0.001,0.003,18,weighted_average,kalman(weighted_average),false
1788858323.699,30.123,0.018,-1.084,1.808,88.374,0.020,-1.080,1.810,88.368,0.001,0.004,0.002,0.005,18,weighted_average,kalman(weighted_average),false
1788858323.754,30.177,0.019,-1.091,1.813,88.357,0.019,-1.093,1.812,88.365,-0.000,-0.002,-0.001,0.002,18,weighted_average,kalman(weighted_average),false
1788858323.800,30.223,0.016,-1.104,1.806,88.379,0.017,-1.105,1.808,88.373,0.000,-0.000,0.003,0.003,18,weighted_average,kalman(weighted_average),false
1788858323.853,30.277,0.016,-1.115,1.797,88.345,0.016,-1.116,1.801,88.361,-0.001,-0.001,0.004,0.004,18,weighted_average,kalman(weighted_average),false
1788858323.946,30.370,0.016,-1.135,1.789,88.329,0.015,-1.136,1.790,88.339,-0.001,-0.001,0.001,0.001,18,weighted_average,kalman(weighted_average),false
1788858323.994,30.418,0.015,-1.146,1.793,88.307,0.015,-1.146,1.790,88.318,-0.000,-0.000,-0.003,0.003,18,weighted_average,kalman(weighted_average),false
1788858324.048,30.471,0.013,-1.166,1.797,88.315,0.013,-1.163,1.793,88.310,0.001,0.003,-0.004,0.005,18,weighted_average,kalman(weighted_average),false
1788858324.097,30.521,0.013,-1.174,1.799,88.297,0.013,-1.175,1.797,88.298,-0.000,-0.001,-0.002,0.003,18,weighted_average,kalman(weighted_average),false
1788858324.147,30.570,0.008,-1.192,1.802,88.355,0.010,-1.190,1.800,88.322,0.002,0.002,-0.001,0.003,18,weighted_average,kalman(weighted_average),false
1788858324.239,30.663,0.006,-1.217,1.797,88.330,0.006,-1.217,1.799,88.328,0.000,0.000,0.002,0.002,18,weighted_average,kalman(weighted_average),false
1788858324.287,30.710,0.006,-1.227,1.795,88.302,0.006,-1.228,1.796,88.314,-0.001,-0.001,0.002,0.002,18,weighted_average,kalman(weighted_average),false
1788858324.340,30.763,0.007,-1.240,1.789,88.262,0.006,-1.241,1.791,88.284,-0.001,-0.001,0.002,0.003,18,weighted_average,kalman(weighted_average),false
1788858324.388,30.812,0.001,-1.251,1.789,88.343,0.003,-1.252,1.789,88.309,0.002,-0.001,-0.000,0.002,18,weighted_average,kalman(weighted_average),false
1788858324.439,30.863,0.001,-1.269,1.795,88.310,0.001,-1.267,1.792,88.310,-0.000,0.002,-0.004,0.004,18,weighted_average,kalman(weighted_average),false
1788858324.534,30.957,-0.005,-1.298,1.792,88.338,-0.004,-1.297,1.791,88.329,0.001,0.001,-0.000,0.002,18,weighted_average,kalman(weighted_average),false
1788858324.587,31.010,0.004,-1.298,1.790,88.223,0.000,-1.303,1.790,88.270,-0.004,-0.005,0.001,0.006,18,weighted_average,kalman(weighted_average),false
1788858324.634,31.058,-0.001,-1.309,1.796,88.290,-0.000,-1.311,1.794,88.273,0.001,-0.002,-0.003,0.003,18,weighted_average,kalman(weighted_average),false
1788858324.686,31.109,-0.005,-1.329,1.792,88.317,-0.003,-1.326,1.793,88.292,0.002,0.003,0.001,0.004,18,weighted_average,kalman(weighted_average),false
1788858324.736,31.160,-0.004,-1.345,1.795,88.270,-0.004,-1.342,1.794,88.280,-0.000,0.003,-0.000,0.003,18,weighted_average,kalman(weighted_average),false
1788858324.826,31.250,-0.007,-1.368,1.790,88.290,-0.006,-1.368,1.792,88.284,0.000,0.000,0.001,0.001,18,weighted_average,kalman(weighted_average),false
1788858324.880,31.303,-0.004,-1.376,1.789,88.225,-0.005,-1.379,1.790,88.249,-0.001,-0.002,0.000,0.003,18,weighted_average,kalman(weighted_average),false
1788858324.928,31.352,-0.010,-1.390,1.791,88.286,-0.008,-1.390,1.790,88.264,0.002,-0.000,-0.001,0.002,18,weighted_average,kalman(weighted_average),false
1788858324.981,31.404,-0.011,-1.403,1.794,88.296,-0.011,-1.403,1.792,88.279,0.000,0.000,-0.002,0.002,18,weighted_average,kalman(weighted_average),false
1788858325.030,31.454,-0.008,-1.417,1.797,88.232,-0.010,-1.416,1.795,88.256,-0.002,0.001,-0.002,0.002,18,weighted_average,kalman(weighted_average),false
1788858325.120,31.544,-0.014,-1.436,1.797,88.283,-0.013,-1.437,1.797,88.270,0.001,-0.001,0.000,0.001,18,weighted_average,kalman(weighted_average),false
1788858325.174,31.597,-0.018,-1.454,1.800,88.326,-0.017,-1.453,1.800,88.304,0.001,0.002,-0.000,0.002,18,weighted_average,kalman(weighted_average),false
1788858325.223,31.646,-0.019,-1.464,1.802,88.334,-0.019,-1.464,1.802,88.326,-0.000,-0.001,-0.000,0.001,18,weighted_average,kalman(weighted_average),false
1788858325.273,31.697,-0.014,-1.467,1.803,88.250,-0.017,-1.471,1.803,88.294,-0.003,-0.004,0.000,0.005,18,weighted_average,kalman(weighted_average),false
1788858325.325,31.748,-0.021,-1.485,1.801,88.343,-0.020,-1.483,1.802,88.319,0.001,0.001,0.002,0.003,18,weighted_average,kalman(weighted_average),false
1788858325.419,31.842,-0.023,-1.508,1.794,88.337,-0.023,-1.507,1.797,88.337,0.000,0.001,0.002,0.002,18,weighted_average,kalman(weighted_average),false
1788858325.464,31.888,-0.016,-1.511,1.792,88.217,-0.019,-1.513,1.793,88.273,-0.003,-0.003,0.001,0.004,18,weighted_average,kalman(weighted_average),false
1788858325.517,31.940,-0.025,-1.531,1.800,88.336,-0.022,-1.529,1.796,88.299,0.003,0.003,-0.004,0.005,18,weighted_average,kalman(weighted_average),false
1788858325.573,31.996,-0.021,-1.545,1.804,88.256,-0.022,-1.544,1.801,88.275,-0.001,0.001,-0.003,0.003,18,weighted_average,kalman(weighted_average),false
1788858325.620,32.044,-0.022,-1.555,1.805,88.234,-0.022,-1.556,1.804,88.250,-0.000,-0.001,-0.001,0.001,18,weighted_average,kalman(weighted_average),false
1788858325.713,32.136,-0.026,-1.579,1.798,88.270,-0.025,-1.579,1.800,88.253,0.001,-0.000,0.003,0.003,18,weighted_average,kalman(weighted_average),false
1788858325.762,32.185,-0.021,-1.584,1.800,88.197,-0.023,-1.587,1.800,88.220,-0.002,-0.002,-0.000,0.003,18,weighted_average,kalman(weighted_average),false
1788858325.815,32.238,-0.026,-1.599,1.797,88.301,-0.025,-1.598,1.798,88.257,0.001,0.000,0.001,0.002,18,weighted_average,kalman(weighted_average),false
1788858325.862,32.286,-0.025,-1.609,1.799,88.251,-0.025,-1.609,1.798,88.256,-0.000,0.000,-0.001,0.001,18,weighted_average,kalman(weighted_average),false
1788858325.921,32.345,-0.027,-1.616,1.795,88.290,-0.027,-1.618,1.796,88.276,0.001,-0.002,0.001,0.002,18,weighted_average,kalman(weighted_average),false
1788858326.016,32.439,-0.025,-1.645,1.803,88.259,-0.026,-1.643,1.801,88.270,-0.001,0.002,-0.002,0.003,18,weighted_average,kalman(weighted_average),false
1788858326.070,32.494,-0.024,-1.652,1.797,88.241,-0.025,-1.653,1.799,88.253,-0.000,-0.001,0.002,0.002,18,weighted_average,kalman(weighted_average),false
1788858326.117,32.540,-0.027,-1.663,1.794,88.309,-0.026,-1.663,1.796,88.281,0.001,-0.000,0.002,0.002,18,weighted_average,kalman(weighted_average),false
1788858326.166,32.589,-0.029,-1.669,1.800,88.362,-0.028,-1.671,1.798,88.326,0.001,-0.002,-0.002,0.003,18,weighted_average,kalman(weighted_average),false
1788858326.216,32.639,-0.028,-1.681,1.796,88.329,-0.029,-1.681,1.797,88.337,-0.000,0.000,0.001,0.001,18,weighted_average,kalman(weighted_average),false
1788858326.306,32.730,-0.032,-1.696,1.799,88.362,-0.031,-1.696,1.798,88.364,0.000,-0.001,-0.001,0.001,18,weighted_average,kalman(weighted_average),false
1788858326.352,32.775,-0.028,-1.703,1.795,88.287,-0.029,-1.704,1.796,88.328,-0.002,-0.000,0.001,0.002,18,weighted_average,kalman(weighted_average),false
1788858326.400,32.823,-0.030,-1.717,1.796,88.284,-0.030,-1.715,1.796,88.304,0.000,0.002,-0.000,0.002,18,weighted_average,kalman(weighted_average),false
1788858326.456,32.880,-0.024,-1.719,1.797,88.184,-0.026,-1.722,1.797,88.234,-0.002,-0.002,-0.001,0.003,18,weighted_average,kalman(weighted_average),false
1788858326.503,32.926,-0.030,-1.730,1.795,88.260,-0.028,-1.730,1.796,88.233,0.002,0.000,0.001,0.002,18,weighted_average,kalman(weighted_average),false
1788858326.592,33.016,-0.034,-1.739,1.793,88.309,-0.032,-1.740,1.793,88.269,0.002,-0.001,0.000,0.002,18,weighted_average,kalman(weighted_average),false
1788858326.645,33.068,-0.033,-1.746,1.793,88.276,-0.033,-1.746,1.793,88.275,-0.000,-0.000,-0.000,0.001,18,weighted_average,kalman(weighted_average),false
1788858326.694,33.117,-0.032,-1.748,1.796,88.269,-0.033,-1.750,1.794,88.274,-0.001,-0.002,-0.002,0.002,18,weighted_average,kalman(weighted_average),false
1788858326.747,33.171,-0.035,-1.761,1.794,88.249,-0.034,-1.759,1.794,88.262,0.000,0.002,0.000,0.002,18,weighted_average,kalman(weighted_average),false
1788858326.795,33.218,-0.033,-1.761,1.801,88.238,-0.034,-1.763,1.798,88.249,-0.001,-0.001,-0.003,0.003,18,weighted_average,kalman(weighted_average),false
1788858326.887,33.310,-0.022,-1.760,1.808,88.115,-0.026,-1.763,1.806,88.158,-0.003,-0.003,-0.002,0.005,18,weighted_average,kalman(weighted_average),false
1788858326.935,33.359,-0.041,-1.778,1.803,88.310,-0.034,-1.773,1.805,88.230,0.007,0.005,0.003,0.009,18,weighted_average,kalman(weighted_average),false
1788858326.987,33.410,-0.038,-1.774,1.801,88.300,-0.037,-1.776,1.804,88.269,0.001,-0.002,0.002,0.003,18,weighted_average,kalman(weighted_average),false
1788858327.037,33.460,-0.055,-1.789,1.803,88.488,-0.049,-1.785,1.803,88.392,0.006,0.004,0.000,0.007,18,weighted_average,kalman(weighted_average),false
1788858327.087,33.511,-0.053,-1.786,1.800,88.466,-0.054,-1.788,1.802,88.456,-0.001,-0.002,0.001,0.003,18,weighted_average,kalman(weighted_average),false
1788858327.182,33.605,-0.040,-1.775,1.800,88.232,-0.046,-1.780,1.800,88.345,-0.006,-0.006,-0.000,0.008,18,weighted_average,kalman(weighted_average),false
1788858327.228,33.651,-0.037,-1.766,1.798,88.218,-0.040,-1.771,1.799,88.266,-0.002,-0.004,0.001,0.005,18,weighted_average,kalman(weighted_average),false
1788858327.281,33.705,-0.045,-1.776,1.810,88.258,-0.041,-1.772,1.805,88.242,0.004,0.004,-0.005,0.007,18,weighted_average,kalman(weighted_average),false
1788858327.328,33.752,-0.041,-1.767,1.805,88.208,-0.041,-1.768,1.806,88.209,0.001,-0.001,0.001,0.002,18,weighted_average,kalman(weighted_average),false
1788858327.382,33.806,-0.047,-1.770,1.804,88.277,-0.044,-1.768,1.805,88.227,0.003,0.002,0.001,0.004,18,weighted_average,kalman(weighted_average),false
1788858327.468,33.891,-0.047,-1.766,1.806,88.270,-0.047,-1.766,1.806,88.245,0.000,0.000,0.000,0.001,18,weighted_average,kalman(weighted_average),false
1788858327.520,33.943,-0.046,-1.766,1.806,88.236,-0.047,-1.765,1.806,88.240,-0.001,0.000,0.000,0.001,18,weighted_average,kalman(weighted_average),false
1788858327.570,33.993,-0.048,-1.767,1.806,88.259,-0.048,-1.766,1.806,88.249,0.000,0.001,0.000,0.001,18,weighted_average,kalman(weighted_average),false
1788858327.622,34.046,-0.048,-1.767,1.803,88.247,-0.048,-1.767,1.805,88.249,-0.000,0.001,0.001,0.001,18,weighted_average,kalman(weighted_average),false
1788858327.673,34.096,-0.051,-1.775,1.813,88.287,-0.050,-1.771,1.809,88.269,0.001,0.003,-0.004,0.005,18,weighted_average,kalman(weighted_average),false
1788858327.761,34.184,-0.048,-1.772,1.807,88.255,-0.049,-1.773,1.808,88.265,-0.001,-0.001,0.001,0.002,18,weighted_average,kalman(weighted_average),false
1788858327.809,34.232,-0.045,-1.774,1.809,88.215,-0.046,-1.774,1.809,88.238,-0.001,0.000,-0.000,0.001,18,weighted_average,kalman(weighted_average),false
1788858327.864,34.287,-0.045,-1.778,1.809,88.198,-0.045,-1.777,1.809,88.211,0.000,0.001,-0.000,0.001,18,weighted_average,kalman(weighted_average),false
1788858327.916,34.339,-0.048,-1.784,1.815,88.253,-0.047,-1.782,1.813,88.226,0.002,0.002,-0.002,0.004,18,weighted_average,kalman(weighted_average),false
1788858327.959,34.382,-0.042,-1.789,1.811,88.127,-0.044,-1.787,1.813,88.175,-0.002,0.002,0.001,0.003,18,weighted_average,kalman(weighted_average),false
1788858328.052,34.475,-0.046,-1.802,1.809,88.182,-0.045,-1.801,1.810,88.166,0.001,0.002,0.001,0.003,18,weighted_average,kalman(weighted_average),false
1788858328.107,34.530,-0.047,-1.804,1.809,88.237,-0.047,-1.805,1.809,88.203,0.001,-0.001,0.000,0.001,18,weighted_average,kalman(weighted_average),false
1788858328.154,34.577,-0.050,-1.814,1.810,88.258,-0.049,-1.812,1.809,88.236,0.001,0.001,-0.001,0.002,18,weighted_average,kalman(weighted_average),false
1788858328.205,34.628,-0.051,-1.825,1.810,88.249,-0.051,-1.823,1.809,88.250,-0.000,0.002,-0.001,0.003,18,weighted_average,kalman(weighted_average),false
1788858328.252,34.676,-0.053,-1.830,1.809,88.287,-0.052,-1.830,1.809,88.276,0.000,0.000,-0.000,0.000,18,weighted_average,kalman(weighted_average),false
1788858328.341,34.765,-0.053,-1.851,1.810,88.256,-0.054,-1.850,1.810,88.276,-0.001,0.002,-0.000,0.002,18,weighted_average,kalman(weighted_average),false
1788858328.389,34.813,-0.049,-1.852,1.807,88.210,-0.051,-1.855,1.808,88.242,-0.002,-0.003,0.001,0.004,18,weighted_average,kalman(weighted_average),false
1788858328.444,34.867,-0.049,-1.867,1.811,88.221,-0.050,-1.865,1.810,88.227,-0.000,0.001,-0.001,0.002,18,weighted_average,kalman(weighted_average),false
1788858328.490,34.914,-0.054,-1.876,1.812,88.306,-0.052,-1.875,1.811,88.263,0.002,0.001,-0.001,0.003,18,weighted_average,kalman(weighted_average),false
1788858328.553,34.976,-0.053,-1.883,1.815,88.284,-0.053,-1.884,1.814,88.278,-0.000,-0.002,-0.001,0.002,18,weighted_average,kalman(weighted_average),false
1788858328.654,35.078,-0.205,-1.805,1.590,91.399,-0.173,-1.825,1.638,90.458,0.032,-0.020,0.047,0.060,3|18,weighted_average,kalman(weighted_average),false
1788858328.700,35.123,-0.052,-1.828,1.864,88.924,-0.173,-1.825,1.638,89.874,-0.121,0.003,-0.227,0.257,3|18,weighted_average,kalman(weighted_average),true
1788858328.754,35.177,-0.099,-1.826,1.802,89.703,-0.113,-1.826,1.770,89.925,-0.014,0.000,-0.031,0.034,3|18,weighted_average,kalman(weighted_average),false
1788858328.806,35.229,-0.105,-1.837,1.812,89.867,-0.100,-1.833,1.815,89.992,0.005,0.004,0.003,0.007,3|18,weighted_average,kalman(weighted_average),false
1788858328.853,35.276,-0.062,-1.852,1.820,88.493,-0.071,-1.846,1.835,89.294,-0.009,0.007,0.016,0.019,15|18,weighted_average,kalman(weighted_average),false
1788858328.941,35.364,-0.061,-1.824,1.859,88.969,-0.053,-1.833,1.869,88.997,0.008,-0.009,0.010,0.016,3|15|18,weighted_average,kalman(weighted_average),false
1788858328.991,35.414,-0.064,-1.840,1.851,89.043,-0.055,-1.837,1.866,88.954,0.009,0.004,0.015,0.017,3|15|18,weighted_average,kalman(weighted_average),false
1788858329.045,35.468,-0.082,-1.844,1.866,89.407,-0.069,-1.841,1.871,89.147,0.012,0.003,0.004,0.013,3|15|18,weighted_average,kalman(weighted_average),false
1788858329.088,35.511,-0.047,-1.716,1.795,88.216,-0.057,-1.770,1.830,88.675,-0.010,-0.054,0.035,0.065,15,weighted_average,kalman(weighted_average),false
1788858329.146,35.570,-0.268,-1.730,1.508,92.948,-0.057,-1.770,1.830,90.870,0.211,-0.040,0.321,0.386,3|15,weighted_average,kalman(weighted_average),true
1788858329.233,35.656,-0.090,-1.748,1.796,89.991,-0.086,-1.751,1.801,90.716,0.005,-0.003,0.005,0.007,3|15,weighted_average,kalman(weighted_average),false
1788858329.286,35.709,-0.265,-1.771,1.533,93.008,-0.208,-1.762,1.620,92.136,0.057,0.009,0.087,0.104,3|15,weighted_average,kalman(weighted_average),false
1788858329.336,35.759,-0.031,-1.789,1.846,88.058,-0.208,-1.762,1.620,90.216,-0.177,0.027,-0.227,0.289,15,weighted_average,kalman(weighted_average),true
1788858329.387,35.810,-0.073,-1.798,1.896,89.801,-0.102,-1.790,1.837,89.870,-0.029,0.008,-0.059,0.066,3|15,weighted_average,kalman(weighted_average),false
1788858329.439,35.863,-0.008,-1.814,1.857,87.698,-0.027,-1.809,1.880,88.586,-0.019,0.005,0.023,0.030,15,weighted_average,kalman(weighted_average),false
1788858329.527,35.950,-0.090,-1.845,1.885,90.201,-0.050,-1.842,1.912,89.224,0.040,0.003,0.028,0.049,3|15,weighted_average,kalman(weighted_average),false
1788858329.578,36.001,-0.072,-1.855,1.861,89.880,-0.063,-1.857,1.890,89.588,0.009,-0.002,0.029,0.030,3|15,weighted_average,kalman(weighted_average),false
1788858329.627,36.051,-0.073,-1.879,1.912,89.943,-0.070,-1.877,1.906,89.831,0.002,0.002,-0.006,0.007,3|15,weighted_average,kalman(weighted_average),false
1788858329.679,36.103,-0.011,-1.894,1.903,87.838,-0.036,-1.894,1.908,88.855,-0.026,-0.001,0.005,0.026,15,weighted_average,kalman(weighted_average),false
1788858329.731,36.154,-0.025,-1.919,1.909,88.147,-0.025,-1.917,1.911,88.366,0.001,0.003,0.003,0.004,15,weighted_average,kalman(weighted_average),false
1788858329.817,36.241,-0.017,-1.925,1.841,88.034,-0.014,-1.932,1.862,87.951,0.003,-0.007,0.021,0.022,15,weighted_average,kalman(weighted_average),false
1788858329.871,36.294,-0.023,-1.948,1.843,88.186,-0.017,-1.946,1.842,87.964,0.006,0.002,-0.001,0.006,15,weighted_average,kalman(weighted_average),false
1788858329.921,36.345,-0.040,-1.949,1.846,89.538,-0.031,-1.953,1.837,88.741,0.010,-0.004,-0.009,0.014,3|15,weighted_average,kalman(weighted_average),false
1788858329.971,36.394,-0.019,-1.985,1.895,88.153,-0.026,-1.976,1.866,88.511,-0.006,0.009,-0.028,0.030,15,weighted_average,kalman(weighted_average),false
1788858330.022,36.445,-0.019,-1.991,1.877,88.161,-0.022,-1.991,1.875,88.343,-0.003,-0.000,-0.002,0.003,15,weighted_average,kalman(weighted_average),false
1788858330.106,36.530,-0.035,-2.017,1.870,88.503,-0.030,-2.017,1.874,88.418,0.004,-0.000,0.004,0.006,15,weighted_average,kalman(weighted_average),false
1788858330.152,36.576,-0.033,-2.027,1.892,89.545,-0.033,-2.029,1.886,89.041,-0.000,-0.002,-0.006,0.006,3|15,weighted_average,kalman(weighted_average),false
1788858330.207,36.631,-0.076,-2.046,1.880,90.380,-0.062,-2.046,1.885,89.884,0.015,0.001,0.005,0.016,3|15,weighted_average,kalman(weighted_average),false
1788858330.257,36.680,-0.004,-2.051,1.878,87.914,-0.032,-2.055,1.882,89.056,-0.029,-0.003,0.004,0.029,15,weighted_average,kalman(weighted_average),false
1788858330.308,36.731,-0.019,-2.074,1.878,89.291,-0.022,-2.072,1.880,89.175,-0.003,0.003,0.002,0.005,3|15,weighted_average,kalman(weighted_average),false
1788858330.391,36.815,-0.030,-2.108,1.889,88.410,-0.025,-2.104,1.886,88.720,0.006,0.003,-0.003,0.007,15,weighted_average,kalman(weighted_average),false
1788858330.449,36.873,-0.027,-2.110,1.848,88.327,-0.026,-2.115,1.862,88.421,0.001,-0.005,0.014,0.015,15,weighted_average,kalman(weighted_average),false
1788858330.494,36.917,-0.024,-2.129,1.838,88.280,-0.025,-2.128,1.844,88.267,-0.001,0.001,0.006,0.006,15,weighted_average,kalman(weighted_average),false
1788858330.548,36.972,-0.041,-2.152,1.883,88.596,-0.035,-2.149,1.862,88.348,0.006,0.003,-0.021,0.022,15,weighted_average,kalman(weighted_average),false
1788858330.595,37.019,-0.033,-2.162,1.856,88.412,-0.036,-2.163,1.859,88.341,-0.002,-0.001,0.003,0.004,15,weighted_average,kalman(weighted_average),false
1788858330.691,37.114,-0.021,-2.181,1.882,88.131,-0.026,-2.184,1.876,88.164,-0.005,-0.003,-0.006,0.008,15,weighted_average,kalman(weighted_average),false
1788858330.737,37.160,-0.033,-2.207,1.872,88.348,-0.029,-2.203,1.876,88.234,0.004,0.004,0.004,0.007,15,weighted_average,kalman(weighted_average),false
1788858330.788,37.212,-0.020,-2.214,1.888,89.181,-0.024,-2.216,1.885,88.733,-0.003,-0.002,-0.003,0.005,3|15,weighted_average,kalman(weighted_average),false
1788858330.835,37.259,-0.092,-2.224,1.840,90.598,-0.063,-2.226,1.861,89.766,0.029,-0.002,0.021,0.036,3|15,weighted_average,kalman(weighted_average),false
1788858330.890,37.313,-0.056,-2.259,1.889,88.738,-0.065,-2.252,1.875,89.466,-0.009,0.007,-0.014,0.018,15,weighted_average,kalman(weighted_average),false
1788858330.983,37.406,-0.018,-2.278,1.906,87.864,-0.034,-2.279,1.900,88.528,-0.016,-0.002,-0.006,0.017,15,weighted_average,kalman(weighted_average),false
1788858331.033,37.457,-0.046,-2.287,1.848,88.429,-0.038,-2.290,1.870,88.359,0.008,-0.003,0.022,0.023,15,weighted_average,kalman(weighted_average),false
1788858331.088,37.512,-0.052,-2.319,1.889,88.489,-0.045,-2.314,1.880,88.321,0.007,0.005,-0.010,0.013,15,weighted_average,kalman(weighted_average),false
1788858331.129,37.553,-0.061,-2.341,1.871,88.625,-0.054,-2.335,1.875,88.411,0.007,0.005,0.004,0.010,15,weighted_average,kalman(weighted_average),false
1788858331.192,37.615,-0.052,-2.349,1.884,88.392,-0.055,-2.353,1.880,88.357,-0.003,-0.004,-0.004,0.007,15,weighted_average,kalman(weighted_average),false
1788858331.280,37.704,-0.059,-2.382,1.879,88.465,-0.059,-2.383,1.880,88.390,0.000,-0.000,0.001,0.001,15,weighted_average,kalman(weighted_average),false
1788858331.329,37.752,-0.063,-2.402,1.907,89.688,-0.062,-2.401,1.898,89.121,0.000,0.001,-0.010,0.010,3|15,weighted_average,kalman(weighted_average),false
1788858331.382,37.805,-0.055,-2.414,1.865,89.529,-0.059,-2.416,1.880,89.464,-0.004,-0.002,0.016,0.016,3|15,weighted_average,kalman(weighted_average),false
1788858331.432,37.855,-0.059,-2.435,1.886,88.296,-0.059,-2.434,1.882,88.978,-0.000,0.001,-0.003,0.004,15,weighted_average,kalman(weighted_average),false
1788858331.483,37.906,-0.080,-2.458,1.895,88.750,-0.071,-2.455,1.890,88.864,0.008,0.003,-0.006,0.011,15,weighted_average,kalman(weighted_average),false
1788858331.568,37.992,-0.070,-2.485,1.893,88.436,-0.073,-2.485,1.894,88.572,-0.003,-0.001,0.000,0.003,15,weighted_average,kalman(weighted_average),false
1788858331.619,38.042,-0.072,-2.493,1.884,88.448,-0.073,-2.497,1.888,88.452,-0.001,-0.004,0.004,0.006,15,weighted_average,kalman(weighted_average),false
1788858331.674,38.098,-0.081,-2.508,1.866,89.892,-0.079,-2.510,1.874,89.193,0.003,-0.002,0.008,0.008,3|15,weighted_average,kalman(weighted_average),false
1788858331.724,38.147,-0.059,-2.530,1.894,89.384,-0.068,-2.527,1.883,89.382,-0.009,0.003,-0.011,0.014,3|15,weighted_average,kalman(weighted_average),false
1788858331.777,38.201,-0.076,-2.550,1.882,88.436,-0.071,-2.547,1.882,88.977,0.004,0.002,0.001,0.005,15,weighted_average,kalman(weighted_average),false
1788858331.860,38.283,-0.088,-2.580,1.869,89.966,-0.084,-2.578,1.873,89.584,0.005,0.001,0.004,0.006,3|15,weighted_average,kalman(weighted_average),false
1788858331.923,38.346,-0.082,-2.590,1.857,88.487,-0.085,-2.594,1.860,89.021,-0.002,-0.003,0.003,0.005,15,weighted_average,kalman(weighted_average),false
1788858331.972,38.396,-0.094,-2.608,1.856,88.755,-0.092,-2.608,1.855,88.838,0.002,-0.000,-0.001,0.003,15,weighted_average,kalman(weighted_average),false
1788858332.029,38.453,-0.088,-2.625,1.853,88.555,-0.091,-2.625,1.851,88.622,-0.003,-0.000,-0.002,0.004,15,weighted_average,kalman(weighted_average),false
1788858332.127,38.550,-0.099,-2.658,1.861,90.138,-0.098,-2.657,1.857,89.567,0.001,0.001,-0.005,0.005,3|15,weighted_average,kalman(weighted_average),false
1788858332.176,38.600,-0.081,-2.685,1.875,88.332,-0.088,-2.681,1.869,88.965,-0.007,0.004,-0.006,0.010,15,weighted_average,kalman(weighted_average),false
1788858332.234,38.657,-0.086,-2.695,1.862,88.423,-0.086,-2.698,1.867,88.640,0.000,-0.003,0.005,0.006,15,weighted_average,kalman(weighted_average),false
1788858332.278,38.702,-0.091,-2.717,1.854,88.513,-0.088,-2.715,1.860,88.517,0.003,0.002,0.006,0.007,15,weighted_average,kalman(weighted_average),false
1788858332.328,38.751,-0.081,-2.725,1.871,88.239,-0.084,-2.728,1.865,88.309,-0.002,-0.004,-0.005,0.007,15,weighted_average,kalman(weighted_average),false
1788858332.414,38.838,-0.100,-2.765,1.862,88.678,-0.095,-2.763,1.863,88.441,0.005,0.003,0.002,0.006,15,weighted_average,kalman(weighted_average),false
1788858332.466,38.890,-0.108,-2.792,1.859,88.855,-0.105,-2.788,1.861,88.670,0.003,0.003,0.001,0.005,15,weighted_average,kalman(weighted_average),false
1788858332.521,38.944,-0.081,-2.794,1.853,89.568,-0.093,-2.800,1.855,89.201,-0.011,-0.007,0.002,0.013,3|15,weighted_average,kalman(weighted_average),false
1788858332.572,38.995,-0.097,-2.805,1.855,88.505,-0.094,-2.810,1.854,88.939,0.002,-0.005,-0.001,0.005,15,weighted_average,kalman(weighted_average),false
1788858332.620,39.044,-0.095,-2.821,1.847,89.859,-0.095,-2.822,1.849,89.438,0.000,-0.001,0.002,0.002,3|15,weighted_average,kalman(weighted_average),false
1788858332.706,39.130,-0.108,-2.860,1.853,88.678,-0.104,-2.856,1.850,89.092,0.004,0.004,-0.003,0.006,15,weighted_average,kalman(weighted_average),false
1788858332.758,39.182,-0.073,-2.867,1.856,89.241,-0.086,-2.869,1.854,89.160,-0.012,-0.002,-0.002,0.013,3|15,weighted_average,kalman(weighted_average),false
1788858332.820,39.243,-0.099,-2.887,1.858,88.401,-0.092,-2.888,1.857,88.722,0.007,-0.001,-0.001,0.007,15,weighted_average,kalman(weighted_average),false
1788858332.870,39.293,-0.099,-2.898,1.848,88.413,-0.096,-2.900,1.852,88.485,0.003,-0.002,0.004,0.005,15,weighted_average,kalman(weighted_average),false
1788858332.915,39.338,-0.098,-2.918,1.854,88.392,-0.098,-2.916,1.853,88.357,0.000,0.002,-0.001,0.002,15,weighted_average,kalman(weighted_average),false
1788858333.001,39.424,-0.102,-2.953,1.855,88.504,-0.102,-2.950,1.854,88.341,0.000,0.003,-0.001,0.003,15,weighted_average,kalman(weighted_average),false
1788858333.053,39.476,-0.102,-2.960,1.839,88.518,-0.103,-2.963,1.844,88.409,-0.001,-0.003,0.006,0.006,15,weighted_average,kalman(weighted_average),false
1788858333.108,39.531,-0.100,-2.972,1.853,88.454,-0.101,-2.976,1.848,88.423,-0.002,-0.003,-0.005,0.006,15,weighted_average,kalman(weighted_average),false
1788858333.156,39.579,-0.097,-2.993,1.853,88.390,-0.099,-2.991,1.851,88.402,-0.002,0.002,-0.002,0.003,15,weighted_average,kalman(weighted_average),false
1788858333.228,39.652,-0.097,-3.017,1.859,88.437,-0.097,-3.015,1.857,88.415,0.000,0.001,-0.002,0.003,15,weighted_average,kalman(weighted_average),false
1788858333.321,39.744,-0.100,-3.050,1.854,88.577,-0.099,-3.049,1.856,88.524,0.001,0.001,0.002,0.003,15,weighted_average,kalman(weighted_average),false
1788858333.379,39.802,-0.094,-3.066,1.846,88.409,-0.096,-3.067,1.850,88.471,-0.002,-0.001,0.003,0.004,15,weighted_average,kalman(weighted_average),false
1788858333.429,39.852,-0.094,-3.074,1.835,88.421,-0.094,-3.077,1.839,88.445,-0.000,-0.004,0.005,0.006,15,weighted_average,kalman(weighted_average),false
1788858333.476,39.900,-0.070,-3.091,1.852,89.428,-0.079,-3.091,1.845,88.954,-0.009,0.000,-0.008,0.012,3|15,weighted_average,kalman(weighted_average),false
1788858333.526,39.949,-0.063,-3.104,1.835,89.285,-0.066,-3.105,1.839,89.209,-0.003,-0.000,0.003,0.005,3|15,weighted_average,kalman(weighted_average),false
1788858333.613,40.037,-0.087,-3.137,1.839,88.432,-0.077,-3.135,1.838,88.843,0.010,0.002,-0.002,0.010,15,weighted_average,kalman(weighted_average),false
1788858333.682,40.106,-0.090,-3.150,1.837,88.564,-0.088,-3.152,1.837,88.643,0.003,-0.002,-0.000,0.004,15,weighted_average,kalman(weighted_average),false
1788858333.727,40.151,-0.085,-3.156,1.853,88.396,-0.088,-3.160,1.846,88.470,-0.003,-0.003,-0.006,0.008,15,weighted_average,kalman(weighted_average),false
1788858333.772,40.196,-0.090,-3.177,1.838,88.615,-0.090,-3.174,1.843,88.488,-0.001,0.003,0.005,0.006,15,weighted_average,kalman(weighted_average),false
1788858333.821,40.244,-0.054,-3.192,1.837,89.310,-0.070,-3.190,1.840,88.863,-0.017,0.002,0.003,0.017,3|15,weighted_average,kalman(weighted_average),false
1788858333.905,40.329,-0.087,-3.223,1.839,88.666,-0.079,-3.221,1.839,88.791,0.008,0.002,-0.000,0.008,15,weighted_average,kalman(weighted_average),false
1788858333.962,40.386,-0.084,-3.230,1.839,88.602,-0.083,-3.234,1.839,88.684,0.001,-0.004,-0.000,0.004,15,weighted_average,kalman(weighted_average),false
1788858334.013,40.436,-0.051,-3.241,1.833,89.390,-0.064,-3.244,1.835,89.054,-0.013,-0.003,0.002,0.014,3|15,weighted_average,kalman(weighted_average),false
1788858334.058,40.481,-0.050,-3.259,1.840,89.406,-0.054,-3.257,1.837,89.280,-0.003,0.002,-0.003,0.005,3|15,weighted_average,kalman(weighted_average),false
1788858334.108,40.531,-0.038,-3.267,1.841,89.006,-0.041,-3.268,1.839,89.217,-0.003,-0.002,-0.001,0.004,3|15,weighted_average,kalman(weighted_average),false
1788858334.197,40.620,-0.103,-3.300,1.850,89.270,-0.082,-3.297,1.848,89.301,0.021,0.002,-0.003,0.021,15,weighted_average,kalman(weighted_average),false
1788858334.248,40.671,-0.045,-3.285,1.834,88.558,-0.064,-3.294,1.840,88.902,-0.018,-0.010,0.006,0.022,3|15,weighted_average,kalman(weighted_average),false
1788858334.293,40.717,-0.098,-3.310,1.843,88.140,-0.084,-3.306,1.841,88.459,0.014,0.004,-0.002,0.014,15,weighted_average,kalman(weighted_average),false
1788858334.345,40.769,0.007,-3.305,1.831,87.731,-0.033,-3.309,1.835,87.965,-0.040,-0.005,0.004,0.041,3,weighted_average,kalman(weighted_average),false
1788858334.397,40.820,-0.029,-3.297,1.815,88.582,-0.023,-3.305,1.822,88.130,0.005,-0.008,0.007,0.012,3,weighted_average,kalman(weighted_average),false
1788858334.483,40.907,0.005,-3.324,1.824,86.521,0.004,-3.320,1.820,87.015,-0.001,0.005,-0.004,0.006,3,weighted_average,kalman(weighted_average),false
1788858334.537,40.960,0.017,-3.338,1.830,85.514,0.018,-3.334,1.826,85.944,0.001,0.004,-0.004,0.006,3,weighted_average,kalman(weighted_average),false
1788858334.590,41.014,-0.001,-3.338,1.824,85.832,0.011,-3.341,1.825,85.571,0.013,-0.003,0.001,0.013,3,weighted_average,kalman(weighted_average),false
1788858334.638,41.061,0.030,-3.359,1.830,84.223,0.024,-3.355,1.828,84.622,-0.006,0.004,-0.002,0.007,3,weighted_average,kalman(weighted_average),false
1788858334.688,41.112,0.015,-3.357,1.820,84.456,0.022,-3.360,1.824,84.198,0.007,-0.004,0.004,0.009,3,weighted_average,kalman(weighted_average),false
1788858334.776,41.200,0.026,-3.373,1.819,83.315,0.027,-3.374,1.820,83.254,0.001,-0.001,0.001,0.001,3,weighted_average,kalman(weighted_average),false
1788858334.826,41.249,0.043,-3.385,1.826,82.451,0.038,-3.384,1.823,82.560,-0.005,0.001,-0.003,0.006,3,weighted_average,kalman(weighted_average),false
1788858334.882,41.306,0.042,-3.394,1.825,81.952,0.044,-3.394,1.824,81.916,0.001,0.000,-0.000,0.001,3,weighted_average,kalman(weighted_average),false
1788858334.931,41.354,0.044,-3.399,1.825,81.635,0.046,-3.400,1.825,81.495,0.002,-0.001,-0.000,0.002,3,weighted_average,kalman(weighted_average),false
1788858334.985,41.408,0.051,-3.412,1.826,80.921,0.051,-3.411,1.826,80.916,0.000,0.001,-0.000,0.001,3,weighted_average,kalman(weighted_average),false
1788858335.070,41.493,0.068,-3.431,1.823,79.674,0.065,-3.429,1.824,79.794,-0.002,0.001,0.001,0.003,3,weighted_average,kalman(weighted_average),false
1788858335.121,41.545,0.074,-3.440,1.828,79.245,0.073,-3.440,1.826,79.213,-0.000,-0.000,-0.001,0.001,3,weighted_average,kalman(weighted_average),false
1788858335.175,41.598,0.092,-3.453,1.820,78.185,0.088,-3.452,1.823,78.360,-0.004,0.001,0.002,0.005,3,weighted_average,kalman(weighted_average),false
1788858335.227,41.651,0.098,-3.459,1.823,77.781,0.098,-3.461,1.823,77.725,0.000,-0.002,-0.001,0.002,3,weighted_average,kalman(weighted_average),false
1788858335.276,41.699,0.105,-3.472,1.825,77.150,0.106,-3.472,1.824,77.125,0.001,0.001,-0.001,0.002,3,weighted_average,kalman(weighted_average),false
1788858335.367,41.791,0.124,-3.488,1.825,76.111,0.124,-3.489,1.825,76.055,-0.000,-0.001,-0.000,0.001,3,weighted_average,kalman(weighted_average),false
1788858335.417,41.841,0.130,-3.498,1.821,75.603,0.131,-3.498,1.822,75.539,0.001,-0.000,0.002,0.002,3,weighted_average,kalman(weighted_average),false
1788858335.464,41.888,0.140,-3.507,1.826,75.083,0.140,-3.507,1.824,75.045,-0.000,0.000,-0.002,0.002,3,weighted_average,kalman(weighted_average),false
1788858335.517,41.940,0.158,-3.523,1.818,74.084,0.154,-3.521,1.821,74.262,-0.004,0.002,0.002,0.005,3,weighted_average,kalman(weighted_average),false
1788858335.565,41.989,0.164,-3.533,1.816,73.536,0.164,-3.532,1.818,73.594,0.000,0.001,0.001,0.001,3,weighted_average,kalman(weighted_average),false
1788858335.654,42.077,0.179,-3.550,1.821,72.649,0.180,-3.551,1.819,72.577,0.001,-0.000,-0.002,0.002,3,weighted_average,kalman(weighted_average),false
1788858335.706,42.129,0.178,-3.553,1.819,72.530,0.182,-3.556,1.819,72.282,0.004,-0.003,0.000,0.005,3,weighted_average,kalman(weighted_average),false
1788858335.770,42.193,0.195,-3.570,1.818,71.583,0.193,-3.569,1.819,71.617,-0.002,0.001,0.000,0.002,3,weighted_average,kalman(weighted_average),false
1788858335.812,42.235,0.198,-3.577,1.822,71.277,0.199,-3.577,1.820,71.236,0.001,0.000,-0.001,0.002,3,weighted_average,kalman(weighted_average),false
1788858335.868,42.292,0.203,-3.587,1.822,70.778,0.205,-3.587,1.822,70.735,0.002,0.000,-0.000,0.002,3,weighted_average,kalman(weighted_average),false
1788858335.956,42.380,0.222,-3.613,1.823,69.521,0.220,-3.610,1.823,69.659,-0.002,0.002,-0.000,0.003,3,weighted_average,kalman(weighted_average),false
1788858336.009,42.432,0.232,-3.624,1.823,68.856,0.231,-3.624,1.823,68.946,-0.001,0.000,0.001,0.001,3,weighted_average,kalman(weighted_average),false
1788858336.056,42.480,0.239,-3.635,1.826,68.366,0.239,-3.635,1.825,68.372,-0.000,-0.000,-0.001,0.001,3,weighted_average,kalman(weighted_average),false
1788858336.106,42.530,0.250,-3.649,1.828,67.607,0.249,-3.648,1.827,67.685,-0.001,0.001,-0.001,0.001,3,weighted_average,kalman(weighted_average),false
1788858336.157,42.580,0.253,-3.655,1.829,67.324,0.255,-3.657,1.829,67.189,0.002,-0.003,0.000,0.004,3,weighted_average,kalman(weighted_average),false
1788858336.248,42.671,0.268,-3.674,1.826,66.220,0.268,-3.674,1.827,66.188,0.000,-0.001,0.002,0.002,3,weighted_average,kalman(weighted_average),false
1788858336.297,42.720,0.275,-3.685,1.828,65.543,0.275,-3.685,1.828,65.584,0.000,0.000,-0.001,0.001,3,weighted_average,kalman(weighted_average),false
1788858336.349,42.773,0.283,-3.696,1.830,65.013,0.283,-3.696,1.829,64.996,0.000,0.000,-0.001,0.001,3,weighted_average,kalman(weighted_average),false
1788858336.399,42.823,0.288,-3.704,1.827,64.461,0.289,-3.705,1.828,64.444,0.001,-0.001,0.001,0.002,3,weighted_average,kalman(weighted_average),false
1788858336.453,42.877,0.290,-3.709,1.832,64.189,0.292,-3.712,1.830,64.021,0.002,-0.002,-0.002,0.004,3,weighted_average,kalman(weighted_average),false
1788858336.542,42.965,0.304,-3.728,1.833,63.008,0.304,-3.728,1.833,63.052,-0.001,0.001,-0.000,0.001,3,weighted_average,kalman(weighted_average),false
1788858336.594,43.017,0.307,-3.730,1.830,62.768,0.308,-3.732,1.831,62.656,0.001,-0.002,0.002,0.003,3,weighted_average,kalman(weighted_average),false
1788858336.646,43.070,0.318,-3.745,1.835,61.868,0.316,-3.743,1.834,61.997,-0.002,0.002,-0.001,0.003,3,weighted_average,kalman(weighted_average),false
1788858336.696,43.119,0.320,-3.746,1.830,61.631,0.321,-3.748,1.832,61.556,0.001,-0.002,0.002,0.003,3,weighted_average,kalman(weighted_average),false
1788858336.745,43.168,0.328,-3.756,1.834,60.940,0.328,-3.755,1.833,61.000,-0.000,0.000,-0.001,0.001,3,weighted_average,kalman(weighted_average),false
1788858336.832,43.256,0.337,-3.766,1.836,60.194,0.337,-3.766,1.836,60.154,0.000,-0.001,-0.000,0.001,3,weighted_average,kalman(weighted_average),false
1788858336.882,43.306,0.345,-3.771,1.831,59.546,0.344,-3.771,1.833,59.594,-0.001,-0.001,0.002,0.002,3,weighted_average,kalman(weighted_average),false
1788858336.935,43.359,0.350,-3.776,1.834,59.110,0.350,-3.777,1.834,59.078,0.000,-0.000,-0.001,0.001,3,weighted_average,kalman(weighted_average),false
1788858336.981,43.404,0.358,-3.781,1.829,58.431,0.357,-3.781,1.831,58.522,-0.001,-0.000,0.002,0.002,3,weighted_average,kalman(weighted_average),false
1788858337.034,43.457,0.368,-3.790,1.833,57.629,0.367,-3.789,1.832,57.783,-0.001,0.001,-0.001,0.002,3,weighted_average,kalman(weighted_average),false
1788858337.117,43.540,0.376,-3.796,1.831,56.873,0.377,-3.797,1.831,56.841,0.001,-0.001,0.000,0.001,3,weighted_average,kalman(weighted_average),false
1788858337.166,43.589,0.380,-3.797,1.832,56.556,0.382,-3.799,1.831,56.429,0.001,-0.002,-0.000,0.002,3,weighted_average,kalman(weighted_average),false
1788858337.224,43.647,0.391,-3.804,1.827,55.695,0.390,-3.803,1.829,55.752,-0.001,0.000,0.002,0.002,3,weighted_average,kalman(weighted_average),false
1788858337.280,43.703,0.395,-3.807,1.828,55.343,0.396,-3.807,1.828,55.252,0.001,-0.000,-0.000,0.001,3,weighted_average,kalman(weighted_average),false
1788858337.319,43.743,0.403,-3.810,1.823,54.653,0.402,-3.810,1.825,54.752,-0.001,0.000,0.002,0.002,3,weighted_average,kalman(weighted_average),false
1788858337.402,43.825,0.417,-3.822,1.827,53.383,0.416,-3.821,1.825,53.566,-0.001,0.002,-0.001,0.003,3,weighted_average,kalman(weighted_average),false
1788858337.455,43.878,0.424,-3.828,1.825,52.875,0.424,-3.828,1.825,52.879,0.000,0.001,-0.000,0.001,3,weighted_average,kalman(weighted_average),false
1788858337.503,43.926,0.431,-3.830,1.823,52.217,0.431,-3.831,1.823,52.234,0.000,-0.002,0.001,0.002,3,weighted_average,kalman(weighted_average),false
1788858337.555,43.978,0.438,-3.836,1.827,51.679,0.439,-3.836,1.825,51.622,0.001,-0.000,-0.002,0.002,3,weighted_average,kalman(weighted_average),false
1788858337.610,44.033,0.446,-3.838,1.824,50.975,0.446,-3.839,1.825,50.950,0.000,-0.001,0.001,0.002,3,weighted_average,kalman(weighted_average),false
1788858337.692,44.115,0.454,-3.844,1.824,50.180,0.455,-3.844,1.824,50.087,0.001,-0.001,0.000,0.001,3,weighted_average,kalman(weighted_average),false
1788858337.745,44.168,0.464,-3.852,1.827,49.299,0.463,-3.851,1.826,49.380,-0.001,0.001,-0.001,0.002,3,weighted_average,kalman(weighted_average),false
1788858337.795,44.218,0.468,-3.850,1.824,49.041,0.469,-3.852,1.825,48.917,0.001,-0.002,0.001,0.002,3,weighted_average,kalman(weighted_average),false
1788858337.846,44.269,0.479,-3.858,1.826,48.138,0.477,-3.857,1.825,48.239,-0.001,0.001,-0.000,0.002,3,weighted_average,kalman(weighted_average),false
1788858337.895,44.319,0.483,-3.856,1.823,47.859,0.483,-3.858,1.824,47.758,0.001,-0.002,0.001,0.002,3,weighted_average,kalman(weighted_average),false
1788858337.983,44.407,0.498,-3.865,1.825,46.594,0.497,-3.864,1.825,46.661,-0.001,0.001,-0.000,0.001,3,weighted_average,kalman(weighted_average),false
1788858338.029,44.453,0.509,-3.872,1.829,45.688,0.507,-3.870,1.828,45.878,-0.002,0.002,-0.001,0.003,3,weighted_average,kalman(weighted_average),false
1788858338.083,44.507,0.512,-3.870,1.826,45.394,0.514,-3.872,1.827,45.278,0.002,-0.002,0.001,0.003,3,weighted_average,kalman(weighted_average),false
1788858338.132,44.555,0.524,-3.877,1.831,44.475,0.523,-3.876,1.830,44.567,-0.001,0.001,-0.001,0.002,3,weighted_average,kalman(weighted_average),false
1788858338.185,44.608,0.529,-3.878,1.829,44.094,0.530,-3.879,1.830,43.984,0.001,-0.001,0.001,0.002,3,weighted_average,kalman(weighted_average),false
1788858338.271,44.695,0.538,-3.880,1.830,43.390,0.539,-3.881,1.830,43.213,0.001,-0.001,0.000,0.002,3,weighted_average,kalman(weighted_average),false
1788858338.326,44.750,0.550,-3.885,1.829,42.505,0.548,-3.884,1.830,42.562,-0.001,0.001,0.000,0.002,3,weighted_average,kalman(weighted_average),false
1788858338.374,44.797,0.560,-3.886,1.828,41.773,0.558,-3.886,1.829,41.901,-0.002,-0.000,0.001,0.002,3,weighted_average,kalman(weighted_average),false
1788858338.421,44.845,0.566,-3.890,1.832,41.261,0.566,-3.889,1.830,41.296,-0.000,0.001,-0.001,0.002,3,weighted_average,kalman(weighted_average),false
1788858338.471,44.895,0.578,-3.891,1.829,40.469,0.576,-3.892,1.830,40.576,-0.001,-0.000,0.001,0.001,3,weighted_average,kalman(weighted_average),false
1788858338.556,44.980,0.589,-3.898,1.833,39.559,0.590,-3.897,1.832,39.527,0.001,0.001,-0.001,0.001,3,weighted_average,kalman(weighted_average),false
1788858338.610,45.034,0.593,-3.894,1.832,39.316,0.595,-3.896,1.832,39.117,0.002,-0.002,0.001,0.003,3,weighted_average,kalman(weighted_average),false
1788858338.659,45.083,0.608,-3.906,1.834,38.170,0.606,-3.903,1.834,38.368,-0.002,0.003,-0.001,0.004,3,weighted_average,kalman(weighted_average),false
1788858338.709,45.133,0.618,-3.902,1.832,37.543,0.616,-3.904,1.833,37.641,-0.002,-0.002,0.001,0.002,3,weighted_average,kalman(weighted_average),false
1788858338.761,45.184,0.632,-3.908,1.832,36.570,0.630,-3.907,1.833,36.762,-0.002,0.001,0.000,0.002,3,weighted_average,kalman(weighted_average),false
1788858338.847,45.270,0.644,-3.911,1.834,35.699,0.646,-3.911,1.834,35.631,0.001,-0.000,-0.000,0.001,3,weighted_average,kalman(weighted_average),false
1788858338.898,45.321,0.657,-3.911,1.835,34.894,0.657,-3.912,1.834,34.912,-0.001,-0.001,-0.000,0.001,3,weighted_average,kalman(weighted_average),false
1788858338.954,45.377,0.664,-3.915,1.838,34.400,0.665,-3.915,1.837,34.283,0.002,0.000,-0.001,0.002,3,weighted_average,kalman(weighted_average),false
1788858338.996,45.420,0.678,-3.917,1.834,33.522,0.676,-3.917,1.836,33.631,-0.002,0.000,0.002,0.003,3,weighted_average,kalman(weighted_average),false
1788858339.046,45.470,0.690,-3.917,1.835,32.736,0.688,-3.918,1.836,32.843,-0.002,-0.001,0.000,0.002,3,weighted_average,kalman(weighted_average),false
1788858339.131,45.555,0.704,-3.921,1.836,31.837,0.705,-3.921,1.836,31.755,0.001,0.000,0.000,0.001,3,weighted_average,kalman(weighted_average),false
1788858339.185,45.609,0.711,-3.923,1.834,31.411,0.712,-3.923,1.835,31.250,0.002,-0.000,0.001,0.002,3,weighted_average,kalman(weighted_average),false
1788858339.234,45.658,0.724,-3.926,1.838,30.580,0.723,-3.925,1.836,30.622,-0.001,0.000,-0.001,0.002,3,weighted_average,kalman(weighted_average),false
1788858339.286,45.709,0.731,-3.925,1.834,30.203,0.731,-3.926,1.835,30.104,0.001,-0.001,0.001,0.001,3,weighted_average,kalman(weighted_average),false
1788858339.336,45.759,0.744,-3.928,1.835,29.398,0.743,-3.928,1.835,29.462,-0.002,-0.000,0.000,0.002,3,weighted_average,kalman(weighted_average),false
1788858339.421,45.845,0.578,-3.907,1.844,30.487,0.628,-3.913,1.841,29.733,0.050,-0.006,-0.002,0.050,18,weighted_average,kalman(weighted_average),false
1788858339.476,45.900,0.692,-3.927,1.830,28.500,0.652,-3.920,1.834,28.949,-0.039,0.007,0.005,0.040,3|18,weighted_average,kalman(weighted_average),false
1788858339.523,45.946,0.599,-3.904,1.830,29.458,0.615,-3.911,1.831,29.058,0.016,-0.006,0.001,0.017,18,weighted_average,kalman(weighted_average),false
1788858339.573,45.997,0.614,-3.920,1.830,28.248,0.605,-3.915,1.830,28.535,-0.010,0.005,-0.000,0.011,18,weighted_average,kalman(weighted_average),false
1788858339.626,46.049,0.615,-3.905,1.837,28.432,0.603,-3.908,1.833,28.322,-0.012,-0.004,-0.004,0.013,18,weighted_average,kalman(weighted_average),false
1788858339.717,46.141,0.634,-3.911,1.839,27.237,0.621,-3.909,1.838,27.439,-0.012,0.002,-0.001,0.013,18,weighted_average,kalman(weighted_average),false
1788858339.766,46.190,0.754,-3.946,1.817,24.901,0.709,-3.933,1.825,25.821,-0.045,0.013,0.008,0.048,3|18,weighted_average,kalman(weighted_average),false
1788858339.820,46.243,0.655,-3.924,1.831,25.841,0.692,-3.931,1.827,25.431,0.036,-0.007,-0.004,0.037,18,weighted_average,kalman(weighted_average),false
1788858339.866,46.289,0.675,-3.931,1.810,24.917,0.687,-3.933,1.816,24.870,0.013,-0.002,0.006,0.014,18,weighted_average,kalman(weighted_average),false
1788858339.917,46.340,0.675,-3.926,1.821,24.808,0.683,-3.930,1.817,24.519,0.008,-0.004,-0.004,0.010,18,weighted_average,kalman(weighted_average),false
1788858340.011,46.435,0.695,-3.929,1.815,23.766,0.693,-3.930,1.815,23.677,-0.002,-0.001,-0.001,0.002,18,weighted_average,kalman(weighted_average),false
1788858340.056,46.480,0.708,-3.961,1.823,22.199,0.704,-3.949,1.819,22.663,-0.004,0.011,-0.004,0.013,18,weighted_average,kalman(weighted_average),false
1788858340.106,46.530,0.707,-3.953,1.842,22.187,0.709,-3.955,1.834,22.087,0.002,-0.002,-0.008,0.009,18,weighted_average,kalman(weighted_average),false
1788858340.159,46.582,0.720,-3.968,1.828,21.396,0.719,-3.966,1.833,21.405,-0.002,0.002,0.005,0.006,18,weighted_average,kalman(weighted_average),false
1788858340.210,46.634,0.729,-3.953,1.835,21.286,0.728,-3.962,1.836,21.023,-0.001,-0.009,0.001,0.009,18,weighted_average,kalman(weighted_average),false
1788858340.306,46.729,0.754,-3.948,1.810,20.455,0.752,-3.953,1.817,20.297,-0.003,-0.004,0.008,0.009,18,weighted_average,kalman(weighted_average),false
1788858340.352,46.775,0.757,-3.961,1.830,19.825,0.759,-3.957,1.823,19.856,0.002,0.004,-0.007,0.008,18,weighted_average,kalman(weighted_average),false
1788858340.400,46.824,0.777,-3.977,1.811,18.717,0.774,-3.969,1.815,19.043,-0.003,0.008,0.004,0.009,18,weighted_average,kalman(weighted_average),false
1788858340.454,46.877,0.776,-3.975,1.832,18.540,0.780,-3.975,1.823,18.485,0.004,-0.000,-0.008,0.009,18,weighted_average,kalman(weighted_average),false
1788858340.508,46.932,0.791,-3.967,1.821,18.151,0.791,-3.972,1.822,18.021,-0.000,-0.005,0.002,0.005,18,weighted_average,kalman(weighted_average),false
1788858340.593,47.017,0.816,-3.975,1.815,17.009,0.813,-3.975,1.817,17.065,-0.002,0.000,0.002,0.003,18,weighted_average,kalman(weighted_average),false
1788858340.646,47.069,0.817,-3.995,1.837,16.224,0.820,-3.989,1.829,16.336,0.003,0.006,-0.008,0.010,18,weighted_average,kalman(weighted_average),false
1788858340.695,47.118,0.833,-3.978,1.825,16.096,0.832,-3.985,1.828,15.937,-0.001,-0.007,0.003,0.008,18,weighted_average,kalman(weighted_average),false
1788858340.748,47.171,0.839,-3.990,1.830,15.486,0.840,-3.989,1.830,15.433,0.001,0.001,0.000,0.002,18,weighted_average,kalman(weighted_average),false
1788858340.795,47.219,0.855,-4.018,1.836,14.112,0.853,-4.007,1.834,14.523,-0.002,0.011,-0.002,0.011,18,weighted_average,kalman(weighted_average),false
1788858340.882,47.306,0.979,-4.041,1.828,12.611,0.950,-4.037,1.831,12.891,-0.029,0.005,0.003,0.029,3|18,weighted_average,kalman(weighted_average),false
1788858340.930,47.353,0.883,-4.050,1.826,12.115,0.923,-4.050,1.828,12.111,0.040,-0.000,0.001,0.040,18,weighted_average,kalman(weighted_average),false
1788858340.985,47.408,0.893,-4.029,1.815,12.417,0.910,-4.043,1.819,11.869,0.017,-0.014,0.004,0.022,18,weighted_average,kalman(weighted_average),false
1788858341.033,47.456,0.905,-4.033,1.812,11.741,0.908,-4.038,1.813,11.532,0.002,-0.006,0.001,0.006,18,weighted_average,kalman(weighted_average),false
1788858341.083,47.506,0.911,-4.018,1.815,11.842,0.909,-4.026,1.812,11.444,-0.001,-0.009,-0.003,0.009,18,weighted_average,kalman(weighted_average),false
1788858341.166,47.589,0.924,-4.062,1.846,9.732,0.920,-4.050,1.835,10.153,-0.004,0.012,-0.011,0.017,18,weighted_average,kalman(weighted_average),false
1788858341.218,47.642,0.938,-4.048,1.799,9.755,0.934,-4.052,1.815,9.654,-0.005,-0.004,0.016,0.017,18,weighted_average,kalman(weighted_average),false
1788858341.270,47.693,0.947,-4.082,1.812,8.227,0.945,-4.073,1.812,8.619,-0.002,0.009,-0.001,0.009,18,weighted_average,kalman(weighted_average),false
1788858341.317,47.740,0.952,-4.092,1.816,7.637,0.953,-4.089,1.813,7.786,0.001,0.003,-0.003,0.005,18,weighted_average,kalman(weighted_average),false
1788858341.372,47.796,0.967,-4.086,1.800,7.186,0.966,-4.093,1.804,7.062,-0.002,-0.007,0.005,0.009,18,weighted_average,kalman(weighted_average),false
1788858341.456,47.880,0.968,-4.069,1.829,7.028,0.972,-4.080,1.821,6.593,0.004,-0.011,-0.009,0.015,18,weighted_average,kalman(weighted_average),false
1788858341.513,47.936,0.983,-4.053,1.803,6.775,0.982,-4.061,1.811,6.482,-0.002,-0.008,0.008,0.011,18,weighted_average,kalman(weighted_average),false
1788858341.559,47.982,0.986,-4.073,1.816,5.932,0.987,-4.065,1.813,6.052,0.001,0.009,-0.002,0.009,18,weighted_average,kalman(weighted_average),false
1788858341.610,48.033,0.993,-4.109,1.825,4.319,0.993,-4.090,1.820,4.965,0.000,0.019,-0.004,0.020,18,weighted_average,kalman(weighted_average),false
1788858341.657,48.081,0.997,-4.060,1.820,5.323,0.998,-4.076,1.822,4.857,0.001,-0.016,0.001,0.016,18,weighted_average,kalman(weighted_average),false
1788858341.746,48.170,1.009,-4.113,1.828,2.912,1.009,-4.102,1.827,3.328,-0.000,0.010,-0.001,0.010,18,weighted_average,kalman(weighted_average),false
1788858341.794,48.217,1.032,-4.129,1.759,1.760,1.026,-4.123,1.785,2.156,-0.007,0.006,0.026,0.027,18,weighted_average,kalman(weighted_average),false
1788858341.850,48.273,1.033,-4.081,1.774,2.696,1.035,-4.103,1.771,2.016,0.002,-0.022,-0.003,0.022,18,weighted_average,kalman(weighted_average),false
1788858341.895,48.318,1.041,-4.122,1.778,0.858,1.042,-4.114,1.769,1.162,0.001,0.008,-0.008,0.012,18,weighted_average,kalman(weighted_average),false
1788858341.949,48.373,1.032,-4.121,1.829,0.532,1.040,-4.120,1.801,0.470,0.008,0.001,-0.027,0.028,18,weighted_average,kalman(weighted_average),false
1788858342.034,48.457,1.047,-4.132,1.810,-0.528,1.047,-4.131,1.811,-0.580,-0.000,0.001,0.002,0.002,18,weighted_average,kalman(weighted_average),false
1788858342.085,48.508,1.042,-4.188,1.840,-2.769,1.045,-4.170,1.832,-2.104,0.003,0.018,-0.008,0.020,18,weighted_average,kalman(weighted_average),false
1788858342.132,48.555,1.057,-4.129,1.813,-1.982,1.053,-4.153,1.826,-2.465,-0.004,-0.024,0.013,0.028,18,weighted_average,kalman(weighted_average),false
1788858342.185,48.609,1.061,-4.134,1.800,-2.510,1.060,-4.143,1.812,-2.871,-0.001,-0.010,0.012,0.015,18,weighted_average,kalman(weighted_average),false
1788858342.233,48.657,1.066,-4.149,1.808,-3.698,1.066,-4.146,1.808,-3.583,-0.000,0.003,0.000,0.003,18,weighted_average,kalman(weighted_average),false
1788858342.326,48.750,1.075,-4.170,1.799,-5.401,1.075,-4.164,1.800,-5.193,0.000,0.006,0.001,0.006,18,weighted_average,kalman(weighted_average),false
1788858342.377,48.800,1.070,-4.158,1.843,-5.517,1.074,-4.163,1.826,-5.722,0.004,-0.005,-0.016,0.017,18,weighted_average,kalman(weighted_average),false
1788858342.428,48.852,1.088,-4.144,1.793,-5.887,1.083,-4.153,1.809,-6.137,-0.004,-0.009,0.016,0.019,18,weighted_average,kalman(weighted_average),false
1788858342.479,48.903,1.088,-4.152,1.798,-6.458,1.088,-4.151,1.801,-6.591,0.000,0.000,0.004,0.004,18,weighted_average,kalman(weighted_average),false
1788858342.530,48.953,1.093,-4.108,1.791,-6.023,1.093,-4.125,1.793,-6.556,0.000,-0.016,0.002,0.017,18,weighted_average,kalman(weighted_average),false
1788858342.625,49.048,1.102,-4.202,1.777,-9.065,1.102,-4.177,1.778,-8.436,0.000,0.024,0.001,0.024,18,weighted_average,kalman(weighted_average),false
1788858342.668,49.092,1.106,-4.176,1.785,-9.016,1.106,-4.183,1.780,-9.055,-0.000,-0.007,-0.005,0.009,18,weighted_average,kalman(weighted_average),false
1788858342.721,49.145,1.104,-4.161,1.814,-8.995,1.107,-4.175,1.800,-9.385,0.003,-0.014,-0.015,0.021,18,weighted_average,kalman(weighted_average),false
1788858342.770,49.194,1.102,-4.190,1.843,-10.428,1.105,-4.186,1.828,-10.208,0.003,0.004,-0.015,0.016,18,weighted_average,kalman(weighted_average),false
1788858342.832,49.255,1.102,-4.225,1.843,-11.659,1.103,-4.214,1.845,-11.378,0.001,0.011,0.002,0.011,18,weighted_average,kalman(weighted_average),false
1788858342.920,49.344,1.128,-4.164,1.753,-10.990,1.122,-4.183,1.782,-11.606,-0.006,-0.019,0.029,0.036,18,weighted_average,kalman(weighted_average),false
1788858342.968,49.392,1.121,-4.197,1.803,-12.488,1.124,-4.189,1.787,-12.264,0.003,0.008,-0.015,0.018,18,weighted_average,kalman(weighted_average),false
1788858343.021,49.445,1.127,-4.187,1.788,-12.525,1.128,-4.187,1.783,-12.642,0.001,0.000,-0.005,0.005,18,weighted_average,kalman(weighted_average),false
1788858343.071,49.494,1.125,-4.186,1.845,-13.166,1.128,-4.186,1.817,-13.122,0.003,0.001,-0.028,0.028,18,weighted_average,kalman(weighted_average),false
1788858343.123,49.547,1.118,-4.244,1.851,-14.961,1.123,-4.220,1.842,-14.316,0.005,0.024,-0.009,0.026,18,weighted_average,kalman(weighted_average),false
1788858343.214,49.637,1.125,-4.265,1.806,-16.362,1.124,-4.260,1.823,-16.090,-0.001,0.005,0.017,0.017,18,weighted_average,kalman(weighted_average),false
1788858343.259,49.682,1.126,-4.224,1.820,-15.652,1.126,-4.244,1.819,-16.203,-0.001,-0.020,-0.000,0.020,18,weighted_average,kalman(weighted_average),false
1788858343.313,49.737,1.128,-4.226,1.805,-16.374,1.128,-4.235,1.809,-16.609,-0.001,-0.009,0.004,0.009,18,weighted_average,kalman(weighted_average),false
1788858343.359,49.782,1.122,-4.254,1.825,-17.802,1.125,-4.245,1.816,-17.458,0.003,0.008,-0.010,0.013,18,weighted_average,kalman(weighted_average),false
1788858343.418,49.842,1.133,-4.218,1.779,-17.206,1.129,-4.230,1.792,-17.681,-0.003,-0.012,0.013,0.018,18,weighted_average,kalman(weighted_average),false
1788858343.504,49.927,1.127,-4.229,1.793,-18.632,1.128,-4.227,1.788,-18.577,0.001,0.002,-0.005,0.006,18,weighted_average,kalman(weighted_average),false
1788858343.556,49.979,1.125,-4.206,1.803,-18.426,1.126,-4.212,1.796,-18.712,0.001,-0.006,-0.007,0.009,18,weighted_average,kalman(weighted_average),false
1788858343.607,50.031,1.126,-4.192,1.794,-18.871,1.126,-4.196,1.795,-18.969,-0.000,-0.004,0.001,0.005,18,weighted_average,kalman(weighted_average),false
1788858343.659,50.082,1.122,-4.188,1.810,-19.164,1.123,-4.187,1.805,-19.229,0.001,0.001,-0.006,0.006,18,weighted_average,kalman(weighted_average),false
1788858343.709,50.132,1.120,-4.203,1.808,-20.343,1.120,-4.192,1.808,-19.948,0.001,0.011,0.000,0.011,18,weighted_average,kalman(weighted_average),false
1788858343.800,50.224,1.122,-4.211,1.784,-21.698,1.121,-4.205,1.792,-21.373,-0.001,0.006,0.008,0.010,18,weighted_average,kalman(weighted_average),false
1788858343.853,50.276,1.107,-4.238,1.838,-22.862,1.112,-4.228,1.820,-22.528,0.004,0.010,-0.018,0.021,18,weighted_average,kalman(weighted_average),false
1788858343.901,50.325,1.109,-4.255,1.816,-24.063,1.108,-4.249,1.821,-23.720,-0.000,0.006,0.005,0.008,18,weighted_average,kalman(weighted_average),false
1788858343.954,50.377,1.101,-4.271,1.834,-24.868,1.102,-4.269,1.831,-24.802,0.001,0.002,-0.003,0.004,18,weighted_average,kalman(weighted_average),false
1788858344.003,50.427,1.100,-4.263,1.832,-25.420,1.099,-4.273,1.834,-25.594,-0.001,-0.009,0.003,0.010,18,weighted_average,kalman(weighted_average),false
1788858344.100,50.524,1.104,-4.252,1.821,-25.820,1.101,-4.262,1.827,-26.340,-0.003,-0.010,0.006,0.012,18,weighted_average,kalman(weighted_average),false
1788858344.148,50.572,1.114,-4.226,1.777,-25.418,1.109,-4.238,1.794,-26.040,-0.005,-0.012,0.017,0.021,18,weighted_average,kalman(weighted_average),false
1788858344.197,50.620,1.105,-4.264,1.800,-27.198,1.108,-4.249,1.792,-26.777,0.003,0.015,-0.009,0.017,18,weighted_average,kalman(weighted_average),false
1788858344.251,50.675,1.113,-4.222,1.777,-26.884,1.112,-4.231,1.779,-27.052,-0.001,-0.010,0.001,0.010,18,weighted_average,kalman(weighted_average),false
1788858344.298,50.721,1.369,-4.450,1.849,-29.696,1.112,-4.231,1.779,-28.571,-0.257,0.218,-0.070,0.345,9,weighted_average,kalman(weighted_average),true
1788858344.387,50.810,1.411,-4.418,1.818,-29.774,1.364,-4.389,1.812,-29.836,-0.047,0.029,-0.006,0.055,9,weighted_average,kalman(weighted_average),false
1788858344.434,50.858,1.398,-4.406,1.843,-30.531,1.415,-4.418,1.836,-30.532,0.017,-0.012,-0.007,0.022,9,weighted_average,kalman(weighted_average),false
1788858344.488,50.911,1.398,-4.406,1.855,-30.969,1.434,-4.429,1.854,-31.128,0.036,-0.022,-0.000,0.042,9,weighted_average,kalman(weighted_average),false
1788858344.536,50.959,1.397,-4.405,1.844,-31.420,1.430,-4.425,1.855,-31.589,0.033,-0.020,0.011,0.040,9,weighted_average,kalman(weighted_average),false
1788858344.588,51.011,1.402,-4.403,1.841,-32.144,1.423,-4.418,1.851,-32.179,0.021,-0.015,0.009,0.028,9,weighted_average,kalman(weighted_average),false
1788858344.680,51.104,1.407,-4.407,1.860,-33.352,1.416,-4.412,1.859,-33.324,0.009,-0.005,-0.000,0.010,9,weighted_average,kalman(weighted_average),false
1788858344.726,51.149,1.423,-4.405,1.840,-33.605,1.420,-4.407,1.848,-33.726,-0.003,-0.002,0.009,0.009,9,weighted_average,kalman(weighted_average),false
1788858344.777,51.200,1.405,-4.403,1.853,-34.457,1.411,-4.403,1.850,-34.380,0.007,-0.001,-0.003,0.007,9,weighted_average,kalman(weighted_average),false
1788858344.827,51.250,1.423,-4.401,1.864,-34.669,1.417,-4.400,1.858,-34.810,-0.006,0.000,-0.006,0.009,9,weighted_average,kalman(weighted_average),false
1788858344.884,51.307,1.416,-4.383,1.846,-35.195,1.416,-4.388,1.852,-35.298,0.001,-0.005,0.006,0.008,9,weighted_average,kalman(weighted_average),false
1788858344.975,51.399,1.428,-4.365,1.856,-35.826,1.425,-4.368,1.855,-35.951,-0.003,-0.003,-0.001,0.004,9,weighted_average,kalman(weighted_average),false
1788858345.025,51.449,1.419,-4.369,1.844,-36.217,1.422,-4.365,1.848,-36.276,0.003,0.004,0.004,0.007,9,weighted_average,kalman(weighted_average),false
1788858345.075,51.498,1.412,-4.372,1.854,-36.771,1.417,-4.367,1.851,-36.715,0.004,0.005,-0.003,0.007,9,weighted_average,kalman(weighted_average),false
1788858345.122,51.545,1.420,-4.369,1.832,-36.904,1.418,-4.366,1.839,-36.996,-0.002,0.002,0.008,0.008,9,weighted_average,kalman(weighted_average),false
1788858345.178,51.602,1.427,-4.353,1.821,-37.107,1.423,-4.357,1.826,-37.249,-0.004,-0.004,0.005,0.008,9,weighted_average,kalman(weighted_average),false
1788858345.267,51.690,1.404,-4.352,1.820,-37.876,1.410,-4.351,1.818,-37.849,0.006,0.001,-0.002,0.006,9,weighted_average,kalman(weighted_average),false
1788858345.318,51.741,1.425,-4.325,1.842,-37.534,1.418,-4.332,1.831,-37.811,-0.007,-0.008,-0.010,0.015,9,weighted_average,kalman(weighted_average),false
1788858345.369,51.792,1.407,-4.331,1.852,-37.944,1.411,-4.328,1.845,-37.974,0.005,0.003,-0.007,0.009,9,weighted_average,kalman(weighted_average),false
1788858345.419,51.842,1.403,-4.333,1.829,-37.995,1.405,-4.328,1.838,-38.073,0.002,0.005,0.010,0.011,9,weighted_average,kalman(weighted_average),false
1788858345.471,51.894,1.399,-4.324,1.862,-38.035,1.400,-4.324,1.853,-38.130,0.001,0.000,-0.009,0.009,9,weighted_average,kalman(weighted_average),false
1788858345.559,51.982,1.406,-4.308,1.840,-37.848,1.402,-4.310,1.847,-38.023,-0.004,-0.002,0.007,0.008,9,weighted_average,kalman(weighted_average),false
1788858345.609,52.033,1.403,-4.300,1.876,-37.857,1.403,-4.301,1.865,-37.932,-0.000,-0.001,-0.011,0.011,9,weighted_average,kalman(weighted_average),false
1788858345.656,52.079,1.392,-4.308,1.848,-38.037,1.396,-4.302,1.858,-37.975,0.004,0.006,0.010,0.012,9,weighted_average,kalman(weighted_average),false
1788858345.710,52.133,1.387,-4.290,1.887,-37.953,1.389,-4.293,1.876,-37.962,0.003,-0.003,-0.011,0.012,9,weighted_average,kalman(weighted_average),false
1788858345.759,52.182,1.384,-4.293,1.869,-38.032,1.384,-4.291,1.876,-37.995,0.000,0.003,0.006,0.007,9,weighted_average,kalman(weighted_average),false
1788858345.850,52.273,1.384,-4.284,1.842,-37.985,1.382,-4.283,1.852,-37.993,-0.002,0.000,0.011,0.011,9,weighted_average,kalman(weighted_average),false
1788858345.897,52.321,1.392,-4.271,1.844,-37.824,1.388,-4.274,1.844,-37.899,-0.004,-0.003,-0.000,0.005,9,weighted_average,kalman(weighted_average),false
1788858345.952,52.375,1.384,-4.263,1.854,-37.844,1.386,-4.265,1.847,-37.853,0.002,-0.001,-0.007,0.008,9,weighted_average,kalman(weighted_average),false
1788858346.001,52.424,1.374,-4.262,1.841,-37.965,1.379,-4.260,1.842,-37.895,0.005,0.002,0.001,0.005,9,weighted_average,kalman(weighted_average),false
1788858346.048,52.471,1.384,-4.247,1.821,-37.773,1.380,-4.250,1.828,-37.829,-0.003,-0.003,0.007,0.009,9,weighted_average,kalman(weighted_average),false
1788858346.134,52.557,1.349,-4.264,1.843,-38.338,1.357,-4.256,1.835,-38.129,0.008,0.008,-0.008,0.014,9,weighted_average,kalman(weighted_average),false
1788858346.186,52.609,1.347,-4.258,1.852,-38.297,1.347,-4.258,1.846,-38.267,-0.000,0.000,-0.006,0.006,9,weighted_average,kalman(weighted_average),false
1788858346.242,52.665,1.342,-4.243,1.868,-38.226,1.340,-4.249,1.862,-38.297,-0.002,-0.006,-0.006,0.008,9,weighted_average,kalman(weighted_average),false
1788858346.289,52.712,1.334,-4.241,1.867,-38.297,1.333,-4.243,1.869,-38.331,-0.001,-0.002,0.002,0.003,9,weighted_average,kalman(weighted_average),false
1788858346.346,52.770,1.350,-4.220,1.860,-37.956,1.340,-4.227,1.867,-38.162,-0.010,-0.007,0.007,0.014,9,weighted_average,kalman(weighted_average),false
1788858346.441,52.864,1.346,-4.204,1.868,-37.864,1.344,-4.205,1.870,-37.950,-0.002,-0.001,0.001,0.003,9,weighted_average,kalman(weighted_average),false
1788858346.491,52.915,1.328,-4.208,1.877,-38.113,1.334,-4.203,1.875,-38.010,0.006,0.005,-0.002,0.008,9,weighted_average,kalman(weighted_average),false
1788858346.545,52.968,1.325,-4.214,1.862,-38.230,1.327,-4.207,1.868,-38.118,0.002,0.007,0.006,0.009,9,weighted_average,kalman(weighted_average),false
1788858346.591,53.015,1.317,-4.209,1.871,-38.280,1.319,-4.207,1.869,-38.210,0.002,0.001,-0.002,0.003,9,weighted_average,kalman(weighted_average),false
1788858346.643,53.067,1.325,-4.209,1.859,-38.230,1.320,-4.208,1.863,-38.243,-0.005,0.001,0.004,0.007,9,weighted_average,kalman(weighted_average),false
1788858346.735,53.159,1.330,-4.191,1.840,-37.991,1.326,-4.195,1.844,-38.104,-0.004,-0.004,0.004,0.007,9,weighted_average,kalman(weighted_average),false
1788858346.784,53.208,1.340,-4.177,1.853,-37.778,1.336,-4.182,1.847,-37.904,-0.004,-0.004,-0.006,0.008,9,weighted_average,kalman(weighted_average),false
1788858346.833,53.256,1.327,-4.179,1.873,-37.947,1.332,-4.177,1.861,-37.885,0.005,0.002,-0.012,0.013,9,weighted_average,kalman(weighted_average),false
1788858346.887,53.311,1.304,-4.195,1.872,-38.338,1.316,-4.185,1.870,-38.094,0.011,0.010,-0.002,0.015,9,weighted_average,kalman(weighted_average),false
1788858346.936,53.360,1.311,-4.178,1.889,-38.120,1.311,-4.181,1.883,-38.122,-0.001,-0.003,-0.005,0.006,9,weighted_average,kalman(weighted_average),false
1788858347.023,53.447,1.323,-4.163,1.907,-37.895,1.317,-4.167,1.905,-37.997,-0.006,-0.004,-0.002,0.007,9,weighted_average,kalman(weighted_average),false
1788858347.077,53.500,1.358,-4.140,1.890,-37.343,1.344,-4.147,1.899,-37.604,-0.014,-0.007,0.009,0.018,9,weighted_average,kalman(weighted_average),false
1788858347.121,53.545,1.312,-4.179,1.859,-38.162,1.330,-4.161,1.876,-37.828,0.018,0.017,0.018,0.031,9,weighted_average,kalman(weighted_average),false
1788858347.178,53.601,1.315,-4.164,1.887,-38.001,1.321,-4.162,1.880,-37.906,0.006,0.001,-0.007,0.010,9,weighted_average,kalman(weighted_average),false
1788858347.226,53.650,1.311,-4.160,1.913,-38.033,1.314,-4.161,1.899,-37.976,0.003,-0.001,-0.015,0.015,9,weighted_average,kalman(weighted_average),false
1788858347.317,53.740,1.321,-4.155,1.900,-37.923,1.317,-4.156,1.903,-37.961,-0.004,-0.001,0.003,0.005,9,weighted_average,kalman(weighted_average),false
1788858347.363,53.787,1.327,-4.152,1.888,-37.870,1.323,-4.153,1.895,-37.913,-0.004,-0.001,0.007,0.008,9,weighted_average,kalman(weighted_average),false
1788858347.415,53.838,1.316,-4.167,1.868,-38.124,1.320,-4.161,1.878,-38.020,0.004,0.007,0.009,0.012,9,weighted_average,kalman(weighted_average),false
1788858347.463,53.886,1.312,-4.163,1.913,-38.164,1.315,-4.163,1.895,-38.108,0.003,0.000,-0.017,0.018,9,weighted_average,kalman(weighted_average),false
1788858347.519,53.942,1.311,-4.179,1.892,-38.359,1.312,-4.174,1.894,-38.268,0.001,0.005,0.002,0.006,9,weighted_average,kalman(weighted_average),false
1788858347.611,54.034,1.310,-4.172,1.913,-38.345,1.309,-4.175,1.909,-38.373,-0.001,-0.003,-0.004,0.005,9,weighted_average,kalman(weighted_average),false
1788858347.658,54.081,1.331,-4.160,1.885,-38.035,1.323,-4.166,1.896,-38.210,-0.008,-0.006,0.011,0.015,9,weighted_average,kalman(weighted_average),false
1788858347.710,54.134,1.327,-4.168,1.910,-38.199,1.327,-4.166,1.904,-38.198,0.000,0.002,-0.006,0.006,9,weighted_average,kalman(weighted_average),false
1788858347.758,54.182,1.320,-4.171,1.908,-38.276,1.325,-4.168,1.907,-38.233,0.005,0.002,-0.001,0.005,9,weighted_average,kalman(weighted_average),false
1788858347.814,54.238,1.342,-4.158,1.884,-37.952,1.336,-4.162,1.894,-38.085,-0.006,-0.004,0.010,0.012,9,weighted_average,kalman(weighted_average),false
1788858347.907,54.330,1.336,-4.163,1.889,-38.097,1.339,-4.162,1.889,-38.062,0.003,0.002,-0.001,0.003,9,weighted_average,kalman(weighted_average),false
1788858347.957,54.381,1.338,-4.158,1.887,-38.042,1.339,-4.159,1.886,-38.040,0.001,-0.001,-0.000,0.002,9,weighted_average,kalman(weighted_average),false
1788858348.011,54.435,1.338,-4.155,1.907,-38.037,1.339,-4.156,1.898,-38.026,0.001,-0.001,-0.009,0.009,9,weighted_average,kalman(weighted_average),false
1788858348.058,54.482,1.332,-4.163,1.893,-38.199,1.335,-4.159,1.896,-38.107,0.003,0.004,0.004,0.006,9,weighted_average,kalman(weighted_average),false
1788858348.115,54.539,1.342,-4.150,1.926,-37.987,1.339,-4.154,1.915,-38.050,-0.004,-0.004,-0.011,0.012,9,weighted_average,kalman(weighted_average),false
1788858348.206,54.629,1.347,-4.151,1.919,-38.010,1.345,-4.151,1.922,-38.017,-0.001,0.000,0.003,0.003,9,weighted_average,kalman(weighted_average),false
1788858348.255,54.678,1.342,-4.161,1.896,-38.155,1.344,-4.157,1.907,-38.089,0.002,0.004,0.011,0.012,9,weighted_average,kalman(weighted_average),false
1788858348.310,54.733,1.350,-4.147,1.894,-37.930,1.349,-4.151,1.897,-38.008,-0.002,-0.004,0.003,0.005,9,weighted_average,kalman(weighted_average),false
1788858348.363,54.787,1.343,-4.158,1.884,-38.127,1.346,-4.155,1.886,-38.063,0.003,0.003,0.002,0.005,9,weighted_average,kalman(weighted_average),false
1788858348.410,54.833,1.339,-4.164,1.894,-38.260,1.342,-4.160,1.888,-38.167,0.003,0.003,-0.006,0.008,9,weighted_average,kalman(weighted_average),false
1788858348.500,54.923,1.360,-4.149,1.859,-37.910,1.354,-4.153,1.865,-38.028,-0.006,-0.004,0.005,0.009,9,weighted_average,kalman(weighted_average),false
1788858348.551,54.975,1.354,-4.149,1.882,-37.992,1.356,-4.150,1.872,-37.992,0.002,-0.001,-0.010,0.010,9,weighted_average,kalman(weighted_average),false
1788858348.601,55.024,1.359,-4.142,1.882,-37.895,1.359,-4.144,1.877,-37.924,-0.000,-0.002,-0.005,0.005,9,weighted_average,kalman(weighted_average),false
1788858348.653,55.076,1.354,-4.150,1.891,-38.052,1.357,-4.146,1.886,-37.970,0.004,0.004,-0.005,0.007,9,weighted_average,kalman(weighted_average),false
1788858348.707,55.131,1.353,-4.147,1.913,-38.039,1.355,-4.146,1.905,-38.000,0.002,0.001,-0.009,0.009,9,weighted_average,kalman(weighted_average),false
1788858348.808,55.232,1.357,-4.152,1.875,-38.060,1.356,-4.150,1.886,-38.043,-0.000,0.002,0.011,0.011,9,weighted_average,kalman(weighted_average),false
1788858348.846,55.269,1.343,-4.156,1.888,-38.225,1.348,-4.154,1.885,-38.146,0.005,0.002,-0.002,0.006,9,weighted_average,kalman(weighted_average),false
1788858348.892,55.316,1.344,-4.156,1.878,-38.193,1.345,-4.156,1.879,-38.192,0.000,-0.000,0.001,0.001,9,weighted_average,kalman(weighted_average),false
1788858348.945,55.368,1.357,-4.152,1.894,-38.046,1.351,-4.155,1.886,-38.140,-0.006,-0.003,-0.008,0.011,9,weighted_average,kalman(weighted_average),false
1788858349.000,55.423,1.360,-4.150,1.898,-37.996,1.357,-4.152,1.894,-38.069,-0.003,-0.002,-0.005,0.006,9,weighted_average,kalman(weighted_average),false
1788858349.092,55.516,1.354,-4.162,1.863,-38.167,1.356,-4.159,1.872,-38.123,0.002,0.003,0.009,0.009,9,weighted_average,kalman(weighted_average),false
1788858349.144,55.567,1.336,-4.173,1.888,-38.444,1.343,-4.169,1.880,-38.315,0.007,0.004,-0.008,0.011,9,weighted_average,kalman(weighted_average),false
1788858349.200,55.624,1.365,-4.140,1.884,-37.802,1.355,-4.153,1.882,-38.062,-0.010,-0.013,-0.002,0.016,9,weighted_average,kalman(weighted_average),false
1788858349.249,55.673,1.368,-4.143,1.874,-37.798,1.364,-4.145,1.877,-37.902,-0.004,-0.002,0.003,0.006,9,weighted_average,kalman(weighted_average),false
1788858349.298,55.721,1.350,-4.158,1.890,-38.138,1.358,-4.151,1.884,-37.983,0.008,0.008,-0.006,0.012,9,weighted_average,kalman(weighted_average),false
1788858349.391,55.814,1.348,-4.161,1.873,-38.159,1.350,-4.158,1.877,-38.081,0.003,0.003,0.003,0.005,9,weighted_average,kalman(weighted_average),false
1788858349.447,55.870,1.352,-4.157,1.885,-38.036,1.350,-4.158,1.881,-38.065,-0.002,-0.002,-0.003,0.004,9,weighted_average,kalman(weighted_average),false
1788858349.490,55.914,1.361,-4.161,1.852,-37.998,1.356,-4.161,1.864,-38.034,-0.005,0.001,0.012,0.013,9,weighted_average,kalman(weighted_average),false
1788858349.548,55.972,1.348,-4.172,1.865,-38.200,1.351,-4.168,1.861,-38.122,0.004,0.003,-0.004,0.006,9,weighted_average,kalman(weighted_average),false
1788858349.591,56.015,1.347,-4.167,1.882,-38.141,1.349,-4.169,1.871,-38.143,0.001,-0.002,-0.010,0.011,9,weighted_average,kalman(weighted_average),false
1788858349.685,56.109,1.336,-4.183,1.882,-38.391,1.338,-4.181,1.880,-38.323,0.002,0.002,-0.002,0.003,9,weighted_average,kalman(weighted_average),false
1788858349.738,56.162,1.348,-4.165,1.883,-38.066,1.343,-4.172,1.884,-38.205,-0.005,-0.007,0.000,0.009,9,weighted_average,kalman(weighted_average),false
1788858349.786,56.210,1.342,-4.169,1.886,-38.133,1.342,-4.170,1.886,-38.168,0.000,-0.001,0.001,0.001,9,weighted_average,kalman(weighted_average),false
1788858349.842,56.265,1.340,-4.177,1.876,-38.233,1.341,-4.174,1.882,-38.198,0.001,0.003,0.005,0.006,9,weighted_average,kalman(weighted_average),false
1788858349.888,56.312,1.344,-4.176,1.883,-38.171,1.342,-4.175,1.883,-38.186,-0.002,0.000,-0.001,0.002,9,weighted_average,kalman(weighted_average),false
1788858349.981,56.405,1.340,-4.172,1.911,-38.121,1.340,-4.173,1.904,-38.143,0.000,-0.001,-0.007,0.007,9,weighted_average,kalman(weighted_average),false
1788858350.030,56.454,1.346,-4.170,1.901,-38.012,1.344,-4.171,1.905,-38.062,-0.002,-0.001,0.004,0.005,9,weighted_average,kalman(weighted_average),false
1788858350.084,56.508,1.354,-4.173,1.870,-37.958,1.351,-4.172,1.885,-37.986,-0.003,0.001,0.015,0.016,9,weighted_average,kalman(weighted_average),false
1788858350.134,56.558,1.339,-4.176,1.899,-38.090,1.345,-4.174,1.892,-38.017,0.006,0.002,-0.008,0.010,9,weighted_average,kalman(weighted_average),false
1788858350.185,56.608,1.356,-4.167,1.883,-37.833,1.351,-4.170,1.886,-37.911,-0.004,-0.003,0.003,0.006,9,weighted_average,kalman(weighted_average),false
1788858350.277,56.701,1.351,-4.170,1.891,-37.875,1.352,-4.170,1.888,-37.855,0.001,0.001,-0.002,0.003,9,weighted_average,kalman(weighted_average),false
1788858350.324,56.748,1.351,-4.178,1.888,-37.946,1.352,-4.175,1.888,-37.890,0.001,0.003,0.000,0.003,9,weighted_average,kalman(weighted_average),false
1788858350.379,56.803,1.346,-4.191,1.881,-38.119,1.349,-4.186,1.884,-38.011,0.002,0.005,0.003,0.006,9,weighted_average,kalman(weighted_average),false
1788858350.429,56.852,1.321,-4.198,1.893,-38.405,1.331,-4.195,1.889,-38.236,0.010,0.002,-0.004,0.012,9,weighted_average,kalman(weighted_average),false
1788858350.481,56.905,1.336,-4.196,1.895,-38.289,1.331,-4.199,1.893,-38.314,-0.005,-0.003,-0.002,0.006,9,weighted_average,kalman(weighted_average),false
1788858350.569,56.993,1.353,-4.184,1.889,-37.988,1.345,-4.190,1.891,-38.162,-0.008,-0.007,0.002,0.011,9,weighted_average,kalman(weighted_average),false
1788858350.620,57.043,1.347,-4.185,1.908,-38.059,1.348,-4.186,1.902,-38.096,0.001,-0.001,-0.006,0.006,9,weighted_average,kalman(weighted_average),false
1788858350.674,57.098,1.363,-4.181,1.894,-37.894,1.359,-4.182,1.899,-37.967,-0.004,-0.000,0.005,0.006,9,weighted_average,kalman(weighted_average),false
1788858350.723,57.146,1.346,-4.186,1.890,-38.090,1.354,-4.183,1.894,-38.001,0.008,0.003,0.004,0.009,9,weighted_average,kalman(weighted_average),false
1788858350.775,57.199,1.348,-4.189,1.892,-38.113,1.351,-4.186,1.892,-38.044,0.003,0.003,-0.000,0.004,9,weighted_average,kalman(weighted_average),false
1788858350.864,57.288,1.341,-4.194,1.875,-38.205,1.344,-4.192,1.879,-38.144,0.002,0.002,0.004,0.005,9,weighted_average,kalman(weighted_average),false
1788858350.917,57.341,1.351,-4.191,1.883,-38.111,1.347,-4.193,1.879,-38.139,-0.004,-0.001,-0.004,0.005,9,weighted_average,kalman(weighted_average),false
1788858350.961,57.384,1.342,-4.194,1.905,-38.232,1.344,-4.194,1.893,-38.195,0.002,-0.000,-0.012,0.012,9,weighted_average,kalman(weighted_average),false
1788858351.016,57.439,1.365,-4.187,1.889,-37.970,1.356,-4.190,1.892,-38.093,-0.009,-0.003,0.003,0.010,9,weighted_average,kalman(weighted_average),false
1788858351.065,57.489,1.361,-4.190,1.868,-38.009,1.361,-4.190,1.879,-38.041,-0.000,-0.000,0.011,0.011,9,weighted_average,kalman(weighted_average),false
1788858351.163,57.587,1.350,-4.202,1.891,-38.267,1.355,-4.199,1.886,-38.174,0.005,0.003,-0.005,0.008,9,weighted_average,kalman(weighted_average),false
1788858351.213,57.636,1.362,-4.193,1.859,-38.042,1.359,-4.196,1.869,-38.113,-0.003,-0.003,0.010,0.011,9,weighted_average,kalman(weighted_average),false
1788858351.261,57.684,1.366,-4.192,1.872,-38.028,1.363,-4.194,1.869,-38.069,-0.002,-0.002,-0.003,0.005,9,weighted_average,kalman(weighted_average),false
1788858351.316,57.739,1.345,-4.203,1.883,-38.322,1.353,-4.199,1.876,-38.198,0.008,0.003,-0.007,0.011,9,weighted_average,kalman(weighted_average),false
1788858351.361,57.784,1.352,-4.193,1.889,-38.138,1.351,-4.196,1.884,-38.184,-0.001,-0.004,-0.005,0.006,9,weighted_average,kalman(weighted_average),false
1788858351.452,57.876,1.367,-4.189,1.880,-38.001,1.362,-4.191,1.883,-38.079,-0.005,-0.002,0.003,0.006,9,weighted_average,kalman(weighted_average),false
1788858351.507,57.931,1.356,-4.189,1.899,-38.099,1.359,-4.189,1.894,-38.077,0.003,0.000,-0.005,0.006,9,weighted_average,kalman(weighted_average),false
1788858351.554,57.977,1.354,-4.193,1.874,-38.158,1.356,-4.191,1.884,-38.112,0.003,0.002,0.010,0.010,9,weighted_average,kalman(weighted_average),false
1788858351.607,58.030,1.371,-4.179,1.879,-37.875,1.365,-4.184,1.880,-37.986,-0.006,-0.004,0.001,0.008,9,weighted_average,kalman(weighted_average),false
1788858351.657,58.081,1.362,-4.190,1.882,-38.093,1.364,-4.186,1.880,-38.020,0.003,0.004,-0.002,0.005,9,weighted_average,kalman(weighted_average),false
1788858351.745,58.168,1.363,-4.192,1.858,-38.094,1.364,-4.190,1.863,-38.056,0.001,0.002,0.005,0.006,9,weighted_average,kalman(weighted_average),false
1788858351.798,58.221,1.358,-4.202,1.833,-38.237,1.360,-4.198,1.841,-38.163,0.002,0.003,0.008,0.009,9,weighted_average,kalman(weighted_average),false
1788858351.850,58.273,1.378,-4.191,1.840,-37.962,1.371,-4.196,1.835,-38.072,-0.007,-0.004,-0.005,0.010,9,weighted_average,kalman(weighted_average),false
1788858351.901,58.325,1.364,-4.189,1.858,-38.043,1.368,-4.192,1.845,-38.054,0.004,-0.003,-0.013,0.014,9,weighted_average,kalman(weighted_average),false
1788858351.956,58.380,1.346,-4.200,1.853,-38.315,1.355,-4.196,1.850,-38.189,0.009,0.003,-0.004,0.010,9,weighted_average,kalman(weighted_average),false
1788858352.046,58.470,1.363,-4.188,1.843,-37.996,1.359,-4.191,1.845,-38.088,-0.004,-0.003,0.002,0.006,9,weighted_average,kalman(weighted_average),false
1788858352.097,58.520,1.363,-4.188,1.843,-37.996,1.361,-4.188,1.843,-38.027,-0.001,-0.000,0.000,0.001,9,weighted_average,kalman(weighted_average),false
1788858352.151,58.574,1.366,-4.190,1.858,-37.976,1.365,-4.188,1.852,-37.982,-0.001,0.002,-0.006,0.006,9,weighted_average,kalman(weighted_average),false
1788858352.201,58.624,1.341,-4.206,1.853,-38.377,1.351,-4.199,1.854,-38.174,0.010,0.007,0.001,0.013,9,weighted_average,kalman(weighted_average),false
1788858352.252,58.676,1.352,-4.194,1.872,-38.116,1.350,-4.198,1.866,-38.165,-0.002,-0.004,-0.006,0.008,9,weighted_average,kalman(weighted_average),false
1788858352.347,58.770,1.339,-4.199,1.887,-38.246,1.340,-4.199,1.885,-38.234,0.001,-0.000,-0.002,0.002,9,weighted_average,kalman(weighted_average),false
1788858352.393,58.817,1.337,-4.201,1.865,-38.220,1.336,-4.201,1.875,-38.239,-0.001,0.000,0.010,0.010,9,weighted_average,kalman(weighted_average),false
1788858352.452,58.876,1.361,-4.185,1.860,-37.832,1.350,-4.191,1.866,-38.019,-0.010,-0.006,0.006,0.013,9,weighted_average,kalman(weighted_average),false
1788858352.496,58.919,1.358,-4.189,1.858,-37.881,1.356,-4.188,1.860,-37.921,-0.002,0.001,0.002,0.003,9,weighted_average,kalman(weighted_average),false
1788858352.549,58.973,1.347,-4.194,1.866,-38.029,1.353,-4.190,1.861,-37.938,0.006,0.004,-0.004,0.008,9,weighted_average,kalman(weighted_average),false
1788858352.639,59.062,1.331,-4.205,1.859,-38.274,1.337,-4.201,1.859,-38.128,0.006,0.004,-0.000,0.007,9,weighted_average,kalman(weighted_average),false
1788858352.689,59.113,1.337,-4.197,1.865,-38.148,1.335,-4.200,1.862,-38.161,-0.002,-0.003,-0.003,0.005,9,weighted_average,kalman(weighted_average),false
1788858352.746,59.169,1.344,-4.195,1.860,-38.081,1.338,-4.198,1.861,-38.138,-0.005,-0.002,0.001,0.006,9,weighted_average,kalman(weighted_average),false
1788858352.790,59.213,1.331,-4.198,1.870,-38.236,1.334,-4.198,1.866,-38.196,0.003,-0.000,-0.004,0.005,9,weighted_average,kalman(weighted_average),false
1788858352.843,59.266,1.341,-4.196,1.831,-38.095,1.337,-4.197,1.846,-38.160,-0.004,-0.001,0.015,0.015,9,weighted_average,kalman(weighted_average),false
1788858352.932,59.356,1.341,-4.188,1.863,-38.031,1.340,-4.190,1.855,-38.082,-0.001,-0.002,-0.008,0.008,9,weighted_average,kalman(weighted_average),false
1788858352.984,59.407,1.342,-4.189,1.854,-38.018,1.342,-4.188,1.855,-38.035,-0.000,0.001,0.001,0.001,9,weighted_average,kalman(weighted_average),false
1788858353.039,59.462,1.337,-4.189,1.853,-38.067,1.339,-4.188,1.854,-38.037,0.002,0.001,0.001,0.003,9,weighted_average,kalman(weighted_average),false
1788858353.084,59.508,1.346,-4.177,1.860,-37.845,1.343,-4.181,1.858,-37.930,-0.003,-0.004,-0.002,0.005,9,weighted_average,kalman(weighted_average),false
1788858353.132,59.556,1.336,-4.183,1.850,-38.005,1.340,-4.180,1.854,-37.944,0.004,0.002,0.004,0.006,9,weighted_average,kalman(weighted_average),false
1788858353.224,59.647,1.310,-4.190,1.873,-38.351,1.317,-4.187,1.868,-38.188,0.007,0.004,-0.005,0.010,9,weighted_average,kalman(weighted_average),false
1788858353.281,59.704,1.342,-4.180,1.860,-37.972,1.331,-4.183,1.865,-38.095,-0.012,-0.003,0.005,0.013,9,weighted_average,kalman(weighted_average),false
1788858353.330,59.753,1.324,-4.187,1.869,-38.218,1.327,-4.185,1.868,-38.168,0.003,0.002,-0.001,0.004,9,weighted_average,kalman(weighted_average),false
1788858353.388,59.811,1.319,-4.187,1.872,-38.257,1.321,-4.187,1.872,-38.235,0.003,0.001,-0.000,0.003,9,weighted_average,kalman(weighted_average),false
1788858353.427,59.850,1.314,-4.189,1.861,-38.316,1.316,-4.189,1.867,-38.292,0.002,0.001,0.006,0.006,9,weighted_average,kalman(weighted_average),false
1788858353.517,59.940,1.338,-4.169,1.872,-37.849,1.330,-4.175,1.870,-38.045,-0.008,-0.006,-0.002,0.010,9,weighted_average,kalman(weighted_average),false
1788858353.564,59.987,1.328,-4.178,1.875,-38.036,1.330,-4.175,1.874,-38.012,0.002,0.003,-0.001,0.004,9,weighted_average,kalman(weighted_average),false
1788858353.618,60.042,1.312,-4.182,1.896,-38.206,1.320,-4.178,1.889,-38.091,0.008,0.004,-0.007,0.011,9,weighted_average,kalman(weighted_average),false
1788858353.676,60.100,1.314,-4.183,1.866,-38.177,1.315,-4.181,1.878,-38.135,0.001,0.002,0.011,0.012,9,weighted_average,kalman(weighted_average),false
1788858353.719,60.142,1.315,-4.183,1.855,-38.166,1.314,-4.182,1.864,-38.155,-0.001,0.000,0.009,0.009,9,weighted_average,kalman(weighted_average),false
1788858353.806,60.230,1.317,-4.188,1.859,-38.202,1.315,-4.187,1.857,-38.194,-0.002,0.001,-0.002,0.003,9,weighted_average,kalman(weighted_average),false
1788858353.856,60.279,1.323,-4.187,1.853,-38.147,1.320,-4.188,1.853,-38.176,-0.003,-0.001,-0.000,0.003,9,weighted_average,kalman(weighted_average),false
1788858353.911,60.334,1.321,-4.184,1.862,-38.133,1.321,-4.186,1.857,-38.155,0.000,-0.002,-0.005,0.005,9,weighted_average,kalman(weighted_average),false
1788858353.961,60.385,1.332,-4.178,1.861,-37.966,1.329,-4.181,1.859,-38.053,-0.003,-0.003,-0.002,0.005,9,weighted_average,kalman(weighted_average),false
1788858354.010,60.433,1.324,-4.183,1.878,-38.087,1.328,-4.181,1.871,-38.053,0.004,0.001,-0.008,0.009,9,weighted_average,kalman(weighted_average),false
1788858354.103,60.527,1.322,-4.199,1.873,-38.311,1.324,-4.194,1.875,-38.205,0.002,0.005,0.002,0.006,9,weighted_average,kalman(weighted_average),false
1788858354.151,60.574,1.328,-4.188,1.891,-38.115,1.326,-4.192,1.886,-38.172,-0.002,-0.004,-0.005,0.007,9,weighted_average,kalman(weighted_average),false
1788858354.206,60.629,1.335,-4.190,1.866,-38.089,1.332,-4.192,1.876,-38.135,-0.003,-0.001,0.010,0.010,9,weighted_average,kalman(weighted_average),false
1788858354.254,60.678,1.324,-4.194,1.865,-38.202,1.328,-4.193,1.869,-38.169,0.004,0.000,0.004,0.006,9,weighted_average,kalman(weighted_average),false
1788858354.302,60.726,1.341,-4.196,1.842,-38.077,1.336,-4.195,1.852,-38.127,-0.005,0.001,0.010,0.011,9,weighted_average,kalman(weighted_average),false
1788858354.414,60.838,1.347,-4.192,1.873,-38.001,1.346,-4.193,1.865,-38.032,-0.001,-0.001,-0.008,0.008,9,weighted_average,kalman(weighted_average),false
1788858354.468,60.892,1.344,-4.198,1.862,-38.112,1.347,-4.196,1.865,-38.066,0.002,0.002,0.003,0.004,9,weighted_average,kalman(weighted_average),false
1788858354.517,60.940,1.350,-4.194,1.859,-38.018,1.350,-4.195,1.862,-38.035,-0.001,-0.001,0.003,0.003,9,weighted_average,kalman(weighted_average),false
1788858354.565,60.989,1.348,-4.205,1.847,-38.170,1.350,-4.201,1.853,-38.098,0.002,0.004,0.006,0.008,9,weighted_average,kalman(weighted_average),false
1788858354.616,61.039,1.343,-4.210,1.851,-38.277,1.346,-4.207,1.851,-38.196,0.004,0.002,-0.001,0.004,9,weighted_average,kalman(weighted_average),false
1788858354.717,61.141,1.341,-4.216,1.826,-39.043,1.342,-4.216,1.830,-38.802,0.001,0.000,0.004,0.004,9,weighted_average,kalman(weighted_average),false
1788858354.769,61.192,1.340,-4.227,1.856,-39.978,1.340,-4.225,1.844,-39.590,-0.000,0.002,-0.012,0.012,9,weighted_average,kalman(weighted_average),false
1788858354.820,61.243,1.343,-4.219,1.830,-40.184,1.341,-4.224,1.836,-40.110,-0.002,-0.005,0.006,0.008,9,weighted_average,kalman(weighted_average),false
1788858354.873,61.296,1.341,-4.229,1.857,-41.180,1.341,-4.228,1.848,-40.910,-0.000,0.001,-0.010,0.010,9,weighted_average,kalman(weighted_average),false
1788858354.924,61.348,1.331,-4.223,1.849,-41.538,1.335,-4.227,1.850,-41.518,0.004,-0.004,0.001,0.005,9,weighted_average,kalman(weighted_average),false
1788858355.029,61.452,1.308,-4.239,1.912,-43.755,1.313,-4.237,1.900,-43.439,0.004,0.002,-0.011,0.012,9,weighted_average,kalman(weighted_average),false
1788858355.082,61.505,1.296,-4.249,1.879,-44.420,1.298,-4.246,1.893,-44.376,0.002,0.002,0.015,0.015,9,weighted_average,kalman(weighted_average),false
1788858355.128,61.552,1.331,-4.223,1.867,-44.283,1.314,-4.234,1.881,-44.690,-0.017,-0.012,0.013,0.024,9,weighted_average,kalman(weighted_average),false
1788858355.181,61.605,1.308,-4.227,1.878,-45.455,1.310,-4.229,1.879,-45.432,0.002,-0.002,0.001,0.003,9,weighted_average,kalman(weighted_average),false
1788858355.228,61.652,1.291,-4.232,1.909,-46.538,1.298,-4.229,1.896,-46.313,0.008,0.002,-0.013,0.015,9,weighted_average,kalman(weighted_average),false
1788858355.331,61.754,1.310,-4.208,1.877,-46.942,1.304,-4.212,1.884,-47.244,-0.005,-0.004,0.007,0.010,9,weighted_average,kalman(weighted_average),false
1788858355.384,61.807,1.281,-4.222,1.915,-47.805,1.290,-4.216,1.903,-47.810,0.008,0.006,-0.012,0.015,9,weighted_average,kalman(weighted_average),false
1788858355.433,61.857,1.293,-4.188,1.898,-48.573,1.289,-4.198,1.902,-48.470,-0.003,-0.010,0.004,0.011,9,weighted_average,kalman(weighted_average),false
1788858355.486,61.910,1.290,-4.192,1.869,-49.068,1.288,-4.190,1.883,-49.077,-0.001,0.002,0.014,0.014,9,weighted_average,kalman(weighted_average),false
1788858355.533,61.957,1.279,-4.179,1.889,-49.870,1.282,-4.180,1.884,-49.751,0.003,-0.001,-0.005,0.006,9,weighted_average,kalman(weighted_average),false
1788858355.643,62.066,1.268,-4.161,1.903,-50.936,1.269,-4.161,1.898,-50.989,0.001,0.000,-0.005,0.005,9,weighted_average,kalman(weighted_average),false
1788858355.698,62.122,1.269,-4.155,1.882,-51.198,1.267,-4.153,1.889,-51.366,-0.002,0.001,0.007,0.007,9,weighted_average,kalman(weighted_average),false
1788858355.749,62.172,1.262,-4.147,1.878,-51.949,1.262,-4.147,1.882,-51.908,0.001,0.001,0.004,0.004,9,weighted_average,kalman(weighted_average),false
1788858355.799,62.223,1.261,-4.128,1.895,-52.158,1.260,-4.132,1.888,-52.278,-0.001,-0.004,-0.007,0.008,9,weighted_average,kalman(weighted_average),false
1788858355.905,62.328,1.241,-4.107,1.859,-53.415,1.243,-4.108,1.866,-53.362,0.002,-0.001,0.006,0.007,9,weighted_average,kalman(weighted_average),false
1788858355.957,62.380,1.225,-4.108,1.894,-53.927,1.229,-4.104,1.881,-53.908,0.003,0.004,-0.013,0.014,9,weighted_average,kalman(weighted_average),false
1788858356.008,62.431,1.225,-4.084,1.889,-54.200,1.222,-4.089,1.886,-54.302,-0.003,-0.004,-0.002,0.005,9,weighted_average,kalman(weighted_average),false
1788858356.053,62.477,1.210,-4.081,1.892,-54.835,1.212,-4.080,1.891,-54.781,0.002,0.001,-0.001,0.002,9,weighted_average,kalman(weighted_average),false
1788858356.105,62.529,1.197,-4.087,1.903,-55.335,1.199,-4.079,1.900,-55.311,0.002,0.007,-0.004,0.008,9,weighted_average,kalman(weighted_average),false
1788858356.214,62.637,1.174,-4.083,1.915,-56.061,1.174,-4.080,1.914,-56.156,0.000,0.003,-0.000,0.003,9,weighted_average,kalman(weighted_average),false
1788858356.258,62.681,1.143,-4.091,1.893,-56.901,1.150,-4.087,1.903,-56.739,0.007,0.004,0.010,0.013,9,weighted_average,kalman(weighted_average),false
1788858356.315,62.738,1.133,-4.088,1.924,-57.279,1.132,-4.089,1.916,-57.287,-0.001,-0.001,-0.008,0.008,9,weighted_average,kalman(weighted_average),false
1788858356.360,62.783,1.132,-4.188,1.799,-57.796,1.126,-4.148,1.849,-57.764,-0.006,0.040,0.049,0.064,10,weighted_average,kalman(weighted_average),false
1788858356.416,62.840,1.125,-4.168,1.807,-57.923,1.120,-4.173,1.811,-58.111,-0.005,-0.004,0.005,0.008,10,weighted_average,kalman(weighted_average),false
1788858356.521,62.944,1.078,-4.179,1.829,-59.352,1.083,-4.188,1.813,-59.245,0.005,-0.009,-0.017,0.020,10,weighted_average,kalman(weighted_average),false
1788858356.569,62.993,1.057,-4.180,1.814,-60.102,1.060,-4.186,1.813,-59.953,0.003,-0.006,-0.001,0.007,10,weighted_average,kalman(weighted_average),false
1788858356.623,63.047,1.044,-4.179,1.846,-60.481,1.042,-4.183,1.834,-60.527,-0.002,-0.004,-0.013,0.014,10,weighted_average,kalman(weighted_average),false
1788858356.677,63.100,1.054,-4.146,1.812,-60.317,1.042,-4.160,1.824,-60.686,-0.012,-0.015,0.011,0.022,10,weighted_average,kalman(weighted_average),false
1788858356.785,63.208,1.006,-4.164,1.796,-62.121,1.009,-4.159,1.802,-61.964,0.003,0.005,0.005,0.008,10,weighted_average,kalman(weighted_average),false
1788858356.835,63.258,0.995,-4.148,1.821,-62.328,0.995,-4.151,1.811,-62.402,-0.000,-0.003,-0.010,0.010,10,weighted_average,kalman(weighted_average),false
1788858356.883,63.306,0.979,-4.139,1.797,-63.022,0.979,-4.142,1.802,-62.960,0.001,-0.003,0.005,0.006,10,weighted_average,kalman(weighted_average),false
1788858356.934,63.357,0.968,-4.140,1.808,-63.453,0.966,-4.138,1.804,-63.476,-0.001,0.002,-0.004,0.005,10,weighted_average,kalman(weighted_average),false
1788858357.042,63.465,0.947,-4.116,1.810,-64.609,0.944,-4.118,1.808,-64.609,-0.002,-0.002,-0.002,0.004,10,weighted_average,kalman(weighted_average),false
1788858357.093,63.517,0.933,-4.115,1.831,-65.026,0.934,-4.113,1.824,-65.075,0.000,0.002,-0.007,0.007,10,weighted_average,kalman(weighted_average),false
1788858357.149,63.573,0.892,-4.127,1.837,-66.040,0.903,-4.119,1.836,-65.866,0.010,0.008,-0.001,0.013,10,weighted_average,kalman(weighted_average),false
1788858357.197,63.620,0.882,-4.115,1.814,-66.289,0.883,-4.117,1.826,-66.349,0.001,-0.001,0.012,0.012,10,weighted_average,kalman(weighted_average),false
1788858357.307,63.730,0.834,-4.111,1.836,-67.675,0.835,-4.111,1.835,-67.646,0.001,-0.000,-0.001,0.002,10,weighted_average,kalman(weighted_average),false
1788858357.356,63.780,0.817,-4.117,1.830,-68.153,0.816,-4.114,1.833,-68.182,-0.001,0.003,0.003,0.004,10,weighted_average,kalman(weighted_average),false
1788858357.404,63.827,0.803,-4.084,1.880,-68.434,0.800,-4.096,1.862,-68.564,-0.003,-0.012,-0.018,0.021,10,weighted_average,kalman(weighted_average),false
1788858357.457,63.880,0.805,-4.076,1.845,-68.537,0.795,-4.080,1.857,-68.800,-0.009,-0.004,0.012,0.016,10,weighted_average,kalman(weighted_average),false
1788858357.564,63.988,0.776,-4.078,1.825,-69.595,0.774,-4.073,1.834,-69.617,-0.001,0.004,0.009,0.010,10,weighted_average,kalman(weighted_average),false
1788858357.618,64.042,0.748,-4.059,1.839,-70.202,0.753,-4.062,1.834,-70.136,0.005,-0.003,-0.005,0.008,10,weighted_average,kalman(weighted_average),false
1788858357.671,64.094,0.732,-4.086,1.851,-70.886,0.734,-4.075,1.843,-70.752,0.002,0.011,-0.008,0.014,10,weighted_average,kalman(weighted_average),false
1788858357.722,64.145,0.724,-4.049,1.857,-71.012,0.722,-4.060,1.852,-71.119,-0.003,-0.011,-0.005,0.012,10,weighted_average,kalman(weighted_average),false
1788858357.830,64.253,0.681,-4.051,1.857,-72.131,0.683,-4.050,1.858,-72.112,0.002,0.001,0.001,0.002,10,weighted_average,kalman(weighted_average),false
1788858357.887,64.310,0.668,-4.054,1.839,-72.706,0.666,-4.051,1.846,-72.678,-0.002,0.003,0.007,0.008,10,weighted_average,kalman(weighted_average),false
1788858357.940,64.363,0.664,-4.049,1.848,-72.952,0.659,-4.049,1.846,-73.050,-0.005,-0.000,-0.002,0.006,10,weighted_average,kalman(weighted_average),false
1788858357.990,64.413,0.640,-4.050,1.839,-73.696,0.643,-4.049,1.841,-73.594,0.003,0.001,0.002,0.003,10,weighted_average,kalman(weighted_average),false
1788858358.096,64.520,0.614,-4.034,1.864,-74.576,0.614,-4.037,1.857,-74.580,-0.000,-0.003,-0.006,0.007,10,weighted_average,kalman(weighted_average),false
1788858358.150,64.573,0.607,-4.011,1.837,-74.962,0.605,-4.018,1.846,-75.007,-0.002,-0.006,0.009,0.011,10,weighted_average,kalman(weighted_average),false
1788858358.199,64.622,0.590,-4.032,1.827,-75.634,0.591,-4.022,1.833,-75.545,0.001,0.010,0.007,0.012,10,weighted_average,kalman(weighted_average),false
1788858358.255,64.678,0.591,-4.030,1.756,-76.113,0.586,-4.026,1.782,-76.100,-0.005,0.005,0.026,0.027,10,weighted_average,kalman(weighted_average),false
1788858358.361,64.784,0.456,-4.099,1.859,-78.717,0.478,-4.084,1.833,-78.254,0.022,0.015,-0.026,0.038,11,weighted_average,kalman(weighted_average),false
1788858358.411,64.834,0.432,-4.081,1.862,-79.440,0.432,-4.090,1.858,-79.311,-0.000,-0.009,-0.004,0.010,11,weighted_average,kalman(weighted_average),false
1788858358.464,64.887,0.425,-4.077,1.864,-79.791,0.410,-4.088,1.871,-80.021,-0.015,-0.011,0.006,0.020,11,weighted_average,kalman(weighted_average),false
1788858358.518,64.941,0.427,-4.072,1.850,-80.275,0.406,-4.081,1.865,-80.567,-0.020,-0.010,0.015,0.027,11,weighted_average,kalman(weighted_average),false
1788858358.624,65.047,0.387,-4.054,1.858,-81.461,0.383,-4.060,1.862,-81.642,-0.005,-0.006,0.004,0.009,11,weighted_average,kalman(weighted_average),false
1788858358.674,65.097,0.387,-4.050,1.856,-81.938,0.381,-4.050,1.858,-82.046,-0.005,-0.001,0.002,0.006,11,weighted_average,kalman(weighted_average),false
1788858358.726,65.150,0.369,-4.040,1.854,-82.328,0.370,-4.040,1.855,-82.438,0.002,-0.000,0.000,0.002,11,weighted_average,kalman(weighted_average),false
1788858358.780,65.203,0.340,-4.032,1.870,-83.178,0.348,-4.031,1.863,-83.064,0.008,0.001,-0.007,0.011,11,weighted_average,kalman(weighted_average),false
1788858358.886,65.310,0.321,-4.025,1.873,-84.127,0.320,-4.023,1.872,-84.130,-0.001,0.003,-0.001,0.003,11,weighted_average,kalman(weighted_average),false
1788858358.936,65.360,0.309,-4.015,1.869,-84.414,0.308,-4.016,1.871,-84.502,-0.001,-0.001,0.002,0.002,11,weighted_average,kalman(weighted_average),false
1788858358.985,65.409,0.254,-3.590,1.828,-84.116,0.308,-4.016,1.871,-84.494,0.054,-0.426,0.043,0.432,0,weighted_average,kalman(weighted_average),true
1788858359.036,65.460,0.252,-3.587,1.813,-84.273,0.308,-4.016,1.871,-84.516,0.056,-0.429,0.058,0.436,0,weighted_average,kalman(weighted_average),true
1788858359.086,65.509,0.231,-3.576,1.821,-84.832,0.241,-3.631,1.827,-84.773,0.010,-0.055,0.006,0.056,0,weighted_average,kalman(weighted_average),false
1788858359.192,65.616,0.221,-3.559,1.821,-85.331,0.217,-3.526,1.817,-85.302,-0.004,0.033,-0.004,0.034,0,weighted_average,kalman(weighted_average),false
1788858359.247,65.670,0.212,-3.554,1.815,-85.607,0.209,-3.525,1.814,-85.591,-0.003,0.029,-0.002,0.030,0,weighted_average,kalman(weighted_average),false
1788858359.294,65.718,0.198,-3.547,1.817,-85.878,0.198,-3.527,1.814,-85.856,0.001,0.019,-0.003,0.020,0,weighted_average,kalman(weighted_average),false
1788858359.344,65.768,0.181,-3.535,1.810,-86.273,0.184,-3.526,1.810,-86.199,0.003,0.010,0.001,0.010,0,weighted_average,kalman(weighted_average),false
1788858359.451,65.875,0.173,-3.519,1.818,-86.555,0.170,-3.516,1.815,-86.632,-0.003,0.003,-0.003,0.005,0,weighted_average,kalman(weighted_average),false
1788858359.497,65.921,0.164,-3.516,1.815,-86.690,0.164,-3.514,1.815,-86.752,-0.000,0.001,0.001,0.002,0,weighted_average,kalman(weighted_average),false
1788858359.549,65.972,0.137,-3.510,1.818,-87.139,0.145,-3.510,1.817,-87.054,0.008,-0.000,-0.000,0.008,0,weighted_average,kalman(weighted_average),false
1788858359.608,66.031,0.143,-3.500,1.805,-87.075,0.138,-3.502,1.810,-87.185,-0.005,-0.002,0.005,0.007,0,weighted_average,kalman(weighted_average),false
1788858359.712,66.136,0.121,-3.484,1.818,-87.239,0.120,-3.486,1.815,-87.334,-0.000,-0.001,-0.002,0.003,0,weighted_average,kalman(weighted_average),false
1788858359.764,66.188,0.112,-3.472,1.808,-87.264,0.111,-3.474,1.811,-87.334,-0.000,-0.002,0.003,0.003,0,weighted_average,kalman(weighted_average),false
1788858359.814,66.238,0.116,-3.466,1.814,-87.112,0.111,-3.466,1.813,-87.240,-0.005,0.001,-0.002,0.005,0,weighted_average,kalman(weighted_average),false
1788858359.872,66.295,0.117,-3.466,1.811,-87.057,0.113,-3.462,1.812,-87.143,-0.004,0.004,0.001,0.006,0,weighted_average,kalman(weighted_average),false
1788858359.975,66.398,0.096,-3.448,1.818,-87.118,0.099,-3.449,1.817,-87.107,0.003,-0.000,-0.001,0.003,0,weighted_average,kalman(weighted_average),false
1788858360.037,66.460,0.079,-3.445,1.802,-87.297,0.083,-3.444,1.807,-87.217,0.003,0.001,0.005,0.006,0,weighted_average,kalman(weighted_average),false
1788858360.080,66.503,0.079,-3.443,1.811,-87.228,0.077,-3.442,1.808,-87.234,-0.002,0.002,-0.002,0.003,0,weighted_average,kalman(weighted_average),false
1788858360.129,66.552,0.054,-3.439,1.829,-87.475,0.060,-3.438,1.820,-87.371,0.006,0.000,-0.009,0.011,0,weighted_average,kalman(weighted_average),false
1788858360.181,66.604,0.072,-3.425,1.811,-87.216,0.062,-3.429,1.817,-87.322,-0.010,-0.004,0.005,0.012,0,weighted_average,kalman(weighted_average),false
1788858360.287,66.711,0.060,-3.421,1.824,-87.254,0.058,-3.420,1.823,-87.290,-0.002,0.001,-0.001,0.003,0,weighted_average,kalman(weighted_average),false
1788858360.339,66.762,0.047,-3.411,1.816,-87.351,0.050,-3.413,1.819,-87.324,0.003,-0.001,0.003,0.005,0,weighted_average,kalman(weighted_average),false
1788858360.402,66.825,0.046,-3.409,1.802,-87.354,0.045,-3.408,1.807,-87.346,-0.001,0.001,0.006,0.006,0,weighted_average,kalman(weighted_average),false
1788858360.467,66.891,0.027,-3.405,1.807,-87.551,0.031,-3.404,1.805,-87.476,0.004,0.001,-0.002,0.005,0,weighted_average,kalman(weighted_average),false
1788858360.565,66.989,0.029,-3.393,1.809,-87.394,0.026,-3.394,1.807,-87.449,-0.003,-0.001,-0.002,0.004,0,weighted_average,kalman(weighted_average),false
1788858360.618,67.042,0.027,-3.391,1.802,-87.384,0.025,-3.390,1.804,-87.414,-0.001,0.001,0.002,0.002,0,weighted_average,kalman(weighted_average),false
1788858360.667,67.091,0.028,-3.382,1.814,-87.322,0.026,-3.383,1.810,-87.360,-0.002,-0.001,-0.004,0.005,0,weighted_average,kalman(weighted_average),false
1788858360.720,67.143,0.017,-3.386,1.815,-87.481,0.021,-3.383,1.814,-87.414,0.003,0.003,-0.001,0.005,0,weighted_average,kalman(weighted_average),false
1788858360.769,67.192,0.017,-3.375,1.814,-87.433,0.017,-3.377,1.815,-87.425,0.000,-0.002,0.001,0.002,0,weighted_average,kalman(weighted_average),false
1788858360.870,67.293,0.032,-3.369,1.814,-87.188,0.027,-3.369,1.815,-87.268,-0.005,0.000,0.001,0.005,0,weighted_average,kalman(weighted_average),false
1788858360.919,67.343,0.001,-3.361,1.814,-87.594,0.011,-3.362,1.814,-87.436,0.011,-0.001,0.001,0.011,0,weighted_average,kalman(weighted_average),false
1788858360.962,67.385,0.019,-3.363,1.809,-87.322,0.014,-3.361,1.811,-87.387,-0.005,0.002,0.002,0.006,0,weighted_average,kalman(weighted_average),false
1788858361.014,67.437,0.014,-3.374,1.789,-87.353,0.014,-3.367,1.798,-87.369,-0.001,0.007,0.008,0.011,0,weighted_average,kalman(weighted_average),false
1788858361.065,67.489,0.013,-3.365,1.815,-87.337,0.012,-3.366,1.805,-87.349,-0.000,-0.001,-0.010,0.010,0,weighted_average,kalman(weighted_average),false
1788858361.152,67.576,0.028,-3.367,1.809,-87.127,0.024,-3.367,1.808,-87.201,-0.005,0.000,-0.001,0.005,0,weighted_average,kalman(weighted_average),false
1788858361.212,67.635,0.012,-3.362,1.815,-87.329,0.017,-3.364,1.813,-87.251,0.005,-0.002,-0.002,0.006,0,weighted_average,kalman(weighted_average),false
1788858361.257,67.680,0.003,-3.363,1.815,-87.473,0.008,-3.363,1.815,-87.362,0.006,0.000,0.000,0.006,0,weighted_average,kalman(weighted_average),false
1788858361.315,67.738,0.003,-3.363,1.810,-87.467,0.003,-3.363,1.813,-87.435,0.000,0.000,0.003,0.003,0,weighted_average,kalman(weighted_average),false
1788858361.357,67.780,0.004,-3.360,1.824,-87.455,0.002,-3.361,1.819,-87.463,-0.002,-0.001,-0.004,0.005,0,weighted_average,kalman(weighted_average),false
1788858361.450,67.873,0.005,-3.362,1.823,-87.484,0.003,-3.361,1.824,-87.502,-0.002,0.001,0.000,0.002,0,weighted_average,kalman(weighted_average),false
1788858361.509,67.932,0.012,-3.363,1.822,-87.386,0.009,-3.362,1.823,-87.445,-0.003,0.001,0.002,0.003,0,weighted_average,kalman(weighted_average),false
1788858361.555,67.979,0.010,-3.357,1.826,-87.402,0.011,-3.359,1.825,-87.420,0.000,-0.002,-0.001,0.002,0,weighted_average,kalman(weighted_average),false
1788858361.597,68.021,0.011,-3.363,1.824,-87.440,0.012,-3.361,1.825,-87.425,0.001,0.002,0.001,0.003,0,weighted_average,kalman(weighted_average),false
1788858361.656,68.080,0.011,-3.363,1.830,-87.431,0.012,-3.363,1.828,-87.425,0.001,0.001,-0.001,0.002,0,weighted_average,kalman(weighted_average),false
1788858361.747,68.171,0.011,-3.370,1.823,-87.468,0.012,-3.369,1.825,-87.451,0.001,0.001,0.002,0.003,0,weighted_average,kalman(weighted_average),false
1788858361.807,68.231,0.012,-3.377,1.818,-87.492,0.012,-3.375,1.820,-87.479,0.000,0.002,0.002,0.002,0,weighted_average,kalman(weighted_average),false
1788858361.855,68.279,0.016,-3.370,1.825,-87.416,0.014,-3.374,1.822,-87.451,-0.001,-0.003,-0.003,0.005,0,weighted_average,kalman(weighted_average),false
1788858361.905,68.328,0.016,-3.373,1.826,-87.426,0.016,-3.374,1.824,-87.438,-0.000,-0.001,-0.002,0.002,0,weighted_average,kalman(weighted_average),false
1788858361.951,68.374,0.009,-3.375,1.826,-87.547,0.013,-3.375,1.825,-87.490,0.003,-0.000,-0.001,0.003,0,weighted_average,kalman(weighted_average),false
1788858362.050,68.474,0.019,-3.380,1.824,-87.432,0.018,-3.380,1.825,-87.461,-0.002,0.001,0.001,0.002,0,weighted_average,kalman(weighted_average),false
1788858362.100,68.524,0.019,-3.375,1.827,-87.436,0.019,-3.378,1.826,-87.444,0.000,-0.002,-0.001,0.002,0,weighted_average,kalman(weighted_average),false
1788858362.148,68.572,0.019,-3.375,1.827,-87.436,0.020,-3.376,1.826,-87.436,0.001,-0.001,-0.000,0.001,0,weighted_average,kalman(weighted_average),false
1788858362.191,68.615,0.029,-3.365,1.825,-87.334,0.026,-3.369,1.826,-87.381,-0.003,-0.005,0.001,0.006,0,weighted_average,kalman(weighted_average),false
1788858362.243,68.667,0.013,-3.372,1.834,-87.576,0.019,-3.369,1.831,-87.467,0.007,0.002,-0.003,0.008,0,weighted_average,kalman(weighted_average),false
1788858362.330,68.754,0.011,-3.373,1.829,-87.584,0.013,-3.371,1.830,-87.550,0.002,0.002,0.001,0.003,0,weighted_average,kalman(weighted_average),false
1788858362.391,68.814,0.025,-3.380,1.842,-87.398,0.020,-3.377,1.839,-87.475,-0.005,0.003,-0.004,0.007,0,weighted_average,kalman(weighted_average),false
1788858362.435,68.859,0.019,-3.379,1.840,-87.526,0.020,-3.380,1.841,-87.499,0.001,-0.000,0.001,0.001,0,weighted_average,kalman(weighted_average),false
1788858362.490,68.914,0.016,-3.373,1.826,-87.557,0.018,-3.377,1.833,-87.533,0.002,-0.004,0.007,0.008,0,weighted_average,kalman(weighted_average),false
1788858362.536,68.959,0.020,-3.379,1.828,-87.553,0.019,-3.378,1.829,-87.549,-0.001,0.001,0.001,0.002,0,weighted_average,kalman(weighted_average),false
1788858362.629,69.052,0.024,-3.376,1.830,-87.512,0.023,-3.376,1.829,-87.535,-0.001,-0.001,-0.001,0.002,0,weighted_average,kalman(weighted_average),false
1788858362.685,69.108,0.021,-3.379,1.834,-87.575,0.022,-3.378,1.832,-87.559,0.001,0.001,-0.002,0.002,0,weighted_average,kalman(weighted_average),false
1788858362.728,69.151,0.022,-3.374,1.832,-87.573,0.022,-3.376,1.832,-87.570,0.000,-0.002,0.000,0.002,0,weighted_average,kalman(weighted_average),false
1788858362.780,69.203,0.030,-3.382,1.837,-87.438,0.027,-3.379,1.835,-87.506,-0.003,0.003,-0.002,0.004,0,weighted_average,kalman(weighted_average),false
1788858362.830,69.254,0.033,-3.381,1.830,-87.403,0.032,-3.381,1.833,-87.445,-0.001,0.000,0.003,0.003,0,weighted_average,kalman(weighted_average),false
1788858362.924,69.348,0.032,-3.378,1.832,-87.463,0.033,-3.379,1.832,-87.436,0.001,-0.001,0.000,0.002,0,weighted_average,kalman(weighted_average),false
1788858362.971,69.394,0.031,-3.382,1.829,-87.473,0.032,-3.381,1.830,-87.452,0.001,0.001,0.001,0.002,0,weighted_average,kalman(weighted_average),false
1788858363.021,69.444,0.031,-3.375,1.825,-87.497,0.031,-3.377,1.827,-87.474,0.001,-0.002,0.001,0.003,0,weighted_average,kalman(weighted_average),false
1788858363.069,69.493,0.035,-3.376,1.826,-87.444,0.033,-3.376,1.826,-87.461,-0.002,-0.000,-0.001,0.002,0,weighted_average,kalman(weighted_average),false
1788858363.126,69.550,0.035,-3.376,1.826,-87.444,0.035,-3.375,1.825,-87.451,-0.000,0.001,-0.001,0.001,0,weighted_average,kalman(weighted_average),false
1788858363.219,69.643,0.041,-3.391,1.834,-87.386,0.040,-3.387,1.831,-87.405,-0.001,0.004,-0.002,0.005,0,weighted_average,kalman(weighted_average),false
1788858363.270,69.694,0.044,-3.388,1.834,-87.363,0.044,-3.389,1.834,-87.374,-0.000,-0.001,-0.000,0.001,0,weighted_average,kalman(weighted_average),false
1788858363.320,69.743,0.047,-3.383,1.825,-87.339,0.046,-3.387,1.829,-87.345,-0.000,-0.004,0.004,0.006,0,weighted_average,kalman(weighted_average),false
1788858363.373,69.796,0.051,-3.386,1.830,-87.307,0.050,-3.387,1.830,-87.312,-0.001,-0.001,-0.000,0.001,0,weighted_average,kalman(weighted_average),false
1788858363.420,69.843,0.052,-3.393,1.833,-87.325,0.052,-3.390,1.832,-87.306,0.001,0.002,-0.002,0.003,0,weighted_average,kalman(weighted_average),false
1788858363.522,69.946,0.048,-3.386,1.825,-87.352,0.050,-3.387,1.827,-87.324,0.002,-0.002,0.002,0.003,0,weighted_average,kalman(weighted_average),false
1788858363.567,69.991,0.052,-3.379,1.828,-87.352,0.051,-3.382,1.827,-87.340,-0.001,-0.003,-0.001,0.003,0,weighted_average,kalman(weighted_average),false
1788858363.625,70.049,0.049,-3.381,1.829,-87.376,0.050,-3.380,1.828,-87.364,0.001,0.001,-0.001,0.002,0,weighted_average,kalman(weighted_average),false
1788858363.682,70.106,0.043,-3.376,1.821,-87.466,0.045,-3.376,1.824,-87.427,0.002,-0.001,0.002,0.003,0,weighted_average,kalman(weighted_average),false
1788858363.722,70.145,0.040,-3.377,1.827,-87.527,0.041,-3.376,1.825,-87.489,0.002,0.001,-0.002,0.003,0,weighted_average,kalman(weighted_average),false
1788858363.817,70.241,0.046,-3.377,1.833,-87.448,0.043,-3.376,1.830,-87.490,-0.003,0.001,-0.002,0.004,0,weighted_average,kalman(weighted_average),false
1788858363.867,70.290,0.046,-3.373,1.836,-87.442,0.045,-3.374,1.834,-87.469,-0.001,-0.001,-0.001,0.001,0,weighted_average,kalman(weighted_average),false
1788858363.917,70.341,0.045,-3.379,1.826,-87.456,0.046,-3.377,1.830,-87.462,0.000,0.002,0.004,0.005,0,weighted_average,kalman(weighted_average),false
1788858363.970,70.393,0.044,-3.372,1.839,-87.450,0.045,-3.374,1.835,-87.455,0.001,-0.002,-0.003,0.004,0,weighted_average,kalman(weighted_average),false
1788858364.022,70.446,0.056,-3.374,1.827,-87.302,0.052,-3.374,1.831,-87.372,-0.005,0.000,0.004,0.006,0,weighted_average,kalman(weighted_average),false
1788858364.124,70.548,0.050,-3.376,1.829,-87.383,0.052,-3.375,1.829,-87.360,0.002,0.001,0.000,0.002,0,weighted_average,kalman(weighted_average),false
1788858364.181,70.604,0.043,-3.371,1.819,-87.427,0.046,-3.372,1.822,-87.395,0.003,-0.002,0.003,0.004,0,weighted_average,kalman(weighted_average),false
1788858364.223,70.646,0.038,-3.369,1.823,-87.470,0.040,-3.370,1.822,-87.436,0.003,-0.001,-0.002,0.003,0,weighted_average,kalman(weighted_average),false
1788858364.273,70.697,0.029,-3.369,1.833,-87.610,0.032,-3.369,1.828,-87.536,0.003,0.000,-0.006,0.006,0,weighted_average,kalman(weighted_average),false
1788858364.322,70.745,0.037,-3.367,1.833,-87.541,0.032,-3.367,1.831,-87.561,-0.005,-0.000,-0.002,0.005,0,weighted_average,kalman(weighted_average),false
1788858364.423,70.847,0.038,-3.365,1.835,-87.506,0.035,-3.365,1.835,-87.550,-0.003,0.000,0.000,0.003,0,weighted_average,kalman(weighted_average),false
1788858364.479,70.903,0.046,-3.367,1.830,-87.388,0.043,-3.366,1.832,-87.455,-0.003,0.001,0.002,0.004,0,weighted_average,kalman(weighted_average),false
1788858364.529,70.953,0.047,-3.366,1.828,-87.366,0.047,-3.366,1.830,-87.393,-0.000,0.000,0.001,0.002,0,weighted_average,kalman(weighted_average),false
1788858364.584,71.008,0.052,-3.362,1.827,-87.280,0.052,-3.364,1.827,-87.311,-0.000,-0.001,0.000,0.002,0,weighted_average,kalman(weighted_average),false
1788858364.625,71.048,0.053,-3.362,1.824,-87.268,0.054,-3.363,1.825,-87.267,0.001,-0.000,0.001,0.001,0,weighted_average,kalman(weighted_average),false
1788858364.717,71.141,0.030,-3.360,1.827,-87.549,0.038,-3.360,1.826,-87.414,0.008,-0.000,-0.002,0.008,0,weighted_average,kalman(weighted_average),false
1788858364.775,71.198,0.041,-3.360,1.828,-87.420,0.038,-3.359,1.827,-87.433,-0.003,0.000,-0.001,0.003,0,weighted_average,kalman(weighted_average),false
1788858364.824,71.248,0.039,-3.356,1.829,-87.425,0.037,-3.357,1.829,-87.441,-0.002,-0.001,-0.000,0.002,0,weighted_average,kalman(weighted_average),false
1788858364.875,71.298,0.040,-3.362,1.818,-87.419,0.038,-3.359,1.823,-87.438,-0.002,0.003,0.004,0.005,0,weighted_average,kalman(weighted_average),false
1788858364.925,71.349,0.033,-3.356,1.827,-87.499,0.035,-3.357,1.824,-87.476,0.002,-0.001,-0.002,0.003,0,weighted_average,kalman(weighted_average),false
1788858365.031,71.454,0.056,-3.358,1.829,-87.180,0.051,-3.357,1.828,-87.284,-0.005,0.000,-0.001,0.005,0,weighted_average,kalman(weighted_average),false
1788858365.095,71.519,0.048,-3.357,1.832,-87.264,0.051,-3.357,1.832,-87.243,0.003,-0.000,-0.001,0.003,0,weighted_average,kalman(weighted_average),false
1788858365.140,71.564,0.051,-3.357,1.848,-87.293,0.053,-3.357,1.843,-87.251,0.001,0.000,-0.006,0.006,0,weighted_average,kalman(weighted_average),false
1788858365.187,71.611,0.052,-3.355,1.851,-87.303,0.053,-3.356,1.850,-87.264,0.001,-0.001,-0.001,0.002,0,weighted_average,kalman(weighted_average),false
1788858365.238,71.662,0.046,-3.356,1.848,-87.346,0.050,-3.356,1.852,-87.299,0.003,0.001,0.004,0.005,0,weighted_average,kalman(weighted_average),false
1788858365.336,71.760,0.047,-3.357,1.847,-87.344,0.047,-3.356,1.850,-87.330,0.000,0.000,0.003,0.003,0,weighted_average,kalman(weighted_average),false
1788858365.393,71.816,0.046,-3.354,1.848,-87.349,0.046,-3.355,1.849,-87.347,-0.000,-0.001,0.001,0.001,0,weighted_average,kalman(weighted_average),false
1788858365.440,71.864,0.048,-3.352,1.843,-87.325,0.047,-3.353,1.845,-87.340,-0.001,-0.001,0.002,0.002,0,weighted_average,kalman(weighted_average),false
1788858365.501,71.924,0.047,-3.352,1.844,-87.326,0.047,-3.352,1.843,-87.336,-0.000,0.000,-0.000,0.001,0,weighted_average,kalman(weighted_average),false
1788858365.593,72.017,0.049,-3.351,1.848,-87.316,0.048,-3.351,1.846,-87.324,-0.000,0.000,-0.002,0.002,0,weighted_average,kalman(weighted_average),false
1788858365.646,72.069,0.045,-3.353,1.842,-87.364,0.046,-3.352,1.844,-87.346,0.001,0.001,0.002,0.003,0,weighted_average,kalman(weighted_average),false
1788858365.701,72.125,0.046,-3.352,1.843,-87.349,0.046,-3.352,1.843,-87.350,-0.000,0.000,0.000,0.000,0,weighted_average,kalman(weighted_average),false
1788858365.757,72.180,0.047,-3.353,1.845,-87.336,0.046,-3.353,1.844,-87.345,-0.000,0.000,-0.001,0.001,0,weighted_average,kalman(weighted_average),false
1788858365.853,72.277,0.053,-3.357,1.841,-87.248,0.052,-3.356,1.842,-87.280,-0.002,0.001,0.001,0.002,0,weighted_average,kalman(weighted_average),false
1788858365.909,72.332,0.046,-3.351,1.846,-87.354,0.049,-3.353,1.844,-87.315,0.003,-0.002,-0.002,0.004,0,weighted_average,kalman(weighted_average),false
1788858365.958,72.381,0.051,-3.355,1.848,-87.280,0.050,-3.354,1.847,-87.295,-0.001,0.001,-0.001,0.002,0,weighted_average,kalman(weighted_average),false
1788858366.031,72.454,0.046,-3.353,1.847,-87.352,0.048,-3.354,1.848,-87.325,0.002,-0.001,0.000,0.002,0,weighted_average,kalman(weighted_average),false
1788858366.127,72.551,0.044,-3.351,1.857,-87.384,0.044,-3.351,1.855,-87.370,0.000,-0.001,-0.001,0.002,0,weighted_average,kalman(weighted_average),false
1788858366.179,72.602,0.045,-3.352,1.848,-87.366,0.044,-3.351,1.851,-87.375,-0.001,0.001,0.004,0.004,0,weighted_average,kalman(weighted_average),false
1788858366.227,72.651,0.040,-3.353,1.850,-87.447,0.041,-3.352,1.851,-87.420,0.001,0.001,0.001,0.002,0,weighted_average,kalman(weighted_average),false
1788858366.287,72.710,0.045,-3.353,1.838,-87.319,0.043,-3.353,1.843,-87.376,-0.002,0.000,0.004,0.005,0,weighted_average,kalman(weighted_average),false
1788858366.334,72.758,0.046,-3.351,1.844,-87.325,0.045,-3.352,1.842,-87.349,-0.001,-0.001,-0.002,0.002,0,weighted_average,kalman(weighted_average),false
1788858366.433,72.856,0.036,-3.350,1.843,-87.409,0.039,-3.350,1.842,-87.383,0.002,-0.000,-0.001,0.003,0,weighted_average,kalman(weighted_average),false
1788858366.485,72.909,0.034,-3.351,1.846,-87.517,0.034,-3.350,1.844,-87.466,0.001,0.000,-0.002,0.002,0,weighted_average,kalman(weighted_average),false
1788858366.525,72.948,0.033,-3.351,1.850,-87.519,0.032,-3.350,1.848,-87.507,-0.000,0.000,-0.002,0.002,0,weighted_average,kalman(weighted_average),false
1788858366.581,73.005,0.033,-3.351,1.850,-87.519,0.031,-3.351,1.850,-87.534,-0.001,0.000,0.000,0.001,0,weighted_average,kalman(weighted_average),false
1788858366.629,73.053,0.035,-3.353,1.846,-87.464,0.033,-3.352,1.849,-87.514,-0.002,0.001,0.002,0.003,0,weighted_average,kalman(weighted_average),false
1788858366.727,73.150,0.041,-3.351,1.848,-87.379,0.039,-3.351,1.848,-87.433,-0.002,-0.001,0.000,0.002,0,weighted_average,kalman(weighted_average),false
1788858366.777,73.201,0.039,-3.353,1.847,-87.391,0.040,-3.353,1.847,-87.399,0.001,0.001,0.000,0.001,0,weighted_average,kalman(weighted_average),false
1788858366.827,73.250,0.037,-3.358,1.843,-87.453,0.039,-3.356,1.844,-87.416,0.002,0.002,0.002,0.003,0,weighted_average,kalman(weighted_average),false
1788858366.883,73.306,0.036,-3.353,1.849,-87.479,0.037,-3.355,1.846,-87.445,0.001,-0.002,-0.002,0.003,0,weighted_average,kalman(weighted_average),false
1788858366.988,73.412,0.043,-3.349,1.848,-87.349,0.042,-3.350,1.847,-87.379,-0.001,-0.001,-0.000,0.002,0,weighted_average,kalman(weighted_average),false
1788858367.036,73.460,0.046,-3.349,1.853,-87.329,0.045,-3.349,1.851,-87.341,-0.001,0.000,-0.002,0.002,0,weighted_average,kalman(weighted_average),false
1788858367.091,73.514,0.046,-3.347,1.856,-87.341,0.047,-3.347,1.855,-87.328,0.001,-0.000,-0.001,0.001,0,weighted_average,kalman(weighted_average),false
1788858367.138,73.562,0.036,-3.350,1.866,-87.471,0.041,-3.348,1.863,-87.394,0.005,0.002,-0.003,0.007,0,weighted_average,kalman(weighted_average),false
1788858367.190,73.614,0.035,-3.352,1.853,-87.474,0.037,-3.350,1.859,-87.440,0.002,0.002,0.006,0.006,0,weighted_average,kalman(weighted_average),false
1788858367.289,73.713,0.034,-3.348,1.847,-87.460,0.033,-3.349,1.851,-87.467,-0.000,-0.001,0.003,0.003,0,weighted_average,kalman(weighted_average),false
1788858367.339,73.762,0.043,-3.350,1.851,-87.344,0.039,-3.350,1.850,-87.403,-0.004,0.001,-0.001,0.004,0,weighted_average,kalman(weighted_average),false
1788858367.389,73.812,0.044,-3.346,1.852,-87.370,0.043,-3.348,1.850,-87.379,-0.001,-0.001,-0.002,0.003,0,weighted_average,kalman(weighted_average),false
1788858367.441,73.864,0.043,-3.349,1.856,-87.361,0.044,-3.348,1.853,-87.362,0.001,0.001,-0.003,0.003,0,weighted_average,kalman(weighted_average),false
1788858367.492,73.916,0.043,-3.350,1.851,-87.356,0.044,-3.349,1.852,-87.350,0.001,0.001,0.001,0.002,0,weighted_average,kalman(weighted_average),false
1788858367.592,74.015,0.040,-3.349,1.853,-87.398,0.042,-3.349,1.853,-87.373,0.001,-0.000,-0.000,0.001,0,weighted_average,kalman(weighted_average),false
1788858367.646,74.069,0.044,-3.350,1.845,-87.380,0.043,-3.350,1.848,-87.379,-0.001,0.000,0.003,0.003,0,weighted_average,kalman(weighted_average),false
1788858367.696,74.120,0.042,-3.349,1.848,-87.384,0.042,-3.350,1.847,-87.384,0.000,-0.000,-0.001,0.001,0,weighted_average,kalman(weighted_average),false
1788858367.745,74.169,0.044,-3.347,1.854,-87.365,0.043,-3.348,1.850,-87.376,-0.001,-0.001,-0.003,0.003,0,weighted_average,kalman(weighted_average),false
1788858367.802,74.225,0.043,-3.349,1.848,-87.370,0.043,-3.348,1.849,-87.373,0.000,0.001,0.001,0.001,0,weighted_average,kalman(weighted_average),false
1788858367.900,74.323,0.041,-3.349,1.852,-87.427,0.041,-3.349,1.851,-87.409,0.001,0.000,-0.001,0.001,0,weighted_average,kalman(weighted_average),false
1788858367.953,74.377,0.043,-3.347,1.851,-87.384,0.042,-3.348,1.851,-87.400,-0.001,-0.001,0.000,0.001,0,weighted_average,kalman(weighted_average),false
1788858368.003,74.426,0.046,-3.348,1.854,-87.342,0.044,-3.348,1.853,-87.370,-0.001,0.000,-0.001,0.002,0,weighted_average,kalman(weighted_average),false
1788858368.049,74.472,0.051,-3.347,1.853,-87.255,0.049,-3.347,1.854,-87.308,-0.003,-0.000,0.001,0.003,0,weighted_average,kalman(weighted_average),false
1788858368.110,74.534,0.049,-3.348,1.853,-87.278,0.050,-3.348,1.854,-87.276,0.001,0.001,0.001,0.001,0,weighted_average,kalman(weighted_average),false
1788858368.206,74.629,0.045,-3.348,1.856,-87.334,0.046,-3.348,1.856,-87.300,0.002,0.000,-0.000,0.002,0,weighted_average,kalman(weighted_average),false
1788858368.252,74.676,0.045,-3.348,1.851,-87.312,0.045,-3.348,1.853,-87.306,0.000,-0.000,0.002,0.002,0,weighted_average,kalman(weighted_average),false
1788858368.311,74.734,0.051,-3.354,1.839,-87.258,0.048,-3.352,1.844,-87.280,-0.002,0.002,0.004,0.005,0,weighted_average,kalman(weighted_average),false
1788858368.367,74.791,0.049,-3.347,1.847,-87.294,0.049,-3.350,1.844,-87.284,0.000,-0.002,-0.003,0.004,0,weighted_average,kalman(weighted_average),false
1788858368.471,74.895,0.048,-3.347,1.850,-87.334,0.048,-3.348,1.848,-87.317,0.000,-0.000,-0.002,0.002,0,weighted_average,kalman(weighted_average),false
1788858368.527,74.950,0.042,-3.353,1.858,-87.408,0.044,-3.351,1.856,-87.377,0.002,0.002,-0.003,0.004,0,weighted_average,kalman(weighted_average),false
1788858368.579,75.002,0.045,-3.350,1.857,-87.347,0.044,-3.351,1.858,-87.372,-0.001,-0.001,0.001,0.002,0,weighted_average,kalman(weighted_average),false
1788858368.625,75.049,0.050,-3.350,1.851,-87.297,0.047,-3.351,1.855,-87.340,-0.003,-0.000,0.004,0.005,0,weighted_average,kalman(weighted_average),false
1788858368.736,75.160,0.038,-3.355,1.843,-87.467,0.040,-3.354,1.846,-87.430,0.002,0.001,0.003,0.003,0,weighted_average,kalman(weighted_average),false
1788858368.784,75.207,0.041,-3.349,1.843,-87.439,0.040,-3.352,1.843,-87.447,-0.001,-0.002,-0.000,0.002,0,weighted_average,kalman(weighted_average),false
1788858368.835,75.259,0.057,-3.346,1.856,-87.246,0.050,-3.348,1.850,-87.348,-0.007,-0.002,-0.006,0.010,0,weighted_average,kalman(weighted_average),false
1788858368.885,75.309,0.047,-3.345,1.854,-87.369,0.050,-3.345,1.853,-87.351,0.002,-0.000,-0.001,0.003,0,weighted_average,kalman(weighted_average),false
1788858368.939,75.362,0.044,-3.341,1.853,-87.416,0.047,-3.342,1.854,-87.380,0.003,-0.001,0.001,0.003,0,weighted_average,kalman(weighted_average),false
1788858369.045,75.468,0.045,-3.333,1.848,-87.426,0.046,-3.334,1.850,-87.414,0.000,-0.001,0.002,0.002,0,weighted_average,kalman(weighted_average),false
1788858369.100,75.523,0.053,-3.328,1.850,-87.327,0.051,-3.329,1.849,-87.367,-0.003,-0.000,-0.001,0.003,0,weighted_average,kalman(weighted_average),false
1788858369.146,75.570,0.046,-3.324,1.844,-87.408,0.048,-3.324,1.846,-87.385,0.003,-0.000,0.001,0.003,0,weighted_average,kalman(weighted_average),false
1788858369.207,75.630,0.046,-3.322,1.844,-87.411,0.047,-3.321,1.844,-87.400,0.001,0.001,-0.000,0.001,0,weighted_average,kalman(weighted_average),false
1788858369.309,75.733,0.062,-3.307,1.838,-87.201,0.059,-3.308,1.838,-87.263,-0.003,-0.001,0.000,0.004,0,weighted_average,kalman(weighted_average),false
1788858369.361,75.784,0.060,-3.301,1.843,-87.233,0.062,-3.301,1.840,-87.226,0.001,-0.000,-0.002,0.003,0,weighted_average,kalman(weighted_average),false
1788858369.416,75.839,0.068,-3.289,1.836,-87.136,0.067,-3.291,1.837,-87.155,-0.001,-0.002,0.001,0.003,0,weighted_average,kalman(weighted_average),false
1788858369.464,75.888,0.062,-3.289,1.845,-87.222,0.066,-3.287,1.841,-87.168,0.004,0.002,-0.004,0.006,0,weighted_average,kalman(weighted_average),false
1788858369.579,76.002,0.053,-3.262,1.832,-87.373,0.056,-3.264,1.834,-87.299,0.003,-0.002,0.002,0.004,0,weighted_average,kalman(weighted_average),false
1788858369.627,76.050,0.043,-3.258,1.828,-87.540,0.046,-3.256,1.829,-87.458,0.003,0.001,0.001,0.003,0,weighted_average,kalman(weighted_average),false
1788858369.679,76.102,0.055,-3.240,1.843,-87.395,0.049,-3.242,1.836,-87.461,-0.006,-0.003,-0.007,0.009,0,weighted_average,kalman(weighted_average),false
1788858369.727,76.151,0.063,-3.233,1.837,-87.270,0.056,-3.233,1.837,-87.384,-0.006,0.001,0.000,0.006,0,weighted_average,kalman(weighted_average),false
1788858369.831,76.255,0.061,-3.216,1.835,-87.316,0.061,-3.215,1.836,-87.342,-0.000,0.001,0.001,0.002,0,weighted_average,kalman(weighted_average),false
1788858369.887,76.310,0.059,-3.203,1.825,-87.332,0.060,-3.204,1.829,-87.331,0.001,-0.001,0.003,0.004,0,weighted_average,kalman(weighted_average),false
1788858369.940,76.364,0.053,-3.196,1.822,-87.464,0.056,-3.195,1.823,-87.401,0.003,0.001,0.001,0.003,0,weighted_average,kalman(weighted_average),false
1788858369.990,76.413,0.060,-3.182,1.824,-87.359,0.058,-3.184,1.822,-87.387,-0.002,-0.002,-0.002,0.003,0,weighted_average,kalman(weighted_average),false
1788858370.087,76.511,0.060,-3.161,1.815,-87.397,0.059,-3.162,1.815,-87.398,-0.000,-0.001,0.000,0.001,0,weighted_average,kalman(weighted_average),false
1788858370.142,76.566,0.082,-3.143,1.804,-87.071,0.075,-3.145,1.806,-87.205,-0.007,-0.002,0.002,0.008,0,weighted_average,kalman(weighted_average),false
1788858370.192,76.616,0.059,-3.145,1.806,-87.411,0.068,-3.140,1.804,-87.289,0.009,0.005,-0.002,0.010,0,weighted_average,kalman(weighted_average),false
1788858370.243,76.666,0.061,-3.129,1.810,-87.352,0.064,-3.129,1.806,-87.317,0.003,-0.001,-0.004,0.005,0,weighted_average,kalman(weighted_average),false
1788858370.291,76.715,0.066,-3.113,1.803,-87.306,0.065,-3.116,1.803,-87.313,-0.001,-0.003,0.001,0.003,0,weighted_average,kalman(weighted_average),false
1788858370.397,76.820,0.069,-3.102,1.800,-87.247,0.068,-3.099,1.800,-87.267,-0.001,0.002,-0.000,0.003,0,weighted_average,kalman(weighted_average),false
1788858370.449,76.872,0.060,-3.086,1.809,-87.393,0.063,-3.088,1.806,-87.335,0.003,-0.002,-0.004,0.005,0,weighted_average,kalman(weighted_average),false
1788858370.498,76.922,0.061,-3.072,1.797,-87.352,0.061,-3.074,1.801,-87.351,-0.000,-0.002,0.004,0.005,0,weighted_average,kalman(weighted_average),false
1788858370.547,76.970,0.067,-3.065,1.799,-87.288,0.064,-3.064,1.799,-87.325,-0.003,0.001,0.000,0.003,0,weighted_average,kalman(weighted_average),false
1788858370.596,77.019,0.064,-3.050,1.798,-87.322,0.064,-3.051,1.798,-87.323,0.000,-0.002,0.000,0.002,0,weighted_average,kalman(weighted_average),false
1788858370.698,77.122,0.063,-3.023,1.803,-87.315,0.064,-3.024,1.801,-87.318,0.000,-0.001,-0.002,0.002,0,weighted_average,kalman(weighted_average),false
1788858370.753,77.176,0.056,-3.024,1.796,-87.429,0.059,-3.019,1.798,-87.384,0.002,0.005,0.002,0.006,0,weighted_average,kalman(weighted_average),false
1788858370.800,77.224,0.066,-3.000,1.796,-87.285,0.062,-3.004,1.796,-87.339,-0.004,-0.004,0.001,0.006,0,weighted_average,kalman(weighted_average),false
1788858370.852,77.275,0.063,-2.997,1.790,-87.330,0.063,-2.995,1.792,-87.334,-0.000,0.002,0.002,0.003,0,weighted_average,kalman(weighted_average),false
1788858370.901,77.325,0.066,-2.982,1.776,-87.284,0.065,-2.983,1.782,-87.307,-0.001,-0.001,0.005,0.006,0,weighted_average,kalman(weighted_average),false
1788858371.005,77.428,0.064,-2.958,1.787,-87.288,0.064,-2.959,1.783,-87.286,0.001,-0.000,-0.004,0.004,0,weighted_average,kalman(weighted_average),false
1788858371.058,77.482,0.059,-2.950,1.781,-87.325,0.061,-2.949,1.781,-87.305,0.002,0.001,0.001,0.002,0,weighted_average,kalman(weighted_average),false
1788858371.110,77.534,0.064,-2.928,1.792,-87.286,0.062,-2.932,1.788,-87.294,-0.002,-0.004,-0.004,0.006,0,weighted_average,kalman(weighted_average),false
1788858371.159,77.583,0.048,-2.924,1.786,-87.497,0.053,-2.922,1.788,-87.400,0.006,0.002,0.002,0.006,0,weighted_average,kalman(weighted_average),false
1788858371.211,77.634,0.058,-2.911,1.785,-87.305,0.055,-2.911,1.787,-87.367,-0.004,0.000,0.002,0.004,0,weighted_average,kalman(weighted_average),false
1788858371.318,77.741,0.053,-2.892,1.785,-87.402,0.052,-2.890,1.785,-87.399,-0.000,0.001,0.000,0.001,0,weighted_average,kalman(weighted_average),false
1788858371.369,77.793,0.058,-2.870,1.781,-87.279,0.056,-2.874,1.782,-87.333,-0.002,-0.003,0.001,0.004,0,weighted_average,kalman(weighted_average),false
1788858371.417,77.841,0.062,-2.864,1.781,-87.214,0.060,-2.863,1.781,-87.262,-0.002,0.001,-0.000,0.002,0,weighted_average,kalman(weighted_average),false
1788858371.467,77.890,0.048,-2.851,1.791,-87.404,0.054,-2.851,1.787,-87.320,0.006,-0.000,-0.005,0.007,0,weighted_average,kalman(weighted_average),false
1788858371.516,77.940,0.059,-2.840,1.785,-87.233,0.056,-2.840,1.786,-87.274,-0.003,0.001,0.002,0.003,0,weighted_average,kalman(weighted_average),false
1788858371.624,78.047,0.055,-2.818,1.793,-87.229,0.056,-2.817,1.792,-87.231,0.000,0.001,-0.001,0.001,0,weighted_average,kalman(weighted_average),false
1788858371.676,78.100,0.046,-2.802,1.789,-87.387,0.049,-2.803,1.791,-87.317,0.003,-0.001,0.002,0.004,0,weighted_average,kalman(weighted_average),false
1788858371.724,78.148,0.043,-2.798,1.785,-87.419,0.044,-2.796,1.788,-87.381,0.001,0.002,0.003,0.004,0,weighted_average,kalman(weighted_average),false
1788858371.777,78.200,0.046,-2.779,1.789,-87.341,0.044,-2.782,1.788,-87.376,-0.003,-0.002,-0.001,0.004,0,weighted_average,kalman(weighted_average),false
1788858371.878,78.301,0.041,-2.761,1.799,-87.415,0.041,-2.760,1.797,-87.416,-0.000,0.001,-0.002,0.003,0,weighted_average,kalman(weighted_average),false
1788858371.928,78.352,0.050,-2.747,1.795,-87.279,0.046,-2.748,1.797,-87.344,-0.004,-0.001,0.002,0.004,0,weighted_average,kalman(weighted_average),false
1788858371.982,78.406,0.046,-2.736,1.800,-87.310,0.047,-2.736,1.800,-87.319,0.001,0.000,-0.000,0.001,0,weighted_average,kalman(weighted_average),false
1788858372.036,78.459,0.046,-2.720,1.800,-87.291,0.047,-2.721,1.801,-87.296,0.000,-0.001,0.001,0.002,0,weighted_average,kalman(weighted_average),false
1788858372.151,78.574,0.044,-2.702,1.804,-87.333,0.045,-2.700,1.804,-87.311,0.001,0.002,0.000,0.002,0,weighted_average,kalman(weighted_average),false
1788858372.204,78.628,0.040,-2.692,1.806,-87.365,0.041,-2.692,1.806,-87.345,0.001,0.001,-0.000,0.001,0,weighted_average,kalman(weighted_average),false
1788858372.251,78.675,0.044,-2.678,1.811,-87.275,0.042,-2.680,1.809,-87.312,-0.002,-0.002,-0.001,0.003,0,weighted_average,kalman(weighted_average),false
1788858372.300,78.723,0.050,-2.693,1.771,-87.261,0.046,-2.684,1.788,-87.284,-0.003,0.009,0.016,0.019,0,weighted_average,kalman(weighted_average),false
1788858372.409,78.833,-2.338,-3.165,1.352,-116.747,0.046,-2.684,1.788,-108.198,2.384,0.481,0.436,2.471,12,weighted_average,kalman(weighted_average),true
1788858372.464,78.888,-0.018,-3.116,1.826,-88.860,-0.012,-3.074,1.823,-99.493,0.006,0.042,-0.004,0.043,12,weighted_average,kalman(weighted_average),false
1788858372.516,78.939,0.004,-3.094,1.763,-88.557,-0.008,-3.132,1.788,-93.951,-0.012,-0.038,0.024,0.046,12,weighted_average,kalman(weighted_average),false
1788858372.560,78.984,-0.044,-3.100,1.812,-89.189,-0.033,-3.149,1.799,-91.037,0.011,-0.049,-0.013,0.052,12,weighted_average,kalman(weighted_average),false
1788858372.614,79.037,-0.145,-3.118,1.735,-90.428,-0.108,-3.159,1.761,-89.806,0.037,-0.041,0.025,0.061,12,weighted_average,kalman(weighted_average),false
1788858372.719,79.143,0.004,-3.057,1.780,-88.580,-0.037,-3.095,1.769,-87.969,-0.041,-0.038,-0.011,0.057,12,weighted_average,kalman(weighted_average),false
1788858372.772,79.196,0.048,-3.031,1.768,-87.994,0.029,-3.044,1.769,-87.542,-0.019,-0.013,0.001,0.023,12,weighted_average,kalman(weighted_average),false
1788858372.819,79.242,-0.141,-3.071,1.830,-90.444,-0.059,-3.047,1.806,-88.765,0.082,0.023,-0.023,0.088,12,weighted_average,kalman(weighted_average),false
1788858372.875,79.299,0.043,-2.999,1.615,-88.009,-0.001,-3.009,1.694,-88.298,-0.044,-0.010,0.079,0.091,12,weighted_average,kalman(weighted_average),false
1788858372.980,79.404,-0.001,-2.980,1.728,-88.537,0.007,-2.975,1.703,-88.326,0.008,0.005,-0.024,0.026,12,weighted_average,kalman(weighted_average),false
1788858373.032,79.456,0.002,-2.960,1.791,-88.481,0.006,-2.959,1.762,-88.397,0.003,0.001,-0.029,0.029,12,weighted_average,kalman(weighted_average),false
1788858373.080,79.504,0.038,-2.936,1.757,-87.986,0.027,-2.939,1.768,-88.170,-0.012,-0.002,0.011,0.017,12,weighted_average,kalman(weighted_average),false
1788858373.133,79.557,0.030,-2.908,1.823,-88.046,0.033,-2.912,1.809,-88.061,0.003,-0.004,-0.014,0.015,12,weighted_average,kalman(weighted_average),false
1788858373.239,79.663,-2.368,-2.923,1.251,-118.265,0.033,-2.912,1.809,-109.262,2.401,0.011,0.558,2.465,12,weighted_average,kalman(weighted_average),true
1788858373.289,79.713,-0.071,-2.926,1.636,-89.320,-0.060,-2.925,1.654,-100.471,0.011,0.002,0.019,0.022,12,weighted_average,kalman(weighted_average),false
1788858373.341,79.764,0.015,-2.859,1.797,-88.152,-0.021,-2.883,1.730,-94.367,-0.036,-0.024,-0.067,0.080,12,weighted_average,kalman(weighted_average),false
1788858373.390,79.813,-0.026,-2.867,1.823,-88.708,-0.026,-2.868,1.785,-90.841,0.001,-0.001,-0.037,0.037,12,weighted_average,kalman(weighted_average),false
1788858373.443,79.867,-0.033,-2.861,1.718,-88.780,-0.032,-2.858,1.754,-88.751,0.001,0.003,0.036,0.036,12,weighted_average,kalman(weighted_average),false
1788858373.554,79.977,-0.114,-2.876,1.802,-89.934,-0.100,-2.868,1.792,-88.340,0.013,0.009,-0.010,0.019,12,weighted_average,kalman(weighted_average),false
1788858373.603,80.026,-0.176,-2.864,1.848,-90.724,-0.160,-2.866,1.835,-89.516,0.016,-0.003,-0.014,0.021,12,weighted_average,kalman(weighted_average),false
1788858373.657,80.081,-0.010,-2.790,1.784,-88.439,-0.081,-2.818,1.813,-88.922,-0.071,-0.028,0.029,0.081,12,weighted_average,kalman(weighted_average),false
1788858373.712,80.136,-0.029,-2.792,1.785,-88.686,-0.043,-2.793,1.797,-88.699,-0.014,-0.001,0.013,0.019,12,weighted_average,kalman(weighted_average),false
1788858373.820,80.244,-0.021,-2.727,1.845,-88.384,-0.016,-2.731,1.834,-88.354,0.005,-0.004,-0.011,0.013,12,weighted_average,kalman(weighted_average),false
1788858373.874,80.297,-0.001,-2.713,1.732,-88.056,-0.001,-2.709,1.770,-88.102,-0.000,0.004,0.038,0.038,12,weighted_average,kalman(weighted_average),false
1788858373.923,80.346,-0.074,-2.739,1.721,-89.074,-0.042,-2.719,1.732,-88.554,0.033,0.021,0.011,0.040,12,weighted_average,kalman(weighted_average),false
1788858373.974,80.398,-0.038,-2.704,1.675,-88.491,-0.043,-2.706,1.686,-88.536,-0.006,-0.002,0.011,0.013,12,weighted_average,kalman(weighted_average),false
1788858374.029,80.452,-0.036,-2.693,1.730,-88.451,-0.042,-2.693,1.698,-88.499,-0.005,-0.001,-0.032,0.033,12,weighted_average,kalman(weighted_average),false
1788858374.141,80.565,-0.098,-2.693,1.793,-89.349,-0.089,-2.689,1.770,-89.110,0.010,0.005,-0.023,0.025,12,weighted_average,kalman(weighted_average),false
1788858374.191,80.614,-0.035,-2.642,1.788,-88.386,-0.060,-2.657,1.791,-88.763,-0.025,-0.015,0.004,0.029,12,weighted_average,kalman(weighted_average),false
1788858374.241,80.664,-0.262,-2.695,1.915,-91.613,-0.186,-2.675,1.879,-90.346,0.076,0.020,-0.036,0.087,12,weighted_average,kalman(weighted_average),false
1788858374.290,80.713,-0.087,-2.635,1.751,-89.097,-0.148,-2.650,1.822,-89.951,-0.060,-0.016,0.072,0.095,12,weighted_average,kalman(weighted_average),false
1788858374.339,80.763,-0.117,-2.623,1.778,-89.511,-0.135,-2.630,1.798,-89.836,-0.019,-0.007,0.020,0.028,12,weighted_average,kalman(weighted_average),false
1788858374.432,80.855,-0.018,-2.548,1.843,-88.055,-0.049,-2.562,1.828,-88.744,-0.031,-0.013,-0.015,0.036,12,weighted_average,kalman(weighted_average),false
1788858374.484,80.908,-0.004,-2.541,1.818,-87.860,-0.006,-2.536,1.826,-88.080,-0.002,0.005,0.008,0.009,12,weighted_average,kalman(weighted_average),false
1788858374.533,80.957,-0.082,-2.560,1.806,-89.015,-0.038,-2.540,1.816,-88.382,0.044,0.020,0.009,0.049,12,weighted_average,kalman(weighted_average),false
1788858374.585,81.009,-0.034,-2.517,1.862,-88.271,-0.033,-2.520,1.843,-88.232,0.002,-0.003,-0.019,0.019,12,weighted_average,kalman(weighted_average),false
1788858374.635,81.058,-0.017,-2.509,1.724,-88.048,-0.021,-2.506,1.777,-88.054,-0.004,0.002,0.053,0.053,12,weighted_average,kalman(weighted_average),false
1788858374.730,81.153,-0.009,-2.487,1.761,-87.933,-0.008,-2.485,1.755,-87.863,0.001,0.002,-0.006,0.007,12,weighted_average,kalman(weighted_average),false
1788858374.783,81.207,-0.013,-2.472,1.760,-88.014,-0.009,-2.472,1.753,-87.896,0.004,0.000,-0.007,0.008,12,weighted_average,kalman(weighted_average),false
1788858374.831,81.254,-0.029,-2.471,1.763,-88.264,-0.020,-2.467,1.756,-88.064,0.009,0.004,-0.007,0.012,12,weighted_average,kalman(weighted_average),false
1788858374.879,81.303,-0.008,-2.440,1.784,-87.966,-0.014,-2.447,1.772,-88.020,-0.006,-0.007,-0.013,0.016,12,weighted_average,kalman(weighted_average),false
1788858374.930,81.353,-0.109,-2.459,1.868,-89.517,-0.070,-2.449,1.831,-88.789,0.039,0.011,-0.037,0.055,12,weighted_average,kalman(weighted_average),false
1788858375.027,81.450,-0.077,-2.430,1.867,-89.074,-0.087,-2.431,1.871,-89.150,-0.009,-0.001,0.005,0.010,12,weighted_average,kalman(weighted_average),false
1788858375.076,81.500,-0.047,-2.403,1.849,-88.630,-0.064,-2.409,1.864,-88.939,-0.018,-0.007,0.015,0.024,12,weighted_average,kalman(weighted_average),false
1788858375.128,81.551,-0.050,-2.396,1.721,-88.651,-0.054,-2.395,1.779,-88.810,-0.004,0.000,0.058,0.058,12,weighted_average,kalman(weighted_average),false
1788858375.177,81.600,-0.024,-2.353,1.862,-88.254,-0.033,-2.365,1.816,-88.516,-0.010,-0.011,-0.046,0.049,12,weighted_average,kalman(weighted_average),false
1788858375.232,81.655,-0.030,-2.364,1.797,-88.400,-0.026,-2.355,1.803,-88.399,0.004,0.009,0.006,0.012,12,weighted_average,kalman(weighted_average),false
1788858375.328,81.752,-0.116,-2.361,1.875,-89.739,-0.091,-2.352,1.855,-89.233,0.025,0.008,-0.019,0.033,12,weighted_average,kalman(weighted_average),false
1788858375.379,81.802,-0.092,-2.338,1.873,-89.412,-0.101,-2.342,1.874,-89.445,-0.009,-0.003,0.001,0.009,12,weighted_average,kalman(weighted_average),false
1788858375.429,81.852,-0.069,-2.322,1.879,-89.057,-0.088,-2.327,1.885,-89.343,-0.019,-0.005,0.006,0.021,12,weighted_average,kalman(weighted_average),false
1788858375.482,81.905,-0.001,-2.274,1.817,-87.979,-0.037,-2.290,1.849,-88.667,-0.035,-0.016,0.033,0.051,12,weighted_average,kalman(weighted_average),false
1788858375.534,81.958,-0.052,-2.296,1.752,-88.780,-0.038,-2.285,1.788,-88.647,0.014,0.011,0.035,0.039,12,weighted_average,kalman(weighted_average),false
1788858375.628,82.052,-0.001,-2.238,1.801,-87.987,-0.005,-2.243,1.784,-88.139,-0.004,-0.005,-0.017,0.018,12,weighted_average,kalman(weighted_average),false
1788858375.682,82.105,-0.009,-2.223,1.835,-88.130,-0.002,-2.222,1.815,-88.039,0.007,0.000,-0.020,0.021,12,weighted_average,kalman(weighted_average),false
1788858375.728,82.151,0.012,-2.194,1.818,-87.772,0.010,-2.198,1.821,-87.824,-0.002,-0.004,0.003,0.005,12,weighted_average,kalman(weighted_average),false
1788858375.780,82.203,0.009,-2.179,1.864,-87.814,0.014,-2.177,1.850,-87.725,0.005,0.002,-0.014,0.015,12,weighted_average,kalman(weighted_average),false
1788858375.829,82.253,0.006,-2.173,1.866,-87.874,0.012,-2.166,1.867,-87.727,0.007,0.007,0.001,0.010,12,weighted_average,kalman(weighted_average),false
1788858375.926,82.349,0.013,-2.134,1.883,-87.746,0.014,-2.134,1.887,-87.675,0.002,0.000,0.004,0.004,12,weighted_average,kalman(weighted_average),false
1788858375.977,82.401,-0.004,-2.127,1.889,-88.038,0.003,-2.124,1.893,-87.865,0.007,0.004,0.003,0.009,12,weighted_average,kalman(weighted_average),false
1788858376.038,82.461,-0.020,-2.127,1.850,-88.281,-0.014,-2.120,1.868,-88.125,0.006,0.007,0.018,0.020,12,weighted_average,kalman(weighted_average),false
1788858376.079,82.502,-0.011,-2.103,1.848,-88.110,-0.015,-2.108,1.854,-88.162,-0.005,-0.004,0.006,0.009,12,weighted_average,kalman(weighted_average),false
1788858376.124,82.547,-0.045,-2.128,1.786,-88.735,-0.035,-2.115,1.811,-88.486,0.010,0.013,0.026,0.031,12,weighted_average,kalman(weighted_average),false
1788858376.221,82.644,-0.039,-2.089,1.752,-88.569,-0.044,-2.094,1.755,-88.658,-0.005,-0.005,0.003,0.007,12,weighted_average,kalman(weighted_average),false
1788858376.276,82.699,-0.004,-2.041,1.882,-87.991,-0.019,-2.055,1.830,-88.314,-0.015,-0.014,-0.052,0.056,12,weighted_average,kalman(weighted_average),false
1788858376.324,82.747,0.018,-2.023,1.838,-87.591,0.007,-2.027,1.842,-87.899,-0.011,-0.004,0.003,0.012,12,weighted_average,kalman(weighted_average),false
1788858376.373,82.796,-0.023,-2.035,1.822,-88.323,-0.005,-2.022,1.836,-88.036,0.018,0.013,0.014,0.027,12,weighted_average,kalman(weighted_average),false
1788858376.423,82.846,-0.015,-2.020,1.847,-88.190,-0.009,-2.014,1.845,-88.082,0.006,0.006,-0.002,0.008,12,weighted_average,kalman(weighted_average),false
1788858376.519,82.942,0.016,-1.949,1.911,-87.532,0.010,-1.959,1.899,-87.698,-0.006,-0.010,-0.012,0.017,12,weighted_average,kalman(weighted_average),false
1788858376.565,82.988,-0.028,-1.970,1.867,-88.344,-0.011,-1.957,1.887,-88.004,0.017,0.013,0.020,0.029,12,weighted_average,kalman(weighted_average),false
1788858376.620,83.044,-0.052,-1.970,1.890,-88.768,-0.039,-1.959,1.893,-88.436,0.013,0.011,0.002,0.018,12,weighted_average,kalman(weighted_average),false
1788858376.669,83.093,-0.017,-1.939,1.867,-88.102,-0.031,-1.944,1.880,-88.333,-0.015,-0.005,0.013,0.020,12,weighted_average,kalman(weighted_average),false
1788858376.718,83.141,-0.013,-1.920,1.853,-88.006,-0.023,-1.926,1.863,-88.198,-0.009,-0.005,0.011,0.015,12,weighted_average,kalman(weighted_average),false
1788858376.813,83.236,-0.057,-1.932,1.849,-88.834,-0.048,-1.924,1.849,-88.618,0.009,0.008,-0.000,0.012,12,weighted_average,kalman(weighted_average),false
1788858376.859,83.283,-0.047,-1.903,1.878,-88.619,-0.051,-1.909,1.865,-88.678,-0.004,-0.007,-0.013,0.015,12,weighted_average,kalman(weighted_average),false
1788858376.913,83.336,0.006,-1.857,1.886,-87.606,-0.018,-1.873,1.879,-88.146,-0.024,-0.016,-0.007,0.030,12,weighted_average,kalman(weighted_average),false
1788858376.961,83.384,-0.026,-1.873,1.884,-88.216,-0.019,-1.865,1.885,-88.130,0.007,0.008,0.001,0.011,12,weighted_average,kalman(weighted_average),false
1788858377.014,83.437,-0.022,-1.862,1.841,-88.118,-0.018,-1.857,1.861,-88.083,0.004,0.005,0.020,0.021,12,weighted_average,kalman(weighted_average),false
1788858377.108,83.532,-0.015,-1.822,1.932,-87.140,-0.014,-1.825,1.912,-87.414,0.001,-0.003,-0.020,0.020,12,weighted_average,kalman(weighted_average),false
1788858377.157,83.581,-0.009,-1.818,1.871,-86.633,-0.010,-1.815,1.893,-86.859,-0.001,0.003,0.022,0.022,12,weighted_average,kalman(weighted_average),false
1788858377.212,83.635,0.024,-1.777,1.903,-85.276,0.013,-1.786,1.900,-85.801,-0.011,-0.009,-0.002,0.014,12,weighted_average,kalman(weighted_average),false
1788858377.258,83.681,0.009,-1.787,1.861,-85.190,0.015,-1.779,1.879,-85.222,0.006,0.008,0.018,0.020,12,weighted_average,kalman(weighted_average),false
1788858377.313,83.736,-0.008,-1.785,1.930,-84.825,0.004,-1.776,1.907,-84.695,0.012,0.009,-0.022,0.027,12,weighted_average,kalman(weighted_average),false
1788858377.404,83.827,-0.001,-1.756,1.924,-83.584,-0.000,-1.757,1.924,-83.617,0.001,-0.001,-0.000,0.002,12,weighted_average,kalman(weighted_average),false
1788858377.456,83.880,-0.107,-1.837,1.982,-85.371,-0.071,-1.806,1.965,-84.381,0.036,0.031,-0.016,0.050,12,weighted_average,kalman(weighted_average),false
1788858377.507,83.931,0.019,-1.743,1.906,-82.194,-0.028,-1.773,1.937,-83.140,-0.047,-0.030,0.031,0.064,12,weighted_average,kalman(weighted_average),false
1788858377.556,83.980,0.002,-1.748,1.876,-82.161,-0.009,-1.756,1.901,-82.397,-0.011,-0.008,0.025,0.028,12,weighted_average,kalman(weighted_average),false
1788858377.608,84.032,-0.041,-1.765,1.944,-82.306,-0.025,-1.757,1.920,-82.056,0.016,0.008,-0.024,0.030,12,weighted_average,kalman(weighted_average),false
1788858377.700,84.124,-0.029,-1.756,1.890,-81.398,-0.029,-1.754,1.897,-81.311,0.000,0.002,0.007,0.008,12,weighted_average,kalman(weighted_average),false
1788858377.753,84.176,-0.024,-1.758,1.892,-80.666,-0.026,-1.756,1.890,-80.743,-0.002,0.002,-0.002,0.004,12,weighted_average,kalman(weighted_average),false
1788858377.798,84.222,0.007,-1.730,1.921,-79.710,-0.007,-1.740,1.906,-79.992,-0.013,-0.010,-0.015,0.023,12,weighted_average,kalman(weighted_average),false
1788858377.855,84.278,-0.003,-1.748,1.864,-79.255,-0.000,-1.742,1.880,-79.289,0.002,0.006,0.017,0.018,12,weighted_average,kalman(weighted_average),false
1788858377.903,84.327,0.010,-1.738,1.891,-78.346,0.009,-1.738,1.882,-78.519,-0.001,-0.000,-0.008,0.008,12,weighted_average,kalman(weighted_average),false
1788858377.995,84.418,-0.002,-1.744,1.871,-77.873,0.005,-1.741,1.872,-77.674,0.006,0.003,0.001,0.007,12,weighted_average,kalman(weighted_average),false
1788858378.045,84.469,0.006,-1.738,1.909,-77.041,0.005,-1.739,1.894,-77.078,-0.000,-0.001,-0.015,0.015,12,weighted_average,kalman(weighted_average),false
1788858378.094,84.517,0.008,-1.738,1.898,-76.337,0.007,-1.738,1.899,-76.430,-0.001,-0.000,0.001,0.001,12,weighted_average,kalman(weighted_average),false
1788858378.148,84.571,-0.000,-1.736,1.912,-76.132,0.003,-1.737,1.909,-75.975,0.003,-0.000,-0.003,0.004,12,weighted_average,kalman(weighted_average),false
1788858378.196,84.619,-0.002,-1.736,1.939,-75.530,-0.001,-1.736,1.930,-75.498,0.002,0.000,-0.009,0.009,12,weighted_average,kalman(weighted_average),false
1788858378.290,84.713,-0.010,-1.759,1.863,-75.107,-0.009,-1.753,1.886,-74.908,0.001,0.006,0.023,0.024,12,weighted_average,kalman(weighted_average),false
1788858378.343,84.766,0.032,-1.740,1.863,-73.652,0.017,-1.747,1.865,-74.005,-0.015,-0.007,0.002,0.017,12,weighted_average,kalman(weighted_average),false
1788858378.393,84.816,-0.008,-1.759,1.864,-74.059,0.005,-1.755,1.858,-73.779,0.013,0.004,-0.007,0.015,12,weighted_average,kalman(weighted_average),false
1788858378.443,84.866,0.029,-1.735,1.889,-72.660,0.019,-1.745,1.872,-72.984,-0.009,-0.009,-0.018,0.022,12,weighted_average,kalman(weighted_average),false
1788858378.491,84.915,0.026,-1.741,1.875,-72.392,0.026,-1.742,1.873,-72.411,-0.000,-0.001,-0.002,0.002,12,weighted_average,kalman(weighted_average),false
1788858378.581,85.004,0.026,-1.747,1.861,-71.384,0.029,-1.744,1.864,-71.385,0.003,0.002,0.003,0.005,12,weighted_average,kalman(weighted_average),false
1788858378.629,85.052,0.028,-1.740,1.904,-70.600,0.029,-1.742,1.888,-70.702,0.001,-0.002,-0.016,0.016,12,weighted_average,kalman(weighted_average),false
1788858378.686,85.109,0.011,-1.756,1.887,-70.596,0.018,-1.750,1.891,-70.332,0.007,0.005,0.004,0.010,12,weighted_average,kalman(weighted_average),false
1788858378.729,85.153,0.013,-1.751,1.928,-69.809,0.013,-1.752,1.914,-69.851,0.001,-0.001,-0.014,0.014,12,weighted_average,kalman(weighted_average),false
1788858378.785,85.209,0.003,-1.762,1.903,-69.671,0.005,-1.759,1.913,-69.483,0.002,0.003,0.010,0.011,12,weighted_average,kalman(weighted_average),false
1788858378.878,85.301,0.016,-1.766,1.874,-68.380,0.011,-1.766,1.887,-68.476,-0.005,-0.000,0.012,0.014,12,weighted_average,kalman(weighted_average),false
1788858378.926,85.349,0.026,-1.756,1.894,-67.796,0.021,-1.761,1.888,-67.880,-0.005,-0.005,-0.006,0.009,12,weighted_average,kalman(weighted_average),false
1788858378.984,85.408,0.026,-1.758,1.874,-67.079,0.027,-1.759,1.877,-67.149,0.000,-0.001,0.003,0.003,12,weighted_average,kalman(weighted_average),false
1788858379.029,85.452,0.024,-1.764,1.883,-66.780,0.027,-1.761,1.878,-66.708,0.003,0.002,-0.005,0.007,12,weighted_average,kalman(weighted_average),false
1788858379.082,85.505,0.003,-1.775,1.867,-66.403,0.014,-1.770,1.870,-66.271,0.011,0.005,0.003,0.012,12,weighted_average,kalman(weighted_average),false
1788858379.181,85.604,0.018,-1.775,1.841,-65.085,0.015,-1.776,1.845,-65.146,-0.003,-0.001,0.004,0.005,12,weighted_average,kalman(weighted_average),false
1788858379.227,85.650,0.021,-1.775,1.834,-64.665,0.019,-1.777,1.834,-64.656,-0.002,-0.001,0.000,0.003,12,weighted_average,kalman(weighted_average),false
1788858379.280,85.703,0.081,-1.570,2.028,-61.635,0.058,-1.648,1.951,-62.737,-0.023,-0.078,-0.077,0.112,8,weighted_average,kalman(weighted_average),false
1788858379.328,85.752,0.091,-1.573,2.006,-61.101,0.085,-1.581,2.002,-61.410,-0.006,-0.008,-0.004,0.011,8,weighted_average,kalman(weighted_average),false
1788858379.380,85.803,0.082,-1.570,2.020,-60.409,0.093,-1.549,2.033,-60.324,0.011,0.021,0.013,0.026,8,weighted_average,kalman(weighted_average),false
1788858379.470,85.894,0.080,-1.570,2.025,-59.220,0.090,-1.542,2.045,-58.904,0.010,0.027,0.021,0.036,8,weighted_average,kalman(weighted_average),false
1788858379.522,85.945,0.086,-1.572,2.002,-58.735,0.088,-1.557,2.022,-58.411,0.002,0.015,0.020,0.025,8,weighted_average,kalman(weighted_average),false
1788858379.573,85.996,0.077,-1.568,2.021,-58.033,0.081,-1.564,2.020,-57.856,0.005,0.004,-0.000,0.006,8,weighted_average,kalman(weighted_average),false
1788858379.623,86.046,0.060,-1.639,1.975,-58.370,0.067,-1.610,1.992,-57.808,0.007,0.029,0.017,0.035,8|12,weighted_average,kalman(weighted_average),false
1788858379.672,86.095,0.090,-1.560,2.029,-56.567,0.077,-1.589,2.009,-56.953,-0.012,-0.029,-0.020,0.038,8,weighted_average,kalman(weighted_average),false
1788858379.760,86.183,0.066,-1.629,1.989,-56.619,0.069,-1.620,1.994,-56.359,0.003,0.009,0.005,0.011,8|12,weighted_average,kalman(weighted_average),false
1788858379.809,86.233,0.053,-1.639,1.984,-56.117,0.058,-1.637,1.985,-56.032,0.004,0.002,0.001,0.005,8|12,weighted_average,kalman(weighted_average),false
1788858379.861,86.284,0.050,-1.639,1.983,-55.730,0.050,-1.644,1.981,-55.679,0.000,-0.005,-0.002,0.006,8|12,weighted_average,kalman(weighted_average),false
1788858379.919,86.342,0.026,-1.735,1.956,-55.959,0.032,-1.707,1.963,-55.637,0.006,0.028,0.007,0.029,12,weighted_average,kalman(weighted_average),false
1788858379.960,86.384,0.063,-1.638,1.970,-54.404,0.045,-1.679,1.963,-54.923,-0.017,-0.041,-0.007,0.045,8|12,weighted_average,kalman(weighted_average),false
1788858380.052,86.476,0.027,-1.730,1.959,-54.341,0.031,-1.721,1.957,-54.273,0.004,0.009,-0.002,0.010,12,weighted_average,kalman(weighted_average),false
1788858380.105,86.528,0.004,-1.754,1.948,-54.088,0.011,-1.750,1.950,-53.998,0.007,0.004,0.002,0.008,12,weighted_average,kalman(weighted_average),false
1788858380.155,86.578,0.057,-1.637,1.991,-52.113,0.035,-1.689,1.973,-52.823,-0.022,-0.052,-0.018,0.059,8|12,weighted_average,kalman(weighted_average),false
1788858380.207,86.631,0.045,-1.649,1.994,-51.632,0.042,-1.659,1.989,-51.880,-0.003,-0.010,-0.005,0.012,8|12,weighted_average,kalman(weighted_average),false
1788858380.255,86.678,0.033,-1.654,1.999,-51.485,0.039,-1.648,1.999,-51.337,0.006,0.006,-0.000,0.008,8|12,weighted_average,kalman(weighted_average),false
1788858380.346,86.769,0.050,-1.594,2.031,-49.739,0.048,-1.600,2.028,-49.871,-0.002,-0.006,-0.003,0.007,8,weighted_average,kalman(weighted_average),false
1788858380.393,86.816,0.061,-1.593,2.020,-48.818,0.057,-1.587,2.028,-48.969,-0.003,0.006,0.008,0.011,8,weighted_average,kalman(weighted_average),false
1788858380.446,86.869,0.010,-1.744,1.984,-50.238,0.030,-1.677,2.004,-49.262,0.020,0.067,0.020,0.073,12,weighted_average,kalman(weighted_average),false
1788858380.496,86.920,-0.014,-1.646,1.982,-50.105,0.000,-1.670,1.988,-49.511,0.014,-0.024,0.006,0.029,8|11,weighted_average,kalman(weighted_average),false
1788858380.549,86.973,-0.014,-1.643,1.985,-49.596,-0.016,-1.659,1.982,-49.466,-0.002,-0.016,-0.003,0.016,8|11,weighted_average,kalman(weighted_average),false
1788858380.638,87.062,-0.036,-1.655,1.977,-48.994,-0.038,-1.657,1.974,-49.079,-0.002,-0.002,-0.002,0.004,11,weighted_average,kalman(weighted_average),false
1788858380.692,87.116,-0.036,-1.664,1.964,-48.822,-0.042,-1.662,1.966,-48.847,-0.005,0.002,0.002,0.006,11,weighted_average,kalman(weighted_average),false
1788858380.744,87.168,-0.040,-1.682,1.981,-48.013,-0.044,-1.675,1.973,-48.297,-0.004,0.007,-0.008,0.011,11|12,weighted_average,kalman(weighted_average),false
1788858380.790,87.214,-0.038,-1.667,1.967,-47.673,-0.043,-1.673,1.969,-47.834,-0.005,-0.006,0.003,0.008,11,weighted_average,kalman(weighted_average),false
1788858380.848,87.272,-0.024,-1.657,1.992,-46.430,-0.032,-1.665,1.983,-46.875,-0.008,-0.007,-0.009,0.015,8|11,weighted_average,kalman(weighted_average),false
1788858380.946,87.369,-0.044,-1.673,1.978,-45.945,-0.040,-1.670,1.981,-45.895,0.004,0.003,0.003,0.006,11,weighted_average,kalman(weighted_average),false
1788858380.991,87.415,-0.016,-1.663,1.985,-44.443,-0.026,-1.666,1.984,-44.867,-0.010,-0.003,-0.001,0.010,8|11,weighted_average,kalman(weighted_average),false
1788858381.041,87.464,-0.021,-1.668,1.986,-43.866,-0.021,-1.667,1.986,-44.001,-0.000,0.001,-0.000,0.001,8|11,weighted_average,kalman(weighted_average),false
1788858381.093,87.517,-0.022,-1.671,1.981,-43.551,-0.020,-1.669,1.983,-43.379,0.002,0.001,0.002,0.004,8|11,weighted_average,kalman(weighted_average),false
1788858381.147,87.570,-0.028,-1.670,1.990,-43.247,-0.023,-1.670,1.987,-42.957,0.005,-0.000,-0.003,0.005,8|11,weighted_average,kalman(weighted_average),false
1788858381.239,87.662,-0.029,-1.678,1.985,-42.299,-0.028,-1.676,1.986,-42.154,0.001,0.001,0.001,0.002,8|11,weighted_average,kalman(weighted_average),false
1788858381.287,87.711,-0.023,-1.675,1.985,-41.753,-0.025,-1.677,1.985,-41.719,-0.002,-0.001,0.000,0.003,8|11,weighted_average,kalman(weighted_average),false
1788858381.344,87.768,-0.025,-1.676,1.986,-41.039,-0.025,-1.677,1.986,-41.098,0.000,-0.001,-0.000,0.001,8|11,weighted_average,kalman(weighted_average),false
1788858381.390,87.813,-0.021,-1.674,1.985,-40.533,-0.023,-1.675,1.985,-40.584,-0.002,-0.002,0.000,0.003,8|11,weighted_average,kalman(weighted_average),false
1788858381.437,87.861,-0.019,-1.668,1.982,-39.791,-0.020,-1.671,1.983,-39.936,-0.001,-0.003,0.001,0.003,8|10|11,weighted_average,kalman(weighted_average),false
1788858381.528,87.951,-0.018,-1.672,1.978,-38.768,-0.017,-1.671,1.979,-38.813,0.000,0.001,0.001,0.001,8|10|11,weighted_average,kalman(weighted_average),false
1788858381.580,88.003,-0.023,-1.682,1.978,-38.630,-0.020,-1.678,1.978,-38.442,0.002,0.004,-0.000,0.005,8|11,weighted_average,kalman(weighted_average),false
1788858381.631,88.054,-0.019,-1.675,1.970,-37.789,-0.020,-1.677,1.973,-37.846,-0.001,-0.002,0.002,0.003,8|10|11,weighted_average,kalman(weighted_average),false
1788858381.681,88.105,-0.016,-1.675,1.969,-37.428,-0.018,-1.677,1.969,-37.371,-0.001,-0.001,0.000,0.002,8|10|11,weighted_average,kalman(weighted_average),false
1788858381.728,88.151,-0.026,-1.688,1.967,-37.118,-0.022,-1.683,1.967,-37.003,0.004,0.005,-0.000,0.006,8|11,weighted_average,kalman(weighted_average),false
1788858381.822,88.246,-0.009,-1.675,1.960,-36.058,-0.013,-1.679,1.961,-36.075,-0.004,-0.003,0.000,0.005,8|10|11,weighted_average,kalman(weighted_average),false
1788858381.873,88.296,-0.022,-1.689,1.962,-35.861,-0.018,-1.685,1.960,-35.744,0.004,0.004,-0.002,0.006,8|11,weighted_average,kalman(weighted_average),false
1788858381.925,88.348,-0.018,-1.688,1.960,-35.473,-0.018,-1.687,1.959,-35.393,-0.000,0.000,-0.001,0.001,8|11,weighted_average,kalman(weighted_average),false
1788858381.980,88.403,-0.014,-1.689,1.954,-34.894,-0.015,-1.690,1.955,-34.922,-0.001,-0.000,0.001,0.002,8|11,weighted_average,kalman(weighted_average),false
1788858382.034,88.458,-0.014,-1.692,1.948,-34.686,-0.014,-1.692,1.950,-34.590,0.000,0.000,0.002,0.002,8|11,weighted_average,kalman(weighted_average),false
1788858382.124,88.547,-0.010,-1.697,1.946,-33.788,-0.011,-1.697,1.945,-33.839,-0.001,0.000,-0.001,0.001,8|11,weighted_average,kalman(weighted_average),false
1788858382.174,88.597,-0.012,-1.688,1.949,-33.082,-0.011,-1.692,1.947,-33.234,0.001,-0.004,-0.002,0.005,8|10|11,weighted_average,kalman(weighted_average),false
1788858382.222,88.646,-0.014,-1.690,1.947,-32.493,-0.013,-1.691,1.946,-32.622,0.001,-0.001,-0.001,0.002,8|10|11,weighted_average,kalman(weighted_average),false
1788858382.276,88.700,-0.012,-1.690,1.944,-32.151,-0.012,-1.690,1.945,-32.108,-0.000,0.000,0.000,0.001,8|10|11,weighted_average,kalman(weighted_average),false
1788858382.323,88.746,-0.018,-1.701,1.946,-31.720,-0.016,-1.696,1.945,-31.679,0.002,0.005,-0.001,0.006,8|11,weighted_average,kalman(weighted_average),false
1788858382.416,88.839,-0.015,-1.701,1.938,-31.013,-0.016,-1.701,1.939,-30.925,-0.001,0.000,0.001,0.002,8|11,weighted_average,kalman(weighted_average),false
1788858382.461,88.884,-0.014,-1.693,1.938,-30.243,-0.015,-1.697,1.938,-30.373,-0.001,-0.004,-0.000,0.004,8|10|11,weighted_average,kalman(weighted_average),false
1788858382.518,88.941,-0.018,-1.705,1.930,-30.078,-0.017,-1.702,1.932,-29.960,0.001,0.003,0.002,0.004,8|11,weighted_average,kalman(weighted_average),false
1788858382.565,88.989,-0.042,-1.718,1.921,-30.052,-0.032,-1.712,1.924,-29.809,0.010,0.005,0.003,0.012,11,weighted_average,kalman(weighted_average),false
1788858382.615,89.039,-0.011,-1.697,1.927,-28.810,-0.023,-1.706,1.924,-29.125,-0.011,-0.008,-0.004,0.015,8|10|11,weighted_average,kalman(weighted_average),false
1788858382.709,89.133,-0.019,-1.708,1.931,-27.992,-0.020,-1.708,1.928,-28.081,-0.001,0.001,-0.003,0.003,8|11,weighted_average,kalman(weighted_average),false
1788858382.758,89.182,-0.017,-1.698,1.933,-27.465,-0.017,-1.702,1.931,-27.509,-0.001,-0.004,-0.001,0.004,8|10|11,weighted_average,kalman(weighted_average),false
1788858382.814,89.237,-0.035,-1.719,1.910,-27.430,-0.028,-1.712,1.919,-27.198,0.007,0.007,0.009,0.013,11,weighted_average,kalman(weighted_average),false
1788858382.859,89.283,-0.016,-1.698,1.930,-26.347,-0.023,-1.705,1.924,-26.565,-0.006,-0.007,-0.006,0.011,8|10|11,weighted_average,kalman(weighted_average),false
1788858382.911,89.334,-0.039,-1.721,1.906,-26.387,-0.032,-1.714,1.913,-26.214,0.006,0.007,0.007,0.012,11,weighted_average,kalman(weighted_average),false
1788858383.000,89.423,-0.040,-1.720,1.909,-25.177,-0.040,-1.720,1.908,-25.254,0.000,-0.000,-0.001,0.001,11,weighted_average,kalman(weighted_average),false
1788858383.051,89.474,-0.043,-1.720,1.910,-24.424,-0.043,-1.721,1.908,-24.560,-0.001,-0.001,-0.002,0.002,11,weighted_average,kalman(weighted_average),false
1788858383.114,89.538,-0.013,-1.694,1.920,-23.104,-0.024,-1.704,1.915,-23.406,-0.012,-0.010,-0.005,0.016,8|10|11,weighted_average,kalman(weighted_average),false
1788858383.156,89.580,-0.022,-1.706,1.926,-22.985,-0.021,-1.703,1.922,-22.896,0.001,0.003,-0.003,0.005,8|11,weighted_average,kalman(weighted_average),false
1788858383.204,89.627,-0.042,-1.719,1.906,-22.878,-0.031,-1.710,1.915,-22.562,0.011,0.008,0.009,0.016,11,weighted_average,kalman(weighted_average),false
1788858383.295,89.718,-0.048,-1.720,1.907,-22.249,-0.044,-1.718,1.909,-21.989,0.004,0.002,0.002,0.005,11,weighted_average,kalman(weighted_average),false
1788858383.345,89.768,-0.022,-1.704,1.924,-20.643,-0.032,-1.710,1.918,-21.045,-0.010,-0.006,-0.006,0.013,8|11,weighted_average,kalman(weighted_average),false
1788858383.393,89.816,-0.023,-1.706,1.917,-19.942,-0.026,-1.707,1.918,-20.189,-0.003,-0.001,0.001,0.003,8|11,weighted_average,kalman(weighted_average),false
1788858383.447,89.871,-0.027,-1.706,1.920,-19.588,-0.025,-1.706,1.920,-19.514,0.002,0.001,0.000,0.002,8|11,weighted_average,kalman(weighted_average),false
1788858383.494,89.917,-0.045,-1.724,1.894,-19.559,-0.036,-1.716,1.906,-19.232,0.009,0.008,0.011,0.017,11,weighted_average,kalman(weighted_average),false
1788858383.589,90.012,-0.028,-1.695,1.925,-17.862,-0.031,-1.702,1.918,-17.973,-0.003,-0.006,-0.007,0.010,8|10|11,weighted_average,kalman(weighted_average),false
1788858383.639,90.062,-0.024,-1.695,1.922,-17.015,-0.026,-1.696,1.922,-17.158,-0.002,-0.000,0.000,0.002,8|10|11,weighted_average,kalman(weighted_average),false
1788858383.689,90.113,-0.026,-1.694,1.928,-16.608,-0.025,-1.692,1.927,-16.538,0.001,0.001,-0.000,0.002,8|10|11,weighted_average,kalman(weighted_average),false
1788858383.738,90.162,-0.030,-1.708,1.921,-16.137,-0.027,-1.700,1.925,-16.020,0.003,0.008,0.004,0.010,8|11,weighted_average,kalman(weighted_average),false
1788858383.789,90.212,-0.031,-1.708,1.926,-15.784,-0.030,-1.705,1.926,-15.596,0.002,0.003,0.001,0.004,8|11,weighted_average,kalman(weighted_average),false
1788858383.883,90.307,-0.042,-1.706,1.917,-14.946,-0.039,-1.707,1.920,-14.815,0.003,-0.001,0.003,0.004,10|11,weighted_average,kalman(weighted_average),false
1788858383.928,90.351,-0.043,-1.704,1.919,-14.100,-0.043,-1.706,1.918,-14.236,-0.000,-0.002,-0.001,0.002,10|11,weighted_average,kalman(weighted_average),false
1788858383.987,90.410,-0.043,-1.704,1.919,-14.100,-0.044,-1.705,1.918,-13.892,-0.002,-0.001,-0.001,0.002,10|11,weighted_average,kalman(weighted_average),false
1788858384.034,90.457,-0.056,-1.726,1.910,-13.980,-0.053,-1.718,1.913,-13.750,0.004,0.009,0.003,0.010,11,weighted_average,kalman(weighted_average),false
1788858384.085,90.508,-0.055,-1.721,1.921,-13.040,-0.056,-1.722,1.916,-13.218,-0.001,-0.001,-0.004,0.005,11,weighted_average,kalman(weighted_average),false
1788858384.174,90.597,-0.029,-1.661,1.923,-11.142,-0.038,-1.679,1.921,-11.626,-0.009,-0.018,-0.002,0.020,9|11,weighted_average,kalman(weighted_average),false
1788858384.225,90.649,-0.027,-1.657,1.928,-10.614,-0.028,-1.659,1.927,-10.735,-0.001,-0.001,-0.002,0.002,9|11,weighted_average,kalman(weighted_average),false
1788858384.278,90.702,-0.026,-1.662,1.930,-9.947,-0.024,-1.653,1.930,-9.937,0.002,0.008,-0.000,0.009,9|11,weighted_average,kalman(weighted_average),false
1788858384.326,90.750,-0.030,-1.656,1.931,-9.002,-0.025,-1.650,1.932,-9.099,0.005,0.006,0.001,0.008,9|11,weighted_average,kalman(weighted_average),false
1788858384.381,90.805,-0.030,-1.661,1.935,-8.748,-0.027,-1.653,1.935,-8.502,0.003,0.008,-0.000,0.008,9|11,weighted_average,kalman(weighted_average),false
1788858384.472,90.896,-0.029,-1.657,1.933,-7.450,-0.028,-1.654,1.935,-7.375,0.001,0.002,0.002,0.003,9|11,weighted_average,kalman(weighted_average),false
1788858384.523,90.946,-0.028,-1.647,1.943,-6.233,-0.028,-1.650,1.940,-6.440,-0.000,-0.003,-0.003,0.004,9|10|11,weighted_average,kalman(weighted_average),false
1788858384.574,90.998,-0.026,-1.657,1.936,-6.181,-0.027,-1.654,1.939,-5.946,-0.001,0.004,0.003,0.005,9|11,weighted_average,kalman(weighted_average),false
1788858384.623,91.047,-0.032,-1.646,1.940,-5.437,-0.030,-1.649,1.940,-5.379,0.002,-0.003,-0.000,0.004,9|11,weighted_average,kalman(weighted_average),false
1788858384.676,91.100,-0.057,-1.716,1.935,-5.640,-0.047,-1.689,1.937,-5.201,0.010,0.027,0.002,0.029,11,weighted_average,kalman(weighted_average),false
1788858384.772,91.195,-0.037,-1.651,1.949,-3.865,-0.043,-1.667,1.946,-4.020,-0.006,-0.016,-0.003,0.018,9|11,weighted_average,kalman(weighted_average),false
1788858384.821,91.245,-0.036,-1.654,1.944,-3.078,-0.038,-1.656,1.946,-3.240,-0.002,-0.003,0.002,0.004,9|11,weighted_average,kalman(weighted_average),false
1788858384.875,91.298,0.001,-1.560,1.968,-0.841,-0.013,-1.592,1.961,-1.600,-0.014,-0.032,-0.008,0.036,9|10,weighted_average,kalman(weighted_average),false
1788858384.924,91.347,0.001,-1.517,1.979,0.498,0.001,-1.534,1.975,-0.045,-0.001,-0.017,-0.004,0.017,9,weighted_average,kalman(weighted_average),false
1788858384.967,91.390,0.017,-1.538,1.960,0.772,0.015,-1.520,1.970,0.881,-0.002,0.018,0.010,0.021,9,weighted_average,kalman(weighted_average),false
1788858385.054,91.477,0.013,-1.543,1.967,1.879,0.021,-1.520,1.970,2.255,0.007,0.022,0.003,0.024,9,weighted_average,kalman(weighted_average),false
1788858385.105,91.529,-0.006,-1.570,1.982,2.304,0.005,-1.550,1.978,2.696,0.012,0.020,-0.004,0.024,9|10,weighted_average,kalman(weighted_average),false
1788858385.157,91.581,-0.001,-1.573,1.977,2.584,-0.000,-1.568,1.979,2.989,0.001,0.005,0.002,0.006,9|10,weighted_average,kalman(weighted_average),false
1788858385.210,91.634,0.007,-1.542,1.981,3.464,0.003,-1.557,1.982,3.529,-0.004,-0.015,0.000,0.016,9,weighted_average,kalman(weighted_average),false
1788858385.257,91.680,-0.005,-1.577,1.982,3.662,-0.002,-1.570,1.983,3.849,0.003,0.007,0.001,0.008,9|10,weighted_average,kalman(weighted_average),false
1788858385.349,91.772,-0.009,-1.579,1.980,4.906,-0.008,-1.579,1.982,4.847,0.000,-0.001,0.002,0.002,9|10,weighted_average,kalman(weighted_average),false
1788858385.395,91.819,-0.013,-1.581,1.990,5.706,-0.012,-1.582,1.987,5.543,0.001,-0.001,-0.003,0.003,9|10,weighted_average,kalman(weighted_average),false
1788858385.449,91.873,-0.001,-1.543,1.979,6.438,-0.007,-1.559,1.983,6.325,-0.006,-0.017,0.004,0.018,9,weighted_average,kalman(weighted_average),false
1788858385.498,91.922,-0.002,-1.540,1.991,7.420,-0.004,-1.545,1.987,7.200,-0.002,-0.005,-0.003,0.006,9,weighted_average,kalman(weighted_average),false
1788858385.549,91.973,-0.009,-1.529,1.989,8.234,-0.006,-1.531,1.989,8.096,0.003,-0.002,0.000,0.004,9,weighted_average,kalman(weighted_average),false
1788858385.639,92.063,-0.003,-1.549,1.988,8.999,-0.004,-1.539,1.989,9.177,-0.001,0.010,0.001,0.010,9,weighted_average,kalman(weighted_average),false
1788858385.688,92.111,0.012,-1.571,1.964,8.776,0.006,-1.559,1.973,9.234,-0.005,0.011,0.009,0.015,9,weighted_average,kalman(weighted_average),false
1788858385.743,92.167,-0.002,-1.566,1.996,9.839,0.003,-1.567,1.985,9.795,0.005,-0.001,-0.011,0.012,9,weighted_average,kalman(weighted_average),false
1788858385.787,92.210,-0.005,-1.560,1.992,10.857,-0.001,-1.566,1.990,10.540,0.004,-0.006,-0.002,0.008,9,weighted_average,kalman(weighted_average),false
1788858385.844,92.268,-0.004,-1.569,1.997,11.064,-0.004,-1.570,1.996,11.136,0.001,-0.001,-0.001,0.002,9,weighted_average,kalman(weighted_average),false
1788858385.931,92.355,-0.005,-1.570,1.990,12.386,-0.005,-1.572,1.994,12.292,-0.001,-0.002,0.003,0.004,9,weighted_average,kalman(weighted_average),false
1788858385.983,92.406,0.009,-1.601,1.989,11.920,0.004,-1.592,1.991,12.352,-0.005,0.010,0.001,0.011,9,weighted_average,kalman(weighted_average),false
1788858386.033,92.457,0.003,-1.589,1.995,13.170,0.004,-1.594,1.993,12.990,0.002,-0.005,-0.002,0.005,9,weighted_average,kalman(weighted_average),false
1788858386.087,92.510,0.012,-1.610,1.974,13.010,0.010,-1.606,1.981,13.246,-0.002,0.003,0.008,0.009,9,weighted_average,kalman(weighted_average),false
1788858386.136,92.559,0.003,-1.599,1.991,14.167,0.007,-1.605,1.985,13.911,0.004,-0.006,-0.006,0.010,9,weighted_average,kalman(weighted_average),false
1788858386.224,92.647,0.005,-1.616,1.998,14.525,0.006,-1.615,1.994,14.617,0.001,0.001,-0.004,0.004,9,weighted_average,kalman(weighted_average),false
1788858386.275,92.698,0.016,-1.641,1.989,14.661,0.012,-1.634,1.993,14.834,-0.004,0.007,0.003,0.008,9,weighted_average,kalman(weighted_average),false
1788858386.327,92.750,0.008,-1.626,1.999,15.975,0.011,-1.633,1.997,15.626,0.002,-0.007,-0.002,0.008,9,weighted_average,kalman(weighted_average),false
1788858386.375,92.799,0.021,-1.655,1.989,15.545,0.017,-1.649,1.994,15.818,-0.004,0.007,0.004,0.009,9,weighted_average,kalman(weighted_average),false
1788858386.422,92.846,0.010,-1.641,2.005,16.409,0.014,-1.648,2.000,16.302,0.005,-0.007,-0.005,0.010,9,weighted_average,kalman(weighted_average),false
1788858386.513,92.936,0.021,-1.660,1.992,17.159,0.020,-1.659,1.996,17.136,-0.001,0.000,0.004,0.004,9,weighted_average,kalman(weighted_average),false
1788858386.559,92.983,0.032,-1.676,1.979,17.579,0.028,-1.672,1.985,17.569,-0.004,0.004,0.005,0.008,9,weighted_average,kalman(weighted_average),false
1788858386.611,93.035,0.025,-1.674,2.002,18.122,0.028,-1.677,1.993,18.086,0.003,-0.003,-0.009,0.010,9,weighted_average,kalman(weighted_average),false
1788858386.663,93.087,0.034,-1.694,1.987,18.480,0.033,-1.690,1.990,18.527,-0.001,0.004,0.002,0.005,9,weighted_average,kalman(weighted_average),false
1788858386.716,93.140,0.023,-1.667,2.004,19.735,0.028,-1.680,1.998,19.390,0.006,-0.013,-0.006,0.015,9,weighted_average,kalman(weighted_average),false
1788858386.802,93.225,0.040,-1.699,1.985,20.324,0.037,-1.695,1.989,20.351,-0.003,0.005,0.005,0.007,9,weighted_average,kalman(weighted_average),false
1788858386.852,93.276,0.041,-1.701,1.988,20.814,0.041,-1.701,1.988,20.862,-0.000,-0.000,-0.001,0.001,9,weighted_average,kalman(weighted_average),false
1788858386.906,93.329,0.049,-1.712,1.977,21.435,0.048,-1.710,1.980,21.443,-0.001,0.002,0.003,0.004,9,weighted_average,kalman(weighted_average),false
1788858386.954,93.377,0.044,-1.701,1.993,22.276,0.047,-1.708,1.986,22.126,0.004,-0.007,-0.007,0.010,9,weighted_average,kalman(weighted_average),false
1788858387.010,93.433,0.046,-1.705,1.990,23.152,0.047,-1.707,1.989,22.990,0.002,-0.003,-0.002,0.004,9,weighted_average,kalman(weighted_average),false
1788858387.096,93.519,0.052,-1.713,1.983,24.301,0.052,-1.712,1.985,24.243,-0.001,0.001,0.002,0.002,9,weighted_average,kalman(weighted_average),false
1788858387.147,93.571,0.050,-1.713,1.986,24.778,0.051,-1.714,1.986,24.859,0.001,-0.001,-0.001,0.002,9,weighted_average,kalman(weighted_average),false
1788858387.196,93.619,0.068,-1.745,1.964,24.663,0.062,-1.734,1.973,25.055,-0.006,0.012,0.008,0.015,9,weighted_average,kalman(weighted_average),false
1788858387.248,93.671,0.058,-1.740,1.987,25.324,0.062,-1.742,1.979,25.447,0.003,-0.001,-0.008,0.009,9,weighted_average,kalman(weighted_average),false
1788858387.295,93.719,0.055,-1.720,1.987,26.750,0.059,-1.732,1.983,26.325,0.004,-0.013,-0.003,0.014,9,weighted_average,kalman(weighted_average),false
1788858387.387,93.811,0.069,-1.767,1.969,26.335,0.067,-1.759,1.973,26.728,-0.002,0.008,0.005,0.010,9,weighted_average,kalman(weighted_average),false
1788858387.438,93.861,0.061,-1.764,1.983,27.283,0.064,-1.766,1.978,27.202,0.003,-0.002,-0.005,0.006,9,weighted_average,kalman(weighted_average),false
1788858387.486,93.910,0.073,-1.791,1.970,26.896,0.070,-1.785,1.973,27.218,-0.003,0.006,0.003,0.007,9,weighted_average,kalman(weighted_average),false
1788858387.535,93.959,0.057,-1.758,1.986,28.626,0.063,-1.775,1.980,28.076,0.006,-0.016,-0.006,0.019,9,weighted_average,kalman(weighted_average),false
1788858387.587,94.011,0.061,-1.780,1.979,28.436,0.062,-1.779,1.980,28.500,0.000,0.001,0.001,0.001,9,weighted_average,kalman(weighted_average),false
1788858387.681,94.104,0.063,-1.791,1.980,29.278,0.062,-1.790,1.981,29.302,-0.001,0.001,0.001,0.002,9,weighted_average,kalman(weighted_average),false
1788858387.729,94.153,0.056,-1.769,1.979,30.637,0.058,-1.778,1.980,30.243,0.002,-0.009,0.001,0.010,9,weighted_average,kalman(weighted_average),false
1788858387.782,94.205,0.056,-1.780,1.980,30.721,0.056,-1.778,1.980,30.799,-0.000,0.002,-0.000,0.002,9,weighted_average,kalman(weighted_average),false
1788858387.831,94.254,0.048,-1.755,1.984,32.130,0.050,-1.764,1.983,31.771,0.003,-0.009,-0.002,0.009,9,weighted_average,kalman(weighted_average),false
1788858387.879,94.303,0.065,-1.781,1.948,31.689,0.057,-1.771,1.963,32.074,-0.007,0.010,0.015,0.019,9,weighted_average,kalman(weighted_average),false
1788858387.966,94.390,0.056,-1.778,1.970,32.919,0.057,-1.776,1.965,32.983,0.001,0.002,-0.006,0.006,9,weighted_average,kalman(weighted_average),false
1788858388.017,94.440,0.047,-1.766,1.984,33.654,0.051,-1.770,1.977,33.603,0.004,-0.004,-0.007,0.009,9,weighted_average,kalman(weighted_average),false
1788858388.065,94.488,-0.094,-1.964,1.944,32.508,-0.038,-1.886,1.959,33.280,0.056,0.077,0.015,0.096,17,weighted_average,kalman(weighted_average),false
1788858388.113,94.537,-0.093,-1.956,1.941,33.010,-0.087,-1.947,1.946,33.266,0.007,0.008,0.005,0.012,17,weighted_average,kalman(weighted_average),false
1788858388.168,94.591,-0.095,-1.957,1.944,33.766,-0.111,-1.977,1.941,33.617,-0.016,-0.020,-0.003,0.026,17,weighted_average,kalman(weighted_average),false
1788858388.254,94.677,-0.097,-1.952,1.941,34.971,-0.116,-1.978,1.938,34.619,-0.019,-0.026,-0.003,0.033,17,weighted_average,kalman(weighted_average),false
1788858388.315,94.738,-0.097,-1.952,1.941,34.971,-0.107,-1.965,1.939,35.044,-0.010,-0.013,-0.002,0.016,17,weighted_average,kalman(weighted_average),false
1788858388.360,94.783,-0.096,-1.948,1.936,35.770,-0.101,-1.955,1.937,35.601,-0.005,-0.006,0.001,0.008,17,weighted_average,kalman(weighted_average),false
1788858388.410,94.834,-0.100,-1.948,1.942,36.584,-0.099,-1.949,1.939,36.340,0.000,-0.001,-0.003,0.003,17,weighted_average,kalman(weighted_average),false
1788858388.459,94.883,-0.100,-1.933,1.911,38.051,-0.099,-1.938,1.923,37.488,0.001,-0.004,0.012,0.012,17|18,weighted_average,kalman(weighted_average),false
1788858388.549,94.973,-0.098,-1.936,1.906,38.750,-0.098,-1.933,1.907,38.792,0.000,0.003,0.001,0.003,17|18,weighted_average,kalman(weighted_average),false
1788858388.597,95.021,-0.100,-1.930,1.908,39.641,-0.099,-1.929,1.905,39.584,0.001,0.000,-0.003,0.003,17|18,weighted_average,kalman(weighted_average),false
1788858388.649,95.072,-0.101,-1.930,1.907,40.070,-0.100,-1.928,1.904,40.209,0.001,0.002,-0.003,0.003,17|18,weighted_average,kalman(weighted_average),false
1788858388.698,95.121,-0.098,-1.925,1.905,40.850,-0.099,-1.925,1.903,40.879,-0.001,-0.000,-0.002,0.002,17|18,weighted_average,kalman(weighted_average),false
1788858388.755,95.179,-0.098,-1.927,1.907,41.211,-0.099,-1.925,1.904,41.429,-0.000,0.002,-0.003,0.003,17|18,weighted_average,kalman(weighted_average),false
1788858388.845,95.269,-0.096,-1.923,1.909,42.323,-0.097,-1.923,1.907,42.395,-0.000,0.000,-0.001,0.002,17|18,weighted_average,kalman(weighted_average),false
1788858388.895,95.318,-0.094,-1.921,1.910,42.989,-0.094,-1.922,1.910,42.974,-0.001,-0.000,-0.000,0.001,17|18,weighted_average,kalman(weighted_average),false
1788858388.947,95.371,-0.094,-1.920,1.907,43.411,-0.094,-1.920,1.909,43.485,0.001,-0.000,0.001,0.002,17|18,weighted_average,kalman(weighted_average),false
1788858388.995,95.418,-0.091,-1.915,1.909,44.151,-0.091,-1.917,1.909,44.077,-0.001,-0.001,0.000,0.002,17|18,weighted_average,kalman(weighted_average),false
1788858389.044,95.468,-0.091,-1.913,1.912,44.968,-0.091,-1.913,1.911,44.810,0.001,-0.001,-0.001,0.001,17|18,weighted_average,kalman(weighted_average),false
1788858389.132,95.556,-0.086,-1.905,1.910,45.788,-0.087,-1.906,1.911,45.833,-0.001,-0.001,0.001,0.001,17|18,weighted_average,kalman(weighted_average),false
1788858389.184,95.608,-0.084,-1.911,1.914,46.021,-0.084,-1.908,1.913,46.207,-0.000,0.003,-0.001,0.003,17|18,weighted_average,kalman(weighted_average),false
1788858389.234,95.657,-0.078,-1.902,1.912,46.809,-0.080,-1.904,1.913,46.763,-0.001,-0.002,0.001,0.003,17|18,weighted_average,kalman(weighted_average),false
1788858389.288,95.711,-0.079,-1.902,1.919,47.211,-0.078,-1.902,1.917,47.267,0.001,0.001,-0.002,0.002,17|18,weighted_average,kalman(weighted_average),false
1788858389.339,95.763,-0.073,-1.895,1.911,47.945,-0.074,-1.897,1.914,47.875,-0.001,-0.001,0.003,0.003,17|18,weighted_average,kalman(weighted_average),false
1788858389.428,95.852,-0.069,-1.886,1.908,49.172,-0.069,-1.888,1.909,49.049,0.000,-0.001,0.002,0.002,17|18,weighted_average,kalman(weighted_average),false
1788858389.481,95.904,-0.067,-1.889,1.912,49.478,-0.067,-1.887,1.911,49.568,0.001,0.002,-0.002,0.003,17|18,weighted_average,kalman(weighted_average),false
1788858389.529,95.953,-0.062,-1.880,1.907,50.239,-0.063,-1.881,1.908,50.184,-0.001,-0.002,0.001,0.002,17|18,weighted_average,kalman(weighted_average),false
1788858389.585,96.008,-0.061,-1.882,1.911,50.559,-0.060,-1.880,1.909,50.689,0.001,0.002,-0.002,0.002,17|18,weighted_average,kalman(weighted_average),false
1788858389.631,96.055,-0.056,-1.878,1.907,51.265,-0.057,-1.877,1.908,51.229,-0.001,0.000,0.001,0.001,17|18,weighted_average,kalman(weighted_average),false
1788858389.720,96.143,-0.051,-1.873,1.909,51.966,-0.051,-1.873,1.908,52.051,-0.000,0.000,-0.000,0.000,17|18,weighted_average,kalman(weighted_average),false
1788858389.774,96.198,-0.047,-1.863,1.911,52.824,-0.047,-1.866,1.910,52.728,-0.000,-0.003,-0.001,0.003,17|18,weighted_average,kalman(weighted_average),false
1788858389.824,96.247,-0.046,-1.867,1.910,53.108,-0.045,-1.865,1.910,53.182,0.001,0.002,0.000,0.003,17|18,weighted_average,kalman(weighted_average),false
1788858389.878,96.301,-0.041,-1.857,1.907,53.952,-0.041,-1.859,1.908,53.853,-0.001,-0.002,0.001,0.002,17|18,weighted_average,kalman(weighted_average),false
1788858389.925,96.349,-0.043,-1.866,1.907,54.226,-0.041,-1.862,1.907,54.300,0.002,0.004,0.000,0.005,17|18,weighted_average,kalman(weighted_average),false
1788858390.016,96.439,-0.041,-1.855,1.908,55.500,-0.040,-1.856,1.908,55.412,0.001,-0.001,-0.001,0.001,17|18,weighted_average,kalman(weighted_average),false
1788858390.069,96.493,-0.038,-1.853,1.903,56.205,-0.038,-1.853,1.905,56.136,-0.000,-0.000,0.002,0.002,17|18,weighted_average,kalman(weighted_average),false
1788858390.115,96.539,-0.036,-1.853,1.907,56.510,-0.036,-1.852,1.905,56.602,-0.000,0.001,-0.002,0.002,17|18,weighted_average,kalman(weighted_average),false
1788858390.165,96.588,-0.036,-1.851,1.904,57.330,-0.036,-1.851,1.905,57.256,0.001,0.000,0.000,0.001,17|18,weighted_average,kalman(weighted_average),false
1788858390.216,96.639,-0.034,-1.851,1.907,57.635,-0.035,-1.850,1.906,57.752,-0.000,0.001,-0.001,0.001,17|18,weighted_average,kalman(weighted_average),false
1788858390.310,96.734,-0.037,-1.853,1.909,58.764,-0.036,-1.852,1.908,58.783,0.001,0.001,-0.001,0.002,17|18,weighted_average,kalman(weighted_average),false
1788858390.356,96.779,-0.037,-1.850,1.907,59.531,-0.037,-1.851,1.908,59.425,0.000,-0.001,0.001,0.001,17|18,weighted_average,kalman(weighted_average),false
1788858390.413,96.836,-0.036,-1.851,1.910,59.857,-0.037,-1.851,1.909,59.968,-0.000,0.000,-0.000,0.001,17|18,weighted_average,kalman(weighted_average),false
1788858390.459,96.882,-0.035,-1.853,1.909,60.125,-0.036,-1.852,1.909,60.292,-0.001,0.001,0.001,0.001,17|18,weighted_average,kalman(weighted_average),false
1788858390.509,96.932,-0.034,-1.852,1.909,60.844,-0.035,-1.853,1.909,60.815,-0.001,-0.000,0.000,0.001,17|18,weighted_average,kalman(weighted_average),false
1788858390.599,97.022,-0.034,-1.853,1.909,61.893,-0.034,-1.853,1.909,61.828,0.000,-0.000,0.000,0.000,17|18,weighted_average,kalman(weighted_average),false
1788858390.650,97.073,-0.035,-1.857,1.908,62.204,-0.034,-1.856,1.908,62.279,0.001,0.001,0.000,0.001,17|18,weighted_average,kalman(weighted_average),false
1788858390.700,97.123,-0.035,-1.859,1.915,62.894,-0.034,-1.858,1.912,62.841,0.000,0.001,-0.003,0.003,17|18,weighted_average,kalman(weighted_average),false
1788858390.755,97.178,-0.035,-1.856,1.909,63.301,-0.035,-1.858,1.910,63.357,0.000,-0.002,0.002,0.002,17|18,weighted_average,kalman(weighted_average),false
1788858390.804,97.228,-0.036,-1.856,1.908,64.025,-0.035,-1.857,1.909,63.943,0.000,-0.001,0.001,0.002,17|18,weighted_average,kalman(weighted_average),false
1788858390.897,97.320,-0.036,-1.861,1.912,65.019,-0.036,-1.860,1.911,64.988,0.000,0.001,-0.001,0.001,17|18,weighted_average,kalman(weighted_average),false
1788858390.950,97.374,-0.037,-1.862,1.915,65.403,-0.037,-1.862,1.914,65.477,0.000,-0.000,-0.001,0.001,17|18,weighted_average,kalman(weighted_average),false
1788858391.000,97.423,-0.037,-1.861,1.920,66.145,-0.037,-1.862,1.918,66.073,-0.000,-0.001,-0.002,0.002,17|18,weighted_average,kalman(weighted_average),false
1788858391.048,97.472,-0.039,-1.865,1.920,66.875,-0.039,-1.864,1.920,66.745,0.001,0.001,0.000,0.001,17|18,weighted_average,kalman(weighted_average),false
1788858391.102,97.526,-0.037,-1.866,1.921,67.187,-0.038,-1.866,1.921,67.283,-0.001,-0.000,0.001,0.001,17|18,weighted_average,kalman(weighted_average),false
1788858391.191,97.614,-0.040,-1.869,1.923,67.977,-0.039,-1.869,1.923,68.082,0.000,0.000,0.001,0.001,17|18,weighted_average,kalman(weighted_average),false
1788858391.246,97.670,-0.041,-1.867,1.919,68.760,-0.041,-1.868,1.921,68.706,0.000,-0.001,0.002,0.002,17|18,weighted_average,kalman(weighted_average),false
1788858391.292,97.716,-0.042,-1.874,1.926,69.409,-0.042,-1.872,1.924,69.305,-0.000,0.002,-0.002,0.003,17|18,weighted_average,kalman(weighted_average),false
1788858391.345,97.768,-0.039,-1.868,1.921,69.812,-0.041,-1.870,1.922,69.852,-0.002,-0.003,0.002,0.003,17|18,weighted_average,kalman(weighted_average),false
1788858391.391,97.814,-0.042,-1.874,1.931,70.159,-0.041,-1.873,1.927,70.256,0.000,0.001,-0.004,0.004,17|18,weighted_average,kalman(weighted_average),false
1788858391.487,97.910,-0.042,-1.878,1.928,71.227,-0.042,-1.877,1.929,71.229,0.000,0.001,0.001,0.001,17|18,weighted_average,kalman(weighted_average),false
1788858391.533,97.957,-0.042,-1.883,1.922,71.836,-0.042,-1.881,1.924,71.779,-0.000,0.001,0.003,0.003,17|18,weighted_average,kalman(weighted_average),false
1788858391.585,98.009,-0.042,-1.884,1.930,72.213,-0.042,-1.885,1.927,72.270,-0.000,-0.000,-0.002,0.002,17|18,weighted_average,kalman(weighted_average),false
1788858391.631,98.055,-0.036,-1.859,1.883,73.840,-0.038,-1.870,1.902,73.307,-0.003,-0.012,0.018,0.022,18,weighted_average,kalman(weighted_average),false
1788858391.683,98.107,-0.043,-1.863,1.890,74.308,-0.040,-1.864,1.890,74.180,0.002,-0.001,0.000,0.003,18,weighted_average,kalman(weighted_average),false
1788858391.777,98.201,-0.044,-1.868,1.892,75.320,-0.043,-1.865,1.886,75.419,0.001,0.003,-0.006,0.007,18,weighted_average,kalman(weighted_average),false
1788858391.824,98.247,-0.039,-1.868,1.882,75.565,-0.041,-1.867,1.882,75.783,-0.002,0.001,0.000,0.002,18,weighted_average,kalman(weighted_average),false
1788858391.878,98.301,-0.048,-1.873,1.890,76.454,-0.045,-1.871,1.886,76.440,0.003,0.002,-0.005,0.006,18,weighted_average,kalman(weighted_average),false
1788858391.927,98.350,-0.040,-1.870,1.883,76.683,-0.043,-1.871,1.884,76.844,-0.003,-0.001,0.001,0.003,18,weighted_average,kalman(weighted_average),false
1788858391.980,98.404,-0.051,-1.877,1.889,77.628,-0.048,-1.875,1.886,77.530,0.003,0.002,-0.002,0.004,18,weighted_average,kalman(weighted_average),false
1788858392.066,98.489,-0.050,-1.883,1.886,78.738,-0.051,-1.882,1.886,78.655,-0.000,0.001,0.000,0.001,18,weighted_average,kalman(weighted_average),false
1788858392.117,98.541,-0.044,-1.880,1.875,79.027,-0.047,-1.882,1.879,79.144,-0.003,-0.002,0.004,0.005,18,weighted_average,kalman(weighted_average),false
1788858392.175,98.598,-0.051,-1.887,1.879,79.888,-0.049,-1.886,1.878,79.849,0.002,0.001,-0.002,0.002,18,weighted_average,kalman(weighted_average),false
1788858392.222,98.645,-0.046,-1.886,1.874,80.178,-0.048,-1.887,1.875,80.285,-0.001,-0.001,0.001,0.002,18,weighted_average,kalman(weighted_average),false
1788858392.269,98.692,-0.049,-1.889,1.878,81.042,-0.048,-1.889,1.876,80.922,0.001,0.000,-0.002,0.002,18,weighted_average,kalman(weighted_average),false
1788858392.365,98.788,-0.042,-1.890,1.884,82.075,-0.044,-1.891,1.882,82.068,-0.001,-0.001,-0.002,0.003,18,weighted_average,kalman(weighted_average),false
1788858392.420,98.843,-0.041,-1.891,1.879,82.410,-0.041,-1.892,1.881,82.536,-0.000,-0.000,0.002,0.002,18,weighted_average,kalman(weighted_average),false
1788858392.466,98.889,-0.038,-1.892,1.877,82.705,-0.039,-1.892,1.879,82.853,-0.001,-0.000,0.001,0.002,18,weighted_average,kalman(weighted_average),false
1788858392.516,98.939,-0.041,-1.899,1.876,83.432,-0.039,-1.897,1.877,83.379,0.002,0.003,0.001,0.003,18,weighted_average,kalman(weighted_average),false
1788858392.564,98.988,-0.045,-1.901,1.875,84.255,-0.042,-1.900,1.875,84.058,0.003,0.001,0.000,0.003,18,weighted_average,kalman(weighted_average),false
1788858392.653,99.076,-0.044,-1.906,1.878,84.860,-0.044,-1.906,1.877,84.929,-0.000,0.000,-0.001,0.001,18,weighted_average,kalman(weighted_average),false
1788858392.702,99.125,-0.043,-1.908,1.871,85.443,-0.044,-1.908,1.873,85.440,-0.000,-0.000,0.002,0.002,18,weighted_average,kalman(weighted_average),false
1788858392.755,99.179,-0.041,-1.910,1.874,85.697,-0.042,-1.911,1.873,85.832,-0.001,-0.001,-0.001,0.002,18,weighted_average,kalman(weighted_average),false
1788858392.803,99.227,-0.040,-1.913,1.876,86.267,-0.041,-1.913,1.875,86.272,-0.001,-0.000,-0.002,0.002,18,weighted_average,kalman(weighted_average),false
1788858392.855,99.278,-0.058,-1.813,1.904,87.472,-0.051,-1.854,1.892,87.121,0.007,-0.041,-0.012,0.044,3|18,weighted_average,kalman(weighted_average),false
1788858392.945,99.369,-0.014,-1.633,2.011,88.730,-0.025,-1.678,1.985,88.543,-0.011,-0.045,-0.027,0.053,3,weighted_average,kalman(weighted_average),false
1788858392.993,99.417,-0.060,-1.816,1.916,88.579,-0.044,-1.738,1.955,88.860,0.016,0.078,0.039,0.089,3|18,weighted_average,kalman(weighted_average),false
1788858393.043,99.467,-0.047,-1.922,1.878,88.255,-0.047,-1.843,1.912,88.807,0.000,0.079,0.034,0.086,18,weighted_average,kalman(weighted_average),false
1788858393.094,99.517,-0.044,-1.623,1.959,90.050,-0.046,-1.724,1.935,89.630,-0.002,-0.102,-0.024,0.105,3,weighted_average,kalman(weighted_average),false
1788858393.147,99.570,-0.084,-1.813,1.868,89.603,-0.069,-1.765,1.895,89.879,0.014,0.048,0.028,0.057,3|18,weighted_average,kalman(weighted_average),false
1788858393.240,99.663,-0.243,-1.830,1.598,92.296,-0.206,-1.815,1.663,91.735,0.037,0.016,0.065,0.077,3|18,weighted_average,kalman(weighted_average),false
1788858393.286,99.710,-0.246,-1.833,1.575,92.393,-0.251,-1.834,1.572,92.426,-0.006,-0.000,-0.002,0.006,3|18,weighted_average,kalman(weighted_average),false
1788858393.342,99.765,-0.070,-1.834,1.927,89.498,-0.251,-1.834,1.572,91.182,-0.181,0.001,-0.355,0.399,3|18,weighted_average,kalman(weighted_average),true
1788858393.387,99.810,-0.089,-1.830,1.918,89.843,-0.125,-1.831,1.842,90.509,-0.036,-0.001,-0.076,0.084,3|18,weighted_average,kalman(weighted_average),false
1788858393.439,99.863,-0.088,-1.836,1.932,89.822,-0.084,-1.834,1.937,90.044,0.004,0.002,0.005,0.007,3|18,weighted_average,kalman(weighted_average),false
1788858393.528,99.952,-0.094,-1.824,1.902,89.946,-0.072,-1.827,1.954,89.791,0.023,-0.003,0.053,0.058,3|18,weighted_average,kalman(weighted_average),false
1788858393.580,100.004,-0.052,-1.837,1.941,89.213,-0.053,-1.833,1.956,89.370,-0.001,0.005,0.015,0.016,3|18,weighted_average,kalman(weighted_average),false
1788858393.630,100.054,-0.086,-1.827,1.920,89.783,-0.067,-1.829,1.940,89.467,0.019,-0.003,0.020,0.028,3|18,weighted_average,kalman(weighted_average),false
1788858393.682,100.106,-0.090,-1.821,1.910,89.847,-0.080,-1.824,1.923,89.598,0.010,-0.003,0.013,0.017,3|18,weighted_average,kalman(weighted_average),false
1788858393.735,100.159,-0.116,-1.813,1.904,90.297,-0.103,-1.816,1.909,89.945,0.013,-0.003,0.005,0.014,3|18,weighted_average,kalman(weighted_average),false
1788858393.831,100.255,-0.107,-1.812,1.925,90.149,-0.112,-1.810,1.917,90.140,-0.005,0.001,-0.008,0.009,3|18,weighted_average,kalman(weighted_average),false
1788858393.884,100.307,-0.054,-1.910,1.887,88.689,-0.075,-1.875,1.898,89.331,-0.022,0.035,0.011,0.042,18,weighted_average,kalman(weighted_average),false
1788858393.939,100.362,-0.048,-1.902,1.889,88.633,-0.053,-1.903,1.889,88.830,-0.005,-0.001,0.000,0.005,18,weighted_average,kalman(weighted_average),false
1788858393.986,100.410,-0.049,-1.897,1.892,88.647,-0.044,-1.909,1.888,88.593,0.005,-0.012,-0.004,0.014,18,weighted_average,kalman(weighted_average),false
1788858394.036,100.460,-0.052,-1.892,1.894,88.716,-0.043,-1.906,1.890,88.515,0.009,-0.014,-0.004,0.017,18,weighted_average,kalman(weighted_average),false
1788858394.126,100.550,-0.048,-1.880,1.895,88.680,-0.043,-1.891,1.893,88.483,0.005,-0.011,-0.002,0.012,18,weighted_average,kalman(weighted_average),false
1788858394.181,100.604,-0.049,-1.871,1.891,88.695,-0.046,-1.876,1.892,88.566,0.003,-0.005,0.001,0.006,18,weighted_average,kalman(weighted_average),false
1788858394.227,100.651,-0.046,-1.861,1.896,88.641,-0.046,-1.863,1.894,88.594,-0.000,-0.002,-0.002,0.003,18,weighted_average,kalman(weighted_average),false
1788858394.282,100.705,-0.048,-1.853,1.891,88.690,-0.047,-1.852,1.893,88.641,0.000,0.000,0.002,0.002,18,weighted_average,kalman(weighted_average),false
1788858394.329,100.753,-0.047,-1.840,1.895,88.691,-0.047,-1.841,1.894,88.672,-0.001,-0.001,-0.001,0.002,18,weighted_average,kalman(weighted_average),false
1788858394.419,100.843,-0.050,-1.832,1.899,88.736,-0.049,-1.829,1.898,88.724,0.001,0.003,-0.001,0.003,18,weighted_average,kalman(weighted_average),false
1788858394.468,100.892,-0.050,-1.816,1.891,88.736,-0.050,-1.818,1.894,88.742,-0.000,-0.002,0.003,0.004,18,weighted_average,kalman(weighted_average),false
1788858394.520,100.943,-0.049,-1.808,1.893,88.740,-0.050,-1.808,1.893,88.752,-0.001,-0.000,0.000,0.001,18,weighted_average,kalman(weighted_average),false
1788858394.570,100.993,-0.050,-1.794,1.892,88.733,-0.050,-1.796,1.892,88.750,-0.000,-0.002,0.000,0.002,18,weighted_average,kalman(weighted_average),false
1788858394.621,101.045,-0.051,-1.789,1.892,88.718,-0.051,-1.787,1.891,88.739,0.000,0.002,-0.000,0.002,18,weighted_average,kalman(weighted_average),false
1788858394.715,101.138,-0.053,-1.767,1.889,88.738,-0.053,-1.767,1.889,88.741,0.000,-0.001,0.000,0.001,18,weighted_average,kalman(weighted_average),false
1788858394.764,101.188,-0.060,-1.751,1.889,88.852,-0.058,-1.753,1.889,88.805,0.002,-0.002,-0.000,0.003,18,weighted_average,kalman(weighted_average),false
1788858394.830,101.253,-0.054,-1.745,1.889,88.720,-0.056,-1.742,1.888,88.768,-0.002,0.003,-0.000,0.003,18,weighted_average,kalman(weighted_average),false
1788858394.865,101.288,-0.054,-1.725,1.887,88.723,-0.055,-1.730,1.887,88.745,-0.001,-0.004,0.000,0.005,18,weighted_average,kalman(weighted_average),false
1788858394.917,101.340,-0.058,-1.722,1.896,88.773,-0.057,-1.720,1.892,88.755,0.001,0.002,-0.004,0.005,18,weighted_average,kalman(weighted_average),false
1788858395.008,101.432,-0.057,-1.693,1.889,88.740,-0.057,-1.694,1.890,88.744,-0.000,-0.002,0.002,0.002,18,weighted_average,kalman(weighted_average),false
1788858395.062,101.485,-0.060,-1.678,1.889,88.735,-0.059,-1.679,1.889,88.737,0.001,-0.001,0.000,0.001,18,weighted_average,kalman(weighted_average),false
1788858395.110,101.534,-0.066,-1.672,1.891,88.832,-0.064,-1.670,1.890,88.786,0.002,0.003,-0.001,0.004,18,weighted_average,kalman(weighted_average),false
1788858395.158,101.581,-0.068,-1.655,1.886,88.823,-0.067,-1.657,1.887,88.811,0.001,-0.001,0.002,0.002,18,weighted_average,kalman(weighted_average),false
1788858395.212,101.635,-0.065,-1.643,1.888,88.775,-0.067,-1.643,1.887,88.802,-0.002,0.000,-0.001,0.002,18,weighted_average,kalman(weighted_average),false
1788858395.304,101.727,-0.066,-1.615,1.880,88.757,-0.067,-1.616,1.882,88.777,-0.001,-0.001,0.001,0.002,18,weighted_average,kalman(weighted_average),false
1788858395.353,101.776,-0.067,-1.609,1.888,88.753,-0.067,-1.606,1.885,88.761,-0.000,0.002,-0.003,0.004,18,weighted_average,kalman(weighted_average),false
1788858395.405,101.829,-0.072,-1.591,1.883,88.827,-0.071,-1.592,1.884,88.793,0.002,-0.001,0.001,0.002,18,weighted_average,kalman(weighted_average),false
1788858395.454,101.878,-0.075,-1.586,1.885,88.835,-0.074,-1.583,1.884,88.817,0.001,0.003,-0.001,0.003,18,weighted_average,kalman(weighted_average),false
1788858395.510,101.933,-0.074,-1.566,1.874,88.792,-0.075,-1.568,1.878,88.810,-0.001,-0.002,0.004,0.004,18,weighted_average,kalman(weighted_average),false
1788858395.599,102.022,-0.078,-1.540,1.877,88.877,-0.078,-1.541,1.876,88.857,0.000,-0.001,-0.001,0.002,18,weighted_average,kalman(weighted_average),false
1788858395.652,102.075,-0.076,-1.531,1.880,88.833,-0.077,-1.529,1.878,88.851,-0.001,0.002,-0.002,0.003,18,weighted_average,kalman(weighted_average),false
1788858395.704,102.127,-0.081,-1.517,1.874,88.910,-0.080,-1.517,1.875,88.888,0.001,0.000,0.002,0.002,18,weighted_average,kalman(weighted_average),false
1788858395.753,102.177,-0.074,-1.503,1.874,88.819,-0.077,-1.503,1.874,88.861,-0.003,-0.000,-0.000,0.003,18,weighted_average,kalman(weighted_average),false
1788858395.806,102.229,-0.076,-1.485,1.873,88.849,-0.076,-1.487,1.873,88.856,-0.000,-0.002,-0.000,0.002,18,weighted_average,kalman(weighted_average),false
1788858395.896,102.320,-0.083,-1.464,1.868,88.949,-0.081,-1.464,1.869,88.917,0.002,0.001,0.001,0.002,18,weighted_average,kalman(weighted_average),false
1788858395.949,102.373,-0.078,-1.450,1.873,88.905,-0.080,-1.450,1.871,88.919,-0.002,-0.000,-0.002,0.003,18,weighted_average,kalman(weighted_average),false
1788858395.995,102.418,-0.081,-1.439,1.870,88.904,-0.081,-1.438,1.870,88.917,0.000,0.001,0.000,0.001,18,weighted_average,kalman(weighted_average),false
1788858396.047,102.471,-0.079,-1.428,1.870,88.884,-0.080,-1.427,1.870,88.904,-0.001,0.001,0.000,0.001,18,weighted_average,kalman(weighted_average),false
1788858396.096,102.520,-0.077,-1.408,1.863,88.872,-0.078,-1.411,1.865,88.888,-0.001,-0.003,0.003,0.004,18,weighted_average,kalman(weighted_average),false
1788858396.190,102.613,-0.077,-1.395,1.868,88.855,-0.077,-1.393,1.866,88.863,-0.000,0.002,-0.002,0.003,18,weighted_average,kalman(weighted_average),false
1788858396.240,102.663,-0.080,-1.380,1.864,88.904,-0.078,-1.381,1.865,88.882,0.001,-0.001,0.001,0.002,18,weighted_average,kalman(weighted_average),false
1788858396.290,102.714,-0.079,-1.368,1.857,88.919,-0.079,-1.369,1.860,88.902,0.000,-0.000,0.002,0.003,18,weighted_average,kalman(weighted_average),false
1788858396.342,102.766,-0.081,-1.354,1.856,88.937,-0.080,-1.355,1.857,88.924,0.001,-0.001,0.001,0.001,18,weighted_average,kalman(weighted_average),false
1788858396.390,102.814,-0.077,-1.343,1.859,88.886,-0.079,-1.343,1.857,88.910,-0.002,-0.000,-0.002,0.003,18,weighted_average,kalman(weighted_average),false
1788858396.485,102.908,-0.076,-1.316,1.845,88.916,-0.077,-1.317,1.847,88.916,-0.000,-0.001,0.002,0.002,18,weighted_average,kalman(weighted_average),false
1788858396.533,102.957,-0.075,-1.312,1.850,88.882,-0.076,-1.309,1.848,88.898,-0.000,0.003,-0.003,0.004,18,weighted_average,kalman(weighted_average),false
1788858396.589,103.012,-0.078,-1.284,1.835,89.004,-0.077,-1.289,1.838,88.955,0.001,-0.004,0.004,0.006,18,weighted_average,kalman(weighted_average),false
1788858396.638,103.062,-0.073,-1.277,1.836,88.905,-0.074,-1.276,1.835,88.936,-0.002,0.001,-0.001,0.002,18,weighted_average,kalman(weighted_average),false
1788858396.686,103.110,-0.075,-1.261,1.837,88.952,-0.074,-1.261,1.834,88.947,0.001,-0.001,-0.002,0.002,18,weighted_average,kalman(weighted_average),false
1788858396.778,103.202,-0.074,-1.236,1.833,88.918,-0.073,-1.236,1.832,88.933,0.000,0.000,-0.001,0.001,18,weighted_average,kalman(weighted_average),false
1788858396.828,103.251,-0.074,-1.226,1.835,88.926,-0.073,-1.224,1.833,88.928,0.000,0.002,-0.002,0.002,18,weighted_average,kalman(weighted_average),false
1788858396.879,103.303,-0.076,-1.205,1.828,88.994,-0.075,-1.207,1.830,88.962,0.001,-0.002,0.002,0.003,18,weighted_average,kalman(weighted_average),false
1788858396.928,103.352,-0.073,-1.196,1.826,88.952,-0.074,-1.195,1.827,88.961,-0.001,0.001,0.001,0.002,18,weighted_average,kalman(weighted_average),false
1788858396.986,103.409,-0.070,-1.176,1.824,88.908,-0.071,-1.177,1.824,88.936,-0.002,-0.001,0.000,0.002,18,weighted_average,kalman(weighted_average),false
1788858397.078,103.502,-0.072,-1.145,1.820,89.011,-0.072,-1.146,1.820,88.983,0.001,-0.001,0.000,0.002,18,weighted_average,kalman(weighted_average),false
1788858397.125,103.548,-0.063,-1.133,1.820,88.882,-0.066,-1.132,1.819,88.932,-0.003,0.000,-0.001,0.003,18,weighted_average,kalman(weighted_average),false
1788858397.181,103.604,-0.070,-1.117,1.816,88.996,-0.068,-1.116,1.817,88.964,0.002,0.001,0.001,0.003,18,weighted_average,kalman(weighted_average),false
1788858397.229,103.653,-0.071,-1.111,1.801,88.994,-0.069,-1.107,1.806,88.983,0.002,0.004,0.005,0.007,18,weighted_average,kalman(weighted_average),false
1788858397.280,103.704,-0.070,-1.091,1.810,89.016,-0.070,-1.092,1.806,89.005,0.000,-0.002,-0.004,0.004,18,weighted_average,kalman(weighted_average),false
1788858397.374,103.798,-0.076,-1.069,1.805,89.097,-0.074,-1.068,1.804,89.075,0.001,0.000,-0.001,0.002,18,weighted_average,kalman(weighted_average),false
1788858397.421,103.845,-0.068,-1.049,1.804,89.041,-0.071,-1.051,1.803,89.068,-0.003,-0.003,-0.001,0.004,18,weighted_average,kalman(weighted_average),false
1788858397.474,103.898,-0.071,-1.035,1.805,89.074,-0.071,-1.035,1.804,89.080,-0.000,-0.000,-0.001,0.001,18,weighted_average,kalman(weighted_average),false
1788858397.523,103.947,-0.065,-1.023,1.802,89.000,-0.067,-1.022,1.802,89.045,-0.002,0.001,0.001,0.002,18,weighted_average,kalman(weighted_average),false
1788858397.576,103.999,-0.315,-0.578,1.680,93.432,-0.067,-1.022,1.802,91.351,0.247,-0.444,0.123,0.523,3,weighted_average,kalman(weighted_average),true
1788858397.666,104.090,-0.069,-0.984,1.809,89.081,-0.069,-0.989,1.808,90.382,0.000,-0.006,-0.001,0.006,18,weighted_average,kalman(weighted_average),false
1788858397.719,104.142,-0.067,-0.969,1.800,89.073,-0.068,-0.972,1.804,89.607,-0.001,-0.003,0.003,0.005,18,weighted_average,kalman(weighted_average),false
1788858397.769,104.193,-0.070,-0.958,1.807,89.097,-0.069,-0.958,1.806,89.191,0.001,0.000,-0.002,0.002,18,weighted_average,kalman(weighted_average),false
1788858397.819,104.242,-0.549,-0.559,0.972,96.331,-0.069,-0.958,1.806,92.769,0.480,-0.399,0.834,1.041,3,weighted_average,kalman(weighted_average),true
1788858397.879,104.302,-0.070,-0.928,1.815,89.153,-0.070,-0.934,1.813,91.338,0.000,-0.006,-0.002,0.006,18,weighted_average,kalman(weighted_average),false
1788858397.973,104.397,-0.452,-0.476,1.116,95.066,-0.070,-0.934,1.813,93.913,0.382,-0.459,0.697,0.918,3,weighted_average,kalman(weighted_average),true
1788858398.024,104.448,-0.065,-0.892,1.814,89.081,-0.065,-0.897,1.814,91.491,-0.001,-0.005,-0.000,0.005,18,weighted_average,kalman(weighted_average),false
1788858398.074,104.497,-0.475,-0.431,1.615,95.349,-0.065,-0.897,1.814,93.467,0.410,-0.466,0.198,0.651,3,weighted_average,kalman(weighted_average),true
1788858398.123,104.547,-0.059,-0.858,1.833,89.071,-0.060,-0.866,1.829,91.418,-0.001,-0.008,-0.004,0.009,18,weighted_average,kalman(weighted_average),false
1788858398.176,104.599,-0.062,-0.848,1.827,89.067,-0.061,-0.851,1.830,89.998,0.001,-0.002,0.003,0.004,18,weighted_average,kalman(weighted_average),false
1788858398.265,104.688,-0.096,-0.823,1.831,89.664,-0.087,-0.824,1.832,89.320,0.009,-0.002,0.001,0.010,18,weighted_average,kalman(weighted_average),false
1788858398.316,104.739,-0.029,-0.395,1.996,89.859,-0.087,-0.824,1.832,89.405,-0.058,-0.429,-0.164,0.463,3,weighted_average,kalman(weighted_average),true
1788858398.364,104.787,-0.156,-0.393,2.140,91.450,-0.087,-0.824,1.832,90.361,0.069,-0.431,-0.308,0.534,3,weighted_average,kalman(weighted_average),true
1788858398.420,104.843,-0.632,-0.375,1.006,97.158,-0.087,-0.824,1.832,94.104,0.545,-0.449,0.826,1.087,3,weighted_average,kalman(weighted_average),true
1788858398.466,104.889,-0.328,-0.300,1.423,93.473,-0.311,-0.336,1.451,94.414,0.017,-0.036,0.028,0.049,3,weighted_average,kalman(weighted_average),false
1788858398.556,104.979,-0.058,-0.746,1.834,89.127,-0.311,-0.336,1.451,91.688,-0.253,0.409,-0.383,0.615,18,weighted_average,kalman(weighted_average),true
1788858398.608,105.031,-0.053,-0.748,1.893,88.121,-0.311,-0.336,1.451,89.386,-0.258,0.412,-0.442,0.657,17,weighted_average,kalman(weighted_average),true
1788858398.658,105.081,-0.050,-0.743,1.898,88.044,-0.069,-0.713,1.864,88.123,-0.020,0.031,-0.034,0.050,17,weighted_average,kalman(weighted_average),false
1788858398.710,105.134,-0.059,-0.729,1.916,88.298,-0.039,-0.761,1.939,87.623,0.020,-0.031,0.023,0.044,17,weighted_average,kalman(weighted_average),false
1788858398.757,105.181,-0.059,-0.714,1.916,88.291,-0.031,-0.763,1.962,87.531,0.028,-0.050,0.046,0.073,17,weighted_average,kalman(weighted_average),false
1788858398.855,105.279,-0.058,-0.683,1.904,88.327,-0.038,-0.723,1.946,87.632,0.021,-0.039,0.042,0.061,17,weighted_average,kalman(weighted_average),false
1788858398.900,105.323,-0.057,-0.669,1.918,88.304,-0.049,-0.685,1.929,87.941,0.008,-0.016,0.011,0.021,17,weighted_average,kalman(weighted_average),false
1788858398.956,105.379,-0.056,-0.659,1.911,88.314,-0.055,-0.660,1.915,88.147,0.001,-0.000,0.004,0.004,17,weighted_average,kalman(weighted_average),false
1788858399.003,105.426,-0.069,-0.630,1.924,88.695,-0.065,-0.633,1.917,88.464,0.004,-0.003,-0.007,0.009,17,weighted_average,kalman(weighted_average),false
1788858399.054,105.477,-0.060,-0.624,1.921,88.486,-0.065,-0.617,1.917,88.553,-0.005,0.007,-0.003,0.009,17,weighted_average,kalman(weighted_average),false
1788858399.144,105.567,-0.064,-0.609,1.914,88.611,-0.066,-0.602,1.914,88.675,-0.002,0.007,-0.000,0.008,17,weighted_average,kalman(weighted_average),false
1788858399.188,105.612,-0.056,-0.589,1.915,88.507,-0.060,-0.590,1.914,88.619,-0.004,-0.001,-0.001,0.004,17,weighted_average,kalman(weighted_average),false
1788858399.242,105.666,-0.061,-0.577,1.913,88.653,-0.060,-0.577,1.913,88.659,0.001,-0.000,-0.000,0.001,17,weighted_average,kalman(weighted_average),false
1788858399.292,105.715,-0.062,-0.569,1.912,88.678,-0.061,-0.567,1.912,88.688,0.001,0.001,-0.000,0.002,17,weighted_average,kalman(weighted_average),false
1788858399.346,105.769,-0.054,-0.562,1.916,88.493,-0.057,-0.559,1.914,88.603,-0.003,0.003,-0.002,0.004,17,weighted_average,kalman(weighted_average),false
1788858399.441,105.864,-0.052,-0.531,1.889,88.521,-0.053,-0.534,1.895,88.544,-0.000,-0.002,0.006,0.007,17,weighted_average,kalman(weighted_average),false
1788858399.488,105.912,-0.052,-0.530,1.909,88.506,-0.051,-0.527,1.901,88.513,0.000,0.003,-0.008,0.009,17,weighted_average,kalman(weighted_average),false
1788858399.540,105.963,-0.050,-0.520,1.921,88.449,-0.050,-0.519,1.913,88.466,-0.000,0.001,-0.008,0.008,17,weighted_average,kalman(weighted_average),false
1788858399.589,106.013,-0.052,-0.511,1.918,88.502,-0.050,-0.510,1.918,88.469,0.002,0.001,-0.000,0.002,17,weighted_average,kalman(weighted_average),false
1788858399.643,106.066,-0.054,-0.491,1.908,88.574,-0.052,-0.495,1.914,88.514,0.002,-0.004,0.006,0.007,17,weighted_average,kalman(weighted_average),false
1788858399.731,106.154,-0.050,-0.481,1.923,88.492,-0.051,-0.479,1.921,88.501,-0.001,0.001,-0.002,0.003,17,weighted_average,kalman(weighted_average),false
1788858399.783,106.207,-0.053,-0.457,1.917,88.602,-0.052,-0.461,1.919,88.558,0.001,-0.004,0.003,0.005,17,weighted_average,kalman(weighted_average),false
1788858399.833,106.256,-0.051,-0.446,1.910,88.519,-0.052,-0.447,1.914,88.545,-0.001,-0.001,0.004,0.004,17,weighted_average,kalman(weighted_average),false
1788858399.888,106.312,-0.053,-0.433,1.914,88.582,-0.052,-0.433,1.913,88.569,0.000,0.000,-0.001,0.001,17,weighted_average,kalman(weighted_average),false
1788858399.938,106.361,-0.055,-0.416,1.912,88.638,-0.054,-0.417,1.912,88.611,0.001,-0.001,-0.000,0.002,17,weighted_average,kalman(weighted_average),false
1788858400.033,106.456,-0.056,-0.391,1.915,88.663,-0.056,-0.391,1.914,88.660,0.000,0.000,-0.001,0.001,17,weighted_average,kalman(weighted_average),false
1788858400.082,106.505,-0.041,-0.394,1.894,88.304,-0.046,-0.388,1.901,88.466,-0.006,0.006,0.007,0.011,17,weighted_average,kalman(weighted_average),false
1788858400.129,106.552,-0.049,-0.381,1.923,88.510,-0.047,-0.380,1.912,88.466,0.003,0.001,-0.011,0.011,17,weighted_average,kalman(weighted_average),false
1788858400.187,106.610,-0.048,-0.362,1.917,88.492,-0.047,-0.365,1.916,88.462,0.001,-0.003,-0.001,0.003,17,weighted_average,kalman(weighted_average),false
1788858400.232,106.655,-0.067,-0.331,1.925,88.906,-0.058,-0.341,1.922,88.678,0.009,-0.010,-0.003,0.014,17,weighted_average,kalman(weighted_average),false
1788858400.322,106.746,-0.051,-0.329,1.920,88.518,-0.055,-0.324,1.923,88.614,-0.004,0.005,0.003,0.007,17,weighted_average,kalman(weighted_average),false
1788858400.376,106.800,-0.053,-0.305,1.920,88.588,-0.053,-0.307,1.921,88.598,-0.000,-0.002,0.001,0.003,17,weighted_average,kalman(weighted_average),false
1788858400.423,106.846,-0.052,-0.300,1.930,88.546,-0.052,-0.298,1.927,88.568,-0.000,0.002,-0.004,0.004,17,weighted_average,kalman(weighted_average),false
1788858400.476,106.899,-0.059,-0.284,1.948,88.654,-0.056,-0.285,1.941,88.606,0.003,-0.001,-0.007,0.008,17,weighted_average,kalman(weighted_average),false
1788858400.524,106.948,-0.056,-0.274,1.938,88.584,-0.057,-0.273,1.942,88.597,-0.001,0.000,0.004,0.004,17,weighted_average,kalman(weighted_average),false
1788858400.617,107.041,-0.052,-0.258,1.960,88.437,-0.053,-0.256,1.958,88.492,-0.002,0.002,-0.002,0.003,17,weighted_average,kalman(weighted_average),false
1788858400.666,107.089,-0.058,-0.225,1.928,88.587,-0.056,-0.233,1.942,88.531,0.002,-0.008,0.013,0.015,17,weighted_average,kalman(weighted_average),false
1788858400.721,107.144,-0.066,-0.211,1.951,88.765,-0.062,-0.213,1.947,88.656,0.004,-0.002,-0.005,0.006,17,weighted_average,kalman(weighted_average),false
1788858400.768,107.192,-0.064,-0.194,1.934,88.697,-0.064,-0.195,1.939,88.694,-0.001,-0.001,0.005,0.006,17,weighted_average,kalman(weighted_average),false
1788858400.819,107.242,-0.069,-0.184,1.954,88.785,-0.068,-0.181,1.947,88.760,0.001,0.003,-0.007,0.008,17,weighted_average,kalman(weighted_average),false
1788858400.913,107.337,-0.051,-0.163,1.909,88.433,-0.057,-0.160,1.919,88.575,-0.005,0.003,0.010,0.012,17,weighted_average,kalman(weighted_average),false
1788858400.962,107.385,-0.078,-0.126,1.936,88.991,-0.069,-0.134,1.926,88.792,0.009,-0.008,-0.010,0.016,17,weighted_average,kalman(weighted_average),false
1788858401.016,107.439,-0.054,-0.135,1.926,88.506,-0.061,-0.127,1.924,88.656,-0.007,0.007,-0.001,0.010,17,weighted_average,kalman(weighted_average),false
1788858401.063,107.486,-0.065,-0.113,1.931,88.706,-0.063,-0.114,1.927,88.673,0.003,-0.001,-0.004,0.005,17,weighted_average,kalman(weighted_average),false
1788858401.113,107.536,-0.070,-0.095,1.909,88.814,-0.067,-0.097,1.916,88.742,0.003,-0.002,0.007,0.008,17,weighted_average,kalman(weighted_average),false
1788858401.211,107.634,-0.066,-0.074,1.928,88.741,-0.067,-0.072,1.923,88.754,-0.001,0.001,-0.005,0.005,17,weighted_average,kalman(weighted_average),false
1788858401.254,107.678,-0.074,-0.058,1.942,88.932,-0.071,-0.059,1.936,88.857,0.003,-0.001,-0.006,0.007,17,weighted_average,kalman(weighted_average),false
1788858401.310,107.734,-0.056,-0.043,1.894,88.599,-0.062,-0.043,1.912,88.735,-0.007,-0.000,0.018,0.020,17,weighted_average,kalman(weighted_average),false
1788858401.356,107.780,-0.063,-0.036,1.911,88.804,-0.062,-0.034,1.909,88.763,0.002,0.002,-0.002,0.004,17,weighted_average,kalman(weighted_average),false
1788858401.408,107.831,-0.054,-0.034,1.929,89.229,-0.056,-0.029,1.919,89.004,-0.002,0.005,-0.010,0.012,17,weighted_average,kalman(weighted_average),false
1788858401.495,107.919,-0.037,-0.024,1.885,90.044,-0.041,-0.021,1.894,89.721,-0.004,0.003,0.010,0.011,17,weighted_average,kalman(weighted_average),false
1788858401.551,107.974,-0.079,-0.000,1.915,91.184,-0.063,-0.005,1.904,90.706,0.016,-0.005,-0.011,0.020,17,weighted_average,kalman(weighted_average),false
1788858401.596,108.020,-0.073,0.004,1.924,91.443,-0.071,0.004,1.916,91.318,0.002,-0.000,-0.008,0.008,17,weighted_average,kalman(weighted_average),false
1788858401.649,108.073,-0.052,0.009,1.912,91.732,-0.062,0.011,1.915,91.821,-0.011,0.002,0.004,0.012,17,weighted_average,kalman(weighted_average),false
1788858401.699,108.122,-0.093,0.037,1.937,93.099,-0.081,0.030,1.929,92.738,0.012,-0.007,-0.008,0.016,17,weighted_average,kalman(weighted_average),false
1788858401.792,108.216,-0.088,0.045,1.960,93.650,-0.090,0.047,1.955,93.764,-0.002,0.002,-0.004,0.005,17,weighted_average,kalman(weighted_average),false
1788858401.845,108.269,-0.050,0.038,1.899,93.495,-0.065,0.044,1.922,93.868,-0.016,0.007,0.024,0.029,17,weighted_average,kalman(weighted_average),false
1788858401.895,108.319,-0.070,0.061,1.885,94.175,-0.065,0.056,1.896,94.219,0.005,-0.005,0.011,0.013,17,weighted_average,kalman(weighted_average),false
1788858401.944,108.368,-1.250,0.464,0.755,108.275,-0.065,0.056,1.896,101.761,1.185,-0.408,1.142,1.695,3,weighted_average,kalman(weighted_average),true
1788858401.994,108.418,-0.675,0.639,1.260,102.703,-0.065,0.056,1.896,103.646,0.610,-0.583,0.637,1.057,3,weighted_average,kalman(weighted_average),true
1788858402.085,108.508,-0.525,0.646,1.050,102.102,-0.065,0.056,1.896,104.280,0.460,-0.590,0.846,1.129,3,weighted_average,kalman(weighted_average),true
1788858402.134,108.557,-0.474,0.659,0.959,102.132,-0.065,0.056,1.896,103.552,0.409,-0.603,0.937,1.187,3,weighted_average,kalman(weighted_average),true
1788858402.185,108.608,-0.350,0.706,1.674,101.304,-0.340,0.682,1.682,102.566,0.010,-0.024,0.008,0.027,3,weighted_average,kalman(weighted_average),false
1788858402.232,108.656,-0.958,0.652,1.152,107.787,-0.340,0.682,1.682,105.243,0.619,0.030,0.530,0.815,3,weighted_average,kalman(weighted_average),true
1788858402.283,108.706,-1.015,0.651,1.322,108.657,-0.340,0.682,1.682,107.447,0.675,0.031,0.360,0.766,3,weighted_average,kalman(weighted_average),true
1788858402.379,108.803,0.088,0.684,2.035,98.672,0.054,0.683,2.007,102.501,-0.034,-0.000,-0.028,0.044,3,weighted_average,kalman(weighted_average),false
1788858402.424,108.848,-0.959,0.692,1.403,109.117,0.054,0.683,2.007,105.699,1.013,-0.009,0.604,1.180,3,weighted_average,kalman(weighted_average),true
1788858402.478,108.901,-0.431,0.762,1.504,104.422,0.054,0.683,2.007,105.129,0.485,-0.079,0.503,0.703,3,weighted_average,kalman(weighted_average),true
1788858402.525,108.948,-0.593,0.741,1.890,106.405,0.054,0.683,2.007,105.774,0.646,-0.057,0.117,0.660,3,weighted_average,kalman(weighted_average),true
1788858402.579,109.003,-0.632,0.766,1.641,107.186,0.054,0.683,2.007,106.625,0.686,-0.083,0.366,0.782,3,weighted_average,kalman(weighted_average),true
1788858402.673,109.097,0.275,0.734,1.967,99.148,0.268,0.732,1.968,101.929,-0.007,-0.002,0.001,0.007,3,weighted_average,kalman(weighted_average),false
1788858402.721,109.144,-0.279,0.782,1.001,104.587,0.268,0.732,1.968,102.826,0.548,-0.050,0.967,1.113,3,weighted_average,kalman(weighted_average),true
1788858402.778,109.201,-0.410,0.586,1.937,105.547,0.268,0.732,1.968,104.025,0.678,0.146,0.031,0.694,5,weighted_average,kalman(weighted_average),true
1788858402.824,109.248,-0.424,0.591,1.919,106.019,0.268,0.732,1.968,105.077,0.693,0.141,0.049,0.709,5,weighted_average,kalman(weighted_average),true
1788858402.881,109.304,-0.440,0.599,1.917,106.455,-0.398,0.607,1.920,106.020,0.042,0.008,0.003,0.043,5,weighted_average,kalman(weighted_average),false
1788858402.978,109.401,-0.475,0.623,1.933,107.835,-0.526,0.607,1.926,107.597,-0.051,-0.016,-0.008,0.054,5,weighted_average,kalman(weighted_average),false
1788858403.030,109.453,-0.495,0.626,1.931,108.365,-0.536,0.617,1.929,108.363,-0.041,-0.009,-0.002,0.042,5,weighted_average,kalman(weighted_average),false
1788858403.080,109.503,-0.503,0.633,1.946,108.931,-0.534,0.628,1.940,109.007,-0.031,-0.005,-0.006,0.032,5,weighted_average,kalman(weighted_average),false
1788858403.126,109.549,-0.518,0.643,1.908,109.324,-0.535,0.638,1.923,109.484,-0.017,-0.004,0.015,0.023,5,weighted_average,kalman(weighted_average),false
1788858403.177,109.600,-0.544,0.649,1.947,110.065,-0.547,0.648,1.936,110.101,-0.003,-0.001,-0.011,0.012,5,weighted_average,kalman(weighted_average),false
1788858403.271,109.694,-0.562,0.663,1.933,110.765,-0.565,0.664,1.936,110.941,-0.003,0.000,0.002,0.003,5,weighted_average,kalman(weighted_average),false
1788858403.317,109.741,-0.585,0.677,1.912,111.489,-0.581,0.675,1.921,111.457,0.004,-0.002,0.009,0.010,5,weighted_average,kalman(weighted_average),false
1788858403.366,109.789,-0.620,0.684,1.942,112.375,-0.610,0.684,1.931,112.184,0.010,0.000,-0.011,0.015,5,weighted_average,kalman(weighted_average),false
1788858403.419,109.842,-0.626,0.689,1.932,112.678,-0.628,0.691,1.932,112.744,-0.002,0.002,-0.000,0.003,5,weighted_average,kalman(weighted_average),false
1788858403.466,109.890,-0.643,0.703,1.931,113.031,-0.644,0.701,1.932,113.160,-0.001,-0.002,0.001,0.002,5,weighted_average,kalman(weighted_average),false
1788858403.563,109.987,-0.680,0.711,1.928,114.193,-0.680,0.713,1.930,114.190,0.000,0.002,0.001,0.002,5,weighted_average,kalman(weighted_average),false
1788858403.616,110.039,-0.720,0.723,1.919,115.070,-0.713,0.722,1.922,114.936,0.007,-0.001,0.003,0.008,5,weighted_average,kalman(weighted_average),false
1788858403.664,110.088,-0.715,0.722,1.928,115.310,-0.723,0.725,1.924,115.405,-0.008,0.003,-0.004,0.009,5,weighted_average,kalman(weighted_average),false
1788858403.719,110.142,-0.744,0.737,1.924,115.967,-0.744,0.735,1.924,115.988,-0.000,-0.002,-0.000,0.002,5,weighted_average,kalman(weighted_average),false
1788858403.763,110.186,-0.785,0.745,1.921,116.877,-0.774,0.743,1.922,116.675,0.011,-0.002,0.001,0.011,5,weighted_average,kalman(weighted_average),false
1788858403.860,110.283,-0.811,0.752,1.905,117.632,-0.814,0.754,1.909,117.714,-0.003,0.002,0.003,0.005,5,weighted_average,kalman(weighted_average),false
1788858403.912,110.336,-0.845,0.755,1.910,118.488,-0.842,0.757,1.907,118.412,0.003,0.001,-0.002,0.004,5,weighted_average,kalman(weighted_average),false
1788858403.960,110.383,-0.851,0.765,1.906,118.759,-0.856,0.763,1.905,118.863,-0.005,-0.001,-0.001,0.005,5,weighted_average,kalman(weighted_average),false
1788858404.013,110.437,-0.877,0.772,1.915,119.463,-0.877,0.771,1.910,119.462,-0.000,-0.001,-0.005,0.005,5,weighted_average,kalman(weighted_average),false
1788858404.061,110.484,-0.894,0.777,1.938,120.072,-0.895,0.777,1.927,120.035,-0.001,-0.000,-0.012,0.012,5,weighted_average,kalman(weighted_average),false
1788858404.155,110.579,-0.916,0.783,1.909,120.766,-0.920,0.784,1.917,120.886,-0.004,0.001,0.008,0.009,5,weighted_average,kalman(weighted_average),false
1788858404.203,110.627,-0.921,0.792,1.918,120.990,-0.926,0.791,1.916,121.149,-0.004,-0.001,-0.001,0.005,5,weighted_average,kalman(weighted_average),false
1788858404.255,110.679,-0.955,0.793,1.932,121.831,-0.948,0.795,1.925,121.718,0.007,0.001,-0.007,0.010,5,weighted_average,kalman(weighted_average),false
1788858404.308,110.731,-0.984,0.796,1.930,122.608,-0.977,0.798,1.930,122.423,0.008,0.001,-0.001,0.008,5,weighted_average,kalman(weighted_average),false
1788858404.356,110.779,-1.009,0.799,1.925,123.090,-1.004,0.800,1.928,123.018,0.005,0.001,0.003,0.006,5,weighted_average,kalman(weighted_average),false
1788858404.454,110.878,-1.034,0.810,1.915,123.961,-1.038,0.809,1.919,124.018,-0.004,-0.001,0.004,0.005,5,weighted_average,kalman(weighted_average),false
1788858404.500,110.923,-1.046,0.818,1.937,124.467,-1.050,0.816,1.929,124.480,-0.003,-0.002,-0.008,0.009,5,weighted_average,kalman(weighted_average),false
1788858404.553,110.977,-0.808,0.917,2.184,118.417,-1.050,0.816,1.929,121.395,-0.242,-0.100,-0.254,0.365,13,weighted_average,kalman(weighted_average),true
1788858404.601,111.025,-1.099,0.673,1.980,126.098,-1.089,0.704,1.969,123.502,0.011,0.031,-0.011,0.035,13,weighted_average,kalman(weighted_average),false
1788858404.657,111.081,-1.121,0.667,1.979,126.699,-1.115,0.664,1.982,125.332,0.006,-0.003,0.002,0.007,13,weighted_average,kalman(weighted_average),false
1788858404.755,111.179,-1.152,0.682,1.944,127.697,-1.152,0.660,1.959,127.428,0.000,-0.021,0.014,0.025,13,weighted_average,kalman(weighted_average),false
1788858404.803,111.227,-1.178,0.686,1.958,128.426,-1.175,0.674,1.956,128.401,0.003,-0.011,-0.003,0.012,13,weighted_average,kalman(weighted_average),false
1788858404.855,111.278,-1.200,0.687,1.945,128.942,-1.199,0.683,1.947,129.158,0.001,-0.004,0.002,0.005,13,weighted_average,kalman(weighted_average),false
1788858404.905,111.328,-1.213,0.699,1.978,129.436,-1.216,0.694,1.963,129.729,-0.003,-0.004,-0.015,0.016,13,weighted_average,kalman(weighted_average),false
1788858404.953,111.377,-1.236,0.690,1.953,130.144,-1.236,0.695,1.958,130.310,0.001,0.005,0.005,0.007,13,weighted_average,kalman(weighted_average),false
1788858405.048,111.471,-1.289,0.692,1.955,131.448,-1.286,0.695,1.956,131.524,0.004,0.003,0.001,0.005,13,weighted_average,kalman(weighted_average),false
1788858405.094,111.518,-1.295,0.685,1.982,131.865,-1.300,0.689,1.972,131.989,-0.005,0.004,-0.010,0.012,13,weighted_average,kalman(weighted_average),false
1788858405.146,111.569,-1.298,0.718,1.967,132.066,-1.307,0.706,1.972,132.318,-0.009,-0.012,0.004,0.016,13,weighted_average,kalman(weighted_average),false
1788858405.194,111.618,-1.334,0.708,1.978,133.099,-1.329,0.710,1.977,132.962,0.005,0.002,-0.001,0.006,13,weighted_average,kalman(weighted_average),false
1788858405.247,111.670,-1.354,0.697,1.991,133.736,-1.351,0.704,1.987,133.646,0.003,0.007,-0.004,0.008,13,weighted_average,kalman(weighted_average),false
1788858405.343,111.766,-1.399,0.701,1.968,135.031,-1.397,0.702,1.976,134.949,0.002,0.001,0.007,0.008,13,weighted_average,kalman(weighted_average),false
1788858405.390,111.813,-1.396,0.705,1.979,135.256,-1.404,0.704,1.977,135.387,-0.008,-0.001,-0.002,0.008,13,weighted_average,kalman(weighted_average),false
1788858405.441,111.864,-1.426,0.704,1.983,136.159,-1.424,0.704,1.980,136.081,0.002,0.000,-0.003,0.004,13,weighted_average,kalman(weighted_average),false
1788858405.492,111.915,-1.443,0.700,1.969,136.670,-1.443,0.701,1.974,136.691,0.000,0.002,0.004,0.005,13,weighted_average,kalman(weighted_average),false
1788858405.544,111.967,-1.461,0.707,1.968,137.374,-1.462,0.704,1.969,137.353,-0.000,-0.003,0.001,0.003,13,weighted_average,kalman(weighted_average),false
1788858405.637,112.060,-1.493,0.712,1.926,138.566,-1.493,0.711,1.935,138.546,-0.001,-0.002,0.009,0.009,13,weighted_average,kalman(weighted_average),false
1788858405.689,112.112,-1.501,0.708,1.983,138.955,-1.505,0.710,1.961,139.061,-0.003,0.002,-0.022,0.022,13,weighted_average,kalman(weighted_average),false
1788858405.741,112.164,-1.521,0.722,1.956,139.610,-1.521,0.718,1.959,139.636,0.001,-0.004,0.003,0.005,13,weighted_average,kalman(weighted_average),false
1788858405.793,112.216,-1.521,0.722,1.956,139.610,-1.527,0.722,1.957,139.897,-0.006,0.000,0.002,0.006,13,weighted_average,kalman(weighted_average),false
1788858405.842,112.265,-1.544,0.736,1.916,140.649,-1.542,0.732,1.933,140.501,0.003,-0.004,0.017,0.017,13,weighted_average,kalman(weighted_average),false
1788858405.939,112.363,-1.552,0.740,1.944,141.272,-1.556,0.741,1.936,141.347,-0.003,0.001,-0.008,0.008,13,weighted_average,kalman(weighted_average),false
1788858405.986,112.409,-1.572,0.739,1.931,142.110,-1.569,0.742,1.933,141.962,0.003,0.002,0.002,0.004,13,weighted_average,kalman(weighted_average),false
1788858406.035,112.458,-1.594,0.745,1.932,142.853,-1.588,0.745,1.932,142.679,0.006,-0.000,-0.000,0.006,13,weighted_average,kalman(weighted_average),false
1788858406.087,112.511,-1.584,0.756,1.952,142.927,-1.591,0.753,1.944,143.106,-0.008,-0.003,-0.009,0.012,13,weighted_average,kalman(weighted_average),false
1788858406.137,112.560,-1.443,-0.960,0.987,171.346,-1.591,0.753,1.944,158.001,-0.149,1.714,0.956,1.968,4,weighted_average,kalman(weighted_average),true
1788858406.232,112.655,-1.577,0.768,2.038,143.724,-1.579,0.766,2.025,152.110,-0.002,-0.002,-0.013,0.014,4,weighted_average,kalman(weighted_average),false
1788858406.282,112.705,-1.570,0.764,2.101,144.028,-1.571,0.766,2.084,147.376,-0.002,0.002,-0.017,0.017,4,weighted_average,kalman(weighted_average),false
1788858406.331,112.754,-1.577,0.812,2.037,144.162,-1.573,0.795,2.071,144.826,0.004,-0.017,0.033,0.038,4,weighted_average,kalman(weighted_average),false
1788858406.386,112.810,-1.572,0.829,2.056,144.216,-1.571,0.822,2.069,143.440,0.001,-0.006,0.012,0.014,4,weighted_average,kalman(weighted_average),false
1788858406.434,112.857,-1.583,0.796,2.060,145.425,-1.578,0.814,2.066,143.658,0.006,0.018,0.006,0.020,4,weighted_average,kalman(weighted_average),false
1788858406.530,112.953,-1.597,0.803,2.013,145.588,-1.593,0.809,2.028,144.234,0.004,0.006,0.014,0.016,4,weighted_average,kalman(weighted_average),false
1788858406.582,113.005,-1.580,0.852,2.066,145.067,-1.587,0.837,2.048,144.653,-0.007,-0.015,-0.019,0.025,4,weighted_average,kalman(weighted_average),false
1788858406.628,113.052,-1.608,0.808,1.994,146.286,-1.600,0.824,2.015,145.543,0.008,0.016,0.021,0.028,4,weighted_average,kalman(weighted_average),false
1788858406.679,113.102,-1.604,0.826,1.993,146.760,-1.605,0.826,1.996,146.350,-0.001,-0.001,0.003,0.003,4,weighted_average,kalman(weighted_average),false
1788858406.729,113.153,-1.612,0.820,2.017,147.613,-1.611,0.823,2.002,147.250,0.001,0.003,-0.015,0.016,4,weighted_average,kalman(weighted_average),false
1788858406.823,113.246,-1.634,0.765,2.013,149.293,-1.631,0.779,2.007,149.006,0.003,0.014,-0.006,0.015,4,weighted_average,kalman(weighted_average),false
1788858406.874,113.298,-1.622,0.840,1.991,148.532,-1.628,0.813,1.997,149.092,-0.007,-0.028,0.006,0.029,4,weighted_average,kalman(weighted_average),false
1788858406.925,113.349,-1.609,0.839,2.050,149.144,-1.618,0.831,2.029,149.381,-0.009,-0.009,-0.021,0.025,4,weighted_average,kalman(weighted_average),false
1788858406.976,113.399,-1.634,0.763,2.031,151.177,-1.627,0.794,2.035,150.548,0.007,0.031,0.004,0.032,4,weighted_average,kalman(weighted_average),false
1788858407.028,113.452,-1.604,0.855,2.043,149.938,-1.614,0.827,2.044,150.580,-0.010,-0.028,0.001,0.030,4,weighted_average,kalman(weighted_average),false
1788858407.125,113.549,-1.634,0.812,1.934,151.399,-1.627,0.820,1.963,151.424,0.007,0.007,0.029,0.031,4,weighted_average,kalman(weighted_average),false
1788858407.178,113.601,-1.569,0.898,2.080,150.247,-1.590,0.871,2.029,150.922,-0.021,-0.027,-0.051,0.061,4,weighted_average,kalman(weighted_average),false
1788858407.221,113.644,-1.586,0.847,2.110,151.249,-1.583,0.864,2.081,151.134,0.003,0.017,-0.029,0.034,4,weighted_average,kalman(weighted_average),false
1788858407.269,113.692,-1.625,0.742,2.080,153.384,-1.603,0.797,2.092,152.351,0.022,0.055,0.013,0.061,4,weighted_average,kalman(weighted_average),false
1788858407.324,113.747,-1.644,0.728,1.998,153.896,-1.629,0.745,2.044,153.438,0.015,0.017,0.047,0.052,4,weighted_average,kalman(weighted_average),false
1788858407.423,113.847,-1.619,0.778,1.948,153.298,-1.626,0.755,1.965,153.792,-0.008,-0.023,0.017,0.030,4,weighted_average,kalman(weighted_average),false
1788858407.477,113.901,-1.657,0.650,1.916,155.437,-1.647,0.684,1.919,154.920,0.010,0.034,0.004,0.035,4,weighted_average,kalman(weighted_average),false
1788858407.527,113.950,-1.599,0.826,1.949,152.490,-1.621,0.761,1.924,153.857,-0.021,-0.065,-0.026,0.073,4,weighted_average,kalman(weighted_average),false
1788858407.579,114.003,-1.612,0.772,1.936,153.396,-1.613,0.774,1.923,153.619,-0.001,0.002,-0.013,0.013,4,weighted_average,kalman(weighted_average),false
1788858407.628,114.052,-1.612,0.769,1.936,153.437,-1.609,0.777,1.927,153.490,0.002,0.008,-0.009,0.012,4,weighted_average,kalman(weighted_average),false
1788858407.723,114.147,-1.605,0.755,2.012,153.562,-1.604,0.765,1.989,153.478,0.001,0.010,-0.023,0.025,4,weighted_average,kalman(weighted_average),false
1788858407.771,114.194,-1.615,0.725,2.040,154.038,-1.610,0.738,2.031,153.782,0.005,0.013,-0.009,0.017,4,weighted_average,kalman(weighted_average),false
1788858407.827,114.250,-1.600,0.772,2.022,153.269,-1.604,0.754,2.039,153.537,-0.004,-0.018,0.017,0.025,4,weighted_average,kalman(weighted_average),false
1788858407.875,114.298,-1.617,0.688,2.053,154.614,-1.611,0.714,2.056,154.087,0.006,0.026,0.002,0.027,4,weighted_average,kalman(weighted_average),false
1788858407.923,114.347,-1.587,0.807,1.997,152.703,-1.598,0.762,2.029,153.460,-0.010,-0.045,0.032,0.056,4,weighted_average,kalman(weighted_average),false
1788858408.020,114.444,-1.620,0.717,1.983,154.258,-1.612,0.733,1.994,153.922,0.007,0.015,0.011,0.020,4,weighted_average,kalman(weighted_average),false
1788858408.063,114.486,-1.594,0.792,1.988,152.989,-1.603,0.766,1.985,153.455,-0.009,-0.026,-0.003,0.027,4,weighted_average,kalman(weighted_average),false
1788858408.121,114.544,-1.597,0.784,1.990,153.130,-1.598,0.781,1.983,153.232,-0.002,-0.003,-0.007,0.008,4,weighted_average,kalman(weighted_average),false
1788858408.179,114.602,-1.636,0.689,1.974,154.770,-1.622,0.726,1.974,154.033,0.015,0.037,-0.000,0.040,4,weighted_average,kalman(weighted_average),false
1788858408.222,114.646,-1.592,0.815,1.983,152.657,-1.608,0.771,1.976,153.420,-0.016,-0.044,-0.006,0.047,4,weighted_average,kalman(weighted_average),false
1788858408.320,114.743,-1.592,0.774,2.059,153.220,-1.596,0.777,2.038,153.240,-0.004,0.003,-0.021,0.022,4,weighted_average,kalman(weighted_average),false
1788858408.381,114.805,-1.596,0.802,2.001,152.887,-1.594,0.796,2.022,152.982,0.002,-0.006,0.021,0.022,4,weighted_average,kalman(weighted_average),false
1788858408.430,114.853,-1.579,0.827,2.024,152.408,-1.584,0.819,2.025,152.603,-0.004,-0.008,0.001,0.009,4,weighted_average,kalman(weighted_average),false
1788858408.481,114.904,-1.617,0.757,1.954,153.723,-1.602,0.788,1.984,153.093,0.016,0.031,0.029,0.045,4,weighted_average,kalman(weighted_average),false
1788858408.526,114.950,-1.604,-0.789,1.318,178.751,-1.602,0.788,1.984,166.053,0.002,1.576,0.666,1.711,4,weighted_average,kalman(weighted_average),true
1788858408.623,115.047,-1.621,0.744,1.967,153.954,-1.618,0.750,1.970,160.997,0.003,0.006,0.002,0.007,4,weighted_average,kalman(weighted_average),false
1788858408.680,115.104,-1.611,0.757,1.986,153.690,-1.615,0.750,1.979,156.450,-0.004,-0.007,-0.007,0.011,4,weighted_average,kalman(weighted_average),false
1788858408.739,115.162,-1.592,0.788,2.061,153.068,-1.601,0.773,2.034,153.605,-0.008,-0.016,-0.027,0.033,4,weighted_average,kalman(weighted_average),false
1788858408.777,115.201,-1.592,0.788,2.061,153.068,-1.594,0.784,2.058,152.537,-0.002,-0.004,-0.003,0.006,4,weighted_average,kalman(weighted_average),false
1788858408.831,115.254,-1.610,0.748,2.020,153.813,-1.601,0.766,2.047,152.234,0.009,0.018,0.026,0.034,4,weighted_average,kalman(weighted_average),false
1788858408.945,115.369,-1.602,0.771,2.041,153.432,-1.601,0.769,2.046,152.281,0.000,-0.002,0.005,0.005,4,weighted_average,kalman(weighted_average),false
1788858408.988,115.411,-1.602,0.779,2.042,153.309,-1.602,0.776,2.044,152.787,0.000,-0.003,0.001,0.003,4,weighted_average,kalman(weighted_average),false
1788858409.035,115.458,-1.604,0.761,2.030,153.596,-1.603,0.768,2.035,153.230,0.001,0.007,0.005,0.009,4,weighted_average,kalman(weighted_average),false
1788858409.088,115.511,-1.582,0.830,2.034,152.436,-1.590,0.806,2.033,152.891,-0.009,-0.024,-0.002,0.026,4,weighted_average,kalman(weighted_average),false
1788858409.140,115.564,-1.590,0.790,2.028,153.089,-1.588,0.802,2.029,152.991,0.002,0.013,0.000,0.013,4,weighted_average,kalman(weighted_average),false
1788858409.234,115.657,-1.596,0.771,2.063,153.358,-1.592,0.781,2.053,153.252,0.004,0.011,-0.010,0.015,4,weighted_average,kalman(weighted_average),false
1788858409.283,115.707,-1.597,0.763,2.069,153.468,-1.595,0.767,2.067,153.419,0.001,0.004,-0.002,0.005,4,weighted_average,kalman(weighted_average),false
1788858409.337,115.760,-1.589,0.779,2.077,153.166,-1.592,0.771,2.078,153.338,-0.003,-0.009,0.001,0.009,4,weighted_average,kalman(weighted_average),false
1788858409.387,115.810,-1.595,0.790,2.031,153.071,-1.594,0.781,2.054,153.220,0.001,-0.009,0.023,0.025,4,weighted_average,kalman(weighted_average),false
1788858409.437,115.860,-1.590,0.772,2.076,153.266,-1.592,0.777,2.066,153.239,-0.002,0.004,-0.011,0.012,4,weighted_average,kalman(weighted_average),false
1788858409.534,115.958,-1.594,0.798,2.026,152.945,-1.593,0.792,2.036,153.042,0.001,-0.005,0.011,0.012,4,weighted_average,kalman(weighted_average),false
1788858409.581,116.005,-1.592,0.793,2.011,153.025,-1.593,0.795,2.016,153.005,-0.001,0.002,0.005,0.005,4,weighted_average,kalman(weighted_average),false
1788858409.636,116.059,-1.594,0.808,1.974,152.836,-1.593,0.805,1.983,152.882,0.000,-0.003,0.009,0.009,4,weighted_average,kalman(weighted_average),false
1788858409.691,116.114,-1.593,0.758,2.087,153.489,-1.593,0.778,2.039,153.177,-0.000,0.020,-0.048,0.052,4,weighted_average,kalman(weighted_average),false
1788858409.735,116.158,-1.586,0.785,2.063,153.063,-1.589,0.779,2.057,153.143,-0.003,-0.006,-0.005,0.009,4,weighted_average,kalman(weighted_average),false
1788858409.836,116.260,-1.622,0.678,2.058,154.862,-1.614,0.698,2.065,154.324,0.008,0.021,0.007,0.023,4,weighted_average,kalman(weighted_average),false
1788858409.882,116.306,-1.594,0.762,2.071,153.426,-1.605,0.728,2.071,153.981,-0.010,-0.035,-0.000,0.036,4,weighted_average,kalman(weighted_average),false
1788858409.938,116.361,-1.579,0.802,2.086,152.724,-1.589,0.772,2.083,153.355,-0.010,-0.030,-0.003,0.032,4,weighted_average,kalman(weighted_average),false
1788858409.982,116.405,-1.589,0.789,2.055,152.999,-1.587,0.787,2.070,153.119,0.002,-0.001,0.014,0.014,4,weighted_average,kalman(weighted_average),false
1788858410.032,116.455,-1.593,0.762,2.101,153.381,-1.589,0.779,2.088,153.170,0.004,0.017,-0.013,0.022,4,weighted_average,kalman(weighted_average),false
1788858410.137,116.560,-1.588,0.755,2.118,153.448,-1.587,0.763,2.115,153.302,0.000,0.008,-0.003,0.008,4,weighted_average,kalman(weighted_average),false
1788858410.182,116.606,-1.585,0.782,2.114,153.016,-1.585,0.773,2.118,153.147,-0.001,-0.009,0.004,0.010,4,weighted_average,kalman(weighted_average),false
1788858410.233,116.656,-1.572,0.834,2.049,152.240,-1.576,0.811,2.079,152.634,-0.004,-0.023,0.030,0.038,4,weighted_average,kalman(weighted_average),false
1788858410.280,116.704,-1.582,0.805,2.063,152.716,-1.578,0.814,2.065,152.581,0.004,0.009,0.001,0.010,4,weighted_average,kalman(weighted_average),false
1788858410.332,116.755,-1.587,0.786,2.073,152.999,-1.583,0.802,2.064,152.720,0.004,0.016,-0.009,0.019,4,weighted_average,kalman(weighted_average),false
1788858410.428,116.851,-1.581,0.802,2.066,152.731,-1.582,0.802,2.062,152.694,-0.001,0.000,-0.004,0.004,4,weighted_average,kalman(weighted_average),false
1788858410.482,116.905,-1.554,0.840,2.119,151.967,-1.563,0.827,2.099,152.253,-0.009,-0.012,-0.020,0.025,4,weighted_average,kalman(weighted_average),false
1788858410.525,116.948,-1.584,0.795,2.075,152.827,-1.573,0.812,2.090,152.483,0.012,0.017,0.015,0.026,4,weighted_average,kalman(weighted_average),false
1788858410.577,117.000,-1.582,0.809,2.055,152.619,-1.578,0.810,2.071,152.536,0.004,0.001,0.016,0.017,4,weighted_average,kalman(weighted_average),false
1788858410.628,117.051,-1.601,0.765,2.031,153.399,-1.592,0.783,2.044,152.983,0.009,0.018,0.014,0.024,4,weighted_average,kalman(weighted_average),false
1788858410.722,117.145,-1.592,0.804,2.026,152.766,-1.596,0.793,2.024,152.938,-0.003,-0.011,-0.002,0.012,4,weighted_average,kalman(weighted_average),false
1788858410.775,117.199,-1.589,0.796,2.041,152.870,-1.592,0.796,2.031,152.914,-0.003,-0.000,-0.010,0.011,4,weighted_average,kalman(weighted_average),false
1788858410.823,117.247,-1.604,0.745,2.041,153.720,-1.600,0.765,2.036,153.355,0.004,0.021,-0.005,0.022,4,weighted_average,kalman(weighted_average),false
1788858410.882,117.306,-1.582,0.833,2.021,152.285,-1.590,0.803,2.027,152.848,-0.008,-0.030,0.006,0.031,4,weighted_average,kalman(weighted_average),false
1788858410.927,117.350,-1.564,0.841,2.101,151.990,-1.574,0.829,2.069,152.375,-0.009,-0.012,-0.032,0.036,4,weighted_average,kalman(weighted_average),false
1788858411.026,117.450,-1.599,0.762,2.034,153.429,-1.589,0.785,2.049,152.942,0.010,0.024,0.015,0.030,4,weighted_average,kalman(weighted_average),false
1788858411.071,117.495,-1.590,0.776,2.093,153.096,-1.591,0.774,2.075,153.081,-0.002,-0.002,-0.018,0.018,4,weighted_average,kalman(weighted_average),false
1788858411.137,117.560,-1.590,0.776,2.093,153.096,-1.592,0.769,2.090,153.165,-0.002,-0.007,-0.002,0.008,4,weighted_average,kalman(weighted_average),false
1788858411.181,117.605,-1.593,0.756,2.101,153.412,-1.593,0.758,2.100,153.339,-0.000,0.002,-0.001,0.002,4,weighted_average,kalman(weighted_average),false
1788858411.224,117.647,-1.596,0.770,2.044,153.226,-1.596,0.762,2.073,153.341,0.001,-0.009,0.028,0.030,4,weighted_average,kalman(weighted_average),false
1788858411.317,117.741,-1.605,0.752,2.031,153.559,-1.604,0.752,2.039,153.545,0.001,0.000,0.008,0.008,4,weighted_average,kalman(weighted_average),false
1788858411.364,117.787,-1.622,0.663,2.061,154.967,-1.616,0.694,2.047,154.385,0.005,0.031,-0.013,0.034,4,weighted_average,kalman(weighted_average),false
1788858411.415,117.838,-1.616,0.727,1.983,154.018,-1.619,0.703,2.006,154.360,-0.003,-0.024,0.023,0.033,4,weighted_average,kalman(weighted_average),false
1788858411.465,117.888,-1.593,0.795,2.025,152.820,-1.606,0.754,2.009,153.661,-0.012,-0.042,-0.016,0.046,4,weighted_average,kalman(weighted_average),false
1788858411.515,117.939,-1.583,0.795,2.035,152.764,-1.591,0.785,2.020,153.149,-0.008,-0.010,-0.015,0.020,4,weighted_average,kalman(weighted_average),false
1788858411.615,118.039,-1.580,0.800,2.044,152.661,-1.579,0.807,2.038,152.663,0.001,0.007,-0.006,0.009,4,weighted_average,kalman(weighted_average),false
1788858411.663,118.086,-1.571,0.819,2.046,152.327,-1.571,0.819,2.046,152.370,-0.001,-0.000,0.000,0.001,4,weighted_average,kalman(weighted_average),false
1788858411.712,118.135,-1.579,0.788,2.067,152.812,-1.573,0.805,2.062,152.489,0.006,0.017,-0.006,0.019,4,weighted_average,kalman(weighted_average),false
1788858411.761,118.184,-1.574,0.808,2.051,152.492,-1.572,0.807,2.060,152.430,0.001,-0.001,0.009,0.009,4,weighted_average,kalman(weighted_average),false
1788858411.813,118.237,-1.589,0.773,2.058,153.103,-1.581,0.787,2.061,152.729,0.007,0.014,0.003,0.017,4,weighted_average,kalman(weighted_average),false
1788858411.912,118.335,-1.639,0.656,1.957,155.210,-1.627,0.682,1.983,154.425,0.012,0.026,0.025,0.039,4,weighted_average,kalman(weighted_average),false
1788858411.957,118.380,-1.587,0.778,2.024,153.083,-1.608,0.728,1.998,153.906,-0.021,-0.050,-0.026,0.060,4,weighted_average,kalman(weighted_average),false
1788858412.011,118.434,-1.587,0.778,2.024,153.083,-1.596,0.756,2.009,153.560,-0.009,-0.021,-0.015,0.028,4,weighted_average,kalman(weighted_average),false
1788858412.058,118.481,-1.591,0.768,2.036,153.244,-1.592,0.767,2.024,153.402,-0.001,-0.002,-0.011,0.011,4,weighted_average,kalman(weighted_average),false
1788858412.116,118.539,-1.591,0.768,2.036,153.244,-1.590,0.772,2.034,153.292,0.001,0.004,-0.002,0.004,4,weighted_average,kalman(weighted_average),false
1788858412.213,118.636,-1.593,0.759,2.063,153.389,-1.591,0.765,2.059,153.317,0.002,0.006,-0.004,0.007,4,weighted_average,kalman(weighted_average),false
1788858412.262,118.686,-1.589,0.784,2.031,153.021,-1.590,0.777,2.045,153.140,-0.001,-0.007,0.014,0.016,4,weighted_average,kalman(weighted_average),false
1788858412.315,118.739,-1.643,0.612,2.039,155.913,-1.623,0.675,2.041,154.641,0.020,0.063,0.002,0.066,4,weighted_average,kalman(weighted_average),false
1788858412.370,118.793,-1.613,0.723,2.005,154.124,-1.622,0.688,2.018,154.600,-0.010,-0.036,0.013,0.039,4,weighted_average,kalman(weighted_average),false
1788858412.427,118.850,-1.588,0.777,2.058,153.141,-1.604,0.737,2.039,153.944,-0.016,-0.040,-0.019,0.047,4,weighted_average,kalman(weighted_average),false
1788858412.522,118.945,-1.599,0.781,2.011,153.205,-1.598,0.776,2.019,153.411,0.001,-0.004,0.008,0.009,4,weighted_average,kalman(weighted_average),false
1788858412.573,118.997,-1.610,0.752,2.008,153.702,-1.605,0.767,2.009,153.494,0.005,0.015,0.001,0.016,4,weighted_average,kalman(weighted_average),false
1788858412.623,119.046,-1.609,0.744,2.054,153.800,-1.608,0.755,2.033,153.615,0.001,0.011,-0.020,0.023,4,weighted_average,kalman(weighted_average),false
1788858412.681,119.105,-1.614,0.752,1.995,153.768,-1.613,0.752,2.012,153.688,0.001,0.001,0.016,0.017,4,weighted_average,kalman(weighted_average),false
1788858412.726,119.149,-1.626,0.699,2.039,154.603,-1.622,0.721,2.025,154.161,0.005,0.021,-0.014,0.026,4,weighted_average,kalman(weighted_average),false
1788858412.817,119.240,-1.599,0.756,2.101,153.608,-1.608,0.740,2.083,153.914,-0.008,-0.016,-0.019,0.026,4,weighted_average,kalman(weighted_average),false
1788858412.869,119.292,-1.603,0.815,1.994,152.860,-1.603,0.791,2.034,153.295,-0.000,-0.024,0.040,0.046,4,weighted_average,kalman(weighted_average),false
1788858412.922,119.346,-1.612,0.788,1.982,153.348,-1.607,0.799,1.998,153.213,0.006,0.011,0.016,0.020,4,weighted_average,kalman(weighted_average),false
1788858412.976,119.400,-1.594,0.781,2.112,153.271,-1.599,0.795,2.061,153.158,-0.004,0.013,-0.051,0.053,4,weighted_average,kalman(weighted_average),false
1788858413.024,119.448,-1.606,0.745,2.099,153.927,-1.602,0.768,2.090,153.497,0.005,0.023,-0.009,0.025,4,weighted_average,kalman(weighted_average),false
1788858413.121,119.545,-1.604,0.800,1.979,153.249,-1.603,0.789,2.016,153.353,0.001,-0.011,0.036,0.038,4,weighted_average,kalman(weighted_average),false
1788858413.164,119.587,-1.587,0.817,2.031,152.933,-1.593,0.809,2.016,153.105,-0.006,-0.008,-0.015,0.018,4,weighted_average,kalman(weighted_average),false
1788858413.217,119.640,-1.591,0.833,1.987,152.760,-1.590,0.830,1.991,152.862,0.001,-0.004,0.004,0.006,4,weighted_average,kalman(weighted_average),false
1788858413.268,119.692,-1.586,0.831,2.079,152.728,-1.586,0.837,2.036,152.714,-0.000,0.006,-0.043,0.043,4,weighted_average,kalman(weighted_average),false
1788858413.318,119.741,-1.641,0.713,1.969,154.899,-1.617,0.768,2.000,153.771,0.024,0.055,0.031,0.068,4,weighted_average,kalman(weighted_average),false
1788858413.416,119.840,-1.637,0.721,2.012,154.793,-1.638,0.721,2.004,154.632,-0.001,0.000,-0.008,0.008,4,weighted_average,kalman(weighted_average),false
1788858413.460,119.884,-1.611,0.784,1.975,153.821,-1.624,0.753,1.986,154.327,-0.013,-0.031,0.011,0.035,4,weighted_average,kalman(weighted_average),false
1788858413.513,119.936,-1.608,0.778,2.017,153.876,-1.614,0.769,2.002,154.154,-0.006,-0.009,-0.015,0.019,4,weighted_average,kalman(weighted_average),false
1788858413.560,119.983,-1.591,0.846,1.943,152.860,-1.599,0.817,1.968,153.501,-0.008,-0.029,0.025,0.039,4,weighted_average,kalman(weighted_average),false
1788858413.612,120.035,-1.568,0.891,1.989,152.050,-1.577,0.872,1.975,152.644,-0.009,-0.019,-0.014,0.025,4,weighted_average,kalman(weighted_average),false
1788858413.710,120.133,-1.609,0.751,2.020,154.403,-1.595,0.796,2.008,153.548,0.014,0.045,-0.012,0.049,4,weighted_average,kalman(weighted_average),false
1788858413.756,120.179,-1.580,0.806,2.062,153.390,-1.587,0.793,2.047,153.531,-0.007,-0.013,-0.015,0.021,4,weighted_average,kalman(weighted_average),false
1788858413.812,120.235,-1.578,0.802,2.024,153.492,-1.581,0.792,2.042,153.565,-0.003,-0.010,0.019,0.021,4,weighted_average,kalman(weighted_average),false
1788858413.863,120.287,-1.562,0.854,2.029,152.615,-1.568,0.827,2.038,153.092,-0.006,-0.027,0.009,0.030,4,weighted_average,kalman(weighted_average),false
1788858413.918,120.341,-1.568,0.843,2.018,152.837,-1.565,0.841,2.027,152.897,0.003,-0.002,0.010,0.010,4,weighted_average,kalman(weighted_average),false
1788858414.022,120.445,-1.556,0.847,2.051,152.678,-1.556,0.850,2.045,152.657,0.000,0.004,-0.006,0.007,4,weighted_average,kalman(weighted_average),false
1788858414.065,120.489,-1.573,0.817,1.994,153.239,-1.565,0.831,2.015,152.941,0.008,0.014,0.021,0.026,4,weighted_average,kalman(weighted_average),false
1788858414.117,120.541,-1.605,0.746,1.942,154.509,-1.591,0.776,1.966,153.808,0.014,0.030,0.024,0.041,4,weighted_average,kalman(weighted_average),false
1788858414.168,120.592,-1.589,0.727,2.064,154.617,-1.594,0.735,2.015,154.393,-0.005,0.008,-0.049,0.050,4,weighted_average,kalman(weighted_average),false
1788858414.217,120.641,-1.554,0.850,2.002,152.606,-1.574,0.790,2.010,153.665,-0.019,-0.060,0.008,0.064,4,weighted_average,kalman(weighted_average),false
1788858414.319,120.742,-1.552,0.833,2.034,152.806,-1.555,0.826,2.029,153.090,-0.003,-0.007,-0.005,0.009,4,weighted_average,kalman(weighted_average),false
1788858414.364,120.787,-1.574,0.789,1.980,153.621,-1.564,0.808,2.001,153.314,0.010,0.018,0.021,0.029,4,weighted_average,kalman(weighted_average),false
1788858414.414,120.837,-1.562,0.816,2.028,153.089,-1.563,0.813,2.014,153.169,-0.000,-0.003,-0.013,0.014,4,weighted_average,kalman(weighted_average),false
1788858414.464,120.887,-1.557,0.827,2.004,152.915,-1.559,0.823,2.009,152.995,-0.001,-0.004,0.005,0.007,4,weighted_average,kalman(weighted_average),false
1788858414.516,120.940,-1.551,0.846,2.003,152.576,-1.553,0.839,2.005,152.716,-0.002,-0.007,0.002,0.007,4,weighted_average,kalman(weighted_average),false
1788858414.618,121.041,-1.576,0.756,2.060,154.018,-1.569,0.779,2.047,153.499,0.007,0.023,-0.013,0.027,4,weighted_average,kalman(weighted_average),false
1788858414.674,121.097,-1.576,0.768,2.024,153.849,-1.576,0.762,2.038,153.808,-0.000,-0.005,0.013,0.014,4,weighted_average,kalman(weighted_average),false
1788858414.726,121.150,-1.551,0.826,2.043,152.825,-1.563,0.795,2.043,153.367,-0.011,-0.031,0.000,0.033,4,weighted_average,kalman(weighted_average),false
1788858414.768,121.192,-1.565,0.808,2.002,153.206,-1.563,0.804,2.021,153.285,0.002,-0.004,0.019,0.020,4,weighted_average,kalman(weighted_average),false
1788858414.817,121.240,-1.577,0.789,1.983,153.566,-1.570,0.798,1.996,153.412,0.006,0.009,0.014,0.017,4,weighted_average,kalman(weighted_average),false
1788858414.923,121.347,-1.565,0.821,1.991,153.036,-1.567,0.816,1.985,153.168,-0.002,-0.004,-0.005,0.007,4,weighted_average,kalman(weighted_average),false
1788858414.969,121.393,-1.566,0.806,2.019,153.266,-1.566,0.812,2.005,153.193,0.000,0.006,-0.014,0.015,4,weighted_average,kalman(weighted_average),false
1788858415.024,121.448,-1.588,0.755,1.975,154.201,-1.580,0.776,1.988,153.738,0.008,0.022,0.013,0.027,4,weighted_average,kalman(weighted_average),false
1788858415.070,121.494,-1.557,0.825,2.017,152.955,-1.568,0.800,2.004,153.404,-0.012,-0.025,-0.014,0.031,4,weighted_average,kalman(weighted_average),false
1788858415.123,121.546,-1.546,0.808,2.108,153.090,-1.554,0.806,2.068,153.237,-0.008,-0.002,-0.040,0.041,4,weighted_average,kalman(weighted_average),false
1788858415.225,121.648,-1.564,0.790,2.096,153.491,-1.559,0.795,2.103,153.371,0.005,0.005,0.007,0.010,4,weighted_average,kalman(weighted_average),false
1788858415.277,121.701,-1.572,0.769,2.057,153.916,-1.568,0.776,2.079,153.708,0.004,0.007,0.022,0.023,4,weighted_average,kalman(weighted_average),false
1788858415.327,121.750,-1.591,0.740,2.007,154.516,-1.584,0.750,2.034,154.213,0.007,0.010,0.027,0.030,4,weighted_average,kalman(weighted_average),false
1788858415.379,121.802,-1.576,0.787,1.988,153.748,-1.583,0.765,1.997,154.093,-0.007,-0.022,0.010,0.025,4,weighted_average,kalman(weighted_average),false
1788858415.486,121.910,-1.552,0.850,2.004,152.715,-1.560,0.832,1.991,153.200,-0.008,-0.018,-0.013,0.024,4,weighted_average,kalman(weighted_average),false
1788858415.537,121.961,-1.542,0.886,2.027,152.107,-1.545,0.878,2.014,152.432,-0.003,-0.008,-0.014,0.016,4,weighted_average,kalman(weighted_average),false
1788858415.588,122.011,-1.528,0.918,2.014,151.617,-1.530,0.916,2.017,151.780,-0.002,-0.001,0.002,0.003,4,weighted_average,kalman(weighted_average),false
1788858415.641,122.064,-1.576,0.834,1.923,152.769,-1.553,0.880,1.961,152.062,0.023,0.046,0.038,0.064,4,weighted_average,kalman(weighted_average),false
1788858415.747,122.170,-1.560,0.835,2.030,151.314,-1.560,0.846,2.007,151.392,0.000,0.011,-0.023,0.026,4,weighted_average,kalman(weighted_average),false
1788858415.795,122.218,-1.548,0.864,1.983,150.071,-1.553,0.853,1.997,150.501,-0.005,-0.011,0.014,0.018,4,weighted_average,kalman(weighted_average),false
1788858415.847,122.270,-1.545,0.840,2.053,149.907,-1.548,0.843,2.034,149.935,-0.002,0.003,-0.019,0.019,4,weighted_average,kalman(weighted_average),false
1788858415.896,122.319,-1.552,0.821,2.046,149.402,-1.549,0.827,2.049,149.413,0.003,0.006,0.003,0.007,4,weighted_average,kalman(weighted_average),false
1788858415.950,122.374,-1.542,0.839,1.994,148.723,-1.544,0.829,2.023,148.779,-0.002,-0.009,0.029,0.030,4,weighted_average,kalman(weighted_average),false
1788858416.054,122.477,-1.519,0.874,2.008,146.799,-1.523,0.863,2.010,147.057,-0.004,-0.011,0.002,0.012,4,weighted_average,kalman(weighted_average),false
1788858416.107,122.530,-1.525,0.860,1.943,146.301,-1.521,0.866,1.963,146.284,0.004,0.005,0.020,0.021,4,weighted_average,kalman(weighted_average),false
1788858416.158,122.582,-1.510,0.859,1.988,145.758,-1.512,0.865,1.970,145.652,-0.002,0.006,-0.018,0.019,4,weighted_average,kalman(weighted_average),false
1788858416.209,122.633,-1.498,0.848,2.014,144.979,-1.501,0.856,1.993,144.961,-0.002,0.008,-0.021,0.023,4,weighted_average,kalman(weighted_average),false
1788858416.258,122.681,-1.552,0.747,1.911,146.458,-1.528,0.791,1.946,145.410,0.025,0.044,0.035,0.062,4,weighted_average,kalman(weighted_average),false
1788858416.362,122.785,-1.517,0.750,1.996,144.491,-1.522,0.746,1.977,144.583,-0.005,-0.004,-0.018,0.020,4,weighted_average,kalman(weighted_average),false
1788858416.416,122.839,-1.507,0.751,2.028,143.984,-1.511,0.741,2.016,144.062,-0.004,-0.010,-0.012,0.016,4,weighted_average,kalman(weighted_average),false
1788858416.465,122.888,-1.503,0.789,1.986,142.620,-1.504,0.766,2.005,143.090,-0.001,-0.023,0.020,0.031,4,weighted_average,kalman(weighted_average),false
1788858416.516,122.940,-1.473,0.866,1.942,140.953,-1.482,0.828,1.970,141.651,-0.009,-0.038,0.028,0.048,4,weighted_average,kalman(weighted_average),false
1788858416.621,123.045,-1.512,0.804,1.903,141.748,-1.500,0.822,1.912,141.154,0.012,0.018,0.009,0.023,13,weighted_average,kalman(weighted_average),false
1788858416.672,123.095,-1.512,0.781,1.892,141.346,-1.510,0.795,1.890,141.095,0.002,0.014,-0.002,0.014,13,weighted_average,kalman(weighted_average),false
1788858416.721,123.145,-1.501,0.785,1.924,140.832,-1.507,0.784,1.902,140.824,-0.006,-0.000,-0.022,0.023,13,weighted_average,kalman(weighted_average),false
1788858416.775,123.199,-1.499,0.772,1.910,140.297,-1.504,0.772,1.903,140.398,-0.004,-0.000,-0.006,0.008,13,weighted_average,kalman(weighted_average),false
1788858416.881,123.305,-1.473,0.769,1.914,139.192,-1.479,0.765,1.910,139.344,-0.006,-0.004,-0.004,0.008,13,weighted_average,kalman(weighted_average),false
1788858416.930,123.354,-1.480,0.757,1.908,139.123,-1.477,0.758,1.909,139.032,0.004,0.001,0.002,0.004,13,weighted_average,kalman(weighted_average),false
1788858416.983,123.406,-1.464,0.760,1.892,138.323,-1.466,0.758,1.899,138.447,-0.002,-0.003,0.007,0.008,13,weighted_average,kalman(weighted_average),false
1788858417.032,123.455,-1.463,0.745,1.909,137.885,-1.461,0.749,1.903,137.937,0.002,0.004,-0.006,0.007,13,weighted_average,kalman(weighted_average),false
1788858417.081,123.505,-1.454,0.746,1.904,137.472,-1.454,0.745,1.903,137.467,0.000,-0.001,-0.000,0.001,13,weighted_average,kalman(weighted_average),false
1788858417.185,123.609,-1.437,0.743,1.902,136.414,-1.438,0.741,1.902,136.431,-0.000,-0.002,0.000,0.002,13,weighted_average,kalman(weighted_average),false
1788858417.240,123.663,-1.444,0.723,1.917,136.406,-1.439,0.728,1.912,136.203,0.005,0.005,-0.005,0.008,13,weighted_average,kalman(weighted_average),false
1788858417.287,123.711,-1.426,0.720,1.908,135.676,-1.430,0.720,1.911,135.750,-0.004,0.001,0.003,0.005,13,weighted_average,kalman(weighted_average),false
1788858417.339,123.762,-1.387,0.734,1.922,134.575,-1.401,0.726,1.918,134.922,-0.014,-0.008,-0.004,0.017,13,weighted_average,kalman(weighted_average),false
1788858417.390,123.813,-1.407,0.714,1.931,134.733,-1.398,0.718,1.928,134.554,0.009,0.004,-0.003,0.010,13,weighted_average,kalman(weighted_average),false
1788858417.495,123.918,-1.378,0.710,1.872,133.599,-1.377,0.710,1.887,133.579,0.000,-0.000,0.015,0.015,13,weighted_average,kalman(weighted_average),false
1788858417.548,123.971,-1.361,0.716,1.915,133.012,-1.363,0.713,1.900,133.040,-0.002,-0.003,-0.015,0.016,13,weighted_average,kalman(weighted_average),false
1788858417.596,124.020,-1.355,0.701,1.905,132.655,-1.354,0.705,1.902,132.615,0.001,0.004,-0.003,0.005,13,weighted_average,kalman(weighted_average),false
1788858417.648,124.071,-1.336,0.706,1.910,132.155,-1.338,0.704,1.907,132.145,-0.003,-0.002,-0.004,0.005,13,weighted_average,kalman(weighted_average),false
1788858417.696,124.119,-1.317,0.709,1.910,131.408,-1.321,0.706,1.909,131.549,-0.004,-0.003,-0.001,0.005,13,weighted_average,kalman(weighted_average),false
1788858417.801,124.225,-1.297,0.698,1.896,130.517,-1.296,0.700,1.900,130.500,0.002,0.001,0.004,0.004,13,weighted_average,kalman(weighted_average),false
1788858417.857,124.280,-1.277,0.711,1.900,129.845,-1.279,0.706,1.899,129.883,-0.002,-0.005,-0.002,0.005,13,weighted_average,kalman(weighted_average),false
1788858417.911,124.334,-1.258,0.707,1.914,129.127,-1.260,0.708,1.908,129.207,-0.002,0.000,-0.007,0.007,13,weighted_average,kalman(weighted_average),false
1788858417.957,124.380,-1.251,0.711,1.906,128.698,-1.249,0.710,1.908,128.695,0.002,-0.001,0.002,0.003,13,weighted_average,kalman(weighted_average),false
1788858418.064,124.488,-1.222,0.695,1.929,127.616,-1.221,0.699,1.926,127.580,0.000,0.004,-0.004,0.005,13,weighted_average,kalman(weighted_average),false
1788858418.118,124.541,-1.202,0.706,1.941,126.995,-1.203,0.702,1.939,127.002,-0.002,-0.004,-0.002,0.005,13,weighted_average,kalman(weighted_average),false
1788858418.169,124.592,-1.187,0.705,1.914,126.423,-1.188,0.703,1.927,126.438,-0.000,-0.001,0.013,0.013,13,weighted_average,kalman(weighted_average),false
1788858418.220,124.644,-1.170,0.711,1.949,125.820,-1.171,0.708,1.941,125.848,-0.001,-0.003,-0.008,0.009,13,weighted_average,kalman(weighted_average),false
1788858418.324,124.747,-1.157,0.869,1.873,124.528,-1.153,0.836,1.890,124.582,0.004,-0.033,0.017,0.037,5,weighted_average,kalman(weighted_average),false
1788858418.378,124.801,-1.118,0.871,1.894,123.635,-1.126,0.879,1.886,123.755,-0.008,0.008,-0.009,0.014,5,weighted_average,kalman(weighted_average),false
1788858418.424,124.847,-1.111,0.864,1.917,123.370,-1.111,0.887,1.900,123.269,-0.000,0.023,-0.017,0.029,5,weighted_average,kalman(weighted_average),false
1788858418.488,124.912,-1.068,0.868,1.908,122.402,-1.075,0.889,1.905,122.431,-0.007,0.020,-0.003,0.022,5,weighted_average,kalman(weighted_average),false
1788858418.595,125.019,-1.068,0.863,1.896,121.750,-1.060,0.873,1.898,121.563,0.008,0.011,0.002,0.014,5,weighted_average,kalman(weighted_average),false
1788858418.649,125.073,-1.022,0.860,1.921,120.810,-1.031,0.863,1.913,120.909,-0.009,0.003,-0.008,0.012,5,weighted_average,kalman(weighted_average),false
1788858418.702,125.126,-1.002,0.861,1.883,120.055,-1.006,0.859,1.896,120.185,-0.004,-0.002,0.012,0.013,5,weighted_average,kalman(weighted_average),false
1788858418.755,125.179,-0.986,0.859,1.915,119.543,-0.985,0.857,1.906,119.556,0.001,-0.002,-0.009,0.010,5,weighted_average,kalman(weighted_average),false
1788858418.859,125.282,-0.953,0.842,1.915,118.417,-0.951,0.844,1.914,118.395,0.002,0.001,-0.001,0.003,5,weighted_average,kalman(weighted_average),false
1788858418.913,125.336,-0.948,0.835,1.900,117.820,-0.943,0.836,1.906,117.805,0.005,0.001,0.006,0.008,5,weighted_average,kalman(weighted_average),false
1788858418.962,125.385,-0.937,0.838,1.927,117.309,-0.935,0.835,1.918,117.285,0.002,-0.003,-0.009,0.010,5,weighted_average,kalman(weighted_average),false
1788858419.018,125.442,-0.921,0.826,1.913,116.670,-0.922,0.827,1.917,116.667,-0.001,0.002,0.004,0.004,5,weighted_average,kalman(weighted_average),false
1788858419.126,125.549,-0.871,0.819,1.909,115.299,-0.876,0.819,1.911,115.354,-0.005,-0.001,0.002,0.006,5,weighted_average,kalman(weighted_average),false
1788858419.183,125.607,-0.868,0.805,1.920,114.767,-0.864,0.808,1.916,114.728,0.005,0.003,-0.004,0.007,5,weighted_average,kalman(weighted_average),false
1788858419.230,125.654,-0.855,0.809,1.903,114.288,-0.853,0.806,1.908,114.244,0.002,-0.003,0.005,0.007,5,weighted_average,kalman(weighted_average),false
1788858419.282,125.705,-0.836,0.794,1.919,113.555,-0.837,0.797,1.913,113.608,-0.001,0.003,-0.005,0.006,5,weighted_average,kalman(weighted_average),false
1788858419.390,125.814,-0.797,0.769,1.923,112.342,-0.799,0.772,1.922,112.347,-0.002,0.003,-0.002,0.004,5,weighted_average,kalman(weighted_average),false
1788858419.440,125.863,-0.763,0.760,1.939,111.374,-0.770,0.760,1.935,111.534,-0.006,0.000,-0.005,0.008,5,weighted_average,kalman(weighted_average),false
1788858419.499,125.923,-0.749,0.760,1.916,110.930,-0.747,0.755,1.926,110.854,0.002,-0.005,0.009,0.011,5,weighted_average,kalman(weighted_average),false
1788858419.547,125.970,-0.732,0.748,1.909,110.187,-0.730,0.748,1.916,110.221,0.002,-0.000,0.006,0.007,5,weighted_average,kalman(weighted_average),false
1788858419.651,126.074,-0.702,0.748,1.917,108.883,-0.699,0.745,1.915,108.884,0.003,-0.003,-0.002,0.005,5,weighted_average,kalman(weighted_average),false
1788858419.714,126.137,-0.697,0.742,1.920,108.574,-0.692,0.742,1.918,108.393,0.005,0.000,-0.002,0.005,5,weighted_average,kalman(weighted_average),false
1788858419.768,126.191,-0.650,0.738,1.939,107.423,-0.661,0.739,1.932,107.588,-0.011,0.000,-0.007,0.013,5,weighted_average,kalman(weighted_average),false
1788858419.816,126.240,-0.646,0.733,1.930,106.845,-0.645,0.734,1.933,106.915,0.002,0.001,0.003,0.004,5,weighted_average,kalman(weighted_average),false
1788858419.920,126.343,-0.493,0.927,0.970,105.262,-0.645,0.734,1.933,105.362,-0.152,-0.193,0.964,0.995,3,weighted_average,kalman(weighted_average),true
1788858419.976,126.399,-0.500,0.909,0.857,104.702,-0.645,0.734,1.933,104.646,-0.144,-0.175,1.077,1.100,3,weighted_average,kalman(weighted_average),true
1788858420.023,126.446,-1.087,0.865,1.165,110.129,-0.645,0.734,1.933,107.338,0.443,-0.131,0.768,0.896,3,weighted_average,kalman(weighted_average),true
1788858420.075,126.499,-0.568,0.931,1.469,104.627,-0.571,0.923,1.487,106.126,-0.003,-0.008,0.018,0.020,3,weighted_average,kalman(weighted_average),false
1788858420.193,126.617,-0.591,0.906,1.317,103.882,-0.581,0.925,1.307,104.401,0.010,0.019,-0.010,0.024,3,weighted_average,kalman(weighted_average),false
1788858420.246,126.670,-1.204,0.780,0.916,109.133,-0.581,0.925,1.307,107.057,0.622,0.145,0.391,0.749,3,weighted_average,kalman(weighted_average),true
1788858420.298,126.721,-0.341,0.321,1.922,99.331,-0.581,0.925,1.307,102.951,-0.240,0.603,-0.615,0.894,17,weighted_average,kalman(weighted_average),true
1788858420.355,126.778,-0.340,0.315,1.920,99.009,-0.581,0.925,1.307,100.182,-0.242,0.609,-0.613,0.898,17,weighted_average,kalman(weighted_average),true
1788858420.462,126.885,-0.318,0.301,1.967,98.393,-0.327,0.322,1.945,97.908,-0.009,0.021,-0.022,0.032,17,weighted_average,kalman(weighted_average),false
1788858420.518,126.942,-0.301,0.308,1.895,98.307,-0.290,0.268,1.957,97.626,0.011,-0.040,0.062,0.075,17,weighted_average,kalman(weighted_average),false
1788858420.564,126.988,-0.308,0.299,1.921,98.703,-0.287,0.258,1.959,97.865,0.021,-0.041,0.038,0.060,17,weighted_average,kalman(weighted_average),false
1788858420.621,127.044,-0.304,0.308,1.835,98.723,-0.288,0.269,1.894,98.097,0.016,-0.039,0.059,0.073,17,weighted_average,kalman(weighted_average),false
1788858420.726,127.150,-0.161,0.259,1.743,96.752,-0.180,0.253,1.769,97.019,-0.020,-0.007,0.025,0.033,17,weighted_average,kalman(weighted_average),false
1788858420.792,127.215,-0.154,0.267,1.708,96.672,-0.145,0.260,1.705,96.597,0.010,-0.007,-0.003,0.012,17,weighted_average,kalman(weighted_average),false
1788858420.838,127.261,-0.161,0.235,1.897,96.438,-0.143,0.244,1.807,96.353,0.019,0.009,-0.090,0.093,17,weighted_average,kalman(weighted_average),false
1788858420.894,127.317,-0.148,0.230,1.882,96.018,-0.137,0.232,1.860,95.995,0.011,0.002,-0.022,0.025,17,weighted_average,kalman(weighted_average),false
1788858421.001,127.424,-0.161,0.233,1.919,95.461,-0.151,0.229,1.920,95.410,0.011,-0.004,0.001,0.011,17,weighted_average,kalman(weighted_average),false
1788858421.051,127.474,-0.147,0.217,1.919,95.029,-0.150,0.220,1.929,95.065,-0.003,0.003,0.010,0.011,17,weighted_average,kalman(weighted_average),false
1788858421.109,127.532,-0.134,0.206,1.933,94.595,-0.140,0.209,1.939,94.642,-0.006,0.003,0.007,0.009,17,weighted_average,kalman(weighted_average),false
1788858421.154,127.578,-0.140,0.206,1.943,94.606,-0.139,0.204,1.947,94.480,0.001,-0.001,0.004,0.004,17,weighted_average,kalman(weighted_average),false
1788858421.260,127.683,-0.124,0.196,1.941,93.991,-0.126,0.195,1.948,93.960,-0.002,-0.001,0.006,0.007,17,weighted_average,kalman(weighted_average),false
1788858421.313,127.737,-0.114,0.191,1.940,93.770,-0.116,0.191,1.943,93.736,-0.002,-0.000,0.003,0.004,17,weighted_average,kalman(weighted_average),false
1788858421.363,127.786,-0.104,0.181,1.951,93.516,-0.106,0.183,1.948,93.509,-0.002,0.002,-0.003,0.004,17,weighted_average,kalman(weighted_average),false
1788858421.416,127.839,-0.087,0.165,1.941,93.169,-0.091,0.169,1.944,93.210,-0.004,0.005,0.003,0.007,17,weighted_average,kalman(weighted_average),false
1788858421.462,127.886,-0.065,0.147,1.957,92.749,-0.072,0.153,1.951,92.860,-0.006,0.006,-0.006,0.010,17,weighted_average,kalman(weighted_average),false
1788858421.557,127.980,-0.077,0.153,1.942,93.109,-0.068,0.147,1.945,92.835,0.008,-0.006,0.003,0.011,17,weighted_average,kalman(weighted_average),false
1788858421.607,128.030,-0.067,0.150,1.929,93.007,-0.066,0.147,1.934,92.888,0.001,-0.002,0.005,0.006,17,weighted_average,kalman(weighted_average),false
1788858421.657,128.081,-0.051,0.132,1.953,92.834,-0.056,0.137,1.944,92.835,-0.004,0.005,-0.010,0.012,17,weighted_average,kalman(weighted_average),false

# =============================================================================
# Statistiche sessione  (campioni: 2138)
# Durata: 128.1 s
# raw_x: min=-2.6196  max=3.2812  media=-0.0072
# raw_y: min=-5.1108  max=2.0968  media=-1.3394
# raw_z: min=-0.7037  max=4.1734  media=1.8288
# raw_yaw_deg: min=-118.2651  max=178.7509  media=62.9421
# filtered_x: min=-2.6196  max=1.4340  media=-0.0077
# filtered_y: min=-4.4289  max=2.0538  media=-1.3401
# filtered_z: min=-0.6447  max=3.3539  media=1.7964
# filtered_yaw_deg: min=-175.6879  max=166.0533  media=62.8829
# error_norm: min=0.0000  max=6.4375  media=0.0999
# Nota: per le colonne di yaw assoluto min/max sono estremi del wrap-around +/-180 deg, non l'ampiezza reale; la media e' circolare.
# =============================================================================
