# =============================================================================
# CONFRONTO POSE APRILTAG RAW E POSE FILTRATE KALMAN
# =============================================================================
# Descrizione: tabella per valutare quanto il filtro di Kalman modifica la posa stimata a partire dalle misure grezze degli AprilTag.
# Generato il: 2026-09-07 09:20:38
# Formato dati: tabella CSV testuale con separatore ','
# Nota: le righe che iniziano con '#' sono commenti descrittivi.
# Separatore degli ID AprilTag multipli: '|'
#
# Legenda colonne:
# - timestamp_s: timestamp assoluto UNIX del campione [s]
# - tempo_relativo_s: tempo trascorso dal primo campione del file [s]
# - raw_x_m: coordinata X della posa grezza AprilTag [m]
# - raw_y_m: coordinata Y della posa grezza AprilTag [m]
# - raw_z_m: coordinata Z della posa grezza AprilTag [m]
# - raw_yaw_deg: yaw associato alla posa grezza AprilTag [deg]
# - kalman_x_m: coordinata X dopo filtraggio di Kalman [m]
# - kalman_y_m: coordinata Y dopo filtraggio di Kalman [m]
# - kalman_z_m: coordinata Z dopo filtraggio di Kalman [m]
# - kalman_yaw_deg: yaw filtrato da Kalman se yaw_filter_enabled=True, altrimenti corrisponde a quello grezzo [deg]
# - errore_x_m: differenza kalman_x_m - raw_x_m [m]
# - errore_y_m: differenza kalman_y_m - raw_y_m [m]
# - errore_z_m: differenza kalman_z_m - raw_z_m [m]
# - norma_errore_m: norma euclidea della correzione introdotta dal filtro [m]
# - tag_ids: ID degli AprilTag usati per la stima, separati dal carattere indicato sopra
# - sorgente_raw: descrizione della sorgente della posa grezza
# - sorgente_kalman: descrizione della sorgente della posa filtrata
# - outlier_scartato: true se il filtro di Kalman ha scartato la misura grezza: la posa filtrata e' solo la previsione
# =============================================================================

timestamp_s,tempo_relativo_s,raw_x_m,raw_y_m,raw_z_m,raw_yaw_deg,kalman_x_m,kalman_y_m,kalman_z_m,kalman_yaw_deg,errore_x_m,errore_y_m,errore_z_m,norma_errore_m,tag_ids,sorgente_raw,sorgente_kalman,outlier_scartato
1788765491.274,0.000,-0.022,1.463,0.839,77.687,-0.022,1.463,0.839,77.687,0.000,0.000,0.000,0.000,0,weighted_average,kalman(weighted_average),false
1788765491.438,0.164,-0.004,1.464,0.840,77.260,-0.005,1.464,0.840,77.393,-0.000,-0.000,-0.000,0.000,0,weighted_average,kalman(weighted_average),false
1788765491.479,0.205,-0.013,1.463,0.835,77.582,-0.010,1.463,0.836,77.456,0.002,0.000,0.001,0.003,0,weighted_average,kalman(weighted_average),false
1788765491.532,0.258,-0.005,1.464,0.836,77.360,-0.007,1.464,0.835,77.369,-0.002,-0.000,-0.001,0.002,0,weighted_average,kalman(weighted_average),false
1788765491.588,0.314,-0.012,1.462,0.834,77.614,-0.011,1.463,0.834,77.469,0.002,0.000,-0.000,0.002,0,weighted_average,kalman(weighted_average),false
1788765491.701,0.427,-0.020,1.461,0.832,77.872,-0.019,1.461,0.832,77.753,0.001,0.000,-0.000,0.001,0,weighted_average,kalman(weighted_average),false
1788765491.748,0.475,-0.012,1.464,0.836,77.638,-0.015,1.463,0.834,77.722,-0.003,-0.001,-0.002,0.004,0,weighted_average,kalman(weighted_average),false
1788765491.799,0.525,-0.022,1.464,0.828,78.127,-0.020,1.463,0.830,77.969,0.002,-0.000,0.003,0.004,0,weighted_average,kalman(weighted_average),false
1788765491.848,0.574,-0.092,-1.479,0.866,-76.032,-0.020,1.463,0.830,-3.304,0.072,2.942,-0.035,2.943,0,weighted_average,kalman(weighted_average),true
1788765491.900,0.627,-0.090,-1.479,0.865,-75.990,-0.020,1.463,0.830,-56.012,0.070,2.943,-0.035,2.944,0,weighted_average,kalman(weighted_average),true
1788765492.015,0.741,0.013,1.463,0.834,77.046,0.010,1.463,0.834,116.707,-0.002,0.000,-0.000,0.002,0,weighted_average,kalman(weighted_average),false
1788765492.066,0.792,-0.006,1.458,0.817,77.798,0.002,1.459,0.823,63.665,0.008,0.002,0.006,0.010,0,weighted_average,kalman(weighted_average),false
1788765492.116,0.843,0.089,1.468,0.851,74.599,0.058,1.464,0.839,40.571,-0.031,-0.004,-0.012,0.033,0,weighted_average,kalman(weighted_average),false
1788765492.167,0.893,-0.003,1.456,0.812,77.765,0.030,1.460,0.824,37.069,0.033,0.003,0.012,0.035,0,weighted_average,kalman(weighted_average),false
1788765492.218,0.944,0.098,1.468,0.856,74.393,0.072,1.464,0.842,40.609,-0.026,-0.004,-0.014,0.029,0,weighted_average,kalman(weighted_average),false
1788765492.334,1.060,-0.117,-1.469,0.858,-77.650,0.072,1.464,0.842,-58.125,0.189,2.933,-0.016,2.939,0,weighted_average,kalman(weighted_average),true
1788765492.379,1.106,0.018,1.454,0.827,77.047,0.023,1.455,0.828,6.480,0.005,0.001,0.002,0.006,0,weighted_average,kalman(weighted_average),false
1788765492.429,1.156,0.059,1.461,0.837,75.791,0.041,1.458,0.832,43.533,-0.018,-0.003,-0.005,0.019,0,weighted_average,kalman(weighted_average),false
1788765492.476,1.202,0.280,1.900,2.723,73.744,0.041,1.458,0.832,64.394,-0.239,-0.442,-1.890,1.956,15,weighted_average,kalman(weighted_average),true
1788765492.528,1.255,0.052,2.015,1.011,77.011,0.041,1.458,0.832,78.748,-0.011,-0.558,-0.179,0.586,15,weighted_average,kalman(weighted_average),true
1788765492.634,1.361,0.549,2.070,1.617,72.660,0.041,1.458,0.832,83.882,-0.508,-0.613,-0.785,1.118,15,weighted_average,kalman(weighted_average),true
1788765492.683,1.410,0.485,2.069,1.578,73.223,0.041,1.458,0.832,79.904,-0.444,-0.611,-0.745,1.061,15,weighted_average,kalman(weighted_average),true
1788765492.735,1.461,-0.139,-1.463,0.861,-78.848,0.041,1.458,0.832,-6.922,0.180,2.920,-0.028,2.926,0,weighted_average,kalman(weighted_average),true
1788765492.788,1.514,-0.135,-1.459,0.855,-78.782,-0.135,-1.459,0.855,-60.067,0.000,0.000,0.000,0.000,0,weighted_average,kalman(weighted_average),false
1788765492.840,1.566,0.096,1.453,0.853,74.561,0.096,1.446,0.853,-6.788,-0.001,-0.007,0.000,0.007,0,weighted_average,kalman(weighted_average),false
1788765492.954,1.680,0.088,1.449,0.847,74.887,0.089,1.451,0.848,49.113,0.001,0.002,0.001,0.002,0,weighted_average,kalman(weighted_average),false
1788765493.000,1.727,0.022,1.441,0.831,76.982,0.042,1.445,0.836,72.513,0.021,0.004,0.005,0.021,0,weighted_average,kalman(weighted_average),false
1788765493.052,1.779,0.008,1.436,0.830,77.392,0.011,1.439,0.830,84.807,0.004,0.002,-0.000,0.004,0,weighted_average,kalman(weighted_average),false
1788765493.108,1.834,0.019,1.451,0.849,77.106,0.005,1.445,0.839,89.209,-0.013,-0.006,-0.010,0.017,0,weighted_average,kalman(weighted_average),false
1788765493.155,1.881,0.000,1.437,0.833,76.793,-0.004,1.441,0.836,88.239,-0.004,0.004,0.003,0.006,0,weighted_average,kalman(weighted_average),false
1788765493.264,1.990,-0.001,1.433,0.835,76.356,-0.008,1.434,0.834,84.874,-0.006,0.001,-0.000,0.007,0,weighted_average,kalman(weighted_average),false
1788765493.313,2.039,-0.002,1.430,0.837,76.386,-0.005,1.430,0.836,80.132,-0.003,0.000,-0.001,0.003,0,weighted_average,kalman(weighted_average),false
1788765493.365,2.091,-0.004,1.428,0.838,76.444,-0.004,1.427,0.837,77.490,-0.000,-0.000,-0.001,0.001,0,weighted_average,kalman(weighted_average),false
1788765493.416,2.142,-0.004,1.426,0.840,76.437,-0.004,1.426,0.839,76.093,-0.000,-0.001,-0.001,0.001,0,weighted_average,kalman(weighted_average),false
1788765493.465,2.192,-0.005,1.427,0.839,76.476,-0.004,1.426,0.839,75.532,0.001,-0.002,0.001,0.002,0,weighted_average,kalman(weighted_average),false
1788765493.575,2.302,-0.005,1.424,0.845,76.471,-0.005,1.424,0.844,75.394,0.000,-0.000,-0.001,0.001,0,weighted_average,kalman(weighted_average),false
1788765493.620,2.346,-0.001,1.425,0.846,76.359,-0.003,1.424,0.846,75.823,-0.001,-0.001,-0.000,0.002,0,weighted_average,kalman(weighted_average),false
1788765493.673,2.399,0.006,1.431,0.844,76.337,0.003,1.428,0.846,76.075,-0.003,-0.003,0.002,0.004,0,weighted_average,kalman(weighted_average),false
1788765493.722,2.448,0.060,1.464,0.841,74.820,0.039,1.451,0.843,75.430,-0.021,-0.014,0.002,0.025,0,weighted_average,kalman(weighted_average),false
1788765493.774,2.501,-2.995,0.834,3.375,103.368,0.039,1.451,0.843,90.085,3.034,0.617,-2.532,3.999,3,weighted_average,kalman(weighted_average),true
1788765493.886,2.612,-0.818,1.569,1.525,83.292,0.039,1.451,0.843,88.400,0.857,-0.118,-0.682,1.102,17,weighted_average,kalman(weighted_average),true
1788765493.931,2.657,-1.697,1.591,1.301,92.755,0.039,1.451,0.843,91.115,1.735,-0.140,-0.458,1.800,17,weighted_average,kalman(weighted_average),true
1788765493.983,2.710,-2.590,1.384,0.919,103.328,0.039,1.451,0.843,98.518,2.628,0.066,-0.075,2.630,17,weighted_average,kalman(weighted_average),true
1788765494.031,2.757,1.888,1.747,2.593,54.357,0.039,1.451,0.843,76.892,-1.850,-0.297,-1.750,2.564,15,weighted_average,kalman(weighted_average),true
1788765494.082,2.809,-0.964,1.814,0.461,80.235,-0.945,1.807,0.468,76.003,0.019,-0.007,0.007,0.022,3,weighted_average,kalman(weighted_average),false
1788765494.197,2.924,-2.648,1.336,1.709,101.330,-0.945,1.807,0.468,91.921,1.703,0.471,-1.240,2.159,17,weighted_average,kalman(weighted_average),true
1788765494.245,2.971,-1.439,1.597,1.588,85.493,-0.945,1.807,0.468,90.010,0.494,0.210,-1.120,1.242,17,weighted_average,kalman(weighted_average),true
1788765494.293,3.020,-1.043,1.723,0.144,77.976,-1.037,1.728,0.161,84.544,0.005,0.004,0.017,0.019,3,weighted_average,kalman(weighted_average),false
1788765494.499,3.225,0.073,1.243,1.091,64.656,-1.037,1.728,0.161,66.538,-1.110,0.484,-0.930,1.527,17,weighted_average,kalman(weighted_average),true
1788765494.813,3.539,0.094,1.250,1.195,70.750,0.085,1.254,1.187,68.732,-0.009,0.004,-0.008,0.012,17,weighted_average,kalman(weighted_average),false
1788765494.866,3.592,0.076,1.132,1.258,73.401,0.135,1.140,1.291,72.354,0.059,0.008,0.033,0.068,1,weighted_average,kalman(weighted_average),false
1788765494.910,3.636,0.001,1.090,1.216,75.638,0.076,1.078,1.278,75.081,0.075,-0.012,0.063,0.098,1,weighted_average,kalman(weighted_average),false
1788765494.968,3.694,0.041,1.083,1.241,77.406,0.061,1.051,1.275,77.658,0.020,-0.032,0.034,0.051,1,weighted_average,kalman(weighted_average),false
1788765495.020,3.746,0.069,1.081,1.244,77.692,0.068,1.051,1.265,78.784,-0.001,-0.030,0.021,0.037,1,weighted_average,kalman(weighted_average),false
1788765495.148,3.874,0.091,1.720,1.347,82.547,0.068,1.051,1.265,82.806,-0.023,-0.670,-0.082,0.675,9,weighted_average,kalman(weighted_average),true
1788765495.195,3.922,0.091,1.723,1.356,82.899,0.089,1.670,1.349,83.468,-0.002,-0.054,-0.007,0.054,9,weighted_average,kalman(weighted_average),false
1788765495.252,3.979,0.091,1.728,1.381,83.332,0.093,1.782,1.380,84.009,0.002,0.054,-0.000,0.054,9,weighted_average,kalman(weighted_average),false
1788765495.300,4.026,0.105,1.725,1.377,83.783,0.102,1.805,1.389,84.308,-0.003,0.080,0.012,0.081,9,weighted_average,kalman(weighted_average),false
1788765495.411,4.137,0.076,1.724,1.427,84.977,0.084,1.781,1.428,85.254,0.008,0.057,0.001,0.058,9,weighted_average,kalman(weighted_average),false
1788765495.461,4.187,0.076,1.732,1.470,85.626,0.076,1.746,1.462,85.679,0.000,0.015,-0.008,0.017,9,weighted_average,kalman(weighted_average),false
1788765495.506,4.233,0.084,1.727,1.489,85.731,0.078,1.728,1.487,85.905,-0.006,0.001,-0.002,0.006,9,weighted_average,kalman(weighted_average),false
1788765495.561,4.287,0.084,1.727,1.489,85.731,0.080,1.720,1.499,86.011,-0.004,-0.007,0.010,0.013,9,weighted_average,kalman(weighted_average),false
1788765495.615,4.341,0.044,1.029,1.363,85.562,0.080,1.720,1.499,85.910,0.036,0.691,0.136,0.705,1,weighted_average,kalman(weighted_average),true
1788765495.735,4.461,0.078,1.032,1.423,85.996,0.080,1.720,1.499,86.061,0.002,0.688,0.076,0.692,1,weighted_average,kalman(weighted_average),true
1788765495.782,4.508,0.066,1.030,1.440,86.768,0.067,1.070,1.444,86.510,0.001,0.040,0.003,0.041,1,weighted_average,kalman(weighted_average),false
1788765495.833,4.559,0.060,1.019,1.457,87.428,0.061,0.975,1.447,87.118,0.001,-0.044,-0.010,0.045,1,weighted_average,kalman(weighted_average),false
1788765495.889,4.616,0.075,1.021,1.476,87.371,0.068,0.947,1.463,87.435,-0.007,-0.074,-0.013,0.075,1,weighted_average,kalman(weighted_average),false
1788765496.009,4.735,0.078,1.015,1.516,88.443,0.077,0.973,1.509,88.383,-0.001,-0.042,-0.007,0.042,1,weighted_average,kalman(weighted_average),false
1788765496.058,4.784,0.056,1.015,1.527,89.377,0.064,1.005,1.527,89.136,0.008,-0.010,0.000,0.013,1,weighted_average,kalman(weighted_average),false
1788765496.108,4.835,0.065,1.015,1.536,89.505,0.063,1.019,1.540,89.572,-0.002,0.003,0.004,0.005,1,weighted_average,kalman(weighted_average),false
1788765496.158,4.884,0.061,1.013,1.543,89.861,0.061,1.022,1.548,89.950,0.000,0.009,0.005,0.010,1,weighted_average,kalman(weighted_average),false
1788765496.217,4.943,0.079,1.011,1.565,90.056,0.072,1.020,1.564,90.246,-0.008,0.009,-0.001,0.012,1,weighted_average,kalman(weighted_average),false
1788765496.340,5.067,0.073,1.011,1.606,91.329,0.074,1.014,1.605,91.288,0.001,0.003,-0.001,0.004,1,weighted_average,kalman(weighted_average),false
1788765496.394,5.120,0.073,1.012,1.614,91.635,0.074,1.012,1.616,91.671,0.001,0.000,0.003,0.003,1,weighted_average,kalman(weighted_average),false
1788765496.442,5.169,0.061,1.010,1.620,92.424,0.066,1.010,1.624,92.259,0.005,-0.000,0.004,0.006,1,weighted_average,kalman(weighted_average),false
1788765496.492,5.218,0.089,1.011,1.641,92.242,0.079,1.009,1.638,92.466,-0.010,-0.001,-0.002,0.011,1,weighted_average,kalman(weighted_average),false
1788765496.615,5.342,0.060,1.005,1.653,93.957,0.064,1.005,1.656,93.817,0.005,0.000,0.003,0.005,1,weighted_average,kalman(weighted_average),false
1788765496.667,5.393,0.057,1.003,1.664,94.619,0.057,1.003,1.664,94.519,0.000,0.000,-0.001,0.001,1,weighted_average,kalman(weighted_average),false
1788765496.724,5.451,0.054,1.003,1.664,95.009,0.052,1.002,1.667,95.081,-0.001,-0.001,0.003,0.003,1,weighted_average,kalman(weighted_average),false
1788765496.777,5.503,0.081,1.004,1.688,95.160,0.068,1.003,1.682,95.380,-0.013,-0.001,-0.006,0.014,1,weighted_average,kalman(weighted_average),false
1788765496.899,5.625,0.089,1.002,1.706,96.318,0.087,1.002,1.706,96.356,-0.002,0.000,-0.000,0.002,1,weighted_average,kalman(weighted_average),false
1788765496.948,5.674,0.068,1.004,1.705,96.986,0.077,1.003,1.708,96.896,0.009,-0.001,0.004,0.010,1,weighted_average,kalman(weighted_average),false
1788765497.001,5.727,0.093,1.001,1.720,97.207,0.087,1.002,1.718,97.283,-0.006,0.001,-0.002,0.006,1,weighted_average,kalman(weighted_average),false
1788765497.058,5.785,0.075,1.000,1.713,97.797,0.081,1.000,1.718,97.783,0.006,0.001,0.005,0.008,1,weighted_average,kalman(weighted_average),false
1788765497.179,5.905,0.077,0.993,1.715,98.512,0.078,0.993,1.717,98.587,0.000,0.001,0.002,0.002,1,weighted_average,kalman(weighted_average),false
1788765497.231,5.957,0.113,0.993,1.733,97.948,0.101,0.992,1.728,98.335,-0.012,-0.001,-0.005,0.013,1,weighted_average,kalman(weighted_average),false
1788765497.285,6.011,0.101,0.992,1.719,98.153,0.105,0.992,1.724,98.290,0.004,-0.001,0.005,0.006,1,weighted_average,kalman(weighted_average),false
1788765497.331,6.058,0.072,0.990,1.718,98.752,0.088,0.990,1.721,98.562,0.016,0.000,0.002,0.016,1,weighted_average,kalman(weighted_average),false
1788765497.453,6.180,0.084,0.993,1.723,98.568,0.083,0.992,1.722,98.653,-0.001,-0.001,-0.001,0.002,1,weighted_average,kalman(weighted_average),false
1788765497.499,6.225,0.075,0.993,1.717,98.761,0.077,0.993,1.719,98.736,0.002,-0.000,0.002,0.003,1,weighted_average,kalman(weighted_average),false
1788765497.553,6.279,0.086,0.992,1.722,98.562,0.082,0.992,1.720,98.667,-0.005,0.001,-0.002,0.005,1,weighted_average,kalman(weighted_average),false
1788765497.602,6.328,0.092,0.990,1.728,98.498,0.088,0.991,1.725,98.584,-0.004,0.001,-0.003,0.005,1,weighted_average,kalman(weighted_average),false
1788765497.723,6.450,0.072,0.989,1.713,98.865,0.076,0.989,1.716,98.782,0.004,0.000,0.003,0.004,1,weighted_average,kalman(weighted_average),false
1788765497.772,6.498,0.076,0.992,1.720,98.814,0.074,0.991,1.717,98.827,-0.002,-0.001,-0.002,0.003,1,weighted_average,kalman(weighted_average),false
1788765497.822,6.548,0.101,0.995,1.735,98.393,0.090,0.994,1.728,98.612,-0.011,-0.001,-0.007,0.013,1,weighted_average,kalman(weighted_average),false
1788765497.872,6.598,0.087,0.994,1.719,98.636,0.090,0.994,1.724,98.606,0.003,0.001,0.005,0.006,1,weighted_average,kalman(weighted_average),false
1788765497.991,6.717,0.078,0.994,1.709,98.912,0.081,0.994,1.712,98.816,0.003,0.001,0.003,0.004,1,weighted_average,kalman(weighted_average),false
1788765498.045,6.771,0.078,0.999,1.706,98.916,0.078,0.997,1.706,98.906,-0.000,-0.001,0.000,0.002,1,weighted_average,kalman(weighted_average),false
1788765498.094,6.821,0.086,0.999,1.708,98.790,0.082,0.999,1.705,98.874,-0.004,-0.000,-0.003,0.005,1,weighted_average,kalman(weighted_average),false
1788765498.146,6.872,0.093,0.999,1.713,98.668,0.089,0.999,1.709,98.780,-0.005,0.001,-0.004,0.006,1,weighted_average,kalman(weighted_average),false
1788765498.265,6.992,0.090,1.009,1.725,98.824,0.091,1.008,1.722,98.807,0.001,-0.001,-0.003,0.003,1,weighted_average,kalman(weighted_average),false
1788765498.312,7.038,0.090,1.009,1.725,98.824,0.091,1.010,1.725,98.820,0.001,0.001,0.001,0.001,1,weighted_average,kalman(weighted_average),false
1788765498.368,7.094,0.090,1.009,1.725,98.824,0.090,1.011,1.727,98.827,0.000,0.001,0.002,0.003,1,weighted_average,kalman(weighted_average),false
1788765498.419,7.146,0.106,1.012,1.730,98.590,0.100,1.013,1.730,98.701,-0.006,0.000,-0.000,0.006,1,weighted_average,kalman(weighted_average),false
1788765498.541,7.267,0.092,1.010,1.717,98.084,0.095,1.011,1.721,98.214,0.003,0.001,0.003,0.005,1,weighted_average,kalman(weighted_average),false
1788765498.592,7.318,0.107,1.012,1.728,97.453,0.103,1.012,1.724,97.681,-0.005,-0.000,-0.004,0.006,1,weighted_average,kalman(weighted_average),false
1788765498.641,7.368,0.106,1.017,1.739,96.769,0.105,1.015,1.733,97.039,-0.000,-0.002,-0.005,0.006,1,weighted_average,kalman(weighted_average),false
1788765498.692,7.419,0.093,1.023,1.734,96.348,0.099,1.020,1.735,96.468,0.006,-0.003,0.001,0.006,1,weighted_average,kalman(weighted_average),false
1788765498.747,7.474,0.105,1.022,1.737,95.724,0.102,1.023,1.738,95.827,-0.003,0.001,0.000,0.003,1,weighted_average,kalman(weighted_average),false
1788765498.870,7.596,0.113,1.033,1.757,93.999,0.111,1.032,1.755,94.139,-0.002,-0.001,-0.002,0.003,1,weighted_average,kalman(weighted_average),false
1788765498.922,7.648,0.104,1.038,1.774,93.746,0.108,1.038,1.770,93.632,0.004,-0.001,-0.004,0.005,1,weighted_average,kalman(weighted_average),false
1788765498.968,7.694,0.083,1.034,1.748,93.346,0.093,1.037,1.760,93.227,0.010,0.003,0.012,0.016,1,weighted_average,kalman(weighted_average),false
1788765499.025,7.751,0.073,1.039,1.757,93.079,0.078,1.040,1.759,92.867,0.004,0.000,0.002,0.005,1,weighted_average,kalman(weighted_average),false
1788765499.150,7.876,0.106,1.050,1.778,90.961,0.098,1.049,1.776,91.146,-0.008,-0.001,-0.003,0.009,1,weighted_average,kalman(weighted_average),false
1788765499.194,7.920,0.098,1.053,1.767,90.278,0.101,1.053,1.772,90.394,0.003,0.000,0.005,0.006,1,weighted_average,kalman(weighted_average),false
1788765499.247,7.973,0.105,1.054,1.779,89.777,0.106,1.055,1.777,89.718,0.001,0.001,-0.002,0.002,1,weighted_average,kalman(weighted_average),false
1788765499.297,8.023,0.095,1.056,1.775,89.148,0.101,1.057,1.777,89.090,0.006,0.001,0.002,0.007,1,weighted_average,kalman(weighted_average),false
1788765499.411,8.137,0.102,1.066,1.784,87.742,0.102,1.065,1.783,87.695,0.000,-0.001,-0.000,0.001,1,weighted_average,kalman(weighted_average),false
1788765499.460,8.186,0.102,1.063,1.753,86.996,0.102,1.065,1.764,87.033,0.000,0.002,0.011,0.011,1,weighted_average,kalman(weighted_average),false
1788765499.509,8.236,0.097,1.065,1.763,86.758,0.099,1.065,1.761,86.597,0.002,0.001,-0.002,0.003,1,weighted_average,kalman(weighted_average),false
1788765499.563,8.289,0.091,1.067,1.758,86.144,0.094,1.067,1.757,86.072,0.003,-0.000,-0.001,0.003,1,weighted_average,kalman(weighted_average),false
1788765499.617,8.343,0.091,1.072,1.766,85.801,0.091,1.071,1.761,85.656,-0.000,-0.001,-0.005,0.006,1,weighted_average,kalman(weighted_average),false
1788765499.738,8.465,0.093,1.077,1.762,84.394,0.091,1.077,1.762,84.418,-0.002,0.000,-0.000,0.002,1,weighted_average,kalman(weighted_average),false
1788765499.788,8.514,0.100,1.075,1.752,84.041,0.098,1.076,1.755,83.992,-0.003,0.001,0.003,0.005,1,weighted_average,kalman(weighted_average),false
1788765499.838,8.565,0.112,1.082,1.759,83.134,0.108,1.080,1.757,83.301,-0.004,-0.002,-0.003,0.005,1,weighted_average,kalman(weighted_average),false
1788765499.891,8.617,0.117,1.084,1.760,82.687,0.116,1.084,1.758,82.701,-0.001,-0.001,-0.002,0.002,1,weighted_average,kalman(weighted_average),false
1788765500.022,8.748,0.156,1.593,1.829,80.767,0.153,1.521,1.819,80.874,-0.003,-0.072,-0.010,0.072,11,weighted_average,kalman(weighted_average),false
1788765500.070,8.796,0.158,1.592,1.838,80.013,0.161,1.626,1.840,80.092,0.003,0.034,0.002,0.034,11,weighted_average,kalman(weighted_average),false
1788765500.122,8.849,0.165,1.597,1.829,79.565,0.168,1.664,1.842,79.460,0.003,0.068,0.013,0.069,11,weighted_average,kalman(weighted_average),false
1788765500.171,8.897,0.166,1.596,1.835,78.444,0.171,1.660,1.843,78.611,0.004,0.064,0.008,0.065,11,weighted_average,kalman(weighted_average),false
1788765500.295,9.022,0.167,1.598,1.838,77.714,0.170,1.629,1.842,77.477,0.003,0.031,0.004,0.031,11,weighted_average,kalman(weighted_average),false
1788765500.342,9.068,0.166,1.609,1.829,77.024,0.167,1.611,1.833,77.021,0.001,0.002,0.004,0.005,11,weighted_average,kalman(weighted_average),false
1788765500.393,9.119,0.176,1.605,1.829,76.086,0.172,1.600,1.829,76.278,-0.004,-0.004,-0.000,0.006,11,weighted_average,kalman(weighted_average),false
1788765500.444,9.170,0.172,1.610,1.829,75.772,0.173,1.601,1.827,75.733,0.000,-0.009,-0.002,0.009,11,weighted_average,kalman(weighted_average),false
1788765500.577,9.303,0.177,1.599,1.845,74.073,0.177,1.597,1.842,74.109,-0.000,-0.003,-0.004,0.005,11,weighted_average,kalman(weighted_average),false
1788765500.629,9.355,0.154,1.599,1.853,74.072,0.161,1.598,1.851,73.848,0.008,-0.001,-0.001,0.008,11|14,weighted_average,kalman(weighted_average),false
1788765500.686,9.413,0.180,1.593,1.843,73.053,0.171,1.595,1.849,73.156,-0.009,0.002,0.006,0.010,11,weighted_average,kalman(weighted_average),false
1788765500.735,9.461,0.152,1.589,1.847,73.156,0.160,1.591,1.849,72.922,0.008,0.002,0.002,0.008,11|14,weighted_average,kalman(weighted_average),false
1788765500.863,9.590,0.151,1.580,1.844,72.356,0.150,1.581,1.845,72.232,-0.000,0.001,0.001,0.001,11|14,weighted_average,kalman(weighted_average),false
1788765500.915,9.642,0.152,1.567,1.854,71.912,0.151,1.570,1.851,71.920,-0.002,0.003,-0.003,0.005,11|14,weighted_average,kalman(weighted_average),false
1788765500.963,9.689,0.180,1.546,1.839,70.849,0.168,1.553,1.844,71.202,-0.012,0.007,0.005,0.014,11,weighted_average,kalman(weighted_average),false
1788765501.019,9.746,0.149,1.554,1.846,71.634,0.159,1.549,1.844,71.218,0.010,-0.005,-0.001,0.011,11|14,weighted_average,kalman(weighted_average),false
1788765501.137,9.863,0.142,1.523,1.836,71.158,0.145,1.524,1.837,71.014,0.003,0.001,0.001,0.003,11|14,weighted_average,kalman(weighted_average),false
1788765501.188,9.914,0.141,1.513,1.831,70.985,0.140,1.513,1.832,70.948,-0.001,0.000,0.001,0.001,11|14,weighted_average,kalman(weighted_average),false
1788765501.235,9.962,0.139,1.507,1.830,70.914,0.138,1.505,1.829,70.886,-0.002,-0.001,-0.001,0.002,11|14,weighted_average,kalman(weighted_average),false
1788765501.291,10.017,0.138,1.495,1.830,70.769,0.137,1.495,1.828,70.778,-0.002,-0.000,-0.002,0.003,11|14,weighted_average,kalman(weighted_average),false
1788765501.420,10.146,0.130,1.461,1.822,70.497,0.130,1.462,1.822,70.507,-0.000,0.001,0.000,0.001,11|14,weighted_average,kalman(weighted_average),false
1788765501.466,10.193,0.156,1.435,1.810,69.601,0.147,1.440,1.813,69.923,-0.009,0.005,0.003,0.011,11,weighted_average,kalman(weighted_average),false
1788765501.519,10.245,0.123,1.432,1.826,70.427,0.134,1.429,1.819,70.081,0.011,-0.004,-0.007,0.013,11|14,weighted_average,kalman(weighted_average),false
1788765501.565,10.291,0.148,1.406,1.813,69.559,0.141,1.410,1.816,69.755,-0.007,0.004,0.002,0.008,11,weighted_average,kalman(weighted_average),false
1788765501.690,10.416,0.108,1.389,1.814,70.437,0.114,1.386,1.813,70.150,0.006,-0.003,-0.000,0.007,11|14,weighted_average,kalman(weighted_average),false
1788765501.737,10.464,0.128,1.359,1.805,69.618,0.119,1.365,1.807,69.873,-0.008,0.006,0.002,0.010,11,weighted_average,kalman(weighted_average),false
1788765501.786,10.512,0.126,1.350,1.809,69.590,0.122,1.350,1.807,69.706,-0.004,0.001,-0.002,0.005,11,weighted_average,kalman(weighted_average),false
1788765501.840,10.566,0.115,1.326,1.807,69.621,0.117,1.329,1.807,69.622,0.002,0.003,-0.001,0.004,11,weighted_average,kalman(weighted_average),false
1788765501.965,10.692,0.083,1.296,1.808,70.341,0.087,1.294,1.807,70.123,0.004,-0.001,-0.001,0.005,11|14,weighted_average,kalman(weighted_average),false
1788765502.064,10.790,0.077,1.283,1.813,70.364,0.074,1.280,1.812,70.383,-0.003,-0.003,-0.001,0.004,11|14,weighted_average,kalman(weighted_average),false
1788765502.180,10.906,0.069,1.253,1.805,70.328,0.067,1.254,1.807,70.411,-0.002,0.001,0.002,0.003,11|14,weighted_average,kalman(weighted_average),false
1788765502.383,11.109,0.073,1.179,1.815,69.582,0.072,1.180,1.814,69.664,-0.001,0.001,-0.001,0.002,11,weighted_average,kalman(weighted_average),false
1788765502.456,11.182,0.066,1.156,1.815,69.638,0.068,1.155,1.816,69.550,0.002,-0.001,0.001,0.003,11,weighted_average,kalman(weighted_average),false
1788765502.529,11.256,0.064,1.141,1.813,69.607,0.065,1.137,1.815,69.515,0.001,-0.004,0.001,0.004,11,weighted_average,kalman(weighted_average),false
1788765502.669,11.395,0.058,1.105,1.817,69.577,0.058,1.104,1.817,69.524,0.000,-0.001,-0.000,0.001,11,weighted_average,kalman(weighted_average),false
1788765502.730,11.457,0.061,1.099,1.816,69.507,0.059,1.097,1.817,69.511,-0.002,-0.003,0.000,0.003,11,weighted_average,kalman(weighted_average),false
1788765502.802,11.529,0.101,1.097,1.830,68.951,0.089,1.094,1.827,69.143,-0.012,-0.004,-0.004,0.013,11,weighted_average,kalman(weighted_average),false
1788765502.892,11.619,0.051,1.070,1.822,69.644,0.064,1.074,1.825,69.421,0.014,0.003,0.003,0.014,11,weighted_average,kalman(weighted_average),false
1788765503.046,11.773,0.056,1.060,1.828,69.576,0.055,1.059,1.828,69.573,-0.001,-0.001,-0.000,0.002,11,weighted_average,kalman(weighted_average),false
1788765503.101,11.828,0.054,1.056,1.822,69.559,0.054,1.056,1.824,69.583,-0.001,-0.001,0.002,0.002,11,weighted_average,kalman(weighted_average),false
1788765503.157,11.883,0.062,1.054,1.829,69.428,0.059,1.053,1.827,69.506,-0.004,-0.001,-0.002,0.004,11,weighted_average,kalman(weighted_average),false
1788765503.241,11.968,0.057,1.052,1.834,69.534,0.058,1.051,1.832,69.520,0.001,-0.001,-0.001,0.002,11,weighted_average,kalman(weighted_average),false
1788765503.416,12.142,0.065,1.052,1.836,69.524,0.064,1.051,1.837,69.525,-0.000,-0.000,0.000,0.001,11,weighted_average,kalman(weighted_average),false
1788765503.472,12.198,0.060,1.051,1.840,69.631,0.062,1.051,1.839,69.596,0.002,0.000,-0.001,0.002,11,weighted_average,kalman(weighted_average),false
1788765503.533,12.259,0.072,1.052,1.846,69.507,0.069,1.052,1.844,69.553,-0.003,-0.000,-0.002,0.003,11,weighted_average,kalman(weighted_average),false
1788765503.600,12.326,0.071,1.052,1.844,69.549,0.072,1.052,1.845,69.550,0.000,-0.000,0.001,0.001,11,weighted_average,kalman(weighted_average),false
1788765503.779,12.506,0.077,1.055,1.856,69.649,0.077,1.055,1.855,69.636,0.000,-0.000,-0.000,0.000,11,weighted_average,kalman(weighted_average),false
1788765503.832,12.558,0.083,1.056,1.857,69.584,0.082,1.056,1.858,69.612,-0.001,-0.000,0.000,0.002,11,weighted_average,kalman(weighted_average),false
1788765503.886,12.613,0.085,1.057,1.857,69.602,0.085,1.057,1.858,69.610,0.000,-0.000,0.001,0.001,11,weighted_average,kalman(weighted_average),false
1788765503.943,12.669,0.088,1.059,1.862,69.622,0.088,1.058,1.861,69.619,0.000,-0.000,-0.001,0.001,11,weighted_average,kalman(weighted_average),false
1788765504.120,12.846,0.093,1.061,1.861,69.636,0.093,1.061,1.862,69.637,0.000,0.000,0.001,0.001,11,weighted_average,kalman(weighted_average),false
1788765504.180,12.906,0.095,1.060,1.867,69.616,0.095,1.060,1.865,69.625,-0.000,0.000,-0.001,0.002,11,weighted_average,kalman(weighted_average),false
1788765504.236,12.963,0.101,1.060,1.865,69.544,0.099,1.060,1.866,69.575,-0.002,-0.000,0.000,0.002,11,weighted_average,kalman(weighted_average),false
1788765504.301,13.027,0.100,1.061,1.864,69.569,0.101,1.061,1.865,69.562,0.001,-0.000,0.001,0.001,11,weighted_average,kalman(weighted_average),false
1788765504.492,13.218,0.103,1.062,1.869,69.557,0.104,1.062,1.869,69.551,0.000,0.000,-0.000,0.000,11,weighted_average,kalman(weighted_average),false
1788765504.560,13.286,0.102,1.063,1.864,69.587,0.102,1.063,1.865,69.576,0.001,-0.000,0.002,0.002,11,weighted_average,kalman(weighted_average),false
1788765504.619,13.345,0.102,1.066,1.859,69.599,0.102,1.065,1.861,69.594,-0.000,-0.001,0.002,0.002,11,weighted_average,kalman(weighted_average),false
1788765504.774,13.500,0.101,1.065,1.862,69.568,0.101,1.065,1.861,69.578,0.000,0.000,-0.001,0.001,11,weighted_average,kalman(weighted_average),false
1788765504.849,13.575,0.096,1.065,1.862,69.645,0.096,1.065,1.862,69.623,0.001,-0.000,-0.000,0.001,11,weighted_average,kalman(weighted_average),false
1788765504.911,13.637,0.094,1.067,1.859,69.648,0.094,1.067,1.860,69.645,-0.000,-0.001,0.001,0.002,11,weighted_average,kalman(weighted_average),false
1788765504.968,13.694,0.094,1.068,1.857,69.625,0.094,1.068,1.858,69.640,-0.001,-0.000,0.001,0.001,11,weighted_average,kalman(weighted_average),false
1788765505.102,13.828,0.098,1.069,1.856,69.526,0.097,1.069,1.856,69.553,-0.001,0.000,-0.000,0.001,11,weighted_average,kalman(weighted_average),false
1788765505.161,13.888,0.093,1.068,1.855,69.582,0.095,1.068,1.855,69.560,0.002,0.001,-0.000,0.002,11,weighted_average,kalman(weighted_average),false
1788765505.233,13.960,0.090,1.068,1.848,69.602,0.091,1.068,1.850,69.580,0.001,0.000,0.002,0.002,11,weighted_average,kalman(weighted_average),false
1788765505.301,14.027,0.085,1.071,1.851,69.692,0.086,1.070,1.850,69.650,0.001,-0.001,-0.001,0.002,11,weighted_average,kalman(weighted_average),false
1788765505.456,14.182,0.081,1.072,1.847,69.682,0.081,1.072,1.847,69.689,-0.000,-0.000,-0.000,0.000,11,weighted_average,kalman(weighted_average),false
1788765505.512,14.239,0.077,1.072,1.844,69.720,0.078,1.073,1.845,69.714,0.001,0.000,0.000,0.001,11,weighted_average,kalman(weighted_average),false
1788765505.573,14.299,0.078,1.074,1.841,69.674,0.077,1.073,1.841,69.697,-0.001,-0.000,0.001,0.001,11,weighted_average,kalman(weighted_average),false
1788765505.660,14.387,0.076,1.073,1.839,69.675,0.076,1.073,1.838,69.684,-0.000,0.000,-0.000,0.001,11,weighted_average,kalman(weighted_average),false
1788765505.833,14.559,0.068,1.076,1.835,69.763,0.069,1.076,1.835,69.752,0.000,-0.000,-0.000,0.000,11,weighted_average,kalman(weighted_average),false
1788765505.895,14.621,0.068,1.076,1.831,69.739,0.067,1.077,1.832,69.752,-0.001,0.000,0.001,0.001,11,weighted_average,kalman(weighted_average),false
1788765505.955,14.681,0.069,1.074,1.834,69.662,0.068,1.075,1.832,69.702,-0.001,0.001,-0.001,0.002,11,weighted_average,kalman(weighted_average),false
1788765506.022,14.749,0.067,1.075,1.826,69.685,0.067,1.075,1.828,69.686,-0.000,-0.000,0.002,0.002,11,weighted_average,kalman(weighted_average),false
1788765506.181,14.907,0.061,1.072,1.826,69.758,0.061,1.072,1.825,69.741,0.000,0.000,-0.000,0.001,11,weighted_average,kalman(weighted_average),false
1788765506.237,14.964,0.066,1.072,1.824,69.693,0.064,1.072,1.824,69.717,-0.002,-0.000,0.000,0.002,11,weighted_average,kalman(weighted_average),false
1788765506.291,15.017,0.061,1.070,1.822,69.750,0.062,1.071,1.823,69.738,0.001,0.000,0.000,0.001,11,weighted_average,kalman(weighted_average),false
1788765506.345,15.071,0.065,1.070,1.821,69.686,0.064,1.070,1.821,69.713,-0.001,-0.000,0.000,0.001,11,weighted_average,kalman(weighted_average),false
1788765506.537,15.263,0.063,1.065,1.826,69.739,0.063,1.065,1.825,69.735,0.000,0.000,-0.001,0.001,11,weighted_average,kalman(weighted_average),false
1788765506.600,15.326,0.060,1.059,1.826,69.777,0.060,1.060,1.827,69.767,0.001,0.001,0.001,0.001,11,weighted_average,kalman(weighted_average),false
1788765506.658,15.384,0.060,1.058,1.829,69.795,0.060,1.058,1.829,69.791,-0.000,-0.001,-0.000,0.001,11,weighted_average,kalman(weighted_average),false
1788765506.711,15.438,0.059,1.057,1.826,69.836,0.059,1.056,1.827,69.825,0.000,-0.001,0.002,0.002,11,weighted_average,kalman(weighted_average),false
1788765506.879,15.605,0.062,1.049,1.827,69.774,0.062,1.049,1.827,69.792,-0.001,0.000,0.000,0.001,11,weighted_average,kalman(weighted_average),false
1788765506.967,15.693,0.063,1.042,1.835,69.808,0.063,1.043,1.834,69.798,0.000,0.000,-0.001,0.002,11,weighted_average,kalman(weighted_average),false
1788765507.025,15.752,0.067,1.040,1.833,69.772,0.066,1.040,1.834,69.780,-0.001,-0.000,0.001,0.001,11,weighted_average,kalman(weighted_average),false
1788765507.174,15.900,0.067,1.031,1.835,69.877,0.067,1.032,1.835,69.856,0.000,0.000,0.000,0.001,11,weighted_average,kalman(weighted_average),false
1788765507.239,15.965,0.074,1.029,1.830,69.813,0.072,1.029,1.831,69.838,-0.002,-0.000,0.001,0.002,11,weighted_average,kalman(weighted_average),false
1788765507.322,16.048,0.071,1.025,1.835,69.894,0.072,1.025,1.834,69.880,0.001,0.000,-0.001,0.002,11,weighted_average,kalman(weighted_average),false
1788765507.472,16.198,0.074,1.015,1.840,69.918,0.074,1.015,1.840,69.921,-0.000,0.000,-0.000,0.001,11,weighted_average,kalman(weighted_average),false
1788765507.528,16.254,0.079,1.015,1.837,69.856,0.078,1.014,1.839,69.884,-0.001,-0.001,0.001,0.002,11,weighted_average,kalman(weighted_average),false
1788765507.592,16.318,0.079,1.010,1.841,69.872,0.080,1.010,1.841,69.874,0.000,0.000,-0.001,0.001,11,weighted_average,kalman(weighted_average),false
1788765507.673,16.399,0.079,1.008,1.844,69.907,0.080,1.007,1.844,69.893,0.001,-0.000,-0.000,0.001,11,weighted_average,kalman(weighted_average),false
1788765507.832,16.558,0.085,1.004,1.847,69.899,0.084,1.003,1.847,69.900,-0.000,-0.000,0.000,0.000,11,weighted_average,kalman(weighted_average),false
1788765507.891,16.617,0.084,1.002,1.844,69.930,0.084,1.002,1.845,69.921,0.001,-0.000,0.001,0.001,11,weighted_average,kalman(weighted_average),false
1788765507.943,16.669,0.085,1.002,1.842,69.930,0.085,1.002,1.843,69.930,0.000,-0.000,0.001,0.001,11,weighted_average,kalman(weighted_average),false
1788765508.004,16.731,0.090,1.001,1.843,69.867,0.088,1.001,1.843,69.897,-0.001,-0.000,-0.001,0.001,11,weighted_average,kalman(weighted_average),false
1788765508.189,16.915,0.092,1.000,1.845,69.863,0.092,1.000,1.845,69.864,0.000,-0.000,-0.000,0.000,11,weighted_average,kalman(weighted_average),false
1788765508.244,16.970,0.095,1.001,1.854,69.838,0.094,1.001,1.851,69.843,-0.001,-0.000,-0.002,0.002,11,weighted_average,kalman(weighted_average),false
1788765508.301,17.027,0.091,1.000,1.855,69.893,0.093,1.000,1.855,69.868,0.001,0.000,0.000,0.001,11,weighted_average,kalman(weighted_average),false
1788765508.362,17.088,0.091,1.001,1.858,69.912,0.092,1.001,1.858,69.895,0.000,-0.000,0.000,0.001,11,weighted_average,kalman(weighted_average),false
1788765508.548,17.275,0.090,1.006,1.855,69.974,0.090,1.006,1.856,69.969,0.000,-0.000,0.001,0.001,11,weighted_average,kalman(weighted_average),false
1788765508.615,17.342,0.092,1.009,1.859,69.959,0.092,1.009,1.858,69.971,-0.001,-0.000,-0.001,0.001,11,weighted_average,kalman(weighted_average),false
1788765508.669,17.395,0.091,1.009,1.864,69.981,0.091,1.010,1.862,69.982,0.000,0.000,-0.002,0.002,11,weighted_average,kalman(weighted_average),false
1788765508.730,17.456,0.095,1.010,1.864,69.898,0.094,1.010,1.864,69.938,-0.001,0.001,0.000,0.001,11,weighted_average,kalman(weighted_average),false
1788765508.902,17.628,0.092,1.017,1.869,69.948,0.092,1.017,1.870,69.943,0.000,-0.000,0.000,0.001,11,weighted_average,kalman(weighted_average),false
1788765508.971,17.697,0.090,1.019,1.869,69.959,0.090,1.019,1.870,69.956,0.000,0.000,0.001,0.001,11,weighted_average,kalman(weighted_average),false
1788765509.044,17.771,0.088,1.022,1.876,70.005,0.088,1.022,1.875,69.992,0.000,-0.000,-0.001,0.001,11,weighted_average,kalman(weighted_average),false
1788765509.190,17.916,0.085,1.029,1.888,70.015,0.085,1.029,1.887,70.019,-0.000,-0.000,-0.001,0.001,11,weighted_average,kalman(weighted_average),false
1788765509.245,17.971,0.085,1.030,1.892,70.020,0.084,1.030,1.892,70.023,-0.000,0.000,0.000,0.000,11,weighted_average,kalman(weighted_average),false
1788765509.310,18.036,0.083,1.032,1.893,70.018,0.083,1.032,1.895,70.024,0.000,0.000,0.001,0.001,11,weighted_average,kalman(weighted_average),false
1788765509.383,18.109,0.084,1.038,1.890,69.990,0.083,1.037,1.892,70.004,-0.001,-0.001,0.003,0.003,11,weighted_average,kalman(weighted_average),false
1788765509.545,18.271,0.080,1.043,1.900,69.953,0.081,1.043,1.899,69.958,0.000,0.000,-0.001,0.001,11,weighted_average,kalman(weighted_average),false
1788765509.603,18.329,0.076,1.048,1.907,70.032,0.077,1.048,1.906,70.001,0.001,-0.001,-0.001,0.002,11,weighted_average,kalman(weighted_average),false
1788765509.668,18.395,0.074,1.051,1.906,70.071,0.074,1.051,1.907,70.048,0.000,0.000,0.002,0.002,11,weighted_average,kalman(weighted_average),false
1788765509.731,18.457,0.073,1.053,1.918,70.049,0.073,1.054,1.916,70.059,-0.001,0.000,-0.003,0.003,11,weighted_average,kalman(weighted_average),false
1788765509.899,18.625,0.070,1.062,1.915,69.975,0.070,1.062,1.917,69.994,-0.000,-0.000,0.001,0.001,11,weighted_average,kalman(weighted_average),false
1788765509.948,18.674,0.067,1.066,1.915,70.042,0.068,1.066,1.915,70.016,0.001,-0.000,0.000,0.001,11,weighted_average,kalman(weighted_average),false
1788765510.002,18.729,0.069,1.068,1.911,69.955,0.068,1.069,1.912,69.977,-0.001,0.000,0.001,0.001,11,weighted_average,kalman(weighted_average),false
1788765510.068,18.794,0.067,1.071,1.914,69.996,0.067,1.071,1.913,69.979,0.000,0.001,-0.002,0.002,11,weighted_average,kalman(weighted_average),false
1788765510.270,18.997,0.059,1.081,1.910,70.047,0.059,1.081,1.910,70.037,0.000,-0.000,0.000,0.000,11,weighted_average,kalman(weighted_average),false
1788765510.344,19.071,0.053,1.086,1.908,70.062,0.054,1.086,1.908,70.063,0.000,-0.000,0.000,0.001,11,weighted_average,kalman(weighted_average),false
1788765510.425,19.152,0.058,1.090,1.908,69.933,0.056,1.090,1.907,69.982,-0.002,0.000,-0.000,0.002,11,weighted_average,kalman(weighted_average),false
1788765510.564,19.291,0.055,1.105,1.902,69.972,0.055,1.104,1.902,69.965,0.000,-0.001,0.000,0.001,11,weighted_average,kalman(weighted_average),false
1788765510.631,19.357,0.049,1.105,1.902,70.044,0.050,1.107,1.901,70.016,0.001,0.002,-0.001,0.002,11,weighted_average,kalman(weighted_average),false
1788765510.700,19.426,0.043,1.107,1.905,70.865,0.044,1.108,1.904,70.571,0.001,0.001,-0.002,0.002,11,weighted_average,kalman(weighted_average),false
1788765510.858,19.584,0.049,1.102,1.892,72.347,0.047,1.103,1.893,72.176,-0.001,0.001,0.001,0.002,11,weighted_average,kalman(weighted_average),false
1788765510.923,19.650,0.041,1.094,1.909,73.331,0.043,1.095,1.903,73.181,0.002,0.001,-0.006,0.006,11,weighted_average,kalman(weighted_average),false
1788765510.989,19.715,0.038,1.087,1.909,74.190,0.039,1.087,1.909,74.124,0.001,0.001,-0.001,0.001,11,weighted_average,kalman(weighted_average),false
1788765511.140,19.866,0.046,1.071,1.904,76.340,0.044,1.071,1.906,76.310,-0.001,0.000,0.001,0.002,11,weighted_average,kalman(weighted_average),false
1788765511.208,19.935,0.031,1.210,1.991,78.543,0.035,1.174,1.969,78.159,0.004,-0.036,-0.022,0.042,9,weighted_average,kalman(weighted_average),false
1788765511.280,20.006,0.051,1.200,1.998,79.180,0.045,1.209,2.000,79.332,-0.005,0.009,0.003,0.011,9,weighted_average,kalman(weighted_average),false
1788765511.436,20.163,0.066,1.157,1.999,81.203,0.065,1.171,2.005,81.354,-0.001,0.013,0.007,0.015,9,weighted_average,kalman(weighted_average),false
1788765511.502,20.228,0.060,1.142,2.000,82.226,0.063,1.142,2.001,82.216,0.004,0.000,0.000,0.004,9,weighted_average,kalman(weighted_average),false
1788765511.565,20.291,0.052,1.128,2.002,83.320,0.056,1.124,2.000,83.215,0.004,-0.004,-0.002,0.006,9,weighted_average,kalman(weighted_average),false
1788765511.636,20.362,0.041,0.677,1.884,82.225,0.056,1.124,2.000,82.957,0.015,0.446,0.116,0.462,17,weighted_average,kalman(weighted_average),true
1788765511.786,20.513,0.026,0.649,1.946,84.307,0.027,0.674,1.949,84.219,0.002,0.025,0.003,0.025,17,weighted_average,kalman(weighted_average),false
1788765511.853,20.579,-0.006,0.649,1.938,85.581,-0.001,0.612,1.936,85.324,0.006,-0.037,-0.002,0.037,17,weighted_average,kalman(weighted_average),false
1788765511.925,20.651,-0.009,0.645,1.896,86.367,-0.013,0.607,1.902,86.312,-0.004,-0.038,0.006,0.038,17,weighted_average,kalman(weighted_average),false
1788765512.081,20.808,-0.012,0.597,1.920,88.131,-0.015,0.590,1.913,88.163,-0.003,-0.008,-0.007,0.011,17,weighted_average,kalman(weighted_average),false
1788765512.149,20.875,-0.007,0.560,1.929,88.531,-0.009,0.567,1.928,88.665,-0.002,0.007,-0.001,0.007,17,weighted_average,kalman(weighted_average),false
1788765512.214,20.940,0.037,0.517,1.959,88.280,0.024,0.528,1.953,88.648,-0.012,0.011,-0.005,0.017,17,weighted_average,kalman(weighted_average),false
1788765512.373,21.099,0.030,0.475,1.920,88.991,0.034,0.474,1.927,89.062,0.004,-0.001,0.007,0.008,17,weighted_average,kalman(weighted_average),false
1788765512.451,21.177,0.020,0.467,1.943,89.303,0.023,0.463,1.935,89.290,0.003,-0.004,-0.008,0.009,17,weighted_average,kalman(weighted_average),false
1788765512.520,21.246,0.034,0.428,1.960,89.108,0.029,0.434,1.953,89.234,-0.005,0.006,-0.008,0.011,17,weighted_average,kalman(weighted_average),false
1788765512.677,21.404,0.046,0.398,1.936,88.997,0.045,0.397,1.939,89.056,-0.001,-0.001,0.003,0.004,17,weighted_average,kalman(weighted_average),false
1788765512.755,21.481,0.071,0.349,1.935,88.600,0.067,0.356,1.933,88.702,-0.004,0.007,-0.001,0.008,17,weighted_average,kalman(weighted_average),false
1788765512.828,21.554,0.048,0.326,1.927,89.041,0.058,0.326,1.927,88.857,0.009,-0.000,0.000,0.009,17,weighted_average,kalman(weighted_average),false
1788765512.970,21.697,0.029,0.311,1.924,89.472,0.032,0.306,1.923,89.355,0.003,-0.005,-0.001,0.006,17,weighted_average,kalman(weighted_average),false
1788765513.042,21.769,0.063,0.269,1.923,88.870,0.052,0.277,1.922,89.088,-0.011,0.007,-0.000,0.013,17,weighted_average,kalman(weighted_average),false
1788765513.112,21.838,0.066,0.255,1.933,88.869,0.064,0.255,1.930,88.940,-0.002,0.000,-0.003,0.004,17,weighted_average,kalman(weighted_average),false
1788765513.267,21.993,0.050,0.219,1.938,89.166,0.053,0.218,1.938,89.104,0.003,-0.001,-0.000,0.003,17,weighted_average,kalman(weighted_average),false
1788765513.350,22.077,0.077,0.186,1.939,88.709,0.070,0.189,1.940,88.838,-0.007,0.003,0.001,0.007,17,weighted_average,kalman(weighted_average),false
1788765513.411,22.137,0.069,0.173,1.934,88.850,0.072,0.172,1.936,88.816,0.002,-0.001,0.002,0.003,17,weighted_average,kalman(weighted_average),false
1788765513.554,22.281,0.057,0.173,1.934,89.077,0.060,0.169,1.934,89.007,0.002,-0.005,-0.000,0.005,17,weighted_average,kalman(weighted_average),false
1788765513.630,22.356,0.053,0.155,1.958,89.214,0.053,0.158,1.952,89.181,-0.000,0.003,-0.006,0.006,17,weighted_average,kalman(weighted_average),false
1788765513.702,22.428,0.070,0.120,1.955,88.929,0.063,0.129,1.957,89.057,-0.006,0.009,0.002,0.011,17,weighted_average,kalman(weighted_average),false
1788765513.846,22.572,0.063,0.097,1.931,89.168,0.063,0.096,1.935,89.150,0.001,-0.001,0.004,0.004,17,weighted_average,kalman(weighted_average),false
1788765513.924,22.651,0.077,0.075,1.938,88.887,0.074,0.076,1.934,88.976,-0.003,0.001,-0.004,0.005,17,weighted_average,kalman(weighted_average),false
1788765513.992,22.718,0.066,0.068,1.920,89.205,0.070,0.066,1.922,89.103,0.004,-0.003,0.003,0.006,17,weighted_average,kalman(weighted_average),false
1788765514.136,22.862,0.067,0.039,1.972,89.255,0.067,0.039,1.965,89.239,0.000,-0.000,-0.007,0.007,17,weighted_average,kalman(weighted_average),false
1788765514.205,22.931,0.070,0.036,1.924,89.212,0.069,0.034,1.941,89.240,-0.001,-0.003,0.016,0.016,17,weighted_average,kalman(weighted_average),false
1788765514.272,22.999,0.069,0.031,1.921,89.249,0.070,0.030,1.925,89.258,0.000,-0.002,0.004,0.005,17,weighted_average,kalman(weighted_average),false
1788765514.432,23.158,0.076,0.011,1.932,89.191,0.075,0.011,1.929,89.209,-0.000,0.000,-0.003,0.003,17,weighted_average,kalman(weighted_average),false
1788765514.495,23.222,0.084,-0.010,1.921,89.028,0.082,-0.006,1.924,89.080,-0.002,0.004,0.003,0.005,17,weighted_average,kalman(weighted_average),false
1788765514.560,23.286,0.085,-0.022,1.941,88.992,0.086,-0.021,1.936,88.998,0.001,0.000,-0.005,0.005,17,weighted_average,kalman(weighted_average),false
1788765514.719,23.445,0.089,-0.043,1.932,89.006,0.090,-0.044,1.934,88.977,0.001,-0.001,0.002,0.002,17,weighted_average,kalman(weighted_average),false
1788765514.788,23.515,0.069,-0.031,1.924,89.459,0.075,-0.036,1.926,89.311,0.005,-0.006,0.002,0.008,17,weighted_average,kalman(weighted_average),false
1788765514.856,23.583,0.079,-0.053,1.910,89.290,0.075,-0.048,1.913,89.352,-0.004,0.005,0.003,0.007,17,weighted_average,kalman(weighted_average),false
1788765514.925,23.652,0.080,-0.065,1.933,89.267,0.078,-0.062,1.924,89.336,-0.002,0.003,-0.009,0.010,17,weighted_average,kalman(weighted_average),false
1788765515.070,23.797,0.102,-0.113,1.930,88.882,0.099,-0.110,1.930,88.979,-0.002,0.003,-0.000,0.004,17,weighted_average,kalman(weighted_average),false
1788765515.136,23.862,0.091,-0.119,1.940,89.131,0.096,-0.123,1.938,89.032,0.005,-0.004,-0.002,0.007,17,weighted_average,kalman(weighted_average),false
1788765515.207,23.934,0.106,-0.146,1.939,88.813,0.104,-0.145,1.940,88.867,-0.002,0.001,0.002,0.003,17,weighted_average,kalman(weighted_average),false
1788765515.359,24.086,0.097,-0.164,1.929,89.022,0.099,-0.166,1.931,88.959,0.002,-0.002,0.002,0.004,17,weighted_average,kalman(weighted_average),false
1788765515.435,24.161,0.102,-0.191,1.929,88.937,0.100,-0.188,1.928,88.956,-0.001,0.004,-0.001,0.004,17,weighted_average,kalman(weighted_average),false
1788765515.503,24.229,0.102,-0.204,1.915,88.954,0.101,-0.204,1.918,88.962,-0.001,0.000,0.003,0.003,17,weighted_average,kalman(weighted_average),false
1788765515.651,24.378,0.110,-0.236,1.930,88.892,0.109,-0.236,1.927,88.908,-0.001,-0.000,-0.003,0.003,17,weighted_average,kalman(weighted_average),false
1788765515.720,24.447,0.115,-0.249,1.903,88.821,0.115,-0.250,1.910,88.840,-0.001,-0.000,0.007,0.007,17,weighted_average,kalman(weighted_average),false
1788765515.789,24.515,0.113,-0.272,1.931,88.854,0.115,-0.270,1.923,88.834,0.002,0.002,-0.008,0.008,17,weighted_average,kalman(weighted_average),false
1788765515.947,24.673,0.121,-0.313,1.918,88.780,0.121,-0.312,1.919,88.779,0.000,0.000,0.001,0.001,17,weighted_average,kalman(weighted_average),false
1788765516.014,24.741,0.129,-0.335,1.920,88.621,0.127,-0.334,1.919,88.662,-0.001,0.001,-0.001,0.002,17,weighted_average,kalman(weighted_average),false
1788765516.066,24.793,0.140,-0.363,1.908,88.353,0.137,-0.358,1.911,88.458,-0.003,0.004,0.003,0.006,17,weighted_average,kalman(weighted_average),false
1788765516.112,24.839,0.143,-0.357,1.887,88.409,0.143,-0.364,1.895,88.387,0.000,-0.007,0.008,0.011,17,weighted_average,kalman(weighted_average),false
1788765516.241,24.968,0.022,0.021,2.077,90.452,0.042,-0.041,2.046,89.919,0.020,-0.062,-0.030,0.072,6,weighted_average,kalman(weighted_average),false
1788765516.293,25.019,0.019,0.008,2.068,90.492,0.012,0.037,2.082,90.480,-0.007,0.029,0.014,0.033,6,weighted_average,kalman(weighted_average),false
1788765516.342,25.068,0.094,0.005,2.314,89.951,0.050,0.057,2.246,90.413,-0.044,0.052,-0.068,0.096,15,weighted_average,kalman(weighted_average),false
1788765516.391,25.118,0.226,0.069,2.026,88.475,0.050,0.057,2.246,89.526,-0.176,-0.012,0.220,0.281,15,weighted_average,kalman(weighted_average),true
1788765516.442,25.169,0.019,-0.030,2.072,90.501,0.026,-0.011,2.111,89.985,0.007,0.020,0.039,0.044,6,weighted_average,kalman(weighted_average),false
1788765516.575,25.301,0.011,-0.071,2.075,90.621,0.010,-0.072,2.062,90.531,-0.001,-0.001,-0.013,0.013,6,weighted_average,kalman(weighted_average),false
1788765516.627,25.354,0.014,-0.082,2.067,90.537,0.011,-0.086,2.060,90.613,-0.003,-0.004,-0.007,0.009,6,weighted_average,kalman(weighted_average),false
1788765516.675,25.401,0.018,-0.096,2.058,90.533,0.015,-0.099,2.055,90.632,-0.004,-0.003,-0.003,0.005,6,weighted_average,kalman(weighted_average),false
1788765516.731,25.457,0.108,-0.494,1.863,89.769,0.015,-0.099,2.055,90.205,-0.094,0.395,0.193,0.449,18,weighted_average,kalman(weighted_average),true
1788765516.857,25.584,-0.144,-0.120,2.038,92.742,-0.131,-0.118,2.039,92.097,0.014,0.002,0.001,0.014,15,weighted_average,kalman(weighted_average),false
1788765516.903,25.630,0.114,-0.525,1.849,89.738,-0.131,-0.118,2.039,90.921,-0.245,0.407,0.191,0.512,18,weighted_average,kalman(weighted_average),true
1788765516.957,25.684,0.111,-0.552,1.865,89.758,-0.131,-0.118,2.039,90.262,-0.242,0.434,0.174,0.527,18,weighted_average,kalman(weighted_average),true
1788765517.005,25.731,-0.079,-0.146,2.023,91.993,-0.084,-0.143,2.025,91.080,-0.005,0.003,0.002,0.006,15,weighted_average,kalman(weighted_average),false
1788765517.062,25.788,0.057,-0.184,2.260,90.431,0.015,-0.173,2.180,90.796,-0.042,0.011,-0.080,0.091,15,weighted_average,kalman(weighted_average),false
1788765517.194,25.921,0.119,-0.602,1.843,89.678,0.015,-0.173,2.180,89.918,-0.103,0.429,0.337,0.555,18,weighted_average,kalman(weighted_average),true
1788765517.240,25.966,0.039,-0.228,2.215,90.660,0.037,-0.224,2.213,90.253,-0.002,0.004,-0.003,0.005,15,weighted_average,kalman(weighted_average),false
1788765517.290,26.016,0.270,-0.245,2.333,87.920,0.193,-0.244,2.296,88.914,-0.077,0.002,-0.037,0.085,15,weighted_average,kalman(weighted_average),false
1788765517.344,26.071,0.123,-0.637,1.861,89.642,0.193,-0.244,2.296,89.053,0.070,0.394,0.435,0.591,18,weighted_average,kalman(weighted_average),true
1788765517.494,26.221,0.122,-0.675,1.871,89.672,0.127,-0.647,1.899,89.406,0.005,0.028,0.028,0.040,18,weighted_average,kalman(weighted_average),false
1788765517.543,26.269,0.124,-0.689,1.863,89.663,0.119,-0.715,1.835,89.613,-0.006,-0.026,-0.028,0.038,18,weighted_average,kalman(weighted_average),false
1788765517.595,26.321,0.119,-0.713,1.863,89.730,0.113,-0.751,1.818,89.750,-0.005,-0.037,-0.045,0.059,18,weighted_average,kalman(weighted_average),false
1788765517.642,26.368,0.123,-0.720,1.866,89.681,0.116,-0.756,1.827,89.778,-0.008,-0.037,-0.040,0.054,18,weighted_average,kalman(weighted_average),false
1788765517.772,26.499,0.127,-0.757,1.861,89.614,0.124,-0.772,1.845,89.716,-0.003,-0.015,-0.016,0.022,18,weighted_average,kalman(weighted_average),false
1788765517.826,26.552,0.127,-0.768,1.854,89.650,0.127,-0.770,1.855,89.670,0.000,-0.002,0.001,0.003,18,weighted_average,kalman(weighted_average),false
1788765517.876,26.602,0.130,-0.779,1.851,89.571,0.130,-0.776,1.856,89.604,0.000,0.003,0.005,0.006,18,weighted_average,kalman(weighted_average),false
1788765517.923,26.650,0.122,-0.799,1.866,89.672,0.127,-0.791,1.864,89.622,0.004,0.008,-0.002,0.009,18,weighted_average,kalman(weighted_average),false
1788765518.065,26.791,0.164,-0.440,2.165,89.211,0.160,-0.487,2.130,89.284,-0.005,-0.047,-0.035,0.059,15,weighted_average,kalman(weighted_average),false
1788765518.111,26.837,0.124,-0.839,1.860,89.613,0.160,-0.487,2.130,89.442,0.036,0.352,0.270,0.445,18,weighted_average,kalman(weighted_average),true
1788765518.166,26.892,0.123,-0.849,1.862,89.621,0.129,-0.787,1.908,89.536,0.006,0.062,0.046,0.077,18,weighted_average,kalman(weighted_average),false
1788765518.209,26.935,0.127,-0.863,1.853,89.553,0.124,-0.869,1.848,89.553,-0.003,-0.006,-0.005,0.008,18,weighted_average,kalman(weighted_average),false
1788765518.261,26.988,0.119,-0.882,1.866,89.644,0.117,-0.920,1.827,89.612,-0.002,-0.038,-0.039,0.055,18,weighted_average,kalman(weighted_average),false
1788765518.389,27.116,0.119,-0.906,1.864,89.594,0.116,-0.938,1.839,89.619,-0.003,-0.032,-0.025,0.041,18,weighted_average,kalman(weighted_average),false
1788765518.441,27.167,0.118,-0.925,1.868,89.582,0.117,-0.929,1.862,89.598,-0.001,-0.005,-0.006,0.008,18,weighted_average,kalman(weighted_average),false
1788765518.496,27.222,0.116,-0.940,1.860,89.578,0.117,-0.935,1.866,89.585,0.001,0.005,0.007,0.008,18,weighted_average,kalman(weighted_average),false
1788765518.540,27.266,0.119,-0.945,1.862,89.536,0.118,-0.941,1.867,89.556,-0.001,0.004,0.005,0.007,18,weighted_average,kalman(weighted_average),false
1788765518.674,27.400,0.104,-0.987,1.871,89.657,0.106,-0.982,1.873,89.626,0.002,0.005,0.002,0.006,18,weighted_average,kalman(weighted_average),false
1788765518.730,27.456,0.107,-0.992,1.846,89.583,0.105,-0.995,1.854,89.608,-0.002,-0.003,0.008,0.009,18,weighted_average,kalman(weighted_average),false
1788765518.781,27.507,0.108,-1.006,1.841,89.547,0.106,-1.007,1.843,89.577,-0.002,-0.001,0.002,0.003,18,weighted_average,kalman(weighted_average),false
1788765518.833,27.559,0.108,-1.023,1.856,89.530,0.107,-1.022,1.848,89.548,-0.002,0.001,-0.009,0.009,18,weighted_average,kalman(weighted_average),false
1788765518.961,27.688,0.093,-1.065,1.852,89.661,0.095,-1.064,1.850,89.627,0.002,0.001,-0.002,0.003,18,weighted_average,kalman(weighted_average),false
1788765519.013,27.739,0.095,-1.067,1.852,89.653,0.093,-1.071,1.852,89.653,-0.001,-0.004,-0.000,0.004,18,weighted_average,kalman(weighted_average),false
1788765519.062,27.789,0.090,-1.087,1.852,89.672,0.090,-1.086,1.852,89.675,-0.000,0.001,0.001,0.002,18,weighted_average,kalman(weighted_average),false
1788765519.114,27.840,0.094,-1.095,1.854,89.594,0.091,-1.097,1.854,89.642,-0.003,-0.002,-0.000,0.003,18,weighted_average,kalman(weighted_average),false
1788765519.251,27.977,0.085,-1.133,1.857,89.649,0.086,-1.133,1.857,89.650,0.000,0.000,0.000,0.000,18,weighted_average,kalman(weighted_average),false
1788765519.298,28.024,0.085,-1.147,1.853,89.624,0.085,-1.147,1.855,89.635,-0.001,0.001,0.002,0.002,18,weighted_average,kalman(weighted_average),false
1788765519.349,28.075,0.088,-1.158,1.853,89.553,0.086,-1.159,1.853,89.587,-0.002,-0.001,0.001,0.002,18,weighted_average,kalman(weighted_average),false
1788765519.399,28.125,0.086,-1.173,1.850,89.573,0.086,-1.173,1.851,89.570,0.000,0.000,0.001,0.001,18,weighted_average,kalman(weighted_average),false
1788765519.532,28.258,0.086,-1.206,1.851,89.524,0.086,-1.207,1.850,89.523,-0.000,-0.000,-0.000,0.001,18,weighted_average,kalman(weighted_average),false
1788765519.590,28.317,0.080,-1.219,1.855,89.581,0.082,-1.220,1.853,89.553,0.002,-0.001,-0.001,0.002,18,weighted_average,kalman(weighted_average),false
1788765519.638,28.365,0.073,-1.239,1.852,89.642,0.076,-1.236,1.853,89.604,0.002,0.003,0.001,0.004,18,weighted_average,kalman(weighted_average),false
1788765519.692,28.418,0.078,-1.252,1.846,89.551,0.076,-1.252,1.849,89.583,-0.002,0.000,0.003,0.004,18,weighted_average,kalman(weighted_average),false
1788765519.818,28.545,0.076,-1.278,1.838,89.553,0.075,-1.279,1.839,89.562,-0.001,-0.002,0.001,0.002,18,weighted_average,kalman(weighted_average),false
1788765519.861,28.588,0.075,-1.295,1.840,89.567,0.075,-1.293,1.838,89.563,-0.000,0.002,-0.001,0.003,18,weighted_average,kalman(weighted_average),false
1788765519.915,28.642,0.076,-1.304,1.841,89.532,0.076,-1.305,1.839,89.543,-0.001,-0.001,-0.002,0.002,18,weighted_average,kalman(weighted_average),false
1788765519.963,28.689,0.081,-1.317,1.842,89.503,0.079,-1.317,1.841,89.517,-0.002,0.000,-0.002,0.002,18,weighted_average,kalman(weighted_average),false
1788765520.014,28.740,0.075,-1.330,1.840,89.578,0.077,-1.329,1.840,89.541,0.002,0.000,0.000,0.002,18,weighted_average,kalman(weighted_average),false
1788765520.152,28.878,0.077,-1.360,1.832,89.575,0.077,-1.361,1.833,89.567,-0.000,-0.000,0.001,0.001,18,weighted_average,kalman(weighted_average),false
1788765520.197,28.923,0.075,-1.381,1.828,89.593,0.075,-1.377,1.829,89.586,0.001,0.003,0.001,0.004,18,weighted_average,kalman(weighted_average),false
1788765520.251,28.977,0.077,-1.386,1.830,89.589,0.076,-1.389,1.828,89.594,-0.001,-0.002,-0.002,0.003,18,weighted_average,kalman(weighted_average),false
1788765520.299,29.026,0.079,-1.403,1.825,89.572,0.078,-1.402,1.825,89.587,-0.001,0.001,0.000,0.001,18,weighted_average,kalman(weighted_average),false
1788765520.346,29.073,0.077,-1.414,1.825,89.603,0.077,-1.414,1.824,89.597,0.001,0.000,-0.001,0.001,18,weighted_average,kalman(weighted_average),false
1788765520.491,29.217,0.074,-1.435,1.828,89.644,0.075,-1.437,1.826,89.638,0.000,-0.002,-0.001,0.002,18,weighted_average,kalman(weighted_average),false
1788765520.544,29.270,0.074,-1.455,1.834,89.672,0.074,-1.452,1.832,89.665,-0.000,0.003,-0.002,0.004,18,weighted_average,kalman(weighted_average),false
1788765520.594,29.321,0.075,-1.479,1.823,89.694,0.074,-1.473,1.827,89.689,-0.001,0.006,0.004,0.008,18,weighted_average,kalman(weighted_average),false
1788765520.643,29.369,0.075,-1.496,1.819,89.719,0.075,-1.492,1.822,89.715,-0.001,0.003,0.003,0.005,18,weighted_average,kalman(weighted_average),false
1788765520.771,29.498,0.082,-1.530,1.815,89.660,0.081,-1.531,1.815,89.686,-0.001,-0.001,0.000,0.001,18,weighted_average,kalman(weighted_average),false
1788765520.817,29.543,0.079,-1.538,1.812,89.721,0.080,-1.540,1.812,89.704,0.001,-0.002,0.000,0.003,18,weighted_average,kalman(weighted_average),false
1788765520.871,29.598,0.075,-1.561,1.822,89.798,0.077,-1.559,1.817,89.759,0.002,0.002,-0.005,0.006,18,weighted_average,kalman(weighted_average),false
1788765520.922,29.648,0.077,-1.568,1.817,89.763,0.077,-1.570,1.817,89.771,-0.000,-0.002,0.000,0.002,18,weighted_average,kalman(weighted_average),false
1788765520.969,29.696,0.074,-1.586,1.815,89.839,0.075,-1.585,1.816,89.814,0.001,0.001,0.001,0.002,18,weighted_average,kalman(weighted_average),false
1788765521.100,29.827,0.075,-1.619,1.810,89.875,0.074,-1.619,1.811,89.877,-0.000,-0.000,0.001,0.001,18,weighted_average,kalman(weighted_average),false
1788765521.150,29.876,0.062,-1.626,1.813,90.144,0.066,-1.628,1.812,90.050,0.004,-0.002,-0.001,0.005,18,weighted_average,kalman(weighted_average),false
1788765521.200,29.927,0.099,-1.338,1.993,89.540,0.066,-1.628,1.812,89.798,-0.033,-0.290,-0.181,0.343,15,weighted_average,kalman(weighted_average),true
1788765521.247,29.973,-0.067,-1.366,1.832,92.118,-0.038,-1.423,1.828,90.996,0.029,-0.057,-0.004,0.064,15,weighted_average,kalman(weighted_average),false
1788765521.303,30.029,0.157,-1.329,1.833,88.626,0.074,-1.333,1.834,89.927,-0.083,-0.003,0.000,0.083,15,weighted_average,kalman(weighted_average),false
1788765521.425,30.151,0.091,-1.365,1.765,89.639,0.097,-1.329,1.778,89.631,0.006,0.036,0.013,0.039,15,weighted_average,kalman(weighted_average),false
1788765521.474,30.200,-0.029,-1.396,1.664,91.560,0.016,-1.374,1.694,90.747,0.045,0.022,0.030,0.058,15,weighted_average,kalman(weighted_average),false
1788765521.527,30.253,0.016,-1.416,1.840,90.833,0.004,-1.409,1.768,90.944,-0.012,0.007,-0.072,0.073,15,weighted_average,kalman(weighted_average),false
1788765521.578,30.304,-0.635,-1.402,1.071,102.638,0.004,-1.409,1.768,97.427,0.639,-0.007,0.698,0.946,3,weighted_average,kalman(weighted_average),true
1788765521.635,30.362,-0.003,-1.428,1.795,91.138,-0.002,-1.424,1.789,95.230,0.001,0.004,-0.005,0.007,15,weighted_average,kalman(weighted_average),false
1788765521.766,30.492,-0.765,-1.455,1.173,104.853,-0.002,-1.424,1.789,103.089,0.764,0.031,0.616,0.982,3,weighted_average,kalman(weighted_average),true
1788765521.820,30.546,-0.567,-1.438,1.146,101.742,-0.002,-1.424,1.789,103.360,0.565,0.014,0.644,0.857,3,weighted_average,kalman(weighted_average),true
1788765521.868,30.594,0.036,-1.491,1.885,90.550,0.034,-1.488,1.881,96.964,-0.002,0.003,-0.004,0.005,15,weighted_average,kalman(weighted_average),false
1788765521.916,30.642,-0.021,-1.502,1.796,91.491,0.002,-1.503,1.834,93.559,0.023,-0.001,0.038,0.045,15,weighted_average,kalman(weighted_average),false
1788765522.039,30.765,0.092,-1.517,1.932,89.682,0.075,-1.520,1.916,89.456,-0.016,-0.004,-0.016,0.023,15,weighted_average,kalman(weighted_average),false
1788765522.085,30.811,0.015,-1.548,1.924,90.959,0.046,-1.541,1.932,89.717,0.030,0.007,0.008,0.032,15,weighted_average,kalman(weighted_average),false
1788765522.142,30.868,0.021,-1.562,1.901,90.737,0.032,-1.560,1.923,89.797,0.010,0.002,0.022,0.024,15,weighted_average,kalman(weighted_average),false
1788765522.187,30.913,-0.006,-1.558,1.703,90.705,0.008,-1.564,1.795,90.024,0.014,-0.006,0.092,0.093,15,weighted_average,kalman(weighted_average),false
1788765522.308,31.035,0.036,-1.600,1.851,89.688,0.026,-1.599,1.821,89.576,-0.010,0.002,-0.030,0.031,15,weighted_average,kalman(weighted_average),false
1788765522.355,31.081,0.036,-1.600,1.851,89.688,0.035,-1.604,1.845,89.565,-0.001,-0.004,-0.006,0.007,15,weighted_average,kalman(weighted_average),false
1788765522.412,31.139,0.015,-1.606,1.808,90.018,0.025,-1.610,1.828,89.760,0.011,-0.004,0.020,0.023,15,weighted_average,kalman(weighted_average),false
1788765522.463,31.190,0.073,-1.611,1.819,89.013,0.055,-1.614,1.823,89.345,-0.018,-0.002,0.004,0.019,15,weighted_average,kalman(weighted_average),false
1788765522.599,31.325,0.096,-1.651,1.796,88.614,0.095,-1.649,1.799,88.681,-0.001,0.003,0.003,0.004,15,weighted_average,kalman(weighted_average),false
1788765522.645,31.372,-0.217,-1.643,1.497,94.692,0.095,-1.649,1.799,92.242,0.312,-0.006,0.303,0.435,3|15,weighted_average,kalman(weighted_average),true
1788765522.694,31.420,0.018,-1.678,1.894,90.856,0.032,-1.673,1.876,91.960,0.014,0.005,-0.017,0.023,3|15,weighted_average,kalman(weighted_average),false
1788765522.744,31.471,-0.259,-1.682,1.506,95.444,0.032,-1.673,1.876,94.128,0.292,0.009,0.370,0.471,3|15,weighted_average,kalman(weighted_average),true
1788765522.797,31.523,-0.323,-1.704,1.491,96.536,0.032,-1.673,1.876,95.985,0.355,0.031,0.385,0.525,3|15,weighted_average,kalman(weighted_average),true
1788765522.957,31.683,-0.005,-1.719,1.806,91.211,-0.003,-1.717,1.809,92.758,0.002,0.002,0.003,0.004,3|15,weighted_average,kalman(weighted_average),false
1788765523.014,31.740,0.018,-1.736,1.815,90.817,0.009,-1.734,1.808,90.993,-0.009,0.001,-0.007,0.011,3|15,weighted_average,kalman(weighted_average),false
1788765523.054,31.780,-0.011,-1.746,1.825,91.322,-0.003,-1.746,1.816,90.664,0.008,0.000,-0.009,0.012,3|15,weighted_average,kalman(weighted_average),false
1788765523.109,31.835,-0.016,-1.745,1.823,91.380,-0.013,-1.750,1.821,90.522,0.003,-0.006,-0.003,0.007,3|15,weighted_average,kalman(weighted_average),false
1788765523.237,31.963,0.042,-1.808,1.862,88.953,0.031,-1.803,1.856,88.894,-0.010,0.005,-0.005,0.013,15,weighted_average,kalman(weighted_average),false
1788765523.286,32.012,-0.311,-1.794,1.520,95.917,0.031,-1.803,1.856,92.936,0.343,-0.009,0.337,0.480,3|15,weighted_average,kalman(weighted_average),true
1788765523.337,32.063,-0.015,-1.795,1.832,90.761,-0.007,-1.796,1.836,92.170,0.008,-0.001,0.004,0.009,3|15,weighted_average,kalman(weighted_average),false
1788765523.386,32.113,-0.284,-1.810,1.461,95.321,-0.007,-1.796,1.836,94.034,0.277,0.014,0.375,0.466,3|15,weighted_average,kalman(weighted_average),true
1788765523.433,32.159,0.032,-1.825,1.833,89.825,0.023,-1.818,1.834,92.299,-0.009,0.006,0.001,0.011,3|15,weighted_average,kalman(weighted_average),false
1788765523.566,32.293,0.066,-1.851,1.821,89.030,0.064,-1.850,1.822,89.784,-0.002,0.002,0.001,0.003,3|15,weighted_average,kalman(weighted_average),false
1788765523.619,32.346,0.024,-1.857,1.862,89.745,0.042,-1.859,1.848,89.408,0.017,-0.002,-0.014,0.022,3|15,weighted_average,kalman(weighted_average),false
1788765523.668,32.394,0.013,-1.871,1.845,89.885,0.023,-1.870,1.850,89.385,0.010,0.001,0.004,0.011,3|15,weighted_average,kalman(weighted_average),false
1788765523.714,32.440,0.007,-1.865,1.847,89.947,0.010,-1.871,1.850,89.478,0.003,-0.006,0.003,0.008,3|15,weighted_average,kalman(weighted_average),false
1788765523.766,32.493,-0.017,-1.883,1.818,90.240,-0.011,-1.882,1.832,89.744,0.006,0.002,0.014,0.016,3|15,weighted_average,kalman(weighted_average),false
1788765523.894,32.620,0.009,-1.919,1.829,89.561,0.000,-1.916,1.827,89.557,-0.009,0.002,-0.002,0.010,3|15,weighted_average,kalman(weighted_average),false
1788765523.941,32.667,-0.313,-1.926,1.517,95.287,0.000,-1.916,1.827,92.975,0.313,0.010,0.310,0.441,3|15,weighted_average,kalman(weighted_average),true
1788765523.990,32.717,0.105,-1.921,1.802,86.640,0.086,-1.920,1.806,89.970,-0.019,0.001,0.005,0.020,15,weighted_average,kalman(weighted_average),false
1788765524.045,32.772,0.015,-1.945,1.805,89.297,0.051,-1.937,1.803,89.438,0.036,0.008,-0.002,0.037,3|15,weighted_average,kalman(weighted_average),false
1788765524.094,32.820,0.000,-1.964,1.810,89.512,0.022,-1.956,1.805,89.296,0.022,0.008,-0.005,0.024,3|15,weighted_average,kalman(weighted_average),false
1788765524.225,32.952,0.019,-1.997,1.800,88.027,0.016,-1.996,1.800,88.134,-0.003,0.001,-0.000,0.004,15,weighted_average,kalman(weighted_average),false
1788765524.272,32.999,-0.028,-1.997,1.797,89.933,-0.014,-2.001,1.798,89.062,0.014,-0.005,0.000,0.015,3|15,weighted_average,kalman(weighted_average),false
1788765524.325,33.052,0.047,-2.019,1.818,87.440,0.020,-2.017,1.810,88.163,-0.028,0.002,-0.008,0.029,15,weighted_average,kalman(weighted_average),false
1788765524.378,33.104,-0.006,-2.045,1.800,88.470,0.007,-2.039,1.806,88.193,0.013,0.005,0.005,0.015,15,weighted_average,kalman(weighted_average),false
1788765524.515,33.241,-0.010,-2.085,1.827,88.496,-0.008,-2.085,1.825,88.333,0.002,-0.000,-0.003,0.003,15,weighted_average,kalman(weighted_average),false
1788765524.562,33.289,0.015,-2.094,1.834,87.989,0.006,-2.097,1.833,88.137,-0.009,-0.002,-0.001,0.010,15,weighted_average,kalman(weighted_average),false
1788765524.614,33.340,0.037,-2.107,1.817,88.645,0.027,-2.109,1.826,88.405,-0.011,-0.002,0.009,0.014,3|15,weighted_average,kalman(weighted_average),false
1788765524.664,33.391,0.063,-2.109,1.840,87.037,0.053,-2.114,1.835,87.695,-0.010,-0.005,-0.005,0.012,15,weighted_average,kalman(weighted_average),false
1788765524.712,33.438,-0.000,-2.134,1.800,88.295,0.029,-2.130,1.816,87.909,0.029,0.004,0.016,0.033,15,weighted_average,kalman(weighted_average),false
1788765524.839,33.566,0.014,-2.168,1.820,87.992,0.016,-2.167,1.817,87.932,0.002,0.001,-0.003,0.004,15,weighted_average,kalman(weighted_average),false
1788765524.888,33.614,0.008,-2.190,1.813,88.118,0.009,-2.187,1.815,88.045,0.001,0.003,0.001,0.003,15,weighted_average,kalman(weighted_average),false
1788765524.941,33.667,-0.044,-2.183,1.769,90.267,-0.027,-2.191,1.785,89.327,0.017,-0.008,0.016,0.025,3|15,weighted_average,kalman(weighted_average),false
1788765524.989,33.715,0.011,-2.215,1.786,88.048,-0.011,-2.209,1.781,88.864,-0.023,0.005,-0.006,0.024,15,weighted_average,kalman(weighted_average),false
1788765525.043,33.769,0.004,-2.228,1.802,88.187,-0.004,-2.227,1.790,88.581,-0.008,0.001,-0.012,0.015,15,weighted_average,kalman(weighted_average),false
1788765525.177,33.903,-0.040,-2.260,1.770,90.217,-0.035,-2.261,1.773,89.851,0.005,-0.001,0.002,0.006,3|15,weighted_average,kalman(weighted_average),false
1788765525.223,33.949,0.004,-2.289,1.812,88.155,-0.013,-2.284,1.797,88.988,-0.017,0.006,-0.015,0.024,15,weighted_average,kalman(weighted_average),false
1788765525.273,33.999,-0.026,-2.301,1.833,89.946,-0.021,-2.301,1.822,89.515,0.006,0.000,-0.011,0.013,3|15,weighted_average,kalman(weighted_average),false
1788765525.322,34.049,-0.001,-2.329,1.848,88.259,-0.010,-2.325,1.844,88.925,-0.009,0.004,-0.004,0.010,15,weighted_average,kalman(weighted_average),false
1788765525.373,34.100,-0.018,-2.339,1.812,88.634,-0.013,-2.342,1.832,88.726,0.005,-0.003,0.020,0.021,15,weighted_average,kalman(weighted_average),false
1788765525.502,34.229,-0.018,-2.386,1.829,88.651,-0.017,-2.386,1.831,88.589,0.001,-0.001,0.002,0.003,15,weighted_average,kalman(weighted_average),false
1788765525.548,34.274,0.001,-2.383,1.841,89.412,-0.005,-2.390,1.838,89.059,-0.007,-0.006,-0.004,0.010,3|15,weighted_average,kalman(weighted_average),false
1788765525.601,34.327,-0.010,-2.408,1.811,88.465,-0.006,-2.406,1.822,88.781,0.003,0.002,0.011,0.011,15,weighted_average,kalman(weighted_average),false
1788765525.649,34.375,0.003,-2.426,1.830,88.161,0.000,-2.423,1.825,88.442,-0.003,0.003,-0.006,0.007,15,weighted_average,kalman(weighted_average),false
1788765525.701,34.428,0.003,-2.426,1.830,88.161,0.004,-2.431,1.827,88.227,0.000,-0.005,-0.003,0.006,15,weighted_average,kalman(weighted_average),false
1788765525.837,34.563,0.005,-2.476,1.818,88.119,0.006,-2.474,1.819,88.047,0.001,0.002,0.001,0.002,15,weighted_average,kalman(weighted_average),false
1788765525.880,34.607,-0.014,-2.491,1.803,88.559,-0.007,-2.490,1.807,88.327,0.007,0.001,0.004,0.009,15,weighted_average,kalman(weighted_average),false
1788765525.933,34.659,-0.004,-2.512,1.822,88.329,-0.007,-2.511,1.814,88.352,-0.003,0.001,-0.008,0.009,15,weighted_average,kalman(weighted_average),false
1788765525.987,34.714,-0.013,-2.534,1.815,88.533,-0.012,-2.533,1.814,88.473,0.001,0.001,-0.001,0.002,15,weighted_average,kalman(weighted_average),false
1788765526.036,34.762,-0.011,-2.542,1.792,88.509,-0.013,-2.546,1.801,88.523,-0.002,-0.004,0.009,0.010,15,weighted_average,kalman(weighted_average),false
1788765526.162,34.888,0.003,-2.571,1.814,88.180,-0.000,-2.574,1.809,88.304,-0.003,-0.003,-0.004,0.006,15,weighted_average,kalman(weighted_average),false
1788765526.209,34.935,-0.022,-2.596,1.809,90.079,-0.013,-2.592,1.810,89.342,0.009,0.004,0.001,0.010,3|15,weighted_average,kalman(weighted_average),false
1788765526.261,34.987,-0.014,-2.617,1.800,88.632,-0.015,-2.614,1.805,89.091,-0.000,0.004,0.005,0.006,15,weighted_average,kalman(weighted_average),false
1788765526.311,35.037,0.002,-2.621,1.795,88.235,-0.005,-2.625,1.799,88.684,-0.008,-0.004,0.003,0.009,15,weighted_average,kalman(weighted_average),false
1788765526.364,35.091,0.015,-2.628,1.809,87.943,0.008,-2.633,1.804,88.252,-0.006,-0.005,-0.005,0.010,15,weighted_average,kalman(weighted_average),false
1788765526.491,35.217,-0.007,-2.688,1.807,88.526,-0.002,-2.684,1.806,88.341,0.005,0.004,-0.000,0.007,15,weighted_average,kalman(weighted_average),false
1788765526.538,35.264,0.014,-2.687,1.781,89.353,0.007,-2.693,1.790,88.952,-0.007,-0.005,0.009,0.013,3|15,weighted_average,kalman(weighted_average),false
1788765526.587,35.314,-0.007,-2.708,1.802,88.551,-0.001,-2.708,1.795,88.829,0.006,0.000,-0.007,0.009,15,weighted_average,kalman(weighted_average),false
1788765526.643,35.369,0.001,-2.715,1.806,88.339,-0.001,-2.719,1.801,88.608,-0.002,-0.004,-0.005,0.007,15,weighted_average,kalman(weighted_average),false
1788765526.693,35.419,-0.005,-2.739,1.808,88.500,-0.004,-2.736,1.806,88.542,0.001,0.003,-0.002,0.003,15,weighted_average,kalman(weighted_average),false
1788765526.816,35.542,0.021,-2.773,1.799,89.233,0.016,-2.773,1.801,89.037,-0.005,0.000,0.003,0.005,3|15,weighted_average,kalman(weighted_average),false
1788765526.863,35.590,0.013,-2.787,1.803,89.421,0.017,-2.787,1.802,89.332,0.004,0.000,-0.001,0.004,3|15,weighted_average,kalman(weighted_average),false
1788765526.913,35.639,0.015,-2.799,1.797,89.380,0.018,-2.800,1.798,89.454,0.003,-0.001,0.001,0.003,3|15,weighted_average,kalman(weighted_average),false
1788765526.970,35.696,0.015,-2.799,1.797,89.380,0.017,-2.805,1.796,89.505,0.002,-0.006,-0.000,0.007,3|15,weighted_average,kalman(weighted_average),false
1788765527.097,35.823,-0.004,-2.860,1.788,88.451,-0.000,-2.856,1.789,88.771,0.004,0.005,0.001,0.006,15,weighted_average,kalman(weighted_average),false
1788765527.145,35.872,-0.014,-2.887,1.795,88.693,-0.012,-2.883,1.792,88.634,0.002,0.004,-0.003,0.005,15,weighted_average,kalman(weighted_average),false
1788765527.197,35.924,0.015,-2.893,1.790,89.362,0.002,-2.898,1.791,88.954,-0.013,-0.005,0.000,0.014,3|15,weighted_average,kalman(weighted_average),false
1788765527.250,35.976,-0.001,-2.911,1.794,88.318,0.001,-2.914,1.792,88.600,0.002,-0.003,-0.002,0.004,15,weighted_average,kalman(weighted_average),false
1788765527.303,36.029,0.025,-2.924,1.788,89.084,0.015,-2.927,1.790,88.795,-0.009,-0.003,0.002,0.010,3|15,weighted_average,kalman(weighted_average),false
1788765527.429,36.156,0.016,-2.967,1.786,89.228,0.019,-2.967,1.786,89.114,0.002,0.000,0.000,0.002,3|15,weighted_average,kalman(weighted_average),false
1788765527.480,36.206,-0.020,-2.991,1.794,88.705,-0.007,-2.988,1.791,88.906,0.013,0.003,-0.003,0.013,15,weighted_average,kalman(weighted_average),false
1788765527.529,36.255,-0.014,-3.007,1.791,88.482,-0.015,-3.007,1.791,88.668,-0.001,0.000,0.000,0.001,15,weighted_average,kalman(weighted_average),false
1788765527.580,36.306,0.016,-3.010,1.782,89.175,-0.000,-3.016,1.786,88.899,-0.016,-0.006,0.004,0.018,3|15,weighted_average,kalman(weighted_average),false
1788765527.635,36.361,0.004,-3.031,1.787,89.453,0.003,-3.031,1.785,89.211,-0.001,-0.000,-0.001,0.002,3|15,weighted_average,kalman(weighted_average),false
1788765527.768,36.495,0.006,-3.073,1.783,89.303,0.007,-3.072,1.783,89.356,0.000,0.001,-0.000,0.001,3|15,weighted_average,kalman(weighted_average),false
1788765527.816,36.543,-0.018,-3.089,1.775,88.378,-0.009,-3.088,1.778,88.782,0.008,0.001,0.002,0.009,15,weighted_average,kalman(weighted_average),false
1788765527.868,36.595,0.018,-3.108,1.785,88.891,0.006,-3.107,1.781,88.768,-0.012,0.001,-0.004,0.013,3|15,weighted_average,kalman(weighted_average),false
1788765527.917,36.643,-0.028,-3.135,1.787,88.591,-0.013,-3.130,1.785,88.624,0.015,0.005,-0.002,0.015,15,weighted_average,kalman(weighted_average),false
1788765527.969,36.695,0.008,-3.134,1.782,89.173,-0.003,-3.141,1.784,88.854,-0.011,-0.006,0.001,0.013,3|15,weighted_average,kalman(weighted_average),false
1788765528.102,36.828,-0.028,-3.181,1.777,88.519,-0.025,-3.181,1.778,88.596,0.004,-0.000,0.001,0.004,15,weighted_average,kalman(weighted_average),false
1788765528.148,36.874,-0.026,-3.190,1.782,88.427,-0.028,-3.191,1.780,88.462,-0.002,-0.002,-0.002,0.004,15,weighted_average,kalman(weighted_average),false
1788765528.199,36.925,0.014,-3.205,1.778,88.915,-0.004,-3.205,1.779,88.668,-0.018,-0.000,0.000,0.018,3|15,weighted_average,kalman(weighted_average),false
1788765528.246,36.972,-0.025,-3.224,1.777,88.338,-0.014,-3.222,1.778,88.497,0.011,0.003,0.000,0.011,15,weighted_average,kalman(weighted_average),false
1788765528.300,37.027,-0.027,-3.234,1.774,88.394,-0.022,-3.236,1.775,88.413,0.005,-0.002,0.001,0.005,15,weighted_average,kalman(weighted_average),false
1788765528.431,37.157,-0.026,-3.266,1.774,88.285,-0.027,-3.267,1.774,88.276,-0.001,-0.001,-0.000,0.001,15,weighted_average,kalman(weighted_average),false
1788765528.478,37.205,-0.032,-3.277,1.765,88.495,-0.031,-3.277,1.768,88.388,0.001,-0.000,0.003,0.003,15,weighted_average,kalman(weighted_average),false
1788765528.531,37.258,-0.034,-3.294,1.776,88.527,-0.034,-3.292,1.772,88.470,0.000,0.002,-0.004,0.004,15,weighted_average,kalman(weighted_average),false
1788765528.581,37.307,-0.002,-3.295,1.774,89.290,-0.015,-3.299,1.773,88.927,-0.014,-0.004,-0.000,0.014,3|15,weighted_average,kalman(weighted_average),false
1788765528.630,37.356,-0.033,-3.314,1.775,88.448,-0.023,-3.311,1.775,88.764,0.010,0.002,-0.001,0.010,15,weighted_average,kalman(weighted_average),false
1788765528.763,37.489,-0.032,-3.337,1.776,88.414,-0.030,-3.338,1.776,88.533,0.001,-0.001,0.000,0.002,15,weighted_average,kalman(weighted_average),false
1788765528.811,37.537,0.009,-3.341,1.772,88.934,-0.005,-3.343,1.773,88.748,-0.014,-0.002,0.002,0.014,3|15,weighted_average,kalman(weighted_average),false
1788765528.863,37.589,-0.037,-3.356,1.773,88.632,-0.022,-3.355,1.773,88.695,0.015,0.002,-0.000,0.015,15,weighted_average,kalman(weighted_average),false
1788765528.914,37.640,0.010,-3.341,1.795,88.897,-0.003,-3.350,1.786,88.804,-0.013,-0.009,-0.009,0.018,3|15,weighted_average,kalman(weighted_average),false
1788765529.046,37.772,-0.032,-3.375,1.778,88.615,-0.026,-3.373,1.781,88.679,0.007,0.002,0.003,0.008,15,weighted_average,kalman(weighted_average),false
1788765529.097,37.823,-0.028,-3.378,1.787,88.504,-0.031,-3.379,1.784,88.555,-0.002,-0.001,-0.003,0.004,15,weighted_average,kalman(weighted_average),false
1788765529.146,37.872,-0.028,-3.378,1.780,88.522,-0.032,-3.381,1.782,88.506,-0.004,-0.003,0.002,0.005,15,weighted_average,kalman(weighted_average),false
1788765529.197,37.924,-0.024,-3.378,1.785,88.429,-0.029,-3.381,1.783,88.435,-0.005,-0.004,-0.002,0.006,15,weighted_average,kalman(weighted_average),false
1788765529.244,37.971,0.019,-3.376,1.787,88.962,-0.001,-3.380,1.785,88.677,-0.020,-0.003,-0.002,0.021,3|15,weighted_average,kalman(weighted_average),false
1788765529.371,38.098,-0.023,-3.383,1.782,88.584,-0.015,-3.383,1.783,88.633,0.008,0.000,0.001,0.008,15,weighted_average,kalman(weighted_average),false
1788765529.419,38.145,-0.024,-3.381,1.780,88.622,-0.023,-3.382,1.781,88.622,0.001,-0.001,0.001,0.001,15,weighted_average,kalman(weighted_average),false
1788765529.473,38.199,-0.020,-3.382,1.789,88.578,-0.024,-3.382,1.786,88.592,-0.004,-0.000,-0.004,0.005,15,weighted_average,kalman(weighted_average),false
1788765529.525,38.251,-0.020,-3.380,1.785,88.616,-0.023,-3.381,1.786,88.597,-0.003,-0.001,0.001,0.004,15,weighted_average,kalman(weighted_average),false
1788765529.568,38.294,-0.018,-3.378,1.783,88.599,-0.021,-3.379,1.785,88.594,-0.003,-0.001,0.002,0.003,15,weighted_average,kalman(weighted_average),false
1788765529.693,38.420,-0.020,-3.377,1.782,88.688,-0.020,-3.377,1.782,88.659,-0.000,0.000,0.000,0.001,15,weighted_average,kalman(weighted_average),false
1788765529.743,38.469,0.024,-3.371,1.785,89.113,0.010,-3.373,1.784,88.944,-0.014,-0.002,-0.001,0.015,3|15,weighted_average,kalman(weighted_average),false
1788765529.795,38.522,-0.016,-3.372,1.785,88.602,-0.002,-3.371,1.785,88.803,0.015,0.001,-0.001,0.015,15,weighted_average,kalman(weighted_average),false
1788765529.843,38.569,-0.017,-3.370,1.790,88.622,-0.010,-3.370,1.788,88.717,0.007,0.000,-0.002,0.007,15,weighted_average,kalman(weighted_average),false
1788765529.894,38.620,0.028,-3.364,1.789,89.007,0.012,-3.366,1.790,88.861,-0.016,-0.002,0.000,0.016,3|15,weighted_average,kalman(weighted_average),false
1788765530.011,38.737,0.030,-3.360,1.791,88.953,0.030,-3.360,1.791,88.953,0.000,0.000,0.000,0.001,3|15,weighted_average,kalman(weighted_average),false
1788765530.060,38.786,0.030,-3.360,1.791,88.953,0.033,-3.360,1.791,88.969,0.003,0.001,0.000,0.003,3|15,weighted_average,kalman(weighted_average),false
1788765530.112,38.839,-0.020,-3.363,1.791,88.778,0.001,-3.361,1.791,88.876,0.021,0.002,0.000,0.022,15,weighted_average,kalman(weighted_average),false
1788765530.162,38.889,0.028,-3.357,1.795,89.025,0.013,-3.358,1.794,88.949,-0.015,-0.002,-0.001,0.015,3|15,weighted_average,kalman(weighted_average),false
1788765530.212,38.938,-0.020,-3.361,1.804,88.801,-0.007,-3.359,1.800,88.881,0.013,0.002,-0.004,0.014,15,weighted_average,kalman(weighted_average),false
1788765530.335,39.061,-0.014,-3.352,1.797,88.593,-0.016,-3.353,1.799,88.659,-0.003,-0.001,0.002,0.003,15,weighted_average,kalman(weighted_average),false
1788765530.381,39.107,-0.011,-3.351,1.807,88.511,-0.014,-3.351,1.804,88.541,-0.003,0.000,-0.003,0.004,15,weighted_average,kalman(weighted_average),false
1788765530.433,39.160,-0.016,-3.351,1.803,88.676,-0.016,-3.350,1.804,88.573,0.000,0.001,0.001,0.002,15,weighted_average,kalman(weighted_average),false
1788765530.482,39.208,0.029,-3.346,1.802,89.027,0.011,-3.347,1.803,88.793,-0.018,-0.001,0.001,0.018,3|15,weighted_average,kalman(weighted_average),false
1788765530.533,39.260,-0.015,-3.348,1.808,88.610,-0.000,-3.347,1.806,88.719,0.015,0.001,-0.002,0.015,15,weighted_average,kalman(weighted_average),false
1788765530.665,39.391,0.026,-3.345,1.803,88.966,0.022,-3.345,1.804,88.911,-0.003,0.000,0.001,0.003,3|15,weighted_average,kalman(weighted_average),false
1788765530.710,39.437,-0.019,-3.339,1.804,88.204,-0.002,-3.341,1.803,88.512,0.017,-0.002,-0.000,0.017,15,weighted_average,kalman(weighted_average),false
1788765530.762,39.488,-0.032,-3.353,1.820,87.992,-0.023,-3.347,1.814,88.175,0.009,0.005,-0.007,0.012,15,weighted_average,kalman(weighted_average),false
1788765530.809,39.536,0.031,-3.343,1.809,87.355,0.004,-3.345,1.813,87.656,-0.026,-0.002,0.003,0.027,3|15,weighted_average,kalman(weighted_average),false
1788765530.865,39.591,-0.029,-3.349,1.810,87.086,-0.014,-3.347,1.812,87.192,0.015,0.001,0.002,0.015,15,weighted_average,kalman(weighted_average),false
1788765530.995,39.721,0.080,-3.348,1.814,85.574,0.064,-3.349,1.814,85.738,-0.016,-0.000,0.000,0.016,3,weighted_average,kalman(weighted_average),false
1788765531.041,39.768,0.078,-3.351,1.813,85.314,0.084,-3.350,1.813,85.284,0.006,0.001,0.000,0.006,3,weighted_average,kalman(weighted_average),false
1788765531.091,39.817,0.082,-3.357,1.818,84.611,0.093,-3.355,1.816,84.679,0.011,0.002,-0.002,0.011,3,weighted_average,kalman(weighted_average),false
1788765531.147,39.874,0.082,-3.357,1.818,84.611,0.094,-3.358,1.818,84.365,0.012,-0.000,-0.000,0.012,3,weighted_average,kalman(weighted_average),false
1788765531.196,39.923,0.082,-3.357,1.818,84.611,0.091,-3.358,1.819,84.291,0.009,-0.001,0.001,0.009,3,weighted_average,kalman(weighted_average),false
1788765531.331,40.057,0.078,-3.368,1.815,83.388,0.082,-3.367,1.816,83.398,0.003,0.001,0.001,0.004,3,weighted_average,kalman(weighted_average),false
1788765531.376,40.103,0.091,-3.379,1.816,82.446,0.087,-3.376,1.816,82.704,-0.004,0.003,-0.000,0.005,3,weighted_average,kalman(weighted_average),false
1788765531.427,40.153,0.107,-3.392,1.807,81.177,0.100,-3.388,1.810,81.637,-0.008,0.004,0.003,0.009,3,weighted_average,kalman(weighted_average),false
1788765531.479,40.205,0.106,-3.397,1.811,80.982,0.106,-3.397,1.810,80.955,-0.000,-0.000,-0.002,0.002,3,weighted_average,kalman(weighted_average),false
1788765531.532,40.258,0.125,-3.410,1.808,79.867,0.120,-3.409,1.808,80.040,-0.005,0.001,-0.000,0.005,3,weighted_average,kalman(weighted_average),false
1788765531.660,40.386,0.141,-3.428,1.811,78.667,0.142,-3.429,1.810,78.540,0.000,-0.001,-0.001,0.001,3,weighted_average,kalman(weighted_average),false
1788765531.708,40.435,0.149,-3.437,1.809,78.030,0.149,-3.437,1.810,77.998,0.000,0.000,0.000,0.001,3,weighted_average,kalman(weighted_average),false
1788765531.762,40.488,0.155,-3.442,1.803,77.623,0.156,-3.443,1.805,77.515,0.001,-0.001,0.003,0.003,3,weighted_average,kalman(weighted_average),false
1788765531.808,40.535,0.166,-3.455,1.808,76.884,0.165,-3.453,1.807,76.947,-0.001,0.002,-0.002,0.003,3,weighted_average,kalman(weighted_average),false
1788765531.858,40.585,0.170,-3.459,1.803,76.585,0.171,-3.460,1.804,76.490,0.001,-0.001,0.001,0.002,3,weighted_average,kalman(weighted_average),false
1788765531.985,40.712,0.187,-3.474,1.805,75.593,0.188,-3.475,1.804,75.486,0.000,-0.001,-0.001,0.001,3,weighted_average,kalman(weighted_average),false
1788765532.027,40.754,0.194,-3.483,1.800,75.002,0.194,-3.482,1.802,75.061,-0.000,0.001,0.002,0.002,3,weighted_average,kalman(weighted_average),false
1788765532.083,40.809,0.190,-3.482,1.812,75.276,0.194,-3.484,1.808,74.975,0.004,-0.003,-0.004,0.006,3,weighted_average,kalman(weighted_average),false
1788765532.133,40.859,0.237,-3.571,1.962,72.370,0.222,-3.539,1.903,73.432,-0.015,0.032,-0.059,0.069,3,weighted_average,kalman(weighted_average),false
1788765532.186,40.912,0.214,-3.515,1.900,73.597,0.223,-3.535,1.919,73.158,0.009,-0.020,0.019,0.029,3,weighted_average,kalman(weighted_average),false
1788765532.317,41.044,0.255,-3.563,1.813,70.780,0.254,-3.563,1.839,70.984,-0.001,-0.001,0.026,0.026,3,weighted_average,kalman(weighted_average),false
1788765532.364,41.090,0.261,-3.573,1.814,70.226,0.262,-3.573,1.811,70.229,0.001,-0.000,-0.003,0.003,3,weighted_average,kalman(weighted_average),false
1788765532.416,41.142,0.272,-3.585,1.815,69.571,0.272,-3.585,1.800,69.496,0.000,0.001,-0.014,0.014,3,weighted_average,kalman(weighted_average),false
1788765532.468,41.194,0.277,-3.592,1.812,69.201,0.279,-3.593,1.799,68.971,0.002,-0.002,-0.014,0.014,3,weighted_average,kalman(weighted_average),false
1788765532.518,41.244,0.281,-3.597,1.806,68.894,0.284,-3.599,1.798,68.614,0.003,-0.002,-0.008,0.009,3,weighted_average,kalman(weighted_average),false
1788765532.644,41.370,0.310,-3.640,1.810,66.815,0.308,-3.637,1.805,66.909,-0.001,0.003,-0.005,0.006,3,weighted_average,kalman(weighted_average),false
1788765532.697,41.423,0.312,-3.647,1.813,66.553,0.314,-3.649,1.811,66.420,0.002,-0.002,-0.001,0.003,3,weighted_average,kalman(weighted_average),false
1788765532.750,41.476,0.329,-3.668,1.811,65.527,0.327,-3.666,1.813,65.643,-0.002,0.002,0.002,0.003,3,weighted_average,kalman(weighted_average),false
1788765532.800,41.526,0.335,-3.681,1.809,64.977,0.335,-3.681,1.812,64.989,0.000,-0.000,0.003,0.003,3,weighted_average,kalman(weighted_average),false
1788765532.845,41.571,0.343,-3.696,1.810,64.326,0.343,-3.695,1.811,64.369,0.000,0.001,0.001,0.001,3,weighted_average,kalman(weighted_average),false
1788765532.974,41.701,0.360,-3.723,1.810,63.116,0.361,-3.725,1.810,63.003,0.001,-0.002,0.001,0.002,3,weighted_average,kalman(weighted_average),false
1788765533.023,41.749,0.365,-3.732,1.814,62.727,0.366,-3.733,1.812,62.632,0.001,-0.001,-0.001,0.002,3,weighted_average,kalman(weighted_average),false
1788765533.075,41.802,0.373,-3.745,1.810,62.100,0.372,-3.744,1.811,62.111,-0.000,0.000,0.001,0.001,3,weighted_average,kalman(weighted_average),false
1788765533.128,41.855,0.382,-3.761,1.812,61.330,0.381,-3.759,1.812,61.449,-0.001,0.002,-0.000,0.003,3,weighted_average,kalman(weighted_average),false
1788765533.183,41.910,0.387,-3.773,1.815,60.890,0.388,-3.773,1.814,60.873,0.001,0.000,-0.001,0.001,3,weighted_average,kalman(weighted_average),false
1788765533.314,42.041,0.405,-3.803,1.816,59.351,0.405,-3.803,1.816,59.380,-0.000,-0.000,0.000,0.000,3,weighted_average,kalman(weighted_average),false
1788765533.359,42.086,0.415,-3.817,1.812,58.549,0.414,-3.816,1.814,58.678,-0.001,0.001,0.001,0.002,3,weighted_average,kalman(weighted_average),false
1788765533.412,42.138,0.415,-3.817,1.812,58.549,0.418,-3.821,1.813,58.315,0.003,-0.004,0.000,0.005,3,weighted_average,kalman(weighted_average),false
1788765533.458,42.185,0.415,-3.817,1.812,58.549,0.419,-3.822,1.812,58.207,0.003,-0.005,-0.000,0.006,3,weighted_average,kalman(weighted_average),false
1788765533.510,42.236,0.420,-3.825,1.815,58.148,0.421,-3.826,1.813,57.985,0.001,-0.001,-0.001,0.002,3,weighted_average,kalman(weighted_average),false
1788765533.646,42.372,0.448,-3.865,1.815,55.730,0.445,-3.861,1.815,56.030,-0.002,0.003,-0.000,0.004,3,weighted_average,kalman(weighted_average),false
1788765533.694,42.420,0.455,-3.872,1.815,55.111,0.455,-3.873,1.816,55.210,-0.000,-0.001,0.000,0.001,3,weighted_average,kalman(weighted_average),false
1788765533.744,42.471,0.466,-3.886,1.814,54.227,0.465,-3.886,1.815,54.321,-0.000,-0.000,0.001,0.001,3,weighted_average,kalman(weighted_average),false
1788765533.795,42.522,0.475,-3.897,1.814,53.489,0.475,-3.898,1.814,53.497,0.000,-0.001,0.000,0.001,3,weighted_average,kalman(weighted_average),false
1788765533.843,42.569,0.479,-3.902,1.814,53.121,0.481,-3.905,1.814,52.933,0.002,-0.003,-0.000,0.004,3,weighted_average,kalman(weighted_average),false
1788765533.971,42.698,0.497,-3.918,1.813,51.733,0.498,-3.920,1.813,51.568,0.001,-0.002,0.000,0.002,3,weighted_average,kalman(weighted_average),false
1788765534.021,42.748,0.503,-3.926,1.813,51.248,0.504,-3.926,1.813,51.157,0.000,0.000,-0.000,0.001,3,weighted_average,kalman(weighted_average),false
1788765534.074,42.800,0.514,-3.935,1.812,50.498,0.512,-3.934,1.812,50.558,-0.001,0.001,0.000,0.002,3,weighted_average,kalman(weighted_average),false
1788765534.124,42.850,0.524,-3.944,1.812,49.727,0.522,-3.943,1.812,49.864,-0.002,0.002,-0.000,0.002,3,weighted_average,kalman(weighted_average),false
1788765534.171,42.897,0.530,-3.949,1.811,49.345,0.530,-3.949,1.811,49.333,-0.000,-0.000,0.000,0.000,3,weighted_average,kalman(weighted_average),false
1788765534.297,43.024,0.547,-3.961,1.809,48.231,0.548,-3.962,1.810,48.139,0.001,-0.001,0.000,0.001,3,weighted_average,kalman(weighted_average),false
1788765534.350,43.077,0.552,-3.968,1.809,47.776,0.553,-3.968,1.809,47.719,0.001,0.000,-0.000,0.001,3,weighted_average,kalman(weighted_average),false
1788765534.403,43.130,0.570,-3.980,1.808,46.660,0.566,-3.978,1.808,46.908,-0.004,0.002,0.000,0.004,3,weighted_average,kalman(weighted_average),false
1788765534.452,43.178,0.583,-3.987,1.807,45.912,0.580,-3.986,1.807,46.118,-0.003,0.001,0.000,0.003,3,weighted_average,kalman(weighted_average),false
1788765534.502,43.228,0.588,-3.993,1.810,45.502,0.589,-3.993,1.809,45.483,0.001,-0.000,-0.002,0.002,3,weighted_average,kalman(weighted_average),false
1788765534.629,43.356,0.614,-4.008,1.808,43.965,0.614,-4.009,1.808,43.935,0.000,-0.001,0.000,0.001,3,weighted_average,kalman(weighted_average),false
1788765534.680,43.406,0.620,-4.009,1.804,43.655,0.621,-4.011,1.805,43.523,0.001,-0.002,0.001,0.002,3,weighted_average,kalman(weighted_average),false
1788765534.732,43.458,0.634,-4.018,1.808,42.784,0.632,-4.017,1.806,42.862,-0.001,0.001,-0.001,0.002,3,weighted_average,kalman(weighted_average),false
1788765534.786,43.512,0.640,-4.020,1.805,42.446,0.641,-4.021,1.805,42.358,0.001,-0.001,0.000,0.001,3,weighted_average,kalman(weighted_average),false
1788765534.835,43.561,0.653,-4.027,1.806,41.650,0.652,-4.026,1.806,41.735,-0.001,0.001,-0.000,0.002,3,weighted_average,kalman(weighted_average),false
1788765534.962,43.688,0.682,-4.040,1.805,40.019,0.681,-4.040,1.805,40.086,-0.001,0.000,0.000,0.001,3,weighted_average,kalman(weighted_average),false
1788765535.014,43.740,0.689,-4.044,1.806,39.609,0.690,-4.044,1.806,39.536,0.001,-0.000,-0.001,0.002,3,weighted_average,kalman(weighted_average),false
1788765535.066,43.792,0.704,-4.049,1.804,38.786,0.703,-4.049,1.805,38.841,-0.001,0.000,0.001,0.001,3,weighted_average,kalman(weighted_average),false
1788765535.113,43.840,0.712,-4.052,1.806,38.377,0.713,-4.053,1.806,38.317,0.001,-0.001,-0.001,0.001,3,weighted_average,kalman(weighted_average),false
1788765535.162,43.889,0.727,-4.056,1.802,37.590,0.726,-4.057,1.804,37.656,-0.002,-0.000,0.001,0.002,3,weighted_average,kalman(weighted_average),false
1788765535.292,44.019,0.751,-4.066,1.802,36.237,0.752,-4.066,1.802,36.187,0.001,-0.000,-0.000,0.001,3,weighted_average,kalman(weighted_average),false
1788765535.338,44.064,0.766,-4.071,1.803,35.379,0.764,-4.070,1.803,35.494,-0.002,0.000,-0.001,0.002,3,weighted_average,kalman(weighted_average),false
1788765535.386,44.112,0.781,-4.076,1.803,34.505,0.779,-4.075,1.803,34.681,-0.002,0.001,-0.000,0.002,3,weighted_average,kalman(weighted_average),false
1788765535.439,44.165,0.789,-4.077,1.802,34.105,0.790,-4.078,1.803,34.021,0.002,-0.001,0.000,0.002,3,weighted_average,kalman(weighted_average),false
1788765535.489,44.216,0.805,-4.082,1.798,33.218,0.804,-4.082,1.800,33.278,-0.001,-0.000,0.002,0.002,3,weighted_average,kalman(weighted_average),false
1788765535.618,44.344,0.838,-4.092,1.793,31.423,0.838,-4.092,1.793,31.439,-0.000,-0.000,0.001,0.001,3,weighted_average,kalman(weighted_average),false
1788765535.667,44.393,0.846,-4.095,1.790,30.987,0.848,-4.095,1.790,30.888,0.002,-0.000,0.000,0.002,3,weighted_average,kalman(weighted_average),false
1788765535.719,44.445,0.861,-4.100,1.789,30.125,0.861,-4.099,1.789,30.162,-0.001,0.000,-0.001,0.001,3,weighted_average,kalman(weighted_average),false
1788765535.772,44.498,0.869,-4.103,1.786,29.676,0.871,-4.103,1.786,29.570,0.002,-0.000,0.000,0.002,3,weighted_average,kalman(weighted_average),false
1788765535.905,44.631,0.900,-4.112,1.782,28.012,0.900,-4.112,1.782,27.986,-0.000,-0.000,-0.000,0.000,3,weighted_average,kalman(weighted_average),false
1788765535.953,44.679,0.916,-4.120,1.779,27.112,0.914,-4.119,1.779,27.232,-0.002,0.002,0.001,0.002,3,weighted_average,kalman(weighted_average),false
1788765536.005,44.731,0.923,-4.125,1.778,26.649,0.925,-4.124,1.778,26.602,0.001,0.000,-0.000,0.001,3,weighted_average,kalman(weighted_average),false
1788765536.053,44.779,0.940,-4.128,1.774,25.856,0.938,-4.129,1.775,25.915,-0.002,-0.000,0.001,0.002,3,weighted_average,kalman(weighted_average),false
1788765536.101,44.827,0.947,-4.132,1.771,25.415,0.948,-4.133,1.772,25.349,0.001,-0.000,0.001,0.002,3,weighted_average,kalman(weighted_average),false
1788765536.222,44.949,0.976,-4.148,1.766,23.600,0.977,-4.147,1.766,23.648,0.000,0.001,-0.000,0.001,3,weighted_average,kalman(weighted_average),false
1788765536.276,45.002,0.976,-4.148,1.766,23.600,0.980,-4.150,1.765,23.336,0.004,-0.002,-0.001,0.004,3,weighted_average,kalman(weighted_average),false
1788765536.329,45.055,0.943,-4.131,1.733,23.149,0.959,-4.139,1.744,22.987,0.016,-0.008,0.011,0.021,3|18,weighted_average,kalman(weighted_average),false
1788765536.382,45.109,0.931,-4.117,1.763,23.279,0.939,-4.125,1.752,22.926,0.008,-0.007,-0.011,0.016,3|18,weighted_average,kalman(weighted_average),false
1788765536.510,45.236,0.843,-4.111,1.768,22.246,0.853,-4.110,1.765,22.221,0.010,0.001,-0.003,0.011,18,weighted_average,kalman(weighted_average),false
1788765536.560,45.286,0.968,-4.146,1.760,20.379,0.919,-4.132,1.763,20.983,-0.048,0.013,0.003,0.050,3|18,weighted_average,kalman(weighted_average),false
1788765536.610,45.336,0.867,-4.079,1.733,22.033,0.890,-4.101,1.745,21.298,0.023,-0.022,0.012,0.034,18,weighted_average,kalman(weighted_average),false
1788765536.659,45.385,0.989,-4.147,1.749,19.290,0.947,-4.125,1.745,20.099,-0.042,0.022,-0.004,0.047,3|18,weighted_average,kalman(weighted_average),false
1788765536.711,45.437,0.876,-4.079,1.769,21.051,0.913,-4.099,1.758,20.301,0.036,-0.020,-0.011,0.043,18,weighted_average,kalman(weighted_average),false
1788765536.831,45.557,1.010,-4.169,1.763,17.004,0.992,-4.154,1.764,17.669,-0.018,0.016,0.001,0.024,3|18,weighted_average,kalman(weighted_average),false
1788765536.882,45.608,1.020,-4.166,1.746,16.741,1.022,-4.170,1.753,16.713,0.002,-0.004,0.006,0.008,3|18,weighted_average,kalman(weighted_average),false
1788765536.933,45.660,0.917,-4.132,1.747,17.122,0.967,-4.153,1.747,16.513,0.050,-0.021,0.001,0.054,18,weighted_average,kalman(weighted_average),false
1788765536.982,45.708,1.033,-4.177,1.737,15.433,1.004,-4.169,1.740,15.631,-0.029,0.008,0.002,0.030,3|18,weighted_average,kalman(weighted_average),false
1788765537.034,45.760,0.931,-4.114,1.728,16.918,0.965,-4.139,1.730,15.939,0.034,-0.026,0.002,0.043,18,weighted_average,kalman(weighted_average),false
1788765537.156,45.882,0.934,-4.170,1.754,14.746,0.935,-4.162,1.747,14.816,0.001,0.008,-0.007,0.011,18,weighted_average,kalman(weighted_average),false
1788765537.205,45.931,0.944,-4.144,1.757,14.801,0.937,-4.153,1.756,14.634,-0.007,-0.009,-0.001,0.011,18,weighted_average,kalman(weighted_average),false
1788765537.255,45.982,0.963,-4.153,1.720,13.506,0.951,-4.153,1.736,13.845,-0.012,-0.001,0.017,0.020,18,weighted_average,kalman(weighted_average),false
1788765537.305,46.032,0.972,-4.176,1.705,12.177,0.965,-4.168,1.716,12.716,-0.007,0.008,0.010,0.015,18,weighted_average,kalman(weighted_average),false
1788765537.351,46.077,0.981,-4.177,1.706,11.497,0.977,-4.176,1.705,11.771,-0.004,0.001,-0.000,0.004,18,weighted_average,kalman(weighted_average),false
1788765537.472,46.198,1.097,-4.219,1.735,9.382,1.081,-4.215,1.725,9.481,-0.016,0.004,-0.010,0.020,3|18,weighted_average,kalman(weighted_average),false
1788765537.522,46.248,0.991,-4.193,1.712,9.736,1.035,-4.206,1.719,9.271,0.044,-0.013,0.007,0.046,18,weighted_average,kalman(weighted_average),false
1788765537.574,46.300,0.997,-4.218,1.719,8.386,1.012,-4.216,1.720,8.470,0.015,0.003,0.001,0.016,18,weighted_average,kalman(weighted_average),false
1788765537.626,46.353,1.007,-4.195,1.671,8.609,1.006,-4.206,1.690,8.208,-0.001,-0.011,0.019,0.022,18,weighted_average,kalman(weighted_average),false
1788765537.678,46.404,1.010,-4.188,1.708,8.140,1.005,-4.195,1.696,7.911,-0.004,-0.007,-0.012,0.014,18,weighted_average,kalman(weighted_average),false
1788765537.814,46.541,1.006,-4.239,1.784,5.481,1.004,-4.231,1.771,5.741,-0.002,0.008,-0.013,0.015,18,weighted_average,kalman(weighted_average),false
1788765537.860,46.586,1.130,-4.249,1.752,4.502,1.088,-4.248,1.768,4.715,-0.042,0.001,0.016,0.045,3|18,weighted_average,kalman(weighted_average),false
1788765537.908,46.634,1.138,-4.238,1.723,4.447,1.133,-4.248,1.746,4.182,-0.005,-0.010,0.023,0.026,3|18,weighted_average,kalman(weighted_average),false
1788765537.960,46.686,1.026,-4.182,1.749,5.559,1.084,-4.211,1.748,4.560,0.057,-0.029,-0.001,0.064,18,weighted_average,kalman(weighted_average),false
1788765538.012,46.738,1.033,-4.206,1.716,4.175,1.053,-4.204,1.729,4.186,0.020,0.003,0.013,0.024,18,weighted_average,kalman(weighted_average),false
1788765538.140,46.866,1.051,-4.173,1.655,3.570,1.047,-4.174,1.663,3.501,-0.005,-0.001,0.008,0.009,18,weighted_average,kalman(weighted_average),false
1788765538.193,46.919,1.045,-4.217,1.717,2.073,1.045,-4.200,1.691,2.502,-0.000,0.017,-0.026,0.031,18,weighted_average,kalman(weighted_average),false
1788765538.240,46.966,1.049,-4.230,1.710,0.988,1.047,-4.220,1.702,1.443,-0.002,0.010,-0.008,0.013,18,weighted_average,kalman(weighted_average),false
1788765538.287,47.014,1.054,-4.248,1.716,-0.275,1.051,-4.242,1.712,0.211,-0.003,0.007,-0.004,0.008,18,weighted_average,kalman(weighted_average),false
1788765538.339,47.066,1.049,-4.230,1.742,-0.182,1.051,-4.242,1.733,-0.453,0.002,-0.012,-0.009,0.015,18,weighted_average,kalman(weighted_average),false
1788765539.313,48.040,1.098,-4.196,1.689,-3.878,1.096,-4.200,1.694,-3.862,-0.002,-0.004,0.005,0.007,18,weighted_average,kalman(weighted_average),false
1788765539.445,48.171,1.088,-4.206,1.774,-4.201,1.093,-4.200,1.760,-4.500,0.005,0.006,-0.014,0.016,18,weighted_average,kalman(weighted_average),false
1788765539.492,48.219,1.078,-4.246,1.791,-5.277,1.083,-4.231,1.788,-5.108,0.005,0.015,-0.002,0.016,18,weighted_average,kalman(weighted_average),false
1788765539.541,48.267,1.084,-4.211,1.786,-4.388,1.081,-4.224,1.797,-4.894,-0.002,-0.012,0.011,0.017,18,weighted_average,kalman(weighted_average),false
1788765539.596,48.323,1.092,-4.234,1.719,-4.971,1.087,-4.232,1.755,-5.038,-0.005,0.002,0.036,0.037,18,weighted_average,kalman(weighted_average),false
1788765539.646,48.372,1.088,-4.231,1.733,-4.904,1.088,-4.233,1.738,-5.047,-0.000,-0.003,0.005,0.006,18,weighted_average,kalman(weighted_average),false
1788765539.779,48.505,1.086,-4.218,1.756,-5.373,1.086,-4.222,1.749,-5.370,0.001,-0.004,-0.007,0.008,18,weighted_average,kalman(weighted_average),false
1788765539.828,48.554,1.095,-4.162,1.721,-4.648,1.092,-4.180,1.732,-4.973,-0.003,-0.018,0.011,0.021,18,weighted_average,kalman(weighted_average),false
1788765539.882,48.609,1.087,-4.212,1.740,-6.306,1.089,-4.193,1.735,-5.713,0.003,0.020,-0.004,0.020,18,weighted_average,kalman(weighted_average),false
1788765539.932,48.658,1.091,-4.184,1.728,-6.305,1.090,-4.185,1.730,-6.137,-0.001,-0.001,0.003,0.003,18,weighted_average,kalman(weighted_average),false
1788765539.982,48.708,1.083,-4.245,1.744,-8.238,1.086,-4.219,1.738,-7.381,0.003,0.027,-0.007,0.028,18,weighted_average,kalman(weighted_average),false
1788765540.106,48.832,1.091,-4.155,1.702,-7.326,1.090,-4.170,1.708,-7.732,-0.001,-0.015,0.007,0.016,18,weighted_average,kalman(weighted_average),false
1788765540.155,48.882,1.082,-4.221,1.738,-9.774,1.085,-4.197,1.724,-9.052,0.003,0.024,-0.014,0.027,18,weighted_average,kalman(weighted_average),false
1788765540.206,48.932,1.085,-4.204,1.714,-9.706,1.085,-4.202,1.718,-9.688,-0.001,0.002,0.004,0.004,18,weighted_average,kalman(weighted_average),false
1788765540.259,48.985,1.070,-4.235,1.782,-11.310,1.075,-4.223,1.756,-10.871,0.005,0.012,-0.026,0.029,18,weighted_average,kalman(weighted_average),false
1788765540.310,49.037,1.082,-4.240,1.714,-11.741,1.077,-4.238,1.737,-11.722,-0.005,0.002,0.023,0.024,18,weighted_average,kalman(weighted_average),false
1788765540.449,49.175,1.071,-4.190,1.778,-12.020,1.072,-4.201,1.773,-12.436,0.000,-0.011,-0.005,0.012,18,weighted_average,kalman(weighted_average),false
1788765540.493,49.220,1.068,-4.270,1.757,-14.828,1.069,-4.241,1.767,-13.977,0.000,0.029,0.010,0.030,18,weighted_average,kalman(weighted_average),false
1788765540.542,49.269,1.071,-4.256,1.732,-14.792,1.069,-4.253,1.747,-14.754,-0.002,0.002,0.016,0.016,18,weighted_average,kalman(weighted_average),false
1788765540.595,49.322,1.067,-4.262,1.742,-15.729,1.067,-4.262,1.742,-15.655,0.000,-0.001,-0.000,0.001,18,weighted_average,kalman(weighted_average),false
1788765540.643,49.369,1.069,-4.216,1.750,-14.918,1.068,-4.239,1.745,-15.635,-0.002,-0.023,-0.006,0.023,18,weighted_average,kalman(weighted_average),false
1788765540.772,49.498,1.059,-4.278,1.764,-18.151,1.060,-4.270,1.760,-17.873,0.001,0.008,-0.004,0.009,18,weighted_average,kalman(weighted_average),false
1788765540.820,49.547,1.065,-4.223,1.763,-17.526,1.062,-4.243,1.764,-17.981,-0.003,-0.020,0.001,0.020,18,weighted_average,kalman(weighted_average),false
1788765540.869,49.596,1.055,-4.282,1.782,-19.509,1.058,-4.266,1.777,-19.084,0.002,0.016,-0.004,0.017,18,weighted_average,kalman(weighted_average),false
1788765540.921,49.647,1.061,-4.238,1.769,-19.147,1.059,-4.252,1.776,-19.484,-0.002,-0.014,0.007,0.016,18,weighted_average,kalman(weighted_average),false
1788765540.971,49.697,1.038,-4.294,1.848,-21.191,1.046,-4.276,1.821,-20.677,0.008,0.018,-0.027,0.033,18,weighted_average,kalman(weighted_average),false
1788765541.106,49.833,1.034,-4.291,1.852,-22.790,1.033,-4.293,1.856,-22.821,-0.001,-0.001,0.004,0.004,18,weighted_average,kalman(weighted_average),false
1788765541.156,49.882,1.046,-4.239,1.829,-21.730,1.041,-4.258,1.841,-22.449,-0.005,-0.019,0.012,0.023,18,weighted_average,kalman(weighted_average),false
1788765541.209,49.936,1.045,-4.257,1.823,-23.012,1.044,-4.253,1.829,-22.943,-0.001,0.004,0.006,0.008,18,weighted_average,kalman(weighted_average),false
1788765541.257,49.983,1.035,-4.272,1.853,-24.261,1.039,-4.261,1.841,-23.830,0.004,0.011,-0.011,0.016,18,weighted_average,kalman(weighted_average),false
1788765541.307,50.034,1.039,-4.281,1.835,-24.852,1.039,-4.273,1.839,-24.647,-0.000,0.008,0.003,0.009,18,weighted_average,kalman(weighted_average),false
1788765541.447,50.173,1.037,-4.240,1.849,-25.436,1.037,-4.246,1.848,-25.663,-0.000,-0.006,-0.001,0.006,18,weighted_average,kalman(weighted_average),false
1788765541.496,50.222,1.040,-4.267,1.821,-26.913,1.039,-4.257,1.831,-26.574,-0.001,0.011,0.010,0.015,18,weighted_average,kalman(weighted_average),false
1788765541.546,50.273,1.040,-4.260,1.828,-27.164,1.040,-4.258,1.827,-27.159,-0.000,0.002,-0.001,0.002,18,weighted_average,kalman(weighted_average),false
1788765541.602,50.328,1.053,-4.227,1.781,-27.000,1.049,-4.238,1.796,-27.349,-0.005,-0.012,0.015,0.019,18,weighted_average,kalman(weighted_average),false
1788765541.728,50.454,1.307,-4.466,1.870,-30.986,1.270,-4.428,1.853,-30.382,-0.037,0.037,-0.017,0.055,9,weighted_average,kalman(weighted_average),false
1788765541.780,50.506,1.325,-4.451,1.867,-31.083,1.338,-4.470,1.870,-31.251,0.013,-0.019,0.004,0.023,9,weighted_average,kalman(weighted_average),false
1788765541.830,50.557,1.326,-4.458,1.846,-32.046,1.360,-4.485,1.862,-32.137,0.034,-0.027,0.017,0.046,9,weighted_average,kalman(weighted_average),false
1788765541.883,50.610,1.339,-4.455,1.842,-32.317,1.369,-4.483,1.853,-32.696,0.029,-0.028,0.011,0.042,9,weighted_average,kalman(weighted_average),false
1788765542.014,50.740,1.328,-4.453,1.855,-34.144,1.346,-4.465,1.855,-34.286,0.018,-0.012,-0.000,0.022,9,weighted_average,kalman(weighted_average),false
1788765542.061,50.787,1.337,-4.442,1.834,-34.759,1.336,-4.447,1.841,-34.806,-0.001,-0.005,0.007,0.009,9,weighted_average,kalman(weighted_average),false
1788765542.112,50.838,1.332,-4.433,1.888,-35.145,1.329,-4.433,1.868,-35.263,-0.003,0.000,-0.020,0.020,9,weighted_average,kalman(weighted_average),false
1788765542.161,50.887,1.344,-4.439,1.870,-35.854,1.335,-4.432,1.873,-35.832,-0.009,0.008,0.003,0.012,9,weighted_average,kalman(weighted_average),false
1788765542.216,50.942,1.335,-4.441,1.876,-36.312,1.334,-4.434,1.878,-36.370,-0.001,0.007,0.002,0.007,9,weighted_average,kalman(weighted_average),false
1788765542.346,51.072,1.352,-4.413,1.857,-37.108,1.349,-4.414,1.862,-37.258,-0.003,-0.002,0.005,0.007,9,weighted_average,kalman(weighted_average),false
1788765542.393,51.119,1.364,-4.400,1.873,-37.333,1.361,-4.403,1.867,-37.437,-0.003,-0.002,-0.006,0.007,9,weighted_average,kalman(weighted_average),false
1788765542.445,51.171,1.364,-4.400,1.873,-37.333,1.367,-4.397,1.870,-37.516,0.002,0.003,-0.003,0.005,9,weighted_average,kalman(weighted_average),false
1788765542.497,51.223,1.367,-4.393,1.846,-37.431,1.370,-4.392,1.855,-37.571,0.003,0.001,0.009,0.010,9,weighted_average,kalman(weighted_average),false
1788765542.640,51.367,1.357,-4.375,1.860,-38.025,1.360,-4.375,1.857,-38.025,0.003,0.000,-0.003,0.004,9,weighted_average,kalman(weighted_average),false
1788765542.690,51.416,1.367,-4.361,1.898,-37.941,1.363,-4.364,1.886,-38.031,-0.004,-0.003,-0.012,0.013,9,weighted_average,kalman(weighted_average),false
1788765542.739,51.465,1.346,-4.366,1.880,-38.236,1.352,-4.362,1.887,-38.191,0.006,0.004,0.007,0.010,9,weighted_average,kalman(weighted_average),false
1788765542.790,51.517,1.351,-4.361,1.867,-38.179,1.349,-4.360,1.878,-38.243,-0.002,0.002,0.011,0.011,9,weighted_average,kalman(weighted_average),false
1788765542.919,51.645,1.340,-4.358,1.865,-38.325,1.340,-4.357,1.867,-38.364,-0.000,0.001,0.002,0.002,9,weighted_average,kalman(weighted_average),false
1788765542.968,51.694,1.348,-4.341,1.853,-38.121,1.344,-4.346,1.856,-38.236,-0.004,-0.005,0.003,0.007,9,weighted_average,kalman(weighted_average),false
1788765543.015,51.741,1.334,-4.343,1.876,-38.277,1.338,-4.342,1.866,-38.253,0.004,0.001,-0.011,0.011,9,weighted_average,kalman(weighted_average),false
1788765543.065,51.792,1.340,-4.331,1.864,-38.151,1.338,-4.333,1.865,-38.198,-0.002,-0.002,0.001,0.003,9,weighted_average,kalman(weighted_average),false
1788765543.118,51.844,1.343,-4.317,1.868,-37.991,1.341,-4.321,1.866,-38.077,-0.003,-0.004,-0.002,0.005,9,weighted_average,kalman(weighted_average),false
1788765543.250,51.976,1.326,-4.315,1.883,-38.192,1.328,-4.312,1.881,-38.133,0.002,0.002,-0.002,0.004,9,weighted_average,kalman(weighted_average),false
1788765543.309,52.036,1.321,-4.312,1.873,-38.244,1.321,-4.311,1.877,-38.211,0.000,0.001,0.004,0.005,9,weighted_average,kalman(weighted_average),false
1788765543.360,52.086,1.327,-4.291,1.869,-37.978,1.323,-4.298,1.873,-38.093,-0.004,-0.006,0.003,0.008,9,weighted_average,kalman(weighted_average),false
1788765543.414,52.140,1.306,-4.295,1.881,-38.217,1.311,-4.293,1.878,-38.153,0.005,0.002,-0.004,0.007,9,weighted_average,kalman(weighted_average),false
1788765543.576,52.302,1.303,-4.279,1.881,-38.112,1.302,-4.279,1.881,-38.123,-0.001,0.000,0.000,0.001,9,weighted_average,kalman(weighted_average),false
1788765543.672,52.399,1.286,-4.274,1.888,-38.237,1.288,-4.273,1.887,-38.206,0.002,0.001,-0.001,0.002,9,weighted_average,kalman(weighted_average),false
1788765543.739,52.465,1.280,-4.269,1.890,-38.254,1.280,-4.269,1.890,-38.248,0.000,0.000,0.000,0.000,9,weighted_average,kalman(weighted_average),false
1788765543.888,52.615,1.271,-4.246,1.904,-38.121,1.270,-4.247,1.904,-38.155,-0.001,-0.001,-0.001,0.002,9,weighted_average,kalman(weighted_average),false
1788765543.944,52.670,1.257,-4.238,1.907,-38.160,1.260,-4.238,1.907,-38.146,0.003,-0.000,0.001,0.003,9,weighted_average,kalman(weighted_average),false
1788765543.995,52.722,1.240,-4.241,1.946,-38.384,1.245,-4.237,1.934,-38.275,0.005,0.004,-0.012,0.014,9,weighted_average,kalman(weighted_average),false
1788765544.057,52.783,1.257,-4.237,1.908,-38.174,1.249,-4.235,1.923,-38.232,-0.008,0.002,0.015,0.017,9,weighted_average,kalman(weighted_average),false
1788765544.248,52.974,1.243,-4.223,1.911,-38.130,1.242,-4.223,1.912,-38.143,-0.000,0.000,0.001,0.001,9,weighted_average,kalman(weighted_average),false
1788765544.306,53.033,1.238,-4.216,1.928,-38.109,1.239,-4.217,1.923,-38.108,0.001,-0.001,-0.006,0.006,9,weighted_average,kalman(weighted_average),false
1788765544.353,53.079,1.233,-4.217,1.934,-38.153,1.234,-4.216,1.931,-38.122,0.002,0.001,-0.003,0.004,9,weighted_average,kalman(weighted_average),false
1788765544.411,53.138,1.233,-4.217,1.934,-38.153,1.232,-4.215,1.935,-38.133,-0.001,0.002,0.001,0.002,9,weighted_average,kalman(weighted_average),false
1788765544.578,53.304,1.235,-4.201,1.943,-38.009,1.234,-4.202,1.943,-38.025,-0.001,-0.001,0.001,0.001,9,weighted_average,kalman(weighted_average),false
1788765544.627,53.354,1.235,-4.201,1.943,-38.009,1.235,-4.200,1.943,-38.002,0.000,0.001,0.001,0.001,9,weighted_average,kalman(weighted_average),false
1788765544.681,53.407,1.235,-4.201,1.943,-38.009,1.235,-4.200,1.943,-37.992,0.001,0.002,0.001,0.002,9,weighted_average,kalman(weighted_average),false
1788765544.733,53.459,1.225,-4.216,1.903,-38.261,1.229,-4.209,1.918,-38.131,0.004,0.007,0.015,0.017,9,weighted_average,kalman(weighted_average),false
1788765544.877,53.603,1.225,-4.216,1.903,-38.261,1.225,-4.216,1.901,-38.256,-0.000,-0.000,-0.002,0.002,9,weighted_average,kalman(weighted_average),false
1788765544.957,53.683,1.233,-4.210,1.931,-38.183,1.231,-4.212,1.922,-38.223,-0.002,-0.002,-0.008,0.009,9,weighted_average,kalman(weighted_average),false
1788765545.029,53.755,1.257,-4.191,1.952,-37.772,1.251,-4.196,1.947,-37.927,-0.006,-0.005,-0.005,0.010,9,weighted_average,kalman(weighted_average),false
1788765545.196,53.922,1.243,-4.203,1.942,-38.047,1.246,-4.201,1.946,-37.987,0.003,0.002,0.004,0.005,9,weighted_average,kalman(weighted_average),false
1788765545.257,53.983,1.254,-4.203,1.924,-37.955,1.250,-4.204,1.928,-37.976,-0.004,-0.001,0.005,0.006,9,weighted_average,kalman(weighted_average),false
1788765545.318,54.044,1.242,-4.209,1.924,-38.125,1.245,-4.209,1.921,-38.074,0.003,0.001,-0.002,0.003,9,weighted_average,kalman(weighted_average),false
1788765545.394,54.120,1.239,-4.213,1.927,-38.208,1.240,-4.214,1.923,-38.183,0.000,-0.000,-0.005,0.005,9,weighted_average,kalman(weighted_average),false
1788765545.566,54.292,1.246,-4.209,1.906,-38.084,1.245,-4.210,1.907,-38.122,-0.001,-0.001,0.001,0.002,9,weighted_average,kalman(weighted_average),false
1788765545.613,54.340,1.251,-4.208,1.923,-38.039,1.250,-4.208,1.916,-38.061,-0.001,0.000,-0.007,0.007,9,weighted_average,kalman(weighted_average),false
1788765545.673,54.399,1.250,-4.206,1.929,-38.025,1.252,-4.206,1.925,-38.021,0.001,0.000,-0.004,0.004,9,weighted_average,kalman(weighted_average),false
1788765545.741,54.467,1.245,-4.209,1.912,-38.088,1.248,-4.207,1.918,-38.044,0.003,0.002,0.006,0.007,9,weighted_average,kalman(weighted_average),false
1788765545.925,54.651,1.253,-4.205,1.929,-37.979,1.253,-4.205,1.928,-37.981,-0.000,-0.000,-0.001,0.001,9,weighted_average,kalman(weighted_average),false
1788765545.970,54.696,1.250,-4.206,1.922,-38.019,1.252,-4.206,1.925,-37.999,0.001,0.001,0.003,0.003,9,weighted_average,kalman(weighted_average),false
1788765546.030,54.756,1.249,-4.212,1.919,-38.106,1.250,-4.210,1.921,-38.061,0.001,0.002,0.002,0.003,9,weighted_average,kalman(weighted_average),false
1788765546.098,54.825,1.234,-4.212,1.938,-38.242,1.239,-4.212,1.932,-38.184,0.005,0.000,-0.006,0.007,9,weighted_average,kalman(weighted_average),false
1788765546.279,55.006,1.250,-4.209,1.928,-38.088,1.248,-4.210,1.929,-38.122,-0.002,-0.001,0.001,0.002,9,weighted_average,kalman(weighted_average),false
1788765546.332,55.058,1.265,-4.193,1.903,-37.767,1.262,-4.197,1.910,-37.880,-0.003,-0.005,0.007,0.009,9,weighted_average,kalman(weighted_average),false
1788765546.381,55.107,1.242,-4.222,1.920,-38.338,1.252,-4.211,1.913,-38.100,0.010,0.011,-0.007,0.017,9,weighted_average,kalman(weighted_average),false
1788765546.432,55.159,1.248,-4.207,1.947,-38.112,1.250,-4.209,1.932,-38.113,0.002,-0.003,-0.014,0.015,9,weighted_average,kalman(weighted_average),false
1788765546.591,55.317,1.254,-4.205,1.898,-38.029,1.253,-4.206,1.903,-38.050,-0.001,-0.001,0.005,0.005,9,weighted_average,kalman(weighted_average),false
1788765546.664,55.391,1.238,-4.206,1.938,-38.209,1.242,-4.206,1.925,-38.153,0.004,0.001,-0.012,0.013,9,weighted_average,kalman(weighted_average),false
1788765546.743,55.470,1.245,-4.202,1.910,-38.114,1.243,-4.202,1.915,-38.139,-0.002,-0.001,0.005,0.006,9,weighted_average,kalman(weighted_average),false
1788765546.893,55.620,1.256,-4.185,1.916,-37.850,1.255,-4.186,1.916,-37.899,-0.002,-0.001,-0.001,0.002,9,weighted_average,kalman(weighted_average),false
1788765546.951,55.678,1.247,-4.183,1.929,-37.928,1.251,-4.182,1.925,-37.887,0.004,0.001,-0.004,0.005,9,weighted_average,kalman(weighted_average),false
1788765547.003,55.729,1.255,-4.184,1.919,-37.867,1.254,-4.182,1.923,-37.854,-0.001,0.003,0.004,0.005,9,weighted_average,kalman(weighted_average),false
1788765547.062,55.788,1.245,-4.189,1.921,-38.000,1.249,-4.185,1.922,-37.917,0.004,0.004,0.001,0.005,9,weighted_average,kalman(weighted_average),false
1788765547.219,55.945,1.245,-4.186,1.923,-37.968,1.245,-4.186,1.923,-37.958,-0.000,-0.000,-0.000,0.000,9,weighted_average,kalman(weighted_average),false
1788765547.274,56.000,1.234,-4.192,1.911,-38.122,1.237,-4.190,1.915,-38.070,0.003,0.002,0.004,0.005,9,weighted_average,kalman(weighted_average),false
1788765547.318,56.045,1.252,-4.183,1.893,-37.859,1.245,-4.187,1.900,-37.972,-0.007,-0.003,0.007,0.011,9,weighted_average,kalman(weighted_average),false
1788765547.376,56.102,1.254,-4.180,1.880,-37.793,1.251,-4.182,1.884,-37.870,-0.003,-0.002,0.004,0.005,9,weighted_average,kalman(weighted_average),false
1788765547.535,56.261,1.241,-4.182,1.905,-37.926,1.243,-4.181,1.899,-37.897,0.002,0.001,-0.005,0.006,9,weighted_average,kalman(weighted_average),false
1788765547.597,56.324,1.242,-4.188,1.892,-37.970,1.241,-4.186,1.897,-37.951,-0.001,0.002,0.005,0.005,9,weighted_average,kalman(weighted_average),false
1788765547.652,56.378,1.229,-4.196,1.892,-38.189,1.232,-4.194,1.895,-38.105,0.003,0.003,0.003,0.005,9,weighted_average,kalman(weighted_average),false
1788765547.695,56.421,1.247,-4.185,1.877,-37.864,1.239,-4.190,1.884,-38.007,-0.008,-0.005,0.008,0.012,9,weighted_average,kalman(weighted_average),false
1788765547.845,56.571,1.237,-4.185,1.900,-37.940,1.237,-4.186,1.897,-37.960,0.000,-0.001,-0.003,0.003,9,weighted_average,kalman(weighted_average),false
1788765547.897,56.624,1.229,-4.184,1.909,-37.995,1.231,-4.184,1.907,-37.976,0.002,0.000,-0.002,0.003,9,weighted_average,kalman(weighted_average),false
1788765547.961,56.688,1.236,-4.182,1.881,-37.873,1.233,-4.182,1.892,-37.910,-0.003,0.000,0.011,0.011,9,weighted_average,kalman(weighted_average),false
1788765548.023,56.749,1.239,-4.177,1.914,-37.794,1.237,-4.178,1.906,-37.828,-0.002,-0.001,-0.008,0.009,9,weighted_average,kalman(weighted_average),false
1788765548.158,56.884,1.216,-4.184,1.916,-38.013,1.219,-4.182,1.916,-37.951,0.003,0.002,0.000,0.004,9,weighted_average,kalman(weighted_average),false
1788765548.223,56.950,1.221,-4.189,1.898,-38.014,1.218,-4.188,1.904,-38.010,-0.003,0.001,0.006,0.007,9,weighted_average,kalman(weighted_average),false
1788765548.286,57.013,1.236,-4.170,1.903,-37.659,1.229,-4.177,1.902,-37.811,-0.007,-0.006,-0.001,0.009,9,weighted_average,kalman(weighted_average),false
1788765548.334,57.061,1.236,-4.171,1.897,-37.628,1.234,-4.172,1.898,-37.690,-0.002,-0.001,0.001,0.002,9,weighted_average,kalman(weighted_average),false
1788765548.497,57.223,1.219,-4.189,1.886,-37.940,1.222,-4.186,1.886,-37.863,0.003,0.003,0.000,0.004,9,weighted_average,kalman(weighted_average),false
1788765548.549,57.275,1.241,-4.167,1.886,-37.482,1.234,-4.175,1.884,-37.643,-0.008,-0.008,-0.001,0.011,9,weighted_average,kalman(weighted_average),false
1788765548.609,57.335,1.225,-4.183,1.887,-37.805,1.229,-4.180,1.885,-37.724,0.003,0.003,-0.002,0.005,9,weighted_average,kalman(weighted_average),false
1788765548.679,57.405,1.228,-4.185,1.872,-37.777,1.228,-4.184,1.875,-37.761,-0.000,0.001,0.004,0.004,9,weighted_average,kalman(weighted_average),false
1788765548.846,57.572,1.227,-4.188,1.885,-37.788,1.226,-4.188,1.883,-37.792,-0.000,-0.000,-0.002,0.002,9,weighted_average,kalman(weighted_average),false
1788765548.894,57.620,1.218,-4.189,1.888,-37.874,1.221,-4.189,1.888,-37.847,0.003,0.000,-0.000,0.003,9,weighted_average,kalman(weighted_average),false
1788765548.950,57.677,1.220,-4.183,1.916,-37.808,1.219,-4.185,1.908,-37.835,-0.001,-0.003,-0.008,0.008,9,weighted_average,kalman(weighted_average),false
1788765549.002,57.728,1.214,-4.192,1.874,-37.931,1.215,-4.189,1.891,-37.893,0.001,0.003,0.017,0.017,9,weighted_average,kalman(weighted_average),false
1788765549.214,57.940,1.221,-4.188,1.870,-37.793,1.220,-4.189,1.871,-37.814,-0.001,-0.000,0.001,0.001,9,weighted_average,kalman(weighted_average),false
1788765549.267,57.993,1.214,-4.186,1.851,-37.812,1.217,-4.187,1.855,-37.801,0.003,-0.001,0.004,0.005,9,weighted_average,kalman(weighted_average),false
1788765549.329,58.055,1.218,-4.178,1.861,-37.674,1.217,-4.181,1.855,-37.709,-0.000,-0.002,-0.006,0.006,9,weighted_average,kalman(weighted_average),false
1788765549.375,58.102,1.215,-4.182,1.879,-37.756,1.216,-4.180,1.868,-37.716,0.001,0.002,-0.011,0.011,9,weighted_average,kalman(weighted_average),false
1788765549.543,58.269,1.200,-4.191,1.874,-37.945,1.201,-4.190,1.874,-37.896,0.001,0.001,0.000,0.002,9,weighted_average,kalman(weighted_average),false
1788765549.596,58.322,1.207,-4.189,1.854,-37.810,1.204,-4.190,1.861,-37.865,-0.004,-0.002,0.007,0.008,9,weighted_average,kalman(weighted_average),false
1788765549.652,58.378,1.210,-4.186,1.847,-37.727,1.207,-4.188,1.849,-37.795,-0.003,-0.003,0.003,0.005,9,weighted_average,kalman(weighted_average),false
1788765549.708,58.434,1.208,-4.178,1.848,-37.647,1.208,-4.182,1.845,-37.706,-0.000,-0.004,-0.002,0.004,9,weighted_average,kalman(weighted_average),false
1788765549.848,58.574,1.207,-4.178,1.856,-37.615,1.207,-4.177,1.853,-37.613,0.000,0.000,-0.003,0.003,9,weighted_average,kalman(weighted_average),false
1788765549.912,58.638,1.196,-4.183,1.876,-37.791,1.199,-4.181,1.871,-37.718,0.003,0.002,-0.005,0.006,9,weighted_average,kalman(weighted_average),false
1788765549.964,58.690,1.189,-4.185,1.870,-37.868,1.191,-4.184,1.874,-37.814,0.002,0.001,0.004,0.004,9,weighted_average,kalman(weighted_average),false
1788765550.035,58.761,1.201,-4.177,1.873,-37.680,1.196,-4.180,1.876,-37.756,-0.006,-0.003,0.003,0.007,9,weighted_average,kalman(weighted_average),false
1788765550.185,58.911,1.191,-4.179,1.853,-37.748,1.191,-4.179,1.856,-37.751,0.000,0.000,0.003,0.003,9,weighted_average,kalman(weighted_average),false
1788765550.231,58.957,1.195,-4.178,1.854,-37.705,1.193,-4.178,1.852,-37.722,-0.002,-0.000,-0.002,0.002,9,weighted_average,kalman(weighted_average),false
1788765550.290,59.017,1.197,-4.175,1.848,-37.631,1.196,-4.176,1.847,-37.662,-0.001,-0.001,-0.001,0.002,9,weighted_average,kalman(weighted_average),false
1788765550.347,59.073,1.202,-4.175,1.852,-37.586,1.200,-4.175,1.848,-37.604,-0.002,0.000,-0.004,0.004,9,weighted_average,kalman(weighted_average),false
1788765550.523,59.250,1.188,-4.186,1.858,-37.853,1.189,-4.184,1.856,-37.803,0.002,0.001,-0.001,0.002,9,weighted_average,kalman(weighted_average),false
1788765550.575,59.302,1.182,-4.188,1.860,-37.922,1.182,-4.189,1.860,-37.907,0.001,-0.000,0.000,0.001,9,weighted_average,kalman(weighted_average),false
1788765550.631,59.358,1.182,-4.188,1.860,-37.922,1.180,-4.190,1.862,-37.953,-0.002,-0.002,0.002,0.003,9,weighted_average,kalman(weighted_average),false
1788765550.688,59.414,1.191,-4.176,1.872,-37.696,1.185,-4.182,1.869,-37.836,-0.006,-0.006,-0.002,0.008,9,weighted_average,kalman(weighted_average),false
1788765550.869,59.595,1.194,-4.177,1.870,-37.692,1.193,-4.177,1.871,-37.709,-0.000,0.000,0.001,0.001,9,weighted_average,kalman(weighted_average),false
1788765550.919,59.646,1.200,-4.177,1.850,-37.627,1.199,-4.177,1.856,-37.641,-0.001,0.000,0.006,0.007,9,weighted_average,kalman(weighted_average),false
1788765550.975,59.702,1.193,-4.177,1.849,-37.689,1.196,-4.177,1.848,-37.647,0.004,0.000,-0.000,0.004,9,weighted_average,kalman(weighted_average),false
1788765551.028,59.754,1.185,-4.184,1.849,-37.825,1.189,-4.181,1.846,-37.735,0.005,0.003,-0.003,0.006,9,weighted_average,kalman(weighted_average),false
1788765551.203,59.929,1.167,-4.184,1.872,-37.995,1.168,-4.185,1.869,-37.967,0.001,-0.000,-0.003,0.003,9,weighted_average,kalman(weighted_average),false
1788765551.267,59.994,1.173,-4.180,1.875,-37.890,1.169,-4.182,1.877,-37.944,-0.004,-0.001,0.002,0.005,9,weighted_average,kalman(weighted_average),false
1788765551.315,60.041,1.174,-4.180,1.873,-37.886,1.171,-4.181,1.877,-37.924,-0.002,-0.000,0.004,0.005,9,weighted_average,kalman(weighted_average),false
1788765551.367,60.094,1.180,-4.190,1.819,-37.914,1.176,-4.186,1.843,-37.925,-0.003,0.004,0.024,0.024,9,weighted_average,kalman(weighted_average),false
1788765551.509,60.235,1.193,-4.173,1.845,-37.610,1.191,-4.175,1.841,-37.678,-0.001,-0.002,-0.005,0.005,9,weighted_average,kalman(weighted_average),false
1788765551.559,60.285,1.190,-4.174,1.857,-37.650,1.192,-4.173,1.852,-37.628,0.002,0.001,-0.005,0.006,9,weighted_average,kalman(weighted_average),false
1788765551.669,60.396,1.172,-4.182,1.822,-37.865,1.177,-4.179,1.829,-37.767,0.005,0.003,0.007,0.009,9,weighted_average,kalman(weighted_average),false
1788765551.826,60.552,1.169,-4.171,1.879,-37.773,1.169,-4.172,1.873,-37.785,-0.001,-0.001,-0.006,0.006,9,weighted_average,kalman(weighted_average),false
1788765551.880,60.606,1.151,-4.201,1.870,-38.316,1.156,-4.192,1.877,-38.132,0.005,0.010,0.007,0.012,9,weighted_average,kalman(weighted_average),false
1788765551.935,60.661,1.184,-4.193,1.821,-38.420,1.171,-4.195,1.844,-38.359,-0.012,-0.002,0.023,0.026,9,weighted_average,kalman(weighted_average),false
1788765551.996,60.723,1.171,-4.196,1.886,-38.998,1.172,-4.198,1.868,-38.819,0.002,-0.002,-0.018,0.018,9,weighted_average,kalman(weighted_average),false
1788765552.134,60.860,1.162,-4.200,1.850,-41.088,1.164,-4.201,1.855,-40.775,0.002,-0.001,0.004,0.005,9,weighted_average,kalman(weighted_average),false
1788765552.195,60.922,1.159,-4.190,1.871,-41.822,1.160,-4.193,1.865,-41.752,0.000,-0.003,-0.007,0.007,9,weighted_average,kalman(weighted_average),false
1788765552.259,60.985,1.169,-4.183,1.880,-42.049,1.165,-4.185,1.876,-42.286,-0.004,-0.002,-0.004,0.006,9,weighted_average,kalman(weighted_average),false
1788765552.320,61.046,1.139,-4.190,1.858,-43.541,1.148,-4.186,1.866,-43.322,0.009,0.004,0.008,0.013,9,weighted_average,kalman(weighted_average),false
1788765552.457,61.183,1.069,-4.479,1.801,-45.795,1.076,-4.442,1.809,-45.685,0.007,0.037,0.007,0.038,12,weighted_average,kalman(weighted_average),false
1788765552.511,61.238,0.953,-4.540,1.754,-47.370,0.981,-4.544,1.763,-47.094,0.028,-0.005,0.009,0.030,12,weighted_average,kalman(weighted_average),false
1788765552.567,61.294,1.014,-4.488,1.758,-47.330,0.981,-4.545,1.747,-47.702,-0.033,-0.057,-0.011,0.066,12,weighted_average,kalman(weighted_average),false
1788765552.619,61.345,1.028,-4.454,1.863,-47.630,0.999,-4.507,1.811,-48.045,-0.028,-0.053,-0.052,0.080,12,weighted_average,kalman(weighted_average),false
1788765552.750,61.476,0.989,-4.469,1.801,-49.206,0.988,-4.478,1.808,-49.325,-0.001,-0.009,0.007,0.012,12,weighted_average,kalman(weighted_average),false
1788765552.806,61.532,1.000,-4.476,1.771,-49.478,0.995,-4.473,1.781,-49.626,-0.005,0.004,0.010,0.012,12,weighted_average,kalman(weighted_average),false
1788765552.861,61.588,0.969,-4.470,1.721,-50.281,0.978,-4.467,1.736,-50.202,0.009,0.002,0.015,0.018,12,weighted_average,kalman(weighted_average),false
1788765552.917,61.643,-1.450,-5.040,1.309,-72.958,0.978,-4.467,1.736,-63.286,2.428,0.573,0.427,2.531,12,weighted_average,kalman(weighted_average),true
1788765553.054,61.780,0.924,-4.463,1.732,-52.336,0.928,-4.463,1.733,-57.360,0.004,-0.000,0.000,0.004,12,weighted_average,kalman(weighted_average),false
1788765553.109,61.835,0.774,-4.520,1.841,-53.986,0.815,-4.502,1.809,-54.518,0.041,0.017,-0.033,0.056,12,weighted_average,kalman(weighted_average),false
1788765553.165,61.892,0.982,-4.390,1.799,-52.367,0.905,-4.432,1.814,-52.278,-0.076,-0.043,0.016,0.089,12,weighted_average,kalman(weighted_average),false
1788765553.222,61.948,0.899,-4.426,1.787,-53.777,0.907,-4.419,1.803,-52.148,0.007,0.007,0.017,0.020,12,weighted_average,kalman(weighted_average),false
1788765553.364,62.091,1.034,-4.035,1.894,-52.858,1.021,-4.074,1.885,-52.016,-0.012,-0.039,-0.009,0.042,9,weighted_average,kalman(weighted_average),false
1788765553.426,62.153,1.062,-3.992,1.877,-52.651,1.066,-3.968,1.890,-52.404,0.004,0.024,0.013,0.028,9,weighted_average,kalman(weighted_average),false
1788765553.491,62.218,1.033,-4.000,1.914,-53.387,1.058,-3.948,1.913,-53.066,0.026,0.052,-0.000,0.058,9,weighted_average,kalman(weighted_average),false
1788765553.560,62.286,1.029,-3.974,1.903,-53.996,1.043,-3.943,1.913,-53.792,0.015,0.031,0.010,0.036,9,weighted_average,kalman(weighted_average),false
1788765553.694,62.420,1.005,-3.949,1.898,-55.177,1.010,-3.940,1.902,-55.113,0.005,0.009,0.004,0.011,9,weighted_average,kalman(weighted_average),false
1788765553.758,62.485,0.975,-3.961,1.934,-56.332,0.979,-3.955,1.924,-56.134,0.005,0.005,-0.010,0.012,9,weighted_average,kalman(weighted_average),false
1788765553.826,62.552,0.971,-3.963,1.919,-56.719,0.966,-3.963,1.923,-56.813,-0.005,-0.001,0.004,0.007,9,weighted_average,kalman(weighted_average),false
1788765553.890,62.616,0.964,-4.042,1.809,-57.168,0.959,-4.020,1.846,-57.311,-0.005,0.022,0.037,0.043,10,weighted_average,kalman(weighted_average),false
1788765554.031,62.758,0.936,-4.034,1.804,-58.549,0.936,-4.041,1.798,-58.575,-0.000,-0.007,-0.006,0.009,10,weighted_average,kalman(weighted_average),false
1788765554.106,62.832,0.913,-4.028,1.803,-59.540,0.915,-4.033,1.797,-59.452,0.002,-0.005,-0.006,0.008,10,weighted_average,kalman(weighted_average),false
1788765554.168,62.895,0.902,-4.011,1.811,-59.991,0.902,-4.017,1.804,-60.033,-0.001,-0.006,-0.006,0.009,10,weighted_average,kalman(weighted_average),false
1788765554.320,63.046,0.855,-4.019,1.790,-61.888,0.856,-4.016,1.792,-61.830,0.001,0.002,0.001,0.003,10,weighted_average,kalman(weighted_average),false
1788765554.386,63.112,0.855,-4.019,1.790,-61.888,0.850,-4.019,1.789,-62.119,-0.005,0.000,-0.001,0.005,10,weighted_average,kalman(weighted_average),false
1788765554.453,63.179,0.845,-3.990,1.818,-62.526,0.843,-3.999,1.808,-62.581,-0.002,-0.009,-0.009,0.013,10,weighted_average,kalman(weighted_average),false
1788765554.521,63.247,0.822,-3.989,1.804,-63.303,0.825,-3.989,1.808,-63.232,0.003,0.001,0.004,0.005,10,weighted_average,kalman(weighted_average),false
1788765554.661,63.387,0.774,-3.981,1.798,-65.115,0.776,-3.980,1.800,-64.987,0.003,0.002,0.002,0.004,10,weighted_average,kalman(weighted_average),false
1788765554.724,63.450,0.763,-3.976,1.809,-65.480,0.760,-3.976,1.805,-65.573,-0.003,-0.000,-0.004,0.004,10,weighted_average,kalman(weighted_average),false
1788765554.791,63.517,0.736,-3.965,1.836,-66.215,0.737,-3.967,1.828,-66.249,0.001,-0.002,-0.009,0.009,10,weighted_average,kalman(weighted_average),false
1788765554.858,63.584,0.723,-3.966,1.828,-66.886,0.721,-3.964,1.832,-66.912,-0.002,0.002,0.004,0.005,10,weighted_average,kalman(weighted_average),false
1788765555.005,63.732,0.676,-3.952,1.805,-68.689,0.677,-3.952,1.810,-68.644,0.000,-0.000,0.005,0.005,10,weighted_average,kalman(weighted_average),false
1788765555.071,63.798,0.643,-3.955,1.817,-69.681,0.647,-3.953,1.812,-69.596,0.003,0.002,-0.005,0.006,10,weighted_average,kalman(weighted_average),false
1788765555.141,63.867,0.638,-3.923,1.846,-70.002,0.633,-3.931,1.835,-70.175,-0.005,-0.008,-0.011,0.014,10,weighted_average,kalman(weighted_average),false
1788765555.283,64.009,0.594,-3.924,1.818,-71.720,0.594,-3.921,1.823,-71.717,-0.000,0.002,0.004,0.005,10,weighted_average,kalman(weighted_average),false
1788765555.352,64.078,0.559,-3.925,1.870,-72.747,0.563,-3.923,1.857,-72.658,0.004,0.002,-0.014,0.014,10,weighted_average,kalman(weighted_average),false
1788765555.422,64.149,0.549,-3.932,1.814,-73.455,0.546,-3.929,1.830,-73.477,-0.003,0.003,0.016,0.017,10,weighted_average,kalman(weighted_average),false
1788765555.561,64.287,0.526,-3.914,1.834,-74.405,0.523,-3.916,1.831,-74.538,-0.002,-0.003,-0.002,0.004,10,weighted_average,kalman(weighted_average),false
1788765555.621,64.347,0.526,-3.914,1.834,-74.405,0.522,-3.913,1.833,-74.616,-0.003,0.001,-0.000,0.003,10,weighted_average,kalman(weighted_average),false
1788765555.701,64.427,0.506,-3.911,1.845,-75.154,0.508,-3.909,1.842,-75.113,0.003,0.001,-0.002,0.004,10,weighted_average,kalman(weighted_average),false
1788765555.861,64.587,0.348,-3.956,1.860,-79.185,0.359,-3.951,1.860,-78.739,0.011,0.005,-0.000,0.012,11,weighted_average,kalman(weighted_average),false
1788765555.926,64.653,0.325,-3.941,1.855,-79.915,0.315,-3.949,1.858,-80.023,-0.010,-0.008,0.003,0.013,11,weighted_average,kalman(weighted_average),false
1788765555.994,64.720,0.312,-3.938,1.858,-80.624,0.296,-3.943,1.858,-80.928,-0.015,-0.006,0.001,0.016,11,weighted_average,kalman(weighted_average),false
1788765556.143,64.870,0.275,-3.913,1.880,-82.360,0.269,-3.916,1.878,-82.558,-0.006,-0.003,-0.002,0.007,11,weighted_average,kalman(weighted_average),false
1788765556.206,64.933,0.247,-3.906,1.870,-83.239,0.251,-3.905,1.875,-83.243,0.004,0.001,0.005,0.006,11,weighted_average,kalman(weighted_average),false
1788765556.275,65.001,0.238,-3.900,1.870,-83.879,0.238,-3.898,1.872,-83.922,-0.001,0.002,0.002,0.003,11,weighted_average,kalman(weighted_average),false
1788765556.336,65.062,0.218,-3.895,1.869,-84.747,0.221,-3.893,1.870,-84.670,0.002,0.002,0.001,0.003,11,weighted_average,kalman(weighted_average),false
1788765556.482,65.209,0.131,-3.485,1.826,-85.632,0.137,-3.527,1.830,-85.755,0.006,-0.042,0.004,0.043,0,weighted_average,kalman(weighted_average),false
1788765556.540,65.267,0.123,-3.481,1.824,-86.079,0.117,-3.446,1.821,-86.116,-0.006,0.035,-0.003,0.036,0,weighted_average,kalman(weighted_average),false
1788765556.597,65.324,0.117,-3.469,1.826,-86.247,0.108,-3.421,1.820,-86.352,-0.009,0.048,-0.006,0.049,0,weighted_average,kalman(weighted_average),false
1788765556.656,65.382,0.121,-3.466,1.822,-86.306,0.110,-3.425,1.819,-86.468,-0.011,0.041,-0.003,0.043,0,weighted_average,kalman(weighted_average),false
1788765556.813,65.540,0.091,-3.436,1.813,-87.215,0.091,-3.426,1.813,-87.202,-0.000,0.010,-0.001,0.010,0,weighted_average,kalman(weighted_average),false
1788765556.876,65.603,0.083,-3.430,1.815,-87.254,0.083,-3.431,1.814,-87.333,0.000,-0.002,-0.001,0.002,0,weighted_average,kalman(weighted_average),false
1788765556.941,65.667,0.075,-3.422,1.811,-87.233,0.075,-3.427,1.811,-87.354,0.000,-0.005,0.001,0.005,0,weighted_average,kalman(weighted_average),false
1788765557.030,65.756,0.049,-3.406,1.809,-87.534,0.052,-3.411,1.809,-87.535,0.004,-0.005,0.000,0.006,0,weighted_average,kalman(weighted_average),false
1788765557.260,65.986,0.024,-3.376,1.803,-87.496,0.024,-3.376,1.803,-87.536,-0.001,-0.000,0.000,0.001,0,weighted_average,kalman(weighted_average),false
1788765557.356,66.083,0.027,-3.360,1.813,-87.355,0.025,-3.359,1.810,-87.385,-0.002,0.000,-0.002,0.003,0,weighted_average,kalman(weighted_average),false
1788765557.430,66.156,0.018,-3.351,1.802,-87.394,0.020,-3.350,1.805,-87.364,0.001,0.001,0.003,0.003,0,weighted_average,kalman(weighted_average),false
1788765557.631,66.358,0.013,-3.336,1.812,-87.322,0.013,-3.336,1.812,-87.313,-0.000,0.001,-0.001,0.001,0,weighted_average,kalman(weighted_average),false
1788765557.686,66.412,-0.005,-3.332,1.813,-87.524,-0.000,-3.333,1.813,-87.450,0.005,-0.000,0.001,0.005,0,weighted_average,kalman(weighted_average),false
1788765557.733,66.459,0.009,-3.333,1.803,-87.295,0.003,-3.332,1.807,-87.379,-0.006,0.001,0.005,0.007,0,weighted_average,kalman(weighted_average),false
1788765557.788,66.514,-0.005,-3.350,1.801,-87.429,-0.003,-3.343,1.803,-87.409,0.002,0.007,0.002,0.008,0,weighted_average,kalman(weighted_average),false
1788765557.930,66.656,0.003,-3.322,1.816,-87.260,0.001,-3.326,1.814,-87.295,-0.002,-0.004,-0.003,0.005,0,weighted_average,kalman(weighted_average),false
1788765558.006,66.732,-0.001,-3.326,1.806,-87.301,0.000,-3.324,1.810,-87.282,0.001,0.003,0.003,0.005,0,weighted_average,kalman(weighted_average),false
1788765558.058,66.784,0.005,-3.322,1.812,-87.208,0.004,-3.321,1.811,-87.228,-0.001,0.001,-0.001,0.002,0,weighted_average,kalman(weighted_average),false
1788765558.119,66.845,-0.006,-3.323,1.809,-87.372,-0.002,-3.321,1.810,-87.296,0.004,0.002,0.001,0.005,0,weighted_average,kalman(weighted_average),false
1788765558.274,67.000,-0.009,-3.323,1.816,-87.484,-0.009,-3.322,1.815,-87.455,0.000,0.001,-0.001,0.001,0,weighted_average,kalman(weighted_average),false
1788765558.341,67.067,-0.004,-3.324,1.814,-87.445,-0.006,-3.324,1.815,-87.471,-0.002,0.000,0.001,0.002,0,weighted_average,kalman(weighted_average),false
1788765558.404,67.130,0.001,-3.324,1.812,-87.377,-0.001,-3.324,1.813,-87.427,-0.002,-0.000,0.001,0.002,0,weighted_average,kalman(weighted_average),false
1788765558.465,67.191,0.007,-3.325,1.814,-87.310,0.005,-3.325,1.814,-87.358,-0.002,-0.000,-0.000,0.002,0,weighted_average,kalman(weighted_average),false
1788765558.599,67.326,-0.005,-3.326,1.820,-87.548,-0.002,-3.326,1.819,-87.497,0.003,-0.000,-0.001,0.003,0,weighted_average,kalman(weighted_average),false
1788765558.662,67.388,0.006,-3.322,1.813,-87.413,0.003,-3.323,1.816,-87.461,-0.003,-0.001,0.002,0.004,0,weighted_average,kalman(weighted_average),false
1788765558.737,67.463,0.019,-3.327,1.825,-87.272,0.015,-3.326,1.823,-87.343,-0.004,0.001,-0.003,0.005,0,weighted_average,kalman(weighted_average),false
1788765558.812,67.539,0.006,-3.331,1.818,-87.501,0.010,-3.330,1.820,-87.429,0.004,0.001,0.002,0.005,0,weighted_average,kalman(weighted_average),false
1788765558.984,67.710,0.029,-3.332,1.817,-87.298,0.028,-3.332,1.817,-87.320,-0.001,-0.000,0.000,0.001,0,weighted_average,kalman(weighted_average),false
1788765559.031,67.758,0.024,-3.334,1.823,-87.395,0.027,-3.334,1.821,-87.355,0.003,0.001,-0.002,0.004,0,weighted_average,kalman(weighted_average),false
1788765559.090,67.816,0.030,-3.329,1.818,-87.348,0.030,-3.331,1.819,-87.345,0.001,-0.002,0.001,0.002,0,weighted_average,kalman(weighted_average),false
1788765559.160,67.887,0.031,-3.334,1.831,-87.321,0.032,-3.332,1.827,-87.325,0.001,0.001,-0.003,0.004,0,weighted_average,kalman(weighted_average),false
1788765559.321,68.047,0.043,-3.328,1.822,-87.262,0.042,-3.328,1.823,-87.266,-0.000,-0.001,0.001,0.002,0,weighted_average,kalman(weighted_average),false
1788765559.389,68.116,0.035,-3.334,1.832,-87.357,0.038,-3.332,1.829,-87.321,0.003,0.002,-0.003,0.005,0,weighted_average,kalman(weighted_average),false
1788765559.453,68.179,0.047,-3.333,1.826,-87.249,0.044,-3.333,1.828,-87.280,-0.003,-0.000,0.002,0.003,0,weighted_average,kalman(weighted_average),false
1788765559.521,68.248,0.043,-3.333,1.824,-87.333,0.044,-3.333,1.825,-87.308,0.002,-0.000,0.001,0.002,0,weighted_average,kalman(weighted_average),false
1788765559.696,68.422,0.050,-3.334,1.826,-87.287,0.050,-3.334,1.825,-87.292,-0.000,-0.000,-0.000,0.000,0,weighted_average,kalman(weighted_average),false
1788765559.751,68.477,0.054,-3.330,1.842,-87.249,0.053,-3.332,1.838,-87.261,-0.001,-0.001,-0.005,0.005,0,weighted_average,kalman(weighted_average),false
1788765559.809,68.535,0.046,-3.331,1.830,-87.384,0.049,-3.330,1.835,-87.329,0.003,0.000,0.005,0.006,0,weighted_average,kalman(weighted_average),false
1788765559.859,68.585,0.052,-3.328,1.829,-87.293,0.051,-3.328,1.831,-87.316,-0.001,-0.001,0.003,0.003,0,weighted_average,kalman(weighted_average),false
1788765560.053,68.779,0.061,-3.326,1.833,-87.227,0.060,-3.326,1.833,-87.239,-0.001,0.000,-0.000,0.001,0,weighted_average,kalman(weighted_average),false
1788765560.110,68.836,0.062,-3.328,1.839,-87.196,0.062,-3.328,1.837,-87.200,0.001,0.001,-0.002,0.002,0,weighted_average,kalman(weighted_average),false
1788765560.160,68.886,0.065,-3.322,1.829,-87.212,0.065,-3.324,1.833,-87.195,-0.000,-0.002,0.004,0.005,0,weighted_average,kalman(weighted_average),false
1788765560.216,68.943,0.062,-3.322,1.834,-87.236,0.064,-3.323,1.833,-87.209,0.002,-0.000,-0.001,0.002,0,weighted_average,kalman(weighted_average),false
1788765560.378,69.104,0.065,-3.321,1.825,-87.232,0.065,-3.321,1.826,-87.225,0.000,0.000,0.001,0.001,0,weighted_average,kalman(weighted_average),false
1788765560.449,69.175,0.064,-3.322,1.829,-87.207,0.064,-3.322,1.827,-87.215,0.000,0.000,-0.002,0.002,0,weighted_average,kalman(weighted_average),false
1788765560.507,69.234,0.056,-3.321,1.830,-87.333,0.058,-3.321,1.829,-87.288,0.003,-0.000,-0.001,0.003,0,weighted_average,kalman(weighted_average),false
1788765560.559,69.285,0.060,-3.318,1.827,-87.271,0.058,-3.319,1.828,-87.290,-0.002,-0.001,0.001,0.002,0,weighted_average,kalman(weighted_average),false
1788765560.700,69.426,0.062,-3.316,1.820,-87.251,0.061,-3.316,1.821,-87.268,-0.001,-0.000,0.001,0.001,0,weighted_average,kalman(weighted_average),false
1788765560.764,69.491,0.058,-3.319,1.828,-87.337,0.059,-3.318,1.825,-87.312,0.001,0.001,-0.003,0.003,0,weighted_average,kalman(weighted_average),false
1788765560.850,69.576,0.065,-3.313,1.820,-87.216,0.064,-3.314,1.821,-87.251,-0.001,-0.001,0.001,0.002,0,weighted_average,kalman(weighted_average),false
1788765560.999,69.725,0.063,-3.314,1.811,-87.262,0.064,-3.313,1.812,-87.253,0.001,0.000,0.000,0.001,0,weighted_average,kalman(weighted_average),false
1788765561.057,69.784,0.067,-3.314,1.818,-87.222,0.066,-3.314,1.815,-87.232,-0.001,0.000,-0.003,0.003,0,weighted_average,kalman(weighted_average),false
1788765561.130,69.856,0.066,-3.311,1.811,-87.226,0.067,-3.312,1.812,-87.224,0.000,-0.001,0.001,0.001,0,weighted_average,kalman(weighted_average),false
1788765561.199,69.925,0.075,-3.311,1.805,-87.111,0.073,-3.311,1.807,-87.149,-0.002,-0.000,0.001,0.003,0,weighted_average,kalman(weighted_average),false
1788765561.368,70.094,0.077,-3.312,1.803,-87.071,0.078,-3.312,1.802,-87.068,0.000,0.000,-0.000,0.001,0,weighted_average,kalman(weighted_average),false
1788765561.422,70.148,0.071,-3.316,1.810,-87.141,0.073,-3.315,1.807,-87.107,0.002,0.001,-0.002,0.004,0,weighted_average,kalman(weighted_average),false
1788765561.475,70.202,0.056,-3.315,1.811,-87.334,0.061,-3.316,1.810,-87.241,0.005,-0.001,-0.001,0.005,0,weighted_average,kalman(weighted_average),false
1788765561.538,70.264,0.066,-3.320,1.801,-87.185,0.062,-3.319,1.805,-87.232,-0.004,0.001,0.004,0.006,0,weighted_average,kalman(weighted_average),false
1788765561.693,70.420,0.062,-3.316,1.809,-87.218,0.062,-3.317,1.809,-87.233,-0.001,-0.001,-0.001,0.001,0,weighted_average,kalman(weighted_average),false
1788765561.750,70.476,0.062,-3.315,1.803,-87.240,0.062,-3.315,1.805,-87.237,0.000,-0.000,0.002,0.002,0,weighted_average,kalman(weighted_average),false
1788765561.813,70.540,0.061,-3.315,1.802,-87.212,0.061,-3.314,1.803,-87.222,0.000,0.001,0.001,0.001,0,weighted_average,kalman(weighted_average),false
1788765561.874,70.600,0.061,-3.315,1.800,-87.190,0.061,-3.314,1.801,-87.201,0.000,0.001,0.000,0.001,0,weighted_average,kalman(weighted_average),false
1788765562.058,70.784,0.060,-3.319,1.800,-87.149,0.060,-3.319,1.800,-87.151,0.000,0.000,-0.000,0.001,0,weighted_average,kalman(weighted_average),false
1788765562.125,70.852,0.056,-3.322,1.795,-87.173,0.057,-3.322,1.796,-87.160,0.001,0.000,0.001,0.002,0,weighted_average,kalman(weighted_average),false
1788765562.183,70.909,0.048,-3.318,1.797,-87.230,0.050,-3.320,1.796,-87.202,0.002,-0.002,-0.001,0.003,0,weighted_average,kalman(weighted_average),false
1788765562.230,70.957,0.045,-3.321,1.801,-87.259,0.046,-3.321,1.799,-87.238,0.001,0.000,-0.002,0.002,0,weighted_average,kalman(weighted_average),false
1788765562.381,71.107,0.052,-3.325,1.794,-87.132,0.050,-3.325,1.795,-87.162,-0.002,0.000,0.001,0.002,0,weighted_average,kalman(weighted_average),false
1788765562.452,71.179,0.051,-3.327,1.800,-87.135,0.052,-3.327,1.798,-87.132,0.001,0.000,-0.002,0.002,0,weighted_average,kalman(weighted_average),false
1788765562.510,71.237,0.053,-3.327,1.798,-87.022,0.054,-3.328,1.798,-87.054,0.000,-0.001,0.000,0.001,0,weighted_average,kalman(weighted_average),false
1788765562.558,71.285,0.047,-3.325,1.801,-87.116,0.050,-3.327,1.800,-87.070,0.003,-0.001,-0.001,0.004,0,weighted_average,kalman(weighted_average),false
1788765562.699,71.425,0.035,-3.329,1.806,-87.189,0.036,-3.329,1.806,-87.153,0.002,0.000,-0.000,0.002,0,weighted_average,kalman(weighted_average),false
1788765562.767,71.493,0.042,-3.327,1.801,-87.098,0.039,-3.328,1.803,-87.127,-0.003,-0.001,0.002,0.004,0,weighted_average,kalman(weighted_average),false
1788765562.830,71.556,0.044,-3.328,1.799,-87.057,0.042,-3.327,1.800,-87.086,-0.002,0.000,0.001,0.002,0,weighted_average,kalman(weighted_average),false
1788765562.892,71.618,0.037,-3.323,1.796,-87.100,0.039,-3.324,1.797,-87.089,0.002,-0.001,0.001,0.002,0,weighted_average,kalman(weighted_average),false
1788765563.039,71.766,0.041,-3.325,1.801,-87.026,0.040,-3.325,1.800,-87.034,-0.001,0.001,-0.001,0.001,0,weighted_average,kalman(weighted_average),false
1788765563.087,71.814,0.036,-3.322,1.789,-87.039,0.037,-3.323,1.793,-87.030,0.002,-0.001,0.004,0.004,0,weighted_average,kalman(weighted_average),false
1788765563.159,71.885,0.033,-3.327,1.795,-87.083,0.034,-3.325,1.794,-87.057,0.001,0.001,-0.002,0.002,0,weighted_average,kalman(weighted_average),false
1788765563.227,71.953,0.023,-3.323,1.789,-87.197,0.026,-3.324,1.790,-87.146,0.002,-0.001,0.001,0.003,0,weighted_average,kalman(weighted_average),false
1788765563.389,72.115,0.045,-3.328,1.796,-86.866,0.042,-3.328,1.795,-86.923,-0.003,0.000,-0.001,0.003,0,weighted_average,kalman(weighted_average),false
1788765563.449,72.175,0.045,-3.328,1.796,-86.866,0.047,-3.328,1.797,-86.855,0.002,-0.000,0.001,0.002,0,weighted_average,kalman(weighted_average),false
1788765563.507,72.233,0.047,-3.321,1.783,-86.814,0.049,-3.324,1.788,-86.799,0.002,-0.003,0.005,0.006,0,weighted_average,kalman(weighted_average),false
1788765563.597,72.324,0.023,-3.329,1.788,-87.143,0.031,-3.327,1.787,-87.003,0.007,0.002,-0.001,0.008,0,weighted_average,kalman(weighted_average),false
1788765563.776,72.502,0.029,-3.327,1.782,-87.014,0.028,-3.328,1.782,-87.032,-0.001,-0.000,-0.000,0.001,0,weighted_average,kalman(weighted_average),false
1788765563.829,72.555,0.029,-3.327,1.782,-87.014,0.029,-3.327,1.782,-87.021,-0.000,-0.000,-0.000,0.000,0,weighted_average,kalman(weighted_average),false
1788765563.876,72.603,0.024,-3.328,1.777,-87.094,0.026,-3.328,1.779,-87.062,0.002,0.000,0.001,0.003,0,weighted_average,kalman(weighted_average),false
1788765563.937,72.663,0.025,-3.328,1.780,-87.076,0.025,-3.328,1.779,-87.077,0.000,-0.000,-0.001,0.001,0,weighted_average,kalman(weighted_average),false
1788765564.106,72.833,0.021,-3.333,1.778,-87.150,0.021,-3.333,1.778,-87.146,0.000,0.000,-0.000,0.000,0,weighted_average,kalman(weighted_average),false
1788765564.179,72.905,0.040,-3.330,1.774,-86.907,0.035,-3.331,1.775,-86.986,-0.005,-0.001,0.001,0.005,0,weighted_average,kalman(weighted_average),false
1788765564.228,72.955,0.033,-3.330,1.771,-87.002,0.035,-3.330,1.772,-86.977,0.003,-0.000,0.001,0.003,0,weighted_average,kalman(weighted_average),false
1788765564.280,73.006,0.027,-3.330,1.770,-87.076,0.031,-3.330,1.769,-87.017,0.005,0.000,-0.000,0.005,0,weighted_average,kalman(weighted_average),false
1788765564.449,73.175,0.040,-3.331,1.769,-86.908,0.039,-3.331,1.768,-86.921,-0.001,0.000,-0.001,0.001,0,weighted_average,kalman(weighted_average),false
1788765564.522,73.248,0.031,-3.330,1.764,-87.026,0.034,-3.330,1.765,-86.982,0.003,-0.000,0.001,0.003,0,weighted_average,kalman(weighted_average),false
1788765564.586,73.312,0.036,-3.328,1.768,-86.947,0.035,-3.329,1.767,-86.962,-0.001,-0.001,-0.002,0.002,0,weighted_average,kalman(weighted_average),false
1788765564.727,73.453,0.037,-3.326,1.763,-86.952,0.037,-3.326,1.763,-86.952,-0.000,-0.000,0.001,0.001,0,weighted_average,kalman(weighted_average),false
1788765564.788,73.514,0.033,-3.325,1.761,-87.010,0.034,-3.325,1.761,-86.989,0.001,-0.000,0.000,0.001,0,weighted_average,kalman(weighted_average),false
1788765564.852,73.578,0.038,-3.325,1.760,-86.922,0.036,-3.325,1.760,-86.952,-0.001,0.000,-0.000,0.002,0,weighted_average,kalman(weighted_average),false
1788765564.922,73.648,0.032,-3.326,1.758,-86.999,0.033,-3.325,1.758,-86.978,0.002,0.001,0.000,0.002,0,weighted_average,kalman(weighted_average),false
1788765565.096,73.823,0.037,-3.325,1.752,-86.903,0.036,-3.325,1.752,-86.915,-0.000,-0.000,0.000,0.000,0,weighted_average,kalman(weighted_average),false
1788765565.152,73.878,0.032,-3.326,1.753,-86.937,0.033,-3.326,1.752,-86.921,0.002,0.000,-0.001,0.002,0,weighted_average,kalman(weighted_average),false
1788765565.220,73.946,0.032,-3.331,1.750,-86.939,0.032,-3.330,1.750,-86.927,0.000,0.001,0.000,0.002,0,weighted_average,kalman(weighted_average),false
1788765565.286,74.013,0.034,-3.330,1.748,-86.880,0.033,-3.331,1.748,-86.896,-0.001,-0.001,0.000,0.001,0,weighted_average,kalman(weighted_average),false
1788765565.451,74.178,0.033,-3.327,1.747,-86.846,0.034,-3.328,1.747,-86.847,0.000,-0.001,-0.000,0.001,0,weighted_average,kalman(weighted_average),false
1788765565.502,74.228,0.020,-3.328,1.745,-86.980,0.024,-3.328,1.745,-86.926,0.004,0.001,0.001,0.004,0,weighted_average,kalman(weighted_average),false
1788765565.554,74.280,0.034,-3.334,1.746,-86.787,0.029,-3.332,1.746,-86.854,-0.005,0.003,-0.001,0.006,0,weighted_average,kalman(weighted_average),false
1788765565.607,74.333,0.034,-3.332,1.748,-86.803,0.032,-3.332,1.747,-86.818,-0.002,-0.001,-0.001,0.002,0,weighted_average,kalman(weighted_average),false
1788765565.785,74.511,0.034,-3.333,1.750,-86.740,0.034,-3.334,1.750,-86.740,0.000,-0.000,-0.000,0.000,0,weighted_average,kalman(weighted_average),false
1788765565.833,74.559,0.035,-3.334,1.756,-86.693,0.034,-3.334,1.755,-86.703,-0.000,0.000,-0.002,0.002,0,weighted_average,kalman(weighted_average),false
1788765565.891,74.617,0.017,-3.336,1.751,-86.903,0.023,-3.335,1.753,-86.810,0.006,0.000,0.002,0.006,0,weighted_average,kalman(weighted_average),false
1788765565.948,74.675,0.013,-3.335,1.753,-86.982,0.015,-3.335,1.753,-86.922,0.001,-0.000,0.000,0.002,0,weighted_average,kalman(weighted_average),false
1788765566.112,74.838,0.013,-3.333,1.755,-86.911,0.012,-3.334,1.755,-86.939,-0.002,-0.000,-0.000,0.002,0,weighted_average,kalman(weighted_average),false
1788765566.181,74.908,0.018,-3.333,1.755,-86.797,0.017,-3.333,1.756,-86.841,-0.001,0.000,0.000,0.001,0,weighted_average,kalman(weighted_average),false
1788765566.239,74.965,0.015,-3.335,1.758,-86.831,0.017,-3.334,1.757,-86.819,0.001,0.001,-0.000,0.002,0,weighted_average,kalman(weighted_average),false
1788765566.390,75.116,0.021,-3.332,1.763,-86.739,0.020,-3.332,1.763,-86.738,-0.000,-0.000,-0.000,0.000,0,weighted_average,kalman(weighted_average),false
1788765566.463,75.189,0.017,-3.330,1.775,-86.796,0.019,-3.330,1.773,-86.767,0.001,-0.000,-0.002,0.003,0,weighted_average,kalman(weighted_average),false
1788765566.538,75.264,0.020,-3.327,1.772,-86.734,0.020,-3.327,1.774,-86.743,-0.001,-0.000,0.002,0.002,0,weighted_average,kalman(weighted_average),false
1788765566.683,75.409,0.018,-3.328,1.784,-86.750,0.018,-3.327,1.784,-86.744,0.000,0.001,-0.000,0.001,0,weighted_average,kalman(weighted_average),false
1788765566.733,75.459,0.018,-3.328,1.784,-86.750,0.018,-3.328,1.785,-86.748,-0.000,0.000,0.001,0.001,0,weighted_average,kalman(weighted_average),false
1788765566.795,75.521,0.018,-3.328,1.784,-86.750,0.018,-3.328,1.786,-86.749,-0.000,-0.000,0.001,0.001,0,weighted_average,kalman(weighted_average),false
1788765566.875,75.601,0.022,-3.331,1.787,-86.688,0.021,-3.330,1.787,-86.709,-0.001,0.001,0.000,0.001,0,weighted_average,kalman(weighted_average),false
1788765567.063,75.790,0.016,-3.331,1.807,-86.802,0.017,-3.331,1.806,-86.787,0.001,-0.000,-0.001,0.001,0,weighted_average,kalman(weighted_average),false
1788765567.119,75.845,0.020,-3.332,1.809,-86.758,0.018,-3.332,1.811,-86.778,-0.002,0.000,0.001,0.002,0,weighted_average,kalman(weighted_average),false
1788765567.191,75.917,0.020,-3.325,1.816,-86.771,0.020,-3.327,1.817,-86.780,-0.001,-0.002,0.001,0.002,0,weighted_average,kalman(weighted_average),false
1788765567.337,76.064,0.020,-3.330,1.823,-86.756,0.020,-3.329,1.823,-86.764,0.000,0.001,0.001,0.001,0,weighted_average,kalman(weighted_average),false
1788765567.406,76.132,0.026,-3.327,1.825,-86.709,0.025,-3.328,1.825,-86.724,-0.001,-0.001,0.000,0.002,0,weighted_average,kalman(weighted_average),false
1788765567.472,76.198,0.012,-3.333,1.829,-86.930,0.016,-3.331,1.828,-86.848,0.004,0.001,-0.000,0.005,0,weighted_average,kalman(weighted_average),false
1788765567.612,76.338,0.027,-3.331,1.832,-86.742,0.025,-3.331,1.832,-86.779,-0.002,-0.000,0.000,0.002,0,weighted_average,kalman(weighted_average),false
1788765567.678,76.404,0.027,-3.333,1.829,-86.731,0.027,-3.333,1.831,-86.738,0.001,0.001,0.001,0.002,0,weighted_average,kalman(weighted_average),false
1788765567.747,76.473,0.041,-3.329,1.841,-86.581,0.038,-3.331,1.838,-86.624,-0.003,-0.001,-0.003,0.004,0,weighted_average,kalman(weighted_average),false
1788765567.804,76.531,0.030,-3.324,1.831,-86.761,0.035,-3.326,1.834,-86.681,0.005,-0.002,0.004,0.006,0,weighted_average,kalman(weighted_average),false
1788765567.948,76.675,0.034,-3.317,1.839,-86.730,0.034,-3.318,1.839,-86.714,0.001,-0.000,-0.001,0.001,0,weighted_average,kalman(weighted_average),false
1788765568.007,76.734,0.037,-3.311,1.832,-86.705,0.036,-3.312,1.834,-86.713,-0.001,-0.001,0.003,0.003,0,weighted_average,kalman(weighted_average),false
1788765568.076,76.803,0.037,-3.306,1.834,-86.716,0.037,-3.306,1.834,-86.717,-0.000,-0.000,-0.000,0.000,0,weighted_average,kalman(weighted_average),false
1788765568.140,76.867,0.033,-3.300,1.829,-86.780,0.034,-3.300,1.830,-86.758,0.002,-0.000,0.001,0.002,0,weighted_average,kalman(weighted_average),false
1788765568.285,77.011,0.043,-3.289,1.836,-86.594,0.042,-3.289,1.834,-86.633,-0.001,0.000,-0.001,0.002,0,weighted_average,kalman(weighted_average),false
1788765568.343,77.070,0.041,-3.285,1.833,-86.650,0.042,-3.285,1.834,-86.627,0.001,0.000,0.001,0.002,0,weighted_average,kalman(weighted_average),false
1788765568.410,77.137,0.044,-3.278,1.836,-86.601,0.044,-3.279,1.836,-86.597,0.000,-0.000,-0.000,0.001,0,weighted_average,kalman(weighted_average),false
1788765568.472,77.198,0.048,-3.266,1.842,-86.550,0.047,-3.268,1.840,-86.557,-0.001,-0.003,-0.002,0.003,0,weighted_average,kalman(weighted_average),false
1788765568.606,77.333,0.032,-3.258,1.827,-86.772,0.035,-3.257,1.830,-86.712,0.003,0.001,0.003,0.004,0,weighted_average,kalman(weighted_average),false
1788765568.684,77.410,0.044,-3.253,1.828,-86.566,0.040,-3.252,1.827,-86.632,-0.004,0.000,-0.001,0.004,0,weighted_average,kalman(weighted_average),false
1788765568.758,77.484,0.040,-3.232,1.822,-86.633,0.040,-3.236,1.822,-86.631,0.000,-0.004,0.000,0.004,0,weighted_average,kalman(weighted_average),false
1788765568.905,77.632,0.045,-3.180,1.808,-86.505,0.045,-3.183,1.808,-86.524,-0.000,-0.003,0.001,0.003,0,weighted_average,kalman(weighted_average),false
1788765568.967,77.693,0.045,-3.180,1.808,-86.505,0.046,-3.174,1.806,-86.497,0.000,0.006,-0.002,0.006,0,weighted_average,kalman(weighted_average),false
1788765569.035,77.761,0.032,-3.162,1.809,-86.669,0.036,-3.161,1.807,-86.592,0.004,0.002,-0.002,0.005,0,weighted_average,kalman(weighted_average),false
1788765569.095,77.822,0.036,-3.148,1.794,-86.607,0.035,-3.147,1.798,-86.610,-0.001,0.000,0.004,0.004,0,weighted_average,kalman(weighted_average),false
1788765569.244,77.971,0.030,-3.116,1.792,-86.665,0.029,-3.116,1.791,-86.664,-0.000,0.000,-0.001,0.001,0,weighted_average,kalman(weighted_average),false
1788765569.303,78.030,0.030,-3.103,1.785,-86.672,0.029,-3.103,1.786,-86.676,-0.001,0.000,0.001,0.001,0,weighted_average,kalman(weighted_average),false
1788765569.367,78.093,0.014,-3.081,1.773,-86.857,0.018,-3.084,1.776,-86.796,0.004,-0.003,0.003,0.006,0,weighted_average,kalman(weighted_average),false
1788765569.430,78.156,0.027,-3.078,1.787,-86.690,0.022,-3.074,1.781,-86.757,-0.005,0.003,-0.006,0.008,0,weighted_average,kalman(weighted_average),false
1788765569.578,78.304,0.024,-3.043,1.778,-86.692,0.023,-3.043,1.778,-86.711,-0.000,-0.000,0.000,0.000,0,weighted_average,kalman(weighted_average),false
1788765569.646,78.372,0.035,-3.032,1.766,-86.511,0.033,-3.031,1.768,-86.567,-0.003,0.001,0.003,0.004,0,weighted_average,kalman(weighted_average),false
1788765569.708,78.434,0.029,-3.017,1.769,-86.599,0.032,-3.017,1.767,-86.560,0.003,-0.001,-0.002,0.004,0,weighted_average,kalman(weighted_average),false
1788765569.777,78.503,0.029,-3.004,1.771,-86.579,0.030,-3.004,1.769,-86.554,0.002,0.000,-0.002,0.003,0,weighted_average,kalman(weighted_average),false
1788765569.912,78.638,0.029,-2.971,1.766,-86.550,0.029,-2.971,1.766,-86.540,0.000,-0.001,0.000,0.001,0,weighted_average,kalman(weighted_average),false
1788765569.968,78.694,0.027,-2.966,1.769,-86.546,0.028,-2.964,1.768,-86.541,0.001,0.003,-0.001,0.003,0,weighted_average,kalman(weighted_average),false
1788765570.033,78.759,0.029,-2.958,1.770,-86.523,0.028,-2.956,1.770,-86.528,-0.001,0.002,-0.001,0.002,0,weighted_average,kalman(weighted_average),false
1788765570.098,78.824,0.022,-2.940,1.770,-86.601,0.024,-2.942,1.770,-86.569,0.002,-0.002,0.000,0.003,0,weighted_average,kalman(weighted_average),false
1788765570.249,78.975,0.030,-2.897,1.779,-86.435,0.029,-2.899,1.778,-86.464,-0.001,-0.002,-0.001,0.002,0,weighted_average,kalman(weighted_average),false
1788765570.315,79.041,0.019,-2.885,1.781,-86.588,0.022,-2.883,1.781,-86.534,0.003,0.002,0.001,0.004,0,weighted_average,kalman(weighted_average),false
1788765570.379,79.106,0.022,-2.871,1.788,-86.522,0.022,-2.870,1.787,-86.529,-0.001,0.001,-0.001,0.002,0,weighted_average,kalman(weighted_average),false
1788765570.523,79.249,0.020,-2.840,1.790,-86.564,0.020,-2.840,1.791,-86.559,-0.000,0.000,0.001,0.001,0,weighted_average,kalman(weighted_average),false
1788765570.586,79.312,0.019,-2.829,1.795,-86.575,0.019,-2.828,1.794,-86.574,0.000,0.000,-0.001,0.001,0,weighted_average,kalman(weighted_average),false
1788765570.651,79.378,0.012,-2.814,1.795,-86.647,0.014,-2.814,1.795,-86.625,0.002,-0.000,0.001,0.002,0,weighted_average,kalman(weighted_average),false
1788765570.712,79.439,0.021,-2.803,1.796,-86.505,0.018,-2.803,1.796,-86.565,-0.003,0.000,0.000,0.003,0,weighted_average,kalman(weighted_average),false
1788765570.856,79.582,0.021,-2.770,1.801,-86.492,0.020,-2.770,1.801,-86.502,-0.000,-0.001,-0.000,0.001,0,weighted_average,kalman(weighted_average),false
1788765570.925,79.652,0.016,-2.754,1.803,-86.533,0.018,-2.754,1.803,-86.514,0.001,-0.000,0.000,0.001,0,weighted_average,kalman(weighted_average),false
1788765570.991,79.717,0.021,-2.753,1.799,-86.471,0.020,-2.749,1.801,-86.483,-0.001,0.004,0.002,0.005,0,weighted_average,kalman(weighted_average),false
1788765571.141,79.868,0.018,-2.714,1.802,-86.481,0.018,-2.715,1.802,-86.474,0.000,-0.001,-0.000,0.001,0,weighted_average,kalman(weighted_average),false
1788765571.204,79.930,0.018,-2.701,1.807,-86.481,0.018,-2.701,1.806,-86.477,-0.000,-0.000,-0.001,0.001,0,weighted_average,kalman(weighted_average),false
1788765571.271,79.997,0.028,-2.697,1.794,-86.421,0.025,-2.693,1.798,-86.441,-0.003,0.003,0.004,0.006,0,weighted_average,kalman(weighted_average),false
1788765571.335,80.061,-0.070,-3.186,1.557,-88.340,0.025,-2.693,1.798,-87.598,0.094,0.492,0.241,0.556,12,weighted_average,kalman(weighted_average),true
1788765571.482,80.209,-0.060,-3.129,1.458,-88.144,-0.055,-3.104,1.478,-88.253,0.005,0.025,0.020,0.032,12,weighted_average,kalman(weighted_average),false
1788765571.544,80.271,-0.024,-3.116,1.577,-87.716,-0.040,-3.153,1.519,-87.987,-0.016,-0.037,-0.058,0.071,12,weighted_average,kalman(weighted_average),false
1788765571.609,80.335,-0.021,-3.080,1.849,-87.674,-0.040,-3.153,1.519,-87.806,-0.019,-0.073,-0.330,0.339,12,weighted_average,kalman(weighted_average),true
1788765571.667,80.393,-0.055,-3.089,1.598,-88.109,-0.053,-3.098,1.587,-87.963,0.002,-0.009,-0.011,0.014,12,weighted_average,kalman(weighted_average),false
1788765571.816,80.542,-0.030,-3.031,1.593,-87.724,-0.034,-3.032,1.600,-87.780,-0.004,-0.001,0.006,0.008,12,weighted_average,kalman(weighted_average),false
1788765571.877,80.603,-0.070,-3.040,1.674,-88.276,-0.058,-3.030,1.654,-88.084,0.013,0.009,-0.020,0.025,12,weighted_average,kalman(weighted_average),false
1788765571.944,80.670,-0.088,-3.014,1.741,-88.480,-0.082,-3.014,1.725,-88.371,0.006,-0.000,-0.016,0.017,12,weighted_average,kalman(weighted_average),false
1788765572.004,80.730,-2.320,-3.009,1.319,-116.165,-0.082,-3.014,1.725,-105.122,2.239,-0.004,0.407,2.275,12,weighted_average,kalman(weighted_average),true
1788765572.148,80.874,-0.035,-2.954,1.658,-87.776,-0.038,-2.958,1.662,-94.119,-0.003,-0.004,0.004,0.006,12,weighted_average,kalman(weighted_average),false
1788765572.207,80.933,-0.090,-2.956,1.862,-88.524,-0.071,-2.951,1.800,-89.013,0.019,0.005,-0.062,0.065,12,weighted_average,kalman(weighted_average),false
1788765572.268,80.995,-1.221,-3.184,1.905,-102.849,-0.071,-2.951,1.800,-95.688,1.149,0.233,-0.105,1.177,12,weighted_average,kalman(weighted_average),true
1788765572.331,81.057,-2.220,-2.993,1.196,-115.090,-0.071,-2.951,1.800,-107.451,2.149,0.042,0.604,2.233,12,weighted_average,kalman(weighted_average),true
1788765572.475,81.202,-0.057,-2.907,1.823,-88.001,-0.058,-2.909,1.822,-93.808,-0.000,-0.001,-0.001,0.002,12,weighted_average,kalman(weighted_average),false
1788765572.533,81.260,-0.781,-3.134,1.577,-97.347,-0.058,-2.909,1.822,-94.313,0.723,0.225,0.246,0.796,12,weighted_average,kalman(weighted_average),true
1788765572.600,81.326,-0.055,-2.933,1.587,-88.056,-0.056,-2.931,1.614,-89.165,-0.000,0.003,0.027,0.027,12,weighted_average,kalman(weighted_average),false
1788765572.659,81.385,-0.084,-2.952,1.537,-88.450,-0.075,-2.948,1.534,-87.235,0.009,0.004,-0.003,0.010,12,weighted_average,kalman(weighted_average),false
1788765572.812,81.538,-0.011,-2.901,1.739,-87.514,-0.019,-2.908,1.699,-86.178,-0.008,-0.008,-0.041,0.042,12,weighted_average,kalman(weighted_average),false
1788765572.880,81.607,-0.071,-2.911,1.714,-88.295,-0.050,-2.904,1.737,-87.515,0.021,0.007,0.023,0.032,12,weighted_average,kalman(weighted_average),false
1788765572.963,81.690,-0.183,-2.957,1.705,-89.803,-0.153,-2.941,1.731,-89.260,0.029,0.016,0.026,0.043,12,weighted_average,kalman(weighted_average),false
1788765573.103,81.829,-0.196,-2.953,1.572,-89.917,-0.205,-2.955,1.593,-90.161,-0.009,-0.003,0.021,0.023,12,weighted_average,kalman(weighted_average),false
1788765573.151,81.877,-0.056,-2.886,1.637,-88.019,-0.109,-2.910,1.606,-88.965,-0.053,-0.024,-0.031,0.066,12,weighted_average,kalman(weighted_average),false
1788765573.199,81.925,-0.008,-2.854,1.785,-87.377,-0.034,-2.869,1.708,-87.999,-0.026,-0.015,-0.077,0.082,12,weighted_average,kalman(weighted_average),false
1788765573.252,81.978,-0.049,-2.848,1.859,-87.908,-0.022,-2.844,1.815,-87.720,0.027,0.004,-0.044,0.052,12,weighted_average,kalman(weighted_average),false
1788765573.304,82.031,-0.163,-2.904,1.689,-89.434,-0.095,-2.870,1.763,-88.453,0.068,0.034,0.075,0.106,12,weighted_average,kalman(weighted_average),false
1788765573.436,82.163,-0.097,-2.835,1.922,-88.539,-0.102,-2.839,1.904,-88.524,-0.005,-0.004,-0.018,0.019,12,weighted_average,kalman(weighted_average),false
1788765573.481,82.208,-0.158,-2.874,1.774,-89.374,-0.139,-2.858,1.836,-89.043,0.019,0.016,0.062,0.066,12,weighted_average,kalman(weighted_average),false
1788765573.538,82.264,-0.155,-2.845,1.947,-89.308,-0.156,-2.850,1.910,-89.293,-0.002,-0.005,-0.037,0.038,12,weighted_average,kalman(weighted_average),false
1788765573.587,82.314,-0.106,-2.851,1.654,-88.624,-0.132,-2.849,1.766,-89.026,-0.026,0.001,0.112,0.115,12,weighted_average,kalman(weighted_average),false
1788765573.718,82.445,-0.030,-2.790,1.773,-87.554,-0.044,-2.797,1.756,-87.912,-0.014,-0.008,-0.017,0.023,12,weighted_average,kalman(weighted_average),false
1788765573.774,82.500,-0.075,-2.810,1.684,-88.174,-0.054,-2.799,1.706,-87.923,0.022,0.011,0.021,0.032,12,weighted_average,kalman(weighted_average),false
1788765573.818,82.544,-0.024,-2.785,1.633,-87.469,-0.031,-2.787,1.653,-87.582,-0.006,-0.002,0.021,0.022,12,weighted_average,kalman(weighted_average),false
1788765573.871,82.598,-0.040,-2.781,1.743,-87.685,-0.029,-2.779,1.694,-87.503,0.011,0.002,-0.049,0.051,12,weighted_average,kalman(weighted_average),false
1788765574.003,82.730,-0.255,-2.850,1.675,-90.696,-0.219,-2.836,1.677,-89.863,0.036,0.014,0.002,0.038,12,weighted_average,kalman(weighted_average),false
1788765574.050,82.777,-0.089,-2.769,1.694,-88.421,-0.157,-2.799,1.686,-89.285,-0.068,-0.030,-0.008,0.075,12,weighted_average,kalman(weighted_average),false
1788765574.105,82.831,-0.067,-2.750,1.748,-88.132,-0.106,-2.766,1.726,-88.770,-0.039,-0.016,-0.022,0.048,12,weighted_average,kalman(weighted_average),false
1788765574.154,82.881,-0.164,-2.756,1.818,-89.475,-0.136,-2.754,1.789,-89.155,0.027,0.002,-0.028,0.040,12,weighted_average,kalman(weighted_average),false
1788765574.281,83.007,-0.135,-2.729,1.800,-89.112,-0.137,-2.727,1.813,-89.208,-0.002,0.002,0.013,0.013,12,weighted_average,kalman(weighted_average),false
1788765574.324,83.050,-0.152,-2.721,1.818,-89.379,-0.147,-2.720,1.819,-89.322,0.005,0.001,0.001,0.005,12,weighted_average,kalman(weighted_average),false
1788765574.373,83.100,-0.074,-2.694,1.580,-88.284,-0.103,-2.701,1.674,-88.780,-0.030,-0.006,0.094,0.099,12,weighted_average,kalman(weighted_average),false
1788765574.426,83.152,-0.078,-2.668,1.790,-88.363,-0.081,-2.675,1.721,-88.479,-0.003,-0.007,-0.070,0.070,12,weighted_average,kalman(weighted_average),false
1788765574.478,83.205,-0.121,-2.678,1.705,-88.955,-0.097,-2.669,1.706,-88.634,0.023,0.009,0.001,0.025,12,weighted_average,kalman(weighted_average),false
1788765574.602,83.329,0.024,-2.568,1.862,-86.907,0.006,-2.579,1.832,-87.289,-0.018,-0.011,-0.030,0.037,12,weighted_average,kalman(weighted_average),false
1788765574.651,83.378,-0.085,-2.616,1.723,-88.541,-0.041,-2.592,1.776,-87.862,0.044,0.024,0.053,0.073,12,weighted_average,kalman(weighted_average),false
1788765574.698,83.424,-0.088,-2.611,1.660,-88.593,-0.069,-2.598,1.707,-88.217,0.020,0.013,0.047,0.052,12,weighted_average,kalman(weighted_average),false
1788765574.752,83.478,-0.070,-2.591,1.736,-88.420,-0.074,-2.591,1.713,-88.356,-0.004,-0.000,-0.023,0.023,12,weighted_average,kalman(weighted_average),false
1788765574.800,83.527,-0.105,-2.593,1.650,-88.898,-0.095,-2.590,1.671,-88.677,0.010,0.003,0.021,0.023,12,weighted_average,kalman(weighted_average),false
1788765574.934,83.660,-0.024,-2.519,1.718,-87.833,-0.039,-2.528,1.702,-88.129,-0.015,-0.008,-0.016,0.024,12,weighted_average,kalman(weighted_average),false
1788765574.980,83.706,-0.038,-2.501,1.820,-88.066,-0.030,-2.502,1.785,-88.024,0.007,-0.001,-0.034,0.035,12,weighted_average,kalman(weighted_average),false
1788765575.032,83.758,0.038,-2.456,1.828,-86.959,0.020,-2.463,1.830,-87.350,-0.018,-0.007,0.002,0.019,12,weighted_average,kalman(weighted_average),false
1788765575.082,83.809,0.000,-2.460,1.752,-87.560,0.021,-2.449,1.800,-87.305,0.020,0.011,0.048,0.053,12,weighted_average,kalman(weighted_average),false
1788765575.136,83.862,0.006,-2.444,1.738,-87.480,0.019,-2.436,1.767,-87.282,0.013,0.008,0.029,0.033,12,weighted_average,kalman(weighted_average),false
1788765575.269,83.995,0.000,-2.406,1.826,-87.712,0.006,-2.403,1.815,-87.522,0.006,0.003,-0.011,0.013,12,weighted_average,kalman(weighted_average),false
1788765575.316,84.043,0.025,-2.378,1.731,-87.352,0.017,-2.382,1.765,-87.446,-0.008,-0.005,0.034,0.035,12,weighted_average,kalman(weighted_average),false
1788765575.366,84.093,0.013,-2.372,1.722,-87.555,0.014,-2.370,1.734,-87.516,0.002,0.002,0.012,0.013,12,weighted_average,kalman(weighted_average),false
1788765575.425,84.151,-0.000,-2.371,1.724,-87.792,0.005,-2.365,1.720,-87.692,0.005,0.006,-0.005,0.009,12,weighted_average,kalman(weighted_average),false
1788765575.555,84.281,0.036,-2.299,1.784,-87.321,0.030,-2.305,1.769,-87.453,-0.006,-0.006,-0.015,0.017,12,weighted_average,kalman(weighted_average),false
1788765575.606,84.332,0.034,-2.291,1.776,-87.370,0.036,-2.288,1.781,-87.373,0.002,0.004,0.005,0.006,12,weighted_average,kalman(weighted_average),false
1788765575.652,84.378,0.038,-2.274,1.755,-87.365,0.040,-2.272,1.771,-87.338,0.002,0.002,0.016,0.016,12,weighted_average,kalman(weighted_average),false
1788765575.704,84.430,0.072,-2.244,1.749,-86.816,0.063,-2.247,1.760,-87.026,-0.009,-0.003,0.011,0.015,12,weighted_average,kalman(weighted_average),false
1788765575.841,84.567,0.020,-2.235,1.729,-87.717,0.030,-2.229,1.732,-87.483,0.010,0.006,0.003,0.012,12,weighted_average,kalman(weighted_average),false
1788765575.886,84.612,0.045,-2.210,1.748,-87.391,0.036,-2.215,1.739,-87.482,-0.010,-0.005,-0.009,0.014,12,weighted_average,kalman(weighted_average),false
1788765575.953,84.679,0.037,-2.206,1.743,-87.543,0.034,-2.205,1.740,-87.571,-0.003,0.001,-0.002,0.004,12,weighted_average,kalman(weighted_average),false
1788765576.007,84.733,0.074,-2.156,1.806,-86.935,0.058,-2.171,1.783,-87.246,-0.016,-0.014,-0.024,0.032,12,weighted_average,kalman(weighted_average),false
1788765576.135,84.861,0.065,-2.142,1.758,-87.126,0.068,-2.139,1.768,-87.118,0.002,0.003,0.010,0.011,12,weighted_average,kalman(weighted_average),false
1788765576.183,84.909,0.068,-2.115,1.738,-87.043,0.069,-2.119,1.745,-87.053,0.001,-0.004,0.008,0.009,12,weighted_average,kalman(weighted_average),false
1788765576.234,84.960,0.039,-2.110,1.761,-87.532,0.051,-2.107,1.750,-87.297,0.012,0.003,-0.011,0.016,12,weighted_average,kalman(weighted_average),false
1788765576.279,85.005,0.039,-2.110,1.761,-87.532,0.042,-2.104,1.755,-87.442,0.002,0.006,-0.007,0.009,12,weighted_average,kalman(weighted_average),false
1788765576.335,85.061,0.069,-2.075,1.745,-87.047,0.055,-2.082,1.748,-87.275,-0.014,-0.007,0.003,0.016,12,weighted_average,kalman(weighted_average),false
1788765576.460,85.187,0.023,-2.048,1.768,-87.812,0.029,-2.048,1.764,-87.678,0.006,0.000,-0.004,0.007,12,weighted_average,kalman(weighted_average),false
1788765576.510,85.236,0.055,-2.025,1.772,-87.282,0.043,-2.028,1.771,-87.491,-0.012,-0.003,-0.000,0.012,12,weighted_average,kalman(weighted_average),false
1788765576.561,85.287,0.032,-2.011,1.776,-87.624,0.036,-2.011,1.777,-87.576,0.004,-0.000,0.001,0.004,12,weighted_average,kalman(weighted_average),false
1788765576.612,85.339,0.028,-2.002,1.824,-87.702,0.030,-1.999,1.809,-87.666,0.002,0.003,-0.016,0.016,12,weighted_average,kalman(weighted_average),false
1788765576.744,85.470,0.043,-1.956,1.797,-87.417,0.039,-1.957,1.805,-87.509,-0.003,-0.001,0.008,0.009,12,weighted_average,kalman(weighted_average),false
1788765576.790,85.516,0.044,-1.935,1.808,-87.369,0.044,-1.937,1.806,-87.407,-0.000,-0.002,-0.002,0.003,12,weighted_average,kalman(weighted_average),false
1788765576.845,85.571,0.039,-1.935,1.752,-87.449,0.042,-1.929,1.771,-87.399,0.003,0.007,0.019,0.020,12,weighted_average,kalman(weighted_average),false
1788765576.893,85.619,0.036,-1.915,1.786,-87.476,0.039,-1.915,1.773,-87.420,0.003,-0.001,-0.012,0.013,12,weighted_average,kalman(weighted_average),false
1788765577.023,85.749,0.042,-1.872,1.767,-87.298,0.041,-1.873,1.765,-87.312,-0.001,-0.001,-0.002,0.003,12,weighted_average,kalman(weighted_average),false
1788765577.071,85.797,0.035,-1.868,1.763,-87.417,0.037,-1.865,1.763,-87.361,0.002,0.004,-0.000,0.004,12,weighted_average,kalman(weighted_average),false
1788765577.121,85.848,0.043,-1.857,1.752,-87.264,0.040,-1.855,1.755,-87.303,-0.002,0.002,0.003,0.005,12,weighted_average,kalman(weighted_average),false
1788765577.172,85.898,0.062,-1.828,1.776,-86.737,0.054,-1.834,1.766,-86.985,-0.008,-0.006,-0.010,0.014,12,weighted_average,kalman(weighted_average),false
1788765577.307,86.034,0.063,-1.811,1.707,-85.265,0.064,-1.809,1.716,-85.563,0.001,0.003,0.009,0.009,12,weighted_average,kalman(weighted_average),false
1788765577.362,86.089,0.061,-1.790,1.769,-84.456,0.063,-1.793,1.746,-84.658,0.002,-0.003,-0.023,0.023,12,weighted_average,kalman(weighted_average),false
1788765577.416,86.142,0.068,-1.778,1.739,-83.906,0.067,-1.779,1.742,-83.938,-0.001,-0.001,0.004,0.004,12,weighted_average,kalman(weighted_average),false
1788765577.459,86.185,0.067,-1.756,1.787,-83.099,0.068,-1.761,1.769,-83.237,0.001,-0.005,-0.019,0.020,12,weighted_average,kalman(weighted_average),false
1788765577.512,86.238,0.068,-1.760,1.767,-82.765,0.069,-1.754,1.773,-82.639,0.001,0.006,0.005,0.008,12,weighted_average,kalman(weighted_average),false
1788765577.640,86.367,-0.008,-1.790,1.831,-82.746,0.004,-1.780,1.826,-82.323,0.012,0.010,-0.006,0.017,12,weighted_average,kalman(weighted_average),false
1788765577.686,86.412,0.041,-1.737,1.768,-80.884,0.020,-1.755,1.794,-81.400,-0.021,-0.019,0.026,0.039,12,weighted_average,kalman(weighted_average),false
1788765577.735,86.462,0.045,-1.744,1.786,-80.503,0.032,-1.746,1.789,-80.702,-0.013,-0.003,0.002,0.013,12,weighted_average,kalman(weighted_average),false
1788765577.788,86.514,0.054,-1.746,1.776,-79.969,0.046,-1.744,1.780,-80.041,-0.008,0.002,0.004,0.009,12,weighted_average,kalman(weighted_average),false
1788765577.840,86.567,0.040,-1.744,1.755,-79.418,0.045,-1.742,1.762,-79.430,0.005,0.002,0.007,0.009,12,weighted_average,kalman(weighted_average),false
1788765577.968,86.694,0.071,-1.711,1.808,-77.190,0.069,-1.715,1.797,-77.372,-0.003,-0.003,-0.011,0.012,12,weighted_average,kalman(weighted_average),false
1788765578.019,86.745,0.072,-1.717,1.763,-76.863,0.074,-1.712,1.779,-76.753,0.002,0.004,0.016,0.017,12,weighted_average,kalman(weighted_average),false
1788765578.065,86.791,0.070,-1.711,1.803,-76.196,0.074,-1.709,1.793,-76.148,0.004,0.002,-0.009,0.010,12,weighted_average,kalman(weighted_average),false
1788765578.116,86.842,0.044,-1.726,1.801,-76.062,0.058,-1.717,1.800,-75.775,0.014,0.009,-0.000,0.016,12,weighted_average,kalman(weighted_average),false
1788765578.171,86.897,0.051,-1.723,1.819,-75.597,0.052,-1.721,1.815,-75.385,0.001,0.002,-0.004,0.005,12,weighted_average,kalman(weighted_average),false
1788765578.300,87.026,0.049,-1.727,1.807,-74.326,0.048,-1.727,1.812,-74.275,-0.001,0.000,0.005,0.005,12,weighted_average,kalman(weighted_average),false
1788765578.345,87.072,0.049,-1.729,1.782,-74.013,0.048,-1.729,1.791,-73.960,-0.001,0.000,0.010,0.010,12,weighted_average,kalman(weighted_average),false
1788765578.401,87.127,0.057,-1.728,1.784,-73.202,0.054,-1.729,1.782,-73.333,-0.003,-0.001,-0.001,0.004,12,weighted_average,kalman(weighted_average),false
1788765578.450,87.176,0.067,-1.715,1.811,-72.318,0.063,-1.721,1.796,-72.574,-0.004,-0.006,-0.015,0.017,12,weighted_average,kalman(weighted_average),false
1788765578.500,87.226,0.070,-1.716,1.781,-71.996,0.069,-1.717,1.787,-71.996,-0.001,-0.001,0.006,0.006,12,weighted_average,kalman(weighted_average),false
1788765578.628,87.354,0.059,-1.726,1.783,-70.968,0.063,-1.723,1.783,-70.861,0.004,0.003,-0.001,0.005,12,weighted_average,kalman(weighted_average),false
1788765578.674,87.400,0.040,-1.739,1.819,-70.988,0.046,-1.735,1.806,-70.765,0.007,0.005,-0.013,0.015,12,weighted_average,kalman(weighted_average),false
1788765578.725,87.452,0.060,-1.728,1.813,-69.933,0.052,-1.733,1.814,-70.146,-0.009,-0.005,0.001,0.010,12,weighted_average,kalman(weighted_average),false
1788765578.777,87.503,0.072,-1.719,1.812,-69.363,0.063,-1.726,1.816,-69.514,-0.009,-0.007,0.004,0.012,12,weighted_average,kalman(weighted_average),false
1788765578.828,87.555,0.044,-1.737,1.797,-69.270,0.053,-1.732,1.806,-69.143,0.009,0.005,0.010,0.014,12,weighted_average,kalman(weighted_average),false
1788765578.955,87.682,0.048,-1.740,1.822,-68.004,0.047,-1.740,1.819,-68.003,-0.000,0.001,-0.003,0.003,12,weighted_average,kalman(weighted_average),false
1788765579.001,87.728,0.089,-1.720,1.787,-66.918,0.074,-1.728,1.800,-67.187,-0.015,-0.008,0.013,0.021,12,weighted_average,kalman(weighted_average),false
1788765579.054,87.781,0.054,-1.735,1.798,-66.909,0.066,-1.731,1.797,-66.757,0.011,0.004,-0.002,0.012,12,weighted_average,kalman(weighted_average),false
1788765579.103,87.830,0.071,-1.725,1.820,-66.237,0.069,-1.728,1.809,-66.240,-0.001,-0.002,-0.011,0.011,12,weighted_average,kalman(weighted_average),false
1788765579.157,87.883,0.066,-1.730,1.797,-65.663,0.068,-1.728,1.803,-65.672,0.003,0.002,0.006,0.007,12,weighted_average,kalman(weighted_average),false
1788765579.282,88.009,0.071,-1.725,1.782,-64.416,0.071,-1.726,1.785,-64.398,-0.000,-0.000,0.003,0.003,12,weighted_average,kalman(weighted_average),false
1788765579.330,88.056,0.056,-1.738,1.783,-63.930,0.061,-1.733,1.781,-63.924,0.005,0.004,-0.002,0.007,12,weighted_average,kalman(weighted_average),false
1788765579.378,88.104,0.065,-1.725,1.822,-62.849,0.063,-1.729,1.804,-63.114,-0.003,-0.004,-0.018,0.018,12,weighted_average,kalman(weighted_average),false
1788765579.432,88.158,0.106,-1.615,1.877,-61.150,0.089,-1.658,1.852,-61.733,-0.017,-0.043,-0.025,0.053,8|12,weighted_average,kalman(weighted_average),false
1788765579.484,88.211,0.113,-1.608,1.901,-60.146,0.108,-1.615,1.892,-60.457,-0.005,-0.007,-0.009,0.012,8|12,weighted_average,kalman(weighted_average),false
1788765579.608,88.334,0.119,-1.600,1.889,-58.805,0.123,-1.588,1.902,-58.601,0.004,0.012,0.013,0.018,8|12,weighted_average,kalman(weighted_average),false
1788765579.654,88.380,0.118,-1.607,1.892,-58.183,0.121,-1.597,1.897,-58.061,0.004,0.010,0.004,0.011,8|12,weighted_average,kalman(weighted_average),false
1788765579.705,88.431,0.118,-1.604,1.894,-57.767,0.120,-1.601,1.894,-57.569,0.002,0.003,0.001,0.004,8|12,weighted_average,kalman(weighted_average),false
1788765579.756,88.482,0.122,-1.602,1.883,-57.332,0.122,-1.602,1.887,-57.147,-0.001,0.000,0.004,0.004,8|12,weighted_average,kalman(weighted_average),false
1788765579.806,88.532,0.126,-1.598,1.897,-56.478,0.125,-1.600,1.891,-56.532,-0.001,-0.002,-0.006,0.006,8|12,weighted_average,kalman(weighted_average),false
1788765579.931,88.657,0.110,-1.609,1.890,-55.414,0.113,-1.607,1.890,-55.334,0.003,0.002,0.000,0.003,8|12,weighted_average,kalman(weighted_average),false
1788765579.976,88.703,0.118,-1.600,1.895,-54.506,0.115,-1.604,1.893,-54.659,-0.003,-0.003,-0.002,0.005,8|12,weighted_average,kalman(weighted_average),false
1788765580.029,88.755,0.115,-1.605,1.889,-54.292,0.114,-1.604,1.891,-54.192,-0.001,0.000,0.002,0.002,8|12,weighted_average,kalman(weighted_average),false
1788765580.078,88.804,0.119,-1.606,1.902,-53.868,0.117,-1.605,1.897,-53.779,-0.003,0.000,-0.005,0.005,8|12,weighted_average,kalman(weighted_average),false
1788765580.129,88.855,0.074,-1.703,1.857,-54.843,0.091,-1.664,1.874,-54.100,0.017,0.039,0.017,0.045,12,weighted_average,kalman(weighted_average),false
1788765580.258,88.984,0.063,-1.716,1.852,-53.266,0.063,-1.718,1.852,-53.343,0.000,-0.002,0.000,0.002,12,weighted_average,kalman(weighted_average),false
1788765580.306,89.032,0.106,-1.617,1.892,-51.548,0.088,-1.657,1.876,-52.143,-0.018,-0.040,-0.016,0.046,8|12,weighted_average,kalman(weighted_average),false
1788765580.355,89.081,0.060,-1.720,1.867,-52.191,0.072,-1.690,1.873,-51.900,0.013,0.029,0.006,0.032,12,weighted_average,kalman(weighted_average),false
1788765580.410,89.136,0.105,-1.614,1.913,-50.363,0.091,-1.645,1.899,-50.812,-0.014,-0.031,-0.014,0.037,8|12,weighted_average,kalman(weighted_average),false
1788765580.459,89.186,0.108,-1.621,1.912,-49.606,0.104,-1.624,1.912,-49.854,-0.004,-0.003,-0.000,0.005,8|12,weighted_average,kalman(weighted_average),false
1788765580.589,89.315,0.093,-1.635,1.891,-48.335,0.098,-1.626,1.899,-48.216,0.005,0.009,0.008,0.013,8|12,weighted_average,kalman(weighted_average),false
1788765580.636,89.363,0.018,-1.757,1.806,-49.962,0.043,-1.715,1.835,-49.030,0.025,0.043,0.029,0.057,12,weighted_average,kalman(weighted_average),false
1788765580.686,89.412,0.089,-1.634,1.894,-47.099,0.062,-1.680,1.860,-47.900,-0.027,-0.046,-0.034,0.063,8|12,weighted_average,kalman(weighted_average),false
1788765580.741,89.467,0.084,-1.643,1.865,-46.913,0.074,-1.660,1.860,-47.110,-0.011,-0.016,-0.005,0.020,8|12,weighted_average,kalman(weighted_average),false
1788765580.864,89.590,0.048,-1.634,1.866,-46.318,0.053,-1.636,1.864,-46.163,0.005,-0.002,-0.002,0.006,8|11|12,weighted_average,kalman(weighted_average),false
1788765580.910,89.636,0.030,-1.625,1.863,-45.933,0.035,-1.625,1.864,-45.873,0.005,-0.001,0.001,0.005,11,weighted_average,kalman(weighted_average),false
1788765580.966,89.693,0.044,-1.639,1.865,-45.202,0.036,-1.630,1.865,-45.304,-0.008,0.009,0.000,0.012,8|11|12,weighted_average,kalman(weighted_average),false
1788765581.020,89.747,0.040,-1.638,1.875,-44.898,0.036,-1.634,1.872,-44.872,-0.004,0.004,-0.003,0.007,8|11|12,weighted_average,kalman(weighted_average),false
1788765581.075,89.801,0.028,-1.655,1.860,-44.512,0.030,-1.647,1.865,-44.467,0.002,0.008,0.006,0.010,11|12,weighted_average,kalman(weighted_average),false
1788765581.198,89.924,0.039,-1.629,1.873,-42.468,0.036,-1.635,1.871,-42.720,-0.003,-0.005,-0.002,0.006,8|11,weighted_average,kalman(weighted_average),false
1788765581.243,89.970,0.017,-1.647,1.847,-42.354,0.025,-1.641,1.856,-42.256,0.007,0.006,0.009,0.013,11,weighted_average,kalman(weighted_average),false
1788765581.296,90.022,0.035,-1.635,1.868,-41.338,0.030,-1.637,1.861,-41.456,-0.005,-0.002,-0.006,0.008,8|11,weighted_average,kalman(weighted_average),false
1788765581.344,90.071,0.014,-1.653,1.839,-41.185,0.021,-1.646,1.848,-41.008,0.006,0.007,0.009,0.013,11,weighted_average,kalman(weighted_average),false
1788765581.397,90.124,0.027,-1.640,1.871,-40.253,0.023,-1.643,1.859,-40.310,-0.004,-0.003,-0.012,0.013,8|11,weighted_average,kalman(weighted_average),false
1788765581.523,90.249,0.002,-1.657,1.854,-39.239,0.005,-1.655,1.855,-39.120,0.003,0.002,0.002,0.004,11,weighted_average,kalman(weighted_average),false
1788765581.569,90.296,0.022,-1.647,1.865,-38.246,0.014,-1.651,1.861,-38.413,-0.008,-0.004,-0.004,0.010,8|11,weighted_average,kalman(weighted_average),false
1788765581.618,90.345,-0.003,-1.661,1.851,-38.092,0.003,-1.658,1.855,-37.979,0.006,0.003,0.004,0.008,11,weighted_average,kalman(weighted_average),false
1788765581.669,90.395,0.016,-1.654,1.864,-37.160,0.009,-1.657,1.860,-37.291,-0.007,-0.003,-0.004,0.009,8|11,weighted_average,kalman(weighted_average),false
1788765581.720,90.447,-0.001,-1.654,1.859,-36.684,0.003,-1.656,1.860,-36.684,0.004,-0.002,0.001,0.004,10|11,weighted_average,kalman(weighted_average),false
1788765581.842,90.568,-0.013,-1.671,1.856,-35.842,-0.011,-1.669,1.857,-35.693,0.002,0.002,0.001,0.003,11,weighted_average,kalman(weighted_average),false
1788765581.889,90.615,0.004,-1.667,1.868,-34.636,-0.003,-1.669,1.864,-34.896,-0.007,-0.002,-0.004,0.008,8|11,weighted_average,kalman(weighted_average),false
1788765581.943,90.669,0.003,-1.666,1.872,-34.221,0.001,-1.669,1.870,-34.244,-0.002,-0.003,-0.002,0.004,8|11,weighted_average,kalman(weighted_average),false
1788765581.988,90.714,0.001,-1.670,1.869,-33.489,0.001,-1.670,1.871,-33.600,0.001,-0.000,0.002,0.002,8|11,weighted_average,kalman(weighted_average),false
1788765582.045,90.771,0.003,-1.663,1.872,-33.000,0.003,-1.666,1.873,-32.947,0.000,-0.003,0.001,0.003,8|10|11,weighted_average,kalman(weighted_average),false
1788765582.166,90.893,-0.004,-1.678,1.865,-31.715,-0.002,-1.675,1.867,-31.654,0.002,0.002,0.002,0.004,8|11,weighted_average,kalman(weighted_average),false
1788765582.213,90.939,-0.004,-1.671,1.870,-31.219,-0.004,-1.673,1.868,-31.191,-0.000,-0.003,-0.002,0.003,8|10|11,weighted_average,kalman(weighted_average),false
1788765582.264,90.991,-0.028,-1.695,1.844,-31.290,-0.020,-1.687,1.853,-31.005,0.008,0.007,0.009,0.014,11,weighted_average,kalman(weighted_average),false
1788765582.314,91.041,-0.026,-1.684,1.859,-30.385,-0.027,-1.688,1.853,-30.488,-0.001,-0.004,-0.005,0.007,10|11,weighted_average,kalman(weighted_average),false
1788765582.364,91.090,-0.032,-1.699,1.848,-30.285,-0.033,-1.696,1.849,-30.175,-0.001,0.003,0.000,0.003,11,weighted_average,kalman(weighted_average),false
1788765582.491,91.217,-0.036,-1.695,1.859,-28.681,-0.038,-1.698,1.856,-28.799,-0.002,-0.003,-0.003,0.005,11,weighted_average,kalman(weighted_average),false
1788765582.538,91.264,-0.042,-1.698,1.862,-28.538,-0.041,-1.698,1.861,-28.445,0.001,0.000,-0.001,0.001,11,weighted_average,kalman(weighted_average),false
1788765582.589,91.315,-0.012,-1.676,1.870,-26.996,-0.024,-1.684,1.868,-27.414,-0.011,-0.008,-0.002,0.014,8|10|11,weighted_average,kalman(weighted_average),false
1788765582.639,91.366,-0.042,-1.699,1.861,-27.565,-0.032,-1.691,1.865,-27.184,0.010,0.008,0.005,0.014,11,weighted_average,kalman(weighted_average),false
1788765582.689,91.415,-0.039,-1.698,1.856,-27.121,-0.036,-1.695,1.860,-26.908,0.002,0.003,0.005,0.006,11,weighted_average,kalman(weighted_average),false
1788765582.810,91.536,-0.017,-1.686,1.865,-25.033,-0.021,-1.688,1.864,-25.251,-0.004,-0.002,-0.001,0.005,8|11,weighted_average,kalman(weighted_average),false
1788765582.857,91.583,-0.037,-1.696,1.849,-24.862,-0.030,-1.692,1.855,-24.773,0.008,0.004,0.006,0.010,11,weighted_average,kalman(weighted_average),false
1788765582.906,91.632,-0.017,-1.685,1.863,-23.903,-0.022,-1.688,1.859,-24.029,-0.005,-0.003,-0.004,0.007,8|11,weighted_average,kalman(weighted_average),false
1788765582.956,91.683,-0.022,-1.679,1.871,-23.596,-0.021,-1.682,1.866,-23.489,0.001,-0.003,-0.005,0.006,8|10|11,weighted_average,kalman(weighted_average),false
1788765583.007,91.734,-0.016,-1.675,1.864,-22.616,-0.017,-1.676,1.867,-22.736,-0.001,-0.002,0.002,0.003,8|10|11,weighted_average,kalman(weighted_average),false
1788765583.133,91.860,-0.027,-1.683,1.863,-21.430,-0.024,-1.680,1.864,-21.343,0.003,0.003,0.001,0.004,8|11,weighted_average,kalman(weighted_average),false
1788765583.176,91.903,-0.023,-1.680,1.858,-20.560,-0.024,-1.681,1.860,-20.683,-0.001,-0.001,0.002,0.002,8|11,weighted_average,kalman(weighted_average),false
1788765583.230,91.957,-0.039,-1.677,1.854,-20.535,-0.034,-1.679,1.855,-20.303,0.004,-0.002,0.001,0.005,10|11,weighted_average,kalman(weighted_average),false
1788765583.280,92.006,-0.049,-1.689,1.843,-20.094,-0.046,-1.685,1.847,-19.953,0.004,0.004,0.003,0.006,11,weighted_average,kalman(weighted_average),false
1788765583.335,92.061,-0.039,-1.672,1.854,-19.345,-0.045,-1.678,1.849,-19.391,-0.006,-0.006,-0.005,0.010,10|11,weighted_average,kalman(weighted_average),false
1788765583.456,92.182,-0.035,-1.670,1.863,-17.991,-0.038,-1.671,1.860,-18.052,-0.003,-0.001,-0.003,0.004,8|11,weighted_average,kalman(weighted_average),false
1788765583.505,92.231,-0.030,-1.659,1.854,-17.046,-0.032,-1.662,1.858,-17.237,-0.002,-0.003,0.003,0.005,8|10|11,weighted_average,kalman(weighted_average),false
1788765583.558,92.284,-0.041,-1.669,1.862,-16.998,-0.036,-1.665,1.861,-16.805,0.005,0.005,-0.001,0.007,8|11,weighted_average,kalman(weighted_average),false
1788765583.611,92.338,-0.040,-1.660,1.855,-16.161,-0.038,-1.661,1.858,-16.183,0.002,-0.001,0.003,0.004,8|10|11,weighted_average,kalman(weighted_average),false
1788765583.658,92.384,-0.066,-1.683,1.835,-16.290,-0.055,-1.673,1.844,-15.985,0.011,0.010,0.010,0.018,11,weighted_average,kalman(weighted_average),false
1788765583.776,92.502,-0.072,-1.681,1.834,-15.201,-0.072,-1.681,1.833,-15.126,-0.000,-0.000,-0.001,0.001,11,weighted_average,kalman(weighted_average),false
1788765583.825,92.551,-0.079,-1.680,1.843,-14.500,-0.079,-1.681,1.838,-14.600,-0.000,-0.001,-0.005,0.005,11,weighted_average,kalman(weighted_average),false
1788765583.876,92.603,-0.072,-1.676,1.832,-13.928,-0.077,-1.679,1.834,-14.029,-0.005,-0.003,0.002,0.006,11,weighted_average,kalman(weighted_average),false
1788765583.926,92.652,-0.083,-1.677,1.845,-13.321,-0.082,-1.678,1.840,-13.430,0.001,-0.001,-0.005,0.005,11,weighted_average,kalman(weighted_average),false
1788765583.983,92.710,-0.079,-1.677,1.832,-12.842,-0.082,-1.677,1.836,-12.835,-0.003,-0.000,0.003,0.004,11,weighted_average,kalman(weighted_average),false
1788765584.105,92.831,-0.084,-1.672,1.834,-11.138,-0.084,-1.673,1.834,-11.247,-0.000,-0.001,-0.000,0.001,11,weighted_average,kalman(weighted_average),false
1788765584.153,92.880,-0.088,-1.673,1.832,-10.459,-0.087,-1.672,1.832,-10.527,0.001,0.001,0.001,0.001,11,weighted_average,kalman(weighted_average),false
1788765584.203,92.929,-0.068,-1.610,1.840,-9.025,-0.076,-1.633,1.837,-9.401,-0.008,-0.023,-0.003,0.025,9|11,weighted_average,kalman(weighted_average),false
1788765584.254,92.980,-0.090,-1.669,1.829,-9.135,-0.083,-1.648,1.833,-8.861,0.007,0.021,0.004,0.023,11,weighted_average,kalman(weighted_average),false
1788765584.306,93.032,-0.072,-1.607,1.843,-7.804,-0.076,-1.622,1.838,-7.947,-0.005,-0.015,-0.004,0.016,9|11,weighted_average,kalman(weighted_average),false
1788765584.432,93.158,-0.073,-1.608,1.836,-6.306,-0.072,-1.605,1.837,-6.225,0.000,0.003,0.001,0.003,9|11,weighted_average,kalman(weighted_average),false
1788765584.475,93.202,-0.074,-1.606,1.836,-5.863,-0.073,-1.604,1.836,-5.765,0.001,0.002,0.000,0.003,9|11,weighted_average,kalman(weighted_average),false
1788765584.526,93.252,-0.073,-1.602,1.840,-4.948,-0.073,-1.601,1.838,-5.023,0.000,0.001,-0.002,0.002,9|10|11,weighted_average,kalman(weighted_average),false
1788765584.576,93.302,-0.078,-1.602,1.836,-4.633,-0.076,-1.600,1.837,-4.498,0.002,0.002,0.001,0.003,9|11,weighted_average,kalman(weighted_average),false
1788765584.631,93.358,-0.080,-1.604,1.842,-3.967,-0.079,-1.602,1.840,-3.895,0.001,0.003,-0.002,0.003,9|11,weighted_average,kalman(weighted_average),false
1788765584.752,93.478,-0.106,-1.663,1.821,-3.334,-0.102,-1.653,1.824,-3.114,0.004,0.010,0.004,0.012,11,weighted_average,kalman(weighted_average),false
1788765584.797,93.523,-0.047,-1.471,1.868,0.089,-0.069,-1.541,1.851,-1.088,-0.022,-0.069,-0.017,0.075,9,weighted_average,kalman(weighted_average),false
1788765584.849,93.576,-0.049,-1.515,1.855,0.387,-0.053,-1.510,1.857,0.189,-0.004,0.005,0.002,0.006,9|10,weighted_average,kalman(weighted_average),false
1788765584.896,93.623,-0.052,-1.474,1.875,1.201,-0.048,-1.476,1.870,1.197,0.004,-0.002,-0.005,0.006,9,weighted_average,kalman(weighted_average),false
1788765584.950,93.677,-0.052,-1.477,1.866,1.926,-0.047,-1.462,1.872,2.127,0.006,0.015,0.006,0.017,9,weighted_average,kalman(weighted_average),false
1788765585.093,93.819,-0.056,-1.483,1.870,3.375,-0.053,-1.472,1.872,3.696,0.003,0.011,0.002,0.012,9,weighted_average,kalman(weighted_average),false
1788765585.142,93.868,-0.051,-1.491,1.857,3.547,-0.053,-1.488,1.862,3.811,-0.002,0.003,0.004,0.006,9,weighted_average,kalman(weighted_average),false
1788765585.192,93.919,-0.059,-1.491,1.875,4.385,-0.057,-1.494,1.868,4.312,0.002,-0.003,-0.007,0.008,9,weighted_average,kalman(weighted_average),false
1788765585.246,93.972,-0.053,-1.499,1.867,4.525,-0.056,-1.501,1.867,4.638,-0.003,-0.002,0.001,0.004,9,weighted_average,kalman(weighted_average),false
1788765585.297,94.023,-0.064,-1.492,1.885,5.611,-0.061,-1.499,1.878,5.340,0.003,-0.007,-0.007,0.010,9,weighted_average,kalman(weighted_average),false
1788765585.432,94.158,-0.058,-1.503,1.860,7.063,-0.060,-1.504,1.864,6.977,-0.001,-0.001,0.004,0.004,9,weighted_average,kalman(weighted_average),false
1788765585.476,94.202,-0.059,-1.504,1.863,7.484,-0.059,-1.504,1.862,7.491,-0.000,-0.000,-0.002,0.002,9,weighted_average,kalman(weighted_average),false
1788765585.526,94.253,-0.067,-1.502,1.874,8.560,-0.064,-1.503,1.868,8.356,0.003,-0.001,-0.007,0.007,9,weighted_average,kalman(weighted_average),false
1788765585.574,94.300,-0.067,-1.552,1.870,8.330,-0.066,-1.533,1.869,8.652,0.001,0.020,-0.001,0.020,9|10,weighted_average,kalman(weighted_average),false
1788765585.623,94.349,-0.073,-1.501,1.888,9.622,-0.071,-1.519,1.880,9.417,0.002,-0.018,-0.007,0.020,9,weighted_average,kalman(weighted_average),false
1788765585.752,94.479,-0.063,-1.523,1.865,11.045,-0.065,-1.523,1.869,11.049,-0.003,-0.000,0.004,0.005,9,weighted_average,kalman(weighted_average),false
1788765585.800,94.526,-0.082,-1.507,1.888,12.667,-0.076,-1.513,1.880,12.268,0.006,-0.006,-0.008,0.012,9,weighted_average,kalman(weighted_average),false
1788765585.848,94.575,-0.065,-1.546,1.871,12.560,-0.070,-1.532,1.875,12.798,-0.005,0.014,0.004,0.015,9,weighted_average,kalman(weighted_average),false
1788765585.900,94.626,-0.082,-1.532,1.896,13.617,-0.077,-1.534,1.887,13.594,0.005,-0.003,-0.009,0.010,9,weighted_average,kalman(weighted_average),false
1788765585.952,94.678,-0.082,-1.532,1.896,13.617,-0.081,-1.534,1.894,13.975,0.001,-0.003,-0.001,0.003,9,weighted_average,kalman(weighted_average),false
1788765586.081,94.808,-0.073,-1.566,1.874,15.984,-0.075,-1.562,1.879,15.886,-0.003,0.004,0.005,0.007,9,weighted_average,kalman(weighted_average),false
1788765586.130,94.856,-0.061,-1.593,1.863,15.739,-0.065,-1.586,1.866,16.073,-0.004,0.006,0.003,0.008,9,weighted_average,kalman(weighted_average),false
1788765586.180,94.907,-0.077,-1.579,1.883,17.384,-0.070,-1.588,1.873,17.046,0.007,-0.009,-0.010,0.015,9,weighted_average,kalman(weighted_average),false
1788765586.230,94.957,-0.066,-1.610,1.874,17.027,-0.067,-1.606,1.873,17.357,-0.001,0.005,-0.001,0.005,9,weighted_average,kalman(weighted_average),false
1788765586.277,95.004,-0.075,-1.597,1.877,18.586,-0.071,-1.606,1.875,18.243,0.004,-0.009,-0.002,0.010,9,weighted_average,kalman(weighted_average),false
1788765586.396,95.122,-0.072,-1.631,1.895,19.391,-0.072,-1.630,1.891,19.519,0.000,0.001,-0.004,0.004,9,weighted_average,kalman(weighted_average),false
1788765586.442,95.168,-0.055,-1.660,1.857,19.615,-0.061,-1.653,1.871,19.787,-0.006,0.007,0.014,0.017,9,weighted_average,kalman(weighted_average),false
1788765586.494,95.221,-0.067,-1.654,1.887,20.473,-0.063,-1.660,1.879,20.391,0.004,-0.006,-0.008,0.010,9,weighted_average,kalman(weighted_average),false
1788765586.543,95.270,-0.061,-1.672,1.878,21.096,-0.061,-1.672,1.879,21.000,-0.000,0.000,0.001,0.001,9,weighted_average,kalman(weighted_average),false
1788765586.594,95.321,-0.071,-1.659,1.892,22.113,-0.066,-1.669,1.887,21.851,0.004,-0.010,-0.005,0.012,9,weighted_average,kalman(weighted_average),false
1788765586.710,95.436,-0.057,-1.688,1.867,23.548,-0.060,-1.687,1.872,23.493,-0.002,0.001,0.005,0.006,9,weighted_average,kalman(weighted_average),false
1788765586.761,95.488,-0.055,-1.706,1.871,23.593,-0.056,-1.702,1.869,23.840,-0.000,0.004,-0.002,0.004,9,weighted_average,kalman(weighted_average),false
1788765586.807,95.534,-0.054,-1.704,1.863,24.750,-0.054,-1.707,1.864,24.572,0.001,-0.003,0.001,0.003,9,weighted_average,kalman(weighted_average),false
1788765586.861,95.587,-0.049,-1.727,1.862,24.628,-0.049,-1.723,1.861,24.918,-0.001,0.004,-0.001,0.004,9,weighted_average,kalman(weighted_average),false
1788765586.912,95.638,-0.056,-1.717,1.871,26.084,-0.052,-1.724,1.865,25.785,0.004,-0.007,-0.006,0.010,9,weighted_average,kalman(weighted_average),false
1788765587.043,95.769,-0.050,-1.741,1.861,26.987,-0.050,-1.741,1.861,27.095,-0.000,-0.000,0.001,0.001,9,weighted_average,kalman(weighted_average),false
1788765587.093,95.819,-0.058,-1.746,1.882,28.009,-0.055,-1.746,1.875,27.852,0.003,-0.001,-0.007,0.008,9,weighted_average,kalman(weighted_average),false
1788765587.141,95.867,-0.048,-1.788,1.875,27.775,-0.051,-1.775,1.877,28.067,-0.004,0.014,0.002,0.014,9,weighted_average,kalman(weighted_average),false
1788765587.195,95.921,-0.060,-1.768,1.897,28.973,-0.056,-1.777,1.891,28.793,0.004,-0.009,-0.006,0.012,9,weighted_average,kalman(weighted_average),false
1788765587.246,95.972,-0.052,-1.792,1.880,29.229,-0.055,-1.790,1.888,29.285,-0.002,0.002,0.007,0.008,9,weighted_average,kalman(weighted_average),false
1788765587.371,96.097,-0.059,-1.786,1.877,31.419,-0.058,-1.791,1.880,31.215,0.000,-0.005,0.003,0.006,9,weighted_average,kalman(weighted_average),false
1788765587.417,96.143,-0.058,-1.807,1.878,31.297,-0.059,-1.802,1.878,31.540,-0.000,0.006,-0.001,0.006,9,weighted_average,kalman(weighted_average),false
1788765587.466,96.192,-0.128,-1.935,1.857,30.029,-0.102,-1.886,1.864,30.974,0.026,0.048,0.007,0.055,9|17,weighted_average,kalman(weighted_average),false
1788765587.517,96.244,-0.059,-1.822,1.879,32.123,-0.084,-1.863,1.870,31.682,-0.025,-0.041,-0.009,0.049,9,weighted_average,kalman(weighted_average),false
1788765587.568,96.294,-0.054,-1.820,1.859,32.500,-0.067,-1.842,1.863,32.290,-0.013,-0.022,0.004,0.026,9,weighted_average,kalman(weighted_average),false
1788765587.680,96.407,-0.192,-2.018,1.856,31.108,-0.166,-1.984,1.856,31.729,0.026,0.034,-0.000,0.043,17,weighted_average,kalman(weighted_average),false
1788765587.729,96.456,-0.192,-2.018,1.856,31.108,-0.197,-2.027,1.855,31.321,-0.005,-0.008,-0.001,0.010,17,weighted_average,kalman(weighted_average),false
1788765587.781,96.507,-0.195,-2.018,1.855,31.528,-0.210,-2.042,1.854,31.340,-0.015,-0.023,-0.001,0.028,17,weighted_average,kalman(weighted_average),false
1788765587.831,96.557,-0.198,-2.017,1.856,32.679,-0.213,-2.041,1.855,31.995,-0.015,-0.023,-0.001,0.028,17,weighted_average,kalman(weighted_average),false
1788765587.883,96.609,-0.198,-2.017,1.856,32.679,-0.211,-2.035,1.855,32.429,-0.012,-0.017,-0.001,0.021,17,weighted_average,kalman(weighted_average),false
1788765587.996,96.723,-0.195,-2.020,1.847,33.565,-0.202,-2.026,1.848,33.404,-0.006,-0.006,0.002,0.009,17,weighted_average,kalman(weighted_average),false
1788765588.048,96.774,-0.195,-2.020,1.847,33.565,-0.196,-2.021,1.846,33.662,-0.001,-0.001,-0.001,0.001,17,weighted_average,kalman(weighted_average),false
1788765588.097,96.823,-0.195,-2.016,1.835,34.650,-0.194,-2.016,1.838,34.355,0.001,-0.000,0.003,0.003,17,weighted_average,kalman(weighted_average),false
1788765588.145,96.871,-0.195,-2.020,1.843,34.859,-0.193,-2.017,1.839,34.835,0.002,0.003,-0.004,0.005,17,weighted_average,kalman(weighted_average),false
1788765588.200,96.926,-0.198,-2.017,1.856,32.679,-0.195,-2.016,1.848,33.929,0.003,0.001,-0.008,0.008,17,weighted_average,kalman(weighted_average),false
1788765588.517,97.244,-0.206,-1.986,1.826,40.883,-0.205,-1.987,1.828,40.147,0.001,-0.001,0.002,0.002,17|18,weighted_average,kalman(weighted_average),false
1788765588.630,97.356,-0.205,-1.987,1.829,41.148,-0.206,-1.984,1.826,41.834,-0.001,0.003,-0.003,0.004,17|18,weighted_average,kalman(weighted_average),false
1788765588.679,97.405,-0.202,-1.979,1.824,41.911,-0.204,-1.980,1.824,42.297,-0.001,-0.001,-0.000,0.002,17|18,weighted_average,kalman(weighted_average),false
1788765588.730,97.456,-0.201,-1.976,1.831,42.143,-0.202,-1.976,1.828,42.602,-0.001,-0.000,-0.003,0.003,17|18,weighted_average,kalman(weighted_average),false
1788765588.778,97.504,-0.191,-1.975,1.822,41.949,-0.195,-1.974,1.825,42.553,-0.004,0.000,0.002,0.005,17|18,weighted_average,kalman(weighted_average),false
1788765588.831,97.557,-0.191,-1.975,1.822,41.949,-0.191,-1.973,1.823,42.439,0.000,0.001,0.001,0.001,17|18,weighted_average,kalman(weighted_average),false
1788765588.944,97.671,-0.182,-1.961,1.822,42.313,-0.182,-1.963,1.821,42.488,-0.000,-0.001,-0.000,0.001,17|18,weighted_average,kalman(weighted_average),false
1788765589.000,97.727,-0.182,-1.961,1.822,42.313,-0.180,-1.960,1.821,42.406,0.001,0.001,-0.000,0.002,17|18,weighted_average,kalman(weighted_average),false
1788765589.045,97.772,-0.180,-1.959,1.821,42.661,-0.179,-1.958,1.821,42.548,0.001,0.001,-0.000,0.001,17|18,weighted_average,kalman(weighted_average),false
1788765589.094,97.820,-0.174,-1.951,1.814,43.742,-0.175,-1.953,1.817,43.197,-0.002,-0.002,0.003,0.004,17|18,weighted_average,kalman(weighted_average),false
1788765589.149,97.875,-0.166,-1.950,1.816,44.307,-0.169,-1.949,1.816,43.927,-0.002,0.001,-0.001,0.002,17|18,weighted_average,kalman(weighted_average),false
1788765589.259,97.985,-0.163,-1.946,1.821,45.053,-0.162,-1.945,1.819,44.993,0.001,0.001,-0.002,0.002,17|18,weighted_average,kalman(weighted_average),false
1788765589.306,98.032,-0.157,-1.939,1.815,45.407,-0.158,-1.941,1.817,45.421,-0.001,-0.001,0.002,0.003,17|18,weighted_average,kalman(weighted_average),false
1788765589.365,98.091,-0.157,-1.939,1.815,45.407,-0.156,-1.938,1.815,45.643,0.001,0.001,0.001,0.002,17|18,weighted_average,kalman(weighted_average),false
1788765589.413,98.139,-0.157,-1.939,1.815,45.407,-0.155,-1.938,1.815,45.672,0.001,0.001,-0.000,0.002,17|18,weighted_average,kalman(weighted_average),false
1788765589.462,98.188,-0.157,-1.939,1.815,45.407,-0.156,-1.938,1.815,45.649,0.001,0.001,-0.000,0.002,17|18,weighted_average,kalman(weighted_average),false
1788765589.593,98.320,-0.157,-1.939,1.815,45.407,-0.156,-1.939,1.815,45.556,0.001,0.001,-0.000,0.001,17|18,weighted_average,kalman(weighted_average),false
1788765589.632,98.359,-0.157,-1.939,1.815,45.407,-0.157,-1.939,1.815,45.464,0.000,0.000,-0.000,0.000,17|18,weighted_average,kalman(weighted_average),false
1788765589.683,98.409,-0.106,-1.908,1.717,45.906,-0.125,-1.920,1.754,45.685,-0.020,-0.012,0.037,0.044,18,weighted_average,kalman(weighted_average),false
1788765589.739,98.465,-0.106,-1.908,1.717,45.906,-0.107,-1.909,1.720,45.833,-0.001,-0.001,0.002,0.003,18,weighted_average,kalman(weighted_average),false
1788765589.859,98.585,-0.135,-1.915,1.810,48.519,-0.125,-1.910,1.784,47.896,0.011,0.005,-0.026,0.029,17|18,weighted_average,kalman(weighted_average),false
1788765591.594,100.320,-0.041,-1.782,1.804,56.425,-0.046,-1.788,1.808,55.956,-0.005,-0.006,0.004,0.009,17|18,weighted_average,kalman(weighted_average),false
1788765591.640,100.366,-0.042,-1.786,1.806,56.413,-0.035,-1.774,1.806,57.010,0.008,0.012,0.000,0.014,17|18,weighted_average,kalman(weighted_average),false
1788765591.752,100.479,-0.042,-1.787,1.804,56.410,-0.033,-1.774,1.804,57.522,0.009,0.013,-0.000,0.016,17|18,weighted_average,kalman(weighted_average),false
1788765591.803,100.529,-0.043,-1.792,1.810,56.344,-0.040,-1.786,1.807,57.028,0.004,0.006,-0.002,0.008,17|18,weighted_average,kalman(weighted_average),false
1788765591.856,100.582,-0.046,-1.792,1.805,56.413,-0.044,-1.791,1.806,56.771,0.002,0.001,0.001,0.002,17|18,weighted_average,kalman(weighted_average),false
1788765591.906,100.633,-0.045,-1.797,1.812,56.311,-0.046,-1.796,1.810,56.539,-0.001,0.000,-0.002,0.002,17|18,weighted_average,kalman(weighted_average),false
1788765591.955,100.681,-0.045,-1.795,1.811,56.340,-0.046,-1.797,1.811,56.409,-0.001,-0.003,0.000,0.003,17|18,weighted_average,kalman(weighted_average),false
1788765592.070,100.796,-0.048,-1.801,1.815,56.307,-0.048,-1.802,1.815,56.282,-0.000,-0.001,-0.000,0.001,17|18,weighted_average,kalman(weighted_average),false
1788765592.122,100.849,-0.049,-1.801,1.818,56.321,-0.049,-1.802,1.817,56.280,-0.000,-0.001,-0.000,0.001,17|18,weighted_average,kalman(weighted_average),false
1788765592.172,100.898,-0.049,-1.800,1.817,56.361,-0.049,-1.801,1.818,56.308,-0.000,-0.001,0.001,0.001,17|18,weighted_average,kalman(weighted_average),false
1788765592.224,100.951,-0.051,-1.804,1.814,56.349,-0.051,-1.803,1.816,56.323,0.000,0.001,0.002,0.002,17|18,weighted_average,kalman(weighted_average),false
1788765592.274,101.000,-0.053,-1.804,1.817,56.395,-0.052,-1.804,1.816,56.359,0.000,0.000,-0.000,0.000,17|18,weighted_average,kalman(weighted_average),false
1788765592.395,101.122,-0.055,-1.805,1.818,56.418,-0.055,-1.805,1.818,56.409,-0.000,-0.000,-0.000,0.000,17|18,weighted_average,kalman(weighted_average),false
1788765592.440,101.167,-0.055,-1.808,1.818,56.411,-0.055,-1.807,1.818,56.417,-0.000,0.001,0.000,0.001,17|18,weighted_average,kalman(weighted_average),false
1788765592.490,101.217,-0.055,-1.809,1.819,56.412,-0.055,-1.808,1.819,56.421,-0.000,0.000,-0.000,0.000,17|18,weighted_average,kalman(weighted_average),false
1788765592.543,101.269,-0.060,-1.809,1.814,56.556,-0.058,-1.810,1.816,56.500,0.001,-0.000,0.002,0.002,17|18,weighted_average,kalman(weighted_average),false
1788765592.593,101.319,-0.059,-1.811,1.816,56.536,-0.059,-1.811,1.816,56.536,-0.000,0.000,-0.000,0.000,17|18,weighted_average,kalman(weighted_average),false
1788765592.715,101.442,-0.057,-1.812,1.813,56.571,-0.058,-1.812,1.813,56.584,-0.001,-0.000,0.000,0.001,17|18,weighted_average,kalman(weighted_average),false
1788765592.762,101.488,-0.057,-1.815,1.814,56.538,-0.057,-1.814,1.813,56.565,-0.000,0.000,-0.001,0.001,17|18,weighted_average,kalman(weighted_average),false
1788765592.812,101.538,-0.056,-1.816,1.813,56.530,-0.056,-1.816,1.813,56.549,0.000,0.000,0.000,0.000,17|18,weighted_average,kalman(weighted_average),false
1788765592.863,101.590,-0.055,-1.816,1.817,56.552,-0.056,-1.817,1.815,56.550,-0.000,-0.000,-0.002,0.002,17|18,weighted_average,kalman(weighted_average),false
1788765592.914,101.640,-0.056,-1.819,1.813,56.538,-0.055,-1.818,1.814,56.544,0.000,0.000,0.001,0.001,17|18,weighted_average,kalman(weighted_average),false
1788765593.030,101.756,-0.053,-1.816,1.811,56.580,-0.053,-1.817,1.812,56.568,-0.000,-0.001,0.000,0.001,17|18,weighted_average,kalman(weighted_average),false
1788765593.080,101.806,-0.053,-1.818,1.812,56.585,-0.053,-1.818,1.811,56.582,0.000,0.000,-0.000,0.001,17|18,weighted_average,kalman(weighted_average),false
1788765593.127,101.853,-0.052,-1.823,1.814,56.492,-0.052,-1.821,1.813,56.537,0.000,0.002,-0.001,0.002,17|18,weighted_average,kalman(weighted_average),false
1788765593.175,101.901,-0.053,-1.826,1.809,56.492,-0.052,-1.825,1.810,56.509,0.001,0.001,0.002,0.002,17|18,weighted_average,kalman(weighted_average),false
1788765593.230,101.957,-0.053,-1.826,1.809,56.492,-0.053,-1.826,1.809,56.492,0.000,-0.001,0.000,0.001,17|18,weighted_average,kalman(weighted_average),false
1788765593.356,102.082,-0.049,-1.820,1.805,56.513,-0.049,-1.822,1.805,56.498,-0.001,-0.002,0.000,0.002,17|18,weighted_average,kalman(weighted_average),false
1788765593.402,102.128,-0.049,-1.820,1.805,56.513,-0.048,-1.820,1.805,56.507,0.000,0.000,-0.000,0.000,17|18,weighted_average,kalman(weighted_average),false
1788765593.455,102.181,-0.049,-1.820,1.805,56.513,-0.048,-1.820,1.804,56.512,0.001,0.001,-0.001,0.001,17|18,weighted_average,kalman(weighted_average),false
1788765593.507,102.233,-0.049,-1.819,1.806,56.558,-0.048,-1.819,1.805,56.538,0.001,0.000,-0.001,0.001,17|18,weighted_average,kalman(weighted_average),false
1788765593.557,102.284,-0.049,-1.820,1.808,56.564,-0.048,-1.819,1.807,56.558,0.000,0.001,-0.001,0.002,17|18,weighted_average,kalman(weighted_average),false
1788765593.690,102.416,-0.047,-1.820,1.805,56.583,-0.047,-1.820,1.806,56.586,-0.000,0.000,0.001,0.001,17|18,weighted_average,kalman(weighted_average),false
1788765593.732,102.459,-0.046,-1.818,1.806,56.590,-0.046,-1.819,1.806,56.592,-0.000,-0.001,-0.000,0.001,17|18,weighted_average,kalman(weighted_average),false
1788765593.786,102.512,-0.044,-1.815,1.809,56.584,-0.044,-1.816,1.808,56.592,-0.001,-0.001,-0.001,0.002,17|18,weighted_average,kalman(weighted_average),false
1788765593.837,102.563,-0.046,-1.819,1.816,56.601,-0.045,-1.817,1.813,56.600,0.001,0.001,-0.003,0.003,17|18,weighted_average,kalman(weighted_average),false
1788765593.885,102.611,-0.045,-1.817,1.816,56.599,-0.045,-1.817,1.816,56.602,0.000,0.000,-0.000,0.000,17|18,weighted_average,kalman(weighted_average),false
1788765594.011,102.737,-0.044,-1.815,1.820,56.620,-0.044,-1.815,1.820,56.619,-0.000,-0.000,0.000,0.001,17|18,weighted_average,kalman(weighted_average),false
1788765594.055,102.781,-0.041,-1.819,1.816,56.493,-0.042,-1.817,1.818,56.547,-0.001,0.001,0.002,0.002,17|18,weighted_average,kalman(weighted_average),false
1788765594.109,102.835,-0.042,-1.818,1.821,56.539,-0.042,-1.818,1.820,56.533,0.000,0.000,-0.001,0.001,17|18,weighted_average,kalman(weighted_average),false
1788765594.158,102.885,-0.043,-1.817,1.818,56.588,-0.042,-1.817,1.819,56.554,0.001,-0.001,0.001,0.001,17|18,weighted_average,kalman(weighted_average),false
1788765594.209,102.935,-0.042,-1.818,1.821,56.549,-0.042,-1.818,1.820,56.549,0.000,0.000,-0.001,0.001,17|18,weighted_average,kalman(weighted_average),false
1788765594.329,103.056,-0.042,-1.819,1.824,56.574,-0.042,-1.819,1.824,56.565,0.000,0.000,-0.000,0.000,17|18,weighted_average,kalman(weighted_average),false
1788765594.376,103.102,-0.043,-1.818,1.823,56.636,-0.043,-1.818,1.824,56.609,0.000,-0.000,0.001,0.001,17|18,weighted_average,kalman(weighted_average),false
1788765594.429,103.155,-0.042,-1.818,1.821,56.607,-0.042,-1.818,1.822,56.617,-0.001,-0.000,0.001,0.001,17|18,weighted_average,kalman(weighted_average),false
1788765594.478,103.204,-0.043,-1.817,1.825,56.661,-0.043,-1.817,1.824,56.647,0.000,-0.000,-0.001,0.001,17|18,weighted_average,kalman(weighted_average),false
1788765594.527,103.254,-0.043,-1.817,1.823,56.674,-0.043,-1.817,1.824,56.670,-0.000,0.000,0.001,0.001,17|18,weighted_average,kalman(weighted_average),false
1788765594.654,103.381,-0.045,-1.822,1.828,56.664,-0.045,-1.821,1.828,56.679,0.000,0.001,-0.001,0.001,17|18,weighted_average,kalman(weighted_average),false
1788765594.700,103.426,-0.042,-1.821,1.827,56.601,-0.043,-1.822,1.827,56.635,-0.001,-0.000,0.001,0.002,17|18,weighted_average,kalman(weighted_average),false
1788765594.749,103.476,-0.045,-1.821,1.826,56.686,-0.044,-1.821,1.827,56.658,0.001,-0.001,0.001,0.001,17|18,weighted_average,kalman(weighted_average),false
1788765594.799,103.525,-0.045,-1.821,1.830,56.677,-0.044,-1.821,1.829,56.668,0.000,-0.000,-0.001,0.001,17|18,weighted_average,kalman(weighted_average),false
1788765594.853,103.580,-0.043,-1.819,1.821,56.681,-0.044,-1.820,1.825,56.677,-0.001,-0.001,0.004,0.004,17|18,weighted_average,kalman(weighted_average),false
1788765594.978,103.704,-0.043,-1.825,1.827,56.608,-0.043,-1.824,1.826,56.628,-0.000,0.001,-0.001,0.001,17|18,weighted_average,kalman(weighted_average),false
1788765595.026,103.753,-0.042,-1.820,1.824,56.647,-0.042,-1.822,1.825,56.633,-0.001,-0.002,0.001,0.002,17|18,weighted_average,kalman(weighted_average),false
1788765595.080,103.806,-0.044,-1.822,1.826,56.663,-0.043,-1.822,1.825,56.646,0.001,0.000,-0.001,0.001,17|18,weighted_average,kalman(weighted_average),false
1788765595.126,103.853,-0.044,-1.824,1.831,56.627,-0.043,-1.823,1.829,56.636,0.000,0.001,-0.002,0.002,17|18,weighted_average,kalman(weighted_average),false
1788765595.178,103.905,-0.043,-1.823,1.829,56.629,-0.043,-1.823,1.829,56.630,-0.000,-0.001,0.001,0.001,17|18,weighted_average,kalman(weighted_average),false
1788765595.303,104.030,-0.044,-1.823,1.828,56.627,-0.044,-1.823,1.829,56.625,0.000,-0.000,0.001,0.001,17|18,weighted_average,kalman(weighted_average),false
1788765595.348,104.075,-0.044,-1.820,1.829,56.683,-0.044,-1.821,1.829,56.658,0.000,-0.001,-0.000,0.001,17|18,weighted_average,kalman(weighted_average),false
1788765595.395,104.121,-0.046,-1.822,1.831,56.670,-0.045,-1.821,1.830,56.669,0.001,0.001,-0.001,0.001,17|18,weighted_average,kalman(weighted_average),false
1788765595.448,104.174,-0.047,-1.820,1.830,56.714,-0.047,-1.821,1.830,56.699,0.000,-0.000,0.000,0.001,17|18,weighted_average,kalman(weighted_average),false
1788765595.499,104.225,-0.045,-1.822,1.831,56.618,-0.046,-1.821,1.831,56.664,-0.001,0.001,0.000,0.002,17|18,weighted_average,kalman(weighted_average),false
1788765595.624,104.350,-0.048,-1.819,1.827,56.724,-0.048,-1.819,1.827,56.708,0.000,-0.000,0.001,0.001,17|18,weighted_average,kalman(weighted_average),false
1788765595.673,104.400,-0.047,-1.820,1.829,56.654,-0.047,-1.820,1.828,56.681,-0.001,0.001,-0.001,0.001,17|18,weighted_average,kalman(weighted_average),false
1788765595.723,104.449,-0.049,-1.821,1.831,56.668,-0.048,-1.821,1.830,56.674,0.000,0.001,-0.001,0.001,17|18,weighted_average,kalman(weighted_average),false
1788765595.774,104.500,-0.051,-1.819,1.827,56.730,-0.050,-1.820,1.829,56.703,0.001,-0.001,0.001,0.001,17|18,weighted_average,kalman(weighted_average),false
1788765595.822,104.548,-0.050,-1.819,1.829,56.708,-0.051,-1.819,1.829,56.709,-0.000,0.000,-0.000,0.000,17|18,weighted_average,kalman(weighted_average),false
1788765595.939,104.666,-0.051,-1.820,1.830,56.652,-0.051,-1.819,1.829,56.673,-0.000,0.000,-0.000,0.000,17|18,weighted_average,kalman(weighted_average),false
1788765595.988,104.714,-0.051,-1.816,1.827,56.704,-0.051,-1.817,1.828,56.687,-0.000,-0.001,0.001,0.002,17|18,weighted_average,kalman(weighted_average),false
1788765596.039,104.765,-0.054,-1.820,1.831,56.685,-0.053,-1.819,1.830,56.685,0.001,0.001,-0.001,0.002,17|18,weighted_average,kalman(weighted_average),false
1788765596.089,104.815,-0.054,-1.819,1.830,56.689,-0.054,-1.819,1.830,56.686,0.000,0.000,0.000,0.000,17|18,weighted_average,kalman(weighted_average),false
1788765596.143,104.869,-0.051,-1.817,1.830,56.631,-0.053,-1.818,1.830,56.656,-0.001,-0.001,0.000,0.002,17|18,weighted_average,kalman(weighted_average),false
1788765596.264,104.990,-0.045,-1.794,1.782,57.563,-0.046,-1.798,1.790,57.323,-0.001,-0.004,0.008,0.009,18,weighted_average,kalman(weighted_average),false
1788765596.323,105.050,-0.057,-1.820,1.837,56.688,-0.053,-1.810,1.818,57.017,0.004,0.009,-0.020,0.022,17|18,weighted_average,kalman(weighted_average),false
1788765596.372,105.099,-0.056,-1.816,1.835,56.721,-0.056,-1.814,1.830,56.861,0.001,0.002,-0.005,0.005,17|18,weighted_average,kalman(weighted_average),false
1788765596.449,105.176,-0.056,-1.816,1.834,56.726,-0.057,-1.816,1.836,56.754,-0.001,-0.001,0.002,0.003,17|18,weighted_average,kalman(weighted_average),false
1788765596.582,105.308,-0.058,-1.815,1.843,56.776,-0.059,-1.816,1.844,56.742,-0.000,-0.001,0.001,0.001,17|18,weighted_average,kalman(weighted_average),false
1788765596.631,105.357,-0.057,-1.816,1.839,56.729,-0.058,-1.815,1.842,56.730,-0.001,0.000,0.002,0.002,17|18,weighted_average,kalman(weighted_average),false
1788765596.682,105.408,-0.057,-1.815,1.843,56.746,-0.057,-1.815,1.843,56.735,-0.000,-0.000,-0.000,0.000,17|18,weighted_average,kalman(weighted_average),false
1788765596.731,105.457,-0.057,-1.817,1.843,56.705,-0.057,-1.816,1.843,56.717,0.000,0.001,0.000,0.001,17|18,weighted_average,kalman(weighted_average),false
1788765596.785,105.511,-0.058,-1.818,1.844,56.705,-0.058,-1.817,1.844,56.705,0.000,0.001,-0.000,0.001,17|18,weighted_average,kalman(weighted_average),false
1788765596.901,105.627,-0.059,-1.816,1.846,56.752,-0.059,-1.817,1.846,56.733,0.000,-0.000,-0.000,0.000,17|18,weighted_average,kalman(weighted_average),false
1788765596.949,105.675,-0.063,-1.820,1.853,56.773,-0.062,-1.819,1.851,56.760,0.001,0.001,-0.002,0.003,17|18,weighted_average,kalman(weighted_average),false
1788765596.996,105.722,-0.064,-1.818,1.853,56.799,-0.064,-1.819,1.853,56.787,0.000,-0.000,0.000,0.000,17|18,weighted_average,kalman(weighted_average),false
1788765597.052,105.778,-0.064,-1.820,1.851,56.754,-0.065,-1.820,1.853,56.779,-0.001,0.000,0.002,0.002,17|18,weighted_average,kalman(weighted_average),false
1788765597.101,105.828,-0.066,-1.820,1.858,56.797,-0.066,-1.820,1.857,56.792,-0.000,-0.000,-0.001,0.002,17|18,weighted_average,kalman(weighted_average),false
1788765597.233,105.959,-0.067,-1.823,1.859,56.779,-0.067,-1.823,1.860,56.788,-0.000,0.000,0.000,0.001,17|18,weighted_average,kalman(weighted_average),false
1788765597.281,106.008,-0.066,-1.822,1.858,56.807,-0.067,-1.823,1.859,56.799,-0.000,-0.001,0.001,0.001,17|18,weighted_average,kalman(weighted_average),false
1788765597.331,106.058,-0.067,-1.824,1.856,56.781,-0.067,-1.824,1.857,56.791,0.000,0.000,0.001,0.002,17|18,weighted_average,kalman(weighted_average),false
1788765597.381,106.108,-0.067,-1.827,1.864,56.767,-0.067,-1.826,1.861,56.777,0.000,0.001,-0.003,0.003,17|18,weighted_average,kalman(weighted_average),false
1788765597.432,106.159,-0.067,-1.825,1.859,56.816,-0.067,-1.826,1.861,56.795,0.000,-0.001,0.001,0.002,17|18,weighted_average,kalman(weighted_average),false
1788765597.558,106.285,-0.067,-1.825,1.858,57.941,-0.067,-1.825,1.859,57.662,-0.000,-0.000,0.001,0.001,17|18,weighted_average,kalman(weighted_average),false
1788765597.611,106.337,-0.065,-1.828,1.863,58.587,-0.066,-1.827,1.861,58.355,-0.001,0.001,-0.001,0.002,17|18,weighted_average,kalman(weighted_average),false
1788765597.660,106.387,-0.068,-1.829,1.864,59.026,-0.067,-1.829,1.863,58.922,0.001,0.000,-0.001,0.001,17|18,weighted_average,kalman(weighted_average),false
1788765597.712,106.438,-0.065,-1.830,1.860,59.686,-0.066,-1.830,1.862,59.567,-0.001,-0.000,0.001,0.002,17|18,weighted_average,kalman(weighted_average),false
1788765597.762,106.489,-0.065,-1.831,1.860,60.071,-0.065,-1.831,1.861,60.087,0.000,-0.000,0.001,0.001,17|18,weighted_average,kalman(weighted_average),false
1788765597.889,106.616,-0.068,-1.834,1.866,61.541,-0.068,-1.834,1.865,61.515,0.001,0.000,-0.001,0.001,17|18,weighted_average,kalman(weighted_average),false
1788765597.940,106.667,-0.066,-1.833,1.861,61.847,-0.067,-1.834,1.862,61.938,-0.001,-0.001,0.002,0.002,17|18,weighted_average,kalman(weighted_average),false
1788765597.989,106.716,-0.067,-1.832,1.867,62.625,-0.067,-1.833,1.865,62.541,-0.000,-0.001,-0.002,0.002,17|18,weighted_average,kalman(weighted_average),false
1788765598.041,106.767,-0.069,-1.833,1.863,63.364,-0.068,-1.833,1.864,63.245,0.001,0.000,0.001,0.001,17|18,weighted_average,kalman(weighted_average),false
1788765598.090,106.816,-0.069,-1.834,1.869,63.727,-0.069,-1.833,1.867,63.773,0.000,0.000,-0.002,0.002,17|18,weighted_average,kalman(weighted_average),false
1788765598.215,106.941,-0.071,-1.836,1.863,65.094,-0.071,-1.835,1.864,65.124,0.000,0.000,0.001,0.001,17|18,weighted_average,kalman(weighted_average),false
1788765598.268,106.994,-0.074,-1.834,1.861,65.551,-0.073,-1.835,1.862,65.609,0.001,-0.001,0.000,0.001,17|18,weighted_average,kalman(weighted_average),false
1788765598.319,107.045,-0.070,-1.812,1.811,67.227,-0.071,-1.820,1.829,66.752,-0.002,-0.008,0.018,0.020,18,weighted_average,kalman(weighted_average),false
1788765598.366,107.092,-0.076,-1.836,1.865,66.660,-0.074,-1.827,1.844,67.029,0.002,0.009,-0.021,0.022,17|18,weighted_average,kalman(weighted_average),false
1788765598.418,107.145,-0.077,-1.837,1.857,67.354,-0.077,-1.832,1.851,67.491,0.001,0.004,-0.006,0.007,17|18,weighted_average,kalman(weighted_average),false
1788765598.541,107.267,-0.082,-1.839,1.854,68.788,-0.081,-1.839,1.854,68.791,0.000,0.000,0.000,0.000,17|18,weighted_average,kalman(weighted_average),false
1788765598.588,107.315,-0.083,-1.838,1.859,69.204,-0.083,-1.839,1.858,69.241,-0.000,-0.001,-0.001,0.002,17|18,weighted_average,kalman(weighted_average),false
1788765598.640,107.366,-0.088,-1.838,1.855,70.016,-0.087,-1.839,1.857,69.906,0.001,-0.001,0.002,0.003,17|18,weighted_average,kalman(weighted_average),false
1788765598.690,107.416,-0.089,-1.844,1.860,70.294,-0.089,-1.842,1.859,70.376,-0.000,0.001,-0.001,0.002,17|18,weighted_average,kalman(weighted_average),false
1788765598.743,107.470,-0.087,-1.841,1.854,70.628,-0.089,-1.842,1.857,70.773,-0.002,-0.001,0.003,0.003,17|18,weighted_average,kalman(weighted_average),false
1788765598.861,107.588,-0.096,-1.845,1.850,72.281,-0.095,-1.845,1.851,72.174,0.001,0.000,0.001,0.001,17|18,weighted_average,kalman(weighted_average),false
1788765598.912,107.639,-0.096,-1.847,1.855,72.623,-0.097,-1.847,1.853,72.677,-0.001,0.000,-0.002,0.002,17|18,weighted_average,kalman(weighted_average),false
1788765598.962,107.688,-0.096,-1.847,1.850,73.396,-0.097,-1.847,1.851,73.315,-0.001,-0.000,0.001,0.001,17|18,weighted_average,kalman(weighted_average),false
1788765599.013,107.739,-0.099,-1.849,1.850,73.803,-0.099,-1.848,1.850,73.850,0.000,0.000,-0.000,0.000,17|18,weighted_average,kalman(weighted_average),false
1788765599.067,107.793,-0.099,-1.849,1.850,73.803,-0.099,-1.849,1.850,74.105,-0.001,-0.000,-0.001,0.001,17|18,weighted_average,kalman(weighted_average),false
1788765599.200,107.926,-0.098,-1.827,1.795,76.365,-0.098,-1.830,1.803,76.119,-0.001,-0.003,0.007,0.008,18,weighted_average,kalman(weighted_average),false
1788765599.253,107.979,-0.100,-1.828,1.788,77.567,-0.099,-1.826,1.786,77.319,0.001,0.002,-0.002,0.003,18,weighted_average,kalman(weighted_average),false
1788765599.296,108.022,-0.103,-1.837,1.792,78.348,-0.101,-1.830,1.784,78.223,0.001,0.006,-0.008,0.011,18,weighted_average,kalman(weighted_average),false
1788765599.346,108.072,-0.100,-1.837,1.790,78.652,-0.101,-1.833,1.783,78.890,-0.001,0.003,-0.007,0.008,18,weighted_average,kalman(weighted_average),false
1788765599.396,108.122,-0.100,-1.837,1.790,78.652,-0.100,-1.836,1.785,79.171,-0.001,0.001,-0.006,0.006,18,weighted_average,kalman(weighted_average),false
1788765599.663,108.389,-0.088,-1.830,1.780,81.225,-0.088,-1.830,1.780,81.280,-0.001,-0.001,-0.000,0.001,18,weighted_average,kalman(weighted_average),false
1788765599.717,108.443,-0.092,-1.838,1.779,82.428,-0.090,-1.835,1.779,82.218,0.003,0.003,0.000,0.004,18,weighted_average,kalman(weighted_average),false
1788765599.836,108.562,-0.091,-1.844,1.768,84.556,-0.091,-1.843,1.770,84.376,0.001,0.001,0.001,0.002,18,weighted_average,kalman(weighted_average),false
1788765599.884,108.610,-0.089,-1.844,1.761,84.614,-0.090,-1.844,1.763,84.844,-0.001,-0.001,0.002,0.002,18,weighted_average,kalman(weighted_average),false
1788765599.933,108.659,-0.092,-1.845,1.768,85.111,-0.091,-1.845,1.764,85.307,0.001,-0.001,-0.004,0.004,18,weighted_average,kalman(weighted_average),false
1788765599.987,108.713,-0.092,-1.850,1.766,85.423,-0.092,-1.849,1.764,85.682,0.000,0.001,-0.002,0.002,18,weighted_average,kalman(weighted_average),false
1788765600.124,108.851,-0.085,-1.856,1.765,86.493,-0.086,-1.856,1.765,86.627,-0.001,-0.000,-0.001,0.001,18,weighted_average,kalman(weighted_average),false
1788765600.173,108.899,-0.087,-1.860,1.769,86.736,-0.086,-1.859,1.768,86.825,0.001,0.001,-0.001,0.002,18,weighted_average,kalman(weighted_average),false
1788765600.222,108.949,-0.084,-1.859,1.762,87.128,-0.084,-1.860,1.765,87.127,-0.000,-0.001,0.003,0.003,18,weighted_average,kalman(weighted_average),false
1788765600.272,108.998,-0.082,-1.861,1.767,87.610,-0.082,-1.861,1.766,87.525,0.000,-0.000,-0.001,0.001,18,weighted_average,kalman(weighted_average),false
1788765600.323,109.049,-0.080,-1.859,1.756,87.798,-0.080,-1.861,1.760,87.830,-0.000,-0.002,0.004,0.004,18,weighted_average,kalman(weighted_average),false
1788765600.449,109.175,-0.080,-1.866,1.761,88.319,-0.079,-1.865,1.760,88.400,0.001,0.001,-0.001,0.001,18,weighted_average,kalman(weighted_average),false
1788765600.493,109.219,-0.076,-1.866,1.767,88.512,-0.077,-1.866,1.764,88.551,-0.001,-0.000,-0.002,0.003,18,weighted_average,kalman(weighted_average),false
1788765600.544,109.270,-0.074,-1.866,1.760,88.642,-0.075,-1.866,1.762,88.700,-0.001,-0.001,0.002,0.003,18,weighted_average,kalman(weighted_average),false
1788765600.595,109.321,-0.073,-1.866,1.765,88.679,-0.073,-1.866,1.764,88.777,-0.000,-0.001,-0.001,0.001,18,weighted_average,kalman(weighted_average),false
1788765600.646,109.372,-0.072,-1.866,1.767,88.733,-0.072,-1.866,1.766,88.826,0.000,-0.000,-0.001,0.001,18,weighted_average,kalman(weighted_average),false
1788765600.769,109.495,-0.071,-1.870,1.773,88.802,-0.071,-1.869,1.773,88.878,0.001,0.001,-0.001,0.001,18,weighted_average,kalman(weighted_average),false
1788765600.816,109.542,-0.071,-1.869,1.771,88.830,-0.071,-1.869,1.773,88.863,0.000,-0.001,0.001,0.002,18,weighted_average,kalman(weighted_average),false
1788765600.867,109.593,-0.069,-1.870,1.770,88.820,-0.070,-1.870,1.771,88.846,-0.000,-0.000,0.002,0.002,18,weighted_average,kalman(weighted_average),false
1788765600.922,109.649,-0.067,-1.871,1.773,88.774,-0.068,-1.871,1.772,88.809,-0.001,0.000,-0.000,0.001,18,weighted_average,kalman(weighted_average),false
1788765600.972,109.698,-0.069,-1.871,1.773,88.849,-0.068,-1.871,1.773,88.825,0.001,-0.000,0.000,0.001,18,weighted_average,kalman(weighted_average),false
1788765601.100,109.826,-0.067,-1.871,1.773,88.865,-0.067,-1.871,1.773,88.855,0.000,-0.000,0.000,0.000,18,weighted_average,kalman(weighted_average),false
1788765601.146,109.873,-0.067,-1.872,1.776,88.856,-0.067,-1.872,1.775,88.860,0.000,0.000,-0.001,0.001,18,weighted_average,kalman(weighted_average),false
1788765601.197,109.924,-0.064,-1.870,1.772,88.827,-0.065,-1.871,1.774,88.845,-0.001,-0.001,0.001,0.002,18,weighted_average,kalman(weighted_average),false
1788765601.249,109.975,-0.063,-1.870,1.778,88.808,-0.063,-1.870,1.776,88.825,-0.001,-0.000,-0.002,0.002,18,weighted_average,kalman(weighted_average),false
1788765601.368,110.094,-0.061,-1.868,1.779,88.787,-0.061,-1.868,1.779,88.793,0.000,-0.000,0.000,0.000,18,weighted_average,kalman(weighted_average),false
1788765601.423,110.149,-0.063,-1.870,1.780,88.815,-0.062,-1.869,1.780,88.801,0.001,0.001,-0.000,0.001,18,weighted_average,kalman(weighted_average),false
1788765601.471,110.198,-0.066,-1.869,1.778,88.865,-0.064,-1.869,1.779,88.835,0.001,-0.000,0.001,0.002,18,weighted_average,kalman(weighted_average),false
1788765601.520,110.246,-0.066,-1.867,1.779,88.887,-0.066,-1.868,1.779,88.866,0.000,-0.001,0.000,0.001,18,weighted_average,kalman(weighted_average),false
1788765601.572,110.298,-0.067,-1.867,1.782,88.906,-0.067,-1.867,1.781,88.896,0.000,-0.000,-0.001,0.001,18,weighted_average,kalman(weighted_average),false
1788765601.696,110.423,-0.069,-1.868,1.783,88.919,-0.069,-1.867,1.783,88.926,-0.000,0.000,-0.000,0.000,18,weighted_average,kalman(weighted_average),false
1788765601.748,110.474,-0.070,-1.867,1.778,88.900,-0.070,-1.867,1.780,88.915,-0.000,-0.000,0.002,0.002,18,weighted_average,kalman(weighted_average),false
1788765601.796,110.523,-0.068,-1.866,1.783,88.876,-0.069,-1.866,1.782,88.896,-0.001,-0.001,-0.002,0.002,18,weighted_average,kalman(weighted_average),false
1788765601.850,110.577,-0.072,-1.866,1.783,88.943,-0.071,-1.866,1.783,88.919,0.001,0.000,-0.000,0.001,18,weighted_average,kalman(weighted_average),false
1788765601.978,110.704,-0.071,-1.868,1.785,88.857,-0.071,-1.867,1.785,88.875,-0.000,0.000,-0.000,0.001,18,weighted_average,kalman(weighted_average),false
1788765602.021,110.747,-0.073,-1.866,1.786,88.915,-0.072,-1.867,1.786,88.894,0.001,-0.001,0.000,0.001,18,weighted_average,kalman(weighted_average),false
1788765602.073,110.800,-0.073,-1.865,1.781,88.886,-0.073,-1.866,1.783,88.888,-0.000,-0.001,0.002,0.002,18,weighted_average,kalman(weighted_average),false
1788765602.124,110.851,-0.074,-1.866,1.780,88.895,-0.074,-1.866,1.781,88.890,0.000,0.000,0.001,0.001,18,weighted_average,kalman(weighted_average),false
1788765602.253,110.980,-0.076,-1.866,1.782,88.918,-0.076,-1.866,1.781,88.910,0.000,0.000,-0.001,0.001,18,weighted_average,kalman(weighted_average),false
1788765602.298,111.025,-0.075,-1.866,1.777,88.892,-0.076,-1.866,1.778,88.902,-0.000,-0.000,0.001,0.002,18,weighted_average,kalman(weighted_average),false
1788765602.349,111.076,-0.082,-1.870,1.781,89.000,-0.080,-1.868,1.780,88.957,0.002,0.001,-0.001,0.003,18,weighted_average,kalman(weighted_average),false
1788765602.401,111.128,-0.082,-1.870,1.784,88.988,-0.082,-1.870,1.783,88.984,-0.000,0.000,-0.002,0.002,18,weighted_average,kalman(weighted_average),false
1788765602.451,111.177,-0.083,-1.871,1.784,88.981,-0.083,-1.871,1.784,88.993,-0.001,0.000,-0.000,0.001,18,weighted_average,kalman(weighted_average),false
1788765602.575,111.302,-0.081,-1.870,1.779,88.928,-0.082,-1.870,1.781,88.955,-0.001,-0.001,0.001,0.002,18,weighted_average,kalman(weighted_average),false
1788765602.619,111.345,-0.083,-1.871,1.780,88.966,-0.082,-1.870,1.780,88.958,0.001,0.000,-0.000,0.001,18,weighted_average,kalman(weighted_average),false
1788765602.671,111.397,-0.083,-1.872,1.777,88.955,-0.083,-1.871,1.777,88.953,0.000,0.001,0.001,0.001,18,weighted_average,kalman(weighted_average),false
1788765602.725,111.452,-0.085,-1.874,1.781,88.980,-0.084,-1.873,1.779,88.965,0.001,0.001,-0.002,0.002,18,weighted_average,kalman(weighted_average),false
1788765602.854,111.580,-0.087,-1.874,1.785,89.018,-0.087,-1.874,1.784,89.006,0.000,-0.000,-0.001,0.001,18,weighted_average,kalman(weighted_average),false
1788765602.905,111.631,-0.087,-1.876,1.793,89.024,-0.088,-1.875,1.791,89.023,-0.000,0.000,-0.002,0.002,18,weighted_average,kalman(weighted_average),false
1788765602.953,111.679,-0.085,-1.874,1.785,88.986,-0.086,-1.875,1.788,89.009,-0.001,-0.001,0.004,0.004,18,weighted_average,kalman(weighted_average),false
1788765603.003,111.729,-0.084,-1.874,1.789,88.969,-0.085,-1.874,1.790,88.990,-0.001,-0.000,0.000,0.001,18,weighted_average,kalman(weighted_average),false
1788765603.052,111.779,-0.081,-1.872,1.786,88.930,-0.082,-1.873,1.788,88.957,-0.001,-0.001,0.002,0.003,18,weighted_average,kalman(weighted_average),false
1788765603.179,111.905,-0.084,-1.878,1.794,89.021,-0.083,-1.877,1.793,88.997,0.001,0.001,-0.001,0.002,18,weighted_average,kalman(weighted_average),false
1788765603.225,111.952,-0.080,-1.878,1.792,88.946,-0.081,-1.878,1.793,88.971,-0.001,-0.000,0.001,0.002,18,weighted_average,kalman(weighted_average),false
1788765603.284,112.010,-0.081,-1.876,1.795,89.029,-0.081,-1.877,1.795,89.005,0.000,-0.001,-0.000,0.001,18,weighted_average,kalman(weighted_average),false
1788765603.332,112.058,-0.078,-1.877,1.793,88.987,-0.079,-1.877,1.794,89.000,-0.001,-0.000,0.001,0.001,18,weighted_average,kalman(weighted_average),false
1788765603.385,112.112,-0.076,-1.879,1.799,88.981,-0.077,-1.878,1.797,88.993,-0.001,0.000,-0.002,0.002,18,weighted_average,kalman(weighted_average),false
1788765603.508,112.234,-0.073,-1.877,1.796,89.036,-0.073,-1.878,1.797,89.026,0.000,-0.000,0.001,0.001,18,weighted_average,kalman(weighted_average),false
1788765603.557,112.283,-0.069,-1.875,1.800,89.003,-0.070,-1.876,1.799,89.017,-0.001,-0.001,-0.001,0.002,18,weighted_average,kalman(weighted_average),false
1788765603.607,112.333,-0.070,-1.878,1.799,89.042,-0.069,-1.877,1.799,89.033,0.001,0.001,0.000,0.001,18,weighted_average,kalman(weighted_average),false
1788765603.659,112.385,-0.070,-1.879,1.803,89.084,-0.069,-1.878,1.801,89.064,0.001,0.001,-0.001,0.002,18,weighted_average,kalman(weighted_average),false
1788765603.711,112.437,-0.067,-1.878,1.803,89.085,-0.067,-1.878,1.803,89.084,-0.000,-0.000,0.000,0.001,18,weighted_average,kalman(weighted_average),false
1788765603.836,112.563,-0.064,-1.879,1.802,89.087,-0.064,-1.879,1.803,89.097,0.000,-0.000,0.001,0.001,18,weighted_average,kalman(weighted_average),false
1788765603.884,112.610,-0.061,-1.877,1.802,89.096,-0.062,-1.878,1.802,89.099,-0.001,-0.001,0.000,0.001,18,weighted_average,kalman(weighted_average),false
1788765603.933,112.659,-0.060,-1.879,1.795,89.068,-0.060,-1.878,1.798,89.084,0.000,0.001,0.002,0.002,18,weighted_average,kalman(weighted_average),false
1788765603.985,112.711,-0.057,-1.875,1.799,89.089,-0.058,-1.876,1.798,89.086,-0.001,-0.001,-0.002,0.002,18,weighted_average,kalman(weighted_average),false
1788765604.034,112.761,-0.059,-1.877,1.795,89.142,-0.058,-1.876,1.795,89.115,0.001,0.000,0.001,0.002,18,weighted_average,kalman(weighted_average),false
1788765604.172,112.898,-0.057,-1.875,1.797,89.157,-0.057,-1.875,1.796,89.154,0.000,0.000,-0.001,0.001,18,weighted_average,kalman(weighted_average),false
1788765604.213,112.939,-0.054,-1.872,1.796,89.125,-0.055,-1.873,1.796,89.141,-0.001,-0.001,0.000,0.001,18,weighted_average,kalman(weighted_average),false
1788765604.265,112.991,-0.055,-1.873,1.795,89.135,-0.054,-1.872,1.795,89.140,0.000,0.000,0.001,0.001,18,weighted_average,kalman(weighted_average),false
1788765604.315,113.041,-0.055,-1.871,1.798,89.148,-0.054,-1.871,1.797,89.146,0.001,-0.000,-0.001,0.001,18,weighted_average,kalman(weighted_average),false
1788765604.370,113.096,-0.056,-1.869,1.794,89.165,-0.055,-1.870,1.796,89.158,0.001,-0.000,0.001,0.001,18,weighted_average,kalman(weighted_average),false
1788765604.488,113.214,-0.056,-1.861,1.796,89.216,-0.056,-1.862,1.796,89.205,0.000,-0.001,-0.000,0.001,18,weighted_average,kalman(weighted_average),false
1788765604.542,113.268,-0.056,-1.861,1.796,89.216,-0.056,-1.860,1.796,89.219,-0.000,0.001,-0.000,0.001,18,weighted_average,kalman(weighted_average),false
1788765604.593,113.319,-0.053,-1.851,1.789,89.168,-0.055,-1.853,1.792,89.197,-0.001,-0.003,0.003,0.004,18,weighted_average,kalman(weighted_average),false
1788765604.641,113.368,-0.052,-1.840,1.790,89.143,-0.053,-1.844,1.790,89.169,-0.001,-0.003,0.000,0.003,18,weighted_average,kalman(weighted_average),false
1788765604.689,113.415,-0.052,-1.835,1.793,89.152,-0.052,-1.836,1.791,89.156,-0.000,-0.001,-0.002,0.002,18,weighted_average,kalman(weighted_average),false
1788765604.814,113.540,-0.054,-1.818,1.790,89.193,-0.053,-1.818,1.790,89.177,0.001,-0.000,0.000,0.001,18,weighted_average,kalman(weighted_average),false
1788765604.863,113.589,-0.050,-1.813,1.787,89.106,-0.051,-1.812,1.788,89.136,-0.001,0.001,0.001,0.002,18,weighted_average,kalman(weighted_average),false
1788765604.916,113.642,-0.053,-1.802,1.787,89.189,-0.052,-1.803,1.787,89.162,0.001,-0.001,-0.000,0.002,18,weighted_average,kalman(weighted_average),false
1788765604.962,113.689,-0.050,-1.797,1.786,89.109,-0.051,-1.797,1.786,89.135,-0.001,0.001,-0.000,0.001,18,weighted_average,kalman(weighted_average),false
1788765605.014,113.740,-0.052,-1.786,1.786,89.157,-0.051,-1.787,1.786,89.143,0.001,-0.001,-0.001,0.002,18,weighted_average,kalman(weighted_average),false
1788765605.133,113.860,-0.047,-1.764,1.781,89.091,-0.048,-1.765,1.782,89.103,-0.001,-0.001,0.001,0.001,18,weighted_average,kalman(weighted_average),false
1788765605.184,113.911,-0.048,-1.754,1.776,89.092,-0.048,-1.754,1.777,89.091,0.001,-0.000,0.001,0.001,18,weighted_average,kalman(weighted_average),false
1788765605.232,113.959,-0.046,-1.745,1.780,89.092,-0.046,-1.745,1.778,89.086,-0.000,0.000,-0.002,0.002,18,weighted_average,kalman(weighted_average),false
1788765605.287,114.013,-0.051,-1.741,1.777,89.163,-0.049,-1.738,1.777,89.123,0.002,0.002,-0.000,0.003,18,weighted_average,kalman(weighted_average),false
1788765605.336,114.063,-0.049,-1.724,1.780,89.131,-0.049,-1.726,1.778,89.130,-0.000,-0.003,-0.002,0.003,18,weighted_average,kalman(weighted_average),false
1788765605.458,114.184,-0.043,-1.688,1.773,89.099,-0.044,-1.691,1.774,89.111,-0.001,-0.002,0.001,0.003,18,weighted_average,kalman(weighted_average),false
1788765605.509,114.236,-0.043,-1.688,1.773,89.099,-0.042,-1.684,1.773,89.101,0.000,0.004,-0.000,0.004,18,weighted_average,kalman(weighted_average),false
1788765605.556,114.282,-0.045,-1.675,1.780,89.169,-0.043,-1.675,1.777,89.135,0.002,0.000,-0.003,0.003,18,weighted_average,kalman(weighted_average),false
1788765605.610,114.336,-0.040,-1.659,1.778,89.099,-0.041,-1.660,1.778,89.119,-0.001,-0.002,-0.000,0.002,18,weighted_average,kalman(weighted_average),false
1788765605.660,114.386,-0.043,-1.652,1.782,89.164,-0.041,-1.651,1.781,89.142,0.001,0.002,-0.001,0.002,18,weighted_average,kalman(weighted_average),false
1788765605.789,114.515,-0.036,-1.613,1.782,89.182,-0.037,-1.614,1.782,89.177,-0.001,-0.002,0.001,0.002,18,weighted_average,kalman(weighted_average),false
1788765605.833,114.560,-0.036,-1.600,1.780,89.211,-0.036,-1.600,1.781,89.202,0.000,-0.001,0.001,0.001,18,weighted_average,kalman(weighted_average),false
1788765605.887,114.613,-0.034,-1.593,1.786,89.177,-0.034,-1.590,1.784,89.196,-0.000,0.003,-0.002,0.004,18,weighted_average,kalman(weighted_average),false
1788765605.938,114.665,-0.033,-1.579,1.782,89.194,-0.033,-1.579,1.783,89.199,0.000,0.001,0.001,0.002,18,weighted_average,kalman(weighted_average),false
1788765605.989,114.715,-0.036,-1.570,1.786,89.280,-0.034,-1.569,1.785,89.245,0.002,0.001,-0.001,0.002,18,weighted_average,kalman(weighted_average),false
1788765606.126,114.852,-0.034,-1.538,1.786,89.338,-0.034,-1.538,1.786,89.330,0.000,-0.000,0.000,0.000,18,weighted_average,kalman(weighted_average),false
1788765606.170,114.897,-0.023,-1.524,1.792,89.218,-0.027,-1.525,1.790,89.273,-0.004,-0.001,-0.002,0.004,18,weighted_average,kalman(weighted_average),false
1788765606.223,114.949,-0.026,-1.509,1.785,89.283,-0.025,-1.510,1.788,89.279,0.001,-0.001,0.003,0.003,18,weighted_average,kalman(weighted_average),false
1788765606.274,115.000,-0.022,-1.492,1.782,89.230,-0.022,-1.494,1.784,89.253,-0.000,-0.002,0.002,0.002,18,weighted_average,kalman(weighted_average),false
1788765606.324,115.050,-0.018,-1.480,1.789,89.229,-0.018,-1.480,1.787,89.237,-0.000,-0.000,-0.002,0.003,18,weighted_average,kalman(weighted_average),false
1788765606.454,115.180,-0.016,-1.446,1.791,89.238,-0.015,-1.446,1.790,89.231,0.001,0.001,-0.001,0.001,18,weighted_average,kalman(weighted_average),false
1788765606.507,115.233,-0.015,-1.437,1.791,89.257,-0.015,-1.436,1.791,89.246,0.000,0.002,0.000,0.002,18,weighted_average,kalman(weighted_average),false
1788765606.556,115.282,-0.017,-1.423,1.791,89.304,-0.016,-1.424,1.792,89.280,0.001,-0.001,0.001,0.001,18,weighted_average,kalman(weighted_average),false
1788765606.607,115.333,-0.015,-1.407,1.793,89.282,-0.015,-1.409,1.793,89.288,-0.001,-0.002,-0.000,0.002,18,weighted_average,kalman(weighted_average),false
1788765606.660,115.386,-0.020,-1.399,1.796,89.384,-0.018,-1.397,1.795,89.345,0.002,0.002,-0.001,0.003,18,weighted_average,kalman(weighted_average),false
1788765606.790,115.516,-0.012,-1.360,1.786,89.330,-0.014,-1.361,1.788,89.350,-0.001,-0.001,0.002,0.002,18,weighted_average,kalman(weighted_average),false
1788765606.839,115.565,-0.012,-1.353,1.787,89.315,-0.012,-1.351,1.786,89.330,0.000,0.002,-0.000,0.002,18,weighted_average,kalman(weighted_average),false
1788765606.887,115.613,-0.008,-1.333,1.786,89.287,-0.009,-1.336,1.785,89.305,-0.001,-0.003,-0.001,0.003,18,weighted_average,kalman(weighted_average),false
1788765606.935,115.661,-0.011,-1.331,1.791,89.329,-0.009,-1.327,1.788,89.312,0.002,0.004,-0.003,0.005,18,weighted_average,kalman(weighted_average),false
1788765606.987,115.713,-0.005,-1.306,1.795,89.304,-0.006,-1.309,1.792,89.305,-0.001,-0.004,-0.003,0.005,18,weighted_average,kalman(weighted_average),false
1788765607.114,115.840,-0.005,-1.273,1.799,89.338,-0.004,-1.273,1.799,89.327,0.000,0.000,-0.000,0.001,18,weighted_average,kalman(weighted_average),false
1788765607.161,115.887,-0.011,-1.262,1.793,89.470,-0.008,-1.261,1.796,89.416,0.002,0.001,0.003,0.004,18,weighted_average,kalman(weighted_average),false
1788765607.210,115.936,-0.011,-1.245,1.789,89.482,-0.010,-1.246,1.792,89.468,0.001,-0.001,0.003,0.003,18,weighted_average,kalman(weighted_average),false
1788765607.259,115.985,-0.009,-1.243,1.797,89.427,-0.010,-1.239,1.794,89.466,-0.001,0.004,-0.003,0.005,18,weighted_average,kalman(weighted_average),false
1788765607.310,116.037,-0.001,-1.217,1.787,89.349,-0.005,-1.221,1.790,89.418,-0.004,-0.004,0.003,0.006,18,weighted_average,kalman(weighted_average),false
1788765607.438,116.165,0.002,-1.188,1.796,89.352,0.001,-1.188,1.795,89.368,-0.000,0.001,-0.002,0.002,18,weighted_average,kalman(weighted_average),false
1788765607.482,116.208,-0.002,-1.176,1.800,89.425,-0.000,-1.176,1.799,89.395,0.002,-0.000,-0.001,0.002,18,weighted_average,kalman(weighted_average),false
1788765607.530,116.256,0.002,-1.162,1.798,89.397,0.002,-1.162,1.800,89.395,-0.001,-0.001,0.002,0.002,18,weighted_average,kalman(weighted_average),false
1788765607.585,116.311,-0.002,-1.143,1.798,89.509,-0.000,-1.145,1.799,89.457,0.002,-0.002,0.002,0.003,18,weighted_average,kalman(weighted_average),false
1788765607.633,116.360,-0.003,-1.126,1.801,89.556,-0.002,-1.128,1.801,89.519,0.001,-0.002,-0.000,0.002,18,weighted_average,kalman(weighted_average),false
1788765607.765,116.491,0.005,-1.097,1.794,89.447,0.004,-1.095,1.796,89.486,-0.001,0.002,0.001,0.002,18,weighted_average,kalman(weighted_average),false
1788765607.808,116.535,0.004,-1.081,1.795,89.479,0.005,-1.083,1.794,89.479,0.001,-0.001,-0.000,0.002,18,weighted_average,kalman(weighted_average),false
1788765607.862,116.588,0.001,-1.073,1.796,89.540,0.003,-1.071,1.795,89.509,0.002,0.001,-0.001,0.003,18,weighted_average,kalman(weighted_average),false
1788765607.912,116.638,0.004,-1.053,1.798,89.541,0.004,-1.055,1.797,89.529,-0.000,-0.003,-0.002,0.003,18,weighted_average,kalman(weighted_average),false
1788765607.960,116.686,0.002,-1.046,1.796,89.575,0.003,-1.044,1.796,89.558,0.001,0.002,0.000,0.002,18,weighted_average,kalman(weighted_average),false
1788765608.088,116.815,0.009,-1.008,1.797,89.507,0.008,-1.009,1.797,89.530,-0.001,-0.000,-0.000,0.001,18,weighted_average,kalman(weighted_average),false
1788765608.135,116.861,0.002,-1.000,1.784,89.618,0.005,-0.999,1.789,89.580,0.003,0.001,0.004,0.005,18,weighted_average,kalman(weighted_average),false
1788765608.188,116.914,0.012,-0.979,1.792,89.500,0.009,-0.981,1.789,89.540,-0.003,-0.002,-0.003,0.005,18,weighted_average,kalman(weighted_average),false
1788765608.242,116.968,0.006,-0.975,1.796,89.585,0.008,-0.971,1.793,89.562,0.002,0.003,-0.003,0.005,18,weighted_average,kalman(weighted_average),false
1788765608.378,117.105,0.010,-0.936,1.794,89.584,0.010,-0.936,1.794,89.581,0.000,-0.000,0.000,0.000,18,weighted_average,kalman(weighted_average),false
1788765608.432,117.158,0.015,-0.909,1.794,89.555,0.013,-0.913,1.794,89.567,-0.001,-0.004,0.000,0.004,18,weighted_average,kalman(weighted_average),false
1788765608.483,117.210,0.003,-0.897,1.787,89.718,0.008,-0.897,1.789,89.654,0.004,0.000,0.003,0.005,18,weighted_average,kalman(weighted_average),false
1788765608.530,117.257,0.011,-0.888,1.792,89.619,0.009,-0.885,1.790,89.649,-0.002,0.003,-0.002,0.004,18,weighted_average,kalman(weighted_average),false
1788765608.663,117.390,0.014,-0.849,1.792,89.583,0.013,-0.848,1.791,89.609,-0.001,0.000,-0.000,0.001,18,weighted_average,kalman(weighted_average),false
1788765608.710,117.437,0.010,-0.826,1.782,89.642,0.011,-0.829,1.785,89.624,0.002,-0.003,0.003,0.005,18,weighted_average,kalman(weighted_average),false
1788765608.758,117.484,-0.011,-0.819,1.785,90.001,-0.003,-0.817,1.784,89.830,0.009,0.002,-0.001,0.009,18,weighted_average,kalman(weighted_average),false
1788765608.808,117.534,0.006,-0.805,1.784,89.663,0.000,-0.804,1.783,89.775,-0.006,0.001,-0.001,0.006,18,weighted_average,kalman(weighted_average),false
1788765608.861,117.587,0.012,-0.789,1.792,89.606,0.006,-0.789,1.788,89.699,-0.006,0.000,-0.004,0.007,18,weighted_average,kalman(weighted_average),false
1788765608.986,117.712,0.002,-0.754,1.783,89.688,0.004,-0.754,1.785,89.684,0.001,-0.000,0.001,0.002,18,weighted_average,kalman(weighted_average),false
1788765609.033,117.760,-0.023,-0.348,2.124,91.268,0.004,-0.754,1.785,90.634,0.027,-0.406,-0.340,0.530,3,weighted_average,kalman(weighted_average),true
1788765609.088,117.814,0.004,-0.736,1.785,89.669,0.004,-0.739,1.785,90.239,-0.000,-0.003,-0.000,0.003,18,weighted_average,kalman(weighted_average),false
1788765609.134,117.860,-0.632,-0.263,1.650,98.493,0.004,-0.739,1.785,94.621,0.636,-0.477,0.135,0.806,3,weighted_average,kalman(weighted_average),true
1788765609.185,117.911,-0.922,-0.281,1.446,101.875,0.004,-0.739,1.785,99.179,0.926,-0.458,0.339,1.087,3,weighted_average,kalman(weighted_average),true
1788765609.316,118.042,0.096,-0.273,2.123,89.766,0.090,-0.300,2.103,93.583,-0.005,-0.027,-0.020,0.034,3,weighted_average,kalman(weighted_average),false
1788765609.364,118.090,-0.594,-0.187,1.562,97.850,0.090,-0.300,2.103,95.515,0.684,-0.114,0.541,0.879,3,weighted_average,kalman(weighted_average),true
1788765609.419,118.145,-0.166,-0.246,2.013,91.529,-0.125,-0.255,2.028,93.000,0.042,-0.009,0.015,0.045,15,weighted_average,kalman(weighted_average),false
1788765609.464,118.191,-0.792,-0.165,1.513,100.069,-0.125,-0.255,2.028,96.229,0.667,-0.090,0.515,0.848,3,weighted_average,kalman(weighted_average),true
1788765609.522,118.248,-0.432,-0.119,1.555,95.856,-0.125,-0.255,2.028,96.211,0.307,-0.136,0.473,0.580,3,weighted_average,kalman(weighted_average),true
1788765609.645,118.372,-0.636,-0.092,1.494,98.139,-0.608,-0.101,1.523,97.789,0.028,-0.009,0.029,0.041,3,weighted_average,kalman(weighted_average),false
1788765609.696,118.423,0.009,-0.585,1.844,88.538,-0.608,-0.101,1.523,92.356,-0.617,0.485,-0.321,0.847,17,weighted_average,kalman(weighted_average),true
1788765609.745,118.471,-0.001,-0.567,1.854,88.706,-0.608,-0.101,1.523,89.650,-0.607,0.466,-0.330,0.834,17,weighted_average,kalman(weighted_average),true
1788765609.797,118.524,0.005,-0.570,1.870,88.508,-0.608,-0.101,1.523,88.067,-0.613,0.470,-0.347,0.846,17,weighted_average,kalman(weighted_average),true
1788765609.855,118.581,0.002,-0.550,1.872,88.561,-0.031,-0.526,1.853,87.403,-0.032,0.024,-0.019,0.044,17,weighted_average,kalman(weighted_average),false
1788765609.984,118.710,-0.013,-0.517,1.902,88.747,0.034,-0.554,1.923,87.651,0.047,-0.038,0.022,0.064,17,weighted_average,kalman(weighted_average),false
1788765610.034,118.760,-0.014,-0.499,1.884,88.804,0.008,-0.519,1.905,88.338,0.022,-0.020,0.020,0.036,17,weighted_average,kalman(weighted_average),false
1788765610.089,118.816,-0.008,-0.501,1.901,88.592,-0.003,-0.503,1.905,88.583,0.005,-0.002,0.003,0.007,17,weighted_average,kalman(weighted_average),false
1788765610.138,118.864,-0.007,-0.493,1.902,88.591,-0.007,-0.492,1.904,88.683,0.000,0.001,0.002,0.002,17,weighted_average,kalman(weighted_average),false
1788765610.272,118.999,-0.026,-0.446,1.889,89.030,-0.025,-0.448,1.891,89.058,0.001,-0.002,0.002,0.003,17,weighted_average,kalman(weighted_average),false
1788765610.315,119.041,-0.030,-0.427,1.880,89.153,-0.030,-0.429,1.882,89.164,-0.000,-0.002,0.003,0.003,17,weighted_average,kalman(weighted_average),false
1788765610.364,119.091,-0.020,-0.434,1.898,88.914,-0.026,-0.425,1.889,89.085,-0.007,0.009,-0.009,0.014,17,weighted_average,kalman(weighted_average),false
1788765610.419,119.145,-0.019,-0.421,1.873,88.905,-0.022,-0.417,1.879,89.014,-0.003,0.003,0.005,0.007,17,weighted_average,kalman(weighted_average),false
1788765610.538,119.265,-0.024,-0.403,1.905,89.032,-0.023,-0.402,1.899,89.034,0.000,0.002,-0.006,0.007,17,weighted_average,kalman(weighted_average),false
1788765610.586,119.312,-0.030,-0.391,1.903,89.153,-0.028,-0.392,1.904,89.108,0.002,-0.002,0.001,0.003,17,weighted_average,kalman(weighted_average),false
1788765610.637,119.364,-0.020,-0.389,1.912,88.918,-0.024,-0.387,1.912,89.017,-0.004,0.002,-0.000,0.004,17,weighted_average,kalman(weighted_average),false
1788765610.686,119.413,-0.013,-0.391,1.913,88.751,-0.017,-0.387,1.915,88.869,-0.004,0.004,0.003,0.006,17,weighted_average,kalman(weighted_average),false
1788765610.740,119.466,-0.023,-0.371,1.891,88.930,-0.019,-0.376,1.903,88.871,0.003,-0.005,0.012,0.013,17,weighted_average,kalman(weighted_average),false
1788765610.873,119.600,-0.018,-0.357,1.910,88.842,-0.018,-0.357,1.908,88.826,0.000,0.000,-0.002,0.002,17,weighted_average,kalman(weighted_average),false
1788765610.924,119.650,-0.015,-0.345,1.891,88.748,-0.016,-0.346,1.897,88.771,-0.001,-0.002,0.006,0.007,17,weighted_average,kalman(weighted_average),false
1788765610.971,119.697,-0.027,-0.326,1.892,89.017,-0.023,-0.331,1.893,88.894,0.005,-0.005,0.001,0.007,17,weighted_average,kalman(weighted_average),false
1788765611.021,119.748,-0.037,-0.316,1.908,89.155,-0.032,-0.317,1.901,89.045,0.005,-0.001,-0.008,0.009,17,weighted_average,kalman(weighted_average),false
1788765611.074,119.800,-0.039,-0.305,1.919,89.177,-0.039,-0.304,1.913,89.149,0.001,0.001,-0.007,0.007,17,weighted_average,kalman(weighted_average),false
1788765611.206,119.932,-0.024,-0.291,1.887,88.818,-0.028,-0.289,1.893,88.942,-0.004,0.003,0.006,0.008,17,weighted_average,kalman(weighted_average),false
1788765611.250,119.976,-0.022,-0.273,1.873,88.801,-0.023,-0.277,1.877,88.835,-0.000,-0.004,0.004,0.006,17,weighted_average,kalman(weighted_average),false
1788765611.303,120.030,-0.033,-0.257,1.872,89.018,-0.027,-0.261,1.869,88.900,0.006,-0.004,-0.003,0.008,17,weighted_average,kalman(weighted_average),false
1788765611.350,120.077,-0.041,-0.246,1.888,89.112,-0.035,-0.248,1.876,89.000,0.006,-0.002,-0.011,0.013,17,weighted_average,kalman(weighted_average),false
1788765611.403,120.130,-0.029,-0.240,1.887,88.836,-0.033,-0.238,1.882,88.922,-0.004,0.002,-0.005,0.007,17,weighted_average,kalman(weighted_average),false
1788765611.529,120.255,-0.024,-0.225,1.886,88.696,-0.026,-0.223,1.886,88.741,-0.002,0.002,-0.000,0.003,17,weighted_average,kalman(weighted_average),false
1788765611.580,120.306,-0.047,-0.198,1.910,89.153,-0.039,-0.204,1.903,88.968,0.008,-0.006,-0.007,0.012,17,weighted_average,kalman(weighted_average),false
1788765611.630,120.356,-0.052,-0.181,1.901,89.266,-0.049,-0.186,1.905,89.153,0.003,-0.004,0.004,0.006,17,weighted_average,kalman(weighted_average),false
1788765611.678,120.405,-0.041,-0.181,1.924,89.021,-0.047,-0.177,1.919,89.125,-0.006,0.004,-0.005,0.009,17,weighted_average,kalman(weighted_average),false
1788765611.728,120.455,-0.036,-0.182,1.917,88.889,-0.042,-0.175,1.921,89.026,-0.005,0.007,0.004,0.010,17,weighted_average,kalman(weighted_average),false
1788765611.857,120.583,-0.051,-0.150,1.914,89.114,-0.049,-0.151,1.918,89.092,0.002,-0.001,0.004,0.004,17,weighted_average,kalman(weighted_average),false
1788765611.907,120.633,-0.042,-0.136,1.880,88.925,-0.045,-0.138,1.891,88.999,-0.003,-0.001,0.011,0.012,17,weighted_average,kalman(weighted_average),false
1788765611.955,120.681,-0.049,-0.124,1.876,89.051,-0.048,-0.125,1.877,89.019,0.001,-0.001,0.001,0.002,17,weighted_average,kalman(weighted_average),false
1788765612.007,120.733,-0.050,-0.117,1.887,89.027,-0.050,-0.115,1.878,89.021,0.000,0.002,-0.009,0.009,17,weighted_average,kalman(weighted_average),false
1788765612.059,120.785,-0.044,-0.117,1.890,88.892,-0.047,-0.112,1.882,88.951,-0.003,0.005,-0.008,0.010,17,weighted_average,kalman(weighted_average),false
1788765612.196,120.922,-0.068,-0.079,1.880,89.319,-0.065,-0.081,1.879,89.224,0.003,-0.002,-0.000,0.003,17,weighted_average,kalman(weighted_average),false
1788765612.246,120.972,-0.045,-0.094,1.918,88.813,-0.054,-0.086,1.905,89.006,-0.009,0.008,-0.013,0.017,17,weighted_average,kalman(weighted_average),false
1788765612.296,121.023,-0.027,-0.104,1.917,88.424,-0.037,-0.096,1.917,88.669,-0.010,0.008,-0.000,0.012,17,weighted_average,kalman(weighted_average),false
1788765612.345,121.071,-0.031,-0.100,1.940,88.445,-0.030,-0.099,1.935,88.489,0.001,0.001,-0.005,0.005,17,weighted_average,kalman(weighted_average),false
1788765612.478,121.205,-0.083,-0.050,1.891,90.035,-0.072,-0.058,1.903,89.603,0.010,-0.008,0.011,0.017,17,weighted_average,kalman(weighted_average),false
1788765612.523,121.250,-0.082,-0.041,1.900,90.393,-0.085,-0.042,1.896,90.213,-0.002,-0.000,-0.004,0.005,17,weighted_average,kalman(weighted_average),false
1788765612.577,121.304,-0.088,-0.029,1.887,91.086,-0.093,-0.027,1.886,90.932,-0.005,0.002,-0.001,0.006,17,weighted_average,kalman(weighted_average),false
1788765612.625,121.351,-0.063,-0.049,1.910,90.882,-0.080,-0.034,1.897,91.148,-0.017,0.015,-0.014,0.026,17,weighted_average,kalman(weighted_average),false
1788765612.678,121.404,-0.079,-0.039,1.921,91.686,-0.080,-0.035,1.911,91.653,-0.001,0.005,-0.010,0.011,17,weighted_average,kalman(weighted_average),false
1788765612.811,121.537,-0.117,0.004,1.848,93.128,-0.112,-0.000,1.859,93.068,0.005,-0.004,0.011,0.013,17,weighted_average,kalman(weighted_average),false
1788765612.859,121.585,-0.091,-0.021,1.911,93.104,-0.102,-0.010,1.887,93.287,-0.011,0.011,-0.024,0.029,17,weighted_average,kalman(weighted_average),false
1788765612.908,121.634,-0.117,0.019,1.843,94.089,-0.112,0.009,1.859,93.919,0.004,-0.009,0.016,0.019,17,weighted_average,kalman(weighted_average),false
1788765612.959,121.685,-0.122,0.020,1.861,94.415,-0.121,0.020,1.855,94.421,0.001,0.000,-0.006,0.006,17,weighted_average,kalman(weighted_average),false
1788765613.092,121.818,-0.299,0.520,1.985,97.323,-0.276,0.454,1.963,96.970,0.022,-0.066,-0.021,0.073,6,weighted_average,kalman(weighted_average),false
1788765613.135,121.861,-0.433,0.606,1.670,100.355,-0.276,0.454,1.963,99.306,0.157,-0.152,0.293,0.366,3,weighted_average,kalman(weighted_average),true
1788765613.188,121.914,0.101,0.576,1.845,95.417,0.032,0.553,1.867,97.784,-0.069,-0.022,0.022,0.076,3,weighted_average,kalman(weighted_average),false
1788765613.241,121.968,-0.339,0.538,1.983,98.968,0.032,0.553,1.867,98.608,0.371,0.015,-0.116,0.389,6,weighted_average,kalman(weighted_average),true
1788765613.292,122.018,-0.492,0.581,0.779,101.851,0.032,0.553,1.867,100.575,0.524,-0.027,1.088,1.208,3,weighted_average,kalman(weighted_average),true
1788765613.423,122.150,0.301,0.615,1.723,94.800,0.287,0.612,1.731,96.749,-0.014,-0.003,0.008,0.017,3,weighted_average,kalman(weighted_average),false
1788765613.472,122.198,-0.393,0.580,1.977,100.852,0.287,0.612,1.731,98.780,0.680,0.032,-0.246,0.724,6,weighted_average,kalman(weighted_average),true
1788765613.517,122.243,-0.410,0.663,1.889,102.559,0.287,0.612,1.731,100.801,0.697,-0.051,-0.158,0.717,3,weighted_average,kalman(weighted_average),true
1788765613.569,122.295,0.098,0.557,2.490,98.039,0.287,0.612,1.731,99.644,0.189,0.055,-0.759,0.784,3,weighted_average,kalman(weighted_average),true
1788765613.619,122.346,-0.078,0.587,2.505,100.043,0.287,0.612,1.731,99.861,0.365,0.024,-0.774,0.856,3,weighted_average,kalman(weighted_average),true
1788765613.749,122.475,-0.478,0.722,1.666,104.196,-0.462,0.719,1.667,103.219,0.016,-0.002,0.001,0.016,3,weighted_average,kalman(weighted_average),false
1788765613.798,122.524,-0.691,0.733,1.318,106.561,-0.662,0.735,1.426,105.714,0.030,0.002,0.108,0.112,3,weighted_average,kalman(weighted_average),false
1788765613.845,122.571,-0.462,0.636,2.472,105.290,-0.662,0.735,1.426,106.186,-0.200,0.099,-1.046,1.070,3,weighted_average,kalman(weighted_average),true
1788765613.896,122.623,-0.444,0.700,0.854,104.643,-0.662,0.735,1.426,105.958,-0.218,0.034,0.572,0.613,3,weighted_average,kalman(weighted_average),true
1788765613.948,122.675,-0.220,0.628,2.606,103.611,-0.662,0.735,1.426,105.066,-0.442,0.107,-1.180,1.264,3,weighted_average,kalman(weighted_average),true
1788765614.075,122.801,-0.390,0.662,2.519,105.822,-0.398,0.664,2.487,105.729,-0.008,0.002,-0.033,0.034,3,weighted_average,kalman(weighted_average),false
1788765614.125,122.851,-0.561,0.784,1.213,106.673,-0.398,0.664,2.487,106.401,0.162,-0.120,1.274,1.289,3,weighted_average,kalman(weighted_average),true
1788765614.175,122.902,-0.410,0.803,1.522,105.134,-0.398,0.664,2.487,105.867,0.011,-0.138,0.964,0.974,3,weighted_average,kalman(weighted_average),true
1788765614.235,122.962,-0.411,0.799,1.517,105.048,-0.398,0.664,2.487,105.430,0.013,-0.135,0.969,0.979,3,weighted_average,kalman(weighted_average),true
1788765614.368,123.094,-0.425,0.767,0.812,104.709,-0.398,0.664,2.487,104.798,0.027,-0.103,1.674,1.678,3,weighted_average,kalman(weighted_average),true
1788765614.418,123.144,-0.620,0.829,1.857,106.670,-0.616,0.827,1.867,105.869,0.004,-0.003,0.011,0.012,3,weighted_average,kalman(weighted_average),false
1788765614.465,123.191,-1.087,0.716,2.238,111.414,-0.616,0.827,1.867,109.026,0.471,0.111,-0.371,0.609,3,weighted_average,kalman(weighted_average),true
1788765614.520,123.247,-0.752,0.787,1.906,106.278,-0.729,0.794,1.899,108.151,0.023,0.007,-0.007,0.025,6,weighted_average,kalman(weighted_average),false
1788765614.646,123.372,-0.360,0.706,0.385,103.434,-0.729,0.794,1.899,104.831,-0.369,0.088,1.514,1.560,3,weighted_average,kalman(weighted_average),true
1788765614.695,123.421,-0.251,0.884,1.451,102.434,-0.285,0.878,1.483,102.959,-0.034,-0.006,0.032,0.047,3,weighted_average,kalman(weighted_average),false
1788765614.746,123.472,0.042,0.731,0.458,99.932,-0.285,0.878,1.483,100.639,-0.327,0.147,1.025,1.086,3,weighted_average,kalman(weighted_average),true
1788765614.793,123.519,-0.579,0.869,1.759,106.432,-0.520,0.871,1.703,102.937,0.059,0.002,-0.055,0.081,3,weighted_average,kalman(weighted_average),false
1788765614.843,123.569,-1.093,0.729,2.295,112.558,-0.520,0.871,1.703,107.786,0.573,0.142,-0.592,0.836,3,weighted_average,kalman(weighted_average),true
1788765614.977,123.703,-0.829,0.801,1.945,108.903,-0.803,0.807,1.925,109.562,0.026,0.006,-0.020,0.034,6,weighted_average,kalman(weighted_average),false
1788765615.022,123.748,-0.858,0.799,1.934,109.172,-0.868,0.795,1.953,109.587,-0.009,-0.004,0.018,0.021,6,weighted_average,kalman(weighted_average),false
1788765615.074,123.801,-0.660,0.872,1.291,108.282,-0.868,0.795,1.953,109.070,-0.208,-0.077,0.662,0.698,3,weighted_average,kalman(weighted_average),true
1788765615.122,123.849,-1.093,0.719,0.567,112.337,-0.868,0.795,1.953,110.864,0.226,0.075,1.386,1.407,3,weighted_average,kalman(weighted_average),true
1788765615.260,123.986,-0.846,0.831,0.948,109.836,-0.868,0.795,1.953,110.476,-0.021,-0.036,1.004,1.005,3,weighted_average,kalman(weighted_average),true
1788765615.309,124.035,-0.269,0.829,2.379,105.109,-0.287,0.828,2.366,107.122,-0.017,-0.001,-0.012,0.021,3,weighted_average,kalman(weighted_average),false
1788765615.356,124.082,-0.867,0.679,1.839,110.024,-0.287,0.828,2.366,108.190,0.580,0.148,0.528,0.798,5,weighted_average,kalman(weighted_average),true
1788765615.409,124.136,-0.877,0.684,1.842,110.669,-0.287,0.828,2.366,109.325,0.590,0.144,0.524,0.803,5,weighted_average,kalman(weighted_average),true
1788765615.548,124.274,-0.914,0.681,1.831,112.213,-0.888,0.687,1.854,111.686,0.027,0.006,0.023,0.035,5,weighted_average,kalman(weighted_average),false
1788765615.599,124.325,-0.903,0.684,1.873,112.208,-0.946,0.673,1.826,112.325,-0.044,-0.010,-0.047,0.065,5,weighted_average,kalman(weighted_average),false
1788765615.651,124.377,-0.918,0.686,1.848,112.896,-0.965,0.673,1.812,112.986,-0.047,-0.013,-0.036,0.061,5,weighted_average,kalman(weighted_average),false
1788765615.700,124.427,-0.928,0.691,1.868,113.147,-0.965,0.680,1.830,113.394,-0.036,-0.011,-0.038,0.054,5,weighted_average,kalman(weighted_average),false
1788765615.831,124.557,-0.955,0.698,1.844,114.370,-0.968,0.695,1.836,114.508,-0.014,-0.004,-0.008,0.017,5,weighted_average,kalman(weighted_average),false
1788765615.880,124.607,-0.960,0.693,1.849,114.731,-0.962,0.696,1.846,114.813,-0.002,0.002,-0.003,0.005,5,weighted_average,kalman(weighted_average),false
1788765615.934,124.661,-0.968,0.699,1.848,115.256,-0.965,0.700,1.849,115.249,0.004,0.000,0.002,0.004,5,weighted_average,kalman(weighted_average),false
1788765615.983,124.710,-0.999,0.686,1.848,116.158,-0.986,0.693,1.850,115.918,0.014,0.007,0.003,0.016,5,weighted_average,kalman(weighted_average),false
1788765616.113,124.839,-1.007,0.691,1.840,116.644,-1.007,0.691,1.842,116.774,-0.000,-0.000,0.003,0.003,5,weighted_average,kalman(weighted_average),false
1788765616.160,124.887,-1.042,0.704,1.817,117.547,-1.033,0.700,1.824,117.372,0.009,-0.004,0.007,0.012,5,weighted_average,kalman(weighted_average),false
1788765616.215,124.941,-1.049,0.701,1.822,117.831,-1.050,0.702,1.819,117.840,-0.001,0.001,-0.003,0.003,5,weighted_average,kalman(weighted_average),false
1788765616.267,124.993,-1.076,0.712,1.835,118.417,-1.072,0.709,1.826,118.363,0.004,-0.003,-0.009,0.010,5,weighted_average,kalman(weighted_average),false
1788765616.405,125.131,-1.135,0.713,1.817,119.906,-1.133,0.714,1.818,119.851,0.001,0.001,0.001,0.002,5,weighted_average,kalman(weighted_average),false
1788765616.457,125.183,-1.176,0.714,1.837,120.763,-1.170,0.715,1.830,120.631,0.006,0.000,-0.007,0.009,5,weighted_average,kalman(weighted_average),false
1788765616.515,125.242,-1.164,0.714,1.849,120.868,-1.177,0.715,1.844,121.061,-0.013,0.001,-0.005,0.014,5,weighted_average,kalman(weighted_average),false
1788765616.564,125.291,-1.190,0.723,1.817,121.541,-1.191,0.720,1.831,121.551,-0.001,-0.003,0.013,0.014,5,weighted_average,kalman(weighted_average),false
1788765616.708,125.434,-1.233,0.742,1.856,122.731,-1.233,0.740,1.852,122.786,-0.000,-0.002,-0.003,0.004,5,weighted_average,kalman(weighted_average),false
1788765616.753,125.480,-1.260,0.746,1.816,123.506,-1.255,0.746,1.831,123.378,0.004,0.000,0.015,0.016,5,weighted_average,kalman(weighted_average),false
1788765616.807,125.533,-1.289,0.742,1.827,124.055,-1.284,0.746,1.827,123.997,0.005,0.004,-0.000,0.007,5,weighted_average,kalman(weighted_average),false
1788765616.855,125.581,-1.315,0.746,1.839,124.821,-1.311,0.748,1.832,124.676,0.004,0.001,-0.006,0.007,5,weighted_average,kalman(weighted_average),false
1788765616.997,125.724,-1.341,0.759,1.824,126.023,-1.346,0.759,1.825,126.091,-0.005,-0.000,0.001,0.005,5,weighted_average,kalman(weighted_average),false
1788765617.048,125.774,-1.374,0.763,1.801,126.841,-1.369,0.763,1.807,126.750,0.006,0.000,0.007,0.009,5,weighted_average,kalman(weighted_average),false
1788765617.094,125.821,-1.358,0.766,1.814,126.875,-1.368,0.766,1.808,127.047,-0.009,0.000,-0.006,0.011,5,weighted_average,kalman(weighted_average),false
1788765617.147,125.874,-1.394,0.753,1.827,127.532,-1.387,0.760,1.817,127.541,0.007,0.007,-0.009,0.013,5,weighted_average,kalman(weighted_average),false
1788765617.279,126.005,-1.428,0.768,1.815,128.600,-1.427,0.767,1.816,128.641,0.001,-0.002,0.001,0.002,5,weighted_average,kalman(weighted_average),false
1788765617.330,126.056,-1.455,0.605,1.908,129.747,-1.451,0.657,1.879,129.488,0.004,0.052,-0.030,0.060,13,weighted_average,kalman(weighted_average),false
1788765617.382,126.108,-1.504,0.580,1.877,130.785,-1.492,0.590,1.888,130.484,0.012,0.010,0.011,0.019,13,weighted_average,kalman(weighted_average),false
1788765617.432,126.158,-1.503,0.593,1.904,131.028,-1.510,0.571,1.905,131.105,-0.007,-0.023,0.001,0.024,13,weighted_average,kalman(weighted_average),false
1788765617.571,126.297,-1.532,0.614,1.870,131.994,-1.538,0.595,1.881,132.205,-0.006,-0.020,0.011,0.023,13,weighted_average,kalman(weighted_average),false
1788765617.620,126.346,-1.558,0.597,1.878,132.942,-1.554,0.601,1.875,132.814,0.004,0.004,-0.003,0.007,13,weighted_average,kalman(weighted_average),false
1788765617.672,126.399,-1.575,0.604,1.846,133.258,-1.572,0.607,1.853,133.283,0.003,0.003,0.007,0.008,13,weighted_average,kalman(weighted_average),false
1788765617.722,126.448,-1.579,0.615,1.873,133.625,-1.582,0.616,1.859,133.682,-0.003,0.000,-0.014,0.014,13,weighted_average,kalman(weighted_average),false
1788765617.859,126.585,-1.592,0.628,1.855,134.702,-1.595,0.630,1.854,134.744,-0.003,0.002,-0.001,0.004,13,weighted_average,kalman(weighted_average),false
1788765617.908,126.635,-1.615,0.622,1.856,135.283,-1.610,0.626,1.855,135.225,0.005,0.004,-0.001,0.007,13,weighted_average,kalman(weighted_average),false
1788765617.960,126.686,-1.619,0.647,1.826,135.650,-1.619,0.640,1.836,135.656,-0.000,-0.007,0.010,0.013,13,weighted_average,kalman(weighted_average),false
1788765618.016,126.742,-1.629,0.631,1.864,136.565,-1.629,0.637,1.850,136.372,0.000,0.006,-0.014,0.015,13,weighted_average,kalman(weighted_average),false
1788765618.145,126.871,-1.645,0.651,1.850,137.728,-1.646,0.649,1.851,137.719,-0.001,-0.001,0.001,0.002,13,weighted_average,kalman(weighted_average),false
1788765618.190,126.916,-1.671,0.632,1.834,138.541,-1.665,0.639,1.839,138.400,0.007,0.008,0.006,0.012,13,weighted_average,kalman(weighted_average),false
1788765618.242,126.969,-1.662,0.650,1.822,138.545,-1.667,0.646,1.826,138.753,-0.006,-0.004,0.004,0.009,13,weighted_average,kalman(weighted_average),false
1788765618.294,127.020,-1.681,0.652,1.823,139.300,-1.679,0.650,1.821,139.285,0.002,-0.002,-0.002,0.004,13,weighted_average,kalman(weighted_average),false
1788765618.432,127.159,-1.677,0.659,1.850,140.425,-1.681,0.659,1.844,140.478,-0.003,-0.000,-0.006,0.007,13,weighted_average,kalman(weighted_average),false
1788765618.478,127.205,-1.681,0.674,1.788,141.017,-1.681,0.670,1.810,140.962,0.000,-0.004,0.022,0.022,13,weighted_average,kalman(weighted_average),false
1788765618.528,127.255,-1.693,0.666,1.845,141.491,-1.688,0.670,1.829,141.464,0.005,0.004,-0.017,0.018,13,weighted_average,kalman(weighted_average),false
1788765618.581,127.307,-1.697,0.676,1.809,142.139,-1.695,0.675,1.818,142.060,0.002,-0.001,0.009,0.009,13,weighted_average,kalman(weighted_average),false
1788765618.631,127.358,-1.680,0.699,1.840,142.029,-1.688,0.691,1.830,142.288,-0.008,-0.008,-0.010,0.015,13,weighted_average,kalman(weighted_average),false
1788765618.764,127.491,-1.706,0.695,1.793,143.860,-1.703,0.698,1.800,143.751,0.003,0.003,0.007,0.008,13,weighted_average,kalman(weighted_average),false
1788765618.814,127.540,-1.685,0.723,1.832,144.083,-1.693,0.715,1.817,144.161,-0.008,-0.008,-0.015,0.018,13,weighted_average,kalman(weighted_average),false
1788765618.865,127.592,-1.277,-1.486,0.985,-179.876,-1.693,0.715,1.817,164.778,-0.416,2.202,0.833,2.391,4,weighted_average,kalman(weighted_average),true
1788765618.922,127.648,-1.624,0.825,1.974,142.631,-1.637,0.805,1.945,156.136,-0.013,-0.021,-0.030,0.038,4,weighted_average,kalman(weighted_average),false
1788765619.064,127.791,-1.673,0.674,2.008,146.807,-1.662,0.699,2.015,149.529,0.011,0.026,0.008,0.029,4,weighted_average,kalman(weighted_average),false
1788765619.145,127.871,-1.663,0.743,1.883,146.663,-1.667,0.718,1.919,146.464,-0.004,-0.025,0.036,0.044,4,weighted_average,kalman(weighted_average),false
1788765619.215,127.941,-1.669,0.725,1.910,147.071,-1.671,0.721,1.899,145.886,-0.002,-0.004,-0.010,0.011,4,weighted_average,kalman(weighted_average),false
1788765619.361,128.087,-1.667,0.721,1.928,147.389,-1.669,0.720,1.919,146.512,-0.002,-0.000,-0.010,0.010,4,weighted_average,kalman(weighted_average),false
1788765619.421,128.148,-1.658,0.768,1.883,146.766,-1.661,0.755,1.896,146.744,-0.002,-0.013,0.014,0.019,4,weighted_average,kalman(weighted_average),false
1788765619.484,128.211,-1.653,0.818,1.836,146.403,-1.654,0.805,1.852,146.612,-0.001,-0.014,0.017,0.021,4,weighted_average,kalman(weighted_average),false
1788765619.564,128.290,-1.651,0.811,1.844,146.820,-1.650,0.821,1.838,146.775,0.001,0.010,-0.007,0.012,4,weighted_average,kalman(weighted_average),false
1788765619.733,128.459,-1.653,0.769,1.959,149.644,-1.652,0.777,1.946,149.302,0.001,0.008,-0.012,0.015,4,weighted_average,kalman(weighted_average),false
1788765619.808,128.534,-1.655,0.791,1.848,150.169,-1.655,0.781,1.885,150.267,0.000,-0.011,0.037,0.039,4,weighted_average,kalman(weighted_average),false
1788765619.880,128.606,-1.663,-0.761,1.408,175.640,-1.655,0.781,1.885,167.547,0.008,1.541,0.477,1.614,4,weighted_average,kalman(weighted_average),true
1788765620.074,128.801,-1.669,0.722,1.836,153.699,-1.669,0.723,1.837,157.439,0.000,0.002,0.001,0.002,4,weighted_average,kalman(weighted_average),false
1788765620.133,128.859,-1.661,0.710,1.884,154.068,-1.664,0.709,1.868,153.436,-0.003,-0.001,-0.016,0.017,4,weighted_average,kalman(weighted_average),false
1788765620.188,128.914,-1.646,0.718,1.958,154.028,-1.651,0.710,1.934,152.019,-0.006,-0.007,-0.024,0.026,4,weighted_average,kalman(weighted_average),false
1788765620.242,128.969,-1.673,0.627,1.951,155.630,-1.663,0.653,1.958,152.720,0.010,0.026,0.008,0.029,4,weighted_average,kalman(weighted_average),false
1788765620.445,129.171,-1.609,0.847,1.899,152.171,-1.612,0.831,1.908,151.613,-0.003,-0.016,0.009,0.018,4,weighted_average,kalman(weighted_average),false
1788765620.505,129.231,-1.629,0.800,1.864,153.003,-1.618,0.834,1.865,152.588,0.011,0.034,0.002,0.036,4,weighted_average,kalman(weighted_average),false
1788765620.560,129.286,-1.670,0.671,1.894,155.100,-1.650,0.740,1.872,154.275,0.020,0.068,-0.022,0.074,4,weighted_average,kalman(weighted_average),false
1788765620.610,129.336,-1.621,0.810,1.878,152.805,-1.636,0.775,1.871,153.832,-0.015,-0.035,-0.008,0.039,4,weighted_average,kalman(weighted_average),false
1788765620.780,129.506,-1.656,0.669,1.874,155.080,-1.654,0.678,1.872,155.088,0.002,0.009,-0.003,0.010,4,weighted_average,kalman(weighted_average),false
1788765620.849,129.575,-1.611,0.759,2.011,153.281,-1.624,0.727,1.978,153.980,-0.013,-0.033,-0.033,0.048,4,weighted_average,kalman(weighted_average),false
1788765620.904,129.630,-1.593,0.818,1.958,152.313,-1.599,0.790,1.982,152.885,-0.007,-0.029,0.024,0.038,4,weighted_average,kalman(weighted_average),false
1788765620.972,129.698,-1.640,0.678,1.962,154.651,-1.621,0.725,1.979,153.711,0.019,0.047,0.017,0.053,4,weighted_average,kalman(weighted_average),false
1788765621.141,129.867,-1.598,0.802,1.907,152.586,-1.601,0.792,1.915,152.751,-0.002,-0.010,0.008,0.013,4,weighted_average,kalman(weighted_average),false
1788765621.203,129.930,-1.609,0.766,1.916,153.166,-1.604,0.783,1.907,152.905,0.005,0.017,-0.009,0.020,4,weighted_average,kalman(weighted_average),false
1788765621.278,130.005,-1.587,0.820,1.863,152.292,-1.590,0.814,1.868,152.433,-0.004,-0.006,0.005,0.009,4,weighted_average,kalman(weighted_average),false
1788765621.423,130.149,-1.604,0.741,1.930,153.526,-1.600,0.754,1.917,153.231,0.003,0.013,-0.013,0.019,4,weighted_average,kalman(weighted_average),false
1788765621.476,130.203,-1.596,0.755,1.906,153.336,-1.599,0.746,1.917,153.395,-0.003,-0.009,0.010,0.014,4,weighted_average,kalman(weighted_average),false
1788765621.549,130.275,-1.587,0.725,2.003,153.666,-1.591,0.724,1.984,153.679,-0.004,-0.001,-0.019,0.020,4,weighted_average,kalman(weighted_average),false
1788765621.613,130.340,-1.580,0.723,2.031,153.642,-1.582,0.717,2.029,153.756,-0.002,-0.006,-0.001,0.007,4,weighted_average,kalman(weighted_average),false
1788765621.774,130.500,-1.573,0.792,1.907,152.696,-1.572,0.782,1.927,152.923,0.001,-0.009,0.020,0.022,4,weighted_average,kalman(weighted_average),false
1788765621.830,130.557,-1.589,0.709,1.972,153.970,-1.583,0.739,1.944,153.500,0.005,0.030,-0.028,0.042,4,weighted_average,kalman(weighted_average),false
1788765621.883,130.609,-1.565,0.794,1.918,152.610,-1.572,0.773,1.921,152.994,-0.008,-0.021,0.003,0.023,4,weighted_average,kalman(weighted_average),false
1788765621.951,130.678,-1.591,0.714,1.898,153.981,-1.584,0.738,1.897,153.514,0.007,0.023,-0.001,0.025,4,weighted_average,kalman(weighted_average),false
1788765622.129,130.855,-1.570,0.755,1.913,153.305,-1.572,0.752,1.908,153.375,-0.002,-0.004,-0.005,0.007,4,weighted_average,kalman(weighted_average),false
1788765622.189,130.915,-1.584,0.746,1.784,153.660,-1.579,0.750,1.821,153.543,0.005,0.004,0.037,0.038,4,weighted_average,kalman(weighted_average),false
1788765622.246,130.972,-1.580,0.711,1.918,154.057,-1.579,0.725,1.874,153.866,0.000,0.014,-0.044,0.046,4,weighted_average,kalman(weighted_average),false
1788765622.312,131.038,-1.574,0.731,1.908,153.768,-1.576,0.725,1.900,153.873,-0.002,-0.006,-0.008,0.010,4,weighted_average,kalman(weighted_average),false
1788765622.522,131.248,-1.568,0.766,1.837,153.373,-1.568,0.764,1.843,153.449,-0.000,-0.003,0.006,0.007,4,weighted_average,kalman(weighted_average),false
1788765622.578,131.305,-1.573,0.751,1.857,153.651,-1.571,0.759,1.845,153.526,0.002,0.009,-0.013,0.015,4,weighted_average,kalman(weighted_average),false
1788765622.634,131.361,-1.560,0.779,1.888,153.159,-1.564,0.774,1.869,153.276,-0.004,-0.004,-0.019,0.020,4,weighted_average,kalman(weighted_average),false
1788765622.704,131.431,-1.562,0.773,1.912,153.266,-1.561,0.778,1.901,153.202,0.001,0.004,-0.011,0.012,4,weighted_average,kalman(weighted_average),false
1788765622.896,131.622,-1.551,0.839,1.781,152.431,-1.551,0.837,1.791,152.474,-0.000,-0.002,0.010,0.010,4,weighted_average,kalman(weighted_average),false
1788765622.974,131.701,-1.568,0.795,1.816,153.204,-1.563,0.810,1.795,152.918,0.004,0.015,-0.021,0.026,4,weighted_average,kalman(weighted_average),false
1788765623.023,131.749,-1.562,0.777,1.939,153.392,-1.564,0.787,1.885,153.222,-0.002,0.010,-0.054,0.055,4,weighted_average,kalman(weighted_average),false
1788765623.078,131.804,-1.555,0.807,1.960,152.904,-1.559,0.794,1.945,153.109,-0.004,-0.012,-0.014,0.019,4,weighted_average,kalman(weighted_average),false
1788765623.242,131.969,-1.571,0.792,1.851,153.436,-1.570,0.791,1.872,153.411,0.001,-0.001,0.020,0.020,4,weighted_average,kalman(weighted_average),false
1788765623.320,132.046,-1.591,0.721,1.956,154.570,-1.588,0.736,1.924,154.288,0.003,0.015,-0.032,0.036,4,weighted_average,kalman(weighted_average),false
1788765623.382,132.109,-1.573,0.813,1.880,153.162,-1.581,0.782,1.896,153.727,-0.008,-0.031,0.016,0.036,4,weighted_average,kalman(weighted_average),false
1788765623.528,132.255,-1.613,0.705,1.865,155.116,-1.610,0.716,1.866,154.877,0.003,0.011,0.001,0.011,4,weighted_average,kalman(weighted_average),false
1788765623.605,132.331,-1.573,0.840,1.783,152.959,-1.585,0.803,1.798,153.683,-0.012,-0.037,0.015,0.042,4,weighted_average,kalman(weighted_average),false
1788765623.677,132.403,-1.580,0.797,1.914,153.514,-1.579,0.809,1.870,153.460,0.001,0.012,-0.043,0.045,4,weighted_average,kalman(weighted_average),false
1788765623.851,132.577,-3.223,-1.476,3.086,-179.960,-1.579,0.809,1.870,176.714,1.644,2.286,-1.216,3.067,10,weighted_average,kalman(weighted_average),true
1788765623.898,132.625,-1.612,0.730,1.870,154.807,-1.611,0.733,1.870,165.499,0.001,0.003,0.000,0.003,4,weighted_average,kalman(weighted_average),false
1788765623.975,132.701,-1.578,0.838,1.841,153.031,-1.590,0.803,1.848,157.681,-0.012,-0.034,0.007,0.037,4,weighted_average,kalman(weighted_average),false
1788765624.048,132.775,-1.573,0.826,1.935,153.113,-1.576,0.828,1.908,153.477,-0.003,0.002,-0.027,0.027,4,weighted_average,kalman(weighted_average),false
1788765624.209,132.936,-1.552,0.885,1.942,151.459,-1.552,0.885,1.945,150.527,0.000,0.000,0.003,0.003,4,weighted_average,kalman(weighted_average),false
1788765624.262,132.989,-1.580,0.839,1.877,151.961,-1.569,0.858,1.900,151.141,0.011,0.019,0.023,0.032,4,weighted_average,kalman(weighted_average),false
1788765624.316,133.042,-1.620,0.716,1.839,154.049,-1.604,0.765,1.854,152.718,0.016,0.048,0.016,0.053,4,weighted_average,kalman(weighted_average),false
1788765624.385,133.111,-1.583,0.807,1.931,152.400,-1.597,0.775,1.896,152.730,-0.014,-0.031,-0.035,0.049,4,weighted_average,kalman(weighted_average),false
1788765624.572,133.298,-1.604,0.742,1.954,153.444,-1.604,0.741,1.952,153.450,-0.000,-0.001,-0.002,0.002,4,weighted_average,kalman(weighted_average),false
1788765624.622,133.348,-1.608,0.706,2.004,153.971,-1.607,0.714,1.994,153.852,0.001,0.008,-0.011,0.014,4,weighted_average,kalman(weighted_average),false
1788765624.677,133.403,-1.574,0.812,1.976,152.204,-1.586,0.773,1.993,152.989,-0.012,-0.039,0.017,0.044,4,weighted_average,kalman(weighted_average),false
1788765624.741,133.467,-1.568,0.842,1.950,151.753,-1.570,0.827,1.970,152.162,-0.002,-0.014,0.020,0.024,4,weighted_average,kalman(weighted_average),false
1788765624.928,133.654,-1.559,0.874,1.907,151.282,-1.557,0.878,1.910,151.221,0.002,0.004,0.003,0.006,4,weighted_average,kalman(weighted_average),false
1788765624.981,133.708,-1.574,0.832,1.943,151.959,-1.569,0.847,1.927,151.622,0.005,0.016,-0.016,0.023,4,weighted_average,kalman(weighted_average),false
1788765625.043,133.770,-1.600,0.758,1.959,153.180,-1.593,0.782,1.948,152.594,0.008,0.024,-0.011,0.028,4,weighted_average,kalman(weighted_average),false
1788765625.099,133.826,-1.577,0.844,1.890,151.829,-1.587,0.809,1.913,152.311,-0.010,-0.035,0.023,0.043,4,weighted_average,kalman(weighted_average),false
1788765625.276,134.002,-1.588,0.797,1.948,152.508,-1.589,0.797,1.943,152.534,-0.001,-0.000,-0.005,0.006,4,weighted_average,kalman(weighted_average),false
1788765625.343,134.069,-1.595,0.775,1.950,152.872,-1.593,0.780,1.953,152.791,0.002,0.004,0.003,0.006,4,weighted_average,kalman(weighted_average),false
1788765625.404,134.130,-1.585,0.820,1.919,152.153,-1.588,0.804,1.934,152.445,-0.003,-0.016,0.014,0.021,4,weighted_average,kalman(weighted_average),false
1788765625.475,134.202,-1.608,0.720,2.016,153.678,-1.602,0.747,1.991,153.199,0.006,0.027,-0.025,0.038,4,weighted_average,kalman(weighted_average),false
1788765625.644,134.370,-1.610,0.737,1.957,153.451,-1.611,0.732,1.966,153.523,-0.001,-0.005,0.009,0.010,4,weighted_average,kalman(weighted_average),false
1788765625.720,134.447,-1.600,0.773,1.929,152.883,-1.603,0.764,1.931,153.098,-0.003,-0.009,0.003,0.010,4,weighted_average,kalman(weighted_average),false
1788765625.776,134.502,-1.615,0.732,1.947,153.538,-1.610,0.747,1.935,153.322,0.005,0.015,-0.012,0.020,4,weighted_average,kalman(weighted_average),false
1788765625.837,134.563,-1.616,0.756,1.878,153.237,-1.614,0.753,1.893,153.278,0.001,-0.003,0.015,0.015,4,weighted_average,kalman(weighted_average),false
1788765625.991,134.717,-1.626,0.683,1.970,154.314,-1.625,0.691,1.956,154.139,0.000,0.008,-0.014,0.016,4,weighted_average,kalman(weighted_average),false
1788765626.065,134.791,-1.604,0.783,1.914,152.747,-1.610,0.753,1.934,153.281,-0.006,-0.030,0.020,0.036,4,weighted_average,kalman(weighted_average),false
1788765626.139,134.865,-1.588,0.837,1.897,151.876,-1.592,0.822,1.907,152.264,-0.004,-0.015,0.010,0.018,4,weighted_average,kalman(weighted_average),false
1788765626.283,135.009,-1.590,0.825,1.915,152.058,-1.588,0.835,1.911,151.883,0.003,0.010,-0.004,0.012,4,weighted_average,kalman(weighted_average),false
1788765626.343,135.070,-1.612,0.730,1.993,153.528,-1.605,0.759,1.971,152.912,0.007,0.029,-0.022,0.037,4,weighted_average,kalman(weighted_average),false
1788765626.424,135.151,-1.615,0.756,1.920,153.226,-1.615,0.744,1.943,153.269,-0.001,-0.012,0.023,0.026,4,weighted_average,kalman(weighted_average),false
1788765626.618,135.345,-1.585,0.808,1.954,152.347,-1.588,0.802,1.953,152.529,-0.003,-0.007,-0.001,0.007,4,weighted_average,kalman(weighted_average),false
1788765626.680,135.406,-1.585,0.851,1.903,151.779,-1.581,0.847,1.918,151.906,0.003,-0.004,0.015,0.016,4,weighted_average,kalman(weighted_average),false
1788765626.742,135.468,-1.579,0.815,1.977,152.283,-1.576,0.837,1.954,151.971,0.002,0.022,-0.023,0.032,4,weighted_average,kalman(weighted_average),false
1788765626.808,135.534,-1.572,0.858,1.865,151.764,-1.571,0.855,1.897,151.750,0.001,-0.002,0.031,0.031,4,weighted_average,kalman(weighted_average),false
1788765626.991,135.718,-1.576,0.846,1.874,152.064,-1.575,0.849,1.871,151.952,0.001,0.003,-0.003,0.005,4,weighted_average,kalman(weighted_average),false
1788765627.057,135.783,-1.597,0.780,1.933,153.185,-1.592,0.795,1.917,152.845,0.005,0.015,-0.016,0.023,4,weighted_average,kalman(weighted_average),false
1788765627.113,135.839,-1.590,0.788,1.961,153.047,-1.594,0.781,1.954,153.127,-0.004,-0.007,-0.008,0.011,4,weighted_average,kalman(weighted_average),false
1788765627.264,135.991,-1.553,0.885,1.957,151.447,-1.559,0.869,1.965,151.881,-0.006,-0.016,0.007,0.019,4,weighted_average,kalman(weighted_average),false
1788765627.327,136.054,-1.559,0.878,1.922,151.637,-1.554,0.889,1.933,151.544,0.005,0.010,0.011,0.016,4,weighted_average,kalman(weighted_average),false
1788765627.393,136.119,-1.562,0.874,1.903,151.760,-1.556,0.889,1.906,151.513,0.006,0.014,0.003,0.016,4,weighted_average,kalman(weighted_average),false
1788765627.460,136.187,-1.553,0.903,1.941,151.279,-1.553,0.903,1.923,151.264,-0.000,0.000,-0.017,0.017,4,weighted_average,kalman(weighted_average),false
1788765627.617,136.343,-1.587,0.812,1.950,152.335,-1.583,0.823,1.947,152.071,0.004,0.012,-0.002,0.012,4,weighted_average,kalman(weighted_average),false
1788765627.681,136.407,-1.573,0.806,2.001,151.296,-1.580,0.799,1.990,151.659,-0.007,-0.007,-0.011,0.014,4,weighted_average,kalman(weighted_average),false
1788765627.747,136.473,-1.556,0.875,1.881,149.630,-1.564,0.843,1.921,150.369,-0.009,-0.032,0.041,0.052,4,weighted_average,kalman(weighted_average),false
1788765627.810,136.536,-1.564,0.838,1.960,149.486,-1.562,0.843,1.940,149.607,0.002,0.005,-0.020,0.021,4,weighted_average,kalman(weighted_average),false
1788765627.962,136.689,-1.539,0.871,1.913,147.645,-1.540,0.870,1.915,147.710,-0.001,-0.002,0.002,0.003,4,weighted_average,kalman(weighted_average),false
1788765628.032,136.758,-1.512,0.939,1.845,145.822,-1.516,0.925,1.859,146.136,-0.004,-0.014,0.014,0.020,4,weighted_average,kalman(weighted_average),false
1788765628.105,136.831,-1.528,0.850,1.892,146.479,-1.520,0.881,1.872,145.935,0.009,0.031,-0.020,0.037,4,weighted_average,kalman(weighted_average),false
1788765628.252,136.979,-1.548,0.763,1.841,146.434,-1.544,0.772,1.842,146.108,0.004,0.009,0.002,0.010,4,weighted_average,kalman(weighted_average),false
1788765628.318,137.044,-1.495,0.832,1.910,143.846,-1.511,0.802,1.889,144.588,-0.016,-0.029,-0.021,0.039,4,weighted_average,kalman(weighted_average),false
1788765628.384,137.110,-1.493,0.807,1.924,143.394,-1.494,0.804,1.920,143.583,-0.001,-0.003,-0.004,0.005,4,weighted_average,kalman(weighted_average),false
1788765628.446,137.172,-1.456,0.891,1.872,141.133,-1.464,0.863,1.895,141.793,-0.008,-0.029,0.023,0.038,4,weighted_average,kalman(weighted_average),false
1788765628.594,137.320,-1.494,0.811,1.818,141.670,-1.485,0.825,1.826,141.182,0.009,0.013,0.008,0.018,13,weighted_average,kalman(weighted_average),false
1788765628.659,137.385,-1.488,0.791,1.819,141.152,-1.492,0.793,1.812,141.073,-0.003,0.002,-0.008,0.008,13,weighted_average,kalman(weighted_average),false
1788765628.726,137.453,-1.474,0.795,1.843,140.129,-1.482,0.786,1.827,140.393,-0.008,-0.009,-0.016,0.020,13,weighted_average,kalman(weighted_average),false
1788765628.878,137.605,-1.460,0.783,1.798,138.749,-1.461,0.779,1.800,138.857,-0.002,-0.003,0.003,0.005,13,weighted_average,kalman(weighted_average),false
1788765628.942,137.669,-1.425,0.806,1.874,137.274,-1.432,0.799,1.851,137.578,-0.007,-0.007,-0.023,0.025,13,weighted_average,kalman(weighted_average),false
1788765629.004,137.730,-1.433,0.779,1.834,137.021,-1.427,0.788,1.846,136.892,0.006,0.009,0.012,0.016,13,weighted_average,kalman(weighted_average),false
1788765629.072,137.798,-1.441,0.758,1.825,136.605,-1.432,0.767,1.834,136.381,0.008,0.009,0.009,0.015,13,weighted_average,kalman(weighted_average),false
1788765629.224,137.950,-1.367,0.772,1.847,133.840,-1.373,0.768,1.845,133.995,-0.006,-0.003,-0.002,0.007,13,weighted_average,kalman(weighted_average),false
1788765629.289,138.015,-1.370,0.751,1.819,133.544,-1.363,0.756,1.827,133.361,0.007,0.005,0.009,0.012,13,weighted_average,kalman(weighted_average),false
1788765629.354,138.081,-1.351,0.748,1.813,132.742,-1.349,0.749,1.815,132.656,0.002,0.001,0.002,0.003,13,weighted_average,kalman(weighted_average),false
1788765629.509,138.235,-1.317,0.746,1.824,131.242,-1.316,0.745,1.821,131.174,0.001,-0.001,-0.003,0.003,13,weighted_average,kalman(weighted_average),false
1788765629.577,138.304,-1.312,0.734,1.773,130.852,-1.309,0.736,1.786,130.749,0.002,0.003,0.013,0.014,13,weighted_average,kalman(weighted_average),false
1788765629.643,138.369,-1.295,0.728,1.786,130.153,-1.296,0.729,1.781,130.180,-0.002,0.001,-0.005,0.005,13,weighted_average,kalman(weighted_average),false
1788765629.787,138.514,-1.246,0.731,1.803,128.156,-1.249,0.729,1.798,128.301,-0.003,-0.002,-0.005,0.006,13,weighted_average,kalman(weighted_average),false
1788765629.849,138.576,-1.238,0.722,1.816,127.499,-1.235,0.724,1.814,127.501,0.003,0.002,-0.002,0.004,13,weighted_average,kalman(weighted_average),false
1788765629.917,138.644,-1.226,0.726,1.831,126.996,-1.223,0.725,1.831,126.864,0.003,-0.001,-0.001,0.003,13,weighted_average,kalman(weighted_average),false
1788765629.982,138.708,-0.989,0.942,2.066,120.041,-1.223,0.725,1.831,122.380,-0.234,-0.217,-0.236,0.397,13,weighted_average,kalman(weighted_average),true
1788765630.126,138.852,-1.135,0.898,1.791,123.425,-1.140,0.888,1.793,122.257,-0.005,-0.010,0.002,0.012,5,weighted_average,kalman(weighted_average),false
1788765630.192,138.918,-1.095,0.905,1.794,122.421,-1.098,0.917,1.790,122.322,-0.003,0.012,-0.004,0.013,5,weighted_average,kalman(weighted_average),false
1788765630.260,138.987,-1.079,0.891,1.818,121.817,-1.073,0.910,1.808,121.978,0.005,0.019,-0.010,0.022,5,weighted_average,kalman(weighted_average),false
1788765630.416,139.142,-1.075,0.896,1.798,120.679,-1.069,0.900,1.801,120.812,0.006,0.004,0.002,0.008,5,weighted_average,kalman(weighted_average),false
1788765630.483,139.209,-1.045,0.895,1.781,119.531,-1.052,0.894,1.785,119.771,-0.007,-0.001,0.004,0.008,5,weighted_average,kalman(weighted_average),false
1788765630.546,139.272,-1.024,0.888,1.766,118.714,-1.030,0.888,1.769,118.844,-0.006,-0.000,0.002,0.006,5,weighted_average,kalman(weighted_average),false
1788765630.694,139.420,-0.993,0.885,1.803,116.844,-0.994,0.884,1.796,116.860,-0.000,-0.001,-0.007,0.007,5,weighted_average,kalman(weighted_average),false
1788765630.758,139.485,-0.949,0.903,1.761,115.548,-0.957,0.898,1.774,115.695,-0.007,-0.005,0.014,0.016,5,weighted_average,kalman(weighted_average),false
1788765630.818,139.544,-0.927,0.888,1.808,114.604,-0.929,0.893,1.796,114.669,-0.001,0.005,-0.012,0.013,5,weighted_average,kalman(weighted_average),false
1788765630.878,139.605,-0.913,0.874,1.801,113.940,-0.909,0.881,1.802,113.835,0.004,0.006,0.002,0.008,5,weighted_average,kalman(weighted_average),false
1788765631.034,139.760,-0.870,0.857,1.815,112.558,-0.868,0.858,1.815,112.381,0.002,0.001,0.001,0.002,5,weighted_average,kalman(weighted_average),false
1788765631.104,139.830,-0.850,0.851,1.791,112.045,-0.850,0.850,1.798,111.954,-0.000,-0.001,0.007,0.007,5,weighted_average,kalman(weighted_average),false
1788765631.166,139.892,-0.813,0.851,1.795,111.116,-0.820,0.848,1.794,111.251,-0.007,-0.003,-0.001,0.007,5,weighted_average,kalman(weighted_average),false
1788765631.313,140.040,-0.780,0.835,1.813,109.987,-0.779,0.835,1.810,109.970,0.002,0.000,-0.003,0.004,5,weighted_average,kalman(weighted_average),false
1788765631.376,140.102,-0.757,0.814,1.835,109.316,-0.758,0.818,1.831,109.353,-0.001,0.004,-0.005,0.006,5,weighted_average,kalman(weighted_average),false
1788765631.437,140.163,-0.741,0.814,1.843,108.943,-0.741,0.811,1.844,108.885,0.000,-0.002,0.001,0.002,5,weighted_average,kalman(weighted_average),false
1788765631.496,140.223,-0.729,0.821,1.805,108.494,-0.727,0.815,1.823,108.447,0.002,-0.006,0.018,0.019,5,weighted_average,kalman(weighted_average),false
1788765631.645,140.371,-0.677,0.800,1.831,107.496,-0.678,0.801,1.829,107.452,-0.001,0.001,-0.002,0.002,5,weighted_average,kalman(weighted_average),false
1788765631.709,140.436,-0.631,0.794,1.844,106.540,-0.638,0.794,1.841,106.696,-0.007,0.000,-0.003,0.007,5,weighted_average,kalman(weighted_average),false
1788765631.770,140.496,-0.620,0.790,1.821,106.273,-0.616,0.789,1.830,106.227,0.004,-0.001,0.009,0.010,5,weighted_average,kalman(weighted_average),false
1788765631.827,140.554,-0.267,0.980,1.977,103.553,-0.616,0.789,1.830,104.463,-0.349,-0.191,-0.147,0.424,3,weighted_average,kalman(weighted_average),true
1788765631.971,140.698,-0.105,0.967,1.916,101.194,-0.139,0.955,1.911,101.340,-0.034,-0.012,-0.006,0.036,3,weighted_average,kalman(weighted_average),false
1788765632.025,140.752,-0.692,0.972,1.543,106.266,-0.139,0.955,1.911,104.067,0.553,-0.017,0.368,0.664,3,weighted_average,kalman(weighted_average),true
1788765632.084,140.810,0.468,0.853,2.185,95.076,-0.139,0.955,1.911,98.810,-0.606,0.102,-0.275,0.674,3,weighted_average,kalman(weighted_average),true
1788765632.142,140.868,-0.163,0.969,1.736,100.553,-0.161,0.968,1.749,98.996,0.002,-0.001,0.013,0.013,3,weighted_average,kalman(weighted_average),false
1788765632.285,141.011,-0.238,0.938,1.066,100.303,-0.231,0.943,1.128,99.543,0.007,0.004,0.062,0.062,3,weighted_average,kalman(weighted_average),false
1788765632.342,141.069,-0.165,0.935,1.938,99.338,-0.231,0.943,1.128,99.474,-0.067,0.007,-0.810,0.813,3,weighted_average,kalman(weighted_average),true
1788765632.404,141.130,-0.672,0.768,2.598,104.442,-0.231,0.943,1.128,102.554,0.441,0.174,-1.471,1.545,3,weighted_average,kalman(weighted_average),true
1788765632.466,141.192,-0.229,0.347,1.742,97.617,-0.231,0.943,1.128,100.161,-0.002,0.596,-0.615,0.856,17,weighted_average,kalman(weighted_average),true
1788765632.617,141.343,-0.239,0.341,1.830,97.550,-0.239,0.353,1.816,97.898,0.000,0.012,-0.014,0.018,17,weighted_average,kalman(weighted_average),false
1788765632.675,141.402,-0.216,0.340,1.787,97.361,-0.223,0.308,1.836,97.241,-0.007,-0.032,0.049,0.059,17,weighted_average,kalman(weighted_average),false
1788765632.736,141.462,-0.138,0.288,1.813,96.133,-0.159,0.271,1.841,96.243,-0.021,-0.018,0.027,0.039,17,weighted_average,kalman(weighted_average),false
1788765632.794,141.520,-0.148,0.304,1.747,96.502,-0.139,0.276,1.788,96.041,0.009,-0.027,0.040,0.050,17,weighted_average,kalman(weighted_average),false
1788765632.936,141.662,-0.111,0.282,1.830,96.116,-0.106,0.274,1.822,95.822,0.005,-0.007,-0.008,0.012,17,weighted_average,kalman(weighted_average),false
1788765633.006,141.732,-0.113,0.282,1.706,95.858,-0.108,0.281,1.740,95.806,0.005,-0.001,0.034,0.034,17,weighted_average,kalman(weighted_average),false
1788765633.068,141.795,-0.118,0.276,1.813,95.479,-0.114,0.279,1.780,95.577,0.004,0.003,-0.033,0.034,17,weighted_average,kalman(weighted_average),false
1788765633.128,141.855,-0.103,0.259,1.868,94.841,-0.107,0.266,1.840,95.086,-0.004,0.007,-0.027,0.029,17,weighted_average,kalman(weighted_average),false
1788765633.264,141.990,-0.097,0.243,1.863,93.933,-0.097,0.244,1.870,94.038,-0.000,0.001,0.007,0.007,17,weighted_average,kalman(weighted_average),false
1788765633.312,142.038,-0.101,0.243,1.892,93.665,-0.099,0.241,1.887,93.669,0.002,-0.002,-0.004,0.005,17,weighted_average,kalman(weighted_average),false
1788765633.359,142.085,-0.080,0.229,1.862,93.083,-0.087,0.231,1.876,93.186,-0.007,0.002,0.015,0.016,17,weighted_average,kalman(weighted_average),false
1788765633.410,142.137,-0.096,0.233,1.880,93.016,-0.090,0.229,1.880,92.894,0.006,-0.004,-0.001,0.007,17,weighted_average,kalman(weighted_average),false
1788765633.460,142.187,-0.094,0.240,1.861,92.713,-0.091,0.234,1.869,92.623,0.002,-0.007,0.009,0.011,17,weighted_average,kalman(weighted_average),false
1788765633.595,142.321,-0.076,0.222,1.832,92.165,-0.078,0.223,1.836,92.064,-0.002,0.001,0.004,0.005,17,weighted_average,kalman(weighted_average),false
1788765633.644,142.371,-0.107,0.221,1.876,92.696,-0.096,0.221,1.859,92.371,0.011,-0.001,-0.017,0.020,17,weighted_average,kalman(weighted_average),false
1788765633.695,142.422,-0.096,0.216,1.865,92.541,-0.098,0.216,1.864,92.455,-0.002,0.001,-0.001,0.002,17,weighted_average,kalman(weighted_average),false
1788765633.740,142.467,-0.061,0.195,1.837,91.966,-0.077,0.202,1.850,92.205,-0.017,0.007,0.012,0.022,17,weighted_average,kalman(weighted_average),false
1788765633.797,142.523,-0.061,0.186,1.869,91.973,-0.064,0.188,1.860,92.039,-0.003,0.003,-0.009,0.010,17,weighted_average,kalman(weighted_average),false
1788765633.928,142.654,-0.050,0.167,1.901,91.885,-0.048,0.166,1.896,91.855,0.001,-0.001,-0.005,0.005,17,weighted_average,kalman(weighted_average),false
1788765633.977,142.703,-0.041,0.152,1.886,91.747,-0.041,0.154,1.894,91.762,-0.001,0.002,0.008,0.008,17,weighted_average,kalman(weighted_average),false
1788765634.025,142.752,-0.041,0.154,1.871,91.801,-0.039,0.151,1.882,91.748,0.002,-0.004,0.012,0.012,17,weighted_average,kalman(weighted_average),false
1788765634.076,142.802,-0.053,0.161,1.846,92.065,-0.045,0.154,1.860,91.892,0.007,-0.007,0.014,0.017,17,weighted_average,kalman(weighted_average),false
1788765634.124,142.850,-0.036,0.150,1.832,91.813,-0.040,0.151,1.840,91.858,-0.004,0.001,0.007,0.008,17,weighted_average,kalman(weighted_average),false
1788765634.259,142.985,-0.030,0.124,1.871,91.763,-0.030,0.127,1.861,91.783,-0.001,0.003,-0.010,0.010,17,weighted_average,kalman(weighted_average),false

# =============================================================================
# Statistiche sessione  (campioni: 1870)
# Durata: 143.0 s
# raw_x: min=-3.2229  max=1.8884  media=-0.0038
# raw_y: min=-5.0399  max=2.0704  media=-1.5163
# raw_z: min=0.1442  max=3.3752  media=1.7982
# raw_yaw_deg: min=-179.9599  max=175.6399  media=61.6856
# filtered_x: min=-1.7030  max=1.3697  media=0.0095
# filtered_y: min=-4.5448  max=1.8070  media=-1.5046
# filtered_z: min=0.1615  max=2.4866  media=1.7985
# filtered_yaw_deg: min=-107.4509  max=176.7140  media=61.2795
# error_norm: min=0.0000  max=3.9994  media=0.0623
# Nota: per le colonne di yaw assoluto min/max sono estremi del wrap-around +/-180 deg, non l'ampiezza reale; la media e' circolare.
# =============================================================================
