# =============================================================================
# CONFRONTO POSE APRILTAG RAW E POSE FILTRATE KALMAN
# =============================================================================
# Descrizione: tabella per valutare quanto il filtro di Kalman modifica la posa stimata a partire dalle misure grezze degli AprilTag.
# Generato il: 2026-09-07 10:10:25
# Formato dati: tabella CSV testuale con separatore ','
# Nota: le righe che iniziano con '#' sono commenti descrittivi.
# Separatore degli ID AprilTag multipli: '|'
#
# Legenda colonne:
# - timestamp_s: timestamp assoluto UNIX del campione [s]
# - tempo_relativo_s: tempo trascorso dal primo campione del file [s]
# - raw_x_m: coordinata X della posa grezza AprilTag [m]
# - raw_y_m: coordinata Y della posa grezza AprilTag [m]
# - raw_z_m: coordinata Z della posa grezza AprilTag [m]
# - raw_yaw_deg: yaw associato alla posa grezza AprilTag [deg]
# - kalman_x_m: coordinata X dopo filtraggio di Kalman [m]
# - kalman_y_m: coordinata Y dopo filtraggio di Kalman [m]
# - kalman_z_m: coordinata Z dopo filtraggio di Kalman [m]
# - kalman_yaw_deg: yaw filtrato da Kalman se yaw_filter_enabled=True, altrimenti corrisponde a quello grezzo [deg]
# - errore_x_m: differenza kalman_x_m - raw_x_m [m]
# - errore_y_m: differenza kalman_y_m - raw_y_m [m]
# - errore_z_m: differenza kalman_z_m - raw_z_m [m]
# - norma_errore_m: norma euclidea della correzione introdotta dal filtro [m]
# - tag_ids: ID degli AprilTag usati per la stima, separati dal carattere indicato sopra
# - sorgente_raw: descrizione della sorgente della posa grezza
# - sorgente_kalman: descrizione della sorgente della posa filtrata
# - outlier_scartato: true se il filtro di Kalman ha scartato la misura grezza: la posa filtrata e' solo la previsione
# =============================================================================

timestamp_s,tempo_relativo_s,raw_x_m,raw_y_m,raw_z_m,raw_yaw_deg,kalman_x_m,kalman_y_m,kalman_z_m,kalman_yaw_deg,errore_x_m,errore_y_m,errore_z_m,norma_errore_m,tag_ids,sorgente_raw,sorgente_kalman,outlier_scartato
1788768424.467,0.000,0.742,1.825,3.227,88.296,0.742,1.825,3.227,88.296,0.000,0.000,0.000,0.000,15,weighted_average,kalman(weighted_average),false
1788768424.533,0.066,-1.019,1.380,-0.637,103.311,0.742,1.825,3.227,92.943,1.761,0.445,3.864,4.270,15,weighted_average,kalman(weighted_average),true
1788768424.576,0.109,-0.146,1.912,2.877,97.126,-0.144,1.912,2.878,94.732,0.002,-0.000,0.001,0.002,3,weighted_average,kalman(weighted_average),false
1788768424.619,0.151,-0.324,1.978,2.467,98.368,-0.144,1.912,2.878,96.719,0.180,-0.066,0.411,0.453,3,weighted_average,kalman(weighted_average),true
1788768424.667,0.200,-0.563,1.807,-0.093,99.618,-0.144,1.912,2.878,98.844,0.419,0.105,2.970,3.002,3,weighted_average,kalman(weighted_average),true
1788768424.740,0.272,-0.859,1.828,-0.047,101.835,-0.144,1.912,2.878,101.653,0.715,0.084,2.925,3.012,3,weighted_average,kalman(weighted_average),true
1788768424.790,0.323,0.280,2.165,1.358,91.987,-0.144,1.912,2.878,97.263,-0.424,-0.253,1.520,1.598,15,weighted_average,kalman(weighted_average),true
1788768424.840,0.373,1.514,1.899,2.743,81.753,-0.144,1.912,2.878,88.974,-1.658,0.013,0.135,1.664,15,weighted_average,kalman(weighted_average),true
1788768424.890,0.423,0.416,2.102,1.530,90.947,0.408,2.099,1.549,88.475,-0.008,-0.003,0.019,0.021,15,weighted_average,kalman(weighted_average),false
1788768424.947,0.480,-3.204,0.411,4.573,129.598,0.408,2.099,1.549,109.266,3.612,1.688,-3.023,5.004,3,weighted_average,kalman(weighted_average),true
1788768425.027,0.560,-0.946,1.857,0.308,102.137,0.408,2.099,1.549,108.405,1.354,0.243,1.241,1.853,3,weighted_average,kalman(weighted_average),true
1788768425.083,0.616,-0.119,2.068,1.807,95.442,-0.078,2.071,1.787,102.001,0.041,0.002,-0.020,0.045,3,weighted_average,kalman(weighted_average),false
1788768425.132,0.665,-0.038,1.717,3.224,95.114,-0.078,2.071,1.787,97.934,-0.040,0.354,-1.437,1.480,3,weighted_average,kalman(weighted_average),true
1788768425.185,0.718,-1.259,1.124,-0.386,103.765,-0.078,2.071,1.787,100.063,1.180,0.947,2.173,2.648,7,weighted_average,kalman(weighted_average),true
1788768425.237,0.770,0.026,1.769,-0.165,93.347,-0.078,2.071,1.787,96.283,-0.105,0.301,1.953,1.979,3,weighted_average,kalman(weighted_average),true
1788768425.313,0.846,0.890,1.658,-0.125,86.226,-0.078,2.071,1.787,89.228,-0.968,0.413,1.912,2.183,3,weighted_average,kalman(weighted_average),true
1788768425.367,0.900,-3.362,0.744,2.685,138.120,-0.078,2.071,1.787,115.259,3.283,1.326,-0.898,3.653,17,weighted_average,kalman(weighted_average),true
1788768425.420,0.953,-1.630,1.592,1.778,111.242,-1.630,1.592,1.778,116.500,0.000,0.000,0.000,0.000,17,weighted_average,kalman(weighted_average),false
1788768425.473,1.006,-0.666,2.041,1.430,98.046,-0.669,2.040,1.431,109.031,-0.002,-0.001,0.001,0.003,3,weighted_average,kalman(weighted_average),false
1788768425.535,1.068,-0.138,1.326,1.096,92.218,-0.669,2.040,1.431,99.853,-0.531,0.714,0.334,0.951,17,weighted_average,kalman(weighted_average),true
1788768425.614,1.147,-0.209,1.388,1.454,92.921,-0.669,2.040,1.431,93.787,-0.460,0.652,-0.023,0.798,17,weighted_average,kalman(weighted_average),true
1788768425.672,1.205,-0.241,1.394,1.515,92.995,-0.258,1.419,1.511,91.689,-0.017,0.026,-0.003,0.031,17,weighted_average,kalman(weighted_average),false
1788768425.716,1.249,-0.269,1.982,0.910,92.727,-0.258,1.419,1.511,91.070,0.011,-0.563,0.602,0.824,15,weighted_average,kalman(weighted_average),true
1788768425.783,1.316,-1.187,1.800,1.164,99.174,-0.258,1.419,1.511,94.506,0.928,-0.380,0.348,1.062,7,weighted_average,kalman(weighted_average),true
1788768425.825,1.358,-0.023,1.130,1.114,90.161,-0.050,1.164,1.160,92.315,-0.027,0.033,0.046,0.063,1,weighted_average,kalman(weighted_average),false
1788768425.909,1.442,-0.055,1.121,1.172,89.976,-0.028,1.100,1.126,90.393,0.027,-0.021,-0.046,0.057,1,weighted_average,kalman(weighted_average),false
1788768425.958,1.491,-0.059,1.313,1.395,88.846,-0.028,1.100,1.126,89.101,0.031,-0.213,-0.269,0.345,17,weighted_average,kalman(weighted_average),true
1788768426.015,1.548,-0.086,1.332,1.306,88.875,-0.075,1.289,1.273,88.428,0.011,-0.043,-0.033,0.055,17,weighted_average,kalman(weighted_average),false
1788768426.062,1.595,-0.119,1.343,1.276,89.014,-0.109,1.347,1.293,88.332,0.011,0.003,0.017,0.020,17,weighted_average,kalman(weighted_average),false
1788768426.121,1.654,-0.099,1.337,1.532,88.653,-0.113,1.369,1.462,88.167,-0.014,0.032,-0.070,0.078,17,weighted_average,kalman(weighted_average),false
1788768426.207,1.740,-0.052,1.129,1.276,88.510,-0.113,1.369,1.462,88.125,-0.062,0.239,0.186,0.310,1,weighted_average,kalman(weighted_average),true
1788768426.257,1.789,-0.035,1.137,1.281,87.920,-0.046,1.170,1.306,87.928,-0.011,0.032,0.025,0.042,1,weighted_average,kalman(weighted_average),false
1788768426.314,1.847,-0.037,1.838,1.383,88.621,-0.046,1.170,1.306,88.222,-0.009,-0.668,-0.077,0.673,9,weighted_average,kalman(weighted_average),true
1788768426.358,1.891,-0.040,1.820,1.407,88.330,-0.046,1.170,1.306,88.272,-0.006,-0.651,-0.101,0.659,9,weighted_average,kalman(weighted_average),true
1788768426.417,1.950,-0.036,1.819,1.437,87.848,-0.046,1.170,1.306,88.048,-0.010,-0.649,-0.131,0.663,9,weighted_average,kalman(weighted_average),true
1788768426.495,2.027,-0.028,1.830,1.476,87.170,-0.029,1.794,1.466,87.464,-0.001,-0.036,-0.009,0.037,9,weighted_average,kalman(weighted_average),false
1788768426.579,2.112,-0.028,1.830,1.476,87.170,-0.027,1.877,1.488,87.135,0.001,0.048,0.012,0.049,9,weighted_average,kalman(weighted_average),false
1788768426.620,2.153,-0.035,1.832,1.493,87.035,-0.031,1.873,1.498,87.001,0.004,0.041,0.004,0.042,9,weighted_average,kalman(weighted_average),false
1788768426.668,2.200,-0.068,1.140,1.428,85.859,-0.031,1.873,1.498,86.318,0.037,0.734,0.070,0.738,1,weighted_average,kalman(weighted_average),true
1788768426.747,2.279,-0.020,1.680,1.517,84.554,-0.022,1.711,1.514,85.005,-0.002,0.031,-0.003,0.031,11,weighted_average,kalman(weighted_average),false
1788768426.814,2.347,-0.016,1.678,1.539,84.048,-0.016,1.665,1.534,84.089,-0.001,-0.013,-0.005,0.013,11,weighted_average,kalman(weighted_average),false
1788768426.856,2.389,-0.016,1.678,1.539,84.048,-0.015,1.658,1.540,83.811,0.001,-0.020,0.002,0.020,11,weighted_average,kalman(weighted_average),false
1788768426.924,2.457,-0.019,1.675,1.549,83.850,-0.016,1.656,1.551,83.514,0.003,-0.020,0.001,0.020,11,weighted_average,kalman(weighted_average),false
1788768427.026,2.559,-0.021,1.676,1.598,83.027,-0.020,1.666,1.592,82.935,0.001,-0.009,-0.006,0.011,11,weighted_average,kalman(weighted_average),false
1788768427.078,2.610,-0.007,1.683,1.614,82.666,-0.012,1.678,1.613,82.643,-0.005,-0.005,-0.001,0.007,11,weighted_average,kalman(weighted_average),false
1788768427.133,2.666,-0.012,1.683,1.628,82.552,-0.011,1.684,1.630,82.445,0.001,0.001,0.003,0.003,11,weighted_average,kalman(weighted_average),false
1788768427.188,2.721,-0.019,1.687,1.642,82.512,-0.015,1.688,1.645,82.357,0.004,0.001,0.003,0.005,11,weighted_average,kalman(weighted_average),false
1788768427.276,2.809,-0.002,1.695,1.686,81.529,-0.006,1.696,1.683,81.703,-0.004,0.000,-0.004,0.005,11,weighted_average,kalman(weighted_average),false
1788768427.337,2.870,-0.007,1.701,1.712,81.072,-0.005,1.701,1.711,81.175,0.002,0.000,-0.002,0.003,11,weighted_average,kalman(weighted_average),false
1788768427.384,2.917,-0.011,1.702,1.747,80.756,-0.008,1.703,1.741,80.795,0.003,0.001,-0.006,0.007,11,weighted_average,kalman(weighted_average),false
1788768427.433,2.966,-0.004,1.711,1.759,80.506,-0.006,1.709,1.762,80.469,-0.002,-0.002,0.003,0.004,11,weighted_average,kalman(weighted_average),false
1788768427.487,3.019,-0.004,1.708,1.786,80.057,-0.004,1.711,1.786,80.071,-0.000,0.002,0.000,0.002,11,weighted_average,kalman(weighted_average),false
1788768427.581,3.114,-0.009,1.709,1.808,79.736,-0.008,1.711,1.813,79.618,0.002,0.002,0.005,0.006,11,weighted_average,kalman(weighted_average),false
1788768427.670,3.203,-0.006,1.713,1.817,79.526,-0.007,1.713,1.822,79.404,-0.001,-0.000,0.005,0.005,11,weighted_average,kalman(weighted_average),false
1788768427.762,3.295,-0.006,1.713,1.817,79.526,-0.006,1.714,1.821,79.396,-0.000,0.000,0.004,0.004,11,weighted_average,kalman(weighted_average),false
1788768427.942,3.474,-0.006,1.713,1.817,79.526,-0.006,1.713,1.817,79.483,0.000,0.000,0.001,0.001,11,weighted_average,kalman(weighted_average),false
1788768428.020,3.553,-0.006,1.713,1.817,79.526,-0.006,1.713,1.816,79.530,0.000,-0.000,-0.000,0.000,11,weighted_average,kalman(weighted_average),false
1788768428.164,3.697,-0.009,1.716,1.832,79.398,-0.009,1.715,1.830,79.434,0.000,-0.000,-0.002,0.002,11,weighted_average,kalman(weighted_average),false
1788768428.240,3.773,-0.009,1.716,1.832,79.398,-0.009,1.716,1.833,79.396,-0.000,0.000,0.001,0.001,11,weighted_average,kalman(weighted_average),false
1788768428.319,3.852,-0.009,1.716,1.832,79.398,-0.009,1.716,1.833,79.384,-0.000,0.000,0.002,0.002,11,weighted_average,kalman(weighted_average),false
1788768428.409,3.942,-0.009,1.716,1.832,79.398,-0.009,1.716,1.832,79.385,-0.000,0.000,0.001,0.001,11,weighted_average,kalman(weighted_average),false
1788768428.471,4.004,-0.009,1.716,1.832,79.398,-0.009,1.716,1.832,79.391,-0.000,0.000,0.000,0.000,11,weighted_average,kalman(weighted_average),false
1788768428.523,4.056,-0.009,1.716,1.832,79.398,-0.009,1.716,1.832,79.394,0.000,-0.000,-0.000,0.000,11,weighted_average,kalman(weighted_average),false
1788768428.574,4.107,-0.009,1.716,1.832,79.398,-0.009,1.715,1.832,79.396,0.000,-0.000,-0.000,0.000,11,weighted_average,kalman(weighted_average),false
1788768428.688,4.221,-0.009,1.716,1.832,79.398,-0.009,1.715,1.832,79.398,0.000,-0.000,-0.000,0.000,11,weighted_average,kalman(weighted_average),false
1788768428.749,4.282,-0.009,1.716,1.832,79.398,-0.009,1.716,1.832,79.399,0.000,-0.000,-0.000,0.000,11,weighted_average,kalman(weighted_average),false
1788768428.790,4.323,-0.009,1.716,1.832,79.398,-0.009,1.716,1.832,79.399,0.000,-0.000,-0.000,0.000,11,weighted_average,kalman(weighted_average),false
1788768428.854,4.387,-0.009,1.716,1.832,79.398,-0.009,1.716,1.832,79.399,-0.000,0.000,0.000,0.000,11,weighted_average,kalman(weighted_average),false
1788768428.982,4.515,-0.009,1.716,1.832,79.398,-0.009,1.716,1.832,79.398,-0.000,0.000,0.000,0.000,11,weighted_average,kalman(weighted_average),false
1788768429.037,4.570,-0.009,1.716,1.832,79.398,-0.009,1.716,1.832,79.398,-0.000,0.000,0.000,0.000,11,weighted_average,kalman(weighted_average),false
1788768429.097,4.630,-0.009,1.716,1.832,79.398,-0.009,1.716,1.832,79.398,0.000,-0.000,-0.000,0.000,11,weighted_average,kalman(weighted_average),false
1788768429.140,4.673,-0.009,1.716,1.832,79.398,-0.009,1.716,1.832,79.398,0.000,-0.000,-0.000,0.000,11,weighted_average,kalman(weighted_average),false
1788768429.195,4.728,-0.009,1.716,1.832,79.398,-0.009,1.716,1.832,79.398,0.000,-0.000,-0.000,0.000,11,weighted_average,kalman(weighted_average),false
1788768429.295,4.828,-0.009,1.716,1.832,79.398,-0.009,1.716,1.832,79.398,0.000,-0.000,-0.000,0.000,11,weighted_average,kalman(weighted_average),false
1788768429.353,4.886,-0.009,1.716,1.832,79.398,-0.009,1.716,1.832,79.398,0.000,0.000,-0.000,0.000,11,weighted_average,kalman(weighted_average),false
1788768429.419,4.952,-0.009,1.716,1.832,79.398,-0.009,1.716,1.832,79.398,-0.000,0.000,0.000,0.000,11,weighted_average,kalman(weighted_average),false
1788768429.500,5.032,-0.009,1.716,1.832,79.398,-0.009,1.716,1.832,79.398,-0.000,0.000,0.000,0.000,11,weighted_average,kalman(weighted_average),false
1788768429.643,5.176,-0.009,1.716,1.832,79.398,-0.009,1.716,1.832,79.398,-0.000,0.000,0.000,0.000,11,weighted_average,kalman(weighted_average),false
1788768429.710,5.242,-0.009,1.716,1.832,79.398,-0.009,1.716,1.832,79.398,0.000,0.000,0.000,0.000,11,weighted_average,kalman(weighted_average),false
1788768429.758,5.291,-0.009,1.716,1.832,79.398,-0.009,1.716,1.832,79.398,0.000,0.000,0.000,0.000,11,weighted_average,kalman(weighted_average),false
1788768429.843,5.376,-0.009,1.716,1.832,79.398,-0.009,1.716,1.832,79.398,0.000,0.000,0.000,0.000,11,weighted_average,kalman(weighted_average),false
1788768429.972,5.505,-0.009,1.716,1.832,79.398,-0.009,1.716,1.832,79.398,0.000,0.000,0.000,0.000,11,weighted_average,kalman(weighted_average),false
1788768430.031,5.564,-0.009,1.716,1.832,79.398,-0.009,1.716,1.832,79.398,0.000,0.000,0.000,0.000,11,weighted_average,kalman(weighted_average),false
1788768430.089,5.622,-0.009,1.716,1.832,79.398,-0.009,1.716,1.832,79.398,0.000,0.000,0.000,0.000,11,weighted_average,kalman(weighted_average),false
1788768430.143,5.676,-0.009,1.716,1.832,79.398,-0.009,1.716,1.832,79.398,0.000,0.000,0.000,0.000,11,weighted_average,kalman(weighted_average),false
1788768430.231,5.764,-0.009,1.716,1.832,79.398,-0.009,1.716,1.832,79.398,0.000,0.000,0.000,0.000,11,weighted_average,kalman(weighted_average),false
1788768430.291,5.824,-0.009,1.716,1.832,79.398,-0.009,1.716,1.832,79.398,0.000,0.000,0.000,0.000,11,weighted_average,kalman(weighted_average),false
1788768430.353,5.886,-0.009,1.716,1.832,79.398,-0.009,1.716,1.832,79.398,0.000,0.000,0.000,0.000,11,weighted_average,kalman(weighted_average),false
1788768430.401,5.934,-0.009,1.716,1.832,79.398,-0.009,1.716,1.832,79.398,0.000,0.000,0.000,0.000,11,weighted_average,kalman(weighted_average),false
1788768430.487,6.020,-0.009,1.716,1.832,79.398,-0.009,1.716,1.832,79.398,0.000,0.000,0.000,0.000,11,weighted_average,kalman(weighted_average),false
1788768430.552,6.085,-0.009,1.716,1.832,79.398,-0.009,1.716,1.832,79.398,0.000,0.000,0.000,0.000,11,weighted_average,kalman(weighted_average),false
1788768430.594,6.127,-0.009,1.716,1.832,79.398,-0.009,1.716,1.832,79.398,0.000,0.000,0.000,0.000,11,weighted_average,kalman(weighted_average),false
1788768430.650,6.182,-0.009,1.716,1.832,79.398,-0.009,1.716,1.832,79.398,0.000,0.000,0.000,0.000,11,weighted_average,kalman(weighted_average),false
1788768430.741,6.274,-0.009,1.716,1.832,79.398,-0.009,1.716,1.832,79.398,0.000,0.000,0.000,0.000,11,weighted_average,kalman(weighted_average),false
1788768430.808,6.341,-0.009,1.716,1.832,79.398,-0.009,1.716,1.832,79.398,0.000,0.000,0.000,0.000,11,weighted_average,kalman(weighted_average),false
1788768430.871,6.404,-0.009,1.716,1.832,79.398,-0.009,1.716,1.832,79.398,0.000,0.000,0.000,0.000,11,weighted_average,kalman(weighted_average),false
1788768430.905,6.438,-0.009,1.716,1.832,79.398,-0.009,1.716,1.832,79.398,0.000,0.000,0.000,0.000,11,weighted_average,kalman(weighted_average),false
1788768430.993,6.525,-0.009,1.716,1.832,79.398,-0.009,1.716,1.832,79.398,0.000,0.000,0.000,0.000,11,weighted_average,kalman(weighted_average),false
1788768431.045,6.578,-0.009,1.716,1.832,79.398,-0.009,1.716,1.832,79.398,0.000,0.000,0.000,0.000,11,weighted_average,kalman(weighted_average),false
1788768431.106,6.638,-0.009,1.716,1.832,79.398,-0.009,1.716,1.832,79.398,0.000,0.000,0.000,0.000,11,weighted_average,kalman(weighted_average),false
1788768431.163,6.696,-0.009,1.716,1.832,79.398,-0.009,1.716,1.832,79.398,0.000,0.000,0.000,0.000,11,weighted_average,kalman(weighted_average),false
1788768431.266,6.798,-0.009,1.716,1.832,79.398,-0.009,1.716,1.832,79.398,0.000,0.000,0.000,0.000,11,weighted_average,kalman(weighted_average),false
1788768431.309,6.842,-0.009,1.716,1.832,79.398,-0.009,1.716,1.832,79.398,0.000,0.000,0.000,0.000,11,weighted_average,kalman(weighted_average),false
1788768431.364,6.897,-0.009,1.716,1.832,79.398,-0.009,1.716,1.832,79.398,0.000,0.000,0.000,0.000,11,weighted_average,kalman(weighted_average),false
1788768431.417,6.949,-0.009,1.716,1.832,79.398,-0.009,1.716,1.832,79.398,0.000,0.000,0.000,0.000,11,weighted_average,kalman(weighted_average),false
1788768431.501,7.033,-0.009,1.716,1.832,79.398,-0.009,1.716,1.832,79.398,0.000,0.000,0.000,0.000,11,weighted_average,kalman(weighted_average),false
1788768431.563,7.096,-0.009,1.716,1.832,79.398,-0.009,1.716,1.832,79.398,0.000,0.000,0.000,0.000,11,weighted_average,kalman(weighted_average),false
1788768431.606,7.139,-0.009,1.716,1.832,79.398,-0.009,1.716,1.832,79.398,0.000,0.000,0.000,0.000,11,weighted_average,kalman(weighted_average),false
1788768431.660,7.192,-0.009,1.716,1.832,79.398,-0.009,1.716,1.832,79.398,0.000,0.000,0.000,0.000,11,weighted_average,kalman(weighted_average),false
1788768431.716,7.249,-0.009,1.716,1.832,79.398,-0.009,1.716,1.832,79.398,0.000,0.000,0.000,0.000,11,weighted_average,kalman(weighted_average),false
1788768431.813,7.346,-0.009,1.716,1.832,79.398,-0.009,1.716,1.832,79.398,0.000,0.000,0.000,0.000,11,weighted_average,kalman(weighted_average),false
1788768431.859,7.392,-0.009,1.716,1.832,79.398,-0.009,1.716,1.832,79.398,0.000,0.000,0.000,0.000,11,weighted_average,kalman(weighted_average),false
1788768431.951,7.484,-0.009,1.716,1.832,79.398,-0.009,1.716,1.832,79.398,0.000,0.000,0.000,0.000,11,weighted_average,kalman(weighted_average),false
1788768432.004,7.537,-0.009,1.716,1.832,79.398,-0.009,1.716,1.832,79.398,0.000,0.000,0.000,0.000,11,weighted_average,kalman(weighted_average),false
1788768432.090,7.623,-0.009,1.716,1.832,79.398,-0.009,1.716,1.832,79.398,0.000,0.000,0.000,0.000,11,weighted_average,kalman(weighted_average),false
1788768432.159,7.692,-0.009,1.716,1.832,79.398,-0.009,1.716,1.832,79.398,0.000,0.000,0.000,0.000,11,weighted_average,kalman(weighted_average),false
1788768432.196,7.729,-0.009,1.716,1.832,79.398,-0.009,1.716,1.832,79.398,0.000,0.000,0.000,0.000,11,weighted_average,kalman(weighted_average),false
1788768432.252,7.785,-0.009,1.716,1.832,79.398,-0.009,1.716,1.832,79.398,0.000,0.000,0.000,0.000,11,weighted_average,kalman(weighted_average),false
1788768432.343,7.876,-0.009,1.716,1.832,79.398,-0.009,1.716,1.832,79.398,0.000,0.000,0.000,0.000,11,weighted_average,kalman(weighted_average),false
1788768432.399,7.932,-0.009,1.716,1.832,79.398,-0.009,1.716,1.832,79.398,0.000,0.000,0.000,0.000,11,weighted_average,kalman(weighted_average),false
1788768432.461,7.994,-0.009,1.716,1.832,79.398,-0.009,1.716,1.832,79.398,0.000,0.000,0.000,0.000,11,weighted_average,kalman(weighted_average),false
1788768432.515,8.048,-0.009,1.716,1.832,79.398,-0.009,1.716,1.832,79.398,0.000,0.000,0.000,0.000,11,weighted_average,kalman(weighted_average),false
1788768432.599,8.132,-0.009,1.716,1.832,79.398,-0.009,1.716,1.832,79.398,0.000,0.000,0.000,0.000,11,weighted_average,kalman(weighted_average),false
1788768432.657,8.190,-0.009,1.716,1.832,79.398,-0.009,1.716,1.832,79.398,0.000,0.000,0.000,0.000,11,weighted_average,kalman(weighted_average),false
1788768432.708,8.241,-0.009,1.716,1.832,79.398,-0.009,1.716,1.832,79.398,0.000,0.000,0.000,0.000,11,weighted_average,kalman(weighted_average),false
1788768432.758,8.291,-0.009,1.716,1.832,79.398,-0.009,1.716,1.832,79.398,0.000,0.000,0.000,0.000,11,weighted_average,kalman(weighted_average),false
1788768432.808,8.341,-0.009,1.716,1.832,79.398,-0.009,1.716,1.832,79.398,0.000,0.000,0.000,0.000,11,weighted_average,kalman(weighted_average),false
1788768432.894,8.427,-0.009,1.716,1.832,79.398,-0.009,1.716,1.832,79.398,0.000,0.000,0.000,0.000,11,weighted_average,kalman(weighted_average),false
1788768432.959,8.491,-0.009,1.716,1.832,79.398,-0.009,1.716,1.832,79.398,0.000,0.000,0.000,0.000,11,weighted_average,kalman(weighted_average),false
1788768432.997,8.530,-0.009,1.716,1.832,79.398,-0.009,1.716,1.832,79.398,0.000,0.000,0.000,0.000,11,weighted_average,kalman(weighted_average),false
1788768433.054,8.587,-0.009,1.716,1.832,79.398,-0.009,1.716,1.832,79.398,0.000,0.000,0.000,0.000,11,weighted_average,kalman(weighted_average),false
1788768433.159,8.692,-0.009,1.716,1.832,79.398,-0.009,1.716,1.832,79.398,0.000,0.000,0.000,0.000,11,weighted_average,kalman(weighted_average),false
1788768433.220,8.752,-0.009,1.716,1.832,79.398,-0.009,1.716,1.832,79.398,0.000,0.000,0.000,0.000,11,weighted_average,kalman(weighted_average),false
1788768433.260,8.792,-0.009,1.716,1.832,79.398,-0.009,1.716,1.832,79.398,0.000,0.000,0.000,0.000,11,weighted_average,kalman(weighted_average),false
1788768433.317,8.850,-0.009,1.716,1.832,79.398,-0.009,1.716,1.832,79.398,0.000,0.000,0.000,0.000,11,weighted_average,kalman(weighted_average),false
1788768433.362,8.894,-0.009,1.716,1.832,79.398,-0.009,1.716,1.832,79.398,0.000,0.000,0.000,0.000,11,weighted_average,kalman(weighted_average),false
1788768433.485,9.018,-0.009,1.716,1.832,79.398,-0.009,1.716,1.832,79.398,0.000,0.000,0.000,0.000,11,weighted_average,kalman(weighted_average),false
1788768433.548,9.081,-0.009,1.716,1.832,79.398,-0.009,1.716,1.832,79.398,0.000,0.000,0.000,0.000,11,weighted_average,kalman(weighted_average),false
1788768433.629,9.162,-0.009,1.716,1.832,79.398,-0.009,1.716,1.832,79.398,0.000,0.000,0.000,0.000,11,weighted_average,kalman(weighted_average),false
1788768433.865,9.398,-0.009,1.716,1.832,79.398,-0.009,1.716,1.832,79.398,0.000,0.000,0.000,0.000,11,weighted_average,kalman(weighted_average),false
1788768433.960,9.493,-0.009,1.716,1.832,79.398,-0.009,1.716,1.832,79.398,0.000,0.000,0.000,0.000,11,weighted_average,kalman(weighted_average),false
1788768434.083,9.616,-0.009,1.716,1.832,79.398,-0.009,1.716,1.832,79.398,0.000,0.000,0.000,0.000,11,weighted_average,kalman(weighted_average),false
1788768434.142,9.675,-0.009,1.716,1.832,79.398,-0.009,1.716,1.832,79.398,0.000,0.000,0.000,0.000,11,weighted_average,kalman(weighted_average),false
1788768434.226,9.759,-0.009,1.716,1.832,79.398,-0.009,1.716,1.832,79.398,0.000,0.000,0.000,0.000,11,weighted_average,kalman(weighted_average),false
1788768434.363,9.896,-0.009,1.716,1.832,79.398,-0.009,1.716,1.832,79.398,0.000,0.000,0.000,0.000,11,weighted_average,kalman(weighted_average),false
1788768434.441,9.974,-0.009,1.716,1.832,79.398,-0.009,1.716,1.832,79.398,0.000,0.000,0.000,0.000,11,weighted_average,kalman(weighted_average),false
1788768434.561,10.094,-0.009,1.716,1.832,79.398,-0.009,1.716,1.832,79.398,0.000,0.000,0.000,0.000,11,weighted_average,kalman(weighted_average),false
1788768434.677,10.210,-0.009,1.716,1.832,79.398,-0.009,1.716,1.832,79.398,0.000,0.000,0.000,0.000,11,weighted_average,kalman(weighted_average),false
1788768434.758,10.291,-0.009,1.716,1.832,79.398,-0.009,1.716,1.832,79.398,0.000,0.000,0.000,0.000,11,weighted_average,kalman(weighted_average),false
1788768434.851,10.384,-0.009,1.716,1.832,79.398,-0.009,1.716,1.832,79.398,0.000,0.000,0.000,0.000,11,weighted_average,kalman(weighted_average),false
1788768435.041,10.574,-0.009,1.716,1.832,79.398,-0.009,1.716,1.832,79.398,0.000,0.000,0.000,0.000,11,weighted_average,kalman(weighted_average),false
1788768435.115,10.648,-0.009,1.716,1.832,79.398,-0.009,1.716,1.832,79.398,0.000,0.000,0.000,0.000,11,weighted_average,kalman(weighted_average),false
1788768435.213,10.746,-0.009,1.716,1.832,79.398,-0.009,1.716,1.832,79.398,0.000,0.000,0.000,0.000,11,weighted_average,kalman(weighted_average),false
1788768435.385,10.917,-0.009,1.716,1.832,79.398,-0.009,1.716,1.832,79.398,0.000,0.000,0.000,0.000,11,weighted_average,kalman(weighted_average),false
1788768435.436,10.969,-0.009,1.716,1.832,79.398,-0.009,1.716,1.832,79.398,0.000,0.000,0.000,0.000,11,weighted_average,kalman(weighted_average),false
1788768435.477,11.009,-0.009,1.716,1.832,79.398,-0.009,1.716,1.832,79.398,0.000,0.000,0.000,0.000,11,weighted_average,kalman(weighted_average),false
1788768435.534,11.067,-0.009,1.716,1.832,79.398,-0.009,1.716,1.832,79.398,0.000,0.000,0.000,0.000,11,weighted_average,kalman(weighted_average),false
1788768435.639,11.172,-0.009,1.716,1.832,79.398,-0.009,1.716,1.832,79.398,0.000,0.000,0.000,0.000,11,weighted_average,kalman(weighted_average),false
1788768435.695,11.228,-0.009,1.716,1.832,79.398,-0.009,1.716,1.832,79.398,0.000,0.000,0.000,0.000,11,weighted_average,kalman(weighted_average),false
1788768435.740,11.273,-0.009,1.716,1.832,79.398,-0.009,1.716,1.832,79.398,0.000,0.000,0.000,0.000,11,weighted_average,kalman(weighted_average),false
1788768435.788,11.321,-0.009,1.716,1.832,79.398,-0.009,1.716,1.832,79.398,0.000,0.000,0.000,0.000,11,weighted_average,kalman(weighted_average),false
1788768435.847,11.380,-0.009,1.716,1.832,79.398,-0.009,1.716,1.832,79.398,0.000,0.000,0.000,0.000,11,weighted_average,kalman(weighted_average),false
1788768435.930,11.462,-0.009,1.716,1.832,79.398,-0.009,1.716,1.832,79.398,0.000,0.000,0.000,0.000,11,weighted_average,kalman(weighted_average),false
1788768435.999,11.532,-0.009,1.716,1.832,79.398,-0.009,1.716,1.832,79.398,0.000,0.000,0.000,0.000,11,weighted_average,kalman(weighted_average),false
1788768436.039,11.572,-0.009,1.716,1.832,79.398,-0.009,1.716,1.832,79.398,0.000,0.000,0.000,0.000,11,weighted_average,kalman(weighted_average),false
1788768436.091,11.624,-0.013,1.716,1.839,79.247,-0.012,1.716,1.836,79.319,0.002,-0.000,-0.003,0.003,11,weighted_average,kalman(weighted_average),false
1788768436.141,11.674,-0.013,1.716,1.839,79.247,-0.013,1.716,1.839,79.268,0.000,-0.000,-0.000,0.000,11,weighted_average,kalman(weighted_average),false
1788768436.228,11.761,-0.013,1.716,1.839,79.247,-0.014,1.716,1.840,79.232,-0.001,0.000,0.001,0.001,11,weighted_average,kalman(weighted_average),false
1788768436.288,11.821,-0.013,1.716,1.839,79.247,-0.014,1.716,1.840,79.228,-0.000,0.000,0.001,0.001,11,weighted_average,kalman(weighted_average),false
1788768436.336,11.869,-0.013,1.716,1.839,79.247,-0.013,1.716,1.840,79.231,-0.000,0.000,0.000,0.001,11,weighted_average,kalman(weighted_average),false
1788768436.396,11.928,-0.013,1.716,1.839,79.247,-0.013,1.716,1.839,79.235,-0.000,0.000,0.000,0.000,11,weighted_average,kalman(weighted_average),false
1788768436.495,12.027,-0.013,1.716,1.839,79.247,-0.013,1.716,1.839,79.240,-0.000,0.000,0.000,0.000,11,weighted_average,kalman(weighted_average),false
1788768436.566,12.099,-0.013,1.716,1.839,79.247,-0.013,1.716,1.839,79.245,0.000,-0.000,-0.000,0.000,11,weighted_average,kalman(weighted_average),false
1788768436.616,12.149,-0.031,-5.319,1.639,-76.096,-0.013,1.716,1.839,-9.540,0.018,7.035,0.200,7.037,1,weighted_average,kalman(weighted_average),true
1788768436.657,12.190,-0.031,-5.319,1.639,-76.096,-0.013,1.716,1.839,-56.103,0.018,7.035,0.200,7.037,1,weighted_average,kalman(weighted_average),true
1788768436.717,12.250,-0.031,-5.319,1.639,-76.096,-0.013,1.716,1.839,-87.876,0.018,7.035,0.200,7.037,1,weighted_average,kalman(weighted_average),true
1788768436.806,12.339,-0.031,-5.319,1.639,-76.096,-0.013,1.716,1.839,-100.661,0.018,7.035,0.200,7.037,1,weighted_average,kalman(weighted_average),true
1788768436.859,12.392,-0.031,-5.319,1.639,-76.096,-0.013,1.716,1.839,-93.969,0.018,7.035,0.200,7.037,1,weighted_average,kalman(weighted_average),true
1788768436.930,12.463,-0.031,-5.319,1.639,-76.096,-0.031,-5.319,1.639,-87.607,0.000,0.000,0.000,0.000,1,weighted_average,kalman(weighted_average),false
1788768436.980,12.513,-0.037,-5.317,1.633,-76.251,-0.037,-5.317,1.633,-82.262,0.000,-0.000,0.000,0.000,1,weighted_average,kalman(weighted_average),false
1788768437.074,12.607,-0.037,-5.317,1.633,-76.251,-0.037,-5.317,1.633,-77.906,-0.000,0.000,-0.000,0.000,1,weighted_average,kalman(weighted_average),false
1788768437.130,12.663,-0.037,-5.317,1.633,-76.251,-0.037,-5.317,1.633,-76.165,-0.000,0.000,-0.000,0.000,1,weighted_average,kalman(weighted_average),false
1788768437.180,12.712,-0.037,-5.317,1.633,-76.251,-0.037,-5.317,1.633,-75.480,-0.000,0.000,-0.000,0.000,1,weighted_average,kalman(weighted_average),false
1788768437.225,12.758,-0.038,-5.319,1.674,-76.057,-0.037,-5.318,1.657,-75.203,0.000,0.001,-0.016,0.016,1,weighted_average,kalman(weighted_average),false
1788768437.286,12.819,-0.038,-5.319,1.674,-76.057,-0.038,-5.319,1.672,-75.128,0.000,0.000,-0.001,0.001,1,weighted_average,kalman(weighted_average),false
1788768437.386,12.919,-0.038,-5.319,1.674,-76.057,-0.038,-5.320,1.678,-75.403,-0.000,-0.000,0.005,0.005,1,weighted_average,kalman(weighted_average),false
1788768437.451,12.983,0.025,-5.346,1.679,-74.775,0.007,-5.338,1.681,-74.964,-0.018,0.007,0.001,0.019,1,weighted_average,kalman(weighted_average),false
1788768437.500,13.033,0.025,-5.346,1.679,-74.775,0.025,-5.346,1.681,-74.772,0.000,-0.000,0.001,0.002,1,weighted_average,kalman(weighted_average),false
1788768437.550,13.082,-0.010,-5.319,1.677,-75.661,0.011,-5.333,1.679,-75.153,0.021,-0.014,0.002,0.025,1,weighted_average,kalman(weighted_average),false
1788768437.595,13.128,-0.010,-5.319,1.677,-75.661,0.000,-5.324,1.678,-75.411,0.011,-0.005,0.001,0.012,1,weighted_average,kalman(weighted_average),false
1788768437.719,13.252,0.030,-5.352,1.723,-75.056,0.025,-5.346,1.715,-75.207,-0.006,0.006,-0.007,0.011,1,weighted_average,kalman(weighted_average),false
1788768437.771,13.304,0.029,-5.368,1.698,-75.910,0.031,-5.364,1.709,-75.614,0.002,0.004,0.011,0.012,1,weighted_average,kalman(weighted_average),false
1788768437.829,13.362,-0.052,1.841,2.094,47.078,0.031,-5.364,1.709,-3.477,0.083,-7.205,-0.385,7.215,8,weighted_average,kalman(weighted_average),true
1788768437.882,13.415,-0.044,1.843,2.095,47.391,0.031,-5.364,1.709,36.729,0.075,-7.207,-0.386,7.218,8,weighted_average,kalman(weighted_average),true
1788768437.971,13.503,-0.009,1.826,2.087,47.535,0.031,-5.364,1.709,62.168,0.040,-7.190,-0.378,7.200,8|11,weighted_average,kalman(weighted_average),true
1788768438.035,13.567,0.004,1.829,2.093,47.789,0.031,-5.364,1.709,63.193,0.027,-7.193,-0.384,7.203,8|11,weighted_average,kalman(weighted_average),true
1788768438.082,13.615,-0.001,1.835,2.086,48.360,0.031,-5.364,1.709,60.105,0.032,-7.199,-0.377,7.209,8|11,weighted_average,kalman(weighted_average),true
1788768438.133,13.666,0.011,1.840,2.094,49.055,0.011,1.840,2.094,57.459,0.000,0.000,0.000,0.000,8|11,weighted_average,kalman(weighted_average),false
1788768438.191,13.724,0.019,1.848,2.088,49.871,0.019,1.848,2.088,55.101,-0.000,-0.000,0.000,0.000,8|11,weighted_average,kalman(weighted_average),false
1788768438.298,13.831,0.041,1.876,2.092,52.105,0.039,1.873,2.092,53.740,-0.003,-0.003,-0.001,0.004,8|11,weighted_average,kalman(weighted_average),false
1788768438.352,13.885,0.050,1.885,2.098,52.736,0.050,1.885,2.097,53.060,-0.000,-0.000,-0.001,0.001,8|11,weighted_average,kalman(weighted_average),false
1788768438.400,13.932,0.065,1.894,2.109,53.228,0.063,1.895,2.106,53.007,-0.002,0.001,-0.003,0.004,8|11,weighted_average,kalman(weighted_average),false
1788768438.453,13.986,0.075,1.914,2.103,53.898,0.075,1.911,2.106,53.368,-0.000,-0.003,0.003,0.004,8|11,weighted_average,kalman(weighted_average),false
1788768438.507,14.040,0.084,1.927,2.103,54.456,0.085,1.926,2.106,53.941,0.001,-0.000,0.002,0.003,8|11,weighted_average,kalman(weighted_average),false
1788768438.597,14.129,0.104,1.946,2.119,54.912,0.104,1.947,2.117,54.689,0.000,0.001,-0.003,0.003,8|11,weighted_average,kalman(weighted_average),false
1788768438.656,14.189,0.104,1.946,2.119,54.912,0.108,1.951,2.120,54.980,0.004,0.005,0.001,0.006,8|11,weighted_average,kalman(weighted_average),false
1788768438.714,14.247,0.104,1.946,2.119,54.912,0.108,1.950,2.121,55.083,0.004,0.005,0.002,0.006,8|11,weighted_average,kalman(weighted_average),false
1788768438.759,14.291,0.104,1.946,2.119,54.912,0.107,1.949,2.121,55.084,0.003,0.003,0.002,0.005,8|11,weighted_average,kalman(weighted_average),false
1788768438.808,14.340,0.104,1.946,2.119,54.912,0.106,1.948,2.121,55.066,0.002,0.002,0.001,0.003,8|11,weighted_average,kalman(weighted_average),false
1788768438.901,14.434,0.108,1.944,2.122,55.140,0.108,1.945,2.122,55.172,-0.000,0.001,0.000,0.001,8|11|14,weighted_average,kalman(weighted_average),false
1788768438.969,14.502,0.108,1.944,2.122,55.140,0.108,1.944,2.122,55.186,0.000,-0.000,0.000,0.000,8|11|14,weighted_average,kalman(weighted_average),false
1788768439.052,14.584,0.108,1.944,2.122,55.140,0.108,1.944,2.122,55.177,0.000,-0.000,0.000,0.000,8|11|14,weighted_average,kalman(weighted_average),false
1788768439.087,14.620,0.108,1.944,2.122,55.140,0.108,1.944,2.122,55.163,0.000,-0.000,0.000,0.000,8|11|14,weighted_average,kalman(weighted_average),false
1788768439.167,14.700,0.108,1.944,2.122,55.140,0.108,1.944,2.122,55.152,0.000,-0.000,0.000,0.000,8|11|14,weighted_average,kalman(weighted_average),false
1788768439.217,14.750,0.108,1.944,2.122,55.140,0.108,1.944,2.122,55.145,0.000,-0.000,0.000,0.000,8|11|14,weighted_average,kalman(weighted_average),false
1788768439.272,14.804,0.108,1.944,2.122,55.140,0.108,1.944,2.122,55.141,-0.000,-0.000,-0.000,0.000,8|11|14,weighted_average,kalman(weighted_average),false
1788768439.320,14.853,0.118,1.950,2.121,55.321,0.114,1.948,2.121,55.233,-0.004,-0.002,0.000,0.005,8|11|14,weighted_average,kalman(weighted_average),false
1788768439.379,14.912,0.118,1.950,2.121,55.321,0.118,1.950,2.121,55.297,-0.000,-0.000,0.000,0.000,8|11|14,weighted_average,kalman(weighted_average),false
1788768439.474,15.007,0.156,1.977,2.121,55.610,0.149,1.971,2.121,55.533,-0.007,-0.006,-0.000,0.009,8|11,weighted_average,kalman(weighted_average),false
1788768439.526,15.059,0.145,1.969,2.119,55.949,0.151,1.973,2.120,55.818,0.006,0.004,0.001,0.007,8|11,weighted_average,kalman(weighted_average),false
1788768439.594,15.127,0.145,1.969,2.119,55.949,0.150,1.973,2.119,55.984,0.005,0.004,-0.000,0.007,8|11,weighted_average,kalman(weighted_average),false
1788768439.635,15.168,0.100,2.015,2.121,57.513,0.122,1.998,2.120,56.837,0.022,-0.016,-0.001,0.027,8,weighted_average,kalman(weighted_average),false
1788768439.692,15.225,0.135,2.002,2.107,56.550,0.126,2.006,2.112,56.892,-0.010,0.004,0.005,0.012,8|11,weighted_average,kalman(weighted_average),false
1788768439.839,15.372,0.135,2.002,2.107,56.550,0.133,2.006,2.106,56.763,-0.002,0.004,-0.001,0.004,8|11,weighted_average,kalman(weighted_average),false
1788768439.908,15.441,0.126,1.999,2.109,56.608,0.129,2.000,2.108,56.635,0.003,0.001,-0.001,0.003,8|11,weighted_average,kalman(weighted_average),false
1788768439.973,15.505,0.126,1.999,2.109,56.608,0.127,1.998,2.109,56.585,0.001,-0.001,-0.000,0.001,8|11,weighted_average,kalman(weighted_average),false
1788768440.022,15.555,0.146,1.996,2.111,56.280,0.139,1.996,2.111,56.390,-0.007,-0.000,-0.001,0.007,8|11,weighted_average,kalman(weighted_average),false
1788768440.189,15.722,0.139,1.997,2.116,56.380,0.140,1.996,2.116,56.330,0.001,-0.001,-0.000,0.001,8|11|14,weighted_average,kalman(weighted_average),false
1788768440.248,15.781,0.142,1.999,2.107,56.344,0.141,1.999,2.110,56.336,-0.001,-0.000,0.003,0.003,8|11|14,weighted_average,kalman(weighted_average),false
1788768440.297,15.830,0.145,2.016,2.101,56.433,0.144,2.011,2.103,56.392,-0.001,-0.006,0.003,0.007,8|11|14,weighted_average,kalman(weighted_average),false
1788768440.344,15.876,0.151,2.023,2.087,56.344,0.148,2.020,2.092,56.374,-0.003,-0.003,0.005,0.006,8|11,weighted_average,kalman(weighted_average),false
1788768440.447,15.980,0.144,2.023,2.086,56.412,0.146,2.026,2.084,56.405,0.002,0.003,-0.002,0.004,8|11|14,weighted_average,kalman(weighted_average),false
1788768440.509,16.041,0.151,2.036,2.077,56.379,0.149,2.034,2.078,56.395,-0.002,-0.002,0.001,0.002,8|11,weighted_average,kalman(weighted_average),false
1788768440.566,16.099,0.155,2.047,2.080,56.444,0.153,2.045,2.077,56.425,-0.002,-0.003,-0.003,0.004,8|11|14,weighted_average,kalman(weighted_average),false
1788768440.621,16.154,0.158,2.048,2.066,56.355,0.157,2.050,2.069,56.392,-0.001,0.002,0.003,0.003,8|11,weighted_average,kalman(weighted_average),false
1788768440.726,16.259,0.144,2.046,2.068,56.519,0.148,2.049,2.066,56.480,0.004,0.003,-0.002,0.005,8|11|14,weighted_average,kalman(weighted_average),false
1788768440.786,16.319,0.160,2.056,2.046,56.365,0.155,2.054,2.052,56.421,-0.005,-0.002,0.005,0.007,8|11,weighted_average,kalman(weighted_average),false
1788768440.832,16.364,0.146,2.049,2.061,56.511,0.150,2.052,2.055,56.469,0.004,0.002,-0.006,0.008,8|11|14,weighted_average,kalman(weighted_average),false
1788768440.880,16.413,0.154,2.055,2.049,56.431,0.152,2.054,2.051,56.456,-0.002,-0.001,0.001,0.003,8|11,weighted_average,kalman(weighted_average),false
1788768440.936,16.469,0.158,2.054,2.042,56.368,0.156,2.054,2.043,56.411,-0.002,0.000,0.002,0.003,8|11,weighted_average,kalman(weighted_average),false
1788768441.024,16.557,0.158,2.057,2.040,56.397,0.158,2.056,2.039,56.394,0.000,-0.000,-0.001,0.001,8|11,weighted_average,kalman(weighted_average),false
1788768441.093,16.626,0.156,2.054,2.041,56.396,0.157,2.055,2.039,56.390,0.001,0.001,-0.002,0.003,8|11,weighted_average,kalman(weighted_average),false
1788768441.138,16.671,0.148,2.052,2.041,56.535,0.151,2.053,2.040,56.466,0.004,0.001,-0.001,0.004,8|11|14,weighted_average,kalman(weighted_average),false
1788768441.184,16.716,0.145,2.057,2.035,56.624,0.147,2.055,2.037,56.556,0.002,-0.002,0.002,0.003,8|11|14,weighted_average,kalman(weighted_average),false
1788768441.240,16.773,0.152,2.068,2.016,56.709,0.148,2.063,2.023,56.662,-0.003,-0.005,0.007,0.010,8|11,weighted_average,kalman(weighted_average),false
1788768441.358,16.891,0.141,2.060,2.028,58.494,0.141,2.062,2.024,58.052,0.001,0.002,-0.003,0.004,8|11|14,weighted_average,kalman(weighted_average),false
1788768441.398,16.931,0.147,2.077,2.005,59.475,0.144,2.071,2.012,59.033,-0.003,-0.006,0.007,0.010,8|11,weighted_average,kalman(weighted_average),false
1788768441.452,16.985,0.152,2.077,2.011,60.365,0.149,2.076,2.009,60.114,-0.003,-0.001,-0.001,0.003,8|11,weighted_average,kalman(weighted_average),false
1788768441.505,17.038,0.149,2.080,2.006,61.433,0.150,2.080,2.006,61.235,0.000,0.001,-0.000,0.001,8|11,weighted_average,kalman(weighted_average),false
1788768441.565,17.098,0.139,2.072,2.017,62.175,0.143,2.077,2.012,62.240,0.004,0.005,-0.006,0.009,8|11|14,weighted_average,kalman(weighted_average),false
1788768441.685,17.218,0.130,2.086,2.021,64.709,0.131,2.084,2.020,64.618,0.001,-0.001,-0.001,0.002,8|11|14,weighted_average,kalman(weighted_average),false
1788768441.739,17.272,0.132,2.089,2.024,65.352,0.130,2.089,2.024,65.476,-0.002,-0.000,-0.000,0.002,8|11,weighted_average,kalman(weighted_average),false
1788768441.801,17.334,0.128,2.087,2.030,66.048,0.127,2.089,2.030,66.262,-0.001,0.002,-0.000,0.002,8|11|14,weighted_average,kalman(weighted_average),false
1788768441.838,17.371,0.127,2.095,2.029,66.706,0.126,2.093,2.031,66.777,-0.001,-0.002,0.002,0.003,8|11,weighted_average,kalman(weighted_average),false
1788768441.884,17.417,0.115,2.100,2.031,68.116,0.119,2.098,2.032,67.794,0.004,-0.002,0.001,0.004,8|11,weighted_average,kalman(weighted_average),false
1788768441.976,17.509,0.091,2.112,2.038,70.444,0.096,2.110,2.038,70.073,0.005,-0.002,-0.000,0.005,8|11,weighted_average,kalman(weighted_average),false
1788768442.026,17.558,0.145,2.079,2.035,69.839,0.124,2.092,2.037,70.414,-0.021,0.013,0.002,0.025,11,weighted_average,kalman(weighted_average),false
1788768442.094,17.627,0.148,2.069,2.023,70.026,0.143,2.075,2.028,70.638,-0.005,0.005,0.005,0.009,11,weighted_average,kalman(weighted_average),false
1788768442.140,17.672,0.144,2.074,2.040,70.773,0.148,2.071,2.034,70.931,0.004,-0.003,-0.006,0.008,11,weighted_average,kalman(weighted_average),false
1788768442.188,17.720,0.111,2.073,2.039,71.806,0.130,2.069,2.037,71.593,0.018,-0.004,-0.002,0.019,11|14,weighted_average,kalman(weighted_average),false
1788768442.289,17.822,0.094,2.085,2.034,73.388,0.101,2.079,2.035,73.163,0.006,-0.006,0.001,0.009,11|14,weighted_average,kalman(weighted_average),false
1788768442.349,17.882,0.135,2.087,2.018,73.202,0.120,2.086,2.023,73.509,-0.015,-0.001,0.005,0.016,11,weighted_average,kalman(weighted_average),false
1788768442.391,17.924,0.103,2.077,2.033,74.299,0.111,2.082,2.027,74.139,0.007,0.005,-0.006,0.011,11,weighted_average,kalman(weighted_average),false
1788768442.442,17.975,0.070,2.082,2.045,75.801,0.085,2.082,2.037,75.296,0.015,0.001,-0.008,0.017,11|14,weighted_average,kalman(weighted_average),false
1788768442.496,18.029,0.102,2.081,2.027,76.047,0.090,2.082,2.032,76.094,-0.012,0.001,0.006,0.013,11,weighted_average,kalman(weighted_average),false
1788768442.583,18.116,0.049,2.075,2.050,77.716,0.058,2.077,2.046,77.620,0.009,0.002,-0.005,0.010,11|14,weighted_average,kalman(weighted_average),false
1788768442.637,18.169,0.044,2.085,2.051,78.190,0.043,2.081,2.051,78.323,-0.001,-0.003,0.000,0.003,11|14,weighted_average,kalman(weighted_average),false
1788768442.689,18.222,0.038,2.079,2.050,79.231,0.034,2.080,2.052,79.183,-0.004,0.001,0.002,0.005,11|14,weighted_average,kalman(weighted_average),false
1788768442.732,18.265,0.033,2.079,2.056,79.997,0.030,2.079,2.056,79.931,-0.004,0.001,-0.000,0.004,11|14,weighted_average,kalman(weighted_average),false
1788768442.786,18.319,0.068,2.074,2.046,79.860,0.049,2.076,2.051,80.316,-0.019,0.002,0.006,0.020,11,weighted_average,kalman(weighted_average),false
1788768442.888,18.421,0.044,2.062,2.059,81.773,0.047,2.064,2.057,81.722,0.003,0.002,-0.002,0.004,11,weighted_average,kalman(weighted_average),false
1788768442.942,18.475,0.043,2.056,2.054,82.629,0.044,2.057,2.056,82.557,0.001,0.001,0.002,0.002,11,weighted_average,kalman(weighted_average),false
1788768442.987,18.520,0.044,2.058,2.045,83.226,0.044,2.055,2.049,83.216,-0.000,-0.002,0.005,0.005,11,weighted_average,kalman(weighted_average),false
1788768443.034,18.567,0.035,2.054,2.047,84.290,0.038,2.053,2.047,84.098,0.003,-0.001,0.000,0.003,11,weighted_average,kalman(weighted_average),false
1788768443.090,18.623,0.012,2.045,2.055,85.878,0.021,2.047,2.051,85.456,0.009,0.001,-0.004,0.010,11,weighted_average,kalman(weighted_average),false
1788768443.177,18.709,-0.009,2.041,2.063,88.169,-0.005,2.040,2.060,87.791,0.004,-0.000,-0.003,0.005,11,weighted_average,kalman(weighted_average),false
1788768443.255,18.788,-0.023,2.041,2.062,89.013,-0.024,2.039,2.063,89.230,-0.001,-0.002,0.001,0.002,11,weighted_average,kalman(weighted_average),false
1788768443.330,18.863,-0.073,1.490,1.980,90.496,-0.024,2.039,2.063,90.606,0.048,0.549,0.083,0.557,1,weighted_average,kalman(weighted_average),true
1788768443.389,18.922,-0.083,1.484,1.989,91.617,-0.024,2.039,2.063,91.670,0.058,0.555,0.074,0.563,1,weighted_average,kalman(weighted_average),true
1788768443.517,19.050,-0.055,1.463,1.963,93.531,-0.054,1.484,1.967,93.658,0.001,0.021,0.004,0.021,1,weighted_average,kalman(weighted_average),false
1788768443.572,19.105,-0.067,1.460,1.947,94.764,-0.065,1.425,1.946,94.681,0.002,-0.035,-0.001,0.035,1,weighted_average,kalman(weighted_average),false
1788768443.627,19.160,-0.072,1.452,1.960,95.938,-0.073,1.411,1.948,95.803,-0.001,-0.041,-0.012,0.042,1,weighted_average,kalman(weighted_average),false
1788768443.684,19.217,-0.067,1.453,1.977,96.958,-0.072,1.420,1.964,96.906,-0.005,-0.033,-0.013,0.035,1,weighted_average,kalman(weighted_average),false
1788768443.800,19.333,-0.338,1.990,2.088,100.953,-0.072,1.420,1.964,100.476,0.266,-0.569,-0.124,0.641,13,weighted_average,kalman(weighted_average),true
1788768443.863,19.396,-0.325,1.979,2.063,101.632,-0.306,1.937,2.056,101.854,0.019,-0.042,-0.007,0.047,13,weighted_average,kalman(weighted_average),false
1788768443.916,19.449,-0.315,1.968,2.044,102.680,-0.337,2.013,2.058,102.898,-0.022,0.045,0.014,0.052,13,weighted_average,kalman(weighted_average),false
1788768443.968,19.501,-0.307,1.958,2.057,103.333,-0.339,2.027,2.064,103.685,-0.033,0.069,0.007,0.077,13,weighted_average,kalman(weighted_average),false
1788768444.088,19.621,-0.301,1.943,2.013,105.994,-0.319,1.985,2.026,106.027,-0.018,0.041,0.013,0.047,13,weighted_average,kalman(weighted_average),false
1788768444.140,19.673,-0.308,1.926,2.035,107.399,-0.309,1.939,2.027,107.263,-0.001,0.013,-0.008,0.015,13,weighted_average,kalman(weighted_average),false
1788768444.184,19.717,-0.303,1.919,2.014,107.882,-0.302,1.917,2.016,108.025,0.001,-0.003,0.002,0.004,13,weighted_average,kalman(weighted_average),false
1788768444.245,19.778,-0.303,1.913,2.008,108.486,-0.299,1.902,2.007,108.816,0.004,-0.011,-0.002,0.012,13,weighted_average,kalman(weighted_average),false
1788768444.384,19.917,-0.287,1.888,2.005,108.751,-0.287,1.883,2.002,109.241,0.000,-0.005,-0.003,0.006,13,weighted_average,kalman(weighted_average),false
1788768444.441,19.974,-0.282,1.885,2.010,108.706,-0.282,1.882,2.008,108.971,0.000,-0.002,-0.003,0.004,13,weighted_average,kalman(weighted_average),false
1788768444.495,20.028,-0.270,1.884,2.004,108.595,-0.272,1.882,2.006,108.757,-0.002,-0.001,0.002,0.003,13,weighted_average,kalman(weighted_average),false
1788768444.548,20.081,-0.273,1.875,2.002,108.792,-0.270,1.877,2.003,108.745,0.003,0.002,0.002,0.004,13,weighted_average,kalman(weighted_average),false
1788768444.671,20.204,-0.263,1.896,1.996,107.405,-0.262,1.891,1.996,107.701,0.000,-0.004,0.001,0.004,13,weighted_average,kalman(weighted_average),false
1788768444.732,20.264,-0.258,1.898,2.009,106.214,-0.258,1.899,2.004,106.584,-0.000,0.000,-0.005,0.005,13,weighted_average,kalman(weighted_average),false
1788768444.782,20.315,-0.262,1.908,1.988,105.214,-0.259,1.906,1.995,105.542,0.003,-0.001,0.007,0.007,13,weighted_average,kalman(weighted_average),false
1788768444.831,20.364,0.033,1.369,1.862,101.954,-0.259,1.906,1.995,103.269,-0.292,0.537,0.133,0.626,1,weighted_average,kalman(weighted_average),true
1788768444.949,20.482,0.095,1.377,1.866,98.931,-0.259,1.906,1.995,99.262,-0.354,0.529,0.129,0.650,1,weighted_average,kalman(weighted_average),true
1788768445.006,20.539,0.111,1.382,1.865,97.846,0.091,1.411,1.872,97.688,-0.020,0.029,0.007,0.036,1,weighted_average,kalman(weighted_average),false
1788768445.064,20.597,-0.185,1.944,1.956,99.513,0.091,1.411,1.872,98.042,0.276,-0.533,-0.084,0.606,13,weighted_average,kalman(weighted_average),true
1788768445.124,20.656,-0.161,1.955,1.964,98.191,0.091,1.411,1.872,97.738,0.252,-0.543,-0.092,0.606,13,weighted_average,kalman(weighted_average),true
1788768445.236,20.769,0.167,1.407,1.833,93.661,0.163,1.408,1.835,94.404,-0.004,0.000,0.002,0.004,1,weighted_average,kalman(weighted_average),false
1788768445.282,20.814,0.167,1.407,1.833,93.661,0.171,1.407,1.831,93.487,0.004,-0.000,-0.002,0.005,1,weighted_average,kalman(weighted_average),false
1788768445.339,20.872,0.166,1.414,1.822,93.199,0.173,1.411,1.822,92.746,0.007,-0.002,0.000,0.008,1,weighted_average,kalman(weighted_average),false
1788768445.385,20.918,0.181,1.422,1.829,92.533,0.181,1.419,1.823,92.212,-0.000,-0.004,-0.005,0.007,1,weighted_average,kalman(weighted_average),false
1788768445.435,20.968,0.203,1.426,1.825,91.782,0.197,1.425,1.823,91.588,-0.006,-0.001,-0.002,0.006,1,weighted_average,kalman(weighted_average),false
1788768445.552,21.085,0.217,1.433,1.805,91.034,0.219,1.434,1.807,90.696,0.001,0.001,0.002,0.003,1,weighted_average,kalman(weighted_average),false
1788768445.606,21.138,0.248,1.445,1.810,90.624,0.242,1.442,1.807,90.467,-0.006,-0.002,-0.003,0.007,1,weighted_average,kalman(weighted_average),false
1788768445.664,21.197,0.228,1.445,1.805,90.966,0.238,1.447,1.804,90.589,0.011,0.001,-0.001,0.011,1,weighted_average,kalman(weighted_average),false
1788768445.731,21.264,0.240,1.456,1.786,90.913,0.242,1.455,1.790,90.695,0.002,-0.001,0.004,0.005,1,weighted_average,kalman(weighted_average),false
1788768445.860,21.393,0.256,1.479,1.791,90.848,0.256,1.478,1.788,90.785,-0.000,-0.001,-0.003,0.003,1,weighted_average,kalman(weighted_average),false
1788768445.909,21.442,0.276,1.476,1.785,90.627,0.271,1.479,1.786,90.697,-0.005,0.003,0.001,0.006,1,weighted_average,kalman(weighted_average),false
1788768445.952,21.485,0.290,1.490,1.801,90.441,0.286,1.488,1.795,90.554,-0.004,-0.002,-0.007,0.008,1,weighted_average,kalman(weighted_average),false
1788768446.004,21.537,0.290,1.490,1.801,90.441,0.293,1.492,1.800,90.463,0.004,0.002,-0.001,0.004,1,weighted_average,kalman(weighted_average),false
1788768446.066,21.599,0.242,1.495,1.785,91.227,0.265,1.496,1.792,90.856,0.022,0.001,0.007,0.023,1,weighted_average,kalman(weighted_average),false
1788768446.179,21.712,0.294,1.528,1.786,90.478,0.286,1.524,1.786,90.638,-0.008,-0.004,0.000,0.009,1,weighted_average,kalman(weighted_average),false
1788768446.228,21.761,0.262,1.531,1.774,91.022,0.273,1.533,1.777,90.846,0.011,0.002,0.003,0.011,1,weighted_average,kalman(weighted_average),false
1788768446.275,21.808,0.273,1.547,1.801,90.810,0.272,1.546,1.790,90.843,-0.000,-0.002,-0.011,0.011,1,weighted_average,kalman(weighted_average),false
1788768446.333,21.866,0.275,1.555,1.799,90.764,0.273,1.557,1.797,90.812,-0.001,0.002,-0.002,0.003,1,weighted_average,kalman(weighted_average),false
1788768446.449,21.982,0.260,1.585,1.798,90.916,0.262,1.584,1.799,90.891,0.002,-0.001,0.001,0.003,1,weighted_average,kalman(weighted_average),false
1788768446.502,22.035,0.274,1.604,1.822,90.612,0.269,1.602,1.815,90.731,-0.005,-0.002,-0.007,0.009,1,weighted_average,kalman(weighted_average),false
1788768446.550,22.082,-0.402,-5.829,1.852,-102.521,0.269,1.602,1.815,-177.573,0.671,7.431,-0.037,7.462,1,weighted_average,kalman(weighted_average),true
1788768446.604,22.137,0.267,1.626,1.835,90.610,0.268,1.621,1.831,148.399,0.000,-0.005,-0.004,0.006,1,weighted_average,kalman(weighted_average),false
1788768446.719,22.251,0.241,1.654,1.823,90.882,0.245,1.651,1.826,111.357,0.005,-0.003,0.004,0.007,1,weighted_average,kalman(weighted_average),false
1788768446.764,22.297,0.242,1.660,1.840,90.769,0.240,1.661,1.835,95.101,-0.002,0.001,-0.005,0.006,1,weighted_average,kalman(weighted_average),false
1788768446.816,22.349,0.234,1.703,1.871,90.762,0.233,1.692,1.859,86.517,-0.001,-0.011,-0.012,0.016,1,weighted_average,kalman(weighted_average),false
1788768446.868,22.401,0.267,1.706,1.891,90.134,0.252,1.709,1.884,83.012,-0.016,0.002,-0.007,0.018,1,weighted_average,kalman(weighted_average),false
1788768446.992,22.525,0.204,1.740,1.895,89.384,0.213,1.742,1.900,82.660,0.009,0.002,0.005,0.011,1,weighted_average,kalman(weighted_average),false
1788768447.047,22.580,0.215,1.731,1.889,88.628,0.209,1.739,1.895,85.865,-0.006,0.008,0.005,0.011,1,weighted_average,kalman(weighted_average),false
1788768447.095,22.628,0.174,1.741,1.885,89.012,0.183,1.742,1.889,87.772,0.009,0.001,0.004,0.010,1,weighted_average,kalman(weighted_average),false
1788768447.143,22.676,0.198,1.755,1.902,88.529,0.185,1.752,1.896,88.583,-0.012,-0.003,-0.006,0.014,1,weighted_average,kalman(weighted_average),false
1788768447.240,22.773,0.200,1.787,1.899,88.460,0.193,1.782,1.899,89.059,-0.008,-0.005,0.000,0.009,1,weighted_average,kalman(weighted_average),false
1788768447.297,22.830,0.220,1.793,1.910,88.117,0.212,1.795,1.907,88.693,-0.008,0.001,-0.003,0.009,1,weighted_average,kalman(weighted_average),false
1788768447.353,22.886,0.197,1.779,1.918,88.524,0.206,1.790,1.916,88.664,0.009,0.010,-0.002,0.014,1,weighted_average,kalman(weighted_average),false
1788768447.401,22.934,0.234,2.412,2.005,87.937,0.206,1.790,1.916,88.314,-0.028,-0.623,-0.089,0.630,11,weighted_average,kalman(weighted_average),true
1788768447.533,23.066,0.230,2.437,2.006,87.883,0.228,2.379,1.998,87.938,-0.002,-0.057,-0.008,0.058,11,weighted_average,kalman(weighted_average),false
1788768447.596,23.129,0.224,2.447,2.009,87.862,0.227,2.495,2.015,87.829,0.004,0.048,0.006,0.049,11,weighted_average,kalman(weighted_average),false
1788768447.653,23.186,0.222,2.466,2.031,87.872,0.225,2.526,2.033,87.803,0.003,0.060,0.002,0.060,11,weighted_average,kalman(weighted_average),false
1788768447.708,23.241,0.211,2.474,2.033,87.889,0.216,2.523,2.040,87.815,0.005,0.049,0.007,0.050,11,weighted_average,kalman(weighted_average),false
1788768447.810,23.343,0.194,2.493,2.052,87.969,0.197,2.516,2.055,87.897,0.003,0.023,0.002,0.023,11,weighted_average,kalman(weighted_average),false
1788768447.872,23.405,0.205,2.512,2.035,87.828,0.200,2.514,2.044,87.861,-0.006,0.002,0.009,0.011,11,weighted_average,kalman(weighted_average),false
1788768447.924,23.457,0.192,2.524,2.050,87.850,0.194,2.520,2.047,87.853,0.002,-0.003,-0.003,0.004,11,weighted_average,kalman(weighted_average),false
1788768447.995,23.528,0.192,2.524,2.050,87.850,0.191,2.524,2.050,87.848,-0.001,0.000,-0.000,0.001,11,weighted_average,kalman(weighted_average),false
1788768448.107,23.640,0.197,2.547,2.067,87.610,0.195,2.544,2.064,87.669,-0.002,-0.003,-0.002,0.004,11,weighted_average,kalman(weighted_average),false
1788768448.167,23.699,0.181,2.550,2.065,87.791,0.185,2.551,2.067,87.719,0.005,0.001,0.002,0.005,11,weighted_average,kalman(weighted_average),false
1788768448.212,23.745,0.176,2.549,2.076,87.763,0.178,2.552,2.074,87.735,0.002,0.003,-0.002,0.005,11,weighted_average,kalman(weighted_average),false
1788768448.275,23.808,0.173,2.556,2.069,87.794,0.173,2.557,2.073,87.766,-0.000,0.001,0.004,0.004,11,weighted_average,kalman(weighted_average),false
1788768448.417,23.950,0.168,2.553,2.054,87.644,0.167,2.555,2.057,87.671,-0.001,0.002,0.003,0.004,11,weighted_average,kalman(weighted_average),false
1788768448.467,24.000,0.162,2.546,2.081,87.658,0.163,2.549,2.072,87.651,0.001,0.002,-0.010,0.010,11,weighted_average,kalman(weighted_average),false
1788768448.518,24.051,0.154,2.543,2.078,87.740,0.156,2.544,2.076,87.689,0.003,0.001,-0.001,0.003,11,weighted_average,kalman(weighted_average),false
1788768448.572,24.105,0.150,2.532,2.081,87.704,0.151,2.535,2.081,87.696,0.001,0.003,-0.000,0.003,11,weighted_average,kalman(weighted_average),false
1788768448.701,24.234,0.139,2.517,2.090,87.772,0.139,2.517,2.090,87.755,-0.000,0.000,-0.000,0.000,11,weighted_average,kalman(weighted_average),false
1788768448.744,24.277,0.143,2.510,2.087,87.685,0.140,2.510,2.089,87.721,-0.003,0.000,0.002,0.004,11,weighted_average,kalman(weighted_average),false
1788768448.799,24.331,0.131,2.498,2.077,87.776,0.133,2.499,2.082,87.753,0.002,0.002,0.005,0.006,11,weighted_average,kalman(weighted_average),false
1788768448.841,24.374,0.129,2.492,2.079,87.812,0.129,2.492,2.080,87.789,0.000,0.000,0.000,0.000,11,weighted_average,kalman(weighted_average),false
1788768448.901,24.434,0.125,2.475,2.089,87.820,0.125,2.477,2.084,87.817,-0.000,0.002,-0.005,0.005,11,weighted_average,kalman(weighted_average),false
1788768449.010,24.543,0.124,2.442,2.095,87.723,0.122,2.444,2.093,87.764,-0.001,0.002,-0.002,0.003,11,weighted_average,kalman(weighted_average),false
1788768449.067,24.600,0.116,2.421,2.093,87.747,0.118,2.423,2.095,87.748,0.001,0.002,0.001,0.003,11,weighted_average,kalman(weighted_average),false
1788768449.120,24.653,0.129,2.412,2.100,87.563,0.124,2.410,2.099,87.637,-0.005,-0.002,-0.001,0.006,11,weighted_average,kalman(weighted_average),false
1788768449.167,24.700,0.116,2.399,2.092,87.694,0.120,2.397,2.096,87.646,0.004,-0.001,0.004,0.005,11,weighted_average,kalman(weighted_average),false
1788768449.274,24.807,0.109,2.357,2.097,87.745,0.110,2.359,2.097,87.698,0.002,0.002,0.000,0.003,11,weighted_average,kalman(weighted_average),false
1788768449.331,24.864,0.111,2.347,2.101,87.712,0.110,2.345,2.100,87.711,-0.002,-0.003,-0.001,0.003,11,weighted_average,kalman(weighted_average),false
1788768449.382,24.915,0.099,2.327,2.088,87.859,0.102,2.328,2.093,87.799,0.003,0.001,0.005,0.006,11,weighted_average,kalman(weighted_average),false
1788768449.448,24.981,0.099,2.300,2.092,87.818,0.098,2.302,2.091,87.831,-0.001,0.002,-0.001,0.002,11,weighted_average,kalman(weighted_average),false
1788768449.589,25.121,0.083,2.243,2.094,87.967,0.084,2.245,2.093,87.958,0.001,0.001,-0.001,0.002,11,weighted_average,kalman(weighted_average),false
1788768449.638,25.171,0.096,2.231,2.071,87.832,0.090,2.229,2.079,87.896,-0.005,-0.002,0.007,0.009,11,weighted_average,kalman(weighted_average),false
1788768449.700,25.233,0.089,2.209,2.091,87.883,0.089,2.208,2.085,87.891,0.000,-0.001,-0.006,0.006,11,weighted_average,kalman(weighted_average),false
1788768449.756,25.288,0.086,2.189,2.075,87.934,0.087,2.188,2.078,87.917,0.001,-0.000,0.003,0.004,11,weighted_average,kalman(weighted_average),false
1788768449.879,25.412,0.082,2.157,2.067,88.011,0.082,2.155,2.068,87.995,0.000,-0.002,0.001,0.002,11,weighted_average,kalman(weighted_average),false
1788768449.942,25.475,0.077,2.120,2.072,88.075,0.078,2.125,2.069,88.059,0.001,0.005,-0.003,0.006,11,weighted_average,kalman(weighted_average),false
1788768449.983,25.516,0.049,2.112,2.062,88.517,0.060,2.111,2.064,88.321,0.010,-0.001,0.002,0.011,11,weighted_average,kalman(weighted_average),false
1788768450.048,25.581,0.084,1.524,1.983,88.143,0.060,2.111,2.064,88.284,-0.024,0.587,0.081,0.593,1,weighted_average,kalman(weighted_average),true
1788768450.167,25.699,0.037,1.482,1.940,88.923,0.039,1.537,1.951,88.796,0.002,0.054,0.011,0.055,1,weighted_average,kalman(weighted_average),false
1788768450.222,25.755,0.028,1.476,1.937,89.046,0.029,1.433,1.929,89.029,0.001,-0.042,-0.008,0.043,1,weighted_average,kalman(weighted_average),false
1788768450.270,25.802,0.080,1.464,1.951,88.300,0.059,1.404,1.933,88.708,-0.022,-0.060,-0.018,0.066,1,weighted_average,kalman(weighted_average),false
1788768450.327,25.860,0.051,1.453,1.947,88.746,0.058,1.399,1.936,88.736,0.006,-0.054,-0.011,0.055,1,weighted_average,kalman(weighted_average),false
1788768450.434,25.966,0.056,1.437,1.925,88.689,0.058,1.411,1.925,88.714,0.002,-0.027,0.000,0.027,1,weighted_average,kalman(weighted_average),false
1788768450.494,26.027,0.046,1.419,1.913,88.944,0.050,1.417,1.915,88.858,0.004,-0.002,0.002,0.005,1,weighted_average,kalman(weighted_average),false
1788768450.556,26.089,0.060,1.412,1.926,88.724,0.056,1.415,1.919,88.801,-0.005,0.003,-0.006,0.008,1,weighted_average,kalman(weighted_average),false
1788768450.602,26.135,0.069,1.401,1.911,88.558,0.064,1.407,1.914,88.674,-0.005,0.005,0.003,0.008,1,weighted_average,kalman(weighted_average),false
1788768450.718,26.250,0.057,1.384,1.903,88.895,0.060,1.387,1.904,88.811,0.003,0.003,0.001,0.004,1,weighted_average,kalman(weighted_average),false
1788768450.769,26.302,0.043,1.376,1.887,89.172,0.048,1.376,1.891,89.047,0.005,0.001,0.004,0.007,1,weighted_average,kalman(weighted_average),false
1788768450.835,26.368,0.059,1.378,1.903,88.855,0.053,1.374,1.896,88.985,-0.006,-0.004,-0.007,0.010,1,weighted_average,kalman(weighted_average),false
1788768450.878,26.411,0.077,1.379,1.910,88.571,0.067,1.375,1.904,88.780,-0.010,-0.004,-0.006,0.012,1,weighted_average,kalman(weighted_average),false
1788768450.975,26.507,0.076,1.376,1.895,88.665,0.077,1.375,1.899,88.673,0.001,-0.001,0.003,0.004,1,weighted_average,kalman(weighted_average),false
1788768451.035,26.567,0.079,1.384,1.874,88.668,0.080,1.381,1.881,88.646,0.001,-0.003,0.007,0.008,1,weighted_average,kalman(weighted_average),false
1788768451.079,26.612,0.053,1.383,1.881,89.079,0.065,1.383,1.878,88.862,0.012,-0.000,-0.003,0.012,1,weighted_average,kalman(weighted_average),false
1788768451.142,26.675,0.060,1.388,1.862,89.020,0.060,1.387,1.864,88.979,-0.000,-0.000,0.003,0.003,1,weighted_average,kalman(weighted_average),false
1788768451.274,26.806,0.071,1.388,1.867,88.768,0.068,1.389,1.864,88.854,-0.003,0.001,-0.004,0.005,1,weighted_average,kalman(weighted_average),false
1788768451.326,26.859,0.092,1.396,1.875,88.540,0.085,1.394,1.871,88.643,-0.006,-0.002,-0.003,0.007,1,weighted_average,kalman(weighted_average),false
1788768451.371,26.904,0.088,1.410,1.858,88.629,0.091,1.405,1.865,88.596,0.002,-0.006,0.006,0.009,1,weighted_average,kalman(weighted_average),false
1788768451.439,26.972,0.064,1.410,1.858,89.007,0.076,1.411,1.859,88.795,0.012,0.001,0.002,0.013,1,weighted_average,kalman(weighted_average),false
1788768451.537,27.070,0.052,1.431,1.846,89.208,0.056,1.429,1.848,89.101,0.004,-0.002,0.002,0.005,1,weighted_average,kalman(weighted_average),false
1788768451.594,27.127,0.063,1.433,1.849,89.093,0.057,1.434,1.847,89.146,-0.006,0.002,-0.002,0.006,1,weighted_average,kalman(weighted_average),false
1788768451.637,27.170,0.074,1.436,1.858,88.937,0.066,1.438,1.853,89.069,-0.008,0.002,-0.006,0.010,1,weighted_average,kalman(weighted_average),false
1788768451.705,27.238,0.065,1.451,1.849,89.087,0.066,1.449,1.851,89.097,0.001,-0.002,0.002,0.003,1,weighted_average,kalman(weighted_average),false
1788768451.831,27.364,0.081,1.471,1.875,88.775,0.079,1.471,1.871,88.863,-0.002,-0.001,-0.004,0.004,1,weighted_average,kalman(weighted_average),false
1788768451.896,27.429,0.083,1.489,1.879,88.700,0.084,1.487,1.880,88.722,0.001,-0.002,0.001,0.002,1,weighted_average,kalman(weighted_average),false
1788768451.967,27.500,0.096,1.501,1.887,88.499,0.094,1.501,1.888,88.532,-0.001,0.000,0.001,0.002,1,weighted_average,kalman(weighted_average),false
1788768452.074,27.607,0.039,1.531,1.890,89.208,0.051,1.529,1.892,88.972,0.012,-0.001,0.002,0.012,1,weighted_average,kalman(weighted_average),false
1788768452.125,27.658,0.051,1.526,1.900,89.053,0.045,1.532,1.899,89.068,-0.006,0.005,-0.002,0.008,1,weighted_average,kalman(weighted_average),false
1788768452.171,27.704,0.060,1.540,1.888,88.999,0.050,1.540,1.894,89.077,-0.010,-0.000,0.006,0.012,1,weighted_average,kalman(weighted_average),false
1788768452.231,27.764,0.055,1.554,1.891,89.068,0.051,1.553,1.892,89.112,-0.004,-0.002,0.001,0.004,1,weighted_average,kalman(weighted_average),false
1788768452.340,27.873,0.053,1.584,1.908,89.021,0.051,1.582,1.905,89.081,-0.001,-0.002,-0.003,0.004,1,weighted_average,kalman(weighted_average),false
1788768452.401,27.934,0.063,1.580,1.912,88.845,0.060,1.585,1.912,88.933,-0.003,0.005,-0.000,0.006,1,weighted_average,kalman(weighted_average),false
1788768452.469,28.001,0.075,1.595,1.914,88.624,0.072,1.595,1.915,88.715,-0.003,0.000,0.002,0.003,1,weighted_average,kalman(weighted_average),false
1788768452.534,28.067,0.089,2.177,2.022,88.277,0.072,1.595,1.915,88.395,-0.017,-0.582,-0.106,0.592,11,weighted_average,kalman(weighted_average),true
1788768452.657,28.190,0.097,2.203,2.035,88.121,0.095,2.157,2.026,88.090,-0.002,-0.046,-0.009,0.047,11,weighted_average,kalman(weighted_average),false
1788768452.703,28.236,0.097,2.220,2.030,88.114,0.099,2.252,2.039,88.055,0.001,0.032,0.009,0.034,11,weighted_average,kalman(weighted_average),false
1788768452.764,28.297,0.093,2.224,2.036,88.167,0.097,2.289,2.047,88.072,0.004,0.064,0.011,0.065,11,weighted_average,kalman(weighted_average),false
1788768452.806,28.339,0.099,2.237,2.053,88.078,0.099,2.284,2.056,88.055,-0.000,0.047,0.003,0.047,11,weighted_average,kalman(weighted_average),false
1788768452.863,28.396,0.095,2.246,2.050,88.130,0.097,2.280,2.058,88.074,0.002,0.034,0.008,0.035,11,weighted_average,kalman(weighted_average),false
1788768452.978,28.510,0.093,2.280,2.049,88.152,0.094,2.288,2.054,88.120,0.001,0.009,0.005,0.010,11,weighted_average,kalman(weighted_average),false
1788768453.031,28.564,0.090,2.279,2.052,88.139,0.090,2.284,2.052,88.137,0.001,0.004,-0.000,0.004,11,weighted_average,kalman(weighted_average),false
1788768453.088,28.621,0.098,2.300,2.046,88.020,0.095,2.294,2.048,88.075,-0.004,-0.006,0.001,0.007,11,weighted_average,kalman(weighted_average),false
1788768453.135,28.668,0.096,2.308,2.052,87.994,0.096,2.304,2.049,88.026,-0.000,-0.004,-0.003,0.004,11,weighted_average,kalman(weighted_average),false
1788768453.249,28.782,0.099,2.324,2.059,87.926,0.099,2.323,2.057,87.937,-0.000,-0.001,-0.002,0.002,11,weighted_average,kalman(weighted_average),false
1788768453.315,28.848,0.094,2.328,2.062,87.990,0.095,2.330,2.061,87.955,0.002,0.002,-0.000,0.002,11,weighted_average,kalman(weighted_average),false
1788768453.365,28.898,0.092,2.337,2.055,87.950,0.093,2.336,2.059,87.947,0.001,-0.000,0.003,0.004,11,weighted_average,kalman(weighted_average),false
1788768453.415,28.948,0.093,2.342,2.050,87.941,0.092,2.342,2.054,87.938,-0.001,0.000,0.004,0.004,11,weighted_average,kalman(weighted_average),false
1788768453.522,29.055,0.087,2.344,2.066,87.971,0.088,2.346,2.062,87.955,0.001,0.002,-0.003,0.004,11,weighted_average,kalman(weighted_average),false
1788768453.578,29.111,0.089,2.346,2.065,87.903,0.088,2.347,2.065,87.925,-0.001,0.001,0.001,0.001,11,weighted_average,kalman(weighted_average),false
1788768453.632,29.165,0.078,2.342,2.066,88.008,0.081,2.344,2.067,87.968,0.003,0.002,0.001,0.004,11,weighted_average,kalman(weighted_average),false
1788768453.695,29.228,0.075,2.340,2.076,88.015,0.075,2.341,2.074,88.001,0.001,0.001,-0.002,0.003,11,weighted_average,kalman(weighted_average),false
1788768453.808,29.341,0.077,2.343,2.063,87.936,0.075,2.342,2.066,87.963,-0.002,-0.001,0.004,0.004,11,weighted_average,kalman(weighted_average),false
1788768453.866,29.399,0.077,2.338,2.065,87.905,0.076,2.340,2.064,87.923,-0.000,0.001,-0.001,0.002,11,weighted_average,kalman(weighted_average),false
1788768453.920,29.453,0.068,2.329,2.070,87.971,0.071,2.332,2.067,87.942,0.003,0.004,-0.003,0.005,11,weighted_average,kalman(weighted_average),false
1788768453.970,29.503,0.058,2.321,2.071,88.077,0.063,2.324,2.069,88.013,0.004,0.003,-0.001,0.005,11,weighted_average,kalman(weighted_average),false
1788768454.077,29.610,0.066,2.317,2.070,88.020,0.063,2.316,2.071,88.031,-0.003,-0.001,0.000,0.003,11,weighted_average,kalman(weighted_average),false
1788768454.127,29.659,0.059,2.304,2.083,88.100,0.060,2.307,2.079,88.077,0.002,0.003,-0.004,0.005,11,weighted_average,kalman(weighted_average),false
1788768454.198,29.730,0.057,2.293,2.079,88.068,0.057,2.295,2.081,88.085,0.000,0.001,0.002,0.002,11,weighted_average,kalman(weighted_average),false
1788768454.240,29.773,0.050,2.279,2.092,88.117,0.052,2.282,2.089,88.108,0.002,0.004,-0.004,0.006,11,weighted_average,kalman(weighted_average),false
1788768454.365,29.897,0.049,2.263,2.090,88.093,0.049,2.262,2.092,88.108,-0.001,-0.001,0.002,0.002,11,weighted_average,kalman(weighted_average),false
1788768454.423,29.956,0.062,2.265,2.091,87.953,0.057,2.261,2.091,88.010,-0.004,-0.004,0.001,0.006,11,weighted_average,kalman(weighted_average),false
1788768454.477,30.010,0.045,2.238,2.103,88.075,0.051,2.244,2.099,88.033,0.006,0.007,-0.004,0.010,11,weighted_average,kalman(weighted_average),false
1788768454.531,30.063,0.053,2.242,2.101,88.025,0.051,2.239,2.102,88.023,-0.001,-0.003,0.001,0.003,11,weighted_average,kalman(weighted_average),false
1788768454.638,30.171,0.039,2.213,2.092,88.148,0.041,2.215,2.095,88.105,0.002,0.002,0.003,0.005,11,weighted_average,kalman(weighted_average),false
1788768454.700,30.233,0.044,2.206,2.102,88.084,0.041,2.205,2.099,88.104,-0.002,-0.001,-0.003,0.004,11,weighted_average,kalman(weighted_average),false
1788768454.739,30.272,0.040,2.193,2.101,88.126,0.040,2.195,2.100,88.120,-0.000,0.002,-0.001,0.002,11,weighted_average,kalman(weighted_average),false
1788768454.810,30.343,0.045,2.185,2.098,88.039,0.042,2.183,2.099,88.081,-0.002,-0.002,0.001,0.003,11,weighted_average,kalman(weighted_average),false
1788768454.944,30.477,0.038,2.155,2.102,88.144,0.039,2.155,2.102,88.128,0.001,0.000,-0.000,0.001,11,weighted_average,kalman(weighted_average),false
1788768454.994,30.527,0.031,2.145,2.103,88.228,0.033,2.145,2.103,88.196,0.002,-0.000,-0.000,0.002,11,weighted_average,kalman(weighted_average),false
1788768455.046,30.578,0.029,2.134,2.104,88.258,0.029,2.134,2.104,88.246,0.000,0.000,0.000,0.000,11,weighted_average,kalman(weighted_average),false
1788768455.098,30.631,0.031,2.130,2.104,88.241,0.028,2.127,2.104,88.262,-0.002,-0.003,0.000,0.003,11,weighted_average,kalman(weighted_average),false
1788768455.197,30.730,0.027,2.113,2.102,88.297,0.026,2.112,2.103,88.305,-0.000,-0.001,0.001,0.001,11,weighted_average,kalman(weighted_average),false
1788768455.245,30.778,0.030,2.102,2.096,88.236,0.028,2.103,2.098,88.275,-0.002,0.001,0.002,0.003,11,weighted_average,kalman(weighted_average),false
1788768455.299,30.832,0.029,2.095,2.103,88.296,0.029,2.095,2.100,88.289,-0.000,-0.000,-0.003,0.003,11,weighted_average,kalman(weighted_average),false
1788768455.352,30.885,0.029,2.090,2.106,88.317,0.029,2.088,2.104,88.308,0.000,-0.001,-0.002,0.003,11,weighted_average,kalman(weighted_average),false
1788768455.453,30.985,0.026,2.074,2.100,88.398,0.026,2.074,2.101,88.377,0.001,-0.000,0.001,0.002,11,weighted_average,kalman(weighted_average),false
1788768455.504,31.037,0.031,2.067,2.106,88.330,0.029,2.067,2.104,88.361,-0.002,0.000,-0.002,0.003,11,weighted_average,kalman(weighted_average),false
1788768455.558,31.090,0.041,2.072,2.105,88.235,0.037,2.068,2.105,88.296,-0.004,-0.005,-0.000,0.006,11,weighted_average,kalman(weighted_average),false
1788768455.618,31.151,0.031,2.061,2.101,88.331,0.035,2.062,2.103,88.308,0.004,0.001,0.002,0.004,11,weighted_average,kalman(weighted_average),false
1788768455.742,31.275,0.027,2.052,2.093,88.381,0.029,2.052,2.095,88.360,0.001,-0.000,0.001,0.002,11,weighted_average,kalman(weighted_average),false
1788768455.784,31.317,0.023,2.050,2.097,88.444,0.024,2.050,2.095,88.416,0.001,-0.000,-0.002,0.002,11,weighted_average,kalman(weighted_average),false
1788768455.844,31.377,-0.179,2.196,2.143,89.884,-0.112,2.145,2.126,89.291,0.068,-0.051,-0.017,0.086,5,weighted_average,kalman(weighted_average),false
1788768455.896,31.429,-0.174,2.205,2.177,89.725,-0.175,2.199,2.163,89.687,-0.001,-0.006,-0.014,0.015,5,weighted_average,kalman(weighted_average),false
1788768456.004,31.536,-0.165,2.197,2.122,89.742,-0.193,2.216,2.140,89.941,-0.028,0.020,0.018,0.039,5,weighted_average,kalman(weighted_average),false
1788768456.061,31.594,-0.194,2.189,2.146,90.117,-0.198,2.201,2.142,90.129,-0.004,0.013,-0.005,0.014,5,weighted_average,kalman(weighted_average),false
1788768456.109,31.642,-0.208,2.193,2.134,90.268,-0.208,2.195,2.136,90.279,0.001,0.003,0.002,0.004,5,weighted_average,kalman(weighted_average),false
1788768456.167,31.700,-0.222,2.195,2.127,90.435,-0.221,2.194,2.128,90.452,0.001,-0.001,0.001,0.002,5,weighted_average,kalman(weighted_average),false
1788768456.281,31.813,-0.195,1.690,2.265,90.432,-0.221,2.194,2.128,90.534,-0.026,0.504,-0.137,0.523,17,weighted_average,kalman(weighted_average),true
1788768456.335,31.867,-0.123,1.663,2.229,89.557,-0.132,1.710,2.220,89.959,-0.009,0.047,-0.009,0.049,17,weighted_average,kalman(weighted_average),false
1788768456.388,31.921,-0.068,1.656,2.152,88.884,-0.079,1.619,2.185,89.271,-0.011,-0.037,0.033,0.051,17,weighted_average,kalman(weighted_average),false
1788768456.428,31.961,-0.082,1.691,2.049,89.136,-0.068,1.617,2.109,89.064,0.014,-0.075,0.060,0.097,17,weighted_average,kalman(weighted_average),false
1788768456.488,32.020,-0.071,1.696,2.042,89.034,-0.057,1.629,2.053,88.873,0.014,-0.067,0.011,0.069,17,weighted_average,kalman(weighted_average),false
1788768456.594,32.126,-0.015,2.242,2.134,90.263,-0.057,1.629,2.053,89.695,-0.041,-0.613,-0.081,0.619,9,weighted_average,kalman(weighted_average),true
1788768456.665,32.198,-0.022,2.222,2.137,90.304,-0.025,2.174,2.130,90.203,-0.003,-0.048,-0.007,0.049,9,weighted_average,kalman(weighted_average),false
1788768456.707,32.240,0.039,2.183,2.196,89.620,0.019,2.232,2.179,89.995,-0.020,0.049,-0.017,0.055,9,weighted_average,kalman(weighted_average),false
1788768456.775,32.308,0.032,2.179,2.191,89.723,0.038,2.255,2.202,89.905,0.006,0.076,0.012,0.077,9,weighted_average,kalman(weighted_average),false
1788768456.888,32.421,0.059,2.160,2.226,89.507,0.062,2.200,2.231,89.631,0.003,0.040,0.005,0.041,9,weighted_average,kalman(weighted_average),false
1788768456.933,32.466,0.056,2.160,2.224,89.587,0.061,2.168,2.231,89.572,0.006,0.008,0.007,0.012,9,weighted_average,kalman(weighted_average),false
1788768456.989,32.522,0.076,2.170,2.169,89.385,0.073,2.159,2.194,89.428,-0.003,-0.011,0.025,0.028,9,weighted_average,kalman(weighted_average),false
1788768457.044,32.576,0.049,2.209,2.133,89.819,0.062,2.184,2.151,89.597,0.012,-0.025,0.017,0.033,9,weighted_average,kalman(weighted_average),false
1788768457.163,32.696,0.050,1.488,1.953,89.083,0.062,2.184,2.151,89.213,0.012,0.696,0.197,0.723,1,weighted_average,kalman(weighted_average),true
1788768457.206,32.739,0.068,1.481,1.986,88.853,0.062,2.184,2.151,88.955,-0.006,0.703,0.164,0.722,1,weighted_average,kalman(weighted_average),true
1788768457.271,32.804,0.052,1.490,1.974,89.204,0.052,1.523,1.982,89.010,0.000,0.032,0.008,0.033,1,weighted_average,kalman(weighted_average),false
1788768457.318,32.851,0.058,1.486,1.990,89.100,0.055,1.442,1.973,89.025,-0.003,-0.044,-0.017,0.047,1,weighted_average,kalman(weighted_average),false
1788768457.444,32.976,0.062,1.491,1.986,89.114,0.061,1.432,1.972,89.064,-0.001,-0.059,-0.014,0.061,1,weighted_average,kalman(weighted_average),false
1788768457.516,33.049,0.083,1.495,1.980,88.900,0.079,1.481,1.979,88.956,-0.005,-0.014,-0.001,0.015,1,weighted_average,kalman(weighted_average),false
1788768457.576,33.109,0.064,1.489,1.975,89.231,0.072,1.494,1.977,89.110,0.008,0.006,0.002,0.010,1,weighted_average,kalman(weighted_average),false
1788768457.629,33.161,0.079,1.498,1.984,89.015,0.077,1.503,1.982,89.072,-0.002,0.005,-0.002,0.006,1,weighted_average,kalman(weighted_average),false
1788768457.737,33.270,0.095,1.489,1.970,88.899,0.093,1.497,1.973,88.952,-0.002,0.008,0.003,0.009,1,weighted_average,kalman(weighted_average),false
1788768457.784,33.316,0.126,1.499,1.977,88.420,0.117,1.498,1.975,88.625,-0.009,-0.001,-0.003,0.010,1,weighted_average,kalman(weighted_average),false
1788768457.834,33.367,0.061,1.497,1.965,89.413,0.088,1.498,1.968,88.993,0.027,0.000,0.003,0.027,1,weighted_average,kalman(weighted_average),false
1788768457.903,33.436,0.094,1.504,1.971,89.022,0.090,1.501,1.968,89.033,-0.004,-0.002,-0.003,0.005,1,weighted_average,kalman(weighted_average),false
1788768458.036,33.569,0.121,1.512,1.985,88.628,0.117,1.511,1.982,88.732,-0.004,-0.001,-0.003,0.005,1,weighted_average,kalman(weighted_average),false
1788768458.090,33.623,0.116,1.517,1.970,88.734,0.120,1.516,1.976,88.694,0.004,-0.000,0.005,0.007,1,weighted_average,kalman(weighted_average),false
1788768458.132,33.665,0.104,1.516,1.960,88.954,0.113,1.517,1.966,88.806,0.009,0.002,0.006,0.011,1,weighted_average,kalman(weighted_average),false
1788768458.204,33.737,0.104,1.516,1.960,88.954,0.108,1.518,1.960,88.889,0.003,0.002,0.000,0.004,1,weighted_average,kalman(weighted_average),false
1788768458.313,33.846,0.074,1.548,1.947,89.480,0.080,1.543,1.947,89.338,0.005,-0.005,0.001,0.007,1,weighted_average,kalman(weighted_average),false
1788768458.370,33.903,0.090,1.542,1.947,89.248,0.083,1.546,1.945,89.350,-0.007,0.004,-0.002,0.009,1,weighted_average,kalman(weighted_average),false
1788768458.420,33.953,0.073,1.551,1.935,89.558,0.075,1.551,1.937,89.511,0.002,0.001,0.002,0.003,1,weighted_average,kalman(weighted_average),false
1788768458.470,34.003,0.106,1.563,1.951,89.001,0.092,1.561,1.943,89.295,-0.015,-0.002,-0.008,0.017,1,weighted_average,kalman(weighted_average),false
1788768458.584,34.117,0.084,1.579,1.932,89.364,0.087,1.579,1.934,89.347,0.003,-0.000,0.002,0.004,1,weighted_average,kalman(weighted_average),false
1788768458.648,34.181,0.084,1.574,1.916,89.396,0.084,1.578,1.919,89.387,0.000,0.004,0.004,0.006,1,weighted_average,kalman(weighted_average),false
1788768458.715,34.248,0.094,1.591,1.928,89.130,0.090,1.589,1.922,89.238,-0.004,-0.003,-0.006,0.007,1,weighted_average,kalman(weighted_average),false
1788768458.774,34.307,0.122,1.618,1.957,88.704,0.112,1.611,1.944,88.904,-0.010,-0.007,-0.012,0.017,1,weighted_average,kalman(weighted_average),false
1788768458.892,34.425,0.069,1.631,1.908,89.427,0.080,1.632,1.917,89.217,0.011,0.001,0.009,0.014,1,weighted_average,kalman(weighted_average),false
1788768458.942,34.475,0.093,1.655,1.946,89.014,0.085,1.650,1.933,89.125,-0.009,-0.004,-0.013,0.016,1,weighted_average,kalman(weighted_average),false
1788768459.003,34.536,0.097,1.663,1.970,88.883,0.091,1.664,1.958,88.991,-0.006,0.001,-0.012,0.014,1,weighted_average,kalman(weighted_average),false
1788768459.054,34.587,0.109,2.247,2.032,88.563,0.091,1.664,1.958,88.737,-0.018,-0.583,-0.074,0.588,11,weighted_average,kalman(weighted_average),true
1788768459.170,34.703,0.120,2.283,2.040,88.402,0.117,2.221,2.032,88.421,-0.003,-0.062,-0.008,0.063,11,weighted_average,kalman(weighted_average),false
1788768459.224,34.757,0.111,2.291,2.050,88.432,0.116,2.330,2.053,88.373,0.005,0.039,0.003,0.040,11,weighted_average,kalman(weighted_average),false
1788768459.291,34.824,0.096,2.308,2.046,88.578,0.104,2.372,2.057,88.450,0.007,0.063,0.010,0.065,11,weighted_average,kalman(weighted_average),false
1788768459.338,34.871,0.101,2.322,2.045,88.428,0.101,2.368,2.053,88.427,-0.000,0.046,0.008,0.046,11,weighted_average,kalman(weighted_average),false
1788768459.438,34.971,0.103,2.350,2.053,88.359,0.101,2.373,2.055,88.364,-0.002,0.022,0.002,0.022,11,weighted_average,kalman(weighted_average),false
1788768459.488,35.021,0.090,2.354,2.053,88.466,0.094,2.363,2.054,88.412,0.003,0.009,0.002,0.010,11,weighted_average,kalman(weighted_average),false
1788768459.536,35.069,0.125,2.389,2.060,88.053,0.111,2.379,2.058,88.218,-0.013,-0.010,-0.002,0.017,11,weighted_average,kalman(weighted_average),false
1788768459.586,35.119,0.108,2.387,2.058,88.178,0.112,2.387,2.059,88.163,0.004,-0.000,0.000,0.004,11,weighted_average,kalman(weighted_average),false
1788768459.641,35.174,0.094,2.399,2.051,88.291,0.102,2.397,2.054,88.198,0.008,-0.002,0.004,0.009,11,weighted_average,kalman(weighted_average),false
1788768459.767,35.300,0.087,2.410,2.051,88.272,0.088,2.412,2.051,88.237,0.001,0.001,0.000,0.002,11,weighted_average,kalman(weighted_average),false
1788768459.831,35.363,0.085,2.418,2.049,88.259,0.084,2.418,2.049,88.256,-0.001,0.000,0.000,0.001,11,weighted_average,kalman(weighted_average),false
1788768459.886,35.418,0.077,2.415,2.055,88.305,0.077,2.418,2.053,88.290,0.001,0.003,-0.003,0.004,11,weighted_average,kalman(weighted_average),false
1788768459.938,35.471,0.073,2.418,2.055,88.320,0.073,2.419,2.054,88.316,-0.000,0.001,-0.000,0.002,11,weighted_average,kalman(weighted_average),false
1788768460.065,35.598,0.075,2.422,2.045,88.259,0.073,2.422,2.047,88.285,-0.002,0.000,0.002,0.003,11,weighted_average,kalman(weighted_average),false
1788768460.115,35.648,0.067,2.420,2.058,88.380,0.069,2.421,2.053,88.340,0.002,0.001,-0.005,0.005,11,weighted_average,kalman(weighted_average),false
1788768460.165,35.697,0.062,2.410,2.053,88.373,0.064,2.414,2.054,88.365,0.002,0.004,0.000,0.004,11,weighted_average,kalman(weighted_average),false
1788768460.212,35.745,0.063,2.410,2.052,88.354,0.062,2.411,2.053,88.367,-0.001,0.001,0.001,0.001,11,weighted_average,kalman(weighted_average),false
1788768460.266,35.799,0.064,2.404,2.049,88.307,0.062,2.406,2.051,88.342,-0.002,0.001,0.002,0.003,11,weighted_average,kalman(weighted_average),false
1788768460.378,35.911,0.062,2.386,2.058,88.264,0.061,2.388,2.056,88.285,-0.000,0.002,-0.002,0.003,11,weighted_average,kalman(weighted_average),false
1788768460.435,35.968,0.060,2.387,2.048,88.314,0.060,2.384,2.051,88.294,0.000,-0.002,0.003,0.004,11,weighted_average,kalman(weighted_average),false
1788768460.489,36.022,0.047,2.365,2.057,88.431,0.051,2.370,2.055,88.369,0.004,0.005,-0.002,0.007,11,weighted_average,kalman(weighted_average),false
1788768460.535,36.068,0.054,2.356,2.055,88.326,0.051,2.358,2.055,88.356,-0.003,0.002,0.000,0.004,11,weighted_average,kalman(weighted_average),false
1788768460.654,36.187,0.046,2.333,2.055,88.406,0.046,2.333,2.055,88.399,-0.000,0.000,0.000,0.001,11,weighted_average,kalman(weighted_average),false
1788768460.706,36.238,0.051,2.318,2.079,88.346,0.049,2.319,2.071,88.373,-0.002,0.001,-0.008,0.008,11,weighted_average,kalman(weighted_average),false
1788768460.751,36.284,0.044,2.311,2.063,88.421,0.046,2.310,2.068,88.400,0.002,-0.001,0.006,0.006,11,weighted_average,kalman(weighted_average),false
1788768460.804,36.336,0.051,2.307,2.083,88.375,0.048,2.304,2.078,88.392,-0.002,-0.003,-0.004,0.006,11,weighted_average,kalman(weighted_average),false
1788768460.856,36.389,0.035,2.282,2.071,88.501,0.040,2.287,2.076,88.452,0.005,0.005,0.005,0.009,11,weighted_average,kalman(weighted_average),false
1788768460.982,36.515,0.048,2.262,2.055,88.334,0.046,2.261,2.059,88.377,-0.002,-0.001,0.004,0.005,11,weighted_average,kalman(weighted_average),false
1788768461.033,36.566,0.035,2.237,2.068,88.476,0.039,2.241,2.063,88.428,0.004,0.004,-0.005,0.008,11,weighted_average,kalman(weighted_average),false
1788768461.088,36.621,0.045,2.234,2.070,88.365,0.042,2.231,2.067,88.393,-0.003,-0.003,-0.003,0.005,11,weighted_average,kalman(weighted_average),false
1788768461.166,36.698,0.037,2.212,2.052,88.405,0.039,2.212,2.056,88.395,0.002,0.000,0.004,0.005,11,weighted_average,kalman(weighted_average),false
1788768461.269,36.802,0.033,2.190,2.062,88.479,0.034,2.189,2.059,88.454,0.001,-0.001,-0.003,0.003,11,weighted_average,kalman(weighted_average),false
1788768461.334,36.867,0.033,2.174,2.051,88.464,0.032,2.174,2.053,88.469,-0.000,0.000,0.003,0.003,11,weighted_average,kalman(weighted_average),false
1788768461.388,36.920,0.024,2.157,2.050,88.559,0.026,2.159,2.050,88.528,0.002,0.002,0.000,0.003,11,weighted_average,kalman(weighted_average),false
1788768461.435,36.968,0.028,2.144,2.036,88.468,0.026,2.145,2.041,88.510,-0.002,0.001,0.005,0.005,11,weighted_average,kalman(weighted_average),false
1788768461.546,37.078,0.019,2.119,2.038,88.564,0.020,2.118,2.036,88.557,0.000,-0.001,-0.002,0.002,11,weighted_average,kalman(weighted_average),false
1788768461.589,37.122,0.021,2.103,2.035,88.541,0.019,2.105,2.034,88.556,-0.001,0.001,-0.000,0.002,11,weighted_average,kalman(weighted_average),false
1788768461.640,37.173,0.027,2.097,2.027,88.459,0.024,2.095,2.029,88.508,-0.004,-0.002,0.002,0.005,11,weighted_average,kalman(weighted_average),false
1788768461.693,37.226,0.025,2.085,2.035,88.576,0.025,2.084,2.032,88.541,-0.000,-0.001,-0.004,0.004,11,weighted_average,kalman(weighted_average),false
1788768461.740,37.273,-0.011,1.511,1.924,89.365,0.025,2.084,2.032,88.966,0.036,0.573,0.107,0.584,1,weighted_average,kalman(weighted_average),true
1788768461.829,37.362,-0.000,1.483,1.918,89.303,0.025,2.084,2.032,89.280,0.025,0.601,0.113,0.612,1,weighted_average,kalman(weighted_average),true
1788768461.879,37.412,0.012,1.477,1.926,89.120,0.013,1.531,1.935,89.261,0.001,0.054,0.009,0.055,1,weighted_average,kalman(weighted_average),false
1788768461.929,37.462,0.046,1.470,1.944,88.755,0.033,1.436,1.931,89.035,-0.013,-0.034,-0.013,0.038,1,weighted_average,kalman(weighted_average),false
1788768461.976,37.509,0.004,1.461,1.922,89.470,0.018,1.400,1.919,89.251,0.014,-0.061,-0.003,0.063,1,weighted_average,kalman(weighted_average),false
1788768462.041,37.574,0.035,1.445,1.907,89.203,0.028,1.388,1.904,89.262,-0.007,-0.057,-0.003,0.058,1,weighted_average,kalman(weighted_average),false
1788768462.128,37.660,0.027,1.419,1.901,89.586,0.028,1.392,1.896,89.497,0.002,-0.027,-0.005,0.028,1,weighted_average,kalman(weighted_average),false
1788768462.178,37.711,0.055,1.411,1.895,89.245,0.046,1.401,1.892,89.395,-0.009,-0.010,-0.002,0.014,1,weighted_average,kalman(weighted_average),false
1788768462.229,37.761,0.072,1.394,1.886,89.121,0.065,1.396,1.886,89.259,-0.007,0.002,0.001,0.007,1,weighted_average,kalman(weighted_average),false
1788768462.277,37.809,0.056,1.385,1.877,89.469,0.065,1.388,1.878,89.353,0.009,0.003,0.002,0.010,1,weighted_average,kalman(weighted_average),false
1788768462.327,37.860,0.091,1.367,1.876,89.227,0.083,1.373,1.874,89.295,-0.008,0.007,-0.002,0.010,1,weighted_average,kalman(weighted_average),false
1788768462.412,37.945,0.077,1.347,1.897,89.581,0.085,1.350,1.888,89.467,0.007,0.003,-0.009,0.012,1,weighted_average,kalman(weighted_average),false
1788768462.462,37.995,0.113,1.327,1.870,89.290,0.104,1.330,1.879,89.392,-0.009,0.004,0.008,0.013,1,weighted_average,kalman(weighted_average),false
1788768462.513,38.046,0.119,1.317,1.883,89.257,0.118,1.316,1.881,89.324,-0.002,-0.001,-0.002,0.003,1,weighted_average,kalman(weighted_average),false
1788768462.568,38.100,0.135,1.310,1.874,89.273,0.133,1.306,1.877,89.287,-0.002,-0.004,0.002,0.005,1,weighted_average,kalman(weighted_average),false
1788768462.611,38.144,0.149,1.302,1.872,89.159,0.147,1.299,1.873,89.212,-0.002,-0.003,0.001,0.004,1,weighted_average,kalman(weighted_average),false
1788768462.697,38.229,0.158,1.279,1.858,89.301,0.162,1.280,1.861,89.240,0.004,0.001,0.003,0.005,1,weighted_average,kalman(weighted_average),false
1788768462.746,38.279,0.176,1.273,1.870,89.126,0.175,1.272,1.865,89.173,-0.002,-0.002,-0.006,0.006,1,weighted_average,kalman(weighted_average),false
1788768462.797,38.330,0.186,1.266,1.858,89.219,0.186,1.264,1.860,89.184,0.000,-0.002,0.002,0.003,1,weighted_average,kalman(weighted_average),false
1788768462.847,38.380,0.201,1.265,1.866,89.083,0.199,1.262,1.862,89.124,-0.001,-0.004,-0.004,0.006,1,weighted_average,kalman(weighted_average),false
1788768462.898,38.431,0.227,1.255,1.861,89.059,0.221,1.255,1.861,89.076,-0.006,0.000,0.000,0.006,1,weighted_average,kalman(weighted_average),false
1788768462.982,38.515,0.244,1.250,1.843,89.091,0.245,1.249,1.848,89.062,0.001,-0.002,0.005,0.005,1,weighted_average,kalman(weighted_average),false
1788768463.031,38.564,0.239,1.240,1.852,89.244,0.246,1.242,1.848,89.155,0.008,0.001,-0.004,0.009,1,weighted_average,kalman(weighted_average),false
1788768463.083,38.616,0.249,1.249,1.848,89.278,0.251,1.244,1.847,89.231,0.003,-0.005,-0.001,0.006,1,weighted_average,kalman(weighted_average),false
1788768463.137,38.670,0.263,1.245,1.856,89.255,0.261,1.244,1.852,89.263,-0.001,-0.001,-0.004,0.005,1,weighted_average,kalman(weighted_average),false
1788768463.182,38.715,0.271,1.250,1.850,89.331,0.270,1.247,1.851,89.314,-0.001,-0.003,0.001,0.003,1,weighted_average,kalman(weighted_average),false
1788768463.267,38.800,0.307,1.245,1.843,89.053,0.301,1.246,1.845,89.178,-0.006,0.001,0.002,0.007,1,weighted_average,kalman(weighted_average),false
1788768463.315,38.847,0.305,1.246,1.846,89.194,0.309,1.246,1.845,89.174,0.004,-0.000,-0.001,0.004,1,weighted_average,kalman(weighted_average),false
1788768463.374,38.907,0.334,1.248,1.854,88.977,0.330,1.247,1.850,89.052,-0.004,-0.001,-0.004,0.005,1,weighted_average,kalman(weighted_average),false
1788768463.416,38.949,0.345,1.244,1.859,89.048,0.344,1.246,1.856,89.027,-0.001,0.001,-0.003,0.003,1,weighted_average,kalman(weighted_average),false
1788768463.470,39.002,0.352,1.256,1.856,89.081,0.356,1.252,1.857,89.031,0.004,-0.004,0.001,0.006,1,weighted_average,kalman(weighted_average),false
1788768463.551,39.084,0.381,1.247,1.849,88.837,0.380,1.249,1.852,88.893,-0.001,0.002,0.003,0.004,1,weighted_average,kalman(weighted_average),false
1788768463.606,39.139,0.379,1.266,1.850,89.090,0.385,1.260,1.850,88.979,0.006,-0.006,0.000,0.008,1,weighted_average,kalman(weighted_average),false
1788768463.653,39.186,0.396,1.265,1.865,88.967,0.395,1.265,1.858,88.969,-0.001,-0.000,-0.007,0.007,1,weighted_average,kalman(weighted_average),false
1788768463.705,39.238,0.401,1.267,1.863,89.136,0.403,1.268,1.862,89.053,0.002,0.001,-0.001,0.002,1,weighted_average,kalman(weighted_average),false
1788768463.753,39.286,0.412,1.272,1.857,89.131,0.412,1.272,1.861,89.104,-0.000,-0.000,0.003,0.003,1,weighted_average,kalman(weighted_average),false
1788768463.839,39.371,0.450,1.284,1.868,88.893,0.444,1.282,1.867,88.993,-0.006,-0.001,-0.002,0.006,1,weighted_average,kalman(weighted_average),false
1788768463.886,39.419,0.476,1.287,1.861,88.732,0.470,1.287,1.864,88.838,-0.006,0.000,0.003,0.007,1,weighted_average,kalman(weighted_average),false
1788768463.940,39.473,0.455,1.294,1.856,89.137,0.469,1.294,1.859,88.966,0.014,-0.000,0.003,0.014,1,weighted_average,kalman(weighted_average),false
1788768463.985,39.518,0.478,1.304,1.845,89.041,0.478,1.302,1.851,89.005,0.000,-0.002,0.005,0.006,1,weighted_average,kalman(weighted_average),false
1788768464.039,39.571,-0.575,-5.532,1.897,-109.457,0.478,1.302,1.851,173.089,1.053,6.834,-0.047,6.914,1,weighted_average,kalman(weighted_average),true
1788768464.123,39.656,0.511,1.319,1.872,88.742,0.506,1.317,1.869,138.314,-0.005,-0.003,-0.003,0.007,1,weighted_average,kalman(weighted_average),false
1788768464.174,39.707,0.508,1.332,1.864,88.989,0.510,1.328,1.868,110.347,0.003,-0.004,0.004,0.006,1,weighted_average,kalman(weighted_average),false
1788768464.233,39.766,0.269,1.907,2.034,91.417,0.510,1.328,1.868,94.608,0.242,-0.579,-0.166,0.649,13,weighted_average,kalman(weighted_average),true
1788768464.287,39.819,0.271,1.917,2.029,91.450,0.510,1.328,1.868,87.382,0.240,-0.589,-0.162,0.656,13,weighted_average,kalman(weighted_average),true
1788768464.325,39.858,0.300,1.920,2.041,91.196,0.510,1.328,1.868,85.445,0.210,-0.591,-0.174,0.651,13,weighted_average,kalman(weighted_average),true
1788768464.409,39.942,0.292,1.945,2.045,91.402,0.304,1.911,2.036,84.084,0.012,-0.034,-0.010,0.037,13,weighted_average,kalman(weighted_average),false
1788768464.458,39.991,0.302,1.946,2.047,91.260,0.286,1.981,2.056,86.499,-0.016,0.035,0.010,0.039,13,weighted_average,kalman(weighted_average),false
1788768464.510,40.042,0.303,1.948,2.048,91.165,0.283,2.003,2.063,88.297,-0.021,0.055,0.016,0.061,13,weighted_average,kalman(weighted_average),false
1788768464.559,40.092,0.309,1.965,2.046,91.029,0.291,2.006,2.061,89.571,-0.018,0.041,0.014,0.047,13,weighted_average,kalman(weighted_average),false
1788768464.611,40.144,0.319,1.966,2.051,90.926,0.305,1.997,2.059,90.395,-0.014,0.031,0.007,0.035,13,weighted_average,kalman(weighted_average),false
1788768464.699,40.232,0.322,1.985,2.063,91.032,0.318,1.996,2.064,91.082,-0.003,0.011,0.001,0.012,13,weighted_average,kalman(weighted_average),false
1788768464.747,40.279,0.331,1.984,2.067,90.970,0.329,1.989,2.067,91.190,-0.003,0.006,0.000,0.006,13,weighted_average,kalman(weighted_average),false
1788768464.802,40.335,0.332,1.996,2.075,91.003,0.334,1.993,2.074,91.241,0.002,-0.003,-0.002,0.004,13,weighted_average,kalman(weighted_average),false
1788768464.848,40.381,0.343,1.995,2.069,90.923,0.342,1.994,2.073,91.169,-0.001,-0.000,0.004,0.004,13,weighted_average,kalman(weighted_average),false
1788768464.898,40.431,0.357,1.999,2.068,90.901,0.354,1.998,2.071,91.089,-0.003,-0.001,0.003,0.005,13,weighted_average,kalman(weighted_average),false
1788768464.981,40.514,0.370,1.995,2.076,90.841,0.370,1.997,2.075,90.965,-0.000,0.002,-0.001,0.002,13,weighted_average,kalman(weighted_average),false
1788768465.032,40.565,0.380,1.995,2.089,90.742,0.380,1.996,2.085,90.828,-0.000,0.001,-0.004,0.004,13,weighted_average,kalman(weighted_average),false
1788768465.080,40.613,0.370,2.003,2.079,90.946,0.378,2.000,2.083,90.862,0.008,-0.003,0.004,0.009,13,weighted_average,kalman(weighted_average),false
1788768465.137,40.670,0.390,1.992,2.078,90.830,0.387,1.996,2.081,90.829,-0.003,0.004,0.003,0.005,13,weighted_average,kalman(weighted_average),false
1788768465.183,40.716,0.391,1.997,2.090,90.898,0.392,1.996,2.087,90.851,0.001,-0.001,-0.004,0.004,13,weighted_average,kalman(weighted_average),false
1788768465.267,40.800,0.401,1.990,2.087,90.905,0.401,1.992,2.088,90.877,0.000,0.002,0.001,0.002,13,weighted_average,kalman(weighted_average),false
1788768465.314,40.847,0.411,1.981,2.088,90.854,0.409,1.984,2.089,90.866,-0.002,0.003,0.001,0.004,13,weighted_average,kalman(weighted_average),false
1788768465.366,40.899,0.417,1.972,2.086,90.917,0.417,1.975,2.087,90.893,-0.000,0.003,0.002,0.003,13,weighted_average,kalman(weighted_average),false
1788768465.413,40.946,0.428,1.959,2.088,90.909,0.426,1.963,2.088,90.905,-0.002,0.004,-0.000,0.005,13,weighted_average,kalman(weighted_average),false
1788768465.469,41.002,0.427,1.960,2.088,90.975,0.431,1.957,2.088,90.948,0.003,-0.003,0.000,0.004,13,weighted_average,kalman(weighted_average),false
1788768465.548,41.081,0.449,1.940,2.093,90.884,0.446,1.942,2.091,90.921,-0.003,0.002,-0.001,0.003,13,weighted_average,kalman(weighted_average),false
1788768465.602,41.135,0.454,1.933,2.092,90.890,0.455,1.933,2.092,90.903,0.001,-0.000,0.001,0.001,13,weighted_average,kalman(weighted_average),false
1788768465.649,41.182,0.463,1.920,2.092,90.894,0.463,1.922,2.093,90.896,-0.000,0.002,0.001,0.002,13,weighted_average,kalman(weighted_average),false
1788768465.704,41.237,0.469,1.908,2.090,90.920,0.470,1.909,2.091,90.905,0.001,0.001,0.001,0.002,13,weighted_average,kalman(weighted_average),false
1788768465.753,41.286,0.479,1.889,2.085,90.943,0.478,1.893,2.087,90.924,-0.000,0.004,0.003,0.005,13,weighted_average,kalman(weighted_average),false
1788768465.839,41.372,0.489,1.870,2.093,90.919,0.490,1.870,2.091,90.925,0.001,0.000,-0.002,0.003,13,weighted_average,kalman(weighted_average),false
1788768465.887,41.420,0.496,1.852,2.093,90.941,0.496,1.854,2.092,90.935,0.000,0.002,-0.000,0.002,13,weighted_average,kalman(weighted_average),false
1788768465.945,41.478,0.505,1.837,2.090,90.896,0.505,1.837,2.091,90.916,-0.000,0.000,0.001,0.001,13,weighted_average,kalman(weighted_average),false
1788768465.993,41.526,0.510,1.821,2.088,90.908,0.511,1.822,2.090,90.910,0.001,0.001,0.001,0.002,13,weighted_average,kalman(weighted_average),false
1788768466.042,41.575,0.510,1.808,2.088,90.991,0.513,1.808,2.088,90.949,0.003,-0.001,0.000,0.003,13,weighted_average,kalman(weighted_average),false
1788768466.129,41.662,0.518,1.783,2.084,90.989,0.519,1.782,2.085,90.981,0.001,-0.000,0.001,0.001,13,weighted_average,kalman(weighted_average),false
1788768466.177,41.709,0.523,1.766,2.092,90.981,0.523,1.767,2.088,90.988,-0.000,0.001,-0.003,0.003,13,weighted_average,kalman(weighted_average),false
1788768466.228,41.761,0.527,1.747,2.086,91.001,0.527,1.749,2.087,91.001,0.000,0.001,0.001,0.002,13,weighted_average,kalman(weighted_average),false
1788768466.278,41.811,0.536,1.730,2.077,90.951,0.534,1.731,2.081,90.981,-0.002,0.001,0.004,0.004,13,weighted_average,kalman(weighted_average),false
1788768466.331,41.863,0.541,1.710,2.078,90.924,0.540,1.711,2.078,90.951,-0.001,0.001,0.000,0.002,13,weighted_average,kalman(weighted_average),false
1788768466.414,41.947,0.540,1.696,2.074,90.947,0.543,1.692,2.074,90.943,0.003,-0.004,-0.000,0.005,13,weighted_average,kalman(weighted_average),false
1788768466.465,41.998,0.543,1.673,2.079,90.964,0.544,1.675,2.076,90.952,0.001,0.002,-0.003,0.004,13,weighted_average,kalman(weighted_average),false
1788768466.515,42.048,0.542,1.662,2.074,91.010,0.544,1.661,2.075,90.982,0.001,-0.001,0.001,0.002,13,weighted_average,kalman(weighted_average),false
1788768466.565,42.098,0.543,1.641,2.069,91.044,0.544,1.644,2.071,91.019,0.001,0.002,0.002,0.003,13,weighted_average,kalman(weighted_average),false
1788768466.613,42.146,0.548,1.627,2.068,91.000,0.546,1.628,2.069,91.019,-0.001,0.000,0.000,0.002,13,weighted_average,kalman(weighted_average),false
1788768466.713,42.245,0.546,1.598,2.067,91.057,0.547,1.597,2.066,91.053,0.001,-0.000,-0.001,0.001,13,weighted_average,kalman(weighted_average),false
1788768466.769,42.302,0.551,1.585,2.065,90.994,0.550,1.584,2.065,91.024,-0.001,-0.002,-0.000,0.002,13,weighted_average,kalman(weighted_average),false
1788768466.817,42.350,0.553,1.562,2.067,90.993,0.552,1.565,2.066,91.007,-0.001,0.003,-0.001,0.003,13,weighted_average,kalman(weighted_average),false
1788768466.872,42.405,0.549,1.551,2.064,91.010,0.551,1.550,2.064,91.005,0.002,-0.001,0.001,0.003,13,weighted_average,kalman(weighted_average),false
1788768466.982,42.514,0.550,1.522,2.066,90.970,0.550,1.521,2.066,90.977,0.000,-0.001,-0.001,0.001,13,weighted_average,kalman(weighted_average),false
1788768467.032,42.565,0.549,1.506,2.066,90.974,0.549,1.507,2.066,90.971,0.000,0.001,0.000,0.001,13,weighted_average,kalman(weighted_average),false
1788768467.082,42.615,0.553,1.497,2.052,90.919,0.552,1.496,2.057,90.938,-0.002,-0.002,0.006,0.006,13,weighted_average,kalman(weighted_average),false
1788768467.138,42.671,0.550,1.482,2.059,90.948,0.551,1.482,2.057,90.935,0.001,-0.000,-0.002,0.002,13,weighted_average,kalman(weighted_average),false
1788768467.178,42.711,0.547,1.476,2.060,90.990,0.549,1.474,2.058,90.957,0.002,-0.002,-0.002,0.003,13,weighted_average,kalman(weighted_average),false
1788768467.285,42.818,0.550,1.458,2.056,90.899,0.549,1.456,2.056,90.916,-0.001,-0.002,-0.000,0.002,13,weighted_average,kalman(weighted_average),false
1788768467.349,42.882,0.548,1.446,2.047,90.927,0.548,1.446,2.050,90.916,0.000,-0.000,0.002,0.002,13,weighted_average,kalman(weighted_average),false
1788768467.407,42.940,0.545,1.438,2.046,90.947,0.546,1.437,2.046,90.930,0.001,-0.001,-0.000,0.001,13,weighted_average,kalman(weighted_average),false
1788768467.456,42.989,0.525,1.448,2.057,91.173,0.532,1.441,2.051,91.062,0.008,-0.007,-0.005,0.012,13,weighted_average,kalman(weighted_average),false
1788768467.581,43.114,0.540,1.420,2.043,91.026,0.536,1.422,2.044,91.063,-0.004,0.002,0.002,0.005,13,weighted_average,kalman(weighted_average),false
1788768467.643,43.176,0.537,1.421,2.040,91.023,0.538,1.419,2.040,91.039,0.000,-0.002,0.000,0.003,13,weighted_average,kalman(weighted_average),false
1788768467.699,43.232,0.537,1.420,2.039,90.948,0.538,1.417,2.039,90.983,0.001,-0.002,-0.001,0.003,13,weighted_average,kalman(weighted_average),false
1788768467.737,43.270,0.583,1.409,2.035,90.045,0.564,1.412,2.036,90.501,-0.019,0.003,0.001,0.020,13,weighted_average,kalman(weighted_average),false
1788768467.786,43.319,0.586,1.413,2.042,89.893,0.582,1.411,2.038,90.102,-0.004,-0.003,-0.004,0.006,13,weighted_average,kalman(weighted_average),false
1788768467.886,43.418,0.754,0.882,1.848,88.248,0.582,1.411,2.038,88.682,-0.172,0.528,0.190,0.587,1,weighted_average,kalman(weighted_average),true
1788768467.933,43.466,0.748,0.879,1.846,88.342,0.582,1.411,2.038,88.251,-0.166,0.531,0.192,0.589,1,weighted_average,kalman(weighted_average),true
1788768467.992,43.525,-0.816,-5.086,1.862,-124.198,0.582,1.411,2.038,172.380,1.397,6.497,0.176,6.648,1,weighted_average,kalman(weighted_average),true
1788768468.038,43.571,0.732,0.891,1.816,88.635,0.725,0.914,1.826,141.333,-0.006,0.022,0.010,0.025,1,weighted_average,kalman(weighted_average),false
1788768468.097,43.630,0.734,0.888,1.828,88.560,0.744,0.852,1.808,117.293,0.010,-0.035,-0.020,0.042,1,weighted_average,kalman(weighted_average),false
1788768468.198,43.731,0.762,0.888,1.841,88.060,0.768,0.845,1.820,95.127,0.007,-0.043,-0.021,0.048,1,weighted_average,kalman(weighted_average),false
1788768468.252,43.785,0.739,0.891,1.822,88.484,0.754,0.872,1.821,87.454,0.014,-0.020,-0.000,0.024,1,weighted_average,kalman(weighted_average),false
1788768468.290,43.822,0.732,0.899,1.826,88.633,0.741,0.889,1.824,85.060,0.009,-0.010,-0.002,0.014,1,weighted_average,kalman(weighted_average),false
1788768468.339,43.872,0.770,0.902,1.853,87.703,0.756,0.901,1.842,83.137,-0.014,-0.001,-0.011,0.018,1,weighted_average,kalman(weighted_average),false
1788768468.387,43.919,0.730,0.904,1.823,87.703,0.743,0.907,1.834,83.054,0.013,0.003,0.012,0.017,1,weighted_average,kalman(weighted_average),false
1788768468.482,44.015,0.733,0.899,1.819,87.147,0.733,0.905,1.824,83.543,0.001,0.006,0.005,0.008,1,weighted_average,kalman(weighted_average),false
1788768468.539,44.072,0.731,0.904,1.838,87.199,0.730,0.905,1.832,85.308,-0.001,0.001,-0.006,0.006,1,weighted_average,kalman(weighted_average),false
1788768468.589,44.122,0.749,0.902,1.838,86.909,0.741,0.903,1.836,86.219,-0.009,0.001,-0.002,0.009,1,weighted_average,kalman(weighted_average),false
1788768468.638,44.171,0.765,0.899,1.843,86.705,0.756,0.900,1.841,86.643,-0.009,0.002,-0.001,0.009,1,weighted_average,kalman(weighted_average),false
1788768468.689,44.222,0.767,0.907,1.853,86.723,0.766,0.904,1.850,86.872,-0.001,-0.003,-0.003,0.005,1,weighted_average,kalman(weighted_average),false
1788768468.783,44.316,0.754,0.908,1.840,86.854,0.761,0.907,1.845,87.071,0.007,-0.001,0.005,0.009,1,weighted_average,kalman(weighted_average),false
1788768468.841,44.374,0.722,0.916,1.822,87.359,0.735,0.914,1.829,87.329,0.012,-0.002,0.007,0.014,1,weighted_average,kalman(weighted_average),false
1788768468.888,44.421,0.773,0.917,1.846,86.574,0.754,0.917,1.837,87.005,-0.019,0.000,-0.009,0.021,1,weighted_average,kalman(weighted_average),false
1788768468.938,44.471,0.775,0.922,1.857,86.538,0.767,0.921,1.849,86.768,-0.008,-0.000,-0.008,0.011,1,weighted_average,kalman(weighted_average),false
1788768468.988,44.521,0.761,0.932,1.863,86.800,0.766,0.929,1.859,86.750,0.005,-0.003,-0.004,0.007,1,weighted_average,kalman(weighted_average),false
1788768469.101,44.634,0.734,0.954,1.831,87.297,0.742,0.952,1.839,87.107,0.007,-0.002,0.008,0.011,1,weighted_average,kalman(weighted_average),false
1788768469.147,44.680,0.739,0.952,1.837,87.167,0.736,0.955,1.835,87.186,-0.002,0.003,-0.002,0.004,1,weighted_average,kalman(weighted_average),false
1788768469.214,44.747,0.724,0.965,1.831,87.400,0.724,0.965,1.830,87.371,0.000,-0.000,-0.001,0.002,1,weighted_average,kalman(weighted_average),false
1788768469.255,44.787,0.730,0.970,1.828,87.308,0.725,0.970,1.827,87.385,-0.005,0.001,-0.001,0.006,1,weighted_average,kalman(weighted_average),false
1788768469.307,44.840,0.754,0.984,1.855,86.803,0.740,0.981,1.842,87.126,-0.014,-0.003,-0.013,0.019,1,weighted_average,kalman(weighted_average),false
1788768469.429,44.961,-0.769,-5.221,1.865,-119.323,0.740,0.981,1.842,-158.665,1.509,6.202,-0.023,6.383,1,weighted_average,kalman(weighted_average),true
1788768469.480,45.013,0.508,1.722,2.015,89.682,0.740,0.981,1.842,149.074,0.233,-0.740,-0.174,0.795,5,weighted_average,kalman(weighted_average),true
1788768469.535,45.067,0.500,1.726,2.022,89.767,0.511,1.691,2.013,118.006,0.011,-0.035,-0.008,0.038,5,weighted_average,kalman(weighted_average),false
1788768469.572,45.105,0.490,1.742,2.035,89.796,0.481,1.776,2.040,101.227,-0.009,0.034,0.005,0.035,5,weighted_average,kalman(weighted_average),false
1788768469.621,45.154,0.568,1.278,2.024,88.014,0.481,1.776,2.040,89.193,-0.088,0.499,0.016,0.506,17,weighted_average,kalman(weighted_average),true
1788768469.709,45.242,0.546,1.313,2.000,88.247,0.535,1.386,2.006,81.191,-0.010,0.073,0.006,0.074,17,weighted_average,kalman(weighted_average),false
1788768469.770,45.303,0.588,1.308,1.911,87.586,0.579,1.281,1.936,81.538,-0.009,-0.027,0.025,0.038,17,weighted_average,kalman(weighted_average),false
1788768469.816,45.349,0.534,1.332,2.031,88.254,0.561,1.272,1.982,83.416,0.027,-0.060,-0.050,0.082,17,weighted_average,kalman(weighted_average),false
1788768469.860,45.393,0.554,1.332,2.018,87.913,0.560,1.281,2.003,84.769,0.006,-0.051,-0.016,0.053,17,weighted_average,kalman(weighted_average),false
1788768469.912,45.445,0.463,1.416,2.041,89.068,0.504,1.346,2.029,86.488,0.041,-0.071,-0.011,0.082,17,weighted_average,kalman(weighted_average),false
1788768470.023,45.556,0.572,1.361,1.956,87.522,0.549,1.361,1.977,87.219,-0.023,0.000,0.021,0.031,17,weighted_average,kalman(weighted_average),false
1788768470.077,45.609,0.506,1.394,2.118,88.369,0.526,1.386,2.065,88.024,0.020,-0.008,-0.052,0.057,17,weighted_average,kalman(weighted_average),false
1788768470.131,45.664,0.488,1.414,2.079,88.582,0.501,1.410,2.085,88.550,0.014,-0.004,0.006,0.015,17,weighted_average,kalman(weighted_average),false
1788768470.182,45.715,0.510,1.736,2.070,88.308,0.502,1.618,2.084,88.635,-0.008,-0.118,0.015,0.119,13,weighted_average,kalman(weighted_average),false
1788768470.276,45.809,0.426,1.749,2.065,90.029,0.442,1.764,2.075,89.773,0.015,0.014,0.010,0.023,13,weighted_average,kalman(weighted_average),false
1788768470.319,45.851,0.427,1.759,2.064,90.071,0.424,1.787,2.068,90.129,-0.003,0.028,0.004,0.028,13,weighted_average,kalman(weighted_average),false
1788768470.372,45.905,0.429,1.760,2.069,90.055,0.417,1.795,2.067,90.323,-0.012,0.035,-0.002,0.037,13,weighted_average,kalman(weighted_average),false
1788768470.429,45.961,0.423,1.773,2.068,90.156,0.415,1.796,2.067,90.417,-0.009,0.023,-0.002,0.025,13,weighted_average,kalman(weighted_average),false
1788768470.478,46.011,0.430,1.775,2.069,90.064,0.421,1.790,2.067,90.351,-0.010,0.016,-0.001,0.019,13,weighted_average,kalman(weighted_average),false
1788768470.601,46.134,0.416,1.798,2.076,90.312,0.415,1.800,2.074,90.411,-0.000,0.002,-0.002,0.003,13,weighted_average,kalman(weighted_average),false
1788768470.648,46.181,0.434,1.793,2.076,90.065,0.427,1.797,2.076,90.220,-0.007,0.004,0.000,0.008,13,weighted_average,kalman(weighted_average),false
1788768470.702,46.235,0.429,1.804,2.078,90.129,0.430,1.802,2.078,90.149,0.001,-0.002,0.001,0.002,13,weighted_average,kalman(weighted_average),false
1788768470.747,46.280,0.434,1.802,2.075,90.101,0.434,1.803,2.077,90.102,-0.000,0.001,0.002,0.003,13,weighted_average,kalman(weighted_average),false
1788768470.801,46.334,0.432,1.807,2.072,90.189,0.434,1.806,2.074,90.122,0.002,-0.001,0.002,0.003,13,weighted_average,kalman(weighted_average),false
1788768470.902,46.434,0.437,1.813,2.067,90.179,0.437,1.813,2.068,90.145,0.000,-0.000,0.001,0.001,13,weighted_average,kalman(weighted_average),false
1788768470.953,46.486,0.449,1.806,2.070,90.058,0.445,1.809,2.069,90.094,-0.003,0.003,-0.002,0.005,13,weighted_average,kalman(weighted_average),false
1788768471.002,46.535,0.448,1.806,2.071,90.146,0.449,1.807,2.069,90.115,0.001,0.002,-0.001,0.002,13,weighted_average,kalman(weighted_average),false
1788768471.063,46.596,0.444,1.810,2.072,90.217,0.447,1.809,2.071,90.170,0.003,-0.001,-0.001,0.004,13,weighted_average,kalman(weighted_average),false
1788768471.110,46.643,0.459,1.800,2.075,90.073,0.455,1.804,2.074,90.127,-0.004,0.003,-0.001,0.006,13,weighted_average,kalman(weighted_average),false
1788768471.237,46.769,0.465,1.791,2.073,90.136,0.465,1.792,2.074,90.131,-0.000,0.001,0.001,0.001,13,weighted_average,kalman(weighted_average),false
1788768471.284,46.817,0.473,1.786,2.061,90.087,0.472,1.787,2.065,90.105,-0.001,0.001,0.004,0.004,13,weighted_average,kalman(weighted_average),false
1788768471.340,46.873,0.470,1.786,2.056,90.201,0.473,1.784,2.058,90.156,0.003,-0.002,0.002,0.004,13,weighted_average,kalman(weighted_average),false
1788768471.389,46.921,0.479,1.778,2.059,90.129,0.477,1.779,2.056,90.148,-0.001,0.001,-0.002,0.003,13,weighted_average,kalman(weighted_average),false
1788768471.475,47.008,0.481,1.767,2.053,90.219,0.482,1.768,2.052,90.197,0.001,0.001,-0.001,0.002,13,weighted_average,kalman(weighted_average),false
1788768471.529,47.062,0.487,1.757,2.048,90.227,0.486,1.758,2.049,90.224,-0.001,0.002,0.000,0.002,13,weighted_average,kalman(weighted_average),false
1788768471.587,47.120,0.497,1.743,2.051,90.149,0.495,1.745,2.049,90.192,-0.003,0.003,-0.002,0.004,13,weighted_average,kalman(weighted_average),false
1788768471.632,47.165,0.503,1.734,2.043,90.132,0.501,1.735,2.045,90.162,-0.001,0.001,0.002,0.003,13,weighted_average,kalman(weighted_average),false
1788768471.686,47.219,0.506,1.728,2.039,90.115,0.507,1.727,2.040,90.132,0.001,-0.002,0.001,0.002,13,weighted_average,kalman(weighted_average),false
1788768471.802,47.335,0.508,1.710,2.032,90.170,0.510,1.709,2.032,90.149,0.002,-0.001,-0.000,0.002,13,weighted_average,kalman(weighted_average),false
1788768471.851,47.384,0.518,1.695,2.038,90.079,0.516,1.697,2.035,90.108,-0.002,0.002,-0.003,0.004,13,weighted_average,kalman(weighted_average),false
1788768471.915,47.448,0.524,1.678,2.032,90.067,0.523,1.680,2.033,90.077,-0.001,0.002,0.001,0.003,13,weighted_average,kalman(weighted_average),false
1788768471.970,47.503,0.524,1.672,2.031,90.100,0.526,1.670,2.031,90.081,0.001,-0.002,0.000,0.002,13,weighted_average,kalman(weighted_average),false
1788768472.063,47.596,0.531,1.648,2.028,90.127,0.531,1.649,2.028,90.107,0.000,0.001,0.000,0.001,13,weighted_average,kalman(weighted_average),false
1788768472.119,47.652,0.533,1.638,2.029,90.159,0.534,1.638,2.028,90.141,0.001,-0.001,-0.001,0.001,13,weighted_average,kalman(weighted_average),false
1788768472.165,47.697,0.542,1.623,2.032,90.090,0.540,1.625,2.030,90.120,-0.002,0.002,-0.002,0.004,13,weighted_average,kalman(weighted_average),false
1788768472.220,47.753,0.539,1.622,2.025,90.179,0.541,1.618,2.027,90.153,0.002,-0.004,0.002,0.005,13,weighted_average,kalman(weighted_average),false
1788768472.354,47.887,0.546,1.599,2.035,90.166,0.546,1.598,2.034,90.171,0.000,-0.001,-0.002,0.002,13,weighted_average,kalman(weighted_average),false
1788768472.407,47.940,0.553,1.586,2.036,90.112,0.551,1.587,2.037,90.137,-0.002,0.002,0.000,0.002,13,weighted_average,kalman(weighted_average),false
1788768472.468,48.001,0.549,1.584,2.041,90.183,0.551,1.582,2.040,90.161,0.002,-0.002,-0.000,0.003,13,weighted_average,kalman(weighted_average),false
1788768472.521,48.054,0.560,1.568,2.041,90.085,0.557,1.570,2.042,90.120,-0.003,0.002,0.001,0.004,13,weighted_average,kalman(weighted_average),false
1788768472.654,48.187,0.560,1.560,2.045,90.104,0.561,1.558,2.045,90.101,0.001,-0.002,0.000,0.002,13,weighted_average,kalman(weighted_average),false
1788768472.708,48.240,0.559,1.554,2.047,90.130,0.560,1.554,2.047,90.116,0.001,-0.000,-0.000,0.001,13,weighted_average,kalman(weighted_average),false
1788768472.763,48.295,0.564,1.547,2.048,90.070,0.563,1.548,2.048,90.089,-0.001,0.001,0.000,0.002,13,weighted_average,kalman(weighted_average),false
1788768472.810,48.343,0.562,1.544,2.047,90.104,0.563,1.544,2.048,90.093,0.001,-0.000,0.001,0.001,13,weighted_average,kalman(weighted_average),false
1788768472.942,48.474,0.543,1.550,2.051,90.385,0.546,1.547,2.051,90.316,0.003,-0.002,-0.000,0.004,13,weighted_average,kalman(weighted_average),false
1788768473.001,48.533,0.555,1.537,2.054,90.259,0.550,1.541,2.053,90.312,-0.005,0.004,-0.000,0.006,13,weighted_average,kalman(weighted_average),false
1788768473.051,48.584,0.561,1.529,2.043,90.231,0.556,1.533,2.047,90.284,-0.005,0.003,0.004,0.007,13,weighted_average,kalman(weighted_average),false
1788768473.103,48.636,0.546,1.541,2.050,90.359,0.551,1.536,2.048,90.333,0.005,-0.005,-0.002,0.007,13,weighted_average,kalman(weighted_average),false
1788768473.235,48.767,0.557,1.535,2.037,90.126,0.556,1.535,2.038,90.189,-0.001,-0.000,0.001,0.002,13,weighted_average,kalman(weighted_average),false
1788768473.289,48.821,0.550,1.539,2.038,90.215,0.552,1.538,2.037,90.186,0.003,-0.001,-0.001,0.003,13,weighted_average,kalman(weighted_average),false
1788768473.327,48.860,0.550,1.541,2.037,90.157,0.551,1.540,2.036,90.160,0.001,-0.001,-0.001,0.001,13,weighted_average,kalman(weighted_average),false
1788768473.379,48.912,0.548,1.540,2.031,90.199,0.549,1.541,2.032,90.165,0.001,0.000,0.001,0.001,13,weighted_average,kalman(weighted_average),false
1788768473.431,48.964,0.547,1.541,2.030,90.189,0.547,1.542,2.030,90.169,0.000,0.000,-0.000,0.000,13,weighted_average,kalman(weighted_average),false
1788768473.551,49.084,0.543,1.543,2.027,90.239,0.544,1.543,2.027,90.214,0.000,0.000,-0.001,0.001,13,weighted_average,kalman(weighted_average),false
1788768473.604,49.137,0.541,1.549,2.024,90.252,0.541,1.547,2.024,90.243,0.000,-0.002,0.000,0.002,13,weighted_average,kalman(weighted_average),false
1788768473.667,49.199,0.546,1.542,2.027,90.214,0.544,1.545,2.026,90.235,-0.002,0.002,-0.002,0.004,13,weighted_average,kalman(weighted_average),false
1788768473.720,49.253,0.539,1.551,2.030,90.297,0.541,1.548,2.028,90.274,0.002,-0.002,-0.001,0.003,13,weighted_average,kalman(weighted_average),false
1788768473.868,49.401,0.540,1.554,2.025,90.306,0.540,1.554,2.026,90.310,-0.000,-0.000,0.001,0.001,13,weighted_average,kalman(weighted_average),false
1788768473.915,49.448,0.548,1.554,2.022,90.170,0.545,1.555,2.023,90.228,-0.003,0.000,0.001,0.003,13,weighted_average,kalman(weighted_average),false
1788768473.969,49.502,0.541,1.559,2.030,90.263,0.543,1.558,2.027,90.238,0.003,-0.001,-0.003,0.004,13,weighted_average,kalman(weighted_average),false
1788768474.014,49.546,0.539,1.563,2.035,90.268,0.541,1.562,2.032,90.250,0.002,-0.001,-0.003,0.004,13,weighted_average,kalman(weighted_average),false
1788768474.066,49.598,0.534,1.567,2.036,90.346,0.536,1.566,2.035,90.300,0.002,-0.001,-0.000,0.002,13,weighted_average,kalman(weighted_average),false
1788768474.166,49.699,0.539,1.568,2.040,90.264,0.538,1.569,2.040,90.286,-0.002,0.001,0.000,0.002,13,weighted_average,kalman(weighted_average),false
1788768474.227,49.760,0.537,1.572,2.044,90.293,0.537,1.572,2.044,90.290,0.000,-0.000,-0.000,0.000,13,weighted_average,kalman(weighted_average),false
1788768474.275,49.808,0.538,1.572,2.041,90.293,0.538,1.572,2.043,90.293,-0.001,0.001,0.002,0.002,13,weighted_average,kalman(weighted_average),false
1788768474.323,49.856,0.542,1.570,2.042,90.239,0.540,1.572,2.043,90.265,-0.002,0.001,0.001,0.003,13,weighted_average,kalman(weighted_average),false
1788768474.372,49.905,0.541,1.572,2.051,90.257,0.541,1.572,2.048,90.257,0.000,0.000,-0.003,0.003,13,weighted_average,kalman(weighted_average),false
1788768474.476,50.009,0.539,1.576,2.054,90.263,0.540,1.575,2.054,90.256,0.001,-0.001,-0.000,0.001,13,weighted_average,kalman(weighted_average),false
1788768474.529,50.062,0.539,1.575,2.059,90.272,0.539,1.576,2.058,90.264,0.000,0.001,-0.001,0.001,13,weighted_average,kalman(weighted_average),false
1788768474.572,50.105,0.546,1.570,2.059,90.180,0.543,1.573,2.060,90.220,-0.003,0.003,0.001,0.004,13,weighted_average,kalman(weighted_average),false
1788768474.628,50.161,0.543,1.572,2.064,90.222,0.543,1.572,2.064,90.213,0.001,0.000,-0.000,0.001,13,weighted_average,kalman(weighted_average),false
1788768474.673,50.206,0.540,1.571,2.071,90.263,0.542,1.571,2.069,90.233,0.002,-0.000,-0.002,0.003,13,weighted_average,kalman(weighted_average),false
1788768474.779,50.312,0.543,1.567,2.073,90.230,0.543,1.568,2.074,90.230,-0.000,0.001,0.001,0.001,13,weighted_average,kalman(weighted_average),false
1788768474.831,50.363,0.540,1.568,2.077,90.261,0.541,1.567,2.077,90.248,0.001,-0.001,-0.000,0.001,13,weighted_average,kalman(weighted_average),false
1788768474.879,50.412,0.540,1.566,2.078,90.285,0.540,1.566,2.079,90.271,0.000,0.000,0.001,0.001,13,weighted_average,kalman(weighted_average),false
1788768474.922,50.455,0.541,1.562,2.078,90.273,0.540,1.563,2.079,90.277,-0.001,0.001,0.001,0.002,13,weighted_average,kalman(weighted_average),false
1788768474.978,50.511,0.542,1.561,2.082,90.243,0.541,1.561,2.081,90.264,-0.001,-0.000,-0.000,0.001,13,weighted_average,kalman(weighted_average),false
1788768475.092,50.625,0.542,1.559,2.081,90.240,0.541,1.559,2.082,90.248,-0.000,-0.000,0.001,0.001,13,weighted_average,kalman(weighted_average),false
1788768475.137,50.670,0.541,1.555,2.085,90.267,0.541,1.556,2.084,90.257,0.000,0.001,-0.001,0.001,13,weighted_average,kalman(weighted_average),false
1788768475.183,50.715,0.541,1.556,2.081,90.261,0.541,1.555,2.083,90.259,0.000,-0.001,0.001,0.001,13,weighted_average,kalman(weighted_average),false
1788768475.236,50.769,0.542,1.554,2.074,90.257,0.541,1.554,2.077,90.258,-0.000,-0.000,0.004,0.004,13,weighted_average,kalman(weighted_average),false
1788768475.293,50.826,0.536,1.557,2.074,90.323,0.538,1.555,2.074,90.294,0.002,-0.002,0.000,0.003,13,weighted_average,kalman(weighted_average),false
1788768475.410,50.942,0.537,1.553,2.081,90.289,0.537,1.553,2.079,90.298,-0.000,0.000,-0.002,0.002,13,weighted_average,kalman(weighted_average),false
1788768475.465,50.998,0.538,1.551,2.071,90.301,0.538,1.552,2.074,90.301,-0.001,0.001,0.003,0.003,13,weighted_average,kalman(weighted_average),false
1788768475.507,51.039,0.534,1.556,2.068,90.347,0.536,1.554,2.070,90.327,0.002,-0.002,0.002,0.003,13,weighted_average,kalman(weighted_average),false
1788768475.565,51.098,0.538,1.553,2.062,90.306,0.537,1.553,2.064,90.321,-0.001,0.000,0.002,0.002,13,weighted_average,kalman(weighted_average),false
1788768475.686,51.219,0.540,1.550,2.059,90.303,0.539,1.551,2.058,90.310,-0.000,0.000,-0.001,0.001,13,weighted_average,kalman(weighted_average),false
1788768475.740,51.273,0.543,1.549,2.058,90.275,0.542,1.549,2.057,90.287,-0.001,0.000,-0.001,0.001,13,weighted_average,kalman(weighted_average),false
1788768475.784,51.317,0.548,1.542,2.056,90.250,0.546,1.544,2.056,90.263,-0.001,0.002,-0.000,0.003,13,weighted_average,kalman(weighted_average),false
1788768475.841,51.374,0.541,1.545,2.055,90.363,0.544,1.544,2.055,90.310,0.003,-0.002,-0.001,0.004,13,weighted_average,kalman(weighted_average),false
1788768475.889,51.422,0.547,1.541,2.053,90.291,0.546,1.541,2.053,90.303,-0.001,0.000,0.000,0.001,13,weighted_average,kalman(weighted_average),false
1788768475.983,51.516,0.548,1.543,2.054,90.280,0.548,1.542,2.053,90.289,0.000,-0.001,-0.001,0.001,13,weighted_average,kalman(weighted_average),false
1788768476.038,51.571,0.548,1.539,2.053,90.336,0.548,1.540,2.053,90.315,0.000,0.001,-0.000,0.001,13,weighted_average,kalman(weighted_average),false
1788768476.095,51.628,0.549,1.539,2.052,90.321,0.549,1.539,2.053,90.322,-0.000,0.000,0.000,0.000,13,weighted_average,kalman(weighted_average),false
1788768476.140,51.673,0.547,1.541,2.054,90.366,0.548,1.540,2.053,90.347,0.001,-0.001,-0.001,0.002,13,weighted_average,kalman(weighted_average),false
1788768476.187,51.720,0.552,1.538,2.053,90.302,0.550,1.539,2.053,90.331,-0.002,0.000,0.000,0.002,13,weighted_average,kalman(weighted_average),false
1788768476.284,51.817,0.551,1.537,2.060,90.340,0.551,1.537,2.058,90.339,0.000,0.000,-0.002,0.002,13,weighted_average,kalman(weighted_average),false
1788768476.342,51.874,0.550,1.540,2.059,90.333,0.551,1.539,2.060,90.337,0.000,-0.001,0.000,0.001,13,weighted_average,kalman(weighted_average),false
1788768476.383,51.916,0.554,1.535,2.060,90.296,0.553,1.537,2.061,90.316,-0.001,0.001,0.000,0.002,13,weighted_average,kalman(weighted_average),false
1788768476.437,51.969,0.554,1.532,2.061,90.327,0.554,1.534,2.062,90.319,-0.000,0.001,0.001,0.002,13,weighted_average,kalman(weighted_average),false
1788768476.484,52.017,0.553,1.533,2.061,90.341,0.554,1.533,2.062,90.329,0.001,-0.000,0.001,0.001,13,weighted_average,kalman(weighted_average),false
1788768476.602,52.135,0.559,1.526,2.058,90.319,0.558,1.526,2.059,90.323,-0.001,0.001,0.001,0.001,13,weighted_average,kalman(weighted_average),false
1788768476.657,52.190,0.554,1.531,2.063,90.362,0.556,1.529,2.061,90.346,0.002,-0.002,-0.001,0.003,13,weighted_average,kalman(weighted_average),false
1788768476.714,52.246,0.560,1.524,2.065,90.302,0.559,1.525,2.064,90.324,-0.002,0.001,-0.001,0.002,13,weighted_average,kalman(weighted_average),false
1788768476.760,52.293,0.559,1.523,2.063,90.340,0.559,1.523,2.064,90.331,0.000,0.000,0.001,0.001,13,weighted_average,kalman(weighted_average),false
1788768476.867,52.400,0.558,1.523,2.066,90.354,0.559,1.522,2.066,90.347,0.001,-0.001,-0.000,0.001,13,weighted_average,kalman(weighted_average),false
1788768476.908,52.441,0.560,1.517,2.071,90.357,0.560,1.519,2.069,90.354,-0.001,0.002,-0.002,0.003,13,weighted_average,kalman(weighted_average),false
1788768476.972,52.505,0.560,1.517,2.071,90.357,0.560,1.516,2.072,90.359,-0.000,-0.000,0.000,0.000,13,weighted_average,kalman(weighted_average),false
1788768477.013,52.546,0.566,1.513,2.064,90.264,0.564,1.514,2.068,90.312,-0.002,0.001,0.004,0.004,13,weighted_average,kalman(weighted_average),false
1788768477.063,52.596,0.556,1.518,2.060,90.390,0.560,1.515,2.063,90.346,0.004,-0.003,0.003,0.006,13,weighted_average,kalman(weighted_average),false
1788768477.150,52.683,0.557,1.515,2.063,90.374,0.557,1.515,2.062,90.366,0.001,-0.000,-0.001,0.001,13,weighted_average,kalman(weighted_average),false
1788768477.202,52.735,0.560,1.511,2.056,90.342,0.558,1.512,2.057,90.356,-0.001,0.001,0.002,0.002,13,weighted_average,kalman(weighted_average),false
1788768477.261,52.793,0.560,1.509,2.054,90.342,0.559,1.510,2.054,90.349,-0.001,0.001,0.000,0.001,13,weighted_average,kalman(weighted_average),false
1788768477.306,52.839,0.560,1.509,2.052,90.340,0.560,1.509,2.052,90.344,-0.000,-0.000,-0.000,0.001,13,weighted_average,kalman(weighted_average),false
1788768477.376,52.908,0.555,1.513,2.047,90.394,0.557,1.511,2.047,90.371,0.002,-0.002,0.001,0.003,13,weighted_average,kalman(weighted_average),false
1788768477.479,53.012,0.560,1.506,2.047,90.336,0.559,1.507,2.046,90.351,-0.001,0.001,-0.001,0.002,13,weighted_average,kalman(weighted_average),false
1788768477.535,53.067,0.559,1.507,2.049,90.342,0.559,1.507,2.047,90.344,0.000,-0.001,-0.001,0.001,13,weighted_average,kalman(weighted_average),false
1788768477.584,53.117,0.563,1.505,2.050,90.266,0.562,1.505,2.049,90.298,-0.001,0.000,-0.001,0.002,13,weighted_average,kalman(weighted_average),false
1788768477.632,53.165,0.561,1.508,2.047,90.273,0.562,1.507,2.048,90.276,0.001,-0.002,0.001,0.002,13,weighted_average,kalman(weighted_average),false
1788768477.683,53.216,0.560,1.509,2.045,90.275,0.561,1.508,2.046,90.266,0.001,-0.001,0.001,0.002,13,weighted_average,kalman(weighted_average),false
1788768477.779,53.312,0.556,1.512,2.043,90.309,0.558,1.511,2.043,90.284,0.001,-0.001,0.000,0.001,13,weighted_average,kalman(weighted_average),false
1788768477.832,53.365,0.560,1.509,2.046,90.261,0.559,1.510,2.045,90.271,-0.001,0.001,-0.001,0.002,13,weighted_average,kalman(weighted_average),false
1788768477.889,53.422,0.558,1.512,2.048,90.281,0.558,1.511,2.047,90.274,0.000,-0.000,-0.001,0.001,13,weighted_average,kalman(weighted_average),false
1788768477.940,53.473,0.559,1.514,2.044,90.265,0.558,1.513,2.045,90.269,-0.001,-0.001,0.001,0.002,13,weighted_average,kalman(weighted_average),false
1788768478.048,53.580,0.558,1.515,2.043,90.322,0.558,1.515,2.044,90.305,0.000,0.000,0.000,0.001,13,weighted_average,kalman(weighted_average),false
1788768478.090,53.622,0.559,1.517,2.043,90.306,0.559,1.516,2.043,90.310,-0.001,-0.000,-0.000,0.001,13,weighted_average,kalman(weighted_average),false
1788768478.161,53.694,0.559,1.516,2.041,90.336,0.559,1.517,2.042,90.331,0.000,0.000,0.000,0.001,13,weighted_average,kalman(weighted_average),false
1788768478.205,53.738,0.559,1.519,2.039,90.347,0.559,1.518,2.040,90.345,0.000,-0.001,0.000,0.001,13,weighted_average,kalman(weighted_average),false
1788768478.318,53.851,0.561,1.518,2.040,90.327,0.561,1.518,2.039,90.340,-0.000,0.001,-0.001,0.001,13,weighted_average,kalman(weighted_average),false
1788768478.376,53.909,0.567,1.515,2.041,90.267,0.565,1.516,2.040,90.295,-0.001,0.001,-0.001,0.002,13,weighted_average,kalman(weighted_average),false
1788768478.427,53.960,0.566,1.514,2.041,90.298,0.567,1.514,2.041,90.290,0.001,0.000,-0.000,0.001,13,weighted_average,kalman(weighted_average),false
1788768478.478,54.010,0.561,1.520,2.040,90.368,0.564,1.517,2.040,90.326,0.003,-0.003,0.000,0.004,13,weighted_average,kalman(weighted_average),false
1788768478.600,54.132,0.564,1.519,2.033,90.356,0.564,1.519,2.034,90.352,-0.000,-0.000,0.001,0.001,13,weighted_average,kalman(weighted_average),false
1788768478.649,54.182,0.569,1.515,2.041,90.295,0.567,1.517,2.038,90.322,-0.002,0.002,-0.003,0.004,13,weighted_average,kalman(weighted_average),false
1788768478.687,54.220,0.565,1.519,2.035,90.365,0.567,1.518,2.037,90.342,0.001,-0.001,0.001,0.002,13,weighted_average,kalman(weighted_average),false
1788768478.749,54.281,0.565,1.519,2.033,90.389,0.566,1.519,2.034,90.370,0.001,-0.001,0.001,0.002,13,weighted_average,kalman(weighted_average),false
1788768478.851,54.384,0.564,1.521,2.030,90.387,0.565,1.521,2.030,90.389,0.000,-0.000,0.000,0.000,13,weighted_average,kalman(weighted_average),false
1788768478.899,54.432,0.562,1.522,2.029,90.414,0.563,1.522,2.029,90.408,0.001,-0.000,-0.000,0.001,13,weighted_average,kalman(weighted_average),false
1788768478.956,54.489,0.561,1.520,2.039,90.423,0.562,1.521,2.035,90.423,0.000,0.001,-0.004,0.004,13,weighted_average,kalman(weighted_average),false
1788768479.006,54.539,0.558,1.524,2.031,90.455,0.559,1.523,2.033,90.446,0.001,-0.001,0.002,0.002,13,weighted_average,kalman(weighted_average),false
1788768479.061,54.594,0.564,1.521,2.030,90.349,0.561,1.522,2.031,90.402,-0.003,0.001,0.002,0.003,13,weighted_average,kalman(weighted_average),false
1788768479.171,54.704,0.556,1.522,2.022,90.490,0.557,1.522,2.023,90.462,0.001,-0.000,0.001,0.002,13,weighted_average,kalman(weighted_average),false
1788768479.237,54.770,0.561,1.522,2.019,90.372,0.559,1.522,2.019,90.413,-0.002,-0.000,0.000,0.002,13,weighted_average,kalman(weighted_average),false
1788768479.276,54.809,0.559,1.523,2.017,90.409,0.559,1.523,2.016,90.408,0.000,-0.000,-0.000,0.000,13,weighted_average,kalman(weighted_average),false
1788768479.340,54.873,0.551,1.529,2.014,90.508,0.554,1.527,2.013,90.462,0.003,-0.002,-0.001,0.004,13,weighted_average,kalman(weighted_average),false
1788768479.451,54.984,0.555,1.525,2.015,90.434,0.554,1.526,2.014,90.451,-0.001,0.001,-0.001,0.002,13,weighted_average,kalman(weighted_average),false
1788768479.500,55.033,0.559,1.524,2.009,90.377,0.557,1.524,2.011,90.407,-0.002,0.001,0.001,0.002,13,weighted_average,kalman(weighted_average),false
1788768479.548,55.081,0.562,1.522,2.010,90.309,0.561,1.522,2.010,90.347,-0.002,0.001,-0.000,0.002,13,weighted_average,kalman(weighted_average),false
1788768479.606,55.139,0.556,1.523,2.010,90.405,0.559,1.522,2.009,90.363,0.003,-0.001,-0.001,0.003,13,weighted_average,kalman(weighted_average),false
1788768479.666,55.199,0.559,1.522,2.006,90.367,0.559,1.521,2.007,90.358,0.000,-0.000,0.001,0.001,13,weighted_average,kalman(weighted_average),false
1788768479.764,55.297,0.548,1.530,2.007,90.475,0.551,1.528,2.006,90.433,0.002,-0.002,-0.001,0.003,13,weighted_average,kalman(weighted_average),false
1788768479.812,55.345,0.550,1.528,2.007,90.447,0.549,1.529,2.007,90.450,-0.001,0.001,-0.001,0.001,13,weighted_average,kalman(weighted_average),false
1788768479.863,55.396,0.548,1.528,2.001,90.478,0.547,1.529,2.003,90.475,-0.001,0.001,0.002,0.003,13,weighted_average,kalman(weighted_average),false
1788768479.914,55.447,0.549,1.525,2.001,90.475,0.547,1.527,2.001,90.485,-0.001,0.002,-0.000,0.002,13,weighted_average,kalman(weighted_average),false
1788768479.974,55.507,0.549,1.525,2.001,90.475,0.548,1.525,2.001,90.489,-0.001,0.001,-0.001,0.001,13,weighted_average,kalman(weighted_average),false
1788768480.094,55.626,0.552,1.525,2.002,90.399,0.551,1.525,2.002,90.429,-0.001,-0.000,-0.001,0.001,13,weighted_average,kalman(weighted_average),false
1788768480.140,55.673,0.551,1.526,2.002,90.412,0.552,1.525,2.002,90.412,0.000,-0.000,-0.000,0.000,13,weighted_average,kalman(weighted_average),false
1788768480.190,55.723,0.550,1.526,2.005,90.419,0.551,1.526,2.004,90.407,0.001,-0.000,-0.001,0.001,13,weighted_average,kalman(weighted_average),false
1788768480.241,55.774,0.553,1.525,2.003,90.391,0.553,1.526,2.004,90.392,-0.001,0.000,0.001,0.001,13,weighted_average,kalman(weighted_average),false
1788768480.297,55.830,0.552,1.525,2.005,90.420,0.553,1.525,2.005,90.400,0.000,0.000,-0.000,0.001,13,weighted_average,kalman(weighted_average),false
1788768480.419,55.952,0.555,1.523,2.006,90.405,0.555,1.523,2.006,90.400,-0.000,0.000,0.000,0.000,13,weighted_average,kalman(weighted_average),false
1788768480.468,56.000,0.559,1.519,2.010,90.364,0.558,1.520,2.009,90.378,-0.001,0.001,-0.001,0.002,13,weighted_average,kalman(weighted_average),false
1788768480.515,56.048,0.551,1.525,2.012,90.474,0.555,1.522,2.011,90.427,0.003,-0.003,-0.001,0.004,13,weighted_average,kalman(weighted_average),false
1788768480.579,56.112,0.559,1.521,2.016,90.370,0.558,1.522,2.015,90.400,-0.002,0.000,-0.001,0.002,13,weighted_average,kalman(weighted_average),false
1788768480.706,56.239,0.558,1.524,2.010,90.447,0.558,1.524,2.012,90.435,0.000,-0.001,0.002,0.002,13,weighted_average,kalman(weighted_average),false
1788768480.750,56.283,0.554,1.527,2.021,90.486,0.556,1.526,2.017,90.469,0.001,-0.001,-0.004,0.004,13,weighted_average,kalman(weighted_average),false
1788768480.804,56.337,0.558,1.524,2.020,90.489,0.557,1.525,2.020,90.489,-0.001,0.002,-0.000,0.002,13,weighted_average,kalman(weighted_average),false
1788768480.848,56.381,0.554,1.526,2.024,90.550,0.555,1.526,2.023,90.529,0.001,-0.000,-0.001,0.002,13,weighted_average,kalman(weighted_average),false
1788768480.910,56.443,0.558,1.527,2.026,90.510,0.556,1.527,2.026,90.533,-0.001,-0.000,0.000,0.001,13,weighted_average,kalman(weighted_average),false
1788768481.030,56.563,0.564,1.518,2.025,90.516,0.563,1.520,2.026,90.531,-0.001,0.002,0.001,0.002,13,weighted_average,kalman(weighted_average),false
1788768481.083,56.616,0.567,1.518,2.025,90.492,0.566,1.517,2.025,90.508,-0.000,-0.000,0.000,0.001,13,weighted_average,kalman(weighted_average),false
1788768481.135,56.668,0.564,1.519,2.025,90.550,0.566,1.518,2.025,90.529,0.002,-0.002,0.000,0.003,13,weighted_average,kalman(weighted_average),false
1788768481.183,56.716,0.567,1.517,2.033,90.489,0.567,1.517,2.029,90.509,-0.000,-0.000,-0.003,0.003,13,weighted_average,kalman(weighted_average),false
1788768481.311,56.844,0.568,1.517,2.025,90.487,0.569,1.517,2.027,90.489,0.000,-0.000,0.001,0.001,13,weighted_average,kalman(weighted_average),false
1788768481.368,56.901,0.570,1.517,2.028,90.436,0.570,1.517,2.027,90.452,-0.000,-0.000,-0.001,0.001,13,weighted_average,kalman(weighted_average),false
1788768481.411,56.944,0.569,1.517,2.029,90.451,0.570,1.517,2.028,90.445,0.001,0.000,-0.001,0.001,13,weighted_average,kalman(weighted_average),false
1788768481.462,56.995,0.568,1.515,2.027,90.486,0.569,1.516,2.028,90.460,0.001,0.001,0.001,0.001,13,weighted_average,kalman(weighted_average),false
1788768481.512,57.045,0.569,1.515,2.027,90.461,0.569,1.515,2.027,90.458,-0.000,0.000,0.000,0.000,13,weighted_average,kalman(weighted_average),false
1788768481.626,57.159,0.565,1.516,2.030,90.530,0.566,1.516,2.029,90.508,0.001,-0.000,-0.001,0.001,13,weighted_average,kalman(weighted_average),false
1788768481.695,57.228,0.568,1.515,2.027,90.497,0.567,1.515,2.028,90.509,-0.001,0.000,0.001,0.001,13,weighted_average,kalman(weighted_average),false
1788768481.737,57.270,0.568,1.516,2.026,90.482,0.567,1.515,2.027,90.498,-0.000,-0.001,0.000,0.001,13,weighted_average,kalman(weighted_average),false
1788768481.784,57.317,0.567,1.517,2.025,90.503,0.567,1.516,2.025,90.501,0.000,-0.000,0.001,0.001,13,weighted_average,kalman(weighted_average),false
1788768481.914,57.447,0.567,1.519,2.026,90.483,0.567,1.519,2.026,90.489,-0.000,-0.000,-0.000,0.001,13,weighted_average,kalman(weighted_average),false
1788768481.964,57.496,0.567,1.519,2.024,90.491,0.567,1.519,2.025,90.489,-0.000,0.000,0.001,0.001,13,weighted_average,kalman(weighted_average),false
1788768482.019,57.552,0.574,1.520,2.019,90.383,0.572,1.520,2.021,90.426,-0.003,-0.000,0.002,0.003,13,weighted_average,kalman(weighted_average),false
1788768482.059,57.592,0.575,1.520,2.020,90.411,0.574,1.520,2.019,90.409,-0.001,0.001,-0.000,0.001,13,weighted_average,kalman(weighted_average),false
1788768482.112,57.645,0.570,1.521,2.013,90.527,0.573,1.521,2.015,90.459,0.003,-0.000,0.002,0.003,13,weighted_average,kalman(weighted_average),false
1788768482.198,57.731,0.568,1.521,2.011,90.195,0.570,1.521,2.011,90.293,0.002,0.000,-0.000,0.002,13,weighted_average,kalman(weighted_average),false
1788768482.245,57.777,0.571,1.522,2.012,89.798,0.570,1.522,2.010,89.995,-0.001,-0.000,-0.001,0.001,13,weighted_average,kalman(weighted_average),false
1788768482.295,57.827,0.717,1.178,1.890,86.325,0.570,1.522,2.010,87.977,-0.147,0.344,0.120,0.393,17,weighted_average,kalman(weighted_average),true
1788768482.348,57.881,0.657,1.208,1.987,86.826,0.638,1.276,1.992,86.963,-0.019,0.068,0.005,0.071,17,weighted_average,kalman(weighted_average),false
1788768482.401,57.934,0.585,1.665,2.013,87.841,0.638,1.276,1.992,86.998,0.053,-0.389,-0.021,0.393,5,weighted_average,kalman(weighted_average),true
1788768482.483,58.016,0.647,1.211,1.994,85.448,0.645,1.221,1.993,85.703,-0.001,0.010,-0.000,0.010,17,weighted_average,kalman(weighted_average),false
1788768482.533,58.066,0.659,1.237,1.902,84.625,0.655,1.225,1.934,84.799,-0.004,-0.012,0.032,0.034,17,weighted_average,kalman(weighted_average),false
1788768482.582,58.114,0.655,1.236,1.905,83.867,0.657,1.228,1.907,83.961,0.002,-0.008,0.002,0.009,17,weighted_average,kalman(weighted_average),false
1788768482.632,58.165,0.634,1.251,1.935,83.790,0.645,1.240,1.914,83.488,0.011,-0.010,-0.021,0.026,17,weighted_average,kalman(weighted_average),false
1788768482.687,58.220,0.653,1.231,2.026,83.127,0.649,1.236,1.978,82.946,-0.005,0.005,-0.048,0.048,17,weighted_average,kalman(weighted_average),false
1788768482.771,58.304,0.699,1.178,2.059,81.252,0.686,1.194,2.047,81.498,-0.014,0.015,-0.011,0.024,17,weighted_average,kalman(weighted_average),false
1788768482.819,58.352,0.646,1.237,2.006,81.353,0.666,1.215,2.034,81.099,0.020,-0.022,0.028,0.041,17,weighted_average,kalman(weighted_average),false
1788768482.894,58.427,0.702,1.195,2.018,80.151,0.692,1.200,2.029,80.143,-0.010,0.005,0.011,0.016,17,weighted_average,kalman(weighted_average),false
1788768482.928,58.461,0.640,1.247,1.973,80.204,0.666,1.225,1.998,79.956,0.026,-0.023,0.025,0.043,17,weighted_average,kalman(weighted_average),false
1788768482.977,58.510,0.703,1.192,2.033,78.832,0.686,1.208,2.014,79.124,-0.017,0.016,-0.020,0.031,17,weighted_average,kalman(weighted_average),false
1788768483.061,58.594,0.797,1.725,2.113,79.305,0.686,1.208,2.014,78.824,-0.111,-0.517,-0.099,0.538,9,weighted_average,kalman(weighted_average),true
1788768483.113,58.646,0.836,1.726,2.123,78.496,0.686,1.208,2.014,78.471,-0.150,-0.517,-0.109,0.549,9,weighted_average,kalman(weighted_average),true
1788768483.165,58.698,0.858,1.743,2.084,77.484,0.844,1.698,2.079,77.762,-0.014,-0.045,-0.006,0.047,9,weighted_average,kalman(weighted_average),false
1788768483.212,58.745,0.822,1.732,2.078,77.314,0.845,1.767,2.085,77.312,0.024,0.035,0.006,0.043,9,weighted_average,kalman(weighted_average),false
1788768483.262,58.795,0.815,1.750,2.085,76.617,0.839,1.803,2.090,76.724,0.024,0.053,0.006,0.059,9,weighted_average,kalman(weighted_average),false
1788768483.347,58.880,0.829,1.751,2.089,75.638,0.838,1.802,2.094,75.716,0.009,0.051,0.005,0.052,9,weighted_average,kalman(weighted_average),false
1788768483.398,58.931,0.824,1.777,2.093,74.980,0.830,1.793,2.095,75.053,0.006,0.016,0.002,0.017,9,weighted_average,kalman(weighted_average),false
1788768483.447,58.980,0.828,1.778,2.101,74.550,0.828,1.786,2.100,74.510,0.000,0.008,-0.001,0.008,9,weighted_average,kalman(weighted_average),false
1788768483.508,59.041,0.821,1.635,2.019,73.046,0.823,1.690,2.050,73.381,0.001,0.054,0.030,0.062,11,weighted_average,kalman(weighted_average),false
1788768483.551,59.084,0.876,1.623,1.997,71.781,0.853,1.636,2.012,72.262,-0.023,0.013,0.015,0.031,11,weighted_average,kalman(weighted_average),false
1788768483.637,59.170,0.862,1.635,1.990,70.735,0.864,1.612,1.982,70.726,0.003,-0.023,-0.008,0.024,11,weighted_average,kalman(weighted_average),false
1788768483.685,59.217,0.867,1.647,1.976,69.934,0.869,1.626,1.971,69.912,0.002,-0.021,-0.005,0.022,11,weighted_average,kalman(weighted_average),false
1788768483.739,59.272,0.859,1.649,1.971,69.634,0.865,1.638,1.964,69.325,0.006,-0.011,-0.007,0.014,11,weighted_average,kalman(weighted_average),false
1788768483.783,59.316,0.878,1.665,1.963,68.729,0.873,1.654,1.959,68.692,-0.004,-0.011,-0.004,0.012,11,weighted_average,kalman(weighted_average),false
1788768483.839,59.372,0.859,1.663,1.981,68.592,0.866,1.663,1.969,68.248,0.008,-0.000,-0.013,0.015,11,weighted_average,kalman(weighted_average),false
1788768483.920,59.452,0.849,1.681,1.982,67.689,0.854,1.679,1.978,67.531,0.005,-0.001,-0.004,0.006,11,weighted_average,kalman(weighted_average),false
1788768483.972,59.505,0.856,1.693,1.957,67.277,0.853,1.692,1.966,67.151,-0.003,-0.001,0.009,0.009,11,weighted_average,kalman(weighted_average),false
1788768484.022,59.554,0.789,1.705,2.003,67.818,0.812,1.704,1.987,67.296,0.024,-0.001,-0.016,0.028,14,weighted_average,kalman(weighted_average),false
1788768484.073,59.605,0.793,1.696,2.010,67.225,0.793,1.704,2.004,67.137,-0.000,0.007,-0.006,0.009,14,weighted_average,kalman(weighted_average),false
1788768484.120,59.653,0.783,1.718,1.992,66.652,0.779,1.715,2.001,66.790,-0.004,-0.004,0.010,0.011,14,weighted_average,kalman(weighted_average),false
1788768484.205,59.738,0.778,1.700,2.005,65.570,0.770,1.708,2.007,65.860,-0.008,0.008,0.002,0.011,14,weighted_average,kalman(weighted_average),false
1788768484.253,59.785,0.773,1.708,1.999,64.755,0.769,1.708,2.003,65.064,-0.004,-0.000,0.004,0.006,14,weighted_average,kalman(weighted_average),false
1788768484.307,59.839,0.765,1.714,1.991,64.434,0.764,1.711,1.996,64.441,-0.001,-0.002,0.005,0.005,14,weighted_average,kalman(weighted_average),false
1788768484.355,59.888,0.757,1.727,1.995,63.798,0.758,1.721,1.994,63.840,0.001,-0.006,-0.001,0.006,14,weighted_average,kalman(weighted_average),false
1788768484.406,59.939,0.758,1.712,1.997,63.149,0.755,1.718,1.995,63.192,-0.002,0.006,-0.002,0.006,14,weighted_average,kalman(weighted_average),false
1788768484.488,60.021,0.743,1.732,1.995,62.217,0.745,1.728,1.994,62.211,0.002,-0.003,-0.000,0.004,14,weighted_average,kalman(weighted_average),false
1788768484.543,60.075,0.744,1.733,1.988,61.809,0.742,1.733,1.990,61.703,-0.002,0.000,0.002,0.003,14,weighted_average,kalman(weighted_average),false
1788768484.591,60.123,0.724,1.718,1.998,61.018,0.730,1.726,1.994,61.091,0.005,0.008,-0.004,0.010,14,weighted_average,kalman(weighted_average),false
1788768484.647,60.180,0.725,1.715,2.001,60.574,0.724,1.719,1.999,60.509,-0.002,0.004,-0.003,0.005,14,weighted_average,kalman(weighted_average),false
1788768484.695,60.228,0.708,1.711,2.001,59.879,0.712,1.713,2.001,59.931,0.004,0.002,-0.000,0.004,14,weighted_average,kalman(weighted_average),false
1788768484.776,60.309,0.722,1.695,1.986,58.469,0.715,1.698,1.992,58.674,-0.007,0.003,0.006,0.010,11|14,weighted_average,kalman(weighted_average),false
1788768484.828,60.361,0.717,1.686,2.000,57.687,0.716,1.688,1.996,57.803,-0.001,0.001,-0.004,0.005,11|14,weighted_average,kalman(weighted_average),false
1788768484.878,60.411,0.721,1.680,1.997,57.187,0.719,1.680,1.997,57.134,-0.002,-0.001,-0.000,0.002,11|14,weighted_average,kalman(weighted_average),false
1788768484.930,60.463,0.682,1.730,1.990,57.699,0.697,1.707,1.992,57.078,0.015,-0.023,0.003,0.027,8|11,weighted_average,kalman(weighted_average),false
1788768484.978,60.511,0.684,1.728,1.976,57.305,0.686,1.722,1.982,56.968,0.002,-0.006,0.006,0.009,8|11,weighted_average,kalman(weighted_average),false
1788768485.064,60.597,0.670,1.720,1.977,56.375,0.670,1.726,1.976,56.371,-0.000,0.006,-0.001,0.006,8|11,weighted_average,kalman(weighted_average),false
1788768485.111,60.644,0.664,1.714,1.995,56.075,0.663,1.720,1.986,56.059,-0.001,0.006,-0.009,0.010,8|11,weighted_average,kalman(weighted_average),false
1788768485.162,60.695,0.659,1.710,2.002,55.444,0.657,1.714,1.997,55.569,-0.002,0.004,-0.005,0.007,8|11,weighted_average,kalman(weighted_average),false
1788768485.216,60.749,0.647,1.707,2.004,55.218,0.648,1.709,2.004,55.183,0.001,0.001,-0.000,0.002,8|11,weighted_average,kalman(weighted_average),false
1788768485.266,60.799,0.638,1.704,2.004,54.639,0.639,1.704,2.006,54.716,0.001,0.000,0.002,0.003,8|11,weighted_average,kalman(weighted_average),false
1788768485.350,60.883,0.629,1.698,2.002,54.023,0.628,1.698,2.005,54.027,-0.001,0.000,0.003,0.004,8|11,weighted_average,kalman(weighted_average),false
1788768485.402,60.934,0.577,1.731,2.039,54.738,0.593,1.718,2.027,54.246,0.015,-0.013,-0.012,0.023,8,weighted_average,kalman(weighted_average),false
1788768485.450,60.983,0.572,1.732,2.033,54.487,0.573,1.729,2.035,54.290,0.001,-0.003,0.001,0.003,8,weighted_average,kalman(weighted_average),false
1788768485.502,61.035,0.610,1.682,2.011,52.374,0.587,1.704,2.024,53.231,-0.023,0.022,0.013,0.035,8|11,weighted_average,kalman(weighted_average),false
1788768485.555,61.087,0.601,1.681,2.001,52.151,0.593,1.688,2.010,52.446,-0.007,0.007,0.009,0.013,8|11,weighted_average,kalman(weighted_average),false
1788768485.640,61.173,0.601,1.663,2.009,50.920,0.599,1.665,2.007,51.133,-0.002,0.002,-0.002,0.004,8|11,weighted_average,kalman(weighted_average),false
1788768485.688,61.221,0.589,1.658,2.010,50.342,0.594,1.656,2.008,50.404,0.005,-0.002,-0.002,0.006,8|11,weighted_average,kalman(weighted_average),false
1788768485.740,61.273,0.585,1.657,1.998,50.046,0.588,1.652,2.001,49.872,0.003,-0.005,0.003,0.006,8|11,weighted_average,kalman(weighted_average),false
1788768485.790,61.322,0.583,1.645,2.009,49.343,0.584,1.645,2.004,49.294,0.001,-0.000,-0.005,0.005,8|11,weighted_average,kalman(weighted_average),false
1788768485.842,61.375,0.579,1.640,2.003,49.080,0.579,1.639,2.003,48.873,0.001,-0.001,0.000,0.002,8|11,weighted_average,kalman(weighted_average),false
1788768485.927,61.460,0.584,1.620,2.006,48.134,0.581,1.622,2.005,48.069,-0.003,0.002,-0.001,0.004,8|11,weighted_average,kalman(weighted_average),false
1788768485.974,61.507,0.578,1.617,2.012,48.012,0.579,1.616,2.010,47.827,0.001,-0.001,-0.003,0.003,8|11,weighted_average,kalman(weighted_average),false
1788768486.025,61.558,0.533,1.651,2.025,49.090,0.550,1.634,2.020,48.304,0.017,-0.017,-0.005,0.024,8,weighted_average,kalman(weighted_average),false
1788768486.075,61.607,0.568,1.604,2.009,47.640,0.556,1.618,2.016,47.912,-0.012,0.014,0.007,0.020,8|11,weighted_average,kalman(weighted_average),false
1788768486.127,61.660,0.567,1.595,2.004,47.452,0.561,1.602,2.009,47.571,-0.007,0.007,0.005,0.011,8|11,weighted_average,kalman(weighted_average),false
1788768486.212,61.745,0.565,1.590,2.019,47.440,0.563,1.589,2.015,47.333,-0.001,-0.001,-0.004,0.004,8|11,weighted_average,kalman(weighted_average),false
1788768486.260,61.793,0.526,1.626,2.037,48.730,0.540,1.609,2.030,48.032,0.014,-0.016,-0.007,0.023,8,weighted_average,kalman(weighted_average),false
1788768486.310,61.843,0.525,1.626,2.039,48.781,0.527,1.621,2.038,48.490,0.002,-0.005,-0.001,0.005,8,weighted_average,kalman(weighted_average),false
1788768486.365,61.898,0.522,1.620,2.032,48.765,0.519,1.624,2.038,48.761,-0.003,0.004,0.006,0.007,8,weighted_average,kalman(weighted_average),false
1788768486.414,61.947,0.524,1.612,2.033,48.655,0.519,1.618,2.036,48.821,-0.006,0.007,0.004,0.010,8,weighted_average,kalman(weighted_average),false
1788768486.500,62.033,0.562,1.563,2.027,47.371,0.548,1.578,2.030,48.017,-0.014,0.015,0.003,0.021,8|11,weighted_average,kalman(weighted_average),false
1788768486.548,62.080,0.572,1.553,2.027,47.216,0.567,1.557,2.027,47.484,-0.005,0.003,0.000,0.006,8|11,weighted_average,kalman(weighted_average),false
1788768486.599,62.132,0.562,1.555,2.029,47.438,0.570,1.548,2.027,47.304,0.008,-0.007,-0.002,0.011,8|11,weighted_average,kalman(weighted_average),false
1788768486.648,62.181,0.572,1.546,2.039,47.346,0.575,1.541,2.034,47.198,0.003,-0.005,-0.005,0.008,8|11,weighted_average,kalman(weighted_average),false
1788768486.702,62.234,0.539,1.584,2.056,48.643,0.556,1.562,2.048,47.848,0.017,-0.021,-0.008,0.029,8,weighted_average,kalman(weighted_average),false
1788768486.785,62.318,0.593,1.533,2.037,47.254,0.581,1.543,2.044,47.532,-0.012,0.009,0.006,0.017,8|11,weighted_average,kalman(weighted_average),false
1788768486.840,62.373,0.542,1.578,2.063,48.895,0.559,1.563,2.056,48.290,0.017,-0.015,-0.006,0.023,8,weighted_average,kalman(weighted_average),false
1788768486.888,62.421,0.599,1.523,2.032,47.362,0.581,1.541,2.043,47.893,-0.017,0.018,0.012,0.027,8|11,weighted_average,kalman(weighted_average),false
1788768486.949,62.482,0.602,1.519,2.043,47.375,0.598,1.524,2.042,47.608,-0.004,0.005,-0.001,0.006,8|11,weighted_average,kalman(weighted_average),false
1788768486.993,62.526,0.606,1.514,2.040,47.362,0.606,1.514,2.040,47.442,0.000,0.000,0.000,0.001,8|11,weighted_average,kalman(weighted_average),false
1788768487.077,62.610,0.619,1.503,2.048,47.396,0.620,1.501,2.045,47.335,0.001,-0.002,-0.003,0.004,8|11,weighted_average,kalman(weighted_average),false
1788768487.131,62.664,0.595,1.542,2.074,48.772,0.607,1.525,2.065,48.122,0.012,-0.017,-0.009,0.023,8,weighted_average,kalman(weighted_average),false
1788768487.178,62.711,0.646,1.491,2.057,47.291,0.630,1.506,2.064,47.779,-0.016,0.016,0.006,0.023,8|11,weighted_average,kalman(weighted_average),false
1788768487.233,62.766,0.661,1.481,2.059,47.247,0.653,1.489,2.063,47.508,-0.008,0.008,0.004,0.012,8|11,weighted_average,kalman(weighted_average),false
1788768487.281,62.814,0.657,1.484,2.056,47.443,0.661,1.482,2.060,47.439,0.004,-0.002,0.004,0.006,8|11,weighted_average,kalman(weighted_average),false
1788768487.367,62.900,0.684,1.476,2.059,47.408,0.684,1.473,2.059,47.371,-0.000,-0.003,0.000,0.003,8|11,weighted_average,kalman(weighted_average),false
1788768487.414,62.947,0.687,1.467,2.064,47.382,0.690,1.467,2.062,47.354,0.003,0.000,-0.002,0.004,8|11,weighted_average,kalman(weighted_average),false
1788768487.472,63.005,0.677,1.506,2.087,48.614,0.686,1.489,2.078,48.038,0.009,-0.016,-0.008,0.021,8,weighted_average,kalman(weighted_average),false
1788768487.522,63.054,0.713,1.462,2.058,47.408,0.704,1.475,2.069,47.804,-0.010,0.013,0.011,0.020,8|11,weighted_average,kalman(weighted_average),false
1788768487.567,63.100,0.738,1.437,2.065,47.095,0.727,1.452,2.067,47.475,-0.011,0.015,0.002,0.019,8|11|14,weighted_average,kalman(weighted_average),false
1788768487.652,63.184,0.748,1.443,2.070,47.286,0.750,1.440,2.069,47.309,0.002,-0.003,-0.001,0.004,8|11,weighted_average,kalman(weighted_average),false
1788768487.705,63.238,0.765,1.437,2.070,47.295,0.765,1.435,2.070,47.261,-0.000,-0.002,-0.000,0.002,8|11,weighted_average,kalman(weighted_average),false
1788768487.753,63.286,0.729,1.483,2.116,48.887,0.748,1.462,2.098,48.094,0.019,-0.021,-0.018,0.034,8,weighted_average,kalman(weighted_average),false
1788768487.808,63.341,0.793,1.422,2.072,47.167,0.776,1.441,2.088,47.721,-0.017,0.019,0.015,0.029,8|11,weighted_average,kalman(weighted_average),false
1788768487.855,63.388,0.810,1.414,2.079,47.111,0.801,1.423,2.083,47.419,-0.009,0.009,0.004,0.014,8|11,weighted_average,kalman(weighted_average),false
1788768487.942,63.474,0.809,1.416,2.078,47.393,0.816,1.413,2.079,47.344,0.006,-0.003,0.001,0.007,8|11,weighted_average,kalman(weighted_average),false
1788768487.990,63.523,0.803,1.453,2.096,48.528,0.811,1.436,2.089,47.979,0.009,-0.017,-0.007,0.020,8,weighted_average,kalman(weighted_average),false
1788768488.043,63.575,0.809,1.442,2.114,48.450,0.812,1.442,2.106,48.323,0.003,-0.000,-0.008,0.009,8,weighted_average,kalman(weighted_average),false
1788768488.091,63.624,0.838,1.433,2.087,48.254,0.828,1.439,2.098,48.397,-0.010,0.006,0.011,0.016,8,weighted_average,kalman(weighted_average),false
1788768488.142,63.674,0.837,1.444,2.088,48.557,0.837,1.443,2.093,48.569,0.000,-0.001,0.005,0.005,8,weighted_average,kalman(weighted_average),false
1788768488.225,63.758,0.854,1.441,2.074,48.708,0.853,1.443,2.079,48.768,-0.001,0.002,0.004,0.005,8,weighted_average,kalman(weighted_average),false
1788768488.275,63.808,0.917,1.371,2.058,46.910,0.897,1.397,2.063,47.790,-0.020,0.026,0.005,0.033,8|11,weighted_average,kalman(weighted_average),false
1788768488.326,63.859,0.883,1.425,2.080,48.559,0.898,1.407,2.069,48.084,0.015,-0.018,-0.011,0.026,8,weighted_average,kalman(weighted_average),false
1788768488.375,63.908,0.924,1.366,2.066,47.136,0.919,1.380,2.066,47.564,-0.005,0.014,-0.000,0.014,8|11,weighted_average,kalman(weighted_average),false
1788768488.431,63.964,0.940,1.362,2.056,47.143,0.939,1.362,2.059,47.225,-0.001,0.000,0.003,0.003,8|11,weighted_average,kalman(weighted_average),false
1788768488.514,64.046,0.928,1.401,2.074,48.351,0.939,1.383,2.068,47.778,0.011,-0.018,-0.007,0.022,8,weighted_average,kalman(weighted_average),false
1788768488.569,64.102,0.971,1.342,2.057,47.045,0.962,1.358,2.061,47.392,-0.009,0.015,0.005,0.018,8|11,weighted_average,kalman(weighted_average),false
1788768488.617,64.150,0.982,1.342,2.043,47.046,0.979,1.345,2.050,47.170,-0.003,0.003,0.007,0.008,8|11,weighted_average,kalman(weighted_average),false
1788768488.689,64.222,1.029,1.276,2.031,45.588,1.020,1.293,2.034,46.152,-0.009,0.017,0.003,0.020,11,weighted_average,kalman(weighted_average),false
1788768488.779,64.312,1.029,1.270,2.037,45.764,1.037,1.264,2.032,45.644,0.008,-0.006,-0.004,0.010,11,weighted_average,kalman(weighted_average),false
1788768488.834,64.366,1.054,1.262,2.026,45.764,1.053,1.256,2.027,45.568,-0.001,-0.006,0.001,0.006,11,weighted_average,kalman(weighted_average),false
1788768488.884,64.417,1.061,1.253,2.034,45.699,1.063,1.249,2.030,45.534,0.002,-0.004,-0.004,0.006,11,weighted_average,kalman(weighted_average),false
1788768488.935,64.468,1.043,1.294,2.063,46.992,1.056,1.272,2.050,46.232,0.013,-0.022,-0.013,0.028,8|11,weighted_average,kalman(weighted_average),false
1788768488.981,64.514,1.051,1.289,2.071,47.103,1.054,1.284,2.065,46.734,0.003,-0.005,-0.006,0.008,8|11,weighted_average,kalman(weighted_average),false
1788768489.068,64.601,1.073,1.269,2.054,46.863,1.069,1.277,2.063,46.990,-0.004,0.008,0.008,0.012,8|11,weighted_average,kalman(weighted_average),false
1788768489.113,64.646,1.077,1.267,2.053,47.052,1.076,1.270,2.057,47.104,-0.001,0.003,0.004,0.006,8|11,weighted_average,kalman(weighted_average),false
1788768489.167,64.700,1.082,1.264,2.064,47.111,1.082,1.265,2.061,47.194,0.001,0.001,-0.003,0.003,8|11,weighted_average,kalman(weighted_average),false
1788768489.216,64.749,1.093,1.256,2.054,47.009,1.091,1.258,2.057,47.162,-0.002,0.002,0.003,0.004,8|11,weighted_average,kalman(weighted_average),false
1788768489.268,64.801,1.094,1.257,2.061,47.272,1.096,1.255,2.059,47.259,0.002,-0.002,-0.002,0.003,8|11,weighted_average,kalman(weighted_average),false
1788768489.347,64.880,1.135,1.182,2.042,45.824,1.127,1.201,2.047,46.432,-0.008,0.020,0.005,0.022,11,weighted_average,kalman(weighted_average),false
1788768489.400,64.933,1.152,1.172,2.024,45.796,1.149,1.173,2.030,45.958,-0.003,0.001,0.006,0.007,11,weighted_average,kalman(weighted_average),false
1788768489.448,64.981,1.166,1.160,2.037,45.634,1.166,1.155,2.030,45.641,-0.000,-0.004,-0.007,0.008,11,weighted_average,kalman(weighted_average),false
1788768489.503,65.036,1.183,1.144,2.031,45.538,1.184,1.139,2.028,45.419,0.001,-0.005,-0.003,0.006,11,weighted_average,kalman(weighted_average),false
1788768489.548,65.081,1.180,1.143,2.029,45.840,1.188,1.134,2.027,45.506,0.008,-0.009,-0.002,0.012,11,weighted_average,kalman(weighted_average),false
1788768489.636,65.168,1.204,1.127,2.030,45.667,1.205,1.123,2.028,45.505,0.001,-0.005,-0.002,0.005,11,weighted_average,kalman(weighted_average),false
1788768489.682,65.215,1.221,1.115,2.034,45.481,1.219,1.115,2.032,45.466,-0.002,-0.000,-0.003,0.004,11,weighted_average,kalman(weighted_average),false
1788768489.735,65.268,1.210,1.115,2.032,45.866,1.218,1.112,2.032,45.656,0.008,-0.003,0.001,0.009,11,weighted_average,kalman(weighted_average),false
1788768489.781,65.314,1.219,1.103,2.042,45.758,1.221,1.105,2.039,45.723,0.002,0.001,-0.004,0.004,11,weighted_average,kalman(weighted_average),false
1788768489.838,65.371,1.235,1.084,2.047,45.612,1.232,1.089,2.045,45.688,-0.003,0.005,-0.002,0.006,11,weighted_average,kalman(weighted_average),false
1788768489.917,65.450,1.252,1.071,2.045,45.653,1.250,1.072,2.047,45.675,-0.003,0.000,0.002,0.003,11,weighted_average,kalman(weighted_average),false
1788768489.973,65.506,1.249,1.076,2.042,45.852,1.253,1.070,2.045,45.778,0.004,-0.005,0.003,0.007,11,weighted_average,kalman(weighted_average),false
1788768490.019,65.552,1.260,1.071,2.044,45.349,1.260,1.069,2.044,45.569,-0.001,-0.003,0.000,0.003,11,weighted_average,kalman(weighted_average),false
1788768490.072,65.605,1.279,1.062,2.023,44.708,1.274,1.063,2.032,45.093,-0.005,0.001,0.008,0.009,11,weighted_average,kalman(weighted_average),false
1788768490.126,65.659,1.275,1.061,2.030,44.104,1.279,1.060,2.028,44.469,0.004,-0.001,-0.002,0.004,11,weighted_average,kalman(weighted_average),false
1788768490.211,65.744,1.277,1.050,2.048,43.295,1.281,1.051,2.040,43.510,0.004,0.001,-0.007,0.008,11,weighted_average,kalman(weighted_average),false
1788768490.262,65.794,1.299,1.038,2.039,42.290,1.293,1.041,2.041,42.613,-0.006,0.003,0.002,0.007,11,weighted_average,kalman(weighted_average),false
1788768490.311,65.843,1.290,1.029,2.063,41.938,1.294,1.031,2.055,41.970,0.004,0.002,-0.008,0.009,11,weighted_average,kalman(weighted_average),false
1788768490.362,65.895,1.301,1.011,2.070,40.976,1.300,1.015,2.067,41.138,-0.001,0.004,-0.002,0.005,11,weighted_average,kalman(weighted_average),false
1788768490.413,65.946,1.305,1.001,2.064,40.485,1.305,1.002,2.069,40.455,-0.000,0.001,0.005,0.005,11,weighted_average,kalman(weighted_average),false
1788768490.498,66.031,1.298,0.988,2.071,39.449,1.302,0.987,2.073,39.394,0.004,-0.002,0.002,0.005,11,weighted_average,kalman(weighted_average),false
1788768490.550,66.083,1.300,0.983,2.062,39.065,1.301,0.981,2.067,38.914,0.001,-0.002,0.005,0.006,11,weighted_average,kalman(weighted_average),false
1788768490.603,66.136,1.313,0.954,2.088,37.884,1.308,0.961,2.080,38.068,-0.005,0.007,-0.008,0.012,11,weighted_average,kalman(weighted_average),false
1788768490.651,66.184,1.292,0.970,2.089,38.006,1.300,0.961,2.088,37.732,0.008,-0.009,-0.002,0.012,11,weighted_average,kalman(weighted_average),false
1788768490.701,66.234,1.300,0.953,2.096,37.084,1.299,0.953,2.095,37.132,-0.001,0.001,-0.001,0.001,11,weighted_average,kalman(weighted_average),false
1788768490.784,66.317,1.313,0.936,2.092,36.192,1.309,0.937,2.096,36.187,-0.005,0.001,0.004,0.006,11,weighted_average,kalman(weighted_average),false
1788768490.836,66.369,1.303,0.918,2.100,35.541,1.306,0.921,2.099,35.564,0.003,0.003,-0.000,0.005,11,weighted_average,kalman(weighted_average),false
1788768490.885,66.417,1.310,0.897,2.117,34.702,1.309,0.902,2.111,34.843,-0.001,0.005,-0.006,0.008,11,weighted_average,kalman(weighted_average),false
1788768490.936,66.469,1.274,0.937,2.131,35.816,1.289,0.917,2.126,35.041,0.015,-0.020,-0.005,0.026,14,weighted_average,kalman(weighted_average),false
1788768490.983,66.516,1.311,0.881,2.115,33.783,1.299,0.895,2.124,34.246,-0.012,0.014,0.009,0.021,11,weighted_average,kalman(weighted_average),false
1788768491.069,66.602,1.309,0.865,2.120,33.154,1.306,0.868,2.123,33.239,-0.003,0.003,0.003,0.006,11,weighted_average,kalman(weighted_average),false
1788768491.120,66.652,1.306,0.835,2.133,32.328,1.307,0.842,2.130,32.480,0.001,0.007,-0.003,0.007,11,weighted_average,kalman(weighted_average),false
1788768491.174,66.707,1.305,0.828,2.133,32.028,1.307,0.825,2.133,31.925,0.002,-0.003,0.000,0.003,11,weighted_average,kalman(weighted_average),false
1788768491.221,66.754,1.311,0.814,2.146,31.572,1.310,0.812,2.142,31.479,-0.002,-0.002,-0.004,0.005,11,weighted_average,kalman(weighted_average),false
1788768491.270,66.803,1.298,0.805,2.155,31.125,1.304,0.801,2.152,31.035,0.006,-0.004,-0.003,0.007,11,weighted_average,kalman(weighted_average),false
1788768491.351,66.884,1.302,0.768,2.160,29.870,1.302,0.771,2.161,30.003,-0.000,0.003,0.001,0.004,11,weighted_average,kalman(weighted_average),false
1788768491.410,66.943,1.302,0.756,2.179,29.474,1.301,0.754,2.176,29.406,-0.000,-0.002,-0.003,0.004,11,weighted_average,kalman(weighted_average),false
1788768491.454,66.987,1.323,0.714,2.171,28.226,1.314,0.725,2.176,28.557,-0.009,0.011,0.005,0.015,11,weighted_average,kalman(weighted_average),false
1788768491.508,67.041,1.331,0.705,2.172,27.804,1.327,0.703,2.176,27.812,-0.005,-0.002,0.004,0.006,11,weighted_average,kalman(weighted_average),false
1788768491.554,67.087,1.296,0.706,2.170,27.701,1.312,0.696,2.174,27.447,0.016,-0.010,0.004,0.019,11,weighted_average,kalman(weighted_average),false
1788768491.642,67.175,1.286,0.839,2.194,29.971,1.292,0.793,2.189,28.665,0.006,-0.046,-0.005,0.046,8,weighted_average,kalman(weighted_average),false
1788768491.689,67.222,1.302,0.728,2.181,27.445,1.296,0.765,2.186,28.070,-0.007,0.037,0.005,0.038,8|11,weighted_average,kalman(weighted_average),false
1788768491.741,67.274,1.309,0.714,2.148,27.041,1.303,0.738,2.164,27.477,-0.007,0.023,0.016,0.029,8|11,weighted_average,kalman(weighted_average),false
1788768491.792,67.325,1.303,0.675,2.188,26.135,1.303,0.697,2.175,26.645,0.000,0.022,-0.013,0.025,8|11,weighted_average,kalman(weighted_average),false
1788768491.841,67.374,1.296,0.692,2.151,26.279,1.300,0.685,2.161,26.239,0.003,-0.006,0.010,0.012,8|11,weighted_average,kalman(weighted_average),false
1788768491.925,67.458,1.293,0.726,2.187,26.651,1.294,0.707,2.177,26.217,0.001,-0.020,-0.010,0.022,8,weighted_average,kalman(weighted_average),false
1788768491.975,67.508,1.291,0.650,2.180,24.949,1.291,0.672,2.181,25.421,0.000,0.022,0.001,0.022,8|11,weighted_average,kalman(weighted_average),false
1788768492.030,67.562,1.289,0.631,2.176,24.282,1.289,0.641,2.179,24.599,-0.000,0.010,0.004,0.011,8|11,weighted_average,kalman(weighted_average),false
1788768492.075,67.608,1.284,0.633,2.179,24.147,1.285,0.629,2.180,24.126,0.001,-0.004,0.001,0.005,8|11,weighted_average,kalman(weighted_average),false
1788768492.126,67.659,1.283,0.692,2.201,24.988,1.283,0.659,2.193,24.305,-0.001,-0.033,-0.008,0.034,8,weighted_average,kalman(weighted_average),false
1788768492.209,67.742,1.299,0.580,2.179,22.375,1.293,0.604,2.186,22.929,-0.006,0.024,0.007,0.025,8|11,weighted_average,kalman(weighted_average),false
1788768492.260,67.793,1.314,0.547,2.150,21.313,1.308,0.559,2.163,21.757,-0.006,0.012,0.013,0.019,8|11,weighted_average,kalman(weighted_average),false
1788768492.307,67.840,1.309,0.539,2.183,20.982,1.312,0.535,2.171,20.993,0.003,-0.004,-0.012,0.013,8|11,weighted_average,kalman(weighted_average),false
1788768492.357,67.890,1.312,0.528,2.167,20.345,1.315,0.518,2.167,20.271,0.003,-0.009,0.001,0.010,8|11,weighted_average,kalman(weighted_average),false
1788768492.410,67.942,1.310,0.515,2.162,19.964,1.314,0.507,2.163,19.720,0.004,-0.009,0.001,0.010,8|11,weighted_average,kalman(weighted_average),false
1788768492.499,68.032,1.304,0.577,2.179,20.619,1.307,0.551,2.173,19.868,0.004,-0.026,-0.006,0.027,8,weighted_average,kalman(weighted_average),false
1788768492.547,68.079,1.305,0.553,2.211,20.000,1.305,0.557,2.198,19.856,0.000,0.005,-0.012,0.013,8,weighted_average,kalman(weighted_average),false
1788768492.598,68.131,1.325,0.461,2.155,17.607,1.316,0.502,2.177,18.572,-0.009,0.041,0.022,0.047,8|11,weighted_average,kalman(weighted_average),false
1788768492.651,68.183,1.315,0.546,2.181,19.090,1.317,0.522,2.179,18.583,0.002,-0.024,-0.003,0.025,8,weighted_average,kalman(weighted_average),false
1788768492.700,68.233,1.334,0.425,2.147,16.180,1.328,0.463,2.160,17.175,-0.006,0.038,0.012,0.041,8|11,weighted_average,kalman(weighted_average),false
1788768492.779,68.311,1.325,0.516,2.172,17.450,1.329,0.489,2.165,16.904,0.004,-0.028,-0.008,0.029,8,weighted_average,kalman(weighted_average),false
1788768492.838,68.371,1.343,0.502,2.148,16.552,1.339,0.498,2.153,16.491,-0.004,-0.003,0.005,0.007,8,weighted_average,kalman(weighted_average),false
1788768492.884,68.417,1.342,0.404,2.153,14.291,1.343,0.443,2.151,15.161,0.001,0.040,-0.002,0.040,8|11,weighted_average,kalman(weighted_average),false
1788768492.935,68.468,1.349,0.363,2.142,12.991,1.349,0.387,2.144,13.672,-0.000,0.023,0.002,0.023,8|11,weighted_average,kalman(weighted_average),false
1788768492.986,68.519,1.340,0.370,2.170,12.475,1.345,0.362,2.157,12.567,0.006,-0.008,-0.013,0.016,8|11,weighted_average,kalman(weighted_average),false
1788768493.070,68.603,1.353,0.359,2.150,11.618,1.352,0.345,2.153,11.328,-0.001,-0.014,0.003,0.014,8|11,weighted_average,kalman(weighted_average),false
1788768493.115,68.648,1.350,0.371,2.154,11.210,1.351,0.356,2.153,10.912,0.002,-0.015,-0.000,0.015,8|11,weighted_average,kalman(weighted_average),false
1788768493.168,68.701,1.363,0.357,2.109,10.633,1.359,0.355,2.126,10.409,-0.004,-0.002,0.017,0.017,8|11,weighted_average,kalman(weighted_average),false
1788768493.217,68.749,1.361,0.340,2.127,9.673,1.362,0.345,2.122,9.730,0.001,0.005,-0.005,0.007,8|11,weighted_average,kalman(weighted_average),false
1788768493.268,68.801,1.367,0.307,2.138,8.744,1.367,0.319,2.128,8.891,-0.000,0.013,-0.010,0.016,8|11,weighted_average,kalman(weighted_average),false
1788768493.350,68.883,1.361,0.292,2.115,7.553,1.364,0.293,2.117,7.617,0.004,0.001,0.003,0.005,11,weighted_average,kalman(weighted_average),false
1788768493.404,68.937,1.360,0.351,2.138,8.048,1.362,0.325,2.129,7.518,0.001,-0.026,-0.009,0.027,8|11,weighted_average,kalman(weighted_average),false
1788768493.450,68.983,1.355,0.288,2.121,6.442,1.358,0.305,2.125,6.738,0.002,0.017,0.004,0.018,11,weighted_average,kalman(weighted_average),false
1788768493.507,69.039,1.357,0.280,2.135,5.930,1.356,0.287,2.131,5.982,-0.001,0.007,-0.004,0.008,11,weighted_average,kalman(weighted_average),false
1788768493.547,69.080,1.359,0.276,2.130,4.823,1.357,0.277,2.131,5.155,-0.002,0.001,0.002,0.003,11,weighted_average,kalman(weighted_average),false
1788768493.629,69.162,1.381,0.241,2.136,3.537,1.374,0.246,2.135,3.692,-0.007,0.005,-0.001,0.009,11,weighted_average,kalman(weighted_average),false
1788768493.676,69.208,1.378,0.243,2.149,3.308,1.379,0.238,2.144,3.129,0.001,-0.005,-0.004,0.006,11,weighted_average,kalman(weighted_average),false
1788768493.735,69.268,1.372,0.318,2.161,4.344,1.377,0.284,2.157,3.415,0.005,-0.034,-0.004,0.035,8|11,weighted_average,kalman(weighted_average),false
1788768493.777,69.310,1.386,0.239,2.122,2.475,1.383,0.262,2.140,2.798,-0.003,0.024,0.018,0.030,11,weighted_average,kalman(weighted_average),false
1788768493.830,69.363,1.413,0.220,2.101,1.510,1.403,0.236,2.116,1.900,-0.010,0.017,0.014,0.025,11,weighted_average,kalman(weighted_average),false
1788768493.909,69.441,1.402,0.230,2.121,1.291,1.407,0.227,2.114,1.159,0.005,-0.004,-0.007,0.009,11,weighted_average,kalman(weighted_average),false
1788768493.970,69.503,1.391,0.233,2.147,1.262,1.399,0.228,2.134,0.955,0.007,-0.005,-0.012,0.015,11,weighted_average,kalman(weighted_average),false
1788768494.011,69.544,1.389,0.247,2.119,1.429,1.392,0.238,2.128,1.050,0.004,-0.009,0.008,0.013,11,weighted_average,kalman(weighted_average),false
1788768494.066,69.598,1.396,0.233,2.132,1.078,1.393,0.236,2.131,0.944,-0.003,0.003,-0.001,0.004,11,weighted_average,kalman(weighted_average),false
1788768494.111,69.644,1.396,0.233,2.130,1.007,1.395,0.234,2.131,0.894,-0.002,0.001,0.001,0.003,11,weighted_average,kalman(weighted_average),false
1788768494.196,69.728,1.397,0.237,2.130,1.027,1.396,0.236,2.131,0.887,-0.001,-0.001,0.001,0.002,11,weighted_average,kalman(weighted_average),false
1788768494.243,69.776,1.406,0.224,2.134,0.739,1.403,0.228,2.133,0.779,-0.003,0.005,-0.001,0.006,11,weighted_average,kalman(weighted_average),false
1788768494.300,69.833,1.402,0.229,2.120,0.876,1.403,0.227,2.125,0.794,0.002,-0.001,0.005,0.005,11,weighted_average,kalman(weighted_average),false
1788768494.344,69.877,1.399,0.234,2.113,1.002,1.402,0.231,2.117,0.882,0.002,-0.004,0.004,0.006,11,weighted_average,kalman(weighted_average),false
1788768494.400,69.933,1.409,0.212,2.132,0.588,1.406,0.219,2.124,0.727,-0.003,0.007,-0.008,0.011,11,weighted_average,kalman(weighted_average),false
1788768494.482,70.015,1.394,0.230,2.122,1.073,1.398,0.225,2.123,0.912,0.004,-0.005,0.001,0.007,11,weighted_average,kalman(weighted_average),false
1788768494.534,70.067,1.399,0.220,2.105,0.978,1.398,0.222,2.111,0.968,-0.001,0.002,0.006,0.007,11,weighted_average,kalman(weighted_average),false
1788768494.579,70.112,1.395,0.216,2.108,0.997,1.395,0.218,2.107,1.003,0.000,0.002,-0.001,0.002,11,weighted_average,kalman(weighted_average),false
1788768494.631,70.164,1.361,0.358,2.228,4.129,1.374,0.301,2.178,2.651,0.013,-0.057,-0.050,0.077,8,weighted_average,kalman(weighted_average),false
1788768494.681,70.214,1.386,0.232,2.144,1.817,1.377,0.274,2.169,2.517,-0.009,0.043,0.025,0.050,8|11,weighted_average,kalman(weighted_average),false
1788768494.767,70.300,1.380,0.243,2.145,2.183,1.377,0.255,2.158,2.527,-0.003,0.012,0.012,0.018,8|11,weighted_average,kalman(weighted_average),false
1788768494.813,70.346,1.390,0.172,2.121,0.883,1.385,0.201,2.134,1.684,-0.005,0.029,0.013,0.032,11,weighted_average,kalman(weighted_average),false
1788768494.871,70.404,1.394,0.166,2.103,0.877,1.392,0.167,2.109,1.130,-0.002,0.001,0.006,0.007,11,weighted_average,kalman(weighted_average),false
1788768494.913,70.446,1.379,0.250,2.172,3.126,1.386,0.205,2.140,2.005,0.007,-0.045,-0.032,0.056,8,weighted_average,kalman(weighted_average),false
1788768494.970,70.503,1.367,0.157,2.183,1.411,1.374,0.175,2.168,1.737,0.008,0.018,-0.016,0.025,8|11,weighted_average,kalman(weighted_average),false
1788768495.048,70.580,1.376,0.266,2.163,3.838,1.373,0.233,2.170,2.998,-0.003,-0.033,0.008,0.034,8,weighted_average,kalman(weighted_average),false
1788768495.105,70.638,1.388,0.162,2.104,1.884,1.382,0.194,2.129,2.554,-0.006,0.032,0.025,0.041,8|11,weighted_average,kalman(weighted_average),false
1788768495.150,70.682,1.382,0.232,2.143,3.630,1.383,0.214,2.132,3.158,0.001,-0.018,-0.011,0.021,8,weighted_average,kalman(weighted_average),false
1788768495.208,70.741,1.370,0.186,2.126,2.687,1.376,0.199,2.125,3.050,0.006,0.013,-0.001,0.014,8|11,weighted_average,kalman(weighted_average),false
1788768495.250,70.783,1.376,0.145,2.124,2.209,1.375,0.166,2.122,2.686,-0.001,0.022,-0.002,0.022,8|11,weighted_average,kalman(weighted_average),false
1788768495.332,70.865,1.370,0.120,2.138,2.039,1.370,0.125,2.131,2.265,0.001,0.005,-0.008,0.009,8|11,weighted_average,kalman(weighted_average),false
1788768495.380,70.913,1.377,0.056,2.091,0.958,1.373,0.074,2.107,1.477,-0.003,0.018,0.016,0.024,11,weighted_average,kalman(weighted_average),false
1788768495.436,70.969,1.368,0.132,2.126,2.641,1.370,0.096,2.115,1.922,0.002,-0.036,-0.011,0.038,8|11,weighted_average,kalman(weighted_average),false
1788768495.482,71.015,1.370,0.118,2.106,2.542,1.370,0.106,2.109,2.205,-0.001,-0.012,0.004,0.013,8|11,weighted_average,kalman(weighted_average),false
1788768495.543,71.076,1.356,0.081,2.149,2.157,1.361,0.090,2.133,2.204,0.004,0.009,-0.016,0.019,8|11,weighted_average,kalman(weighted_average),false
1788768495.623,71.155,1.367,0.088,2.099,2.604,1.364,0.085,2.113,2.470,-0.004,-0.003,0.013,0.014,8|11,weighted_average,kalman(weighted_average),false
1788768495.674,71.207,1.372,0.040,2.104,1.882,1.369,0.055,2.105,2.185,-0.003,0.014,0.001,0.015,8|11,weighted_average,kalman(weighted_average),false
1788768495.725,71.258,1.371,-0.013,2.071,0.945,1.371,0.007,2.081,1.501,0.000,0.020,0.010,0.022,11,weighted_average,kalman(weighted_average),false
1788768495.776,71.308,1.372,0.017,2.078,1.862,1.372,0.001,2.073,1.565,0.001,-0.016,-0.004,0.017,8|11,weighted_average,kalman(weighted_average),false
1788768495.838,71.371,1.380,-0.014,2.032,1.559,1.378,-0.017,2.042,1.481,-0.002,-0.003,0.010,0.010,8|11,weighted_average,kalman(weighted_average),false
1788768495.913,71.445,1.372,-0.008,2.061,2.013,1.375,-0.018,2.047,1.742,0.003,-0.010,-0.014,0.018,8|11,weighted_average,kalman(weighted_average),false
1788768495.966,71.499,1.360,-0.059,2.054,1.072,1.365,-0.047,2.050,1.380,0.005,0.012,-0.004,0.014,11,weighted_average,kalman(weighted_average),false
1788768496.013,71.546,1.354,-0.024,2.100,2.203,1.357,-0.039,2.079,1.766,0.003,-0.015,-0.020,0.026,8|11,weighted_average,kalman(weighted_average),false
1788768496.065,71.598,1.367,-0.079,2.051,1.371,1.360,-0.066,2.067,1.593,-0.007,0.014,0.016,0.022,8|11,weighted_average,kalman(weighted_average),false
1788768496.113,71.646,1.353,-0.063,2.105,1.903,1.356,-0.070,2.090,1.742,0.002,-0.007,-0.015,0.017,8|11,weighted_average,kalman(weighted_average),false
1788768496.194,71.727,1.359,-0.108,2.086,1.403,1.356,-0.102,2.092,1.558,-0.002,0.006,0.006,0.009,8|11,weighted_average,kalman(weighted_average),false
1788768496.243,71.776,1.349,-0.071,2.109,2.204,1.351,-0.088,2.104,1.895,0.003,-0.018,-0.005,0.018,8|11,weighted_average,kalman(weighted_average),false
1788768496.294,71.827,1.373,-0.057,2.061,3.028,1.364,-0.071,2.081,2.541,-0.010,-0.014,0.020,0.026,8,weighted_average,kalman(weighted_average),false
1788768496.344,71.877,1.354,-0.142,2.098,1.377,1.359,-0.111,2.089,2.072,0.006,0.031,-0.009,0.033,8|11,weighted_average,kalman(weighted_average),false
1788768496.395,71.928,1.341,-0.109,2.098,2.282,1.348,-0.116,2.094,2.191,0.008,-0.007,-0.004,0.011,8|11,weighted_average,kalman(weighted_average),false
1788768496.473,72.006,1.351,-0.167,2.028,1.591,1.348,-0.157,2.049,1.862,-0.003,0.011,0.021,0.024,8|11,weighted_average,kalman(weighted_average),false
1788768496.521,72.053,1.344,-0.198,2.064,1.324,1.345,-0.190,2.052,1.531,0.001,0.008,-0.013,0.015,8|11,weighted_average,kalman(weighted_average),false
1788768496.584,72.117,1.340,-0.202,2.107,1.388,1.341,-0.209,2.084,1.354,0.001,-0.008,-0.023,0.024,8|11,weighted_average,kalman(weighted_average),false
1788768496.629,72.162,1.344,-0.250,2.046,0.549,1.342,-0.241,2.065,0.865,-0.002,0.009,0.019,0.021,11,weighted_average,kalman(weighted_average),false
1788768496.675,72.208,1.336,-0.237,2.044,0.962,1.338,-0.249,2.052,0.785,0.002,-0.012,0.008,0.014,11,weighted_average,kalman(weighted_average),false
1788768496.760,72.293,1.358,-0.208,1.978,2.043,1.352,-0.228,1.995,1.429,-0.007,-0.020,0.017,0.028,8|11,weighted_average,kalman(weighted_average),false
1788768496.810,72.343,1.345,-0.317,2.008,0.686,1.349,-0.284,1.993,1.073,0.004,0.033,-0.014,0.036,8,weighted_average,kalman(weighted_average),false
1788768496.856,72.389,1.312,-0.239,2.196,2.301,1.328,-0.266,2.108,1.694,0.016,-0.027,-0.088,0.094,8,weighted_average,kalman(weighted_average),false
1788768496.913,72.446,1.321,-0.291,2.099,1.302,1.320,-0.284,2.120,1.585,-0.001,0.007,0.021,0.022,8|11,weighted_average,kalman(weighted_average),false
1788768496.959,72.492,1.320,-0.298,2.028,1.413,1.317,-0.296,2.076,1.533,-0.003,0.002,0.048,0.048,8|11,weighted_average,kalman(weighted_average),false
1788768497.038,72.571,1.355,-0.222,2.009,3.235,1.341,-0.250,2.027,2.586,-0.014,-0.028,0.018,0.036,8,weighted_average,kalman(weighted_average),false
1788768497.087,72.620,1.326,-0.300,2.007,1.870,1.335,-0.275,2.007,2.362,0.008,0.025,-0.001,0.026,8|11,weighted_average,kalman(weighted_average),false
1788768497.140,72.672,1.327,-0.292,2.025,2.118,1.331,-0.286,2.009,2.314,0.004,0.006,-0.016,0.017,8|11,weighted_average,kalman(weighted_average),false
1788768497.194,72.727,1.337,-0.277,1.980,2.634,1.334,-0.283,1.987,2.533,-0.003,-0.006,0.006,0.009,8|11,weighted_average,kalman(weighted_average),false
1788768497.241,72.774,1.309,-0.313,2.020,2.292,1.320,-0.301,2.000,2.471,0.011,0.011,-0.020,0.025,8|11,weighted_average,kalman(weighted_average),false
1788768497.319,72.852,1.299,-0.378,1.987,1.316,1.303,-0.359,1.989,1.815,0.004,0.019,0.003,0.019,11,weighted_average,kalman(weighted_average),false
1788768497.379,72.912,1.301,-0.407,1.988,0.900,1.298,-0.402,1.986,1.182,-0.003,0.005,-0.002,0.006,11,weighted_average,kalman(weighted_average),false
1788768497.426,72.959,1.301,-0.418,1.970,1.005,1.298,-0.424,1.975,0.940,-0.004,-0.006,0.005,0.008,11,weighted_average,kalman(weighted_average),false
1788768497.478,73.011,1.309,-0.387,1.922,1.980,1.303,-0.413,1.940,1.336,-0.006,-0.026,0.018,0.032,8|11,weighted_average,kalman(weighted_average),false
1788768497.524,73.057,1.322,-0.376,2.008,2.704,1.314,-0.396,1.972,1.998,-0.008,-0.020,-0.036,0.042,8,weighted_average,kalman(weighted_average),false
1788768497.606,73.139,1.321,-0.392,1.904,2.331,1.322,-0.392,1.925,2.324,0.000,-0.001,0.021,0.021,8|11,weighted_average,kalman(weighted_average),false
1788768497.657,73.189,1.316,-0.415,1.911,2.177,1.320,-0.406,1.909,2.329,0.004,0.009,-0.002,0.010,8|11,weighted_average,kalman(weighted_average),false
1788768497.708,73.240,1.307,-0.443,1.900,1.830,1.313,-0.431,1.896,2.122,0.005,0.012,-0.004,0.014,8|11,weighted_average,kalman(weighted_average),false
1788768497.758,73.291,1.307,-0.436,1.969,2.146,1.308,-0.440,1.934,2.139,0.002,-0.003,-0.035,0.035,8|11,weighted_average,kalman(weighted_average),false
1788768497.810,73.343,1.318,-0.436,1.881,2.269,1.313,-0.442,1.905,2.213,-0.005,-0.006,0.024,0.025,8|11,weighted_average,kalman(weighted_average),false
1788768497.893,73.426,1.299,-0.543,1.884,0.621,1.303,-0.519,1.886,1.240,0.004,0.025,0.002,0.025,11,weighted_average,kalman(weighted_average),false
1788768497.943,73.476,1.299,-0.543,1.884,0.621,1.299,-0.547,1.881,0.752,-0.000,-0.004,-0.003,0.005,11,weighted_average,kalman(weighted_average),false
1788768497.993,73.526,1.300,-0.477,1.895,2.270,1.298,-0.517,1.886,1.384,-0.002,-0.040,-0.009,0.041,8|11,weighted_average,kalman(weighted_average),false
1788768498.050,73.583,1.300,-0.477,1.895,2.270,1.299,-0.493,1.891,1.854,-0.002,-0.017,-0.004,0.017,8|11,weighted_average,kalman(weighted_average),false
1788768498.096,73.629,1.300,-0.477,1.895,2.270,1.299,-0.481,1.894,2.134,-0.001,-0.004,-0.001,0.004,8|11,weighted_average,kalman(weighted_average),false
1788768498.176,73.709,1.300,-0.477,1.895,2.270,1.300,-0.473,1.895,2.341,-0.001,0.004,0.000,0.004,8|11,weighted_average,kalman(weighted_average),false
1788768498.239,73.772,1.300,-0.477,1.895,2.270,1.300,-0.473,1.896,2.379,-0.000,0.004,0.001,0.004,8|11,weighted_average,kalman(weighted_average),false
1788768498.291,73.824,1.306,-0.507,1.853,1.797,1.304,-0.494,1.869,2.104,-0.002,0.014,0.016,0.021,8|11,weighted_average,kalman(weighted_average),false
1788768498.340,73.873,1.306,-0.507,1.853,1.797,1.306,-0.505,1.855,1.928,-0.000,0.003,0.002,0.003,8|11,weighted_average,kalman(weighted_average),false
1788768498.397,73.930,1.306,-0.507,1.853,1.797,1.307,-0.510,1.848,1.815,0.001,-0.003,-0.005,0.006,8|11,weighted_average,kalman(weighted_average),false
1788768498.477,74.010,1.306,-0.507,1.853,1.797,1.307,-0.511,1.847,1.751,0.001,-0.004,-0.005,0.007,8|11,weighted_average,kalman(weighted_average),false
1788768498.532,74.065,1.306,-0.507,1.853,1.797,1.307,-0.510,1.850,1.749,0.000,-0.002,-0.003,0.004,8|11,weighted_average,kalman(weighted_average),false
1788768498.583,74.116,1.306,-0.507,1.853,1.797,1.306,-0.508,1.851,1.757,0.000,-0.001,-0.001,0.002,8|11,weighted_average,kalman(weighted_average),false
1788768498.646,74.179,1.306,-0.507,1.853,1.797,1.306,-0.508,1.852,1.768,0.000,-0.000,-0.000,0.000,8|11,weighted_average,kalman(weighted_average),false
1788768498.693,74.226,1.306,-0.507,1.853,1.797,1.306,-0.507,1.853,1.779,-0.000,0.000,0.000,0.000,8|11,weighted_average,kalman(weighted_average),false
1788768498.772,74.305,1.306,-0.507,1.853,1.797,1.306,-0.507,1.853,1.789,-0.000,0.000,0.000,0.000,8|11,weighted_average,kalman(weighted_average),false
1788768498.835,74.368,1.306,-0.507,1.853,1.797,1.306,-0.507,1.853,1.795,-0.000,0.000,0.000,0.000,8|11,weighted_average,kalman(weighted_average),false
1788768498.912,74.445,1.306,-0.507,1.853,1.797,1.306,-0.507,1.853,1.798,-0.000,0.000,0.000,0.000,8|11,weighted_average,kalman(weighted_average),false
1788768498.948,74.480,1.306,-0.507,1.853,1.797,1.306,-0.507,1.853,1.799,-0.000,0.000,0.000,0.000,8|11,weighted_average,kalman(weighted_average),false
1788768499.047,74.580,1.306,-0.507,1.853,1.797,1.306,-0.507,1.853,1.799,0.000,-0.000,-0.000,0.000,8|11,weighted_average,kalman(weighted_average),false
1788768499.121,74.654,1.306,-0.507,1.853,1.797,1.306,-0.507,1.853,1.798,0.000,-0.000,-0.000,0.000,8|11,weighted_average,kalman(weighted_average),false
1788768499.190,74.723,1.306,-0.507,1.853,1.797,1.306,-0.507,1.853,1.797,0.000,-0.000,-0.000,0.000,8|11,weighted_average,kalman(weighted_average),false
1788768499.253,74.786,1.306,-0.507,1.853,1.797,1.306,-0.507,1.853,1.797,0.000,-0.000,-0.000,0.000,8|11,weighted_average,kalman(weighted_average),false
1788768499.333,74.866,1.306,-0.507,1.853,1.797,1.306,-0.507,1.853,1.797,0.000,-0.000,-0.000,0.000,8|11,weighted_average,kalman(weighted_average),false
1788768499.398,74.930,1.306,-0.507,1.853,1.797,1.306,-0.507,1.853,1.797,-0.000,0.000,0.000,0.000,8|11,weighted_average,kalman(weighted_average),false
1788768499.453,74.986,1.306,-0.507,1.853,1.797,1.306,-0.507,1.853,1.797,-0.000,0.000,0.000,0.000,8|11,weighted_average,kalman(weighted_average),false
1788768499.486,75.019,1.306,-0.507,1.853,1.797,1.306,-0.507,1.853,1.797,0.000,0.000,0.000,0.000,8|11,weighted_average,kalman(weighted_average),false
1788768499.538,75.070,1.306,-0.507,1.853,1.797,1.306,-0.507,1.853,1.797,0.000,0.000,0.000,0.000,8|11,weighted_average,kalman(weighted_average),false
1788768499.615,75.148,1.306,-0.507,1.853,1.797,1.306,-0.507,1.853,1.797,0.000,0.000,0.000,0.000,8|11,weighted_average,kalman(weighted_average),false
1788768499.673,75.205,1.306,-0.507,1.853,1.797,1.306,-0.507,1.853,1.797,0.000,0.000,0.000,0.000,8|11,weighted_average,kalman(weighted_average),false
1788768499.723,75.256,1.306,-0.507,1.853,1.797,1.306,-0.507,1.853,1.797,0.000,0.000,0.000,0.000,8|11,weighted_average,kalman(weighted_average),false
1788768499.780,75.313,1.306,-0.507,1.853,1.797,1.306,-0.507,1.853,1.797,0.000,0.000,0.000,0.000,8|11,weighted_average,kalman(weighted_average),false
1788768499.828,75.361,1.306,-0.507,1.853,1.797,1.306,-0.507,1.853,1.797,0.000,0.000,0.000,0.000,8|11,weighted_average,kalman(weighted_average),false
1788768499.906,75.439,1.306,-0.507,1.853,1.797,1.306,-0.507,1.853,1.797,0.000,0.000,0.000,0.000,8|11,weighted_average,kalman(weighted_average),false
1788768499.960,75.493,1.306,-0.507,1.853,1.797,1.306,-0.507,1.853,1.797,0.000,0.000,0.000,0.000,8|11,weighted_average,kalman(weighted_average),false
1788768500.023,75.556,1.306,-0.507,1.853,1.797,1.306,-0.507,1.853,1.797,0.000,0.000,0.000,0.000,8|11,weighted_average,kalman(weighted_average),false
1788768500.081,75.613,1.306,-0.507,1.853,1.797,1.306,-0.507,1.853,1.797,0.000,0.000,0.000,0.000,8|11,weighted_average,kalman(weighted_average),false
1788768500.163,75.696,1.306,-0.507,1.853,1.797,1.306,-0.507,1.853,1.797,0.000,0.000,0.000,0.000,8|11,weighted_average,kalman(weighted_average),false
1788768500.222,75.755,1.306,-0.507,1.853,1.797,1.306,-0.507,1.853,1.797,0.000,0.000,0.000,0.000,8|11,weighted_average,kalman(weighted_average),false
1788768500.284,75.817,1.306,-0.507,1.853,1.797,1.306,-0.507,1.853,1.797,0.000,0.000,0.000,0.000,8|11,weighted_average,kalman(weighted_average),false
1788768500.316,75.849,1.306,-0.507,1.853,1.797,1.306,-0.507,1.853,1.797,0.000,0.000,0.000,0.000,8|11,weighted_average,kalman(weighted_average),false
1788768500.366,75.899,1.306,-0.507,1.853,1.797,1.306,-0.507,1.853,1.797,0.000,0.000,0.000,0.000,8|11,weighted_average,kalman(weighted_average),false
1788768500.443,75.976,1.306,-0.507,1.853,1.797,1.306,-0.507,1.853,1.797,0.000,0.000,0.000,0.000,8|11,weighted_average,kalman(weighted_average),false
1788768500.497,76.030,1.306,-0.507,1.853,1.797,1.306,-0.507,1.853,1.797,0.000,0.000,0.000,0.000,8|11,weighted_average,kalman(weighted_average),false
1788768500.560,76.093,1.306,-0.507,1.853,1.797,1.306,-0.507,1.853,1.797,0.000,0.000,0.000,0.000,8|11,weighted_average,kalman(weighted_average),false
1788768500.599,76.132,1.306,-0.507,1.853,1.797,1.306,-0.507,1.853,1.797,0.000,0.000,0.000,0.000,8|11,weighted_average,kalman(weighted_average),false
1788768500.651,76.184,1.306,-0.507,1.853,1.797,1.306,-0.507,1.853,1.797,0.000,0.000,0.000,0.000,8|11,weighted_average,kalman(weighted_average),false
1788768500.735,76.268,1.306,-0.507,1.853,1.797,1.306,-0.507,1.853,1.797,0.000,0.000,0.000,0.000,8|11,weighted_average,kalman(weighted_average),false
1788768500.795,76.328,1.306,-0.507,1.853,1.797,1.306,-0.507,1.853,1.797,0.000,0.000,0.000,0.000,8|11,weighted_average,kalman(weighted_average),false
1788768500.851,76.384,1.306,-0.507,1.853,1.797,1.306,-0.507,1.853,1.797,0.000,0.000,0.000,0.000,8|11,weighted_average,kalman(weighted_average),false
1788768500.911,76.444,1.306,-0.507,1.853,1.797,1.306,-0.507,1.853,1.797,0.000,0.000,0.000,0.000,8|11,weighted_average,kalman(weighted_average),false
1788768500.989,76.522,1.306,-0.507,1.853,1.797,1.306,-0.507,1.853,1.797,0.000,0.000,0.000,0.000,8|11,weighted_average,kalman(weighted_average),false
1788768501.049,76.582,1.306,-0.507,1.853,1.797,1.306,-0.507,1.853,1.797,0.000,0.000,0.000,0.000,8|11,weighted_average,kalman(weighted_average),false
1788768501.093,76.625,1.306,-0.507,1.853,1.797,1.306,-0.507,1.853,1.797,0.000,0.000,0.000,0.000,8|11,weighted_average,kalman(weighted_average),false
1788768501.141,76.673,1.306,-0.507,1.853,1.797,1.306,-0.507,1.853,1.797,0.000,0.000,0.000,0.000,8|11,weighted_average,kalman(weighted_average),false
1788768501.196,76.728,1.306,-0.507,1.853,1.797,1.306,-0.507,1.853,1.797,0.000,0.000,0.000,0.000,8|11,weighted_average,kalman(weighted_average),false
1788768501.275,76.807,1.306,-0.507,1.853,1.797,1.306,-0.507,1.853,1.797,0.000,0.000,0.000,0.000,8|11,weighted_average,kalman(weighted_average),false
1788768501.333,76.865,1.306,-0.507,1.853,1.797,1.306,-0.507,1.853,1.797,0.000,0.000,0.000,0.000,8|11,weighted_average,kalman(weighted_average),false
1788768501.386,76.918,1.306,-0.507,1.853,1.797,1.306,-0.507,1.853,1.797,0.000,0.000,0.000,0.000,8|11,weighted_average,kalman(weighted_average),false
1788768501.432,76.965,1.306,-0.507,1.853,1.797,1.306,-0.507,1.853,1.797,0.000,0.000,0.000,0.000,8|11,weighted_average,kalman(weighted_average),false
1788768501.495,77.027,1.306,-0.507,1.853,1.797,1.306,-0.507,1.853,1.797,0.000,0.000,0.000,0.000,8|11,weighted_average,kalman(weighted_average),false
1788768501.641,77.174,1.306,-0.507,1.853,1.797,1.306,-0.507,1.853,1.797,0.000,0.000,0.000,0.000,8|11,weighted_average,kalman(weighted_average),false
1788768501.703,77.236,1.306,-0.507,1.853,1.797,1.306,-0.507,1.853,1.797,0.000,0.000,0.000,0.000,8|11,weighted_average,kalman(weighted_average),false
1788768501.745,77.278,1.306,-0.507,1.853,1.797,1.306,-0.507,1.853,1.797,0.000,0.000,0.000,0.000,8|11,weighted_average,kalman(weighted_average),false
1788768501.801,77.333,1.306,-0.507,1.853,1.797,1.306,-0.507,1.853,1.797,0.000,0.000,0.000,0.000,8|11,weighted_average,kalman(weighted_average),false
1788768501.843,77.376,1.306,-0.507,1.853,1.797,1.306,-0.507,1.853,1.797,0.000,0.000,0.000,0.000,8|11,weighted_average,kalman(weighted_average),false
1788768501.919,77.452,1.306,-0.507,1.853,1.797,1.306,-0.507,1.853,1.797,0.000,0.000,0.000,0.000,8|11,weighted_average,kalman(weighted_average),false
1788768501.976,77.508,1.306,-0.507,1.853,1.797,1.306,-0.507,1.853,1.797,0.000,0.000,0.000,0.000,8|11,weighted_average,kalman(weighted_average),false
1788768502.033,77.566,1.306,-0.507,1.853,1.797,1.306,-0.507,1.853,1.797,0.000,0.000,0.000,0.000,8|11,weighted_average,kalman(weighted_average),false
1788768502.074,77.607,1.306,-0.507,1.853,1.797,1.306,-0.507,1.853,1.797,0.000,0.000,0.000,0.000,8|11,weighted_average,kalman(weighted_average),false
1788768502.127,77.660,1.306,-0.507,1.853,1.797,1.306,-0.507,1.853,1.797,0.000,0.000,0.000,0.000,8|11,weighted_average,kalman(weighted_average),false
1788768502.201,77.734,1.306,-0.507,1.853,1.797,1.306,-0.507,1.853,1.797,0.000,0.000,0.000,0.000,8|11,weighted_average,kalman(weighted_average),false
1788768502.271,77.804,1.306,-0.507,1.853,1.797,1.306,-0.507,1.853,1.797,0.000,0.000,0.000,0.000,8|11,weighted_average,kalman(weighted_average),false
1788768502.310,77.843,1.306,-0.507,1.853,1.797,1.306,-0.507,1.853,1.797,0.000,0.000,0.000,0.000,8|11,weighted_average,kalman(weighted_average),false
1788768502.358,77.890,1.306,-0.507,1.853,1.797,1.306,-0.507,1.853,1.797,0.000,0.000,0.000,0.000,8|11,weighted_average,kalman(weighted_average),false
1788768502.405,77.938,1.306,-0.507,1.853,1.797,1.306,-0.507,1.853,1.797,0.000,0.000,0.000,0.000,8|11,weighted_average,kalman(weighted_average),false
1788768502.482,78.015,1.306,-0.507,1.853,1.797,1.306,-0.507,1.853,1.797,0.000,0.000,0.000,0.000,8|11,weighted_average,kalman(weighted_average),false
1788768502.533,78.066,1.306,-0.507,1.853,1.797,1.306,-0.507,1.853,1.797,0.000,0.000,0.000,0.000,8|11,weighted_average,kalman(weighted_average),false
1788768502.586,78.119,1.306,-0.507,1.853,1.797,1.306,-0.507,1.853,1.797,0.000,0.000,0.000,0.000,8|11,weighted_average,kalman(weighted_average),false
1788768502.636,78.169,1.306,-0.507,1.853,1.797,1.306,-0.507,1.853,1.797,0.000,0.000,0.000,0.000,8|11,weighted_average,kalman(weighted_average),false
1788768502.683,78.216,1.306,-0.507,1.853,1.797,1.306,-0.507,1.853,1.797,0.000,0.000,0.000,0.000,8|11,weighted_average,kalman(weighted_average),false
1788768502.759,78.292,1.306,-0.507,1.853,1.797,1.306,-0.507,1.853,1.797,0.000,0.000,0.000,0.000,8|11,weighted_average,kalman(weighted_average),false
1788768502.811,78.344,1.306,-0.507,1.853,1.797,1.306,-0.507,1.853,1.797,0.000,0.000,0.000,0.000,8|11,weighted_average,kalman(weighted_average),false
1788768502.862,78.395,1.306,-0.507,1.853,1.797,1.306,-0.507,1.853,1.797,0.000,0.000,0.000,0.000,8|11,weighted_average,kalman(weighted_average),false
1788768502.913,78.446,1.306,-0.507,1.853,1.797,1.306,-0.507,1.853,1.797,0.000,0.000,0.000,0.000,8|11,weighted_average,kalman(weighted_average),false
1788768502.963,78.496,1.306,-0.507,1.853,1.797,1.306,-0.507,1.853,1.797,0.000,0.000,0.000,0.000,8|11,weighted_average,kalman(weighted_average),false
1788768503.038,78.571,1.306,-0.507,1.853,1.797,1.306,-0.507,1.853,1.797,0.000,0.000,0.000,0.000,8|11,weighted_average,kalman(weighted_average),false
1788768503.092,78.625,1.306,-0.507,1.853,1.797,1.306,-0.507,1.853,1.797,0.000,0.000,0.000,0.000,8|11,weighted_average,kalman(weighted_average),false
1788768503.148,78.681,1.306,-0.507,1.853,1.797,1.306,-0.507,1.853,1.797,0.000,0.000,0.000,0.000,8|11,weighted_average,kalman(weighted_average),false
1788768503.192,78.724,1.306,-0.507,1.853,1.797,1.306,-0.507,1.853,1.797,0.000,0.000,0.000,0.000,8|11,weighted_average,kalman(weighted_average),false
1788768503.238,78.771,1.306,-0.507,1.853,1.797,1.306,-0.507,1.853,1.797,0.000,0.000,0.000,0.000,8|11,weighted_average,kalman(weighted_average),false
1788768503.314,78.847,1.306,-0.507,1.853,1.797,1.306,-0.507,1.853,1.797,0.000,0.000,0.000,0.000,8|11,weighted_average,kalman(weighted_average),false
1788768503.371,78.904,1.306,-0.507,1.853,1.797,1.306,-0.507,1.853,1.797,0.000,0.000,0.000,0.000,8|11,weighted_average,kalman(weighted_average),false
1788768503.416,78.948,1.306,-0.507,1.853,1.797,1.306,-0.507,1.853,1.797,0.000,0.000,0.000,0.000,8|11,weighted_average,kalman(weighted_average),false
1788768503.469,79.001,1.306,-0.507,1.853,1.797,1.306,-0.507,1.853,1.797,0.000,0.000,0.000,0.000,8|11,weighted_average,kalman(weighted_average),false
1788768503.527,79.060,1.306,-0.507,1.853,1.797,1.306,-0.507,1.853,1.797,0.000,0.000,0.000,0.000,8|11,weighted_average,kalman(weighted_average),false
1788768503.604,79.137,1.306,-0.507,1.853,1.797,1.306,-0.507,1.853,1.797,0.000,0.000,0.000,0.000,8|11,weighted_average,kalman(weighted_average),false
1788768503.662,79.195,1.306,-0.507,1.853,1.797,1.306,-0.507,1.853,1.797,0.000,0.000,0.000,0.000,8|11,weighted_average,kalman(weighted_average),false
1788768503.718,79.251,1.306,-0.507,1.853,1.797,1.306,-0.507,1.853,1.797,0.000,0.000,0.000,0.000,8|11,weighted_average,kalman(weighted_average),false
1788768503.771,79.304,1.306,-0.507,1.853,1.797,1.306,-0.507,1.853,1.797,0.000,0.000,0.000,0.000,8|11,weighted_average,kalman(weighted_average),false
1788768503.815,79.348,1.306,-0.507,1.853,1.797,1.306,-0.507,1.853,1.797,0.000,0.000,0.000,0.000,8|11,weighted_average,kalman(weighted_average),false
1788768503.892,79.425,1.306,-0.507,1.853,1.797,1.306,-0.507,1.853,1.797,0.000,0.000,0.000,0.000,8|11,weighted_average,kalman(weighted_average),false
1788768503.949,79.482,1.306,-0.507,1.853,1.797,1.306,-0.507,1.853,1.797,0.000,0.000,0.000,0.000,8|11,weighted_average,kalman(weighted_average),false
1788768504.001,79.533,1.306,-0.507,1.853,1.797,1.306,-0.507,1.853,1.797,0.000,0.000,0.000,0.000,8|11,weighted_average,kalman(weighted_average),false
1788768504.053,79.586,1.306,-0.507,1.853,1.797,1.306,-0.507,1.853,1.797,0.000,0.000,0.000,0.000,8|11,weighted_average,kalman(weighted_average),false
1788768504.100,79.633,1.306,-0.507,1.853,1.797,1.306,-0.507,1.853,1.797,0.000,0.000,0.000,0.000,8|11,weighted_average,kalman(weighted_average),false
1788768504.181,79.714,1.306,-0.507,1.853,1.797,1.306,-0.507,1.853,1.797,0.000,0.000,0.000,0.000,8|11,weighted_average,kalman(weighted_average),false
1788768504.232,79.765,1.306,-0.507,1.853,1.797,1.306,-0.507,1.853,1.797,0.000,0.000,0.000,0.000,8|11,weighted_average,kalman(weighted_average),false
1788768504.298,79.830,1.306,-0.507,1.853,1.797,1.306,-0.507,1.853,1.797,0.000,0.000,0.000,0.000,8|11,weighted_average,kalman(weighted_average),false
1788768504.336,79.869,1.306,-0.507,1.853,1.797,1.306,-0.507,1.853,1.797,0.000,0.000,0.000,0.000,8|11,weighted_average,kalman(weighted_average),false
1788768504.385,79.918,1.306,-0.507,1.853,1.797,1.306,-0.507,1.853,1.797,0.000,0.000,0.000,0.000,8|11,weighted_average,kalman(weighted_average),false
1788768504.463,79.996,1.306,-0.507,1.853,1.797,1.306,-0.507,1.853,1.797,0.000,0.000,0.000,0.000,8|11,weighted_average,kalman(weighted_average),false
1788768504.523,80.056,1.306,-0.507,1.853,1.797,1.306,-0.507,1.853,1.797,0.000,0.000,0.000,0.000,8|11,weighted_average,kalman(weighted_average),false
1788768504.565,80.098,1.306,-0.507,1.853,1.797,1.306,-0.507,1.853,1.797,0.000,0.000,0.000,0.000,8|11,weighted_average,kalman(weighted_average),false
1788768504.623,80.156,1.306,-0.507,1.853,1.797,1.306,-0.507,1.853,1.797,0.000,0.000,0.000,0.000,8|11,weighted_average,kalman(weighted_average),false
1788768504.665,80.198,1.306,-0.507,1.853,1.797,1.306,-0.507,1.853,1.797,0.000,0.000,0.000,0.000,8|11,weighted_average,kalman(weighted_average),false
1788768504.740,80.273,1.306,-0.507,1.853,1.797,1.306,-0.507,1.853,1.797,0.000,0.000,0.000,0.000,8|11,weighted_average,kalman(weighted_average),false
1788768504.803,80.336,1.306,-0.507,1.853,1.797,1.306,-0.507,1.853,1.797,0.000,0.000,0.000,0.000,8|11,weighted_average,kalman(weighted_average),false
1788768504.852,80.385,1.306,-0.507,1.853,1.797,1.306,-0.507,1.853,1.797,0.000,0.000,0.000,0.000,8|11,weighted_average,kalman(weighted_average),false
1788768504.900,80.432,1.306,-0.507,1.853,1.797,1.306,-0.507,1.853,1.797,0.000,0.000,0.000,0.000,8|11,weighted_average,kalman(weighted_average),false
1788768504.947,80.480,1.306,-0.507,1.853,1.797,1.306,-0.507,1.853,1.797,0.000,0.000,0.000,0.000,8|11,weighted_average,kalman(weighted_average),false
1788768505.022,80.555,1.306,-0.507,1.853,1.797,1.306,-0.507,1.853,1.797,0.000,0.000,0.000,0.000,8|11,weighted_average,kalman(weighted_average),false
1788768505.097,80.629,1.306,-0.507,1.853,1.797,1.306,-0.507,1.853,1.797,0.000,0.000,0.000,0.000,8|11,weighted_average,kalman(weighted_average),false
1788768505.145,80.678,1.306,-0.507,1.853,1.797,1.306,-0.507,1.853,1.797,0.000,0.000,0.000,0.000,8|11,weighted_average,kalman(weighted_average),false
1788768505.189,80.722,1.306,-0.507,1.853,1.797,1.306,-0.507,1.853,1.797,0.000,0.000,0.000,0.000,8|11,weighted_average,kalman(weighted_average),false
1788768505.249,80.782,1.306,-0.507,1.853,1.797,1.306,-0.507,1.853,1.797,0.000,0.000,0.000,0.000,8|11,weighted_average,kalman(weighted_average),false
1788768505.327,80.860,1.306,-0.507,1.853,1.797,1.306,-0.507,1.853,1.797,0.000,0.000,0.000,0.000,8|11,weighted_average,kalman(weighted_average),false
1788768505.379,80.912,1.306,-0.507,1.853,1.797,1.306,-0.507,1.853,1.797,0.000,0.000,0.000,0.000,8|11,weighted_average,kalman(weighted_average),false
1788768505.432,80.965,1.306,-0.507,1.853,1.797,1.306,-0.507,1.853,1.797,0.000,0.000,0.000,0.000,8|11,weighted_average,kalman(weighted_average),false
1788768505.480,81.013,1.306,-0.507,1.853,1.797,1.306,-0.507,1.853,1.797,0.000,0.000,0.000,0.000,8|11,weighted_average,kalman(weighted_average),false
1788768505.538,81.070,1.306,-0.507,1.853,1.797,1.306,-0.507,1.853,1.797,0.000,0.000,0.000,0.000,8|11,weighted_average,kalman(weighted_average),false
1788768505.621,81.154,1.306,-0.507,1.853,1.797,1.306,-0.507,1.853,1.797,0.000,0.000,0.000,0.000,8|11,weighted_average,kalman(weighted_average),false
1788768505.682,81.215,1.306,-0.507,1.853,1.797,1.306,-0.507,1.853,1.797,0.000,0.000,0.000,0.000,8|11,weighted_average,kalman(weighted_average),false
1788768505.730,81.263,1.306,-0.507,1.853,1.797,1.306,-0.507,1.853,1.797,0.000,0.000,0.000,0.000,8|11,weighted_average,kalman(weighted_average),false
1788768505.775,81.308,1.306,-0.507,1.853,1.797,1.306,-0.507,1.853,1.797,0.000,0.000,0.000,0.000,8|11,weighted_average,kalman(weighted_average),false
1788768505.823,81.355,1.306,-0.507,1.853,1.797,1.306,-0.507,1.853,1.797,0.000,0.000,0.000,0.000,8|11,weighted_average,kalman(weighted_average),false
1788768505.902,81.435,1.306,-0.507,1.853,1.797,1.306,-0.507,1.853,1.797,0.000,0.000,0.000,0.000,8|11,weighted_average,kalman(weighted_average),false
1788768505.959,81.492,1.306,-0.507,1.853,1.797,1.306,-0.507,1.853,1.797,0.000,0.000,0.000,0.000,8|11,weighted_average,kalman(weighted_average),false
1788768506.004,81.537,1.306,-0.507,1.853,1.797,1.306,-0.507,1.853,1.797,0.000,0.000,0.000,0.000,8|11,weighted_average,kalman(weighted_average),false
1788768506.054,81.587,1.306,-0.507,1.853,1.797,1.306,-0.507,1.853,1.797,0.000,0.000,0.000,0.000,8|11,weighted_average,kalman(weighted_average),false
1788768506.106,81.639,1.306,-0.507,1.853,1.797,1.306,-0.507,1.853,1.797,0.000,0.000,0.000,0.000,8|11,weighted_average,kalman(weighted_average),false
1788768506.190,81.723,1.306,-0.507,1.853,1.797,1.306,-0.507,1.853,1.797,0.000,0.000,0.000,0.000,8|11,weighted_average,kalman(weighted_average),false
1788768506.248,81.780,1.306,-0.507,1.853,1.797,1.306,-0.507,1.853,1.797,0.000,0.000,0.000,0.000,8|11,weighted_average,kalman(weighted_average),false
1788768506.291,81.824,1.306,-0.507,1.853,1.797,1.306,-0.507,1.853,1.797,0.000,0.000,0.000,0.000,8|11,weighted_average,kalman(weighted_average),false
1788768506.346,81.879,1.306,-0.507,1.853,1.797,1.306,-0.507,1.853,1.797,0.000,0.000,0.000,0.000,8|11,weighted_average,kalman(weighted_average),false
1788768506.394,81.927,1.306,-0.507,1.853,1.797,1.306,-0.507,1.853,1.797,0.000,0.000,0.000,0.000,8|11,weighted_average,kalman(weighted_average),false
1788768506.471,82.004,1.306,-0.507,1.853,1.797,1.306,-0.507,1.853,1.797,0.000,0.000,0.000,0.000,8|11,weighted_average,kalman(weighted_average),false
1788768506.523,82.056,1.306,-0.507,1.853,1.797,1.306,-0.507,1.853,1.797,0.000,0.000,0.000,0.000,8|11,weighted_average,kalman(weighted_average),false
1788768506.578,82.111,1.306,-0.507,1.853,1.797,1.306,-0.507,1.853,1.797,0.000,0.000,0.000,0.000,8|11,weighted_average,kalman(weighted_average),false
1788768506.623,82.155,1.306,-0.507,1.853,1.797,1.306,-0.507,1.853,1.797,0.000,0.000,0.000,0.000,8|11,weighted_average,kalman(weighted_average),false
1788768506.679,82.211,1.306,-0.507,1.853,1.797,1.306,-0.507,1.853,1.797,0.000,0.000,0.000,0.000,8|11,weighted_average,kalman(weighted_average),false
1788768506.769,82.301,1.306,-0.507,1.853,1.797,1.306,-0.507,1.853,1.797,0.000,0.000,0.000,0.000,8|11,weighted_average,kalman(weighted_average),false
1788768506.821,82.354,1.306,-0.507,1.853,1.797,1.306,-0.507,1.853,1.797,0.000,0.000,0.000,0.000,8|11,weighted_average,kalman(weighted_average),false
1788768506.876,82.409,1.306,-0.507,1.853,1.797,1.306,-0.507,1.853,1.797,0.000,0.000,0.000,0.000,8|11,weighted_average,kalman(weighted_average),false
1788768506.919,82.452,1.306,-0.507,1.853,1.797,1.306,-0.507,1.853,1.797,0.000,0.000,0.000,0.000,8|11,weighted_average,kalman(weighted_average),false
1788768506.979,82.512,1.306,-0.507,1.853,1.797,1.306,-0.507,1.853,1.797,0.000,0.000,0.000,0.000,8|11,weighted_average,kalman(weighted_average),false
1788768507.060,82.593,1.306,-0.507,1.853,1.797,1.306,-0.507,1.853,1.797,0.000,0.000,0.000,0.000,8|11,weighted_average,kalman(weighted_average),false
1788768507.113,82.646,1.306,-0.507,1.853,1.797,1.306,-0.507,1.853,1.797,0.000,0.000,0.000,0.000,8|11,weighted_average,kalman(weighted_average),false
1788768507.163,82.695,1.306,-0.507,1.853,1.797,1.306,-0.507,1.853,1.797,0.000,0.000,0.000,0.000,8|11,weighted_average,kalman(weighted_average),false
1788768507.217,82.750,1.306,-0.507,1.853,1.797,1.306,-0.507,1.853,1.797,0.000,0.000,0.000,0.000,8|11,weighted_average,kalman(weighted_average),false
1788768507.263,82.796,1.306,-0.507,1.853,1.797,1.306,-0.507,1.853,1.797,0.000,0.000,0.000,0.000,8|11,weighted_average,kalman(weighted_average),false
1788768507.345,82.878,1.306,-0.507,1.853,1.797,1.306,-0.507,1.853,1.797,0.000,0.000,0.000,0.000,8|11,weighted_average,kalman(weighted_average),false
1788768507.396,82.929,1.306,-0.507,1.853,1.797,1.306,-0.507,1.853,1.797,0.000,0.000,0.000,0.000,8|11,weighted_average,kalman(weighted_average),false
1788768507.449,82.982,1.306,-0.507,1.853,1.797,1.306,-0.507,1.853,1.797,0.000,0.000,0.000,0.000,8|11,weighted_average,kalman(weighted_average),false
1788768507.494,83.027,1.306,-0.507,1.853,1.797,1.306,-0.507,1.853,1.797,0.000,0.000,0.000,0.000,8|11,weighted_average,kalman(weighted_average),false
1788768507.557,83.089,1.306,-0.507,1.853,1.797,1.306,-0.507,1.853,1.797,0.000,0.000,0.000,0.000,8|11,weighted_average,kalman(weighted_average),false
1788768507.645,83.178,1.306,-0.507,1.853,1.797,1.306,-0.507,1.853,1.797,0.000,0.000,0.000,0.000,8|11,weighted_average,kalman(weighted_average),false
1788768507.710,83.243,1.306,-0.507,1.853,1.797,1.306,-0.507,1.853,1.797,0.000,0.000,0.000,0.000,8|11,weighted_average,kalman(weighted_average),false
1788768507.752,83.285,1.306,-0.507,1.853,1.797,1.306,-0.507,1.853,1.797,0.000,0.000,0.000,0.000,8|11,weighted_average,kalman(weighted_average),false
1788768507.803,83.336,1.306,-0.507,1.853,1.797,1.306,-0.507,1.853,1.797,0.000,0.000,0.000,0.000,8|11,weighted_average,kalman(weighted_average),false
1788768507.853,83.385,1.306,-0.507,1.853,1.797,1.306,-0.507,1.853,1.797,0.000,0.000,0.000,0.000,8|11,weighted_average,kalman(weighted_average),false
1788768507.932,83.465,1.306,-0.507,1.853,1.797,1.306,-0.507,1.853,1.797,0.000,0.000,0.000,0.000,8|11,weighted_average,kalman(weighted_average),false
1788768507.994,83.527,1.306,-0.507,1.853,1.797,1.306,-0.507,1.853,1.797,0.000,0.000,0.000,0.000,8|11,weighted_average,kalman(weighted_average),false
1788768508.038,83.570,1.306,-0.507,1.853,1.797,1.306,-0.507,1.853,1.797,0.000,0.000,0.000,0.000,8|11,weighted_average,kalman(weighted_average),false
1788768508.082,83.615,1.306,-0.507,1.853,1.797,1.306,-0.507,1.853,1.797,0.000,0.000,0.000,0.000,8|11,weighted_average,kalman(weighted_average),false
1788768508.143,83.676,1.306,-0.507,1.853,1.797,1.306,-0.507,1.853,1.797,0.000,0.000,0.000,0.000,8|11,weighted_average,kalman(weighted_average),false
1788768508.241,83.773,1.306,-0.507,1.853,1.797,1.306,-0.507,1.853,1.797,0.000,0.000,0.000,0.000,8|11,weighted_average,kalman(weighted_average),false
1788768508.301,83.834,1.306,-0.507,1.853,1.797,1.306,-0.507,1.853,1.797,0.000,0.000,0.000,0.000,8|11,weighted_average,kalman(weighted_average),false
1788768508.345,83.878,1.306,-0.507,1.853,1.797,1.306,-0.507,1.853,1.797,0.000,0.000,0.000,0.000,8|11,weighted_average,kalman(weighted_average),false
1788768508.401,83.934,1.306,-0.507,1.853,1.797,1.306,-0.507,1.853,1.797,0.000,0.000,0.000,0.000,8|11,weighted_average,kalman(weighted_average),false
1788768508.445,83.978,1.306,-0.507,1.853,1.797,1.306,-0.507,1.853,1.797,0.000,0.000,0.000,0.000,8|11,weighted_average,kalman(weighted_average),false
1788768508.522,84.054,1.306,-0.507,1.853,1.797,1.306,-0.507,1.853,1.797,0.000,0.000,0.000,0.000,8|11,weighted_average,kalman(weighted_average),false
1788768508.581,84.114,1.306,-0.507,1.853,1.797,1.306,-0.507,1.853,1.797,0.000,0.000,0.000,0.000,8|11,weighted_average,kalman(weighted_average),false
1788768508.624,84.156,1.306,-0.507,1.853,1.797,1.306,-0.507,1.853,1.797,0.000,0.000,0.000,0.000,8|11,weighted_average,kalman(weighted_average),false
1788768508.683,84.215,1.306,-0.507,1.853,1.797,1.306,-0.507,1.853,1.797,0.000,0.000,0.000,0.000,8|11,weighted_average,kalman(weighted_average),false
1788768508.724,84.257,1.306,-0.507,1.853,1.797,1.306,-0.507,1.853,1.797,0.000,0.000,0.000,0.000,8|11,weighted_average,kalman(weighted_average),false
1788768508.804,84.337,1.306,-0.507,1.853,1.797,1.306,-0.507,1.853,1.797,0.000,0.000,0.000,0.000,8|11,weighted_average,kalman(weighted_average),false
1788768508.859,84.392,1.306,-0.507,1.853,1.797,1.306,-0.507,1.853,1.797,0.000,0.000,0.000,0.000,8|11,weighted_average,kalman(weighted_average),false
1788768508.915,84.448,1.306,-0.507,1.853,1.797,1.306,-0.507,1.853,1.797,0.000,0.000,0.000,0.000,8|11,weighted_average,kalman(weighted_average),false
1788768508.957,84.490,1.306,-0.507,1.853,1.797,1.306,-0.507,1.853,1.797,0.000,0.000,0.000,0.000,8|11,weighted_average,kalman(weighted_average),false
1788768509.019,84.552,1.306,-0.507,1.853,1.797,1.306,-0.507,1.853,1.797,0.000,0.000,0.000,0.000,8|11,weighted_average,kalman(weighted_average),false
1788768509.100,84.633,1.306,-0.507,1.853,1.797,1.306,-0.507,1.853,1.797,0.000,0.000,0.000,0.000,8|11,weighted_average,kalman(weighted_average),false
1788768509.157,84.690,1.306,-0.507,1.853,1.797,1.306,-0.507,1.853,1.797,0.000,0.000,0.000,0.000,8|11,weighted_average,kalman(weighted_average),false
1788768509.204,84.737,1.306,-0.507,1.853,1.797,1.306,-0.507,1.853,1.797,0.000,0.000,0.000,0.000,8|11,weighted_average,kalman(weighted_average),false
1788768509.254,84.787,1.306,-0.507,1.853,1.797,1.306,-0.507,1.853,1.797,0.000,0.000,0.000,0.000,8|11,weighted_average,kalman(weighted_average),false
1788768509.303,84.836,1.306,-0.507,1.853,1.797,1.306,-0.507,1.853,1.797,0.000,0.000,0.000,0.000,8|11,weighted_average,kalman(weighted_average),false
1788768509.386,84.919,1.306,-0.507,1.853,1.797,1.306,-0.507,1.853,1.797,0.000,0.000,0.000,0.000,8|11,weighted_average,kalman(weighted_average),false
1788768509.443,84.976,1.306,-0.507,1.853,1.797,1.306,-0.507,1.853,1.797,0.000,0.000,0.000,0.000,8|11,weighted_average,kalman(weighted_average),false
1788768509.488,85.021,1.306,-0.507,1.853,1.797,1.306,-0.507,1.853,1.797,0.000,0.000,0.000,0.000,8|11,weighted_average,kalman(weighted_average),false
1788768509.541,85.074,1.306,-0.507,1.853,1.797,1.306,-0.507,1.853,1.797,0.000,0.000,0.000,0.000,8|11,weighted_average,kalman(weighted_average),false
1788768509.587,85.120,1.306,-0.507,1.853,1.797,1.306,-0.507,1.853,1.797,0.000,0.000,0.000,0.000,8|11,weighted_average,kalman(weighted_average),false
1788768509.678,85.211,1.306,-0.507,1.853,1.797,1.306,-0.507,1.853,1.797,0.000,0.000,0.000,0.000,8|11,weighted_average,kalman(weighted_average),false
1788768509.735,85.268,1.306,-0.507,1.853,1.797,1.306,-0.507,1.853,1.797,0.000,0.000,0.000,0.000,8|11,weighted_average,kalman(weighted_average),false
1788768509.784,85.317,1.306,-0.507,1.853,1.797,1.306,-0.507,1.853,1.797,0.000,0.000,0.000,0.000,8|11,weighted_average,kalman(weighted_average),false
1788768509.828,85.361,1.306,-0.507,1.853,1.797,1.306,-0.507,1.853,1.797,0.000,0.000,0.000,0.000,8|11,weighted_average,kalman(weighted_average),false
1788768509.882,85.415,1.306,-0.507,1.853,1.797,1.306,-0.507,1.853,1.797,0.000,0.000,0.000,0.000,8|11,weighted_average,kalman(weighted_average),false
1788768509.973,85.506,1.306,-0.507,1.853,1.797,1.306,-0.507,1.853,1.797,0.000,0.000,0.000,0.000,8|11,weighted_average,kalman(weighted_average),false
1788768510.040,85.572,1.306,-0.507,1.853,1.797,1.306,-0.507,1.853,1.797,0.000,0.000,0.000,0.000,8|11,weighted_average,kalman(weighted_average),false
1788768510.076,85.609,1.306,-0.507,1.853,1.797,1.306,-0.507,1.853,1.797,0.000,0.000,0.000,0.000,8|11,weighted_average,kalman(weighted_average),false
1788768510.137,85.669,1.306,-0.507,1.853,1.797,1.306,-0.507,1.853,1.797,0.000,0.000,0.000,0.000,8|11,weighted_average,kalman(weighted_average),false
1788768510.178,85.711,1.306,-0.507,1.853,1.797,1.306,-0.507,1.853,1.797,0.000,0.000,0.000,0.000,8|11,weighted_average,kalman(weighted_average),false
1788768510.268,85.801,1.306,-0.507,1.853,1.797,1.306,-0.507,1.853,1.797,0.000,0.000,0.000,0.000,8|11,weighted_average,kalman(weighted_average),false
1788768510.324,85.857,1.306,-0.507,1.853,1.797,1.306,-0.507,1.853,1.797,0.000,0.000,0.000,0.000,8|11,weighted_average,kalman(weighted_average),false
1788768510.371,85.904,1.306,-0.507,1.853,1.797,1.306,-0.507,1.853,1.797,0.000,0.000,0.000,0.000,8|11,weighted_average,kalman(weighted_average),false
1788768510.418,85.950,1.306,-0.507,1.853,1.797,1.306,-0.507,1.853,1.797,0.000,0.000,0.000,0.000,8|11,weighted_average,kalman(weighted_average),false
1788768510.472,86.005,1.306,-0.507,1.853,1.797,1.306,-0.507,1.853,1.797,0.000,0.000,0.000,0.000,8|11,weighted_average,kalman(weighted_average),false
1788768510.554,86.087,1.306,-0.507,1.853,1.797,1.306,-0.507,1.853,1.797,0.000,0.000,0.000,0.000,8|11,weighted_average,kalman(weighted_average),false
1788768510.608,86.141,1.306,-0.507,1.853,1.797,1.306,-0.507,1.853,1.797,0.000,0.000,0.000,0.000,8|11,weighted_average,kalman(weighted_average),false
1788768510.663,86.196,1.306,-0.507,1.853,1.797,1.306,-0.507,1.853,1.797,0.000,0.000,0.000,0.000,8|11,weighted_average,kalman(weighted_average),false
1788768510.704,86.237,1.306,-0.507,1.853,1.797,1.306,-0.507,1.853,1.797,0.000,0.000,0.000,0.000,8|11,weighted_average,kalman(weighted_average),false
1788768510.755,86.287,1.306,-0.507,1.853,1.797,1.306,-0.507,1.853,1.797,0.000,0.000,0.000,0.000,8|11,weighted_average,kalman(weighted_average),false
1788768510.837,86.370,1.306,-0.507,1.853,1.797,1.306,-0.507,1.853,1.797,0.000,0.000,0.000,0.000,8|11,weighted_average,kalman(weighted_average),false
1788768510.888,86.421,1.306,-0.507,1.853,1.797,1.306,-0.507,1.853,1.797,0.000,0.000,0.000,0.000,8|11,weighted_average,kalman(weighted_average),false
1788768510.936,86.469,1.306,-0.507,1.853,1.797,1.306,-0.507,1.853,1.797,0.000,0.000,0.000,0.000,8|11,weighted_average,kalman(weighted_average),false
1788768510.988,86.521,1.306,-0.507,1.853,1.797,1.306,-0.507,1.853,1.797,0.000,0.000,0.000,0.000,8|11,weighted_average,kalman(weighted_average),false
1788768511.038,86.570,1.306,-0.507,1.853,1.797,1.306,-0.507,1.853,1.797,0.000,0.000,0.000,0.000,8|11,weighted_average,kalman(weighted_average),false
1788768511.120,86.653,1.306,-0.507,1.853,1.797,1.306,-0.507,1.853,1.797,0.000,0.000,0.000,0.000,8|11,weighted_average,kalman(weighted_average),false
1788768511.169,86.702,1.306,-0.507,1.853,1.797,1.306,-0.507,1.853,1.797,0.000,0.000,0.000,0.000,8|11,weighted_average,kalman(weighted_average),false
1788768511.224,86.756,1.306,-0.507,1.853,1.797,1.306,-0.507,1.853,1.797,0.000,0.000,0.000,0.000,8|11,weighted_average,kalman(weighted_average),false
1788768511.277,86.810,1.306,-0.507,1.853,1.797,1.306,-0.507,1.853,1.797,0.000,0.000,0.000,0.000,8|11,weighted_average,kalman(weighted_average),false
1788768511.321,86.854,1.306,-0.507,1.853,1.797,1.306,-0.507,1.853,1.797,0.000,0.000,0.000,0.000,8|11,weighted_average,kalman(weighted_average),false
1788768511.404,86.937,1.306,-0.507,1.853,1.797,1.306,-0.507,1.853,1.797,0.000,0.000,0.000,0.000,8|11,weighted_average,kalman(weighted_average),false
1788768511.460,86.993,1.306,-0.507,1.853,1.797,1.306,-0.507,1.853,1.797,0.000,0.000,0.000,0.000,8|11,weighted_average,kalman(weighted_average),false
1788768511.508,87.041,1.306,-0.507,1.853,1.797,1.306,-0.507,1.853,1.797,0.000,0.000,0.000,0.000,8|11,weighted_average,kalman(weighted_average),false
1788768511.565,87.098,1.306,-0.507,1.853,1.797,1.306,-0.507,1.853,1.797,0.000,0.000,0.000,0.000,8|11,weighted_average,kalman(weighted_average),false
1788768511.604,87.137,1.306,-0.507,1.853,1.797,1.306,-0.507,1.853,1.797,0.000,0.000,0.000,0.000,8|11,weighted_average,kalman(weighted_average),false
1788768511.686,87.219,1.306,-0.507,1.853,1.797,1.306,-0.507,1.853,1.797,0.000,0.000,0.000,0.000,8|11,weighted_average,kalman(weighted_average),false
1788768511.737,87.270,1.306,-0.507,1.853,1.797,1.306,-0.507,1.853,1.797,0.000,0.000,0.000,0.000,8|11,weighted_average,kalman(weighted_average),false
1788768511.787,87.320,1.306,-0.507,1.853,1.797,1.306,-0.507,1.853,1.797,0.000,0.000,0.000,0.000,8|11,weighted_average,kalman(weighted_average),false
1788768511.839,87.372,1.306,-0.507,1.853,1.797,1.306,-0.507,1.853,1.797,0.000,0.000,0.000,0.000,8|11,weighted_average,kalman(weighted_average),false
1788768511.887,87.420,1.306,-0.507,1.853,1.797,1.306,-0.507,1.853,1.797,0.000,0.000,0.000,0.000,8|11,weighted_average,kalman(weighted_average),false
1788768511.970,87.503,1.306,-0.507,1.853,1.797,1.306,-0.507,1.853,1.797,0.000,0.000,0.000,0.000,8|11,weighted_average,kalman(weighted_average),false
1788768512.018,87.551,1.306,-0.507,1.853,1.797,1.306,-0.507,1.853,1.797,0.000,0.000,0.000,0.000,8|11,weighted_average,kalman(weighted_average),false
1788768512.073,87.606,1.306,-0.507,1.853,1.797,1.306,-0.507,1.853,1.797,0.000,0.000,0.000,0.000,8|11,weighted_average,kalman(weighted_average),false
1788768512.122,87.655,1.306,-0.507,1.853,1.797,1.306,-0.507,1.853,1.797,0.000,0.000,0.000,0.000,8|11,weighted_average,kalman(weighted_average),false
1788768512.174,87.706,1.306,-0.507,1.853,1.797,1.306,-0.507,1.853,1.797,0.000,0.000,0.000,0.000,8|11,weighted_average,kalman(weighted_average),false
1788768512.260,87.793,1.306,-0.507,1.853,1.797,1.306,-0.507,1.853,1.797,0.000,0.000,0.000,0.000,8|11,weighted_average,kalman(weighted_average),false
1788768512.312,87.845,1.306,-0.507,1.853,1.797,1.306,-0.507,1.853,1.797,0.000,0.000,0.000,0.000,8|11,weighted_average,kalman(weighted_average),false
1788768512.366,87.898,1.306,-0.507,1.853,1.797,1.306,-0.507,1.853,1.797,0.000,0.000,0.000,0.000,8|11,weighted_average,kalman(weighted_average),false
1788768512.417,87.950,1.306,-0.507,1.853,1.797,1.306,-0.507,1.853,1.797,0.000,0.000,0.000,0.000,8|11,weighted_average,kalman(weighted_average),false
1788768512.462,87.995,1.306,-0.507,1.853,1.797,1.306,-0.507,1.853,1.797,0.000,0.000,0.000,0.000,8|11,weighted_average,kalman(weighted_average),false
1788768512.538,88.071,1.306,-0.507,1.853,1.797,1.306,-0.507,1.853,1.797,0.000,0.000,0.000,0.000,8|11,weighted_average,kalman(weighted_average),false
1788768512.589,88.122,1.306,-0.507,1.853,1.797,1.306,-0.507,1.853,1.797,0.000,0.000,0.000,0.000,8|11,weighted_average,kalman(weighted_average),false
1788768512.641,88.174,1.306,-0.507,1.853,1.797,1.306,-0.507,1.853,1.797,0.000,0.000,0.000,0.000,8|11,weighted_average,kalman(weighted_average),false
1788768512.690,88.223,1.306,-0.507,1.853,1.797,1.306,-0.507,1.853,1.797,0.000,0.000,0.000,0.000,8|11,weighted_average,kalman(weighted_average),false
1788768512.747,88.280,1.306,-0.507,1.853,1.797,1.306,-0.507,1.853,1.797,0.000,0.000,0.000,0.000,8|11,weighted_average,kalman(weighted_average),false
1788768512.832,88.364,1.306,-0.507,1.853,1.797,1.306,-0.507,1.853,1.797,0.000,0.000,0.000,0.000,8|11,weighted_average,kalman(weighted_average),false
1788768512.882,88.415,1.306,-0.507,1.853,1.797,1.306,-0.507,1.853,1.797,0.000,0.000,0.000,0.000,8|11,weighted_average,kalman(weighted_average),false
1788768512.932,88.465,1.306,-0.507,1.853,1.797,1.306,-0.507,1.853,1.797,0.000,0.000,0.000,0.000,8|11,weighted_average,kalman(weighted_average),false
1788768512.983,88.516,1.306,-0.507,1.853,1.797,1.306,-0.507,1.853,1.797,0.000,0.000,0.000,0.000,8|11,weighted_average,kalman(weighted_average),false
1788768513.035,88.567,1.306,-0.507,1.853,1.797,1.306,-0.507,1.853,1.797,0.000,0.000,0.000,0.000,8|11,weighted_average,kalman(weighted_average),false
1788768513.110,88.643,1.306,-0.507,1.853,1.797,1.306,-0.507,1.853,1.797,0.000,0.000,0.000,0.000,8|11,weighted_average,kalman(weighted_average),false
1788768513.170,88.702,1.306,-0.507,1.853,1.797,1.306,-0.507,1.853,1.797,0.000,0.000,0.000,0.000,8|11,weighted_average,kalman(weighted_average),false
1788768513.213,88.746,1.306,-0.507,1.853,1.797,1.306,-0.507,1.853,1.797,0.000,0.000,0.000,0.000,8|11,weighted_average,kalman(weighted_average),false
1788768513.263,88.796,1.306,-0.507,1.853,1.797,1.306,-0.507,1.853,1.797,0.000,0.000,0.000,0.000,8|11,weighted_average,kalman(weighted_average),false
1788768513.316,88.848,1.306,-0.507,1.853,1.797,1.306,-0.507,1.853,1.797,0.000,0.000,0.000,0.000,8|11,weighted_average,kalman(weighted_average),false
1788768513.390,88.923,1.306,-0.507,1.853,1.797,1.306,-0.507,1.853,1.797,0.000,0.000,0.000,0.000,8|11,weighted_average,kalman(weighted_average),false
1788768513.442,88.975,1.306,-0.507,1.853,1.797,1.306,-0.507,1.853,1.797,0.000,0.000,0.000,0.000,8|11,weighted_average,kalman(weighted_average),false
1788768513.497,89.030,1.306,-0.507,1.853,1.797,1.306,-0.507,1.853,1.797,0.000,0.000,0.000,0.000,8|11,weighted_average,kalman(weighted_average),false
1788768513.545,89.078,1.306,-0.507,1.853,1.797,1.306,-0.507,1.853,1.797,0.000,0.000,0.000,0.000,8|11,weighted_average,kalman(weighted_average),false
1788768513.595,89.128,1.306,-0.507,1.853,1.797,1.306,-0.507,1.853,1.797,0.000,0.000,0.000,0.000,8|11,weighted_average,kalman(weighted_average),false
1788768513.675,89.208,1.306,-0.507,1.853,1.797,1.306,-0.507,1.853,1.797,0.000,0.000,0.000,0.000,8|11,weighted_average,kalman(weighted_average),false
1788768513.728,89.261,1.306,-0.507,1.853,1.797,1.306,-0.507,1.853,1.797,0.000,0.000,0.000,0.000,8|11,weighted_average,kalman(weighted_average),false
1788768513.775,89.308,1.306,-0.507,1.853,1.797,1.306,-0.507,1.853,1.797,0.000,0.000,0.000,0.000,8|11,weighted_average,kalman(weighted_average),false
1788768513.825,89.358,1.306,-0.507,1.853,1.797,1.306,-0.507,1.853,1.797,0.000,0.000,0.000,0.000,8|11,weighted_average,kalman(weighted_average),false
1788768513.874,89.407,1.306,-0.507,1.853,1.797,1.306,-0.507,1.853,1.797,0.000,0.000,0.000,0.000,8|11,weighted_average,kalman(weighted_average),false
1788768513.952,89.485,1.306,-0.507,1.853,1.797,1.306,-0.507,1.853,1.797,0.000,0.000,0.000,0.000,8|11,weighted_average,kalman(weighted_average),false
1788768514.006,89.539,1.306,-0.507,1.853,1.797,1.306,-0.507,1.853,1.797,0.000,0.000,0.000,0.000,8|11,weighted_average,kalman(weighted_average),false
1788768514.054,89.587,1.306,-0.507,1.853,1.797,1.306,-0.507,1.853,1.797,0.000,0.000,0.000,0.000,8|11,weighted_average,kalman(weighted_average),false
1788768514.116,89.649,1.306,-0.507,1.853,1.797,1.306,-0.507,1.853,1.797,0.000,0.000,0.000,0.000,8|11,weighted_average,kalman(weighted_average),false
1788768514.155,89.688,1.306,-0.507,1.853,1.797,1.306,-0.507,1.853,1.797,0.000,0.000,0.000,0.000,8|11,weighted_average,kalman(weighted_average),false
1788768514.234,89.767,1.306,-0.507,1.853,1.797,1.306,-0.507,1.853,1.797,0.000,0.000,0.000,0.000,8|11,weighted_average,kalman(weighted_average),false
1788768514.283,89.816,1.306,-0.507,1.853,1.797,1.306,-0.507,1.853,1.797,0.000,0.000,0.000,0.000,8|11,weighted_average,kalman(weighted_average),false
1788768514.334,89.867,1.306,-0.507,1.853,1.797,1.306,-0.507,1.853,1.797,0.000,0.000,0.000,0.000,8|11,weighted_average,kalman(weighted_average),false
1788768514.384,89.917,1.306,-0.507,1.853,1.797,1.306,-0.507,1.853,1.797,0.000,0.000,0.000,0.000,8|11,weighted_average,kalman(weighted_average),false
1788768514.435,89.968,1.306,-0.507,1.853,1.797,1.306,-0.507,1.853,1.797,0.000,0.000,0.000,0.000,8|11,weighted_average,kalman(weighted_average),false
1788768514.516,90.049,1.306,-0.507,1.853,1.797,1.306,-0.507,1.853,1.797,0.000,0.000,0.000,0.000,8|11,weighted_average,kalman(weighted_average),false
1788768514.564,90.097,1.306,-0.507,1.853,1.797,1.306,-0.507,1.853,1.797,0.000,0.000,0.000,0.000,8|11,weighted_average,kalman(weighted_average),false
1788768514.620,90.153,1.306,-0.507,1.853,1.797,1.306,-0.507,1.853,1.797,0.000,0.000,0.000,0.000,8|11,weighted_average,kalman(weighted_average),false
1788768514.666,90.198,1.306,-0.507,1.853,1.797,1.306,-0.507,1.853,1.797,0.000,0.000,0.000,0.000,8|11,weighted_average,kalman(weighted_average),false
1788768514.716,90.249,1.306,-0.507,1.853,1.797,1.306,-0.507,1.853,1.797,0.000,0.000,0.000,0.000,8|11,weighted_average,kalman(weighted_average),false
1788768514.794,90.327,1.306,-0.507,1.853,1.797,1.306,-0.507,1.853,1.797,0.000,0.000,0.000,0.000,8|11,weighted_average,kalman(weighted_average),false
1788768514.845,90.377,1.306,-0.507,1.853,1.797,1.306,-0.507,1.853,1.797,0.000,0.000,0.000,0.000,8|11,weighted_average,kalman(weighted_average),false
1788768514.896,90.429,1.306,-0.507,1.853,1.797,1.306,-0.507,1.853,1.797,0.000,0.000,0.000,0.000,8|11,weighted_average,kalman(weighted_average),false
1788768514.949,90.482,1.306,-0.507,1.853,1.797,1.306,-0.507,1.853,1.797,0.000,0.000,0.000,0.000,8|11,weighted_average,kalman(weighted_average),false
1788768514.995,90.528,1.306,-0.507,1.853,1.797,1.306,-0.507,1.853,1.797,0.000,0.000,0.000,0.000,8|11,weighted_average,kalman(weighted_average),false
1788768515.079,90.612,1.306,-0.507,1.853,1.797,1.306,-0.507,1.853,1.797,0.000,0.000,0.000,0.000,8|11,weighted_average,kalman(weighted_average),false
1788768515.135,90.668,1.306,-0.507,1.853,1.797,1.306,-0.507,1.853,1.797,0.000,0.000,0.000,0.000,8|11,weighted_average,kalman(weighted_average),false
1788768515.184,90.717,1.306,-0.507,1.853,1.797,1.306,-0.507,1.853,1.797,0.000,0.000,0.000,0.000,8|11,weighted_average,kalman(weighted_average),false
1788768515.231,90.764,1.306,-0.507,1.853,1.797,1.306,-0.507,1.853,1.797,0.000,0.000,0.000,0.000,8|11,weighted_average,kalman(weighted_average),false
1788768515.280,90.813,1.306,-0.507,1.853,1.797,1.306,-0.507,1.853,1.797,0.000,0.000,0.000,0.000,8|11,weighted_average,kalman(weighted_average),false
1788768515.362,90.895,1.306,-0.507,1.853,1.797,1.306,-0.507,1.853,1.797,0.000,0.000,0.000,0.000,8|11,weighted_average,kalman(weighted_average),false
1788768515.416,90.949,1.306,-0.507,1.853,1.797,1.306,-0.507,1.853,1.797,0.000,0.000,0.000,0.000,8|11,weighted_average,kalman(weighted_average),false
1788768515.463,90.996,1.306,-0.507,1.853,1.797,1.306,-0.507,1.853,1.797,0.000,0.000,0.000,0.000,8|11,weighted_average,kalman(weighted_average),false
1788768515.512,91.045,1.306,-0.507,1.853,1.797,1.306,-0.507,1.853,1.797,0.000,0.000,0.000,0.000,8|11,weighted_average,kalman(weighted_average),false
1788768515.566,91.098,1.306,-0.507,1.853,1.797,1.306,-0.507,1.853,1.797,0.000,0.000,0.000,0.000,8|11,weighted_average,kalman(weighted_average),false
1788768515.649,91.182,1.306,-0.507,1.853,1.797,1.306,-0.507,1.853,1.797,0.000,0.000,0.000,0.000,8|11,weighted_average,kalman(weighted_average),false
1788768515.701,91.234,1.306,-0.507,1.853,1.797,1.306,-0.507,1.853,1.797,0.000,0.000,0.000,0.000,8|11,weighted_average,kalman(weighted_average),false
1788768515.760,91.293,1.306,-0.507,1.853,1.797,1.306,-0.507,1.853,1.797,0.000,0.000,0.000,0.000,8|11,weighted_average,kalman(weighted_average),false
1788768515.799,91.332,1.306,-0.507,1.853,1.797,1.306,-0.507,1.853,1.797,0.000,0.000,0.000,0.000,8|11,weighted_average,kalman(weighted_average),false
1788768515.864,91.396,1.306,-0.507,1.853,1.797,1.306,-0.507,1.853,1.797,0.000,0.000,0.000,0.000,8|11,weighted_average,kalman(weighted_average),false
1788768515.947,91.480,1.306,-0.507,1.853,1.797,1.306,-0.507,1.853,1.797,0.000,0.000,0.000,0.000,8|11,weighted_average,kalman(weighted_average),false
1788768516.000,91.533,1.306,-0.507,1.853,1.797,1.306,-0.507,1.853,1.797,0.000,0.000,0.000,0.000,8|11,weighted_average,kalman(weighted_average),false
1788768516.050,91.583,1.306,-0.507,1.853,1.797,1.306,-0.507,1.853,1.797,0.000,0.000,0.000,0.000,8|11,weighted_average,kalman(weighted_average),false
1788768516.107,91.640,1.306,-0.507,1.853,1.797,1.306,-0.507,1.853,1.797,0.000,0.000,0.000,0.000,8|11,weighted_average,kalman(weighted_average),false
1788768516.152,91.685,1.306,-0.507,1.853,1.797,1.306,-0.507,1.853,1.797,0.000,0.000,0.000,0.000,8|11,weighted_average,kalman(weighted_average),false
1788768516.230,91.763,1.306,-0.507,1.853,1.797,1.306,-0.507,1.853,1.797,0.000,0.000,0.000,0.000,8|11,weighted_average,kalman(weighted_average),false
1788768516.282,91.815,1.306,-0.507,1.853,1.797,1.306,-0.507,1.853,1.797,0.000,0.000,0.000,0.000,8|11,weighted_average,kalman(weighted_average),false
1788768516.330,91.863,1.306,-0.507,1.853,1.797,1.306,-0.507,1.853,1.797,0.000,0.000,0.000,0.000,8|11,weighted_average,kalman(weighted_average),false
1788768516.388,91.920,1.306,-0.507,1.853,1.797,1.306,-0.507,1.853,1.797,0.000,0.000,0.000,0.000,8|11,weighted_average,kalman(weighted_average),false
1788768516.431,91.964,1.306,-0.507,1.853,1.797,1.306,-0.507,1.853,1.797,0.000,0.000,0.000,0.000,8|11,weighted_average,kalman(weighted_average),false
1788768516.509,92.042,1.306,-0.507,1.853,1.797,1.306,-0.507,1.853,1.797,0.000,0.000,0.000,0.000,8|11,weighted_average,kalman(weighted_average),false
1788768516.565,92.098,1.306,-0.507,1.853,1.797,1.306,-0.507,1.853,1.797,0.000,0.000,0.000,0.000,8|11,weighted_average,kalman(weighted_average),false
1788768516.609,92.142,1.306,-0.507,1.853,1.797,1.306,-0.507,1.853,1.797,0.000,0.000,0.000,0.000,8|11,weighted_average,kalman(weighted_average),false
1788768516.669,92.202,1.306,-0.507,1.853,1.797,1.306,-0.507,1.853,1.797,0.000,0.000,0.000,0.000,8|11,weighted_average,kalman(weighted_average),false
1788768516.712,92.245,1.306,-0.507,1.853,1.797,1.306,-0.507,1.853,1.797,0.000,0.000,0.000,0.000,8|11,weighted_average,kalman(weighted_average),false
1788768516.794,92.326,1.306,-0.507,1.853,1.797,1.306,-0.507,1.853,1.797,0.000,0.000,0.000,0.000,8|11,weighted_average,kalman(weighted_average),false
1788768516.845,92.378,1.306,-0.507,1.853,1.797,1.306,-0.507,1.853,1.797,0.000,0.000,0.000,0.000,8|11,weighted_average,kalman(weighted_average),false
1788768516.895,92.427,1.306,-0.507,1.853,1.797,1.306,-0.507,1.853,1.797,0.000,0.000,0.000,0.000,8|11,weighted_average,kalman(weighted_average),false
1788768516.944,92.476,1.306,-0.507,1.853,1.797,1.306,-0.507,1.853,1.797,0.000,0.000,0.000,0.000,8|11,weighted_average,kalman(weighted_average),false
1788768516.995,92.528,1.306,-0.507,1.853,1.797,1.306,-0.507,1.853,1.797,0.000,0.000,0.000,0.000,8|11,weighted_average,kalman(weighted_average),false
1788768517.081,92.614,1.306,-0.507,1.853,1.797,1.306,-0.507,1.853,1.797,0.000,0.000,0.000,0.000,8|11,weighted_average,kalman(weighted_average),false
1788768517.134,92.666,1.306,-0.507,1.853,1.797,1.306,-0.507,1.853,1.797,0.000,0.000,0.000,0.000,8|11,weighted_average,kalman(weighted_average),false
1788768517.188,92.720,1.306,-0.507,1.853,1.797,1.306,-0.507,1.853,1.797,0.000,0.000,0.000,0.000,8|11,weighted_average,kalman(weighted_average),false
1788768517.233,92.766,1.306,-0.507,1.853,1.797,1.306,-0.507,1.853,1.797,0.000,0.000,0.000,0.000,8|11,weighted_average,kalman(weighted_average),false
1788768517.290,92.822,1.306,-0.507,1.853,1.797,1.306,-0.507,1.853,1.797,0.000,0.000,0.000,0.000,8|11,weighted_average,kalman(weighted_average),false
1788768517.363,92.896,1.306,-0.507,1.853,1.797,1.306,-0.507,1.853,1.797,0.000,0.000,0.000,0.000,8|11,weighted_average,kalman(weighted_average),false
1788768517.416,92.948,1.306,-0.507,1.853,1.797,1.306,-0.507,1.853,1.797,0.000,0.000,0.000,0.000,8|11,weighted_average,kalman(weighted_average),false
1788768517.472,93.004,1.306,-0.507,1.853,1.797,1.306,-0.507,1.853,1.797,0.000,0.000,0.000,0.000,8|11,weighted_average,kalman(weighted_average),false
1788768517.523,93.055,1.306,-0.507,1.853,1.797,1.306,-0.507,1.853,1.797,0.000,0.000,0.000,0.000,8|11,weighted_average,kalman(weighted_average),false
1788768517.569,93.102,1.306,-0.507,1.853,1.797,1.306,-0.507,1.853,1.797,0.000,0.000,0.000,0.000,8|11,weighted_average,kalman(weighted_average),false
1788768517.644,93.177,1.306,-0.507,1.853,1.797,1.306,-0.507,1.853,1.797,0.000,0.000,0.000,0.000,8|11,weighted_average,kalman(weighted_average),false
1788768517.697,93.230,1.306,-0.507,1.853,1.797,1.306,-0.507,1.853,1.797,0.000,0.000,0.000,0.000,8|11,weighted_average,kalman(weighted_average),false
1788768517.748,93.281,1.306,-0.507,1.853,1.797,1.306,-0.507,1.853,1.797,0.000,0.000,0.000,0.000,8|11,weighted_average,kalman(weighted_average),false
1788768517.798,93.331,1.306,-0.507,1.853,1.797,1.306,-0.507,1.853,1.797,0.000,0.000,0.000,0.000,8|11,weighted_average,kalman(weighted_average),false
1788768517.848,93.381,1.306,-0.507,1.853,1.797,1.306,-0.507,1.853,1.797,0.000,0.000,0.000,0.000,8|11,weighted_average,kalman(weighted_average),false
1788768517.923,93.455,1.306,-0.507,1.853,1.797,1.306,-0.507,1.853,1.797,0.000,0.000,0.000,0.000,8|11,weighted_average,kalman(weighted_average),false
1788768517.975,93.507,1.306,-0.507,1.853,1.797,1.306,-0.507,1.853,1.797,0.000,0.000,0.000,0.000,8|11,weighted_average,kalman(weighted_average),false
1788768518.025,93.558,1.306,-0.507,1.853,1.797,1.306,-0.507,1.853,1.797,0.000,0.000,0.000,0.000,8|11,weighted_average,kalman(weighted_average),false
1788768518.086,93.619,1.306,-0.507,1.853,1.797,1.306,-0.507,1.853,1.797,0.000,0.000,0.000,0.000,8|11,weighted_average,kalman(weighted_average),false
1788768518.133,93.666,1.306,-0.507,1.853,1.797,1.306,-0.507,1.853,1.797,0.000,0.000,0.000,0.000,8|11,weighted_average,kalman(weighted_average),false
1788768518.214,93.747,1.306,-0.507,1.853,1.797,1.306,-0.507,1.853,1.797,0.000,0.000,0.000,0.000,8|11,weighted_average,kalman(weighted_average),false
1788768518.265,93.798,1.306,-0.507,1.853,1.797,1.306,-0.507,1.853,1.797,0.000,0.000,0.000,0.000,8|11,weighted_average,kalman(weighted_average),false
1788768518.315,93.847,1.306,-0.507,1.853,1.797,1.306,-0.507,1.853,1.797,0.000,0.000,0.000,0.000,8|11,weighted_average,kalman(weighted_average),false
1788768518.370,93.903,1.306,-0.507,1.853,1.797,1.306,-0.507,1.853,1.797,0.000,0.000,0.000,0.000,8|11,weighted_average,kalman(weighted_average),false
1788768518.417,93.950,1.306,-0.507,1.853,1.797,1.306,-0.507,1.853,1.797,0.000,0.000,0.000,0.000,8|11,weighted_average,kalman(weighted_average),false
1788768518.491,94.024,1.306,-0.507,1.853,1.797,1.306,-0.507,1.853,1.797,0.000,0.000,0.000,0.000,8|11,weighted_average,kalman(weighted_average),false
1788768518.547,94.080,1.306,-0.507,1.853,1.797,1.306,-0.507,1.853,1.797,0.000,0.000,0.000,0.000,8|11,weighted_average,kalman(weighted_average),false
1788768518.597,94.130,1.306,-0.507,1.853,1.797,1.306,-0.507,1.853,1.797,0.000,0.000,0.000,0.000,8|11,weighted_average,kalman(weighted_average),false
1788768518.649,94.182,1.306,-0.507,1.853,1.797,1.306,-0.507,1.853,1.797,0.000,0.000,0.000,0.000,8|11,weighted_average,kalman(weighted_average),false
1788768518.701,94.233,1.306,-0.507,1.853,1.797,1.306,-0.507,1.853,1.797,0.000,0.000,0.000,0.000,8|11,weighted_average,kalman(weighted_average),false
1788768518.781,94.314,1.306,-0.507,1.853,1.797,1.306,-0.507,1.853,1.797,0.000,0.000,0.000,0.000,8|11,weighted_average,kalman(weighted_average),false
1788768518.832,94.365,1.306,-0.507,1.853,1.797,1.306,-0.507,1.853,1.797,0.000,0.000,0.000,0.000,8|11,weighted_average,kalman(weighted_average),false
1788768518.882,94.415,1.306,-0.507,1.853,1.797,1.306,-0.507,1.853,1.797,0.000,0.000,0.000,0.000,8|11,weighted_average,kalman(weighted_average),false
1788768518.932,94.465,1.306,-0.507,1.853,1.797,1.306,-0.507,1.853,1.797,0.000,0.000,0.000,0.000,8|11,weighted_average,kalman(weighted_average),false
1788768518.989,94.522,1.306,-0.507,1.853,1.797,1.306,-0.507,1.853,1.797,0.000,0.000,0.000,0.000,8|11,weighted_average,kalman(weighted_average),false
1788768519.065,94.598,1.306,-0.507,1.853,1.797,1.306,-0.507,1.853,1.797,0.000,0.000,0.000,0.000,8|11,weighted_average,kalman(weighted_average),false
1788768519.123,94.656,1.306,-0.507,1.853,1.797,1.306,-0.507,1.853,1.797,0.000,0.000,0.000,0.000,8|11,weighted_average,kalman(weighted_average),false
1788768519.171,94.704,1.306,-0.507,1.853,1.797,1.306,-0.507,1.853,1.797,0.000,0.000,0.000,0.000,8|11,weighted_average,kalman(weighted_average),false
1788768519.219,94.752,1.306,-0.507,1.853,1.797,1.306,-0.507,1.853,1.797,0.000,0.000,0.000,0.000,8|11,weighted_average,kalman(weighted_average),false
1788768519.268,94.801,1.306,-0.507,1.853,1.797,1.306,-0.507,1.853,1.797,0.000,0.000,0.000,0.000,8|11,weighted_average,kalman(weighted_average),false
1788768519.343,94.875,1.306,-0.507,1.853,1.797,1.306,-0.507,1.853,1.797,0.000,0.000,0.000,0.000,8|11,weighted_average,kalman(weighted_average),false
1788768519.396,94.929,1.306,-0.507,1.853,1.797,1.306,-0.507,1.853,1.797,0.000,0.000,0.000,0.000,8|11,weighted_average,kalman(weighted_average),false
1788768519.444,94.977,1.306,-0.507,1.853,1.797,1.306,-0.507,1.853,1.797,0.000,0.000,0.000,0.000,8|11,weighted_average,kalman(weighted_average),false
1788768519.494,95.027,1.306,-0.507,1.853,1.797,1.306,-0.507,1.853,1.797,0.000,0.000,0.000,0.000,8|11,weighted_average,kalman(weighted_average),false
1788768519.546,95.079,1.306,-0.507,1.853,1.797,1.306,-0.507,1.853,1.797,0.000,0.000,0.000,0.000,8|11,weighted_average,kalman(weighted_average),false
1788768519.620,95.153,1.306,-0.507,1.853,1.797,1.306,-0.507,1.853,1.797,0.000,0.000,0.000,0.000,8|11,weighted_average,kalman(weighted_average),false
1788768519.676,95.208,1.306,-0.507,1.853,1.797,1.306,-0.507,1.853,1.797,0.000,0.000,0.000,0.000,8|11,weighted_average,kalman(weighted_average),false
1788768519.724,95.257,1.306,-0.507,1.853,1.797,1.306,-0.507,1.853,1.797,0.000,0.000,0.000,0.000,8|11,weighted_average,kalman(weighted_average),false
1788768519.773,95.306,1.306,-0.507,1.853,1.797,1.306,-0.507,1.853,1.797,0.000,0.000,0.000,0.000,8|11,weighted_average,kalman(weighted_average),false
1788768519.824,95.357,1.306,-0.507,1.853,1.797,1.306,-0.507,1.853,1.797,0.000,0.000,0.000,0.000,8|11,weighted_average,kalman(weighted_average),false
1788768519.900,95.433,1.306,-0.507,1.853,1.797,1.306,-0.507,1.853,1.797,0.000,0.000,0.000,0.000,8|11,weighted_average,kalman(weighted_average),false
1788768519.953,95.485,1.306,-0.507,1.853,1.797,1.306,-0.507,1.853,1.797,0.000,0.000,0.000,0.000,8|11,weighted_average,kalman(weighted_average),false
1788768520.000,95.533,1.306,-0.507,1.853,1.797,1.306,-0.507,1.853,1.797,0.000,0.000,0.000,0.000,8|11,weighted_average,kalman(weighted_average),false
1788768520.053,95.586,1.306,-0.507,1.853,1.797,1.306,-0.507,1.853,1.797,0.000,0.000,0.000,0.000,8|11,weighted_average,kalman(weighted_average),false
1788768520.101,95.633,1.306,-0.507,1.853,1.797,1.306,-0.507,1.853,1.797,0.000,0.000,0.000,0.000,8|11,weighted_average,kalman(weighted_average),false
1788768520.176,95.709,1.306,-0.507,1.853,1.797,1.306,-0.507,1.853,1.797,0.000,0.000,0.000,0.000,8|11,weighted_average,kalman(weighted_average),false
1788768520.226,95.759,1.306,-0.507,1.853,1.797,1.306,-0.507,1.853,1.797,0.000,0.000,0.000,0.000,8|11,weighted_average,kalman(weighted_average),false
1788768520.277,95.809,1.306,-0.507,1.853,1.797,1.306,-0.507,1.853,1.797,0.000,0.000,0.000,0.000,8|11,weighted_average,kalman(weighted_average),false
1788768520.333,95.865,1.306,-0.507,1.853,1.797,1.306,-0.507,1.853,1.797,0.000,0.000,0.000,0.000,8|11,weighted_average,kalman(weighted_average),false
1788768520.378,95.911,1.306,-0.507,1.853,1.797,1.306,-0.507,1.853,1.797,0.000,0.000,0.000,0.000,8|11,weighted_average,kalman(weighted_average),false
1788768520.452,95.985,1.306,-0.507,1.853,1.797,1.306,-0.507,1.853,1.797,0.000,0.000,0.000,0.000,8|11,weighted_average,kalman(weighted_average),false
1788768520.502,96.035,1.306,-0.507,1.853,1.797,1.306,-0.507,1.853,1.797,0.000,0.000,0.000,0.000,8|11,weighted_average,kalman(weighted_average),false
1788768520.554,96.086,1.306,-0.507,1.853,1.797,1.306,-0.507,1.853,1.797,0.000,0.000,0.000,0.000,8|11,weighted_average,kalman(weighted_average),false
1788768520.608,96.141,1.306,-0.507,1.853,1.797,1.306,-0.507,1.853,1.797,0.000,0.000,0.000,0.000,8|11,weighted_average,kalman(weighted_average),false
1788768520.655,96.188,1.306,-0.507,1.853,1.797,1.306,-0.507,1.853,1.797,0.000,0.000,0.000,0.000,8|11,weighted_average,kalman(weighted_average),false
1788768520.732,96.265,1.306,-0.507,1.853,1.797,1.306,-0.507,1.853,1.797,0.000,0.000,0.000,0.000,8|11,weighted_average,kalman(weighted_average),false
1788768520.786,96.319,1.306,-0.507,1.853,1.797,1.306,-0.507,1.853,1.797,0.000,0.000,0.000,0.000,8|11,weighted_average,kalman(weighted_average),false
1788768520.832,96.365,1.306,-0.507,1.853,1.797,1.306,-0.507,1.853,1.797,0.000,0.000,0.000,0.000,8|11,weighted_average,kalman(weighted_average),false
1788768520.884,96.417,1.306,-0.507,1.853,1.797,1.306,-0.507,1.853,1.797,0.000,0.000,0.000,0.000,8|11,weighted_average,kalman(weighted_average),false
1788768520.935,96.468,1.306,-0.507,1.853,1.797,1.306,-0.507,1.853,1.797,0.000,0.000,0.000,0.000,8|11,weighted_average,kalman(weighted_average),false
1788768521.009,96.542,1.306,-0.507,1.853,1.797,1.306,-0.507,1.853,1.797,0.000,0.000,0.000,0.000,8|11,weighted_average,kalman(weighted_average),false
1788768521.063,96.596,1.306,-0.507,1.853,1.797,1.306,-0.507,1.853,1.797,0.000,0.000,0.000,0.000,8|11,weighted_average,kalman(weighted_average),false
1788768521.112,96.645,1.306,-0.507,1.853,1.797,1.306,-0.507,1.853,1.797,0.000,0.000,0.000,0.000,8|11,weighted_average,kalman(weighted_average),false
1788768521.162,96.694,1.306,-0.507,1.853,1.797,1.306,-0.507,1.853,1.797,0.000,0.000,0.000,0.000,8|11,weighted_average,kalman(weighted_average),false
1788768521.217,96.750,1.306,-0.507,1.853,1.797,1.306,-0.507,1.853,1.797,0.000,0.000,0.000,0.000,8|11,weighted_average,kalman(weighted_average),false
1788768521.292,96.825,1.306,-0.507,1.853,1.797,1.306,-0.507,1.853,1.797,0.000,0.000,0.000,0.000,8|11,weighted_average,kalman(weighted_average),false
1788768521.343,96.876,1.306,-0.507,1.853,1.797,1.306,-0.507,1.853,1.797,0.000,0.000,0.000,0.000,8|11,weighted_average,kalman(weighted_average),false
1788768521.394,96.927,1.306,-0.507,1.853,1.797,1.306,-0.507,1.853,1.797,0.000,0.000,0.000,0.000,8|11,weighted_average,kalman(weighted_average),false
1788768521.448,96.981,1.306,-0.507,1.853,1.797,1.306,-0.507,1.853,1.797,0.000,0.000,0.000,0.000,8|11,weighted_average,kalman(weighted_average),false
1788768521.498,97.031,1.306,-0.507,1.853,1.797,1.306,-0.507,1.853,1.797,0.000,0.000,0.000,0.000,8|11,weighted_average,kalman(weighted_average),false
1788768521.573,97.106,1.306,-0.507,1.853,1.797,1.306,-0.507,1.853,1.797,0.000,0.000,0.000,0.000,8|11,weighted_average,kalman(weighted_average),false
1788768521.622,97.155,1.306,-0.507,1.853,1.797,1.306,-0.507,1.853,1.797,0.000,0.000,0.000,0.000,8|11,weighted_average,kalman(weighted_average),false
1788768521.673,97.206,1.306,-0.507,1.853,1.797,1.306,-0.507,1.853,1.797,0.000,0.000,0.000,0.000,8|11,weighted_average,kalman(weighted_average),false
1788768521.737,97.270,1.306,-0.507,1.853,1.797,1.306,-0.507,1.853,1.797,0.000,0.000,0.000,0.000,8|11,weighted_average,kalman(weighted_average),false
1788768521.786,97.319,1.306,-0.507,1.853,1.797,1.306,-0.507,1.853,1.797,0.000,0.000,0.000,0.000,8|11,weighted_average,kalman(weighted_average),false
1788768521.865,97.398,1.306,-0.507,1.853,1.797,1.306,-0.507,1.853,1.797,0.000,0.000,0.000,0.000,8|11,weighted_average,kalman(weighted_average),false
1788768521.930,97.463,1.306,-0.507,1.853,1.797,1.306,-0.507,1.853,1.797,0.000,0.000,0.000,0.000,8|11,weighted_average,kalman(weighted_average),false
1788768521.970,97.503,1.306,-0.507,1.853,1.797,1.306,-0.507,1.853,1.797,0.000,0.000,0.000,0.000,8|11,weighted_average,kalman(weighted_average),false
1788768522.015,97.548,1.306,-0.507,1.853,1.797,1.306,-0.507,1.853,1.797,0.000,0.000,0.000,0.000,8|11,weighted_average,kalman(weighted_average),false
1788768522.066,97.599,1.306,-0.507,1.853,1.797,1.306,-0.507,1.853,1.797,0.000,0.000,0.000,0.000,8|11,weighted_average,kalman(weighted_average),false
1788768522.144,97.677,1.306,-0.507,1.853,1.797,1.306,-0.507,1.853,1.797,0.000,0.000,0.000,0.000,8|11,weighted_average,kalman(weighted_average),false
1788768522.194,97.727,1.306,-0.507,1.853,1.797,1.306,-0.507,1.853,1.797,0.000,0.000,0.000,0.000,8|11,weighted_average,kalman(weighted_average),false
1788768522.246,97.779,1.306,-0.507,1.853,1.797,1.306,-0.507,1.853,1.797,0.000,0.000,0.000,0.000,8|11,weighted_average,kalman(weighted_average),false
1788768522.295,97.828,1.306,-0.507,1.853,1.797,1.306,-0.507,1.853,1.797,0.000,0.000,0.000,0.000,8|11,weighted_average,kalman(weighted_average),false
1788768522.346,97.879,1.306,-0.507,1.853,1.797,1.306,-0.507,1.853,1.797,0.000,0.000,0.000,0.000,8|11,weighted_average,kalman(weighted_average),false
1788768522.422,97.954,1.306,-0.507,1.853,1.797,1.306,-0.507,1.853,1.797,0.000,0.000,0.000,0.000,8|11,weighted_average,kalman(weighted_average),false
1788768522.474,98.007,1.306,-0.507,1.853,1.797,1.306,-0.507,1.853,1.797,0.000,0.000,0.000,0.000,8|11,weighted_average,kalman(weighted_average),false
1788768522.525,98.057,1.306,-0.507,1.853,1.797,1.306,-0.507,1.853,1.797,0.000,0.000,0.000,0.000,8|11,weighted_average,kalman(weighted_average),false
1788768522.577,98.110,1.306,-0.507,1.853,1.797,1.306,-0.507,1.853,1.797,0.000,0.000,0.000,0.000,8|11,weighted_average,kalman(weighted_average),false
1788768522.626,98.158,1.306,-0.507,1.853,1.797,1.306,-0.507,1.853,1.797,0.000,0.000,0.000,0.000,8|11,weighted_average,kalman(weighted_average),false
1788768522.700,98.233,1.306,-0.507,1.853,1.797,1.306,-0.507,1.853,1.797,0.000,0.000,0.000,0.000,8|11,weighted_average,kalman(weighted_average),false
1788768522.764,98.296,1.306,-0.507,1.853,1.797,1.306,-0.507,1.853,1.797,0.000,0.000,0.000,0.000,8|11,weighted_average,kalman(weighted_average),false
1788768522.809,98.341,1.306,-0.507,1.853,1.797,1.306,-0.507,1.853,1.797,0.000,0.000,0.000,0.000,8|11,weighted_average,kalman(weighted_average),false
1788768522.874,98.407,1.306,-0.507,1.853,1.797,1.306,-0.507,1.853,1.797,0.000,0.000,0.000,0.000,8|11,weighted_average,kalman(weighted_average),false
1788768522.952,98.485,1.306,-0.507,1.853,1.797,1.306,-0.507,1.853,1.797,0.000,0.000,0.000,0.000,8|11,weighted_average,kalman(weighted_average),false
1788768523.020,98.553,1.306,-0.507,1.853,1.797,1.306,-0.507,1.853,1.797,0.000,0.000,0.000,0.000,8|11,weighted_average,kalman(weighted_average),false
1788768523.058,98.590,1.306,-0.507,1.853,1.797,1.306,-0.507,1.853,1.797,0.000,0.000,0.000,0.000,8|11,weighted_average,kalman(weighted_average),false
1788768523.111,98.644,1.306,-0.507,1.853,1.797,1.306,-0.507,1.853,1.797,0.000,0.000,0.000,0.000,8|11,weighted_average,kalman(weighted_average),false
1788768523.162,98.695,1.306,-0.507,1.853,1.797,1.306,-0.507,1.853,1.797,0.000,0.000,0.000,0.000,8|11,weighted_average,kalman(weighted_average),false
1788768523.236,98.769,1.306,-0.507,1.853,1.797,1.306,-0.507,1.853,1.797,0.000,0.000,0.000,0.000,8|11,weighted_average,kalman(weighted_average),false
1788768523.291,98.824,1.306,-0.507,1.853,1.797,1.306,-0.507,1.853,1.797,0.000,0.000,0.000,0.000,8|11,weighted_average,kalman(weighted_average),false
1788768523.342,98.875,1.306,-0.507,1.853,1.797,1.306,-0.507,1.853,1.797,0.000,0.000,0.000,0.000,8|11,weighted_average,kalman(weighted_average),false
1788768523.389,98.922,1.306,-0.507,1.853,1.797,1.306,-0.507,1.853,1.797,0.000,0.000,0.000,0.000,8|11,weighted_average,kalman(weighted_average),false
1788768523.440,98.973,1.306,-0.507,1.853,1.797,1.306,-0.507,1.853,1.797,0.000,0.000,0.000,0.000,8|11,weighted_average,kalman(weighted_average),false
1788768523.516,99.049,1.306,-0.507,1.853,1.797,1.306,-0.507,1.853,1.797,0.000,0.000,0.000,0.000,8|11,weighted_average,kalman(weighted_average),false
1788768523.567,99.100,1.306,-0.507,1.853,1.797,1.306,-0.507,1.853,1.797,0.000,0.000,0.000,0.000,8|11,weighted_average,kalman(weighted_average),false
1788768523.619,99.151,1.306,-0.507,1.853,1.797,1.306,-0.507,1.853,1.797,0.000,0.000,0.000,0.000,8|11,weighted_average,kalman(weighted_average),false
1788768523.669,99.201,1.306,-0.507,1.853,1.797,1.306,-0.507,1.853,1.797,0.000,0.000,0.000,0.000,8|11,weighted_average,kalman(weighted_average),false
1788768523.725,99.258,1.306,-0.507,1.853,1.797,1.306,-0.507,1.853,1.797,0.000,0.000,0.000,0.000,8|11,weighted_average,kalman(weighted_average),false
1788768523.800,99.333,1.306,-0.507,1.853,1.797,1.306,-0.507,1.853,1.797,0.000,0.000,0.000,0.000,8|11,weighted_average,kalman(weighted_average),false
1788768523.853,99.386,1.306,-0.507,1.853,1.797,1.306,-0.507,1.853,1.797,0.000,0.000,0.000,0.000,8|11,weighted_average,kalman(weighted_average),false
1788768523.911,99.444,1.306,-0.507,1.853,1.797,1.306,-0.507,1.853,1.797,0.000,0.000,0.000,0.000,8|11,weighted_average,kalman(weighted_average),false
1788768523.960,99.492,1.306,-0.507,1.853,1.797,1.306,-0.507,1.853,1.797,0.000,0.000,0.000,0.000,8|11,weighted_average,kalman(weighted_average),false
1788768524.006,99.539,1.306,-0.507,1.853,1.797,1.306,-0.507,1.853,1.797,0.000,0.000,0.000,0.000,8|11,weighted_average,kalman(weighted_average),false
1788768524.080,99.613,1.306,-0.507,1.853,1.797,1.306,-0.507,1.853,1.797,0.000,0.000,0.000,0.000,8|11,weighted_average,kalman(weighted_average),false
1788768524.217,99.750,1.306,-0.507,1.853,1.797,1.306,-0.507,1.853,1.797,0.000,0.000,0.000,0.000,8|11,weighted_average,kalman(weighted_average),false
1788768524.363,99.896,1.306,-0.507,1.853,1.797,1.306,-0.507,1.853,1.797,0.000,0.000,0.000,0.000,8|11,weighted_average,kalman(weighted_average),false
1788768524.446,99.978,1.306,-0.507,1.853,1.797,1.306,-0.507,1.853,1.797,0.000,0.000,0.000,0.000,8|11,weighted_average,kalman(weighted_average),false
1788768524.499,100.032,1.306,-0.507,1.853,1.797,1.306,-0.507,1.853,1.797,0.000,0.000,0.000,0.000,8|11,weighted_average,kalman(weighted_average),false
1788768524.549,100.082,1.306,-0.507,1.853,1.797,1.306,-0.507,1.853,1.797,0.000,0.000,0.000,0.000,8|11,weighted_average,kalman(weighted_average),false
1788768524.600,100.133,1.306,-0.507,1.853,1.797,1.306,-0.507,1.853,1.797,0.000,0.000,0.000,0.000,8|11,weighted_average,kalman(weighted_average),false
1788768524.648,100.181,1.306,-0.507,1.853,1.797,1.306,-0.507,1.853,1.797,0.000,0.000,0.000,0.000,8|11,weighted_average,kalman(weighted_average),false
1788768524.724,100.257,1.306,-0.507,1.853,1.797,1.306,-0.507,1.853,1.797,0.000,0.000,0.000,0.000,8|11,weighted_average,kalman(weighted_average),false
1788768524.790,100.323,1.306,-0.507,1.853,1.797,1.306,-0.507,1.853,1.797,0.000,0.000,0.000,0.000,8|11,weighted_average,kalman(weighted_average),false
1788768524.832,100.365,1.306,-0.507,1.853,1.797,1.306,-0.507,1.853,1.797,0.000,0.000,0.000,0.000,8|11,weighted_average,kalman(weighted_average),false
1788768524.876,100.409,1.306,-0.507,1.853,1.797,1.306,-0.507,1.853,1.797,0.000,0.000,0.000,0.000,8|11,weighted_average,kalman(weighted_average),false
1788768524.941,100.474,1.306,-0.507,1.853,1.797,1.306,-0.507,1.853,1.797,0.000,0.000,0.000,0.000,8|11,weighted_average,kalman(weighted_average),false
1788768525.032,100.565,1.306,-0.507,1.853,1.797,1.306,-0.507,1.853,1.797,0.000,0.000,0.000,0.000,8|11,weighted_average,kalman(weighted_average),false
1788768525.088,100.621,1.306,-0.507,1.853,1.797,1.306,-0.507,1.853,1.797,0.000,0.000,0.000,0.000,8|11,weighted_average,kalman(weighted_average),false
1788768525.133,100.666,1.306,-0.507,1.853,1.797,1.306,-0.507,1.853,1.797,0.000,0.000,0.000,0.000,8|11,weighted_average,kalman(weighted_average),false
1788768525.192,100.724,1.306,-0.507,1.853,1.797,1.306,-0.507,1.853,1.797,0.000,0.000,0.000,0.000,8|11,weighted_average,kalman(weighted_average),false
1788768525.239,100.772,1.306,-0.507,1.853,1.797,1.306,-0.507,1.853,1.797,0.000,0.000,0.000,0.000,8|11,weighted_average,kalman(weighted_average),false
1788768525.321,100.854,1.306,-0.507,1.853,1.797,1.306,-0.507,1.853,1.797,0.000,0.000,0.000,0.000,8|11,weighted_average,kalman(weighted_average),false
1788768525.369,100.902,1.306,-0.507,1.853,1.797,1.306,-0.507,1.853,1.797,0.000,0.000,0.000,0.000,8|11,weighted_average,kalman(weighted_average),false
1788768525.419,100.952,1.306,-0.507,1.853,1.797,1.306,-0.507,1.853,1.797,0.000,0.000,0.000,0.000,8|11,weighted_average,kalman(weighted_average),false
1788768525.474,101.007,1.306,-0.507,1.853,1.797,1.306,-0.507,1.853,1.797,0.000,0.000,0.000,0.000,8|11,weighted_average,kalman(weighted_average),false
1788768525.521,101.053,1.306,-0.507,1.853,1.797,1.306,-0.507,1.853,1.797,0.000,0.000,0.000,0.000,8|11,weighted_average,kalman(weighted_average),false
1788768525.601,101.134,1.306,-0.507,1.853,1.797,1.306,-0.507,1.853,1.797,0.000,0.000,0.000,0.000,8|11,weighted_average,kalman(weighted_average),false
1788768525.652,101.185,1.306,-0.507,1.853,1.797,1.306,-0.507,1.853,1.797,0.000,0.000,0.000,0.000,8|11,weighted_average,kalman(weighted_average),false
1788768525.715,101.248,1.306,-0.507,1.853,1.797,1.306,-0.507,1.853,1.797,0.000,0.000,0.000,0.000,8|11,weighted_average,kalman(weighted_average),false
1788768525.756,101.288,1.306,-0.507,1.853,1.797,1.306,-0.507,1.853,1.797,0.000,0.000,0.000,0.000,8|11,weighted_average,kalman(weighted_average),false
1788768525.806,101.339,1.306,-0.507,1.853,1.797,1.306,-0.507,1.853,1.797,0.000,0.000,0.000,0.000,8|11,weighted_average,kalman(weighted_average),false
1788768525.885,101.418,1.306,-0.507,1.853,1.797,1.306,-0.507,1.853,1.797,0.000,0.000,0.000,0.000,8|11,weighted_average,kalman(weighted_average),false
1788768525.941,101.474,1.306,-0.507,1.853,1.797,1.306,-0.507,1.853,1.797,0.000,0.000,0.000,0.000,8|11,weighted_average,kalman(weighted_average),false
1788768525.992,101.525,1.306,-0.507,1.853,1.797,1.306,-0.507,1.853,1.797,0.000,0.000,0.000,0.000,8|11,weighted_average,kalman(weighted_average),false
1788768526.038,101.570,1.306,-0.507,1.853,1.797,1.306,-0.507,1.853,1.797,0.000,0.000,0.000,0.000,8|11,weighted_average,kalman(weighted_average),false
1788768526.088,101.621,1.306,-0.507,1.853,1.797,1.306,-0.507,1.853,1.797,0.000,0.000,0.000,0.000,8|11,weighted_average,kalman(weighted_average),false
1788768526.163,101.696,1.306,-0.507,1.853,1.797,1.306,-0.507,1.853,1.797,0.000,0.000,0.000,0.000,8|11,weighted_average,kalman(weighted_average),false
1788768526.222,101.755,1.306,-0.507,1.853,1.797,1.306,-0.507,1.853,1.797,0.000,0.000,0.000,0.000,8|11,weighted_average,kalman(weighted_average),false
1788768526.266,101.799,1.306,-0.507,1.853,1.797,1.306,-0.507,1.853,1.797,0.000,0.000,0.000,0.000,8|11,weighted_average,kalman(weighted_average),false
1788768526.330,101.863,1.306,-0.507,1.853,1.797,1.306,-0.507,1.853,1.797,0.000,0.000,0.000,0.000,8|11,weighted_average,kalman(weighted_average),false
1788768526.384,101.917,1.306,-0.507,1.853,1.797,1.306,-0.507,1.853,1.797,0.000,0.000,0.000,0.000,8|11,weighted_average,kalman(weighted_average),false
1788768526.458,101.991,1.306,-0.507,1.853,1.797,1.306,-0.507,1.853,1.797,0.000,0.000,0.000,0.000,8|11,weighted_average,kalman(weighted_average),false
1788768526.522,102.054,1.306,-0.507,1.853,1.797,1.306,-0.507,1.853,1.797,0.000,0.000,0.000,0.000,8|11,weighted_average,kalman(weighted_average),false
1788768526.573,102.106,1.306,-0.507,1.853,1.797,1.306,-0.507,1.853,1.797,0.000,0.000,0.000,0.000,8|11,weighted_average,kalman(weighted_average),false
1788768526.614,102.147,1.306,-0.507,1.853,1.797,1.306,-0.507,1.853,1.797,0.000,0.000,0.000,0.000,8|11,weighted_average,kalman(weighted_average),false
1788768526.672,102.204,1.306,-0.507,1.853,1.797,1.306,-0.507,1.853,1.797,0.000,0.000,0.000,0.000,8|11,weighted_average,kalman(weighted_average),false
1788768526.751,102.284,1.306,-0.507,1.853,1.797,1.306,-0.507,1.853,1.797,0.000,0.000,0.000,0.000,8|11,weighted_average,kalman(weighted_average),false
1788768526.801,102.334,1.306,-0.507,1.853,1.797,1.306,-0.507,1.853,1.797,0.000,0.000,0.000,0.000,8|11,weighted_average,kalman(weighted_average),false
1788768526.860,102.393,1.306,-0.507,1.853,1.797,1.306,-0.507,1.853,1.797,0.000,0.000,0.000,0.000,8|11,weighted_average,kalman(weighted_average),false
1788768526.913,102.446,1.306,-0.507,1.853,1.797,1.306,-0.507,1.853,1.797,0.000,0.000,0.000,0.000,8|11,weighted_average,kalman(weighted_average),false
1788768526.960,102.493,1.306,-0.507,1.853,1.797,1.306,-0.507,1.853,1.797,0.000,0.000,0.000,0.000,8|11,weighted_average,kalman(weighted_average),false
1788768527.038,102.571,1.306,-0.507,1.853,1.797,1.306,-0.507,1.853,1.797,0.000,0.000,0.000,0.000,8|11,weighted_average,kalman(weighted_average),false
1788768527.100,102.633,1.306,-0.507,1.853,1.797,1.306,-0.507,1.853,1.797,0.000,0.000,0.000,0.000,8|11,weighted_average,kalman(weighted_average),false
1788768527.141,102.674,1.306,-0.507,1.853,1.797,1.306,-0.507,1.853,1.797,0.000,0.000,0.000,0.000,8|11,weighted_average,kalman(weighted_average),false
1788768527.191,102.724,1.306,-0.507,1.853,1.797,1.306,-0.507,1.853,1.797,0.000,0.000,0.000,0.000,8|11,weighted_average,kalman(weighted_average),false
1788768527.250,102.783,1.306,-0.507,1.853,1.797,1.306,-0.507,1.853,1.797,0.000,0.000,0.000,0.000,8|11,weighted_average,kalman(weighted_average),false
1788768527.330,102.862,1.306,-0.507,1.853,1.797,1.306,-0.507,1.853,1.797,0.000,0.000,0.000,0.000,8|11,weighted_average,kalman(weighted_average),false
1788768527.390,102.923,1.306,-0.507,1.853,1.797,1.306,-0.507,1.853,1.797,0.000,0.000,0.000,0.000,8|11,weighted_average,kalman(weighted_average),false
1788768527.440,102.973,1.306,-0.507,1.853,1.797,1.306,-0.507,1.853,1.797,0.000,0.000,0.000,0.000,8|11,weighted_average,kalman(weighted_average),false
1788768527.495,103.028,1.306,-0.507,1.853,1.797,1.306,-0.507,1.853,1.797,0.000,0.000,0.000,0.000,8|11,weighted_average,kalman(weighted_average),false
1788768527.538,103.070,1.306,-0.507,1.853,1.797,1.306,-0.507,1.853,1.797,0.000,0.000,0.000,0.000,8|11,weighted_average,kalman(weighted_average),false
1788768527.615,103.148,1.306,-0.507,1.853,1.797,1.306,-0.507,1.853,1.797,0.000,0.000,0.000,0.000,8|11,weighted_average,kalman(weighted_average),false
1788768527.675,103.208,1.306,-0.507,1.853,1.797,1.306,-0.507,1.853,1.797,0.000,0.000,0.000,0.000,8|11,weighted_average,kalman(weighted_average),false
1788768527.721,103.254,1.306,-0.507,1.853,1.797,1.306,-0.507,1.853,1.797,0.000,0.000,0.000,0.000,8|11,weighted_average,kalman(weighted_average),false
1788768527.769,103.302,1.306,-0.507,1.853,1.797,1.306,-0.507,1.853,1.797,0.000,0.000,0.000,0.000,8|11,weighted_average,kalman(weighted_average),false
1788768527.835,103.368,1.306,-0.507,1.853,1.797,1.306,-0.507,1.853,1.797,0.000,0.000,0.000,0.000,8|11,weighted_average,kalman(weighted_average),false
1788768527.925,103.457,1.306,-0.507,1.853,1.797,1.306,-0.507,1.853,1.797,0.000,0.000,0.000,0.000,8|11,weighted_average,kalman(weighted_average),false
1788768527.984,103.516,1.306,-0.507,1.853,1.797,1.306,-0.507,1.853,1.797,0.000,0.000,0.000,0.000,8|11,weighted_average,kalman(weighted_average),false
1788768528.027,103.560,1.306,-0.507,1.853,1.797,1.306,-0.507,1.853,1.797,0.000,0.000,0.000,0.000,8|11,weighted_average,kalman(weighted_average),false
1788768528.080,103.613,1.306,-0.507,1.853,1.797,1.306,-0.507,1.853,1.797,0.000,0.000,0.000,0.000,8|11,weighted_average,kalman(weighted_average),false
1788768528.125,103.658,1.306,-0.507,1.853,1.797,1.306,-0.507,1.853,1.797,0.000,0.000,0.000,0.000,8|11,weighted_average,kalman(weighted_average),false
1788768528.207,103.739,1.306,-0.507,1.853,1.797,1.306,-0.507,1.853,1.797,0.000,0.000,0.000,0.000,8|11,weighted_average,kalman(weighted_average),false
1788768528.257,103.790,1.306,-0.507,1.853,1.797,1.306,-0.507,1.853,1.797,0.000,0.000,0.000,0.000,8|11,weighted_average,kalman(weighted_average),false
1788768528.309,103.842,1.306,-0.507,1.853,1.797,1.306,-0.507,1.853,1.797,0.000,0.000,0.000,0.000,8|11,weighted_average,kalman(weighted_average),false
1788768528.361,103.893,1.306,-0.507,1.853,1.797,1.306,-0.507,1.853,1.797,0.000,0.000,0.000,0.000,8|11,weighted_average,kalman(weighted_average),false
1788768528.414,103.946,1.306,-0.507,1.853,1.797,1.306,-0.507,1.853,1.797,0.000,0.000,0.000,0.000,8|11,weighted_average,kalman(weighted_average),false
1788768528.490,104.023,1.306,-0.507,1.853,1.797,1.306,-0.507,1.853,1.797,0.000,0.000,0.000,0.000,8|11,weighted_average,kalman(weighted_average),false
1788768528.555,104.088,1.306,-0.507,1.853,1.797,1.306,-0.507,1.853,1.797,0.000,0.000,0.000,0.000,8|11,weighted_average,kalman(weighted_average),false
1788768528.595,104.128,1.306,-0.507,1.853,1.797,1.306,-0.507,1.853,1.797,0.000,0.000,0.000,0.000,8|11,weighted_average,kalman(weighted_average),false
1788768528.645,104.178,1.306,-0.507,1.853,1.797,1.306,-0.507,1.853,1.797,0.000,0.000,0.000,0.000,8|11,weighted_average,kalman(weighted_average),false
1788768528.697,104.230,1.306,-0.507,1.853,1.797,1.306,-0.507,1.853,1.797,0.000,0.000,0.000,0.000,8|11,weighted_average,kalman(weighted_average),false
1788768528.774,104.307,1.306,-0.507,1.853,1.797,1.306,-0.507,1.853,1.797,0.000,0.000,0.000,0.000,8|11,weighted_average,kalman(weighted_average),false
1788768528.830,104.363,1.306,-0.507,1.853,1.797,1.306,-0.507,1.853,1.797,0.000,0.000,0.000,0.000,8|11,weighted_average,kalman(weighted_average),false
1788768528.888,104.421,1.306,-0.507,1.853,1.797,1.306,-0.507,1.853,1.797,0.000,0.000,0.000,0.000,8|11,weighted_average,kalman(weighted_average),false
1788768528.929,104.461,1.306,-0.507,1.853,1.797,1.306,-0.507,1.853,1.797,0.000,0.000,0.000,0.000,8|11,weighted_average,kalman(weighted_average),false
1788768528.983,104.515,1.306,-0.507,1.853,1.797,1.306,-0.507,1.853,1.797,0.000,0.000,0.000,0.000,8|11,weighted_average,kalman(weighted_average),false
1788768529.058,104.591,1.306,-0.507,1.853,1.797,1.306,-0.507,1.853,1.797,0.000,0.000,0.000,0.000,8|11,weighted_average,kalman(weighted_average),false
1788768529.118,104.651,1.306,-0.507,1.853,1.797,1.306,-0.507,1.853,1.797,0.000,0.000,0.000,0.000,8|11,weighted_average,kalman(weighted_average),false
1788768529.162,104.694,1.306,-0.507,1.853,1.797,1.306,-0.507,1.853,1.797,0.000,0.000,0.000,0.000,8|11,weighted_average,kalman(weighted_average),false
1788768529.214,104.747,1.306,-0.507,1.853,1.797,1.306,-0.507,1.853,1.797,0.000,0.000,0.000,0.000,8|11,weighted_average,kalman(weighted_average),false
1788768529.263,104.796,1.306,-0.507,1.853,1.797,1.306,-0.507,1.853,1.797,0.000,0.000,0.000,0.000,8|11,weighted_average,kalman(weighted_average),false
1788768529.338,104.870,1.306,-0.507,1.853,1.797,1.306,-0.507,1.853,1.797,0.000,0.000,0.000,0.000,8|11,weighted_average,kalman(weighted_average),false
1788768529.392,104.925,1.306,-0.507,1.853,1.797,1.306,-0.507,1.853,1.797,0.000,0.000,0.000,0.000,8|11,weighted_average,kalman(weighted_average),false
1788768529.443,104.976,1.306,-0.507,1.853,1.797,1.306,-0.507,1.853,1.797,0.000,0.000,0.000,0.000,8|11,weighted_average,kalman(weighted_average),false
1788768529.492,105.025,1.306,-0.507,1.853,1.797,1.306,-0.507,1.853,1.797,0.000,0.000,0.000,0.000,8|11,weighted_average,kalman(weighted_average),false
1788768529.546,105.079,1.306,-0.507,1.853,1.797,1.306,-0.507,1.853,1.797,0.000,0.000,0.000,0.000,8|11,weighted_average,kalman(weighted_average),false
1788768529.621,105.154,1.306,-0.507,1.853,1.797,1.306,-0.507,1.853,1.797,0.000,0.000,0.000,0.000,8|11,weighted_average,kalman(weighted_average),false
1788768529.672,105.205,1.306,-0.507,1.853,1.797,1.306,-0.507,1.853,1.797,0.000,0.000,0.000,0.000,8|11,weighted_average,kalman(weighted_average),false
1788768529.729,105.261,1.306,-0.507,1.853,1.797,1.306,-0.507,1.853,1.797,0.000,0.000,0.000,0.000,8|11,weighted_average,kalman(weighted_average),false
1788768529.783,105.316,1.306,-0.507,1.853,1.797,1.306,-0.507,1.853,1.797,0.000,0.000,0.000,0.000,8|11,weighted_average,kalman(weighted_average),false
1788768529.823,105.356,1.306,-0.507,1.853,1.797,1.306,-0.507,1.853,1.797,0.000,0.000,0.000,0.000,8|11,weighted_average,kalman(weighted_average),false
1788768529.904,105.437,1.306,-0.507,1.853,1.797,1.306,-0.507,1.853,1.797,0.000,0.000,0.000,0.000,8|11,weighted_average,kalman(weighted_average),false
1788768529.958,105.491,1.306,-0.507,1.853,1.797,1.306,-0.507,1.853,1.797,0.000,0.000,0.000,0.000,8|11,weighted_average,kalman(weighted_average),false
1788768530.010,105.543,1.306,-0.507,1.853,1.797,1.306,-0.507,1.853,1.797,0.000,0.000,0.000,0.000,8|11,weighted_average,kalman(weighted_average),false
1788768530.058,105.591,1.306,-0.507,1.853,1.797,1.306,-0.507,1.853,1.797,0.000,0.000,0.000,0.000,8|11,weighted_average,kalman(weighted_average),false
1788768530.110,105.643,1.306,-0.507,1.853,1.797,1.306,-0.507,1.853,1.797,0.000,0.000,0.000,0.000,8|11,weighted_average,kalman(weighted_average),false
1788768530.189,105.721,1.306,-0.507,1.853,1.797,1.306,-0.507,1.853,1.797,0.000,0.000,0.000,0.000,8|11,weighted_average,kalman(weighted_average),false
1788768530.246,105.779,1.306,-0.507,1.853,1.797,1.306,-0.507,1.853,1.797,0.000,0.000,0.000,0.000,8|11,weighted_average,kalman(weighted_average),false
1788768530.294,105.826,1.306,-0.507,1.853,1.797,1.306,-0.507,1.853,1.797,0.000,0.000,0.000,0.000,8|11,weighted_average,kalman(weighted_average),false
1788768530.351,105.883,1.306,-0.507,1.853,1.797,1.306,-0.507,1.853,1.797,0.000,0.000,0.000,0.000,8|11,weighted_average,kalman(weighted_average),false
1788768530.392,105.925,1.306,-0.507,1.853,1.797,1.306,-0.507,1.853,1.797,0.000,0.000,0.000,0.000,8|11,weighted_average,kalman(weighted_average),false
1788768530.475,106.008,1.306,-0.507,1.853,1.797,1.306,-0.507,1.853,1.797,0.000,0.000,0.000,0.000,8|11,weighted_average,kalman(weighted_average),false
1788768530.526,106.059,1.306,-0.507,1.853,1.797,1.306,-0.507,1.853,1.797,0.000,0.000,0.000,0.000,8|11,weighted_average,kalman(weighted_average),false
1788768530.574,106.106,1.306,-0.507,1.853,1.797,1.306,-0.507,1.853,1.797,0.000,0.000,0.000,0.000,8|11,weighted_average,kalman(weighted_average),false
1788768530.623,106.156,1.306,-0.507,1.853,1.797,1.306,-0.507,1.853,1.797,0.000,0.000,0.000,0.000,8|11,weighted_average,kalman(weighted_average),false
1788768530.677,106.210,1.306,-0.507,1.853,1.797,1.306,-0.507,1.853,1.797,0.000,0.000,0.000,0.000,8|11,weighted_average,kalman(weighted_average),false
1788768530.753,106.286,1.306,-0.507,1.853,1.797,1.306,-0.507,1.853,1.797,0.000,0.000,0.000,0.000,8|11,weighted_average,kalman(weighted_average),false
1788768530.805,106.338,1.306,-0.507,1.853,1.797,1.306,-0.507,1.853,1.797,0.000,0.000,0.000,0.000,8|11,weighted_average,kalman(weighted_average),false
1788768530.858,106.391,1.306,-0.507,1.853,1.797,1.306,-0.507,1.853,1.797,0.000,0.000,0.000,0.000,8|11,weighted_average,kalman(weighted_average),false
1788768530.907,106.440,1.306,-0.507,1.853,1.797,1.306,-0.507,1.853,1.797,0.000,0.000,0.000,0.000,8|11,weighted_average,kalman(weighted_average),false
1788768530.961,106.494,1.306,-0.507,1.853,1.797,1.306,-0.507,1.853,1.797,0.000,0.000,0.000,0.000,8|11,weighted_average,kalman(weighted_average),false
1788768531.037,106.569,1.306,-0.507,1.853,1.797,1.306,-0.507,1.853,1.797,0.000,0.000,0.000,0.000,8|11,weighted_average,kalman(weighted_average),false
1788768531.093,106.626,1.306,-0.507,1.853,1.797,1.306,-0.507,1.853,1.797,0.000,0.000,0.000,0.000,8|11,weighted_average,kalman(weighted_average),false
1788768531.148,106.681,1.306,-0.507,1.853,1.797,1.306,-0.507,1.853,1.797,0.000,0.000,0.000,0.000,8|11,weighted_average,kalman(weighted_average),false
1788768531.188,106.720,1.306,-0.507,1.853,1.797,1.306,-0.507,1.853,1.797,0.000,0.000,0.000,0.000,8|11,weighted_average,kalman(weighted_average),false
1788768531.242,106.774,1.306,-0.507,1.853,1.797,1.306,-0.507,1.853,1.797,0.000,0.000,0.000,0.000,8|11,weighted_average,kalman(weighted_average),false
1788768531.315,106.848,1.306,-0.507,1.853,1.797,1.306,-0.507,1.853,1.797,0.000,0.000,0.000,0.000,8|11,weighted_average,kalman(weighted_average),false
1788768531.366,106.899,1.306,-0.507,1.853,1.797,1.306,-0.507,1.853,1.797,0.000,0.000,0.000,0.000,8|11,weighted_average,kalman(weighted_average),false
1788768531.422,106.954,1.306,-0.507,1.853,1.797,1.306,-0.507,1.853,1.797,0.000,0.000,0.000,0.000,8|11,weighted_average,kalman(weighted_average),false
1788768531.470,107.003,1.306,-0.507,1.853,1.797,1.306,-0.507,1.853,1.797,0.000,0.000,0.000,0.000,8|11,weighted_average,kalman(weighted_average),false
1788768531.522,107.055,1.306,-0.507,1.853,1.797,1.306,-0.507,1.853,1.797,0.000,0.000,0.000,0.000,8|11,weighted_average,kalman(weighted_average),false
1788768531.601,107.134,1.306,-0.507,1.853,1.797,1.306,-0.507,1.853,1.797,0.000,0.000,0.000,0.000,8|11,weighted_average,kalman(weighted_average),false
1788768531.651,107.184,1.306,-0.507,1.853,1.797,1.306,-0.507,1.853,1.797,0.000,0.000,0.000,0.000,8|11,weighted_average,kalman(weighted_average),false
1788768531.705,107.237,1.306,-0.507,1.853,1.797,1.306,-0.507,1.853,1.797,0.000,0.000,0.000,0.000,8|11,weighted_average,kalman(weighted_average),false
1788768531.751,107.284,1.306,-0.507,1.853,1.797,1.306,-0.507,1.853,1.797,0.000,0.000,0.000,0.000,8|11,weighted_average,kalman(weighted_average),false
1788768531.804,107.337,1.306,-0.507,1.853,1.797,1.306,-0.507,1.853,1.797,0.000,0.000,0.000,0.000,8|11,weighted_average,kalman(weighted_average),false
1788768531.885,107.417,1.306,-0.507,1.853,1.797,1.306,-0.507,1.853,1.797,0.000,0.000,0.000,0.000,8|11,weighted_average,kalman(weighted_average),false
1788768531.933,107.466,1.306,-0.507,1.853,1.797,1.306,-0.507,1.853,1.797,0.000,0.000,0.000,0.000,8|11,weighted_average,kalman(weighted_average),false
1788768531.996,107.529,1.306,-0.507,1.853,1.797,1.306,-0.507,1.853,1.797,0.000,0.000,0.000,0.000,8|11,weighted_average,kalman(weighted_average),false
1788768532.034,107.567,1.306,-0.507,1.853,1.797,1.306,-0.507,1.853,1.797,0.000,0.000,0.000,0.000,8|11,weighted_average,kalman(weighted_average),false
1788768532.085,107.617,1.306,-0.507,1.853,1.797,1.306,-0.507,1.853,1.797,0.000,0.000,0.000,0.000,8|11,weighted_average,kalman(weighted_average),false
1788768532.162,107.695,1.306,-0.507,1.853,1.797,1.306,-0.507,1.853,1.797,0.000,0.000,0.000,0.000,8|11,weighted_average,kalman(weighted_average),false
1788768532.227,107.760,1.306,-0.507,1.853,1.797,1.306,-0.507,1.853,1.797,0.000,0.000,0.000,0.000,8|11,weighted_average,kalman(weighted_average),false
1788768532.266,107.799,1.306,-0.507,1.853,1.797,1.306,-0.507,1.853,1.797,0.000,0.000,0.000,0.000,8|11,weighted_average,kalman(weighted_average),false
1788768532.316,107.849,1.306,-0.507,1.853,1.797,1.306,-0.507,1.853,1.797,0.000,0.000,0.000,0.000,8|11,weighted_average,kalman(weighted_average),false
1788768532.364,107.897,1.306,-0.507,1.853,1.797,1.306,-0.507,1.853,1.797,0.000,0.000,0.000,0.000,8|11,weighted_average,kalman(weighted_average),false
1788768532.441,107.973,1.306,-0.507,1.853,1.797,1.306,-0.507,1.853,1.797,0.000,0.000,0.000,0.000,8|11,weighted_average,kalman(weighted_average),false
1788768532.489,108.022,1.306,-0.507,1.853,1.797,1.306,-0.507,1.853,1.797,0.000,0.000,0.000,0.000,8|11,weighted_average,kalman(weighted_average),false
1788768532.541,108.074,1.306,-0.507,1.853,1.797,1.306,-0.507,1.853,1.797,0.000,0.000,0.000,0.000,8|11,weighted_average,kalman(weighted_average),false
1788768532.604,108.137,1.306,-0.507,1.853,1.797,1.306,-0.507,1.853,1.797,0.000,0.000,0.000,0.000,8|11,weighted_average,kalman(weighted_average),false
1788768532.643,108.176,1.306,-0.507,1.853,1.797,1.306,-0.507,1.853,1.797,0.000,0.000,0.000,0.000,8|11,weighted_average,kalman(weighted_average),false
1788768532.719,108.252,1.306,-0.507,1.853,1.797,1.306,-0.507,1.853,1.797,0.000,0.000,0.000,0.000,8|11,weighted_average,kalman(weighted_average),false
1788768532.784,108.316,1.306,-0.507,1.853,1.797,1.306,-0.507,1.853,1.797,0.000,0.000,0.000,0.000,8|11,weighted_average,kalman(weighted_average),false
1788768532.821,108.354,1.306,-0.507,1.853,1.797,1.306,-0.507,1.853,1.797,0.000,0.000,0.000,0.000,8|11,weighted_average,kalman(weighted_average),false
1788768532.871,108.404,1.306,-0.507,1.853,1.797,1.306,-0.507,1.853,1.797,0.000,0.000,0.000,0.000,8|11,weighted_average,kalman(weighted_average),false
1788768532.925,108.458,1.306,-0.507,1.853,1.797,1.306,-0.507,1.853,1.797,0.000,0.000,0.000,0.000,8|11,weighted_average,kalman(weighted_average),false
1788768533.011,108.543,1.306,-0.507,1.853,1.797,1.306,-0.507,1.853,1.797,0.000,0.000,0.000,0.000,8|11,weighted_average,kalman(weighted_average),false
1788768533.058,108.591,1.306,-0.507,1.853,1.797,1.306,-0.507,1.853,1.797,0.000,0.000,0.000,0.000,8|11,weighted_average,kalman(weighted_average),false
1788768533.113,108.646,1.306,-0.507,1.853,1.797,1.306,-0.507,1.853,1.797,0.000,0.000,0.000,0.000,8|11,weighted_average,kalman(weighted_average),false
1788768533.160,108.693,1.306,-0.507,1.853,1.797,1.306,-0.507,1.853,1.797,0.000,0.000,0.000,0.000,8|11,weighted_average,kalman(weighted_average),false
1788768533.229,108.762,1.306,-0.507,1.853,1.797,1.306,-0.507,1.853,1.797,0.000,0.000,0.000,0.000,8|11,weighted_average,kalman(weighted_average),false
1788768533.312,108.845,1.306,-0.507,1.853,1.797,1.306,-0.507,1.853,1.797,0.000,0.000,0.000,0.000,8|11,weighted_average,kalman(weighted_average),false
1788768533.364,108.897,1.306,-0.507,1.853,1.797,1.306,-0.507,1.853,1.797,0.000,0.000,0.000,0.000,8|11,weighted_average,kalman(weighted_average),false
1788768533.411,108.944,1.306,-0.507,1.853,1.797,1.306,-0.507,1.853,1.797,0.000,0.000,0.000,0.000,8|11,weighted_average,kalman(weighted_average),false
1788768533.461,108.993,1.306,-0.507,1.853,1.797,1.306,-0.507,1.853,1.797,0.000,0.000,0.000,0.000,8|11,weighted_average,kalman(weighted_average),false
1788768533.513,109.046,1.306,-0.507,1.853,1.797,1.306,-0.507,1.853,1.797,0.000,0.000,0.000,0.000,8|11,weighted_average,kalman(weighted_average),false
1788768533.590,109.123,1.306,-0.507,1.853,1.797,1.306,-0.507,1.853,1.797,0.000,0.000,0.000,0.000,8|11,weighted_average,kalman(weighted_average),false
1788768533.640,109.173,1.306,-0.507,1.853,1.797,1.306,-0.507,1.853,1.797,0.000,0.000,0.000,0.000,8|11,weighted_average,kalman(weighted_average),false
1788768533.691,109.223,1.306,-0.507,1.853,1.797,1.306,-0.507,1.853,1.797,0.000,0.000,0.000,0.000,8|11,weighted_average,kalman(weighted_average),false
1788768533.754,109.287,1.306,-0.507,1.853,1.797,1.306,-0.507,1.853,1.797,0.000,0.000,0.000,0.000,8|11,weighted_average,kalman(weighted_average),false
1788768533.793,109.326,1.306,-0.507,1.853,1.797,1.306,-0.507,1.853,1.797,0.000,0.000,0.000,0.000,8|11,weighted_average,kalman(weighted_average),false
1788768533.869,109.402,1.306,-0.507,1.853,1.797,1.306,-0.507,1.853,1.797,0.000,0.000,0.000,0.000,8|11,weighted_average,kalman(weighted_average),false
1788768533.920,109.453,1.306,-0.507,1.853,1.797,1.306,-0.507,1.853,1.797,0.000,0.000,0.000,0.000,8|11,weighted_average,kalman(weighted_average),false
1788768533.978,109.511,1.306,-0.507,1.853,1.797,1.306,-0.507,1.853,1.797,0.000,0.000,0.000,0.000,8|11,weighted_average,kalman(weighted_average),false
1788768534.026,109.559,1.306,-0.507,1.853,1.797,1.306,-0.507,1.853,1.797,0.000,0.000,0.000,0.000,8|11,weighted_average,kalman(weighted_average),false
1788768534.071,109.604,1.306,-0.507,1.853,1.797,1.306,-0.507,1.853,1.797,0.000,0.000,0.000,0.000,8|11,weighted_average,kalman(weighted_average),false
1788768534.150,109.683,1.306,-0.507,1.853,1.797,1.306,-0.507,1.853,1.797,0.000,0.000,0.000,0.000,8|11,weighted_average,kalman(weighted_average),false
1788768534.208,109.741,1.306,-0.507,1.853,1.797,1.306,-0.507,1.853,1.797,0.000,0.000,0.000,0.000,8|11,weighted_average,kalman(weighted_average),false
1788768534.253,109.786,1.306,-0.507,1.853,1.797,1.306,-0.507,1.853,1.797,0.000,0.000,0.000,0.000,8|11,weighted_average,kalman(weighted_average),false
1788768534.302,109.835,1.306,-0.507,1.853,1.797,1.306,-0.507,1.853,1.797,0.000,0.000,0.000,0.000,8|11,weighted_average,kalman(weighted_average),false
1788768534.353,109.886,1.306,-0.507,1.853,1.797,1.306,-0.507,1.853,1.797,0.000,0.000,0.000,0.000,8|11,weighted_average,kalman(weighted_average),false
1788768534.434,109.966,1.306,-0.507,1.853,1.797,1.306,-0.507,1.853,1.797,0.000,0.000,0.000,0.000,8|11,weighted_average,kalman(weighted_average),false
1788768534.483,110.016,1.306,-0.507,1.853,1.797,1.306,-0.507,1.853,1.797,0.000,0.000,0.000,0.000,8|11,weighted_average,kalman(weighted_average),false
1788768534.538,110.071,1.306,-0.507,1.853,1.797,1.306,-0.507,1.853,1.797,0.000,0.000,0.000,0.000,8|11,weighted_average,kalman(weighted_average),false
1788768534.592,110.125,1.306,-0.507,1.853,1.797,1.306,-0.507,1.853,1.797,0.000,0.000,0.000,0.000,8|11,weighted_average,kalman(weighted_average),false
1788768534.638,110.171,1.306,-0.507,1.853,1.797,1.306,-0.507,1.853,1.797,0.000,0.000,0.000,0.000,8|11,weighted_average,kalman(weighted_average),false
1788768534.712,110.245,1.306,-0.507,1.853,1.797,1.306,-0.507,1.853,1.797,0.000,0.000,0.000,0.000,8|11,weighted_average,kalman(weighted_average),false
1788768534.767,110.299,1.306,-0.507,1.853,1.797,1.306,-0.507,1.853,1.797,0.000,0.000,0.000,0.000,8|11,weighted_average,kalman(weighted_average),false
1788768534.817,110.350,1.306,-0.507,1.853,1.797,1.306,-0.507,1.853,1.797,0.000,0.000,0.000,0.000,8|11,weighted_average,kalman(weighted_average),false
1788768534.869,110.401,1.306,-0.507,1.853,1.797,1.306,-0.507,1.853,1.797,0.000,0.000,0.000,0.000,8|11,weighted_average,kalman(weighted_average),false
1788768534.917,110.450,1.306,-0.507,1.853,1.797,1.306,-0.507,1.853,1.797,0.000,0.000,0.000,0.000,8|11,weighted_average,kalman(weighted_average),false
1788768534.996,110.529,1.306,-0.507,1.853,1.797,1.306,-0.507,1.853,1.797,0.000,0.000,0.000,0.000,8|11,weighted_average,kalman(weighted_average),false
1788768535.050,110.582,1.306,-0.507,1.853,1.797,1.306,-0.507,1.853,1.797,0.000,0.000,0.000,0.000,8|11,weighted_average,kalman(weighted_average),false
1788768535.095,110.628,1.306,-0.507,1.853,1.797,1.306,-0.507,1.853,1.797,0.000,0.000,0.000,0.000,8|11,weighted_average,kalman(weighted_average),false
1788768535.154,110.686,1.306,-0.507,1.853,1.797,1.306,-0.507,1.853,1.797,0.000,0.000,0.000,0.000,8|11,weighted_average,kalman(weighted_average),false
1788768535.207,110.740,1.306,-0.507,1.853,1.797,1.306,-0.507,1.853,1.797,0.000,0.000,0.000,0.000,8|11,weighted_average,kalman(weighted_average),false
1788768535.287,110.820,1.306,-0.507,1.853,1.797,1.306,-0.507,1.853,1.797,0.000,0.000,0.000,0.000,8|11,weighted_average,kalman(weighted_average),false
1788768535.347,110.880,1.306,-0.507,1.853,1.797,1.306,-0.507,1.853,1.797,0.000,0.000,0.000,0.000,8|11,weighted_average,kalman(weighted_average),false
1788768535.392,110.925,1.306,-0.507,1.853,1.797,1.306,-0.507,1.853,1.797,0.000,0.000,0.000,0.000,8|11,weighted_average,kalman(weighted_average),false
1788768535.445,110.978,1.306,-0.507,1.853,1.797,1.306,-0.507,1.853,1.797,0.000,0.000,0.000,0.000,8|11,weighted_average,kalman(weighted_average),false
1788768535.494,111.027,1.306,-0.507,1.853,1.797,1.306,-0.507,1.853,1.797,0.000,0.000,0.000,0.000,8|11,weighted_average,kalman(weighted_average),false
1788768535.575,111.108,1.306,-0.507,1.853,1.797,1.306,-0.507,1.853,1.797,0.000,0.000,0.000,0.000,8|11,weighted_average,kalman(weighted_average),false
1788768535.627,111.160,1.306,-0.507,1.853,1.797,1.306,-0.507,1.853,1.797,0.000,0.000,0.000,0.000,8|11,weighted_average,kalman(weighted_average),false
1788768535.682,111.214,1.306,-0.507,1.853,1.797,1.306,-0.507,1.853,1.797,0.000,0.000,0.000,0.000,8|11,weighted_average,kalman(weighted_average),false
1788768535.730,111.263,1.306,-0.507,1.853,1.797,1.306,-0.507,1.853,1.797,0.000,0.000,0.000,0.000,8|11,weighted_average,kalman(weighted_average),false
1788768535.777,111.310,1.306,-0.507,1.853,1.797,1.306,-0.507,1.853,1.797,0.000,0.000,0.000,0.000,8|11,weighted_average,kalman(weighted_average),false
1788768535.855,111.388,1.306,-0.507,1.853,1.797,1.306,-0.507,1.853,1.797,0.000,0.000,0.000,0.000,8|11,weighted_average,kalman(weighted_average),false
1788768535.905,111.438,1.306,-0.507,1.853,1.797,1.306,-0.507,1.853,1.797,0.000,0.000,0.000,0.000,8|11,weighted_average,kalman(weighted_average),false
1788768535.967,111.499,1.306,-0.507,1.853,1.797,1.306,-0.507,1.853,1.797,0.000,0.000,0.000,0.000,8|11,weighted_average,kalman(weighted_average),false
1788768536.009,111.541,1.306,-0.507,1.853,1.797,1.306,-0.507,1.853,1.797,0.000,0.000,0.000,0.000,8|11,weighted_average,kalman(weighted_average),false
1788768536.057,111.589,1.306,-0.507,1.853,1.797,1.306,-0.507,1.853,1.797,0.000,0.000,0.000,0.000,8|11,weighted_average,kalman(weighted_average),false
1788768536.133,111.666,1.306,-0.507,1.853,1.797,1.306,-0.507,1.853,1.797,0.000,0.000,0.000,0.000,8|11,weighted_average,kalman(weighted_average),false
1788768536.192,111.725,1.306,-0.507,1.853,1.797,1.306,-0.507,1.853,1.797,0.000,0.000,0.000,0.000,8|11,weighted_average,kalman(weighted_average),false
1788768536.236,111.769,1.306,-0.507,1.853,1.797,1.306,-0.507,1.853,1.797,0.000,0.000,0.000,0.000,8|11,weighted_average,kalman(weighted_average),false
1788768536.284,111.817,1.306,-0.507,1.853,1.797,1.306,-0.507,1.853,1.797,0.000,0.000,0.000,0.000,8|11,weighted_average,kalman(weighted_average),false
1788768536.336,111.869,1.306,-0.507,1.853,1.797,1.306,-0.507,1.853,1.797,0.000,0.000,0.000,0.000,8|11,weighted_average,kalman(weighted_average),false
1788768536.418,111.950,1.306,-0.507,1.853,1.797,1.306,-0.507,1.853,1.797,0.000,0.000,0.000,0.000,8|11,weighted_average,kalman(weighted_average),false
1788768536.468,112.001,1.306,-0.507,1.853,1.797,1.306,-0.507,1.853,1.797,0.000,0.000,0.000,0.000,8|11,weighted_average,kalman(weighted_average),false
1788768536.521,112.054,1.306,-0.507,1.853,1.797,1.306,-0.507,1.853,1.797,0.000,0.000,0.000,0.000,8|11,weighted_average,kalman(weighted_average),false
1788768536.566,112.098,1.306,-0.507,1.853,1.797,1.306,-0.507,1.853,1.797,0.000,0.000,0.000,0.000,8|11,weighted_average,kalman(weighted_average),false
1788768536.629,112.162,1.306,-0.507,1.853,1.797,1.306,-0.507,1.853,1.797,0.000,0.000,0.000,0.000,8|11,weighted_average,kalman(weighted_average),false
1788768536.710,112.243,1.306,-0.507,1.853,1.797,1.306,-0.507,1.853,1.797,0.000,0.000,0.000,0.000,8|11,weighted_average,kalman(weighted_average),false
1788768536.759,112.291,1.306,-0.507,1.853,1.797,1.306,-0.507,1.853,1.797,0.000,0.000,0.000,0.000,8|11,weighted_average,kalman(weighted_average),false
1788768536.815,112.348,1.306,-0.507,1.853,1.797,1.306,-0.507,1.853,1.797,0.000,0.000,0.000,0.000,8|11,weighted_average,kalman(weighted_average),false
1788768536.859,112.392,1.306,-0.507,1.853,1.797,1.306,-0.507,1.853,1.797,0.000,0.000,0.000,0.000,8|11,weighted_average,kalman(weighted_average),false
1788768536.913,112.446,1.306,-0.507,1.853,1.797,1.306,-0.507,1.853,1.797,0.000,0.000,0.000,0.000,8|11,weighted_average,kalman(weighted_average),false
1788768536.999,112.532,1.306,-0.507,1.853,1.797,1.306,-0.507,1.853,1.797,0.000,0.000,0.000,0.000,8|11,weighted_average,kalman(weighted_average),false
1788768537.055,112.588,1.306,-0.507,1.853,1.797,1.306,-0.507,1.853,1.797,0.000,0.000,0.000,0.000,8|11,weighted_average,kalman(weighted_average),false
1788768537.115,112.648,1.306,-0.507,1.853,1.797,1.306,-0.507,1.853,1.797,0.000,0.000,0.000,0.000,8|11,weighted_average,kalman(weighted_average),false
1788768537.153,112.686,1.306,-0.507,1.853,1.797,1.306,-0.507,1.853,1.797,0.000,0.000,0.000,0.000,8|11,weighted_average,kalman(weighted_average),false
1788768537.204,112.737,1.306,-0.507,1.853,1.797,1.306,-0.507,1.853,1.797,0.000,0.000,0.000,0.000,8|11,weighted_average,kalman(weighted_average),false
1788768537.288,112.821,1.306,-0.507,1.853,1.797,1.306,-0.507,1.853,1.797,0.000,0.000,0.000,0.000,8|11,weighted_average,kalman(weighted_average),false
1788768537.336,112.869,1.306,-0.507,1.853,1.797,1.306,-0.507,1.853,1.797,0.000,0.000,0.000,0.000,8|11,weighted_average,kalman(weighted_average),false
1788768537.389,112.922,1.306,-0.507,1.853,1.797,1.306,-0.507,1.853,1.797,0.000,0.000,0.000,0.000,8|11,weighted_average,kalman(weighted_average),false
1788768537.440,112.973,1.306,-0.507,1.853,1.797,1.306,-0.507,1.853,1.797,0.000,0.000,0.000,0.000,8|11,weighted_average,kalman(weighted_average),false
1788768537.496,113.029,1.306,-0.507,1.853,1.797,1.306,-0.507,1.853,1.797,0.000,0.000,0.000,0.000,8|11,weighted_average,kalman(weighted_average),false
1788768537.575,113.108,1.306,-0.507,1.853,1.797,1.306,-0.507,1.853,1.797,0.000,0.000,0.000,0.000,8|11,weighted_average,kalman(weighted_average),false
1788768537.632,113.165,1.306,-0.507,1.853,1.797,1.306,-0.507,1.853,1.797,0.000,0.000,0.000,0.000,8|11,weighted_average,kalman(weighted_average),false
1788768537.676,113.209,1.306,-0.507,1.853,1.797,1.306,-0.507,1.853,1.797,0.000,0.000,0.000,0.000,8|11,weighted_average,kalman(weighted_average),false
1788768537.736,113.269,1.306,-0.507,1.853,1.797,1.306,-0.507,1.853,1.797,0.000,0.000,0.000,0.000,8|11,weighted_average,kalman(weighted_average),false
1788768537.779,113.312,1.306,-0.507,1.853,1.797,1.306,-0.507,1.853,1.797,0.000,0.000,0.000,0.000,8|11,weighted_average,kalman(weighted_average),false
1788768537.853,113.385,1.306,-0.507,1.853,1.797,1.306,-0.507,1.853,1.797,0.000,0.000,0.000,0.000,8|11,weighted_average,kalman(weighted_average),false
1788768537.905,113.438,1.306,-0.507,1.853,1.797,1.306,-0.507,1.853,1.797,0.000,0.000,0.000,0.000,8|11,weighted_average,kalman(weighted_average),false
1788768537.955,113.488,1.306,-0.507,1.853,1.797,1.306,-0.507,1.853,1.797,0.000,0.000,0.000,0.000,8|11,weighted_average,kalman(weighted_average),false
1788768538.010,113.543,1.306,-0.507,1.853,1.797,1.306,-0.507,1.853,1.797,0.000,0.000,0.000,0.000,8|11,weighted_average,kalman(weighted_average),false
1788768538.057,113.590,1.306,-0.507,1.853,1.797,1.306,-0.507,1.853,1.797,0.000,0.000,0.000,0.000,8|11,weighted_average,kalman(weighted_average),false
1788768538.140,113.673,1.306,-0.507,1.853,1.797,1.306,-0.507,1.853,1.797,0.000,0.000,0.000,0.000,8|11,weighted_average,kalman(weighted_average),false
1788768538.192,113.725,1.306,-0.507,1.853,1.797,1.306,-0.507,1.853,1.797,0.000,0.000,0.000,0.000,8|11,weighted_average,kalman(weighted_average),false
1788768538.244,113.777,1.306,-0.507,1.853,1.797,1.306,-0.507,1.853,1.797,0.000,0.000,0.000,0.000,8|11,weighted_average,kalman(weighted_average),false
1788768538.290,113.823,1.306,-0.507,1.853,1.797,1.306,-0.507,1.853,1.797,0.000,0.000,0.000,0.000,8|11,weighted_average,kalman(weighted_average),false
1788768538.345,113.877,1.306,-0.507,1.853,1.797,1.306,-0.507,1.853,1.797,0.000,0.000,0.000,0.000,8|11,weighted_average,kalman(weighted_average),false
1788768538.425,113.958,1.306,-0.507,1.853,1.797,1.306,-0.507,1.853,1.797,0.000,0.000,0.000,0.000,8|11,weighted_average,kalman(weighted_average),false
1788768538.481,114.014,1.306,-0.507,1.853,1.797,1.306,-0.507,1.853,1.797,0.000,0.000,0.000,0.000,8|11,weighted_average,kalman(weighted_average),false
1788768538.525,114.058,1.306,-0.507,1.853,1.797,1.306,-0.507,1.853,1.797,0.000,0.000,0.000,0.000,8|11,weighted_average,kalman(weighted_average),false
1788768538.574,114.107,1.306,-0.507,1.853,1.797,1.306,-0.507,1.853,1.797,0.000,0.000,0.000,0.000,8|11,weighted_average,kalman(weighted_average),false
1788768538.626,114.159,1.306,-0.507,1.853,1.797,1.306,-0.507,1.853,1.797,0.000,0.000,0.000,0.000,8|11,weighted_average,kalman(weighted_average),false
1788768538.702,114.234,1.306,-0.507,1.853,1.797,1.306,-0.507,1.853,1.797,0.000,0.000,0.000,0.000,8|11,weighted_average,kalman(weighted_average),false
1788768538.751,114.284,1.306,-0.507,1.853,1.797,1.306,-0.507,1.853,1.797,0.000,0.000,0.000,0.000,8|11,weighted_average,kalman(weighted_average),false
1788768538.805,114.338,1.306,-0.507,1.853,1.797,1.306,-0.507,1.853,1.797,0.000,0.000,0.000,0.000,8|11,weighted_average,kalman(weighted_average),false
1788768538.866,114.399,1.306,-0.507,1.853,1.797,1.306,-0.507,1.853,1.797,0.000,0.000,0.000,0.000,8|11,weighted_average,kalman(weighted_average),false
1788768538.918,114.451,1.306,-0.507,1.853,1.797,1.306,-0.507,1.853,1.797,0.000,0.000,0.000,0.000,8|11,weighted_average,kalman(weighted_average),false
1788768538.994,114.527,1.306,-0.507,1.853,1.797,1.306,-0.507,1.853,1.797,0.000,0.000,0.000,0.000,8|11,weighted_average,kalman(weighted_average),false
1788768539.046,114.579,1.306,-0.507,1.853,1.797,1.306,-0.507,1.853,1.797,0.000,0.000,0.000,0.000,8|11,weighted_average,kalman(weighted_average),false
1788768539.096,114.629,1.306,-0.507,1.853,1.797,1.306,-0.507,1.853,1.797,0.000,0.000,0.000,0.000,8|11,weighted_average,kalman(weighted_average),false
1788768539.151,114.683,1.306,-0.507,1.853,1.797,1.306,-0.507,1.853,1.797,0.000,0.000,0.000,0.000,8|11,weighted_average,kalman(weighted_average),false
1788768539.201,114.734,1.306,-0.507,1.853,1.797,1.306,-0.507,1.853,1.797,0.000,0.000,0.000,0.000,8|11,weighted_average,kalman(weighted_average),false
1788768539.275,114.808,1.306,-0.507,1.853,1.797,1.306,-0.507,1.853,1.797,0.000,0.000,0.000,0.000,8|11,weighted_average,kalman(weighted_average),false
1788768539.335,114.868,1.306,-0.507,1.853,1.797,1.306,-0.507,1.853,1.797,0.000,0.000,0.000,0.000,8|11,weighted_average,kalman(weighted_average),false
1788768539.424,114.957,1.306,-0.507,1.853,1.797,1.306,-0.507,1.853,1.797,0.000,0.000,0.000,0.000,8|11,weighted_average,kalman(weighted_average),false
1788768539.465,114.998,1.306,-0.507,1.853,1.797,1.306,-0.507,1.853,1.797,0.000,0.000,0.000,0.000,8|11,weighted_average,kalman(weighted_average),false
1788768539.542,115.075,1.306,-0.507,1.853,1.797,1.306,-0.507,1.853,1.797,0.000,0.000,0.000,0.000,8|11,weighted_average,kalman(weighted_average),false
1788768539.595,115.127,1.306,-0.507,1.853,1.797,1.306,-0.507,1.853,1.797,0.000,0.000,0.000,0.000,8|11,weighted_average,kalman(weighted_average),false
1788768539.662,115.195,1.306,-0.507,1.853,1.797,1.306,-0.507,1.853,1.797,0.000,0.000,0.000,0.000,8|11,weighted_average,kalman(weighted_average),false
1788768539.712,115.245,1.306,-0.507,1.853,1.797,1.306,-0.507,1.853,1.797,0.000,0.000,0.000,0.000,8|11,weighted_average,kalman(weighted_average),false
1788768539.750,115.283,1.306,-0.507,1.853,1.797,1.306,-0.507,1.853,1.797,0.000,0.000,0.000,0.000,8|11,weighted_average,kalman(weighted_average),false
1788768539.824,115.357,1.306,-0.507,1.853,1.797,1.306,-0.507,1.853,1.797,0.000,0.000,0.000,0.000,8|11,weighted_average,kalman(weighted_average),false
1788768539.886,115.419,1.306,-0.507,1.853,1.797,1.306,-0.507,1.853,1.797,0.000,0.000,0.000,0.000,8|11,weighted_average,kalman(weighted_average),false
1788768539.929,115.462,1.306,-0.507,1.853,1.797,1.306,-0.507,1.853,1.797,0.000,0.000,0.000,0.000,8|11,weighted_average,kalman(weighted_average),false
1788768539.983,115.515,1.306,-0.507,1.853,1.797,1.306,-0.507,1.853,1.797,0.000,0.000,0.000,0.000,8|11,weighted_average,kalman(weighted_average),false
1788768540.032,115.565,1.306,-0.507,1.853,1.797,1.306,-0.507,1.853,1.797,0.000,0.000,0.000,0.000,8|11,weighted_average,kalman(weighted_average),false
1788768540.106,115.639,1.306,-0.507,1.853,1.797,1.306,-0.507,1.853,1.797,0.000,0.000,0.000,0.000,8|11,weighted_average,kalman(weighted_average),false
1788768540.160,115.692,1.306,-0.507,1.853,1.797,1.306,-0.507,1.853,1.797,0.000,0.000,0.000,0.000,8|11,weighted_average,kalman(weighted_average),false
1788768540.227,115.759,1.306,-0.507,1.853,1.797,1.306,-0.507,1.853,1.797,0.000,0.000,0.000,0.000,8|11,weighted_average,kalman(weighted_average),false
1788768540.268,115.801,1.306,-0.507,1.853,1.797,1.306,-0.507,1.853,1.797,0.000,0.000,0.000,0.000,8|11,weighted_average,kalman(weighted_average),false
1788768540.321,115.854,1.306,-0.507,1.853,1.797,1.306,-0.507,1.853,1.797,0.000,0.000,0.000,0.000,8|11,weighted_average,kalman(weighted_average),false
1788768540.403,115.936,1.306,-0.507,1.853,1.797,1.306,-0.507,1.853,1.797,0.000,0.000,0.000,0.000,8|11,weighted_average,kalman(weighted_average),false
1788768540.477,116.010,1.306,-0.507,1.853,1.797,1.306,-0.507,1.853,1.797,0.000,0.000,0.000,0.000,8|11,weighted_average,kalman(weighted_average),false
1788768540.517,116.050,1.306,-0.507,1.853,1.797,1.306,-0.507,1.853,1.797,0.000,0.000,0.000,0.000,8|11,weighted_average,kalman(weighted_average),false
1788768540.572,116.105,1.306,-0.507,1.853,1.797,1.306,-0.507,1.853,1.797,0.000,0.000,0.000,0.000,8|11,weighted_average,kalman(weighted_average),false
1788768540.625,116.158,1.306,-0.507,1.853,1.797,1.306,-0.507,1.853,1.797,0.000,0.000,0.000,0.000,8|11,weighted_average,kalman(weighted_average),false
1788768540.701,116.233,1.306,-0.507,1.853,1.797,1.306,-0.507,1.853,1.797,0.000,0.000,0.000,0.000,8|11,weighted_average,kalman(weighted_average),false
1788768540.756,116.289,1.306,-0.507,1.853,1.797,1.306,-0.507,1.853,1.797,0.000,0.000,0.000,0.000,8|11,weighted_average,kalman(weighted_average),false
1788768540.802,116.335,1.306,-0.507,1.853,1.797,1.306,-0.507,1.853,1.797,0.000,0.000,0.000,0.000,8|11,weighted_average,kalman(weighted_average),false
1788768540.854,116.387,1.306,-0.507,1.853,1.797,1.306,-0.507,1.853,1.797,0.000,0.000,0.000,0.000,8|11,weighted_average,kalman(weighted_average),false
1788768540.909,116.441,1.306,-0.507,1.853,1.797,1.306,-0.507,1.853,1.797,0.000,0.000,0.000,0.000,8|11,weighted_average,kalman(weighted_average),false
1788768540.985,116.518,1.306,-0.507,1.853,1.797,1.306,-0.507,1.853,1.797,0.000,0.000,0.000,0.000,8|11,weighted_average,kalman(weighted_average),false
1788768541.048,116.581,1.306,-0.507,1.853,1.797,1.306,-0.507,1.853,1.797,0.000,0.000,0.000,0.000,8|11,weighted_average,kalman(weighted_average),false
1788768541.097,116.630,1.306,-0.507,1.853,1.797,1.306,-0.507,1.853,1.797,0.000,0.000,0.000,0.000,8|11,weighted_average,kalman(weighted_average),false
1788768541.136,116.669,1.306,-0.507,1.853,1.797,1.306,-0.507,1.853,1.797,0.000,0.000,0.000,0.000,8|11,weighted_average,kalman(weighted_average),false
1788768541.187,116.720,1.306,-0.507,1.853,1.797,1.306,-0.507,1.853,1.797,0.000,0.000,0.000,0.000,8|11,weighted_average,kalman(weighted_average),false
1788768541.263,116.796,1.306,-0.507,1.853,1.797,1.306,-0.507,1.853,1.797,0.000,0.000,0.000,0.000,8|11,weighted_average,kalman(weighted_average),false
1788768541.317,116.849,1.306,-0.507,1.853,1.797,1.306,-0.507,1.853,1.797,0.000,0.000,0.000,0.000,8|11,weighted_average,kalman(weighted_average),false
1788768541.365,116.898,1.306,-0.507,1.853,1.797,1.306,-0.507,1.853,1.797,0.000,0.000,0.000,0.000,8|11,weighted_average,kalman(weighted_average),false
1788768541.424,116.957,1.306,-0.507,1.853,1.797,1.306,-0.507,1.853,1.797,0.000,0.000,0.000,0.000,8|11,weighted_average,kalman(weighted_average),false
1788768541.474,117.007,1.306,-0.507,1.853,1.797,1.306,-0.507,1.853,1.797,0.000,0.000,0.000,0.000,8|11,weighted_average,kalman(weighted_average),false
1788768541.550,117.083,1.306,-0.507,1.853,1.797,1.306,-0.507,1.853,1.797,0.000,0.000,0.000,0.000,8|11,weighted_average,kalman(weighted_average),false
1788768541.613,117.146,1.306,-0.507,1.853,1.797,1.306,-0.507,1.853,1.797,0.000,0.000,0.000,0.000,8|11,weighted_average,kalman(weighted_average),false
1788768541.661,117.193,1.306,-0.507,1.853,1.797,1.306,-0.507,1.853,1.797,0.000,0.000,0.000,0.000,8|11,weighted_average,kalman(weighted_average),false
1788768541.707,117.240,1.306,-0.507,1.853,1.797,1.306,-0.507,1.853,1.797,0.000,0.000,0.000,0.000,8|11,weighted_average,kalman(weighted_average),false
1788768541.755,117.288,1.306,-0.507,1.853,1.797,1.306,-0.507,1.853,1.797,0.000,0.000,0.000,0.000,8|11,weighted_average,kalman(weighted_average),false
1788768541.834,117.366,1.306,-0.507,1.853,1.797,1.306,-0.507,1.853,1.797,0.000,0.000,0.000,0.000,8|11,weighted_average,kalman(weighted_average),false
1788768541.883,117.416,1.306,-0.507,1.853,1.797,1.306,-0.507,1.853,1.797,0.000,0.000,0.000,0.000,8|11,weighted_average,kalman(weighted_average),false
1788768541.936,117.469,1.306,-0.507,1.853,1.797,1.306,-0.507,1.853,1.797,0.000,0.000,0.000,0.000,8|11,weighted_average,kalman(weighted_average),false
1788768541.991,117.523,1.306,-0.507,1.853,1.797,1.306,-0.507,1.853,1.797,0.000,0.000,0.000,0.000,8|11,weighted_average,kalman(weighted_average),false
1788768542.036,117.569,1.306,-0.507,1.853,1.797,1.306,-0.507,1.853,1.797,0.000,0.000,0.000,0.000,8|11,weighted_average,kalman(weighted_average),false
1788768542.112,117.644,1.306,-0.507,1.853,1.797,1.306,-0.507,1.853,1.797,0.000,0.000,0.000,0.000,8|11,weighted_average,kalman(weighted_average),false
1788768542.166,117.699,1.306,-0.507,1.853,1.797,1.306,-0.507,1.853,1.797,0.000,0.000,0.000,0.000,8|11,weighted_average,kalman(weighted_average),false
1788768542.223,117.756,1.306,-0.507,1.853,1.797,1.306,-0.507,1.853,1.797,0.000,0.000,0.000,0.000,8|11,weighted_average,kalman(weighted_average),false
1788768542.266,117.799,1.306,-0.507,1.853,1.797,1.306,-0.507,1.853,1.797,0.000,0.000,0.000,0.000,8|11,weighted_average,kalman(weighted_average),false
1788768542.319,117.852,1.306,-0.507,1.853,1.797,1.306,-0.507,1.853,1.797,0.000,0.000,0.000,0.000,8|11,weighted_average,kalman(weighted_average),false
1788768542.395,117.928,1.306,-0.507,1.853,1.797,1.306,-0.507,1.853,1.797,0.000,0.000,0.000,0.000,8|11,weighted_average,kalman(weighted_average),false
1788768542.451,117.984,1.306,-0.507,1.853,1.797,1.306,-0.507,1.853,1.797,0.000,0.000,0.000,0.000,8|11,weighted_average,kalman(weighted_average),false
1788768542.498,118.031,1.306,-0.507,1.853,1.797,1.306,-0.507,1.853,1.797,0.000,0.000,0.000,0.000,8|11,weighted_average,kalman(weighted_average),false
1788768542.547,118.080,1.306,-0.507,1.853,1.797,1.306,-0.507,1.853,1.797,0.000,0.000,0.000,0.000,8|11,weighted_average,kalman(weighted_average),false
1788768542.604,118.137,1.306,-0.507,1.853,1.797,1.306,-0.507,1.853,1.797,0.000,0.000,0.000,0.000,8|11,weighted_average,kalman(weighted_average),false
1788768542.691,118.224,1.306,-0.507,1.853,1.797,1.306,-0.507,1.853,1.797,0.000,0.000,0.000,0.000,8|11,weighted_average,kalman(weighted_average),false
1788768542.752,118.285,1.306,-0.507,1.853,1.797,1.306,-0.507,1.853,1.797,0.000,0.000,0.000,0.000,8|11,weighted_average,kalman(weighted_average),false
1788768542.811,118.344,1.306,-0.507,1.853,1.797,1.306,-0.507,1.853,1.797,0.000,0.000,0.000,0.000,8|11,weighted_average,kalman(weighted_average),false
1788768542.849,118.381,1.306,-0.507,1.853,1.797,1.306,-0.507,1.853,1.797,0.000,0.000,0.000,0.000,8|11,weighted_average,kalman(weighted_average),false
1788768542.898,118.431,1.306,-0.507,1.853,1.797,1.306,-0.507,1.853,1.797,0.000,0.000,0.000,0.000,8|11,weighted_average,kalman(weighted_average),false
1788768542.975,118.508,1.306,-0.507,1.853,1.797,1.306,-0.507,1.853,1.797,0.000,0.000,0.000,0.000,8|11,weighted_average,kalman(weighted_average),false
1788768543.028,118.561,1.306,-0.507,1.853,1.797,1.306,-0.507,1.853,1.797,0.000,0.000,0.000,0.000,8|11,weighted_average,kalman(weighted_average),false
1788768543.089,118.622,1.306,-0.507,1.853,1.797,1.306,-0.507,1.853,1.797,0.000,0.000,0.000,0.000,8|11,weighted_average,kalman(weighted_average),false
1788768543.136,118.669,1.306,-0.507,1.853,1.797,1.306,-0.507,1.853,1.797,0.000,0.000,0.000,0.000,8|11,weighted_average,kalman(weighted_average),false
1788768543.186,118.719,1.306,-0.507,1.853,1.797,1.306,-0.507,1.853,1.797,0.000,0.000,0.000,0.000,8|11,weighted_average,kalman(weighted_average),false
1788768543.263,118.796,1.306,-0.507,1.853,1.797,1.306,-0.507,1.853,1.797,0.000,0.000,0.000,0.000,8|11,weighted_average,kalman(weighted_average),false
1788768543.316,118.849,1.306,-0.507,1.853,1.797,1.306,-0.507,1.853,1.797,0.000,0.000,0.000,0.000,8|11,weighted_average,kalman(weighted_average),false
1788768543.366,118.899,1.306,-0.507,1.853,1.797,1.306,-0.507,1.853,1.797,0.000,0.000,0.000,0.000,8|11,weighted_average,kalman(weighted_average),false
1788768543.427,118.960,1.306,-0.507,1.853,1.797,1.306,-0.507,1.853,1.797,0.000,0.000,0.000,0.000,8|11,weighted_average,kalman(weighted_average),false
1788768543.471,119.004,1.306,-0.507,1.853,1.797,1.306,-0.507,1.853,1.797,0.000,0.000,0.000,0.000,8|11,weighted_average,kalman(weighted_average),false
1788768543.549,119.082,1.306,-0.507,1.853,1.797,1.306,-0.507,1.853,1.797,0.000,0.000,0.000,0.000,8|11,weighted_average,kalman(weighted_average),false
1788768543.614,119.146,1.306,-0.507,1.853,1.797,1.306,-0.507,1.853,1.797,0.000,0.000,0.000,0.000,8|11,weighted_average,kalman(weighted_average),false
1788768543.663,119.196,1.306,-0.507,1.853,1.797,1.306,-0.507,1.853,1.797,0.000,0.000,0.000,0.000,8|11,weighted_average,kalman(weighted_average),false
1788768543.707,119.240,1.306,-0.507,1.853,1.797,1.306,-0.507,1.853,1.797,0.000,0.000,0.000,0.000,8|11,weighted_average,kalman(weighted_average),false
1788768543.755,119.288,1.306,-0.507,1.853,1.797,1.306,-0.507,1.853,1.797,0.000,0.000,0.000,0.000,8|11,weighted_average,kalman(weighted_average),false
1788768543.833,119.366,1.306,-0.507,1.853,1.797,1.306,-0.507,1.853,1.797,0.000,0.000,0.000,0.000,8|11,weighted_average,kalman(weighted_average),false
1788768543.886,119.419,1.306,-0.507,1.853,1.797,1.306,-0.507,1.853,1.797,0.000,0.000,0.000,0.000,8|11,weighted_average,kalman(weighted_average),false
1788768543.937,119.470,1.306,-0.507,1.853,1.797,1.306,-0.507,1.853,1.797,0.000,0.000,0.000,0.000,8|11,weighted_average,kalman(weighted_average),false
1788768544.008,119.541,1.306,-0.507,1.853,1.797,1.306,-0.507,1.853,1.797,0.000,0.000,0.000,0.000,8|11,weighted_average,kalman(weighted_average),false
1788768544.088,119.621,1.306,-0.507,1.853,1.797,1.306,-0.507,1.853,1.797,0.000,0.000,0.000,0.000,8|11,weighted_average,kalman(weighted_average),false
1788768544.144,119.677,1.306,-0.507,1.853,1.797,1.306,-0.507,1.853,1.797,0.000,0.000,0.000,0.000,8|11,weighted_average,kalman(weighted_average),false
1788768544.191,119.723,1.306,-0.507,1.853,1.797,1.306,-0.507,1.853,1.797,0.000,0.000,0.000,0.000,8|11,weighted_average,kalman(weighted_average),false
1788768544.242,119.775,1.306,-0.507,1.853,1.797,1.306,-0.507,1.853,1.797,0.000,0.000,0.000,0.000,8|11,weighted_average,kalman(weighted_average),false
1788768544.294,119.827,1.306,-0.507,1.853,1.797,1.306,-0.507,1.853,1.797,0.000,0.000,0.000,0.000,8|11,weighted_average,kalman(weighted_average),false
1788768544.370,119.903,1.306,-0.507,1.853,1.797,1.306,-0.507,1.853,1.797,0.000,0.000,0.000,0.000,8|11,weighted_average,kalman(weighted_average),false
1788768544.424,119.957,1.306,-0.507,1.853,1.797,1.306,-0.507,1.853,1.797,0.000,0.000,0.000,0.000,8|11,weighted_average,kalman(weighted_average),false
1788768544.489,120.022,1.306,-0.507,1.853,1.797,1.306,-0.507,1.853,1.797,0.000,0.000,0.000,0.000,8|11,weighted_average,kalman(weighted_average),false
1788768544.524,120.057,1.306,-0.507,1.853,1.797,1.306,-0.507,1.853,1.797,0.000,0.000,0.000,0.000,8|11,weighted_average,kalman(weighted_average),false
1788768544.590,120.123,1.306,-0.507,1.853,1.797,1.306,-0.507,1.853,1.797,0.000,0.000,0.000,0.000,8|11,weighted_average,kalman(weighted_average),false
1788768544.667,120.199,1.306,-0.507,1.853,1.797,1.306,-0.507,1.853,1.797,0.000,0.000,0.000,0.000,8|11,weighted_average,kalman(weighted_average),false
1788768544.729,120.262,1.306,-0.507,1.853,1.797,1.306,-0.507,1.853,1.797,0.000,0.000,0.000,0.000,8|11,weighted_average,kalman(weighted_average),false
1788768544.771,120.304,1.306,-0.507,1.853,1.797,1.306,-0.507,1.853,1.797,0.000,0.000,0.000,0.000,8|11,weighted_average,kalman(weighted_average),false
1788768544.828,120.361,1.306,-0.507,1.853,1.797,1.306,-0.507,1.853,1.797,0.000,0.000,0.000,0.000,8|11,weighted_average,kalman(weighted_average),false
1788768544.870,120.403,1.306,-0.507,1.853,1.797,1.306,-0.507,1.853,1.797,0.000,0.000,0.000,0.000,8|11,weighted_average,kalman(weighted_average),false
1788768544.946,120.479,1.306,-0.507,1.853,1.797,1.306,-0.507,1.853,1.797,0.000,0.000,0.000,0.000,8|11,weighted_average,kalman(weighted_average),false
1788768545.007,120.539,1.306,-0.507,1.853,1.797,1.306,-0.507,1.853,1.797,0.000,0.000,0.000,0.000,8|11,weighted_average,kalman(weighted_average),false
1788768545.048,120.581,1.306,-0.507,1.853,1.797,1.306,-0.507,1.853,1.797,0.000,0.000,0.000,0.000,8|11,weighted_average,kalman(weighted_average),false
1788768545.110,120.643,1.306,-0.507,1.853,1.797,1.306,-0.507,1.853,1.797,0.000,0.000,0.000,0.000,8|11,weighted_average,kalman(weighted_average),false
1788768545.207,120.740,1.306,-0.507,1.853,1.797,1.306,-0.507,1.853,1.797,0.000,0.000,0.000,0.000,8|11,weighted_average,kalman(weighted_average),false
1788768545.267,120.800,1.306,-0.507,1.853,1.797,1.306,-0.507,1.853,1.797,0.000,0.000,0.000,0.000,8|11,weighted_average,kalman(weighted_average),false
1788768545.315,120.848,1.306,-0.507,1.853,1.797,1.306,-0.507,1.853,1.797,0.000,0.000,0.000,0.000,8|11,weighted_average,kalman(weighted_average),false
1788768545.360,120.893,1.306,-0.507,1.853,1.797,1.306,-0.507,1.853,1.797,0.000,0.000,0.000,0.000,8|11,weighted_average,kalman(weighted_average),false
1788768545.415,120.948,1.306,-0.507,1.853,1.797,1.306,-0.507,1.853,1.797,0.000,0.000,0.000,0.000,8|11,weighted_average,kalman(weighted_average),false
1788768545.495,121.028,1.306,-0.507,1.853,1.797,1.306,-0.507,1.853,1.797,0.000,0.000,0.000,0.000,8|11,weighted_average,kalman(weighted_average),false
1788768545.556,121.089,1.306,-0.507,1.853,1.797,1.306,-0.507,1.853,1.797,0.000,0.000,0.000,0.000,8|11,weighted_average,kalman(weighted_average),false
1788768545.601,121.134,1.306,-0.507,1.853,1.797,1.306,-0.507,1.853,1.797,0.000,0.000,0.000,0.000,8|11,weighted_average,kalman(weighted_average),false
1788768545.652,121.185,1.306,-0.507,1.853,1.797,1.306,-0.507,1.853,1.797,0.000,0.000,0.000,0.000,8|11,weighted_average,kalman(weighted_average),false
1788768545.708,121.241,1.306,-0.507,1.853,1.797,1.306,-0.507,1.853,1.797,0.000,0.000,0.000,0.000,8|11,weighted_average,kalman(weighted_average),false
1788768545.785,121.318,1.306,-0.507,1.853,1.797,1.306,-0.507,1.853,1.797,0.000,0.000,0.000,0.000,8|11,weighted_average,kalman(weighted_average),false
1788768545.847,121.379,1.306,-0.507,1.853,1.797,1.306,-0.507,1.853,1.797,0.000,0.000,0.000,0.000,8|11,weighted_average,kalman(weighted_average),false
1788768545.896,121.429,1.306,-0.507,1.853,1.797,1.306,-0.507,1.853,1.797,0.000,0.000,0.000,0.000,8|11,weighted_average,kalman(weighted_average),false
1788768545.942,121.474,1.306,-0.507,1.853,1.797,1.306,-0.507,1.853,1.797,0.000,0.000,0.000,0.000,8|11,weighted_average,kalman(weighted_average),false
1788768545.991,121.524,1.306,-0.507,1.853,1.797,1.306,-0.507,1.853,1.797,0.000,0.000,0.000,0.000,8|11,weighted_average,kalman(weighted_average),false
1788768546.072,121.605,1.306,-0.507,1.853,1.797,1.306,-0.507,1.853,1.797,0.000,0.000,0.000,0.000,8|11,weighted_average,kalman(weighted_average),false
1788768546.128,121.660,1.306,-0.507,1.853,1.797,1.306,-0.507,1.853,1.797,0.000,0.000,0.000,0.000,8|11,weighted_average,kalman(weighted_average),false
1788768546.184,121.717,1.306,-0.507,1.853,1.797,1.306,-0.507,1.853,1.797,0.000,0.000,0.000,0.000,8|11,weighted_average,kalman(weighted_average),false
1788768546.225,121.758,1.306,-0.507,1.853,1.797,1.306,-0.507,1.853,1.797,0.000,0.000,0.000,0.000,8|11,weighted_average,kalman(weighted_average),false
1788768546.285,121.817,1.306,-0.507,1.853,1.797,1.306,-0.507,1.853,1.797,0.000,0.000,0.000,0.000,8|11,weighted_average,kalman(weighted_average),false
1788768546.368,121.901,1.306,-0.507,1.853,1.797,1.306,-0.507,1.853,1.797,0.000,0.000,0.000,0.000,8|11,weighted_average,kalman(weighted_average),false
1788768546.425,121.958,1.306,-0.507,1.853,1.797,1.306,-0.507,1.853,1.797,0.000,0.000,0.000,0.000,8|11,weighted_average,kalman(weighted_average),false
1788768546.478,122.011,1.306,-0.507,1.853,1.797,1.306,-0.507,1.853,1.797,0.000,0.000,0.000,0.000,8|11,weighted_average,kalman(weighted_average),false
1788768546.518,122.051,1.306,-0.507,1.853,1.797,1.306,-0.507,1.853,1.797,0.000,0.000,0.000,0.000,8|11,weighted_average,kalman(weighted_average),false
1788768546.574,122.106,1.306,-0.507,1.853,1.797,1.306,-0.507,1.853,1.797,0.000,0.000,0.000,0.000,8|11,weighted_average,kalman(weighted_average),false
1788768546.661,122.194,1.306,-0.507,1.853,1.797,1.306,-0.507,1.853,1.797,0.000,0.000,0.000,0.000,8|11,weighted_average,kalman(weighted_average),false
1788768546.725,122.258,1.306,-0.507,1.853,1.797,1.306,-0.507,1.853,1.797,0.000,0.000,0.000,0.000,8|11,weighted_average,kalman(weighted_average),false
1788768546.769,122.302,1.306,-0.507,1.853,1.797,1.306,-0.507,1.853,1.797,0.000,0.000,0.000,0.000,8|11,weighted_average,kalman(weighted_average),false
1788768546.822,122.355,1.306,-0.507,1.853,1.797,1.306,-0.507,1.853,1.797,0.000,0.000,0.000,0.000,8|11,weighted_average,kalman(weighted_average),false
1788768546.866,122.399,1.306,-0.507,1.853,1.797,1.306,-0.507,1.853,1.797,0.000,0.000,0.000,0.000,8|11,weighted_average,kalman(weighted_average),false
1788768546.942,122.475,1.306,-0.507,1.853,1.797,1.306,-0.507,1.853,1.797,0.000,0.000,0.000,0.000,8|11,weighted_average,kalman(weighted_average),false
1788768546.996,122.529,1.306,-0.507,1.853,1.797,1.306,-0.507,1.853,1.797,0.000,0.000,0.000,0.000,8|11,weighted_average,kalman(weighted_average),false
1788768547.054,122.586,1.306,-0.507,1.853,1.797,1.306,-0.507,1.853,1.797,0.000,0.000,0.000,0.000,8|11,weighted_average,kalman(weighted_average),false
1788768547.096,122.629,1.306,-0.507,1.853,1.797,1.306,-0.507,1.853,1.797,0.000,0.000,0.000,0.000,8|11,weighted_average,kalman(weighted_average),false
1788768547.202,122.735,1.306,-0.507,1.853,1.797,1.306,-0.507,1.853,1.797,0.000,0.000,0.000,0.000,8|11,weighted_average,kalman(weighted_average),false
1788768547.311,122.843,1.306,-0.507,1.853,1.797,1.306,-0.507,1.853,1.797,0.000,0.000,0.000,0.000,8|11,weighted_average,kalman(weighted_average),false
1788768547.370,122.902,1.306,-0.507,1.853,1.797,1.306,-0.507,1.853,1.797,0.000,0.000,0.000,0.000,8|11,weighted_average,kalman(weighted_average),false
1788768547.419,122.952,1.306,-0.507,1.853,1.797,1.306,-0.507,1.853,1.797,0.000,0.000,0.000,0.000,8|11,weighted_average,kalman(weighted_average),false
1788768547.476,123.009,1.306,-0.507,1.853,1.797,1.306,-0.507,1.853,1.797,0.000,0.000,0.000,0.000,8|11,weighted_average,kalman(weighted_average),false
1788768547.512,123.045,1.306,-0.507,1.853,1.797,1.306,-0.507,1.853,1.797,0.000,0.000,0.000,0.000,8|11,weighted_average,kalman(weighted_average),false
1788768547.588,123.121,1.306,-0.507,1.853,1.797,1.306,-0.507,1.853,1.797,0.000,0.000,0.000,0.000,8|11,weighted_average,kalman(weighted_average),false
1788768547.649,123.182,1.306,-0.507,1.853,1.797,1.306,-0.507,1.853,1.797,0.000,0.000,0.000,0.000,8|11,weighted_average,kalman(weighted_average),false
1788768547.695,123.228,1.306,-0.507,1.853,1.797,1.306,-0.507,1.853,1.797,0.000,0.000,0.000,0.000,8|11,weighted_average,kalman(weighted_average),false
1788768547.747,123.279,1.306,-0.507,1.853,1.797,1.306,-0.507,1.853,1.797,0.000,0.000,0.000,0.000,8|11,weighted_average,kalman(weighted_average),false
1788768547.800,123.333,1.306,-0.507,1.853,1.797,1.306,-0.507,1.853,1.797,0.000,0.000,0.000,0.000,8|11,weighted_average,kalman(weighted_average),false
1788768547.877,123.410,1.306,-0.507,1.853,1.797,1.306,-0.507,1.853,1.797,0.000,0.000,0.000,0.000,8|11,weighted_average,kalman(weighted_average),false
1788768547.936,123.469,1.306,-0.507,1.853,1.797,1.306,-0.507,1.853,1.797,0.000,0.000,0.000,0.000,8|11,weighted_average,kalman(weighted_average),false
1788768547.986,123.519,1.306,-0.507,1.853,1.797,1.306,-0.507,1.853,1.797,0.000,0.000,0.000,0.000,8|11,weighted_average,kalman(weighted_average),false
1788768548.030,123.563,1.306,-0.507,1.853,1.797,1.306,-0.507,1.853,1.797,0.000,0.000,0.000,0.000,8|11,weighted_average,kalman(weighted_average),false
1788768548.093,123.626,1.306,-0.507,1.853,1.797,1.306,-0.507,1.853,1.797,0.000,0.000,0.000,0.000,8|11,weighted_average,kalman(weighted_average),false
1788768548.169,123.702,1.306,-0.507,1.853,1.797,1.306,-0.507,1.853,1.797,0.000,0.000,0.000,0.000,8|11,weighted_average,kalman(weighted_average),false
1788768548.225,123.758,1.306,-0.507,1.853,1.797,1.306,-0.507,1.853,1.797,0.000,0.000,0.000,0.000,8|11,weighted_average,kalman(weighted_average),false
1788768548.270,123.802,1.306,-0.507,1.853,1.797,1.306,-0.507,1.853,1.797,0.000,0.000,0.000,0.000,8|11,weighted_average,kalman(weighted_average),false
1788768548.320,123.853,1.306,-0.507,1.853,1.797,1.306,-0.507,1.853,1.797,0.000,0.000,0.000,0.000,8|11,weighted_average,kalman(weighted_average),false
1788768548.373,123.906,1.306,-0.507,1.853,1.797,1.306,-0.507,1.853,1.797,0.000,0.000,0.000,0.000,8|11,weighted_average,kalman(weighted_average),false
1788768548.463,123.996,1.306,-0.507,1.853,1.797,1.306,-0.507,1.853,1.797,0.000,0.000,0.000,0.000,8|11,weighted_average,kalman(weighted_average),false
1788768548.517,124.049,1.306,-0.507,1.853,1.797,1.306,-0.507,1.853,1.797,0.000,0.000,0.000,0.000,8|11,weighted_average,kalman(weighted_average),false
1788768548.564,124.096,1.306,-0.507,1.853,1.797,1.306,-0.507,1.853,1.797,0.000,0.000,0.000,0.000,8|11,weighted_average,kalman(weighted_average),false
1788768548.615,124.148,1.306,-0.507,1.853,1.797,1.306,-0.507,1.853,1.797,0.000,0.000,0.000,0.000,8|11,weighted_average,kalman(weighted_average),false
1788768548.669,124.202,1.306,-0.507,1.853,1.797,1.306,-0.507,1.853,1.797,0.000,0.000,0.000,0.000,8|11,weighted_average,kalman(weighted_average),false
1788768548.751,124.284,1.306,-0.507,1.853,1.797,1.306,-0.507,1.853,1.797,0.000,0.000,0.000,0.000,8|11,weighted_average,kalman(weighted_average),false
1788768548.813,124.346,1.306,-0.507,1.853,1.797,1.306,-0.507,1.853,1.797,0.000,0.000,0.000,0.000,8|11,weighted_average,kalman(weighted_average),false
1788768548.865,124.398,1.306,-0.507,1.853,1.797,1.306,-0.507,1.853,1.797,0.000,0.000,0.000,0.000,8|11,weighted_average,kalman(weighted_average),false
1788768548.909,124.442,1.306,-0.507,1.853,1.797,1.306,-0.507,1.853,1.797,0.000,0.000,0.000,0.000,8|11,weighted_average,kalman(weighted_average),false
1788768548.955,124.488,1.306,-0.507,1.853,1.797,1.306,-0.507,1.853,1.797,0.000,0.000,0.000,0.000,8|11,weighted_average,kalman(weighted_average),false
1788768549.031,124.564,1.306,-0.507,1.853,1.797,1.306,-0.507,1.853,1.797,0.000,0.000,0.000,0.000,8|11,weighted_average,kalman(weighted_average),false
1788768549.083,124.616,1.306,-0.507,1.853,1.797,1.306,-0.507,1.853,1.797,0.000,0.000,0.000,0.000,8|11,weighted_average,kalman(weighted_average),false
1788768549.135,124.668,1.306,-0.507,1.853,1.797,1.306,-0.507,1.853,1.797,0.000,0.000,0.000,0.000,8|11,weighted_average,kalman(weighted_average),false
1788768549.193,124.726,1.306,-0.507,1.853,1.797,1.306,-0.507,1.853,1.797,0.000,0.000,0.000,0.000,8|11,weighted_average,kalman(weighted_average),false
1788768549.251,124.784,1.306,-0.507,1.853,1.797,1.306,-0.507,1.853,1.797,0.000,0.000,0.000,0.000,8|11,weighted_average,kalman(weighted_average),false
1788768549.325,124.858,1.306,-0.507,1.853,1.797,1.306,-0.507,1.853,1.797,0.000,0.000,0.000,0.000,8|11,weighted_average,kalman(weighted_average),false
1788768549.381,124.914,1.306,-0.507,1.853,1.797,1.306,-0.507,1.853,1.797,0.000,0.000,0.000,0.000,8|11,weighted_average,kalman(weighted_average),false
1788768549.431,124.964,1.306,-0.507,1.853,1.797,1.306,-0.507,1.853,1.797,0.000,0.000,0.000,0.000,8|11,weighted_average,kalman(weighted_average),false
1788768549.481,125.014,1.306,-0.507,1.853,1.797,1.306,-0.507,1.853,1.797,0.000,0.000,0.000,0.000,8|11,weighted_average,kalman(weighted_average),false
1788768549.532,125.065,1.306,-0.507,1.853,1.797,1.306,-0.507,1.853,1.797,0.000,0.000,0.000,0.000,8|11,weighted_average,kalman(weighted_average),false
1788768549.610,125.142,1.306,-0.507,1.853,1.797,1.306,-0.507,1.853,1.797,0.000,0.000,0.000,0.000,8|11,weighted_average,kalman(weighted_average),false
1788768549.661,125.194,1.306,-0.507,1.853,1.797,1.306,-0.507,1.853,1.797,0.000,0.000,0.000,0.000,8|11,weighted_average,kalman(weighted_average),false
1788768549.709,125.242,1.306,-0.507,1.853,1.797,1.306,-0.507,1.853,1.797,0.000,0.000,0.000,0.000,8|11,weighted_average,kalman(weighted_average),false
1788768549.761,125.294,1.306,-0.507,1.853,1.797,1.306,-0.507,1.853,1.797,0.000,0.000,0.000,0.000,8|11,weighted_average,kalman(weighted_average),false
1788768549.812,125.344,1.306,-0.507,1.853,1.797,1.306,-0.507,1.853,1.797,0.000,0.000,0.000,0.000,8|11,weighted_average,kalman(weighted_average),false
1788768549.896,125.428,1.306,-0.507,1.853,1.797,1.306,-0.507,1.853,1.797,0.000,0.000,0.000,0.000,8|11,weighted_average,kalman(weighted_average),false
1788768549.954,125.487,1.306,-0.507,1.853,1.797,1.306,-0.507,1.853,1.797,0.000,0.000,0.000,0.000,8|11,weighted_average,kalman(weighted_average),false
1788768550.006,125.538,1.306,-0.507,1.853,1.797,1.306,-0.507,1.853,1.797,0.000,0.000,0.000,0.000,8|11,weighted_average,kalman(weighted_average),false
1788768550.050,125.583,1.306,-0.507,1.853,1.797,1.306,-0.507,1.853,1.797,0.000,0.000,0.000,0.000,8|11,weighted_average,kalman(weighted_average),false
1788768550.102,125.635,1.306,-0.507,1.853,1.797,1.306,-0.507,1.853,1.797,0.000,0.000,0.000,0.000,8|11,weighted_average,kalman(weighted_average),false
1788768550.181,125.714,1.306,-0.507,1.853,1.797,1.306,-0.507,1.853,1.797,0.000,0.000,0.000,0.000,8|11,weighted_average,kalman(weighted_average),false
1788768550.237,125.770,1.306,-0.507,1.853,1.797,1.306,-0.507,1.853,1.797,0.000,0.000,0.000,0.000,8|11,weighted_average,kalman(weighted_average),false
1788768550.282,125.815,1.306,-0.507,1.853,1.797,1.306,-0.507,1.853,1.797,0.000,0.000,0.000,0.000,8|11,weighted_average,kalman(weighted_average),false
1788768550.338,125.870,1.306,-0.507,1.853,1.797,1.306,-0.507,1.853,1.797,0.000,0.000,0.000,0.000,8|11,weighted_average,kalman(weighted_average),false
1788768550.394,125.927,1.306,-0.507,1.853,1.797,1.306,-0.507,1.853,1.797,0.000,0.000,0.000,0.000,8|11,weighted_average,kalman(weighted_average),false
1788768550.472,126.005,1.306,-0.507,1.853,1.797,1.306,-0.507,1.853,1.797,0.000,0.000,0.000,0.000,8|11,weighted_average,kalman(weighted_average),false
1788768550.524,126.057,1.306,-0.507,1.853,1.797,1.306,-0.507,1.853,1.797,0.000,0.000,0.000,0.000,8|11,weighted_average,kalman(weighted_average),false
1788768550.575,126.107,1.306,-0.507,1.853,1.797,1.306,-0.507,1.853,1.797,0.000,0.000,0.000,0.000,8|11,weighted_average,kalman(weighted_average),false
1788768550.627,126.160,1.306,-0.507,1.853,1.797,1.306,-0.507,1.853,1.797,0.000,0.000,0.000,0.000,8|11,weighted_average,kalman(weighted_average),false
1788768550.674,126.207,1.306,-0.507,1.853,1.797,1.306,-0.507,1.853,1.797,0.000,0.000,0.000,0.000,8|11,weighted_average,kalman(weighted_average),false
1788768550.752,126.285,1.306,-0.507,1.853,1.797,1.306,-0.507,1.853,1.797,0.000,0.000,0.000,0.000,8|11,weighted_average,kalman(weighted_average),false
1788768550.808,126.341,1.306,-0.507,1.853,1.797,1.306,-0.507,1.853,1.797,0.000,0.000,0.000,0.000,8|11,weighted_average,kalman(weighted_average),false
1788768550.852,126.385,1.306,-0.507,1.853,1.797,1.306,-0.507,1.853,1.797,0.000,0.000,0.000,0.000,8|11,weighted_average,kalman(weighted_average),false
1788768550.905,126.438,1.306,-0.507,1.853,1.797,1.306,-0.507,1.853,1.797,0.000,0.000,0.000,0.000,8|11,weighted_average,kalman(weighted_average),false
1788768550.956,126.488,1.306,-0.507,1.853,1.797,1.306,-0.507,1.853,1.797,0.000,0.000,0.000,0.000,8|11,weighted_average,kalman(weighted_average),false
1788768551.040,126.572,1.306,-0.507,1.853,1.797,1.306,-0.507,1.853,1.797,0.000,0.000,0.000,0.000,8|11,weighted_average,kalman(weighted_average),false
1788768551.093,126.626,1.306,-0.507,1.853,1.797,1.306,-0.507,1.853,1.797,0.000,0.000,0.000,0.000,8|11,weighted_average,kalman(weighted_average),false
1788768551.140,126.673,1.306,-0.507,1.853,1.797,1.306,-0.507,1.853,1.797,0.000,0.000,0.000,0.000,8|11,weighted_average,kalman(weighted_average),false
1788768551.193,126.726,1.306,-0.507,1.853,1.797,1.306,-0.507,1.853,1.797,0.000,0.000,0.000,0.000,8|11,weighted_average,kalman(weighted_average),false
1788768551.242,126.775,1.306,-0.507,1.853,1.797,1.306,-0.507,1.853,1.797,0.000,0.000,0.000,0.000,8|11,weighted_average,kalman(weighted_average),false
1788768551.321,126.854,1.306,-0.507,1.853,1.797,1.306,-0.507,1.853,1.797,0.000,0.000,0.000,0.000,8|11,weighted_average,kalman(weighted_average),false
1788768551.374,126.907,1.306,-0.507,1.853,1.797,1.306,-0.507,1.853,1.797,0.000,0.000,0.000,0.000,8|11,weighted_average,kalman(weighted_average),false
1788768551.422,126.955,1.306,-0.507,1.853,1.797,1.306,-0.507,1.853,1.797,0.000,0.000,0.000,0.000,8|11,weighted_average,kalman(weighted_average),false
1788768551.473,127.006,1.306,-0.507,1.853,1.797,1.306,-0.507,1.853,1.797,0.000,0.000,0.000,0.000,8|11,weighted_average,kalman(weighted_average),false
1788768551.524,127.056,1.306,-0.507,1.853,1.797,1.306,-0.507,1.853,1.797,0.000,0.000,0.000,0.000,8|11,weighted_average,kalman(weighted_average),false
1788768551.607,127.140,1.306,-0.507,1.853,1.797,1.306,-0.507,1.853,1.797,0.000,0.000,0.000,0.000,8|11,weighted_average,kalman(weighted_average),false
1788768551.662,127.195,1.306,-0.507,1.853,1.797,1.306,-0.507,1.853,1.797,0.000,0.000,0.000,0.000,8|11,weighted_average,kalman(weighted_average),false
1788768551.724,127.257,1.306,-0.507,1.853,1.797,1.306,-0.507,1.853,1.797,0.000,0.000,0.000,0.000,8|11,weighted_average,kalman(weighted_average),false
1788768551.760,127.293,1.306,-0.507,1.853,1.797,1.306,-0.507,1.853,1.797,0.000,0.000,0.000,0.000,8|11,weighted_average,kalman(weighted_average),false
1788768551.818,127.351,1.306,-0.507,1.853,1.797,1.306,-0.507,1.853,1.797,0.000,0.000,0.000,0.000,8|11,weighted_average,kalman(weighted_average),false
1788768551.894,127.427,1.306,-0.507,1.853,1.797,1.306,-0.507,1.853,1.797,0.000,0.000,0.000,0.000,8|11,weighted_average,kalman(weighted_average),false
1788768551.948,127.481,1.306,-0.507,1.853,1.797,1.306,-0.507,1.853,1.797,0.000,0.000,0.000,0.000,8|11,weighted_average,kalman(weighted_average),false
1788768551.997,127.530,1.306,-0.507,1.853,1.797,1.306,-0.507,1.853,1.797,0.000,0.000,0.000,0.000,8|11,weighted_average,kalman(weighted_average),false
1788768552.052,127.585,1.306,-0.507,1.853,1.797,1.306,-0.507,1.853,1.797,0.000,0.000,0.000,0.000,8|11,weighted_average,kalman(weighted_average),false
1788768552.100,127.633,1.306,-0.507,1.853,1.797,1.306,-0.507,1.853,1.797,0.000,0.000,0.000,0.000,8|11,weighted_average,kalman(weighted_average),false
1788768552.178,127.711,1.306,-0.507,1.853,1.797,1.306,-0.507,1.853,1.797,0.000,0.000,0.000,0.000,8|11,weighted_average,kalman(weighted_average),false
1788768552.230,127.763,1.306,-0.507,1.853,1.797,1.306,-0.507,1.853,1.797,0.000,0.000,0.000,0.000,8|11,weighted_average,kalman(weighted_average),false
1788768552.281,127.814,1.306,-0.507,1.853,1.797,1.306,-0.507,1.853,1.797,0.000,0.000,0.000,0.000,8|11,weighted_average,kalman(weighted_average),false
1788768552.331,127.864,1.306,-0.507,1.853,1.797,1.306,-0.507,1.853,1.797,0.000,0.000,0.000,0.000,8|11,weighted_average,kalman(weighted_average),false
1788768552.377,127.910,1.306,-0.507,1.853,1.797,1.306,-0.507,1.853,1.797,0.000,0.000,0.000,0.000,8|11,weighted_average,kalman(weighted_average),false
1788768552.454,127.986,1.306,-0.507,1.853,1.797,1.306,-0.507,1.853,1.797,0.000,0.000,0.000,0.000,8|11,weighted_average,kalman(weighted_average),false
1788768552.509,128.041,1.306,-0.507,1.853,1.797,1.306,-0.507,1.853,1.797,0.000,0.000,0.000,0.000,8|11,weighted_average,kalman(weighted_average),false
1788768552.555,128.088,1.306,-0.507,1.853,1.797,1.306,-0.507,1.853,1.797,0.000,0.000,0.000,0.000,8|11,weighted_average,kalman(weighted_average),false
1788768552.610,128.143,1.306,-0.507,1.853,1.797,1.306,-0.507,1.853,1.797,0.000,0.000,0.000,0.000,8|11,weighted_average,kalman(weighted_average),false
1788768552.659,128.192,1.306,-0.507,1.853,1.797,1.306,-0.507,1.853,1.797,0.000,0.000,0.000,0.000,8|11,weighted_average,kalman(weighted_average),false
1788768552.736,128.269,1.306,-0.507,1.853,1.797,1.306,-0.507,1.853,1.797,0.000,0.000,0.000,0.000,8|11,weighted_average,kalman(weighted_average),false
1788768552.793,128.325,1.306,-0.507,1.853,1.797,1.306,-0.507,1.853,1.797,0.000,0.000,0.000,0.000,8|11,weighted_average,kalman(weighted_average),false
1788768552.845,128.378,1.306,-0.507,1.853,1.797,1.306,-0.507,1.853,1.797,0.000,0.000,0.000,0.000,8|11,weighted_average,kalman(weighted_average),false
1788768552.896,128.429,1.306,-0.507,1.853,1.797,1.306,-0.507,1.853,1.797,0.000,0.000,0.000,0.000,8|11,weighted_average,kalman(weighted_average),false
1788768552.945,128.477,1.306,-0.507,1.853,1.797,1.306,-0.507,1.853,1.797,0.000,0.000,0.000,0.000,8|11,weighted_average,kalman(weighted_average),false
1788768553.026,128.558,1.306,-0.507,1.853,1.797,1.306,-0.507,1.853,1.797,0.000,0.000,0.000,0.000,8|11,weighted_average,kalman(weighted_average),false
1788768553.074,128.607,1.306,-0.507,1.853,1.797,1.306,-0.507,1.853,1.797,0.000,0.000,0.000,0.000,8|11,weighted_average,kalman(weighted_average),false
1788768553.130,128.663,1.306,-0.507,1.853,1.797,1.306,-0.507,1.853,1.797,0.000,0.000,0.000,0.000,8|11,weighted_average,kalman(weighted_average),false
1788768553.203,128.735,1.306,-0.507,1.853,1.797,1.306,-0.507,1.853,1.797,0.000,0.000,0.000,0.000,8|11,weighted_average,kalman(weighted_average),false
1788768553.289,128.822,1.306,-0.507,1.853,1.797,1.306,-0.507,1.853,1.797,0.000,0.000,0.000,0.000,8|11,weighted_average,kalman(weighted_average),false
1788768553.339,128.872,1.306,-0.507,1.853,1.797,1.306,-0.507,1.853,1.797,0.000,0.000,0.000,0.000,8|11,weighted_average,kalman(weighted_average),false
1788768553.393,128.926,1.306,-0.507,1.853,1.797,1.306,-0.507,1.853,1.797,0.000,0.000,0.000,0.000,8|11,weighted_average,kalman(weighted_average),false
1788768553.440,128.973,1.306,-0.507,1.853,1.797,1.306,-0.507,1.853,1.797,0.000,0.000,0.000,0.000,8|11,weighted_average,kalman(weighted_average),false
1788768553.489,129.022,1.306,-0.507,1.853,1.797,1.306,-0.507,1.853,1.797,0.000,0.000,0.000,0.000,8|11,weighted_average,kalman(weighted_average),false
1788768553.563,129.095,1.306,-0.507,1.853,1.797,1.306,-0.507,1.853,1.797,0.000,0.000,0.000,0.000,8|11,weighted_average,kalman(weighted_average),false
1788768553.619,129.151,1.306,-0.507,1.853,1.797,1.306,-0.507,1.853,1.797,0.000,0.000,0.000,0.000,8|11,weighted_average,kalman(weighted_average),false
1788768553.663,129.196,1.306,-0.507,1.853,1.797,1.306,-0.507,1.853,1.797,0.000,0.000,0.000,0.000,8|11,weighted_average,kalman(weighted_average),false
1788768553.728,129.261,1.306,-0.507,1.853,1.797,1.306,-0.507,1.853,1.797,0.000,0.000,0.000,0.000,8|11,weighted_average,kalman(weighted_average),false
1788768553.767,129.300,1.306,-0.507,1.853,1.797,1.306,-0.507,1.853,1.797,0.000,0.000,0.000,0.000,8|11,weighted_average,kalman(weighted_average),false
1788768553.843,129.376,1.306,-0.507,1.853,1.797,1.306,-0.507,1.853,1.797,0.000,0.000,0.000,0.000,8|11,weighted_average,kalman(weighted_average),false
1788768553.900,129.432,1.306,-0.507,1.853,1.797,1.306,-0.507,1.853,1.797,0.000,0.000,0.000,0.000,8|11,weighted_average,kalman(weighted_average),false
1788768553.946,129.479,1.306,-0.507,1.853,1.797,1.306,-0.507,1.853,1.797,0.000,0.000,0.000,0.000,8|11,weighted_average,kalman(weighted_average),false
1788768553.999,129.531,1.306,-0.507,1.853,1.797,1.306,-0.507,1.853,1.797,0.000,0.000,0.000,0.000,8|11,weighted_average,kalman(weighted_average),false
1788768554.048,129.581,1.306,-0.507,1.853,1.797,1.306,-0.507,1.853,1.797,0.000,0.000,0.000,0.000,8|11,weighted_average,kalman(weighted_average),false
1788768554.126,129.659,1.306,-0.507,1.853,1.797,1.306,-0.507,1.853,1.797,0.000,0.000,0.000,0.000,8|11,weighted_average,kalman(weighted_average),false
1788768554.187,129.720,1.306,-0.507,1.853,1.797,1.306,-0.507,1.853,1.797,0.000,0.000,0.000,0.000,8|11,weighted_average,kalman(weighted_average),false
1788768554.228,129.761,1.306,-0.507,1.853,1.797,1.306,-0.507,1.853,1.797,0.000,0.000,0.000,0.000,8|11,weighted_average,kalman(weighted_average),false
1788768554.285,129.818,1.306,-0.507,1.853,1.797,1.306,-0.507,1.853,1.797,0.000,0.000,0.000,0.000,8|11,weighted_average,kalman(weighted_average),false
1788768554.330,129.863,1.306,-0.507,1.853,1.797,1.306,-0.507,1.853,1.797,0.000,0.000,0.000,0.000,8|11,weighted_average,kalman(weighted_average),false
1788768554.408,129.941,1.306,-0.507,1.853,1.797,1.306,-0.507,1.853,1.797,0.000,0.000,0.000,0.000,8|11,weighted_average,kalman(weighted_average),false
1788768554.462,129.994,1.306,-0.507,1.853,1.797,1.306,-0.507,1.853,1.797,0.000,0.000,0.000,0.000,8|11,weighted_average,kalman(weighted_average),false
1788768554.513,130.046,1.306,-0.507,1.853,1.797,1.306,-0.507,1.853,1.797,0.000,0.000,0.000,0.000,8|11,weighted_average,kalman(weighted_average),false
1788768554.567,130.100,1.306,-0.507,1.853,1.797,1.306,-0.507,1.853,1.797,0.000,0.000,0.000,0.000,8|11,weighted_average,kalman(weighted_average),false
1788768554.609,130.142,1.306,-0.507,1.853,1.797,1.306,-0.507,1.853,1.797,0.000,0.000,0.000,0.000,8|11,weighted_average,kalman(weighted_average),false
1788768554.682,130.215,1.306,-0.507,1.853,1.797,1.306,-0.507,1.853,1.797,0.000,0.000,0.000,0.000,8|11,weighted_average,kalman(weighted_average),false
1788768554.736,130.269,1.306,-0.507,1.853,1.797,1.306,-0.507,1.853,1.797,0.000,0.000,0.000,0.000,8|11,weighted_average,kalman(weighted_average),false
1788768554.785,130.318,1.306,-0.507,1.853,1.797,1.306,-0.507,1.853,1.797,0.000,0.000,0.000,0.000,8|11,weighted_average,kalman(weighted_average),false
1788768554.835,130.368,1.306,-0.507,1.853,1.797,1.306,-0.507,1.853,1.797,0.000,0.000,0.000,0.000,8|11,weighted_average,kalman(weighted_average),false
1788768554.888,130.421,1.306,-0.507,1.853,1.797,1.306,-0.507,1.853,1.797,0.000,0.000,0.000,0.000,8|11,weighted_average,kalman(weighted_average),false
1788768554.966,130.499,1.306,-0.507,1.853,1.797,1.306,-0.507,1.853,1.797,0.000,0.000,0.000,0.000,8|11,weighted_average,kalman(weighted_average),false
1788768555.025,130.558,1.306,-0.507,1.853,1.797,1.306,-0.507,1.853,1.797,0.000,0.000,0.000,0.000,8|11,weighted_average,kalman(weighted_average),false
1788768555.069,130.601,1.306,-0.507,1.853,1.797,1.306,-0.507,1.853,1.797,0.000,0.000,0.000,0.000,8|11,weighted_average,kalman(weighted_average),false
1788768555.120,130.653,1.306,-0.507,1.853,1.797,1.306,-0.507,1.853,1.797,0.000,0.000,0.000,0.000,8|11,weighted_average,kalman(weighted_average),false
1788768555.171,130.704,1.306,-0.507,1.853,1.797,1.306,-0.507,1.853,1.797,0.000,0.000,0.000,0.000,8|11,weighted_average,kalman(weighted_average),false
1788768555.245,130.778,1.306,-0.507,1.853,1.797,1.306,-0.507,1.853,1.797,0.000,0.000,0.000,0.000,8|11,weighted_average,kalman(weighted_average),false
1788768555.361,130.894,1.306,-0.507,1.853,1.797,1.306,-0.507,1.853,1.797,0.000,0.000,0.000,0.000,8|11,weighted_average,kalman(weighted_average),false
1788768555.402,130.934,1.306,-0.507,1.853,1.797,1.306,-0.507,1.853,1.797,0.000,0.000,0.000,0.000,8|11,weighted_average,kalman(weighted_average),false
1788768555.450,130.983,1.306,-0.507,1.853,1.797,1.306,-0.507,1.853,1.797,0.000,0.000,0.000,0.000,8|11,weighted_average,kalman(weighted_average),false
1788768555.527,131.059,1.306,-0.507,1.853,1.797,1.306,-0.507,1.853,1.797,0.000,0.000,0.000,0.000,8|11,weighted_average,kalman(weighted_average),false
1788768555.596,131.129,1.306,-0.507,1.853,1.797,1.306,-0.507,1.853,1.797,0.000,0.000,0.000,0.000,8|11,weighted_average,kalman(weighted_average),false
1788768555.634,131.167,1.306,-0.507,1.853,1.797,1.306,-0.507,1.853,1.797,0.000,0.000,0.000,0.000,8|11,weighted_average,kalman(weighted_average),false
1788768555.679,131.211,1.306,-0.507,1.853,1.797,1.306,-0.507,1.853,1.797,0.000,0.000,0.000,0.000,8|11,weighted_average,kalman(weighted_average),false
1788768555.735,131.268,1.306,-0.507,1.853,1.797,1.306,-0.507,1.853,1.797,0.000,0.000,0.000,0.000,8|11,weighted_average,kalman(weighted_average),false
1788768555.814,131.347,1.306,-0.507,1.853,1.797,1.306,-0.507,1.853,1.797,0.000,0.000,0.000,0.000,8|11,weighted_average,kalman(weighted_average),false
1788768555.866,131.399,1.306,-0.507,1.853,1.797,1.306,-0.507,1.853,1.797,0.000,0.000,0.000,0.000,8|11,weighted_average,kalman(weighted_average),false
1788768555.927,131.460,1.306,-0.507,1.853,1.797,1.306,-0.507,1.853,1.797,0.000,0.000,0.000,0.000,8|11,weighted_average,kalman(weighted_average),false
1788768555.965,131.498,1.306,-0.507,1.853,1.797,1.306,-0.507,1.853,1.797,0.000,0.000,0.000,0.000,8|11,weighted_average,kalman(weighted_average),false
1788768556.017,131.550,1.306,-0.507,1.853,1.797,1.306,-0.507,1.853,1.797,0.000,0.000,0.000,0.000,8|11,weighted_average,kalman(weighted_average),false
1788768556.094,131.627,1.306,-0.507,1.853,1.797,1.306,-0.507,1.853,1.797,0.000,0.000,0.000,0.000,8|11,weighted_average,kalman(weighted_average),false
1788768556.145,131.677,1.306,-0.507,1.853,1.797,1.306,-0.507,1.853,1.797,0.000,0.000,0.000,0.000,8|11,weighted_average,kalman(weighted_average),false
1788768556.195,131.728,1.306,-0.507,1.853,1.797,1.306,-0.507,1.853,1.797,0.000,0.000,0.000,0.000,8|11,weighted_average,kalman(weighted_average),false
1788768556.245,131.778,1.306,-0.507,1.853,1.797,1.306,-0.507,1.853,1.797,0.000,0.000,0.000,0.000,8|11,weighted_average,kalman(weighted_average),false
1788768556.295,131.828,1.306,-0.507,1.853,1.797,1.306,-0.507,1.853,1.797,0.000,0.000,0.000,0.000,8|11,weighted_average,kalman(weighted_average),false
1788768556.371,131.904,1.306,-0.507,1.853,1.797,1.306,-0.507,1.853,1.797,0.000,0.000,0.000,0.000,8|11,weighted_average,kalman(weighted_average),false
1788768556.419,131.952,1.306,-0.507,1.853,1.797,1.306,-0.507,1.853,1.797,0.000,0.000,0.000,0.000,8|11,weighted_average,kalman(weighted_average),false
1788768556.471,132.004,1.306,-0.507,1.853,1.797,1.306,-0.507,1.853,1.797,0.000,0.000,0.000,0.000,8|11,weighted_average,kalman(weighted_average),false
1788768556.522,132.055,1.306,-0.507,1.853,1.797,1.306,-0.507,1.853,1.797,0.000,0.000,0.000,0.000,8|11,weighted_average,kalman(weighted_average),false
1788768556.572,132.105,1.306,-0.507,1.853,1.797,1.306,-0.507,1.853,1.797,0.000,0.000,0.000,0.000,8|11,weighted_average,kalman(weighted_average),false
1788768556.657,132.190,1.306,-0.507,1.853,1.797,1.306,-0.507,1.853,1.797,0.000,0.000,0.000,0.000,8|11,weighted_average,kalman(weighted_average),false
1788768556.711,132.244,1.306,-0.507,1.853,1.797,1.306,-0.507,1.853,1.797,0.000,0.000,0.000,0.000,8|11,weighted_average,kalman(weighted_average),false
1788768556.757,132.290,1.306,-0.507,1.853,1.797,1.306,-0.507,1.853,1.797,0.000,0.000,0.000,0.000,8|11,weighted_average,kalman(weighted_average),false
1788768556.814,132.346,1.306,-0.507,1.853,1.797,1.306,-0.507,1.853,1.797,0.000,0.000,0.000,0.000,8|11,weighted_average,kalman(weighted_average),false
1788768556.862,132.395,1.306,-0.507,1.853,1.797,1.306,-0.507,1.853,1.797,0.000,0.000,0.000,0.000,8|11,weighted_average,kalman(weighted_average),false
1788768556.954,132.487,1.306,-0.507,1.853,1.797,1.306,-0.507,1.853,1.797,0.000,0.000,0.000,0.000,8|11,weighted_average,kalman(weighted_average),false
1788768557.002,132.535,1.306,-0.507,1.853,1.797,1.306,-0.507,1.853,1.797,0.000,0.000,0.000,0.000,8|11,weighted_average,kalman(weighted_average),false
1788768557.060,132.593,1.306,-0.507,1.853,1.797,1.306,-0.507,1.853,1.797,0.000,0.000,0.000,0.000,8|11,weighted_average,kalman(weighted_average),false
1788768557.104,132.637,1.306,-0.507,1.853,1.797,1.306,-0.507,1.853,1.797,0.000,0.000,0.000,0.000,8|11,weighted_average,kalman(weighted_average),false
1788768557.153,132.686,1.306,-0.507,1.853,1.797,1.306,-0.507,1.853,1.797,0.000,0.000,0.000,0.000,8|11,weighted_average,kalman(weighted_average),false
1788768557.229,132.762,1.306,-0.507,1.853,1.797,1.306,-0.507,1.853,1.797,0.000,0.000,0.000,0.000,8|11,weighted_average,kalman(weighted_average),false
1788768557.301,132.833,1.306,-0.507,1.853,1.797,1.306,-0.507,1.853,1.797,0.000,0.000,0.000,0.000,8|11,weighted_average,kalman(weighted_average),false
1788768557.343,132.875,1.306,-0.507,1.853,1.797,1.306,-0.507,1.853,1.797,0.000,0.000,0.000,0.000,8|11,weighted_average,kalman(weighted_average),false
1788768557.397,132.929,1.306,-0.507,1.853,1.797,1.306,-0.507,1.853,1.797,0.000,0.000,0.000,0.000,8|11,weighted_average,kalman(weighted_average),false
1788768557.439,132.972,1.306,-0.507,1.853,1.797,1.306,-0.507,1.853,1.797,0.000,0.000,0.000,0.000,8|11,weighted_average,kalman(weighted_average),false
1788768557.530,133.062,1.306,-0.507,1.853,1.797,1.306,-0.507,1.853,1.797,0.000,0.000,0.000,0.000,8|11,weighted_average,kalman(weighted_average),false
1788768557.585,133.118,1.306,-0.507,1.853,1.797,1.306,-0.507,1.853,1.797,0.000,0.000,0.000,0.000,8|11,weighted_average,kalman(weighted_average),false
1788768557.631,133.164,1.306,-0.507,1.853,1.797,1.306,-0.507,1.853,1.797,0.000,0.000,0.000,0.000,8|11,weighted_average,kalman(weighted_average),false
1788768557.691,133.224,1.306,-0.507,1.853,1.797,1.306,-0.507,1.853,1.797,0.000,0.000,0.000,0.000,8|11,weighted_average,kalman(weighted_average),false
1788768557.740,133.272,1.306,-0.507,1.853,1.797,1.306,-0.507,1.853,1.797,0.000,0.000,0.000,0.000,8|11,weighted_average,kalman(weighted_average),false
1788768557.842,133.375,1.306,-0.507,1.853,1.797,1.306,-0.507,1.853,1.797,0.000,0.000,0.000,0.000,8|11,weighted_average,kalman(weighted_average),false
1788768557.911,133.444,1.306,-0.507,1.853,1.797,1.306,-0.507,1.853,1.797,0.000,0.000,0.000,0.000,8|11,weighted_average,kalman(weighted_average),false
1788768557.968,133.500,1.306,-0.507,1.853,1.797,1.306,-0.507,1.853,1.797,0.000,0.000,0.000,0.000,8|11,weighted_average,kalman(weighted_average),false
1788768558.007,133.540,1.306,-0.507,1.853,1.797,1.306,-0.507,1.853,1.797,0.000,0.000,0.000,0.000,8|11,weighted_average,kalman(weighted_average),false
1788768558.085,133.617,1.306,-0.507,1.853,1.797,1.306,-0.507,1.853,1.797,0.000,0.000,0.000,0.000,8|11,weighted_average,kalman(weighted_average),false
1788768558.147,133.679,1.306,-0.507,1.853,1.797,1.306,-0.507,1.853,1.797,0.000,0.000,0.000,0.000,8|11,weighted_average,kalman(weighted_average),false
1788768558.189,133.722,1.306,-0.507,1.853,1.797,1.306,-0.507,1.853,1.797,0.000,0.000,0.000,0.000,8|11,weighted_average,kalman(weighted_average),false
1788768558.245,133.778,1.306,-0.507,1.853,1.797,1.306,-0.507,1.853,1.797,0.000,0.000,0.000,0.000,8|11,weighted_average,kalman(weighted_average),false
1788768558.293,133.825,1.306,-0.507,1.853,1.797,1.306,-0.507,1.853,1.797,0.000,0.000,0.000,0.000,8|11,weighted_average,kalman(weighted_average),false
1788768558.388,133.921,1.306,-0.507,1.853,1.797,1.306,-0.507,1.853,1.797,0.000,0.000,0.000,0.000,8|11,weighted_average,kalman(weighted_average),false
1788768558.442,133.975,1.306,-0.507,1.853,1.797,1.306,-0.507,1.853,1.797,0.000,0.000,0.000,0.000,8|11,weighted_average,kalman(weighted_average),false
1788768558.493,134.025,1.306,-0.507,1.853,1.797,1.306,-0.507,1.853,1.797,0.000,0.000,0.000,0.000,8|11,weighted_average,kalman(weighted_average),false
1788768558.555,134.088,1.306,-0.507,1.853,1.797,1.306,-0.507,1.853,1.797,0.000,0.000,0.000,0.000,8|11,weighted_average,kalman(weighted_average),false
1788768558.654,134.187,1.306,-0.507,1.853,1.797,1.306,-0.507,1.853,1.797,0.000,0.000,0.000,0.000,8|11,weighted_average,kalman(weighted_average),false
1788768558.711,134.244,1.306,-0.507,1.853,1.797,1.306,-0.507,1.853,1.797,0.000,0.000,0.000,0.000,8|11,weighted_average,kalman(weighted_average),false
1788768558.767,134.300,1.306,-0.507,1.853,1.797,1.306,-0.507,1.853,1.797,0.000,0.000,0.000,0.000,8|11,weighted_average,kalman(weighted_average),false
1788768558.801,134.333,1.306,-0.507,1.853,1.797,1.306,-0.507,1.853,1.797,0.000,0.000,0.000,0.000,8|11,weighted_average,kalman(weighted_average),false
1788768558.851,134.384,1.306,-0.507,1.853,1.797,1.306,-0.507,1.853,1.797,0.000,0.000,0.000,0.000,8|11,weighted_average,kalman(weighted_average),false
1788768558.932,134.464,1.306,-0.507,1.853,1.797,1.306,-0.507,1.853,1.797,0.000,0.000,0.000,0.000,8|11,weighted_average,kalman(weighted_average),false
1788768559.013,134.546,1.306,-0.507,1.853,1.797,1.306,-0.507,1.853,1.797,0.000,0.000,0.000,0.000,8|11,weighted_average,kalman(weighted_average),false
1788768559.065,134.598,1.306,-0.507,1.853,1.797,1.306,-0.507,1.853,1.797,0.000,0.000,0.000,0.000,8|11,weighted_average,kalman(weighted_average),false
1788768559.101,134.634,1.306,-0.507,1.853,1.797,1.306,-0.507,1.853,1.797,0.000,0.000,0.000,0.000,8|11,weighted_average,kalman(weighted_average),false
1788768559.154,134.687,1.306,-0.507,1.853,1.797,1.306,-0.507,1.853,1.797,0.000,0.000,0.000,0.000,8|11,weighted_average,kalman(weighted_average),false
1788768559.241,134.773,1.306,-0.507,1.853,1.797,1.306,-0.507,1.853,1.797,0.000,0.000,0.000,0.000,8|11,weighted_average,kalman(weighted_average),false
1788768559.293,134.826,1.306,-0.507,1.853,1.797,1.306,-0.507,1.853,1.797,0.000,0.000,0.000,0.000,8|11,weighted_average,kalman(weighted_average),false
1788768559.350,134.883,1.306,-0.507,1.853,1.797,1.306,-0.507,1.853,1.797,0.000,0.000,0.000,0.000,8|11,weighted_average,kalman(weighted_average),false
1788768559.395,134.928,1.306,-0.507,1.853,1.797,1.306,-0.507,1.853,1.797,0.000,0.000,0.000,0.000,8|11,weighted_average,kalman(weighted_average),false
1788768559.451,134.984,1.306,-0.507,1.853,1.797,1.306,-0.507,1.853,1.797,0.000,0.000,0.000,0.000,8|11,weighted_average,kalman(weighted_average),false
1788768559.579,135.112,1.306,-0.507,1.853,1.797,1.306,-0.507,1.853,1.797,0.000,0.000,0.000,0.000,8|11,weighted_average,kalman(weighted_average),false
1788768559.635,135.168,1.306,-0.507,1.853,1.797,1.306,-0.507,1.853,1.797,0.000,0.000,0.000,0.000,8|11,weighted_average,kalman(weighted_average),false
1788768559.690,135.223,1.306,-0.507,1.853,1.797,1.306,-0.507,1.853,1.797,0.000,0.000,0.000,0.000,8|11,weighted_average,kalman(weighted_average),false
1788768559.731,135.264,1.306,-0.507,1.853,1.797,1.306,-0.507,1.853,1.797,0.000,0.000,0.000,0.000,8|11,weighted_average,kalman(weighted_average),false
1788768559.805,135.338,1.306,-0.507,1.853,1.797,1.306,-0.507,1.853,1.797,0.000,0.000,0.000,0.000,8|11,weighted_average,kalman(weighted_average),false
1788768559.889,135.421,1.306,-0.507,1.853,1.797,1.306,-0.507,1.853,1.797,0.000,0.000,0.000,0.000,8|11,weighted_average,kalman(weighted_average),false
1788768559.945,135.478,1.306,-0.507,1.853,1.797,1.306,-0.507,1.853,1.797,0.000,0.000,0.000,0.000,8|11,weighted_average,kalman(weighted_average),false
1788768560.006,135.539,1.306,-0.507,1.853,1.797,1.306,-0.507,1.853,1.797,0.000,0.000,0.000,0.000,8|11,weighted_average,kalman(weighted_average),false
1788768560.047,135.580,1.306,-0.507,1.853,1.797,1.306,-0.507,1.853,1.797,0.000,0.000,0.000,0.000,8|11,weighted_average,kalman(weighted_average),false
1788768560.107,135.640,1.306,-0.507,1.853,1.797,1.306,-0.507,1.853,1.797,0.000,0.000,0.000,0.000,8|11,weighted_average,kalman(weighted_average),false
1788768560.235,135.768,1.306,-0.507,1.853,1.797,1.306,-0.507,1.853,1.797,0.000,0.000,0.000,0.000,8|11,weighted_average,kalman(weighted_average),false
1788768560.275,135.808,1.306,-0.507,1.853,1.797,1.306,-0.507,1.853,1.797,0.000,0.000,0.000,0.000,8|11,weighted_average,kalman(weighted_average),false
1788768560.350,135.883,1.306,-0.507,1.853,1.797,1.306,-0.507,1.853,1.797,0.000,0.000,0.000,0.000,8|11,weighted_average,kalman(weighted_average),false
1788768560.438,135.971,1.306,-0.507,1.853,1.797,1.306,-0.507,1.853,1.797,0.000,0.000,0.000,0.000,8|11,weighted_average,kalman(weighted_average),false
1788768560.539,136.072,1.306,-0.507,1.853,1.797,1.306,-0.507,1.853,1.797,0.000,0.000,0.000,0.000,8|11,weighted_average,kalman(weighted_average),false
1788768560.600,136.133,1.306,-0.507,1.853,1.797,1.306,-0.507,1.853,1.797,0.000,0.000,0.000,0.000,8|11,weighted_average,kalman(weighted_average),false
1788768560.643,136.175,1.306,-0.507,1.853,1.797,1.306,-0.507,1.853,1.797,0.000,0.000,0.000,0.000,8|11,weighted_average,kalman(weighted_average),false
1788768560.696,136.228,1.306,-0.507,1.853,1.797,1.306,-0.507,1.853,1.797,0.000,0.000,0.000,0.000,8|11,weighted_average,kalman(weighted_average),false
1788768560.750,136.283,1.306,-0.507,1.853,1.797,1.306,-0.507,1.853,1.797,0.000,0.000,0.000,0.000,8|11,weighted_average,kalman(weighted_average),false
1788768560.851,136.384,1.306,-0.507,1.853,1.797,1.306,-0.507,1.853,1.797,0.000,0.000,0.000,0.000,8|11,weighted_average,kalman(weighted_average),false
1788768560.894,136.427,1.306,-0.507,1.853,1.797,1.306,-0.507,1.853,1.797,0.000,0.000,0.000,0.000,8|11,weighted_average,kalman(weighted_average),false
1788768560.955,136.488,1.306,-0.507,1.853,1.797,1.306,-0.507,1.853,1.797,0.000,0.000,0.000,0.000,8|11,weighted_average,kalman(weighted_average),false
1788768560.996,136.529,1.306,-0.507,1.853,1.797,1.306,-0.507,1.853,1.797,0.000,0.000,0.000,0.000,8|11,weighted_average,kalman(weighted_average),false
1788768561.049,136.582,1.306,-0.507,1.853,1.797,1.306,-0.507,1.853,1.797,0.000,0.000,0.000,0.000,8|11,weighted_average,kalman(weighted_average),false
1788768561.134,136.666,1.306,-0.507,1.853,1.797,1.306,-0.507,1.853,1.797,0.000,0.000,0.000,0.000,8|11,weighted_average,kalman(weighted_average),false
1788768561.189,136.722,1.306,-0.507,1.853,1.797,1.306,-0.507,1.853,1.797,0.000,0.000,0.000,0.000,8|11,weighted_average,kalman(weighted_average),false
1788768561.246,136.779,1.306,-0.507,1.853,1.797,1.306,-0.507,1.853,1.797,0.000,0.000,0.000,0.000,8|11,weighted_average,kalman(weighted_average),false
1788768561.303,136.836,1.306,-0.507,1.853,1.797,1.306,-0.507,1.853,1.797,0.000,0.000,0.000,0.000,8|11,weighted_average,kalman(weighted_average),false
1788768561.457,136.990,1.306,-0.507,1.853,1.797,1.306,-0.507,1.853,1.797,0.000,0.000,0.000,0.000,8|11,weighted_average,kalman(weighted_average),false
1788768561.510,137.043,1.306,-0.507,1.853,1.797,1.306,-0.507,1.853,1.797,0.000,0.000,0.000,0.000,8|11,weighted_average,kalman(weighted_average),false
1788768561.565,137.097,1.306,-0.507,1.853,1.797,1.306,-0.507,1.853,1.797,0.000,0.000,0.000,0.000,8|11,weighted_average,kalman(weighted_average),false
1788768561.626,137.159,1.306,-0.507,1.853,1.797,1.306,-0.507,1.853,1.797,0.000,0.000,0.000,0.000,8|11,weighted_average,kalman(weighted_average),false
1788768561.754,137.287,1.306,-0.507,1.853,1.797,1.306,-0.507,1.853,1.797,0.000,0.000,0.000,0.000,8|11,weighted_average,kalman(weighted_average),false
1788768561.811,137.344,1.306,-0.507,1.853,1.797,1.306,-0.507,1.853,1.797,0.000,0.000,0.000,0.000,8|11,weighted_average,kalman(weighted_average),false
1788768561.864,137.397,1.306,-0.507,1.853,1.797,1.306,-0.507,1.853,1.797,0.000,0.000,0.000,0.000,8|11,weighted_average,kalman(weighted_average),false
1788768561.913,137.445,1.306,-0.507,1.853,1.797,1.306,-0.507,1.853,1.797,0.000,0.000,0.000,0.000,8|11,weighted_average,kalman(weighted_average),false
1788768561.960,137.493,1.306,-0.507,1.853,1.797,1.306,-0.507,1.853,1.797,0.000,0.000,0.000,0.000,8|11,weighted_average,kalman(weighted_average),false
1788768562.055,137.588,1.306,-0.507,1.853,1.797,1.306,-0.507,1.853,1.797,0.000,0.000,0.000,0.000,8|11,weighted_average,kalman(weighted_average),false
1788768562.119,137.652,1.306,-0.507,1.853,1.797,1.306,-0.507,1.853,1.797,0.000,0.000,0.000,0.000,8|11,weighted_average,kalman(weighted_average),false
1788768562.165,137.698,1.306,-0.507,1.853,1.797,1.306,-0.507,1.853,1.797,0.000,0.000,0.000,0.000,8|11,weighted_average,kalman(weighted_average),false
1788768562.215,137.748,1.306,-0.507,1.853,1.797,1.306,-0.507,1.853,1.797,0.000,0.000,0.000,0.000,8|11,weighted_average,kalman(weighted_average),false
1788768562.281,137.813,1.306,-0.507,1.853,1.797,1.306,-0.507,1.853,1.797,0.000,0.000,0.000,0.000,8|11,weighted_average,kalman(weighted_average),false
1788768562.365,137.897,1.306,-0.507,1.853,1.797,1.306,-0.507,1.853,1.797,0.000,0.000,0.000,0.000,8|11,weighted_average,kalman(weighted_average),false
1788768562.437,137.970,1.306,-0.507,1.853,1.797,1.306,-0.507,1.853,1.797,0.000,0.000,0.000,0.000,8|11,weighted_average,kalman(weighted_average),false
1788768562.471,138.004,1.306,-0.507,1.853,1.797,1.306,-0.507,1.853,1.797,0.000,0.000,0.000,0.000,8|11,weighted_average,kalman(weighted_average),false
1788768562.531,138.063,1.306,-0.507,1.853,1.797,1.306,-0.507,1.853,1.797,0.000,0.000,0.000,0.000,8|11,weighted_average,kalman(weighted_average),false
1788768562.582,138.115,1.306,-0.507,1.853,1.797,1.306,-0.507,1.853,1.797,0.000,0.000,0.000,0.000,8|11,weighted_average,kalman(weighted_average),false
1788768562.665,138.198,1.306,-0.507,1.853,1.797,1.306,-0.507,1.853,1.797,0.000,0.000,0.000,0.000,8|11,weighted_average,kalman(weighted_average),false
1788768562.728,138.261,1.306,-0.507,1.853,1.797,1.306,-0.507,1.853,1.797,0.000,0.000,0.000,0.000,8|11,weighted_average,kalman(weighted_average),false
1788768562.768,138.301,1.306,-0.507,1.853,1.797,1.306,-0.507,1.853,1.797,0.000,0.000,0.000,0.000,8|11,weighted_average,kalman(weighted_average),false
1788768562.835,138.368,1.306,-0.507,1.853,1.797,1.306,-0.507,1.853,1.797,0.000,0.000,0.000,0.000,8|11,weighted_average,kalman(weighted_average),false
1788768562.946,138.479,1.306,-0.507,1.853,1.797,1.306,-0.507,1.853,1.797,0.000,0.000,0.000,0.000,8|11,weighted_average,kalman(weighted_average),false
1788768562.992,138.525,1.306,-0.507,1.853,1.797,1.306,-0.507,1.853,1.797,0.000,0.000,0.000,0.000,8|11,weighted_average,kalman(weighted_average),false
1788768563.044,138.577,1.306,-0.507,1.853,1.797,1.306,-0.507,1.853,1.797,0.000,0.000,0.000,0.000,8|11,weighted_average,kalman(weighted_average),false
1788768563.103,138.636,1.306,-0.507,1.853,1.797,1.306,-0.507,1.853,1.797,0.000,0.000,0.000,0.000,8|11,weighted_average,kalman(weighted_average),false
1788768563.136,138.669,1.306,-0.507,1.853,1.797,1.306,-0.507,1.853,1.797,0.000,0.000,0.000,0.000,8|11,weighted_average,kalman(weighted_average),false
1788768563.219,138.752,1.306,-0.507,1.853,1.797,1.306,-0.507,1.853,1.797,0.000,0.000,0.000,0.000,8|11,weighted_average,kalman(weighted_average),false
1788768563.271,138.804,1.306,-0.507,1.853,1.797,1.306,-0.507,1.853,1.797,0.000,0.000,0.000,0.000,8|11,weighted_average,kalman(weighted_average),false
1788768563.331,138.864,1.306,-0.507,1.853,1.797,1.306,-0.507,1.853,1.797,0.000,0.000,0.000,0.000,8|11,weighted_average,kalman(weighted_average),false
1788768563.384,138.917,1.306,-0.507,1.853,1.797,1.306,-0.507,1.853,1.797,0.000,0.000,0.000,0.000,8|11,weighted_average,kalman(weighted_average),false
1788768563.423,138.956,1.306,-0.507,1.853,1.797,1.306,-0.507,1.853,1.797,0.000,0.000,0.000,0.000,8|11,weighted_average,kalman(weighted_average),false
1788768563.509,139.042,1.306,-0.507,1.853,1.797,1.306,-0.507,1.853,1.797,0.000,0.000,0.000,0.000,8|11,weighted_average,kalman(weighted_average),false
1788768563.579,139.112,1.306,-0.507,1.853,1.797,1.306,-0.507,1.853,1.797,0.000,0.000,0.000,0.000,8|11,weighted_average,kalman(weighted_average),false
1788768563.631,139.164,1.306,-0.507,1.853,1.797,1.306,-0.507,1.853,1.797,0.000,0.000,0.000,0.000,8|11,weighted_average,kalman(weighted_average),false
1788768563.669,139.202,1.306,-0.507,1.853,1.797,1.306,-0.507,1.853,1.797,0.000,0.000,0.000,0.000,8|11,weighted_average,kalman(weighted_average),false
1788768563.722,139.255,1.306,-0.507,1.853,1.797,1.306,-0.507,1.853,1.797,0.000,0.000,0.000,0.000,8|11,weighted_average,kalman(weighted_average),false
1788768563.807,139.340,1.306,-0.507,1.853,1.797,1.306,-0.507,1.853,1.797,0.000,0.000,0.000,0.000,8|11,weighted_average,kalman(weighted_average),false
1788768563.887,139.420,1.306,-0.507,1.853,1.797,1.306,-0.507,1.853,1.797,0.000,0.000,0.000,0.000,8|11,weighted_average,kalman(weighted_average),false
1788768563.914,139.447,1.306,-0.507,1.853,1.797,1.306,-0.507,1.853,1.797,0.000,0.000,0.000,0.000,8|11,weighted_average,kalman(weighted_average),false
1788768563.980,139.512,1.306,-0.507,1.853,1.797,1.306,-0.507,1.853,1.797,0.000,0.000,0.000,0.000,8|11,weighted_average,kalman(weighted_average),false
1788768564.059,139.592,1.306,-0.507,1.853,1.797,1.306,-0.507,1.853,1.797,0.000,0.000,0.000,0.000,8|11,weighted_average,kalman(weighted_average),false
1788768564.147,139.680,1.306,-0.507,1.853,1.797,1.306,-0.507,1.853,1.797,0.000,0.000,0.000,0.000,8|11,weighted_average,kalman(weighted_average),false
1788768564.195,139.728,1.306,-0.507,1.853,1.797,1.306,-0.507,1.853,1.797,0.000,0.000,0.000,0.000,8|11,weighted_average,kalman(weighted_average),false
1788768564.252,139.785,1.306,-0.507,1.853,1.797,1.306,-0.507,1.853,1.797,0.000,0.000,0.000,0.000,8|11,weighted_average,kalman(weighted_average),false
1788768564.344,139.877,1.306,-0.507,1.853,1.797,1.306,-0.507,1.853,1.797,0.000,0.000,0.000,0.000,8|11,weighted_average,kalman(weighted_average),false
1788768564.393,139.926,1.306,-0.507,1.853,1.797,1.306,-0.507,1.853,1.797,0.000,0.000,0.000,0.000,8|11,weighted_average,kalman(weighted_average),false
1788768564.456,139.989,1.306,-0.507,1.853,1.797,1.306,-0.507,1.853,1.797,0.000,0.000,0.000,0.000,8|11,weighted_average,kalman(weighted_average),false
1788768564.494,140.027,1.306,-0.507,1.853,1.797,1.306,-0.507,1.853,1.797,0.000,0.000,0.000,0.000,8|11,weighted_average,kalman(weighted_average),false
1788768564.567,140.100,1.306,-0.507,1.853,1.797,1.306,-0.507,1.853,1.797,0.000,0.000,0.000,0.000,8|11,weighted_average,kalman(weighted_average),false
1788768564.649,140.182,1.306,-0.507,1.853,1.797,1.306,-0.507,1.853,1.797,0.000,0.000,0.000,0.000,8|11,weighted_average,kalman(weighted_average),false
1788768564.702,140.235,1.306,-0.507,1.853,1.797,1.306,-0.507,1.853,1.797,0.000,0.000,0.000,0.000,8|11,weighted_average,kalman(weighted_average),false
1788768564.766,140.299,1.306,-0.507,1.853,1.797,1.306,-0.507,1.853,1.797,0.000,0.000,0.000,0.000,8|11,weighted_average,kalman(weighted_average),false
1788768564.800,140.333,1.306,-0.507,1.853,1.797,1.306,-0.507,1.853,1.797,0.000,0.000,0.000,0.000,8|11,weighted_average,kalman(weighted_average),false
1788768564.858,140.391,1.306,-0.507,1.853,1.797,1.306,-0.507,1.853,1.797,0.000,0.000,0.000,0.000,8|11,weighted_average,kalman(weighted_average),false
1788768564.953,140.485,1.306,-0.507,1.853,1.797,1.306,-0.507,1.853,1.797,0.000,0.000,0.000,0.000,8|11,weighted_average,kalman(weighted_average),false
1788768565.011,140.544,1.306,-0.507,1.853,1.797,1.306,-0.507,1.853,1.797,0.000,0.000,0.000,0.000,8|11,weighted_average,kalman(weighted_average),false
1788768565.056,140.589,1.306,-0.507,1.853,1.797,1.306,-0.507,1.853,1.797,0.000,0.000,0.000,0.000,8|11,weighted_average,kalman(weighted_average),false
1788768565.124,140.657,1.306,-0.507,1.853,1.797,1.306,-0.507,1.853,1.797,0.000,0.000,0.000,0.000,8|11,weighted_average,kalman(weighted_average),false
1788768565.258,140.790,1.306,-0.507,1.853,1.797,1.306,-0.507,1.853,1.797,0.000,0.000,0.000,0.000,8|11,weighted_average,kalman(weighted_average),false
1788768565.309,140.841,1.306,-0.507,1.853,1.797,1.306,-0.507,1.853,1.797,0.000,0.000,0.000,0.000,8|11,weighted_average,kalman(weighted_average),false
1788768565.400,140.933,1.306,-0.507,1.853,1.797,1.306,-0.507,1.853,1.797,0.000,0.000,0.000,0.000,8|11,weighted_average,kalman(weighted_average),false
1788768565.462,140.995,1.306,-0.507,1.853,1.797,1.306,-0.507,1.853,1.797,0.000,0.000,0.000,0.000,8|11,weighted_average,kalman(weighted_average),false
1788768565.548,141.081,1.306,-0.507,1.853,1.797,1.306,-0.507,1.853,1.797,0.000,0.000,0.000,0.000,8|11,weighted_average,kalman(weighted_average),false
1788768565.604,141.137,1.306,-0.507,1.853,1.797,1.306,-0.507,1.853,1.797,0.000,0.000,0.000,0.000,8|11,weighted_average,kalman(weighted_average),false
1788768565.658,141.191,1.306,-0.507,1.853,1.797,1.306,-0.507,1.853,1.797,0.000,0.000,0.000,0.000,8|11,weighted_average,kalman(weighted_average),false
1788768565.710,141.243,1.306,-0.507,1.853,1.797,1.306,-0.507,1.853,1.797,0.000,0.000,0.000,0.000,8|11,weighted_average,kalman(weighted_average),false
1788768565.763,141.296,1.306,-0.507,1.853,1.797,1.306,-0.507,1.853,1.797,0.000,0.000,0.000,0.000,8|11,weighted_average,kalman(weighted_average),false
1788768565.844,141.377,1.306,-0.507,1.853,1.797,1.306,-0.507,1.853,1.797,0.000,0.000,0.000,0.000,8|11,weighted_average,kalman(weighted_average),false
1788768565.902,141.434,1.306,-0.507,1.853,1.797,1.306,-0.507,1.853,1.797,0.000,0.000,0.000,0.000,8|11,weighted_average,kalman(weighted_average),false
1788768565.957,141.490,1.306,-0.507,1.853,1.797,1.306,-0.507,1.853,1.797,0.000,0.000,0.000,0.000,8|11,weighted_average,kalman(weighted_average),false
1788768565.996,141.529,1.306,-0.507,1.853,1.797,1.306,-0.507,1.853,1.797,0.000,0.000,0.000,0.000,8|11,weighted_average,kalman(weighted_average),false
1788768566.045,141.577,1.306,-0.507,1.853,1.797,1.306,-0.507,1.853,1.797,0.000,0.000,0.000,0.000,8|11,weighted_average,kalman(weighted_average),false
1788768566.128,141.661,1.306,-0.507,1.853,1.797,1.306,-0.507,1.853,1.797,0.000,0.000,0.000,0.000,8|11,weighted_average,kalman(weighted_average),false
1788768566.179,141.712,1.306,-0.507,1.853,1.797,1.306,-0.507,1.853,1.797,0.000,0.000,0.000,0.000,8|11,weighted_average,kalman(weighted_average),false
1788768566.230,141.763,1.306,-0.507,1.853,1.797,1.306,-0.507,1.853,1.797,0.000,0.000,0.000,0.000,8|11,weighted_average,kalman(weighted_average),false
1788768566.284,141.817,1.306,-0.507,1.853,1.797,1.306,-0.507,1.853,1.797,0.000,0.000,0.000,0.000,8|11,weighted_average,kalman(weighted_average),false
1788768566.334,141.867,1.306,-0.507,1.853,1.797,1.306,-0.507,1.853,1.797,0.000,0.000,0.000,0.000,8|11,weighted_average,kalman(weighted_average),false
1788768566.414,141.947,1.306,-0.507,1.853,1.797,1.306,-0.507,1.853,1.797,0.000,0.000,0.000,0.000,8|11,weighted_average,kalman(weighted_average),false
1788768566.476,142.009,1.306,-0.507,1.853,1.797,1.306,-0.507,1.853,1.797,0.000,0.000,0.000,0.000,8|11,weighted_average,kalman(weighted_average),false
1788768566.520,142.053,1.306,-0.507,1.853,1.797,1.306,-0.507,1.853,1.797,0.000,0.000,0.000,0.000,8|11,weighted_average,kalman(weighted_average),false
1788768566.579,142.112,1.306,-0.507,1.853,1.797,1.306,-0.507,1.853,1.797,0.000,0.000,0.000,0.000,8|11,weighted_average,kalman(weighted_average),false
1788768566.620,142.153,1.306,-0.507,1.853,1.797,1.306,-0.507,1.853,1.797,0.000,0.000,0.000,0.000,8|11,weighted_average,kalman(weighted_average),false
1788768566.700,142.233,1.306,-0.507,1.853,1.797,1.306,-0.507,1.853,1.797,0.000,0.000,0.000,0.000,8|11,weighted_average,kalman(weighted_average),false
1788768566.760,142.292,1.306,-0.507,1.853,1.797,1.306,-0.507,1.853,1.797,0.000,0.000,0.000,0.000,8|11,weighted_average,kalman(weighted_average),false
1788768566.808,142.341,1.306,-0.507,1.853,1.797,1.306,-0.507,1.853,1.797,0.000,0.000,0.000,0.000,8|11,weighted_average,kalman(weighted_average),false
1788768566.863,142.395,1.306,-0.507,1.853,1.797,1.306,-0.507,1.853,1.797,0.000,0.000,0.000,0.000,8|11,weighted_average,kalman(weighted_average),false
1788768566.907,142.439,1.306,-0.507,1.853,1.797,1.306,-0.507,1.853,1.797,0.000,0.000,0.000,0.000,8|11,weighted_average,kalman(weighted_average),false
1788768566.990,142.523,1.306,-0.507,1.853,1.797,1.306,-0.507,1.853,1.797,0.000,0.000,0.000,0.000,8|11,weighted_average,kalman(weighted_average),false
1788768567.047,142.580,1.306,-0.507,1.853,1.797,1.306,-0.507,1.853,1.797,0.000,0.000,0.000,0.000,8|11,weighted_average,kalman(weighted_average),false
1788768567.095,142.628,1.306,-0.507,1.853,1.797,1.306,-0.507,1.853,1.797,0.000,0.000,0.000,0.000,8|11,weighted_average,kalman(weighted_average),false
1788768567.147,142.680,1.306,-0.507,1.853,1.797,1.306,-0.507,1.853,1.797,0.000,0.000,0.000,0.000,8|11,weighted_average,kalman(weighted_average),false
1788768567.192,142.725,1.306,-0.507,1.853,1.797,1.306,-0.507,1.853,1.797,0.000,0.000,0.000,0.000,8|11,weighted_average,kalman(weighted_average),false
1788768567.273,142.806,1.306,-0.507,1.853,1.797,1.306,-0.507,1.853,1.797,0.000,0.000,0.000,0.000,8|11,weighted_average,kalman(weighted_average),false
1788768567.354,142.887,1.306,-0.507,1.853,1.797,1.306,-0.507,1.853,1.797,0.000,0.000,0.000,0.000,8|11,weighted_average,kalman(weighted_average),false
1788768567.385,142.917,1.306,-0.507,1.853,1.797,1.306,-0.507,1.853,1.797,0.000,0.000,0.000,0.000,8|11,weighted_average,kalman(weighted_average),false
1788768567.483,143.016,1.306,-0.507,1.853,1.797,1.306,-0.507,1.853,1.797,0.000,0.000,0.000,0.000,8|11,weighted_average,kalman(weighted_average),false
1788768567.569,143.102,1.306,-0.507,1.853,1.797,1.306,-0.507,1.853,1.797,0.000,0.000,0.000,0.000,8|11,weighted_average,kalman(weighted_average),false
1788768567.619,143.152,1.306,-0.507,1.853,1.797,1.306,-0.507,1.853,1.797,0.000,0.000,0.000,0.000,8|11,weighted_average,kalman(weighted_average),false
1788768567.674,143.206,1.306,-0.507,1.853,1.797,1.306,-0.507,1.853,1.797,0.000,0.000,0.000,0.000,8|11,weighted_average,kalman(weighted_average),false
1788768567.757,143.290,1.306,-0.507,1.853,1.797,1.306,-0.507,1.853,1.797,0.000,0.000,0.000,0.000,8|11,weighted_average,kalman(weighted_average),false
1788768567.846,143.379,1.306,-0.507,1.853,1.797,1.306,-0.507,1.853,1.797,0.000,0.000,0.000,0.000,8|11,weighted_average,kalman(weighted_average),false
1788768567.904,143.436,1.306,-0.507,1.853,1.797,1.306,-0.507,1.853,1.797,0.000,0.000,0.000,0.000,8|11,weighted_average,kalman(weighted_average),false
1788768567.948,143.481,1.306,-0.507,1.853,1.797,1.306,-0.507,1.853,1.797,0.000,0.000,0.000,0.000,8|11,weighted_average,kalman(weighted_average),false
1788768568.010,143.543,1.306,-0.507,1.853,1.797,1.306,-0.507,1.853,1.797,0.000,0.000,0.000,0.000,8|11,weighted_average,kalman(weighted_average),false
1788768568.053,143.586,1.306,-0.507,1.853,1.797,1.306,-0.507,1.853,1.797,0.000,0.000,0.000,0.000,8|11,weighted_average,kalman(weighted_average),false
1788768568.134,143.667,1.306,-0.507,1.853,1.797,1.306,-0.507,1.853,1.797,0.000,0.000,0.000,0.000,8|11,weighted_average,kalman(weighted_average),false
1788768568.205,143.738,1.306,-0.507,1.853,1.797,1.306,-0.507,1.853,1.797,0.000,0.000,0.000,0.000,8|11,weighted_average,kalman(weighted_average),false
1788768568.235,143.768,1.306,-0.507,1.853,1.797,1.306,-0.507,1.853,1.797,0.000,0.000,0.000,0.000,8|11,weighted_average,kalman(weighted_average),false
1788768568.295,143.828,1.306,-0.507,1.853,1.797,1.306,-0.507,1.853,1.797,0.000,0.000,0.000,0.000,8|11,weighted_average,kalman(weighted_average),false
1788768568.338,143.871,1.306,-0.507,1.853,1.797,1.306,-0.507,1.853,1.797,0.000,0.000,0.000,0.000,8|11,weighted_average,kalman(weighted_average),false
1788768568.423,143.955,1.306,-0.507,1.853,1.797,1.306,-0.507,1.853,1.797,0.000,0.000,0.000,0.000,8|11,weighted_average,kalman(weighted_average),false
1788768568.476,144.009,1.306,-0.507,1.853,1.797,1.306,-0.507,1.853,1.797,0.000,0.000,0.000,0.000,8|11,weighted_average,kalman(weighted_average),false
1788768568.532,144.065,1.306,-0.507,1.853,1.797,1.306,-0.507,1.853,1.797,0.000,0.000,0.000,0.000,8|11,weighted_average,kalman(weighted_average),false
1788768568.576,144.109,1.306,-0.507,1.853,1.797,1.306,-0.507,1.853,1.797,0.000,0.000,0.000,0.000,8|11,weighted_average,kalman(weighted_average),false
1788768568.650,144.182,1.306,-0.507,1.853,1.797,1.306,-0.507,1.853,1.797,0.000,0.000,0.000,0.000,8|11,weighted_average,kalman(weighted_average),false
1788768568.745,144.278,1.306,-0.507,1.853,1.797,1.306,-0.507,1.853,1.797,0.000,0.000,0.000,0.000,8|11,weighted_average,kalman(weighted_average),false
1788768568.799,144.332,1.306,-0.507,1.853,1.797,1.306,-0.507,1.853,1.797,0.000,0.000,0.000,0.000,8|11,weighted_average,kalman(weighted_average),false
1788768568.855,144.387,1.306,-0.507,1.853,1.797,1.306,-0.507,1.853,1.797,0.000,0.000,0.000,0.000,8|11,weighted_average,kalman(weighted_average),false
1788768568.905,144.438,1.306,-0.507,1.853,1.797,1.306,-0.507,1.853,1.797,0.000,0.000,0.000,0.000,8|11,weighted_average,kalman(weighted_average),false
1788768568.948,144.480,1.306,-0.507,1.853,1.797,1.306,-0.507,1.853,1.797,0.000,0.000,0.000,0.000,8|11,weighted_average,kalman(weighted_average),false
1788768569.029,144.562,1.306,-0.507,1.853,1.797,1.306,-0.507,1.853,1.797,0.000,0.000,0.000,0.000,8|11,weighted_average,kalman(weighted_average),false
1788768569.085,144.618,1.306,-0.507,1.853,1.797,1.306,-0.507,1.853,1.797,0.000,0.000,0.000,0.000,8|11,weighted_average,kalman(weighted_average),false
1788768569.136,144.668,1.306,-0.507,1.853,1.797,1.306,-0.507,1.853,1.797,0.000,0.000,0.000,0.000,8|11,weighted_average,kalman(weighted_average),false
1788768569.197,144.730,1.306,-0.507,1.853,1.797,1.306,-0.507,1.853,1.797,0.000,0.000,0.000,0.000,8|11,weighted_average,kalman(weighted_average),false
1788768569.294,144.826,1.306,-0.507,1.853,1.797,1.306,-0.507,1.853,1.797,0.000,0.000,0.000,0.000,8|11,weighted_average,kalman(weighted_average),false
1788768569.344,144.877,1.306,-0.507,1.853,1.797,1.306,-0.507,1.853,1.797,0.000,0.000,0.000,0.000,8|11,weighted_average,kalman(weighted_average),false
1788768569.401,144.934,1.306,-0.507,1.853,1.797,1.306,-0.507,1.853,1.797,0.000,0.000,0.000,0.000,8|11,weighted_average,kalman(weighted_average),false
1788768569.451,144.984,1.306,-0.507,1.853,1.797,1.306,-0.507,1.853,1.797,0.000,0.000,0.000,0.000,8|11,weighted_average,kalman(weighted_average),false
1788768569.498,145.031,1.306,-0.507,1.853,1.797,1.306,-0.507,1.853,1.797,0.000,0.000,0.000,0.000,8|11,weighted_average,kalman(weighted_average),false
1788768569.596,145.129,1.306,-0.507,1.853,1.797,1.306,-0.507,1.853,1.797,0.000,0.000,0.000,0.000,8|11,weighted_average,kalman(weighted_average),false
1788768569.665,145.198,1.306,-0.507,1.853,1.797,1.306,-0.507,1.853,1.797,0.000,0.000,0.000,0.000,8|11,weighted_average,kalman(weighted_average),false
1788768569.698,145.231,1.306,-0.507,1.853,1.797,1.306,-0.507,1.853,1.797,0.000,0.000,0.000,0.000,8|11,weighted_average,kalman(weighted_average),false
1788768569.755,145.287,1.306,-0.507,1.853,1.797,1.306,-0.507,1.853,1.797,0.000,0.000,0.000,0.000,8|11,weighted_average,kalman(weighted_average),false
1788768569.799,145.332,1.306,-0.507,1.853,1.797,1.306,-0.507,1.853,1.797,0.000,0.000,0.000,0.000,8|11,weighted_average,kalman(weighted_average),false
1788768569.887,145.420,1.306,-0.507,1.853,1.797,1.306,-0.507,1.853,1.797,0.000,0.000,0.000,0.000,8|11,weighted_average,kalman(weighted_average),false
1788768569.944,145.477,1.306,-0.507,1.853,1.797,1.306,-0.507,1.853,1.797,0.000,0.000,0.000,0.000,8|11,weighted_average,kalman(weighted_average),false
1788768570.011,145.543,1.306,-0.507,1.853,1.797,1.306,-0.507,1.853,1.797,0.000,0.000,0.000,0.000,8|11,weighted_average,kalman(weighted_average),false
1788768570.041,145.574,1.306,-0.507,1.853,1.797,1.306,-0.507,1.853,1.797,0.000,0.000,0.000,0.000,8|11,weighted_average,kalman(weighted_average),false
1788768570.110,145.643,1.306,-0.507,1.853,1.797,1.306,-0.507,1.853,1.797,0.000,0.000,0.000,0.000,8|11,weighted_average,kalman(weighted_average),false
1788768570.195,145.727,1.306,-0.507,1.853,1.797,1.306,-0.507,1.853,1.797,0.000,0.000,0.000,0.000,8|11,weighted_average,kalman(weighted_average),false
1788768570.256,145.789,1.306,-0.507,1.853,1.797,1.306,-0.507,1.853,1.797,0.000,0.000,0.000,0.000,8|11,weighted_average,kalman(weighted_average),false
1788768570.305,145.838,1.306,-0.507,1.853,1.797,1.306,-0.507,1.853,1.797,0.000,0.000,0.000,0.000,8|11,weighted_average,kalman(weighted_average),false
1788768570.369,145.902,1.306,-0.507,1.853,1.797,1.306,-0.507,1.853,1.797,0.000,0.000,0.000,0.000,8|11,weighted_average,kalman(weighted_average),false
1788768570.464,145.997,1.306,-0.507,1.853,1.797,1.306,-0.507,1.853,1.797,0.000,0.000,0.000,0.000,8|11,weighted_average,kalman(weighted_average),false
1788768570.534,146.067,1.306,-0.507,1.853,1.797,1.306,-0.507,1.853,1.797,0.000,0.000,0.000,0.000,8|11,weighted_average,kalman(weighted_average),false
1788768570.575,146.107,1.306,-0.507,1.853,1.797,1.306,-0.507,1.853,1.797,0.000,0.000,0.000,0.000,8|11,weighted_average,kalman(weighted_average),false
1788768570.621,146.154,1.306,-0.507,1.853,1.797,1.306,-0.507,1.853,1.797,0.000,0.000,0.000,0.000,8|11,weighted_average,kalman(weighted_average),false
1788768570.671,146.203,1.306,-0.507,1.853,1.797,1.306,-0.507,1.853,1.797,0.000,0.000,0.000,0.000,8|11,weighted_average,kalman(weighted_average),false
1788768570.749,146.282,1.306,-0.507,1.853,1.797,1.306,-0.507,1.853,1.797,0.000,0.000,0.000,0.000,8|11,weighted_average,kalman(weighted_average),false
1788768570.800,146.333,1.306,-0.507,1.853,1.797,1.306,-0.507,1.853,1.797,0.000,0.000,0.000,0.000,8|11,weighted_average,kalman(weighted_average),false
1788768570.857,146.389,1.306,-0.507,1.853,1.797,1.306,-0.507,1.853,1.797,0.000,0.000,0.000,0.000,8|11,weighted_average,kalman(weighted_average),false
1788768570.911,146.444,1.306,-0.507,1.853,1.797,1.306,-0.507,1.853,1.797,0.000,0.000,0.000,0.000,8|11,weighted_average,kalman(weighted_average),false
1788768570.954,146.487,1.306,-0.507,1.853,1.797,1.306,-0.507,1.853,1.797,0.000,0.000,0.000,0.000,8|11,weighted_average,kalman(weighted_average),false
1788768571.033,146.566,1.306,-0.507,1.853,1.797,1.306,-0.507,1.853,1.797,0.000,0.000,0.000,0.000,8|11,weighted_average,kalman(weighted_average),false
1788768571.086,146.619,1.306,-0.507,1.853,1.797,1.306,-0.507,1.853,1.797,0.000,0.000,0.000,0.000,8|11,weighted_average,kalman(weighted_average),false
1788768571.135,146.668,1.306,-0.507,1.853,1.797,1.306,-0.507,1.853,1.797,0.000,0.000,0.000,0.000,8|11,weighted_average,kalman(weighted_average),false
1788768571.202,146.735,1.306,-0.507,1.853,1.797,1.306,-0.507,1.853,1.797,0.000,0.000,0.000,0.000,8|11,weighted_average,kalman(weighted_average),false
1788768571.248,146.780,1.306,-0.507,1.853,1.797,1.306,-0.507,1.853,1.797,0.000,0.000,0.000,0.000,8|11,weighted_average,kalman(weighted_average),false
1788768571.330,146.863,1.306,-0.507,1.853,1.797,1.306,-0.507,1.853,1.797,0.000,0.000,0.000,0.000,8|11,weighted_average,kalman(weighted_average),false
1788768571.393,146.926,1.306,-0.507,1.853,1.797,1.306,-0.507,1.853,1.797,0.000,0.000,0.000,0.000,8|11,weighted_average,kalman(weighted_average),false
1788768571.433,146.966,1.306,-0.507,1.853,1.797,1.306,-0.507,1.853,1.797,0.000,0.000,0.000,0.000,8|11,weighted_average,kalman(weighted_average),false
1788768571.493,147.026,1.306,-0.507,1.853,1.797,1.306,-0.507,1.853,1.797,0.000,0.000,0.000,0.000,8|11,weighted_average,kalman(weighted_average),false
1788768571.537,147.069,1.306,-0.507,1.853,1.797,1.306,-0.507,1.853,1.797,0.000,0.000,0.000,0.000,8|11,weighted_average,kalman(weighted_average),false
1788768571.622,147.154,1.306,-0.507,1.853,1.797,1.306,-0.507,1.853,1.797,0.000,0.000,0.000,0.000,8|11,weighted_average,kalman(weighted_average),false
1788768571.679,147.212,1.306,-0.507,1.853,1.797,1.306,-0.507,1.853,1.797,0.000,0.000,0.000,0.000,8|11,weighted_average,kalman(weighted_average),false
1788768571.723,147.255,1.306,-0.507,1.853,1.797,1.306,-0.507,1.853,1.797,0.000,0.000,0.000,0.000,8|11,weighted_average,kalman(weighted_average),false
1788768571.786,147.319,1.306,-0.507,1.853,1.797,1.306,-0.507,1.853,1.797,0.000,0.000,0.000,0.000,8|11,weighted_average,kalman(weighted_average),false
1788768571.826,147.359,1.306,-0.507,1.853,1.797,1.306,-0.507,1.853,1.797,0.000,0.000,0.000,0.000,8|11,weighted_average,kalman(weighted_average),false
1788768571.911,147.444,1.306,-0.507,1.853,1.797,1.306,-0.507,1.853,1.797,0.000,0.000,0.000,0.000,8|11,weighted_average,kalman(weighted_average),false
1788768571.971,147.504,1.306,-0.507,1.853,1.797,1.306,-0.507,1.853,1.797,0.000,0.000,0.000,0.000,8|11,weighted_average,kalman(weighted_average),false
1788768572.015,147.548,1.306,-0.507,1.853,1.797,1.306,-0.507,1.853,1.797,0.000,0.000,0.000,0.000,8|11,weighted_average,kalman(weighted_average),false
1788768572.065,147.597,1.306,-0.507,1.853,1.797,1.306,-0.507,1.853,1.797,0.000,0.000,0.000,0.000,8|11,weighted_average,kalman(weighted_average),false
1788768572.128,147.661,1.306,-0.507,1.853,1.797,1.306,-0.507,1.853,1.797,0.000,0.000,0.000,0.000,8|11,weighted_average,kalman(weighted_average),false
1788768572.208,147.741,1.306,-0.507,1.853,1.797,1.306,-0.507,1.853,1.797,0.000,0.000,0.000,0.000,8|11,weighted_average,kalman(weighted_average),false
1788768572.269,147.802,1.306,-0.507,1.853,1.797,1.306,-0.507,1.853,1.797,0.000,0.000,0.000,0.000,8|11,weighted_average,kalman(weighted_average),false
1788768572.349,147.881,1.306,-0.507,1.853,1.797,1.306,-0.507,1.853,1.797,0.000,0.000,0.000,0.000,8|11,weighted_average,kalman(weighted_average),false
1788768572.400,147.933,1.306,-0.507,1.853,1.797,1.306,-0.507,1.853,1.797,0.000,0.000,0.000,0.000,8|11,weighted_average,kalman(weighted_average),false
1788768572.516,148.049,1.306,-0.507,1.853,1.797,1.306,-0.507,1.853,1.797,0.000,0.000,0.000,0.000,8|11,weighted_average,kalman(weighted_average),false
1788768572.583,148.115,1.306,-0.507,1.853,1.797,1.306,-0.507,1.853,1.797,0.000,0.000,0.000,0.000,8|11,weighted_average,kalman(weighted_average),false
1788768572.619,148.152,1.306,-0.507,1.853,1.797,1.306,-0.507,1.853,1.797,0.000,0.000,0.000,0.000,8|11,weighted_average,kalman(weighted_average),false
1788768572.669,148.202,1.306,-0.507,1.853,1.797,1.306,-0.507,1.853,1.797,0.000,0.000,0.000,0.000,8|11,weighted_average,kalman(weighted_average),false
1788768572.725,148.258,1.306,-0.507,1.853,1.797,1.306,-0.507,1.853,1.797,0.000,0.000,0.000,0.000,8|11,weighted_average,kalman(weighted_average),false
1788768572.815,148.348,1.306,-0.507,1.853,1.797,1.306,-0.507,1.853,1.797,0.000,0.000,0.000,0.000,8|11,weighted_average,kalman(weighted_average),false
1788768572.876,148.409,1.306,-0.507,1.853,1.797,1.306,-0.507,1.853,1.797,0.000,0.000,0.000,0.000,8|11,weighted_average,kalman(weighted_average),false
1788768572.927,148.460,1.306,-0.507,1.853,1.797,1.306,-0.507,1.853,1.797,0.000,0.000,0.000,0.000,8|11,weighted_average,kalman(weighted_average),false
1788768572.987,148.520,1.306,-0.507,1.853,1.797,1.306,-0.507,1.853,1.797,0.000,0.000,0.000,0.000,8|11,weighted_average,kalman(weighted_average),false
1788768573.070,148.603,1.306,-0.507,1.853,1.797,1.306,-0.507,1.853,1.797,0.000,0.000,0.000,0.000,8|11,weighted_average,kalman(weighted_average),false
1788768573.122,148.655,1.306,-0.507,1.853,1.797,1.306,-0.507,1.853,1.797,0.000,0.000,0.000,0.000,8|11,weighted_average,kalman(weighted_average),false
1788768573.178,148.711,1.306,-0.507,1.853,1.797,1.306,-0.507,1.853,1.797,0.000,0.000,0.000,0.000,8|11,weighted_average,kalman(weighted_average),false
1788768573.222,148.755,1.306,-0.507,1.853,1.797,1.306,-0.507,1.853,1.797,0.000,0.000,0.000,0.000,8|11,weighted_average,kalman(weighted_average),false
1788768573.276,148.809,1.306,-0.507,1.853,1.797,1.306,-0.507,1.853,1.797,0.000,0.000,0.000,0.000,8|11,weighted_average,kalman(weighted_average),false
1788768573.368,148.901,1.306,-0.507,1.853,1.797,1.306,-0.507,1.853,1.797,0.000,0.000,0.000,0.000,8|11,weighted_average,kalman(weighted_average),false
1788768573.423,148.956,1.306,-0.507,1.853,1.797,1.306,-0.507,1.853,1.797,0.000,0.000,0.000,0.000,8|11,weighted_average,kalman(weighted_average),false
1788768573.476,149.009,1.306,-0.507,1.853,1.797,1.306,-0.507,1.853,1.797,0.000,0.000,0.000,0.000,8|11,weighted_average,kalman(weighted_average),false
1788768573.522,149.055,1.306,-0.507,1.853,1.797,1.306,-0.507,1.853,1.797,0.000,0.000,0.000,0.000,8|11,weighted_average,kalman(weighted_average),false
1788768573.593,149.126,1.306,-0.507,1.853,1.797,1.306,-0.507,1.853,1.797,0.000,0.000,0.000,0.000,8|11,weighted_average,kalman(weighted_average),false
1788768573.674,149.207,1.306,-0.507,1.853,1.797,1.306,-0.507,1.853,1.797,0.000,0.000,0.000,0.000,8|11,weighted_average,kalman(weighted_average),false
1788768573.735,149.268,1.306,-0.507,1.853,1.797,1.306,-0.507,1.853,1.797,0.000,0.000,0.000,0.000,8|11,weighted_average,kalman(weighted_average),false
1788768573.785,149.318,1.306,-0.507,1.853,1.797,1.306,-0.507,1.853,1.797,0.000,0.000,0.000,0.000,8|11,weighted_average,kalman(weighted_average),false
1788768573.844,149.376,1.306,-0.507,1.853,1.797,1.306,-0.507,1.853,1.797,0.000,0.000,0.000,0.000,8|11,weighted_average,kalman(weighted_average),false
1788768573.880,149.413,1.306,-0.507,1.853,1.797,1.306,-0.507,1.853,1.797,0.000,0.000,0.000,0.000,8|11,weighted_average,kalman(weighted_average),false
1788768573.958,149.491,1.306,-0.507,1.853,1.797,1.306,-0.507,1.853,1.797,0.000,0.000,0.000,0.000,8|11,weighted_average,kalman(weighted_average),false
1788768574.033,149.565,1.306,-0.507,1.853,1.797,1.306,-0.507,1.853,1.797,0.000,0.000,0.000,0.000,8|11,weighted_average,kalman(weighted_average),false
1788768574.060,149.593,1.306,-0.507,1.853,1.797,1.306,-0.507,1.853,1.797,0.000,0.000,0.000,0.000,8|11,weighted_average,kalman(weighted_average),false
1788768574.117,149.650,1.306,-0.507,1.853,1.797,1.306,-0.507,1.853,1.797,0.000,0.000,0.000,0.000,8|11,weighted_average,kalman(weighted_average),false
1788768574.174,149.706,1.306,-0.507,1.853,1.797,1.306,-0.507,1.853,1.797,0.000,0.000,0.000,0.000,8|11,weighted_average,kalman(weighted_average),false
1788768574.255,149.788,1.306,-0.507,1.853,1.797,1.306,-0.507,1.853,1.797,0.000,0.000,0.000,0.000,8|11,weighted_average,kalman(weighted_average),false
1788768574.335,149.868,1.306,-0.507,1.853,1.797,1.306,-0.507,1.853,1.797,0.000,0.000,0.000,0.000,8|11,weighted_average,kalman(weighted_average),false
1788768574.364,149.897,1.306,-0.507,1.853,1.797,1.306,-0.507,1.853,1.797,0.000,0.000,0.000,0.000,8|11,weighted_average,kalman(weighted_average),false
1788768574.428,149.961,1.306,-0.507,1.853,1.797,1.306,-0.507,1.853,1.797,0.000,0.000,0.000,0.000,8|11,weighted_average,kalman(weighted_average),false
1788768574.472,150.005,1.306,-0.507,1.853,1.797,1.306,-0.507,1.853,1.797,0.000,0.000,0.000,0.000,8|11,weighted_average,kalman(weighted_average),false
1788768574.555,150.088,1.306,-0.507,1.853,1.797,1.306,-0.507,1.853,1.797,0.000,0.000,0.000,0.000,8|11,weighted_average,kalman(weighted_average),false
1788768574.623,150.156,1.306,-0.507,1.853,1.797,1.306,-0.507,1.853,1.797,0.000,0.000,0.000,0.000,8|11,weighted_average,kalman(weighted_average),false
1788768574.662,150.195,1.306,-0.507,1.853,1.797,1.306,-0.507,1.853,1.797,0.000,0.000,0.000,0.000,8|11,weighted_average,kalman(weighted_average),false
1788768574.714,150.247,1.306,-0.507,1.853,1.797,1.306,-0.507,1.853,1.797,0.000,0.000,0.000,0.000,8|11,weighted_average,kalman(weighted_average),false
1788768574.768,150.301,1.306,-0.507,1.853,1.797,1.306,-0.507,1.853,1.797,0.000,0.000,0.000,0.000,8|11,weighted_average,kalman(weighted_average),false
1788768574.844,150.377,1.306,-0.507,1.853,1.797,1.306,-0.507,1.853,1.797,0.000,0.000,0.000,0.000,8|11,weighted_average,kalman(weighted_average),false
1788768574.898,150.431,1.306,-0.507,1.853,1.797,1.306,-0.507,1.853,1.797,0.000,0.000,0.000,0.000,8|11,weighted_average,kalman(weighted_average),false
1788768574.962,150.495,1.306,-0.507,1.853,1.797,1.306,-0.507,1.853,1.797,0.000,0.000,0.000,0.000,8|11,weighted_average,kalman(weighted_average),false
1788768575.003,150.535,1.306,-0.507,1.853,1.797,1.306,-0.507,1.853,1.797,0.000,0.000,0.000,0.000,8|11,weighted_average,kalman(weighted_average),false
1788768575.052,150.585,1.306,-0.507,1.853,1.797,1.306,-0.507,1.853,1.797,0.000,0.000,0.000,0.000,8|11,weighted_average,kalman(weighted_average),false
1788768575.132,150.665,1.306,-0.507,1.853,1.797,1.306,-0.507,1.853,1.797,0.000,0.000,0.000,0.000,8|11,weighted_average,kalman(weighted_average),false
1788768575.202,150.735,1.306,-0.507,1.853,1.797,1.306,-0.507,1.853,1.797,0.000,0.000,0.000,0.000,8|11,weighted_average,kalman(weighted_average),false
1788768575.240,150.773,1.306,-0.507,1.853,1.797,1.306,-0.507,1.853,1.797,0.000,0.000,0.000,0.000,8|11,weighted_average,kalman(weighted_average),false
1788768575.301,150.834,1.306,-0.507,1.853,1.797,1.306,-0.507,1.853,1.797,0.000,0.000,0.000,0.000,8|11,weighted_average,kalman(weighted_average),false
1788768575.338,150.871,1.306,-0.507,1.853,1.797,1.306,-0.507,1.853,1.797,0.000,0.000,0.000,0.000,8|11,weighted_average,kalman(weighted_average),false
1788768575.427,150.960,1.306,-0.507,1.853,1.797,1.306,-0.507,1.853,1.797,0.000,0.000,0.000,0.000,8|11,weighted_average,kalman(weighted_average),false
1788768575.494,151.027,1.306,-0.507,1.853,1.797,1.306,-0.507,1.853,1.797,0.000,0.000,0.000,0.000,8|11,weighted_average,kalman(weighted_average),false
1788768575.528,151.061,1.306,-0.507,1.853,1.797,1.306,-0.507,1.853,1.797,0.000,0.000,0.000,0.000,8|11,weighted_average,kalman(weighted_average),false
1788768575.585,151.118,1.306,-0.507,1.853,1.797,1.306,-0.507,1.853,1.797,0.000,0.000,0.000,0.000,8|11,weighted_average,kalman(weighted_average),false
1788768575.651,151.184,1.306,-0.507,1.853,1.797,1.306,-0.507,1.853,1.797,0.000,0.000,0.000,0.000,8|11,weighted_average,kalman(weighted_average),false
1788768575.742,151.275,1.306,-0.507,1.853,1.797,1.306,-0.507,1.853,1.797,0.000,0.000,0.000,0.000,8|11,weighted_average,kalman(weighted_average),false
1788768575.802,151.335,1.306,-0.507,1.853,1.797,1.306,-0.507,1.853,1.797,0.000,0.000,0.000,0.000,8|11,weighted_average,kalman(weighted_average),false
1788768575.847,151.380,1.306,-0.507,1.853,1.797,1.306,-0.507,1.853,1.797,0.000,0.000,0.000,0.000,8|11,weighted_average,kalman(weighted_average),false
1788768575.913,151.446,1.306,-0.507,1.853,1.797,1.306,-0.507,1.853,1.797,0.000,0.000,0.000,0.000,8|11,weighted_average,kalman(weighted_average),false
1788768575.955,151.488,1.306,-0.507,1.853,1.797,1.306,-0.507,1.853,1.797,0.000,0.000,0.000,0.000,8|11,weighted_average,kalman(weighted_average),false
1788768576.040,151.573,1.306,-0.507,1.853,1.797,1.306,-0.507,1.853,1.797,0.000,0.000,0.000,0.000,8|11,weighted_average,kalman(weighted_average),false
1788768576.097,151.630,1.306,-0.507,1.853,1.797,1.306,-0.507,1.853,1.797,0.000,0.000,0.000,0.000,8|11,weighted_average,kalman(weighted_average),false
1788768576.161,151.693,1.306,-0.507,1.853,1.797,1.306,-0.507,1.853,1.797,0.000,0.000,0.000,0.000,8|11,weighted_average,kalman(weighted_average),false
1788768576.194,151.727,1.306,-0.507,1.853,1.797,1.306,-0.507,1.853,1.797,0.000,0.000,0.000,0.000,8|11,weighted_average,kalman(weighted_average),false
1788768576.260,151.793,1.306,-0.507,1.853,1.797,1.306,-0.507,1.853,1.797,0.000,0.000,0.000,0.000,8|11,weighted_average,kalman(weighted_average),false
1788768576.353,151.886,1.306,-0.507,1.853,1.797,1.306,-0.507,1.853,1.797,0.000,0.000,0.000,0.000,8|11,weighted_average,kalman(weighted_average),false
1788768576.406,151.939,1.306,-0.507,1.853,1.797,1.306,-0.507,1.853,1.797,0.000,0.000,0.000,0.000,8|11,weighted_average,kalman(weighted_average),false
1788768576.463,151.996,1.306,-0.507,1.853,1.797,1.306,-0.507,1.853,1.797,0.000,0.000,0.000,0.000,8|11,weighted_average,kalman(weighted_average),false
1788768576.504,152.037,1.306,-0.507,1.853,1.797,1.306,-0.507,1.853,1.797,0.000,0.000,0.000,0.000,8|11,weighted_average,kalman(weighted_average),false
1788768576.559,152.092,1.306,-0.507,1.853,1.797,1.306,-0.507,1.853,1.797,0.000,0.000,0.000,0.000,8|11,weighted_average,kalman(weighted_average),false
1788768576.639,152.172,1.306,-0.507,1.853,1.797,1.306,-0.507,1.853,1.797,0.000,0.000,0.000,0.000,8|11,weighted_average,kalman(weighted_average),false
1788768576.715,152.248,1.306,-0.507,1.853,1.797,1.306,-0.507,1.853,1.797,0.000,0.000,0.000,0.000,8|11,weighted_average,kalman(weighted_average),false
1788768576.744,152.277,1.306,-0.507,1.853,1.797,1.306,-0.507,1.853,1.797,0.000,0.000,0.000,0.000,8|11,weighted_average,kalman(weighted_average),false
1788768576.803,152.336,1.306,-0.507,1.853,1.797,1.306,-0.507,1.853,1.797,0.000,0.000,0.000,0.000,8|11,weighted_average,kalman(weighted_average),false
1788768576.854,152.387,1.306,-0.507,1.853,1.797,1.306,-0.507,1.853,1.797,0.000,0.000,0.000,0.000,8|11,weighted_average,kalman(weighted_average),false
1788768576.938,152.471,1.306,-0.507,1.853,1.797,1.306,-0.507,1.853,1.797,0.000,0.000,0.000,0.000,8|11,weighted_average,kalman(weighted_average),false
1788768576.991,152.524,1.306,-0.507,1.853,1.797,1.306,-0.507,1.853,1.797,0.000,0.000,0.000,0.000,8|11,weighted_average,kalman(weighted_average),false
1788768577.059,152.592,1.306,-0.507,1.853,1.797,1.306,-0.507,1.853,1.797,0.000,0.000,0.000,0.000,8|11,weighted_average,kalman(weighted_average),false
1788768577.093,152.626,1.306,-0.507,1.853,1.797,1.306,-0.507,1.853,1.797,0.000,0.000,0.000,0.000,8|11,weighted_average,kalman(weighted_average),false
1788768577.152,152.685,1.306,-0.507,1.853,1.797,1.306,-0.507,1.853,1.797,0.000,0.000,0.000,0.000,8|11,weighted_average,kalman(weighted_average),false
1788768577.227,152.760,1.306,-0.507,1.853,1.797,1.306,-0.507,1.853,1.797,0.000,0.000,0.000,0.000,8|11,weighted_average,kalman(weighted_average),false
1788768577.293,152.826,1.306,-0.507,1.853,1.797,1.306,-0.507,1.853,1.797,0.000,0.000,0.000,0.000,8|11,weighted_average,kalman(weighted_average),false
1788768577.332,152.865,1.306,-0.507,1.853,1.797,1.306,-0.507,1.853,1.797,0.000,0.000,0.000,0.000,8|11,weighted_average,kalman(weighted_average),false
1788768577.398,152.931,1.306,-0.507,1.853,1.797,1.306,-0.507,1.853,1.797,0.000,0.000,0.000,0.000,8|11,weighted_average,kalman(weighted_average),false
1788768577.432,152.965,1.306,-0.507,1.853,1.797,1.306,-0.507,1.853,1.797,0.000,0.000,0.000,0.000,8|11,weighted_average,kalman(weighted_average),false
1788768577.512,153.045,1.306,-0.507,1.853,1.797,1.306,-0.507,1.853,1.797,0.000,0.000,0.000,0.000,8|11,weighted_average,kalman(weighted_average),false
1788768577.569,153.102,1.306,-0.507,1.853,1.797,1.306,-0.507,1.853,1.797,0.000,0.000,0.000,0.000,8|11,weighted_average,kalman(weighted_average),false
1788768577.624,153.156,1.306,-0.507,1.853,1.797,1.306,-0.507,1.853,1.797,0.000,0.000,0.000,0.000,8|11,weighted_average,kalman(weighted_average),false
1788768577.674,153.206,1.306,-0.507,1.853,1.797,1.306,-0.507,1.853,1.797,0.000,0.000,0.000,0.000,8|11,weighted_average,kalman(weighted_average),false
1788768577.727,153.259,1.306,-0.507,1.853,1.797,1.306,-0.507,1.853,1.797,0.000,0.000,0.000,0.000,8|11,weighted_average,kalman(weighted_average),false
1788768577.814,153.347,1.306,-0.507,1.853,1.797,1.306,-0.507,1.853,1.797,0.000,0.000,0.000,0.000,8|11,weighted_average,kalman(weighted_average),false
1788768577.878,153.411,1.306,-0.507,1.853,1.797,1.306,-0.507,1.853,1.797,0.000,0.000,0.000,0.000,8|11,weighted_average,kalman(weighted_average),false
1788768577.915,153.448,1.306,-0.507,1.853,1.797,1.306,-0.507,1.853,1.797,0.000,0.000,0.000,0.000,8|11,weighted_average,kalman(weighted_average),false
1788768577.994,153.527,1.306,-0.507,1.853,1.797,1.306,-0.507,1.853,1.797,0.000,0.000,0.000,0.000,8|11,weighted_average,kalman(weighted_average),false
1788768578.078,153.611,1.306,-0.507,1.853,1.797,1.306,-0.507,1.853,1.797,0.000,0.000,0.000,0.000,8|11,weighted_average,kalman(weighted_average),false
1788768578.136,153.668,1.306,-0.507,1.853,1.797,1.306,-0.507,1.853,1.797,0.000,0.000,0.000,0.000,8|11,weighted_average,kalman(weighted_average),false
1788768578.186,153.719,1.306,-0.507,1.853,1.797,1.306,-0.507,1.853,1.797,0.000,0.000,0.000,0.000,8|11,weighted_average,kalman(weighted_average),false
1788768578.238,153.771,1.306,-0.507,1.853,1.797,1.306,-0.507,1.853,1.797,0.000,0.000,0.000,0.000,8|11,weighted_average,kalman(weighted_average),false
1788768578.290,153.823,1.306,-0.507,1.853,1.797,1.306,-0.507,1.853,1.797,0.000,0.000,0.000,0.000,8|11,weighted_average,kalman(weighted_average),false
1788768578.372,153.905,1.306,-0.507,1.853,1.797,1.306,-0.507,1.853,1.797,0.000,0.000,0.000,0.000,8|11,weighted_average,kalman(weighted_average),false
1788768578.437,153.969,1.306,-0.507,1.853,1.797,1.306,-0.507,1.853,1.797,0.000,0.000,0.000,0.000,8|11,weighted_average,kalman(weighted_average),false
1788768578.485,154.018,1.306,-0.507,1.853,1.797,1.306,-0.507,1.853,1.797,0.000,0.000,0.000,0.000,8|11,weighted_average,kalman(weighted_average),false
1788768578.533,154.066,1.306,-0.507,1.853,1.797,1.306,-0.507,1.853,1.797,0.000,0.000,0.000,0.000,8|11,weighted_average,kalman(weighted_average),false
1788768578.595,154.127,1.306,-0.507,1.853,1.797,1.306,-0.507,1.853,1.797,0.000,0.000,0.000,0.000,8|11,weighted_average,kalman(weighted_average),false
1788768578.675,154.208,1.306,-0.507,1.853,1.797,1.306,-0.507,1.853,1.797,0.000,0.000,0.000,0.000,8|11,weighted_average,kalman(weighted_average),false
1788768578.743,154.276,1.306,-0.507,1.853,1.797,1.306,-0.507,1.853,1.797,0.000,0.000,0.000,0.000,8|11,weighted_average,kalman(weighted_average),false
1788768578.787,154.320,1.306,-0.507,1.853,1.797,1.306,-0.507,1.853,1.797,0.000,0.000,0.000,0.000,8|11,weighted_average,kalman(weighted_average),false
1788768578.838,154.371,1.306,-0.507,1.853,1.797,1.306,-0.507,1.853,1.797,0.000,0.000,0.000,0.000,8|11,weighted_average,kalman(weighted_average),false
1788768578.901,154.434,1.306,-0.507,1.853,1.797,1.306,-0.507,1.853,1.797,0.000,0.000,0.000,0.000,8|11,weighted_average,kalman(weighted_average),false
1788768578.983,154.516,1.306,-0.507,1.853,1.797,1.306,-0.507,1.853,1.797,0.000,0.000,0.000,0.000,8|11,weighted_average,kalman(weighted_average),false
1788768579.033,154.566,1.306,-0.507,1.853,1.797,1.306,-0.507,1.853,1.797,0.000,0.000,0.000,0.000,8|11,weighted_average,kalman(weighted_average),false
1788768579.097,154.629,1.306,-0.507,1.853,1.797,1.306,-0.507,1.853,1.797,0.000,0.000,0.000,0.000,8|11,weighted_average,kalman(weighted_average),false
1788768579.138,154.671,1.306,-0.507,1.853,1.797,1.306,-0.507,1.853,1.797,0.000,0.000,0.000,0.000,8|11,weighted_average,kalman(weighted_average),false
1788768579.198,154.730,1.306,-0.507,1.853,1.797,1.306,-0.507,1.853,1.797,0.000,0.000,0.000,0.000,8|11,weighted_average,kalman(weighted_average),false
1788768579.281,154.814,1.306,-0.507,1.853,1.797,1.306,-0.507,1.853,1.797,0.000,0.000,0.000,0.000,8|11,weighted_average,kalman(weighted_average),false
1788768579.348,154.881,1.306,-0.507,1.853,1.797,1.306,-0.507,1.853,1.797,0.000,0.000,0.000,0.000,8|11,weighted_average,kalman(weighted_average),false
1788768579.383,154.916,1.306,-0.507,1.853,1.797,1.306,-0.507,1.853,1.797,0.000,0.000,0.000,0.000,8|11,weighted_average,kalman(weighted_average),false
1788768579.454,154.987,1.306,-0.507,1.853,1.797,1.306,-0.507,1.853,1.797,0.000,0.000,0.000,0.000,8|11,weighted_average,kalman(weighted_average),false
1788768579.552,155.085,1.306,-0.507,1.853,1.797,1.306,-0.507,1.853,1.797,0.000,0.000,0.000,0.000,8|11,weighted_average,kalman(weighted_average),false
1788768579.611,155.144,1.306,-0.507,1.853,1.797,1.306,-0.507,1.853,1.797,0.000,0.000,0.000,0.000,8|11,weighted_average,kalman(weighted_average),false
1788768579.663,155.196,1.306,-0.507,1.853,1.797,1.306,-0.507,1.853,1.797,0.000,0.000,0.000,0.000,8|11,weighted_average,kalman(weighted_average),false
1788768579.719,155.251,1.306,-0.507,1.853,1.797,1.306,-0.507,1.853,1.797,0.000,0.000,0.000,0.000,8|11,weighted_average,kalman(weighted_average),false
1788768579.756,155.289,1.306,-0.507,1.853,1.797,1.306,-0.507,1.853,1.797,0.000,0.000,0.000,0.000,8|11,weighted_average,kalman(weighted_average),false
1788768579.834,155.367,1.306,-0.507,1.853,1.797,1.306,-0.507,1.853,1.797,0.000,0.000,0.000,0.000,8|11,weighted_average,kalman(weighted_average),false
1788768579.903,155.435,1.306,-0.507,1.853,1.797,1.306,-0.507,1.853,1.797,0.000,0.000,0.000,0.000,8|11,weighted_average,kalman(weighted_average),false
1788768579.936,155.469,1.306,-0.507,1.853,1.797,1.306,-0.507,1.853,1.797,0.000,0.000,0.000,0.000,8|11,weighted_average,kalman(weighted_average),false
1788768580.000,155.533,1.306,-0.507,1.853,1.797,1.306,-0.507,1.853,1.797,0.000,0.000,0.000,0.000,8|11,weighted_average,kalman(weighted_average),false
1788768580.040,155.572,1.306,-0.507,1.853,1.797,1.306,-0.507,1.853,1.797,0.000,0.000,0.000,0.000,8|11,weighted_average,kalman(weighted_average),false
1788768580.121,155.654,1.306,-0.507,1.853,1.797,1.306,-0.507,1.853,1.797,0.000,0.000,0.000,0.000,8|11,weighted_average,kalman(weighted_average),false
1788768580.175,155.708,1.306,-0.507,1.853,1.797,1.306,-0.507,1.853,1.797,0.000,0.000,0.000,0.000,8|11,weighted_average,kalman(weighted_average),false
1788768580.233,155.766,1.306,-0.507,1.853,1.797,1.306,-0.507,1.853,1.797,0.000,0.000,0.000,0.000,8|11,weighted_average,kalman(weighted_average),false
1788768580.282,155.815,1.306,-0.507,1.853,1.797,1.306,-0.507,1.853,1.797,0.000,0.000,0.000,0.000,8|11,weighted_average,kalman(weighted_average),false
1788768580.334,155.867,1.306,-0.507,1.853,1.797,1.306,-0.507,1.853,1.797,0.000,0.000,0.000,0.000,8|11,weighted_average,kalman(weighted_average),false
1788768580.414,155.946,1.306,-0.507,1.853,1.797,1.306,-0.507,1.853,1.797,0.000,0.000,0.000,0.000,8|11,weighted_average,kalman(weighted_average),false
1788768580.482,156.015,1.306,-0.507,1.853,1.797,1.306,-0.507,1.853,1.797,0.000,0.000,0.000,0.000,8|11,weighted_average,kalman(weighted_average),false
1788768580.515,156.048,1.306,-0.507,1.853,1.797,1.306,-0.507,1.853,1.797,0.000,0.000,0.000,0.000,8|11,weighted_average,kalman(weighted_average),false
1788768580.591,156.123,1.306,-0.507,1.853,1.797,1.306,-0.507,1.853,1.797,0.000,0.000,0.000,0.000,8|11,weighted_average,kalman(weighted_average),false
1788768580.667,156.200,1.306,-0.507,1.853,1.797,1.306,-0.507,1.853,1.797,0.000,0.000,0.000,0.000,8|11,weighted_average,kalman(weighted_average),false
1788768580.735,156.268,1.306,-0.507,1.853,1.797,1.306,-0.507,1.853,1.797,0.000,0.000,0.000,0.000,8|11,weighted_average,kalman(weighted_average),false
1788768580.768,156.301,1.306,-0.507,1.853,1.797,1.306,-0.507,1.853,1.797,0.000,0.000,0.000,0.000,8|11,weighted_average,kalman(weighted_average),false
1788768580.832,156.365,1.306,-0.507,1.853,1.797,1.306,-0.507,1.853,1.797,0.000,0.000,0.000,0.000,8|11,weighted_average,kalman(weighted_average),false
1788768580.871,156.404,1.306,-0.507,1.853,1.797,1.306,-0.507,1.853,1.797,0.000,0.000,0.000,0.000,8|11,weighted_average,kalman(weighted_average),false
1788768580.953,156.486,1.306,-0.507,1.853,1.797,1.306,-0.507,1.853,1.797,0.000,0.000,0.000,0.000,8|11,weighted_average,kalman(weighted_average),false
1788768581.012,156.545,1.306,-0.507,1.853,1.797,1.306,-0.507,1.853,1.797,0.000,0.000,0.000,0.000,8|11,weighted_average,kalman(weighted_average),false
1788768581.062,156.595,1.306,-0.507,1.853,1.797,1.306,-0.507,1.853,1.797,0.000,0.000,0.000,0.000,8|11,weighted_average,kalman(weighted_average),false
1788768581.108,156.641,1.306,-0.507,1.853,1.797,1.306,-0.507,1.853,1.797,0.000,0.000,0.000,0.000,8|11,weighted_average,kalman(weighted_average),false
1788768581.178,156.711,1.306,-0.507,1.853,1.797,1.306,-0.507,1.853,1.797,0.000,0.000,0.000,0.000,8|11,weighted_average,kalman(weighted_average),false
1788768581.254,156.787,1.306,-0.507,1.853,1.797,1.306,-0.507,1.853,1.797,0.000,0.000,0.000,0.000,8|11,weighted_average,kalman(weighted_average),false
1788768581.333,156.866,1.306,-0.507,1.853,1.797,1.306,-0.507,1.853,1.797,0.000,0.000,0.000,0.000,8|11,weighted_average,kalman(weighted_average),false
1788768581.386,156.919,1.306,-0.507,1.853,1.797,1.306,-0.507,1.853,1.797,0.000,0.000,0.000,0.000,8|11,weighted_average,kalman(weighted_average),false
1788768581.436,156.969,1.306,-0.507,1.853,1.797,1.306,-0.507,1.853,1.797,0.000,0.000,0.000,0.000,8|11,weighted_average,kalman(weighted_average),false
1788768581.514,157.046,1.306,-0.507,1.853,1.797,1.306,-0.507,1.853,1.797,0.000,0.000,0.000,0.000,8|11,weighted_average,kalman(weighted_average),false
1788768581.571,157.103,1.306,-0.507,1.853,1.797,1.306,-0.507,1.853,1.797,0.000,0.000,0.000,0.000,8|11,weighted_average,kalman(weighted_average),false
1788768581.622,157.155,1.306,-0.507,1.853,1.797,1.306,-0.507,1.853,1.797,0.000,0.000,0.000,0.000,8|11,weighted_average,kalman(weighted_average),false
1788768581.666,157.199,1.306,-0.507,1.853,1.797,1.306,-0.507,1.853,1.797,0.000,0.000,0.000,0.000,8|11,weighted_average,kalman(weighted_average),false
1788768581.732,157.265,1.306,-0.507,1.853,1.797,1.306,-0.507,1.853,1.797,0.000,0.000,0.000,0.000,8|11,weighted_average,kalman(weighted_average),false
1788768581.811,157.344,1.306,-0.507,1.853,1.797,1.306,-0.507,1.853,1.797,0.000,0.000,0.000,0.000,8|11,weighted_average,kalman(weighted_average),false
1788768581.893,157.426,1.306,-0.507,1.853,1.797,1.306,-0.507,1.853,1.797,0.000,0.000,0.000,0.000,8|11,weighted_average,kalman(weighted_average),false
1788768581.933,157.466,1.306,-0.507,1.853,1.797,1.306,-0.507,1.853,1.797,0.000,0.000,0.000,0.000,8|11,weighted_average,kalman(weighted_average),false
1788768581.982,157.515,1.306,-0.507,1.853,1.797,1.306,-0.507,1.853,1.797,0.000,0.000,0.000,0.000,8|11,weighted_average,kalman(weighted_average),false
1788768582.036,157.569,1.306,-0.507,1.853,1.797,1.306,-0.507,1.853,1.797,0.000,0.000,0.000,0.000,8|11,weighted_average,kalman(weighted_average),false
1788768582.115,157.647,1.306,-0.507,1.853,1.797,1.306,-0.507,1.853,1.797,0.000,0.000,0.000,0.000,8|11,weighted_average,kalman(weighted_average),false
1788768582.175,157.708,1.306,-0.507,1.853,1.797,1.306,-0.507,1.853,1.797,0.000,0.000,0.000,0.000,8|11,weighted_average,kalman(weighted_average),false
1788768582.214,157.747,1.306,-0.507,1.853,1.797,1.306,-0.507,1.853,1.797,0.000,0.000,0.000,0.000,8|11,weighted_average,kalman(weighted_average),false
1788768582.272,157.804,1.306,-0.507,1.853,1.797,1.306,-0.507,1.853,1.797,0.000,0.000,0.000,0.000,8|11,weighted_average,kalman(weighted_average),false
1788768582.315,157.848,1.306,-0.507,1.853,1.797,1.306,-0.507,1.853,1.797,0.000,0.000,0.000,0.000,8|11,weighted_average,kalman(weighted_average),false
1788768582.390,157.923,1.306,-0.507,1.853,1.797,1.306,-0.507,1.853,1.797,0.000,0.000,0.000,0.000,8|11,weighted_average,kalman(weighted_average),false
1788768582.446,157.979,1.306,-0.507,1.853,1.797,1.306,-0.507,1.853,1.797,0.000,0.000,0.000,0.000,8|11,weighted_average,kalman(weighted_average),false
1788768582.515,158.048,1.306,-0.507,1.853,1.797,1.306,-0.507,1.853,1.797,0.000,0.000,0.000,0.000,8|11,weighted_average,kalman(weighted_average),false
1788768582.543,158.076,1.306,-0.507,1.853,1.797,1.306,-0.507,1.853,1.797,0.000,0.000,0.000,0.000,8|11,weighted_average,kalman(weighted_average),false
1788768582.617,158.150,1.306,-0.507,1.853,1.797,1.306,-0.507,1.853,1.797,0.000,0.000,0.000,0.000,8|11,weighted_average,kalman(weighted_average),false
1788768582.692,158.225,1.306,-0.507,1.853,1.797,1.306,-0.507,1.853,1.797,0.000,0.000,0.000,0.000,8|11,weighted_average,kalman(weighted_average),false
1788768582.746,158.279,1.306,-0.507,1.853,1.797,1.306,-0.507,1.853,1.797,0.000,0.000,0.000,0.000,8|11,weighted_average,kalman(weighted_average),false
1788768582.833,158.366,1.306,-0.507,1.853,1.797,1.306,-0.507,1.853,1.797,0.000,0.000,0.000,0.000,8|11,weighted_average,kalman(weighted_average),false
1788768582.860,158.392,1.306,-0.507,1.853,1.797,1.306,-0.507,1.853,1.797,0.000,0.000,0.000,0.000,8|11,weighted_average,kalman(weighted_average),false
1788768582.929,158.462,1.306,-0.507,1.853,1.797,1.306,-0.507,1.853,1.797,0.000,0.000,0.000,0.000,8|11,weighted_average,kalman(weighted_average),false

# =============================================================================
# Statistiche sessione  (campioni: 2590)
# Durata: 158.5 s
# raw_x: min=-3.3619  max=1.5140  media=0.9078
# raw_y: min=-5.8293  max=2.5558  media=0.3312
# raw_z: min=-0.6367  max=4.5725  media=1.9076
# raw_yaw_deg: min=-124.1985  max=138.1197  media=30.1150
# filtered_x: min=-1.6305  max=1.4074  media=0.9134
# filtered_y: min=-5.3641  max=2.5567  media=0.3432
# filtered_z: min=1.1257  max=3.2272  media=1.9129
# filtered_yaw_deg: min=-177.5727  max=173.0891  media=30.2634
# error_norm: min=0.0000  max=7.4615  media=0.0644
# Nota: per le colonne di yaw assoluto min/max sono estremi del wrap-around +/-180 deg, non l'ampiezza reale; la media e' circolare.
# =============================================================================
