# =============================================================================
# CONFRONTO POSE APRILTAG RAW E POSE FILTRATE KALMAN
# =============================================================================
# Descrizione: tabella per valutare quanto il filtro di Kalman modifica la posa stimata a partire dalle misure grezze degli AprilTag.
# Generato il: 2026-09-09 14:26:25
# Formato dati: tabella CSV testuale con separatore ','
# Nota: le righe che iniziano con '#' sono commenti descrittivi.
# Separatore degli ID AprilTag multipli: '|'
#
# Legenda colonne:
# - timestamp_s: timestamp assoluto UNIX del campione [s]
# - tempo_relativo_s: tempo trascorso dal primo campione del file [s]
# - raw_x_m: coordinata X della posa grezza AprilTag [m]
# - raw_y_m: coordinata Y della posa grezza AprilTag [m]
# - raw_z_m: coordinata Z della posa grezza AprilTag [m]
# - raw_yaw_deg: yaw associato alla posa grezza AprilTag [deg]
# - kalman_x_m: coordinata X dopo filtraggio di Kalman [m]
# - kalman_y_m: coordinata Y dopo filtraggio di Kalman [m]
# - kalman_z_m: coordinata Z dopo filtraggio di Kalman [m]
# - kalman_yaw_deg: yaw filtrato da Kalman se yaw_filter_enabled=True, altrimenti corrisponde a quello grezzo [deg]
# - errore_x_m: differenza kalman_x_m - raw_x_m [m]
# - errore_y_m: differenza kalman_y_m - raw_y_m [m]
# - errore_z_m: differenza kalman_z_m - raw_z_m [m]
# - norma_errore_m: norma euclidea della correzione introdotta dal filtro [m]
# - tag_ids: ID degli AprilTag usati per la stima, separati dal carattere indicato sopra
# - sorgente_raw: descrizione della sorgente della posa grezza
# - sorgente_kalman: descrizione della sorgente della posa filtrata
# - outlier_scartato: true se il filtro di Kalman ha scartato la misura grezza: la posa filtrata e' solo la previsione
# =============================================================================

timestamp_s,tempo_relativo_s,raw_x_m,raw_y_m,raw_z_m,raw_yaw_deg,kalman_x_m,kalman_y_m,kalman_z_m,kalman_yaw_deg,errore_x_m,errore_y_m,errore_z_m,norma_errore_m,tag_ids,sorgente_raw,sorgente_kalman,outlier_scartato
1788956604.791,0.000,0.749,1.831,2.778,85.927,0.749,1.831,2.778,85.927,0.000,0.000,0.000,0.000,15,weighted_average,kalman(weighted_average),false
1788956604.850,0.059,0.815,1.740,3.128,85.252,0.815,1.740,3.128,85.724,-0.000,0.000,-0.001,0.001,15,weighted_average,kalman(weighted_average),false
1788956604.976,0.185,-0.361,2.072,1.778,96.145,0.815,1.740,3.128,92.222,1.176,-0.332,1.350,1.821,3,weighted_average,kalman(weighted_average),true
1788956605.031,0.240,0.232,1.753,2.948,90.290,0.256,1.752,2.956,92.279,0.025,-0.001,0.008,0.026,15,weighted_average,kalman(weighted_average),false
1788956605.078,0.287,0.118,1.866,2.622,91.181,0.110,1.828,2.720,92.387,-0.008,-0.038,0.098,0.105,15,weighted_average,kalman(weighted_average),false
1788956605.136,0.345,-0.207,2.070,1.558,94.847,0.110,1.828,2.720,94.355,0.317,-0.242,1.162,1.229,3,weighted_average,kalman(weighted_average),true
1788956605.195,0.404,-0.433,2.067,1.581,96.784,0.110,1.828,2.720,96.437,0.544,-0.238,1.139,1.285,3,weighted_average,kalman(weighted_average),true
1788956605.278,0.487,-0.509,1.822,0.885,96.339,0.110,1.828,2.720,97.294,0.620,0.006,1.835,1.937,15,weighted_average,kalman(weighted_average),true
1788956605.340,0.549,0.228,1.970,1.349,90.283,0.110,1.828,2.720,93.517,-0.118,-0.142,1.371,1.384,15,weighted_average,kalman(weighted_average),true
1788956605.434,0.643,-0.272,2.053,1.345,95.242,0.110,1.828,2.720,94.267,0.382,-0.225,1.375,1.445,3,weighted_average,kalman(weighted_average),true
1788956605.487,0.696,0.149,1.310,0.840,90.310,0.149,1.310,0.840,91.899,0.000,0.000,0.000,0.000,17,weighted_average,kalman(weighted_average),false
1788956605.567,0.776,0.138,1.322,1.082,90.574,0.138,1.322,1.081,90.571,0.000,-0.000,-0.001,0.001,17,weighted_average,kalman(weighted_average),false
1788956605.623,0.832,0.317,1.084,0.926,88.586,0.271,1.146,0.967,89.013,-0.047,0.062,0.041,0.088,1,weighted_average,kalman(weighted_average),false
1788956605.676,0.885,0.224,1.064,0.908,90.198,0.259,1.056,0.904,89.174,0.035,-0.008,-0.004,0.036,1,weighted_average,kalman(weighted_average),false
1788956605.725,0.934,-0.540,1.805,0.051,97.273,0.259,1.056,0.904,93.147,0.799,-0.749,0.853,1.388,3,weighted_average,kalman(weighted_average),true
1788956605.783,0.992,0.236,1.075,0.940,89.959,0.240,1.072,0.934,91.936,0.004,-0.003,-0.006,0.008,1,weighted_average,kalman(weighted_average),false
1788956605.865,1.074,0.114,1.318,1.081,90.722,0.143,1.257,1.048,91.269,0.029,-0.060,-0.033,0.075,17,weighted_average,kalman(weighted_average),false
1788956605.923,1.132,0.184,1.253,0.851,89.745,0.155,1.283,0.933,90.291,-0.029,0.030,0.083,0.093,17,weighted_average,kalman(weighted_average),false
1788956605.974,1.183,0.607,1.965,1.058,87.257,0.155,1.283,0.933,88.432,-0.452,-0.682,-0.125,0.827,15,weighted_average,kalman(weighted_average),true
1788956606.022,1.231,-0.947,-3.715,2.902,-51.335,0.155,1.283,0.933,15.443,1.102,4.998,-1.968,5.484,11,weighted_average,kalman(weighted_average),true
1788956606.073,1.282,-0.665,1.771,0.893,97.616,0.155,1.283,0.933,45.011,0.820,-0.488,0.041,0.955,15,weighted_average,kalman(weighted_average),true
1788956606.153,1.362,-0.680,1.882,0.492,98.361,0.155,1.283,0.933,73.722,0.835,-0.598,0.441,1.118,3,weighted_average,kalman(weighted_average),true
1788956606.203,1.412,0.174,1.279,1.052,89.804,0.173,1.279,1.048,85.822,-0.001,0.000,-0.005,0.005,17,weighted_average,kalman(weighted_average),false
1788956606.266,1.475,-1.035,1.664,1.550,104.774,0.173,1.279,1.048,101.495,1.207,-0.385,-0.502,1.363,17,weighted_average,kalman(weighted_average),true
1788956606.307,1.516,-0.218,2.030,1.505,94.804,0.173,1.279,1.048,102.290,0.391,-0.752,-0.457,0.963,3,weighted_average,kalman(weighted_average),true
1788956606.355,1.564,-0.007,2.047,1.737,93.046,0.173,1.279,1.048,101.370,0.180,-0.768,-0.689,1.048,3,weighted_average,kalman(weighted_average),true
1788956606.436,1.645,-0.467,2.040,1.589,96.761,0.173,1.279,1.048,101.573,0.640,-0.761,-0.541,1.132,3,weighted_average,kalman(weighted_average),true
1788956606.487,1.695,-1.014,1.890,2.374,101.519,0.173,1.279,1.048,102.515,1.187,-0.611,-1.326,1.882,3,weighted_average,kalman(weighted_average),true
1788956606.556,1.765,0.288,1.187,1.217,88.194,0.285,1.189,1.214,94.879,-0.002,0.002,-0.004,0.005,17,weighted_average,kalman(weighted_average),false
1788956606.591,1.800,-2.778,1.345,1.904,126.041,0.285,1.189,1.214,109.705,3.063,-0.155,-0.690,3.144,17,weighted_average,kalman(weighted_average),true
1788956606.648,1.857,-0.051,1.398,1.172,92.700,0.023,1.352,1.181,102.803,0.074,-0.046,0.009,0.088,17,weighted_average,kalman(weighted_average),false
1788956606.735,1.944,0.232,1.082,1.095,89.901,0.023,1.352,1.181,94.425,-0.209,0.270,0.086,0.352,1,weighted_average,kalman(weighted_average),true
1788956606.788,1.997,0.217,1.087,1.098,90.111,0.194,1.119,1.108,90.594,-0.023,0.031,0.010,0.040,1,weighted_average,kalman(weighted_average),false
1788956606.845,2.054,-1.281,-1.324,1.535,-71.695,0.194,1.119,1.108,-2.885,1.475,2.442,-0.427,2.885,1|10,weighted_average,kalman(weighted_average),true
1788956606.893,2.102,-1.227,-1.256,1.527,-70.304,0.194,1.119,1.108,-54.165,1.421,2.374,-0.420,2.799,1|10,weighted_average,kalman(weighted_average),true
1788956606.944,2.153,0.228,1.085,1.108,89.968,0.224,1.089,1.108,174.370,-0.004,0.004,0.000,0.005,1,weighted_average,kalman(weighted_average),false
1788956607.026,2.235,0.213,1.095,1.124,90.253,0.219,1.090,1.120,76.890,0.006,-0.005,-0.004,0.009,1,weighted_average,kalman(weighted_average),false
1788956607.079,2.288,0.223,1.091,1.125,90.086,0.222,1.090,1.125,54.806,-0.001,-0.002,0.000,0.002,1,weighted_average,kalman(weighted_average),false
1788956607.130,2.339,0.223,1.092,1.127,90.073,0.224,1.090,1.128,51.310,0.000,-0.001,0.001,0.002,1,weighted_average,kalman(weighted_average),false
1788956607.178,2.387,0.234,1.094,1.138,89.890,0.230,1.093,1.135,56.260,-0.004,-0.002,-0.002,0.005,1,weighted_average,kalman(weighted_average),false
1788956607.223,2.432,0.237,1.085,1.129,89.803,0.235,1.089,1.133,63.733,-0.001,0.003,0.005,0.006,1,weighted_average,kalman(weighted_average),false
1788956607.305,2.514,0.215,1.085,1.142,90.170,0.223,1.085,1.141,72.845,0.008,0.001,-0.001,0.008,1,weighted_average,kalman(weighted_average),false
1788956607.355,2.564,0.218,1.082,1.139,90.138,0.219,1.083,1.141,81.824,0.000,0.000,0.002,0.002,1,weighted_average,kalman(weighted_average),false
1788956607.406,2.615,0.191,1.091,1.144,90.611,0.200,1.087,1.144,87.576,0.009,-0.004,-0.000,0.010,1,weighted_average,kalman(weighted_average),false
1788956607.460,2.669,0.219,1.084,1.147,90.106,0.208,1.086,1.147,90.696,-0.012,0.001,-0.000,0.012,1,weighted_average,kalman(weighted_average),false
1788956607.521,2.730,0.207,1.085,1.147,90.313,0.206,1.085,1.148,92.220,-0.001,0.000,0.001,0.002,1,weighted_average,kalman(weighted_average),false
1788956607.603,2.812,0.209,1.079,1.147,90.300,0.207,1.080,1.148,92.423,-0.001,0.001,0.001,0.002,1,weighted_average,kalman(weighted_average),false
1788956607.656,2.865,0.256,1.088,1.169,89.473,0.239,1.084,1.162,91.230,-0.017,-0.003,-0.007,0.019,1,weighted_average,kalman(weighted_average),false
1788956607.721,2.930,0.231,1.085,1.165,89.916,0.240,1.085,1.166,90.608,0.009,0.000,0.002,0.009,1,weighted_average,kalman(weighted_average),false
1788956607.755,2.964,0.227,1.084,1.171,90.023,0.235,1.085,1.171,90.300,0.007,0.001,-0.001,0.007,1,weighted_average,kalman(weighted_average),false
1788956607.808,3.017,0.220,1.080,1.172,90.208,0.227,1.082,1.174,90.173,0.007,0.002,0.002,0.008,1,weighted_average,kalman(weighted_average),false
1788956607.890,3.099,0.221,1.069,1.164,90.195,0.222,1.072,1.169,90.099,0.001,0.003,0.005,0.005,1,weighted_average,kalman(weighted_average),false
1788956607.941,3.150,0.580,1.748,2.789,88.241,0.222,1.072,1.169,89.019,-0.358,-0.676,-1.620,1.792,3,weighted_average,kalman(weighted_average),true
1788956607.993,3.202,0.389,1.964,1.467,88.965,0.222,1.072,1.169,88.780,-0.168,-0.891,-0.299,0.955,15,weighted_average,kalman(weighted_average),true
1788956608.052,3.261,0.246,1.748,2.822,90.113,0.222,1.072,1.169,89.331,-0.025,-0.676,-1.653,1.786,15,weighted_average,kalman(weighted_average),true
1788956608.098,3.307,-0.517,1.834,0.185,97.069,0.222,1.072,1.169,93.307,0.739,-0.762,0.984,1.447,3,weighted_average,kalman(weighted_average),true
1788956608.180,3.389,0.054,1.900,0.858,91.828,0.060,1.872,0.869,93.246,0.006,-0.028,0.011,0.031,15,weighted_average,kalman(weighted_average),false
1788956608.233,3.442,-0.328,1.997,1.493,95.736,0.060,1.872,0.869,94.922,0.388,-0.125,-0.624,0.745,3,weighted_average,kalman(weighted_average),true
1788956608.283,3.492,-0.337,1.985,1.576,95.750,0.060,1.872,0.869,95.797,0.397,-0.113,-0.707,0.819,3,weighted_average,kalman(weighted_average),true
1788956608.959,4.168,-2.918,1.250,1.941,127.879,0.060,1.872,0.869,124.926,2.978,0.622,-1.072,3.225,17,weighted_average,kalman(weighted_average),true
1788956609.038,4.247,0.081,1.333,1.377,91.162,0.080,1.340,1.371,104.048,-0.000,0.007,-0.006,0.009,17,weighted_average,kalman(weighted_average),false
1788956609.100,4.309,-1.081,1.642,1.768,105.523,0.080,1.340,1.371,103.713,1.161,-0.302,-0.397,1.264,17,weighted_average,kalman(weighted_average),true
1788956609.145,4.354,-0.110,1.421,1.489,93.629,-0.082,1.409,1.472,97.466,0.028,-0.012,-0.017,0.034,17,weighted_average,kalman(weighted_average),false
1788956609.193,4.402,0.029,1.363,1.488,91.894,-0.030,1.388,1.495,92.974,-0.059,0.025,0.008,0.065,17,weighted_average,kalman(weighted_average),false
1788956609.242,4.451,0.104,1.323,1.406,90.899,0.045,1.352,1.454,90.098,-0.059,0.028,0.048,0.081,17,weighted_average,kalman(weighted_average),false
1788956609.322,4.531,0.084,1.347,1.404,91.184,0.084,1.343,1.418,88.565,-0.000,-0.004,0.015,0.015,17,weighted_average,kalman(weighted_average),false
1788956609.375,4.584,-2.863,1.302,1.708,126.818,0.084,1.343,1.418,109.230,2.946,0.040,-0.290,2.961,17,weighted_average,kalman(weighted_average),true
1788956609.430,4.639,-0.725,-5.263,1.273,-108.419,0.084,1.343,1.418,-169.420,0.809,6.605,0.145,6.656,1,weighted_average,kalman(weighted_average),true
1788956609.481,4.690,-0.450,-5.333,1.314,-103.083,0.084,1.343,1.418,-118.591,0.534,6.675,0.104,6.697,1,weighted_average,kalman(weighted_average),true
1788956609.534,4.743,0.220,1.083,1.262,90.244,0.211,1.100,1.272,11.402,-0.009,0.017,0.010,0.021,1,weighted_average,kalman(weighted_average),false
1788956609.614,4.823,0.232,1.090,1.267,90.083,0.240,1.068,1.254,102.262,0.007,-0.022,-0.014,0.027,1,weighted_average,kalman(weighted_average),false
1788956609.699,4.908,0.216,1.091,1.267,90.311,0.231,1.072,1.256,129.055,0.014,-0.019,-0.011,0.026,1,weighted_average,kalman(weighted_average),false
1788956609.739,4.948,0.223,1.092,1.278,90.188,0.227,1.082,1.268,120.771,0.004,-0.010,-0.010,0.015,1,weighted_average,kalman(weighted_average),false
1788956609.783,4.992,0.214,1.097,1.277,90.348,0.219,1.091,1.274,115.199,0.005,-0.007,-0.003,0.009,1,weighted_average,kalman(weighted_average),false
1788956609.839,5.048,0.217,1.094,1.280,90.274,0.217,1.094,1.279,108.900,-0.001,0.000,-0.000,0.001,1,weighted_average,kalman(weighted_average),false
1788956609.918,5.127,0.230,1.095,1.281,90.085,0.225,1.096,1.282,100.746,-0.005,0.002,0.002,0.006,1,weighted_average,kalman(weighted_average),false
1788956609.968,5.177,0.228,1.094,1.281,90.114,0.228,1.095,1.282,94.712,-0.000,0.002,0.001,0.002,1,weighted_average,kalman(weighted_average),false
1788956610.029,5.238,0.229,1.094,1.279,90.093,0.230,1.095,1.281,90.914,0.001,0.001,0.002,0.002,1,weighted_average,kalman(weighted_average),false
1788956610.073,5.282,0.226,1.095,1.276,90.142,0.228,1.095,1.278,89.388,0.002,-0.000,0.002,0.003,1,weighted_average,kalman(weighted_average),false
1788956610.129,5.338,0.220,1.088,1.274,90.221,0.223,1.091,1.275,88.595,0.003,0.003,0.001,0.004,1,weighted_average,kalman(weighted_average),false
1788956610.207,5.416,0.222,1.090,1.273,90.190,0.222,1.089,1.272,88.546,-0.000,-0.001,-0.000,0.001,1,weighted_average,kalman(weighted_average),false
1788956610.258,5.467,0.223,1.089,1.273,90.173,0.222,1.088,1.272,89.097,-0.001,-0.000,-0.001,0.001,1,weighted_average,kalman(weighted_average),false
1788956610.318,5.527,0.230,1.094,1.272,90.028,0.227,1.091,1.272,89.457,-0.003,-0.002,-0.001,0.004,1,weighted_average,kalman(weighted_average),false
1788956610.358,5.567,0.226,1.094,1.281,90.091,0.227,1.093,1.277,89.749,0.001,-0.001,-0.004,0.005,1,weighted_average,kalman(weighted_average),false
1788956610.410,5.619,0.229,1.095,1.279,90.045,0.229,1.095,1.279,89.930,-0.000,-0.000,0.000,0.000,1,weighted_average,kalman(weighted_average),false
1788956610.488,5.697,0.237,1.091,1.279,89.890,0.235,1.093,1.280,89.967,-0.002,0.002,0.001,0.003,1,weighted_average,kalman(weighted_average),false
1788956610.539,5.748,0.234,1.095,1.282,89.957,0.236,1.094,1.281,89.988,0.002,-0.001,-0.000,0.002,1,weighted_average,kalman(weighted_average),false
1788956610.592,5.801,0.230,1.099,1.275,89.993,0.233,1.097,1.278,90.012,0.003,-0.002,0.003,0.004,1,weighted_average,kalman(weighted_average),false
1788956610.650,5.859,0.231,1.098,1.281,90.018,0.232,1.098,1.280,90.035,0.001,0.000,-0.002,0.002,1,weighted_average,kalman(weighted_average),false
1788956610.706,5.915,0.227,1.096,1.280,90.068,0.229,1.098,1.280,90.068,0.001,0.001,-0.000,0.002,1,weighted_average,kalman(weighted_average),false
1788956610.799,6.008,0.234,1.096,1.279,89.929,0.232,1.096,1.280,89.994,-0.002,0.001,0.000,0.002,1,weighted_average,kalman(weighted_average),false
1788956610.845,6.054,0.234,1.095,1.283,89.940,0.233,1.095,1.281,89.957,-0.001,0.000,-0.001,0.001,1,weighted_average,kalman(weighted_average),false
1788956610.904,6.113,0.231,1.101,1.291,89.987,0.233,1.099,1.288,89.963,0.001,-0.002,-0.003,0.004,1,weighted_average,kalman(weighted_average),false
1788956610.953,6.162,0.237,1.102,1.288,89.850,0.235,1.101,1.290,89.897,-0.002,-0.001,0.001,0.002,1,weighted_average,kalman(weighted_average),false
1788956610.996,6.205,0.229,1.098,1.292,90.000,0.232,1.100,1.292,89.935,0.003,0.002,-0.000,0.004,1,weighted_average,kalman(weighted_average),false
1788956611.081,6.290,0.235,1.097,1.294,89.896,0.234,1.098,1.295,89.905,-0.001,0.001,0.001,0.002,1,weighted_average,kalman(weighted_average),false
1788956611.133,6.342,0.232,1.098,1.289,89.973,0.233,1.098,1.292,89.937,0.001,-0.000,0.003,0.003,1,weighted_average,kalman(weighted_average),false
1788956611.200,6.409,0.224,1.100,1.290,90.088,0.227,1.099,1.290,90.029,0.003,-0.001,0.001,0.003,1,weighted_average,kalman(weighted_average),false
1788956611.233,6.442,0.236,1.101,1.289,89.919,0.231,1.100,1.289,89.986,-0.005,-0.001,0.000,0.005,1,weighted_average,kalman(weighted_average),false
1788956611.284,6.493,0.233,1.102,1.290,89.952,0.232,1.102,1.289,89.974,-0.001,-0.001,-0.001,0.001,1,weighted_average,kalman(weighted_average),false
1788956611.367,6.576,0.221,1.106,1.290,90.159,0.225,1.106,1.289,90.090,0.003,-0.001,-0.000,0.004,1,weighted_average,kalman(weighted_average),false
1788956611.425,6.634,0.231,1.106,1.288,89.998,0.228,1.106,1.289,90.056,-0.003,0.001,0.000,0.004,1,weighted_average,kalman(weighted_average),false
1788956611.479,6.688,0.228,1.106,1.287,90.029,0.228,1.107,1.287,90.047,-0.000,0.001,0.000,0.001,1,weighted_average,kalman(weighted_average),false
1788956611.524,6.733,0.237,1.101,1.288,89.877,0.233,1.104,1.287,89.962,-0.004,0.002,-0.000,0.005,1,weighted_average,kalman(weighted_average),false
1788956611.578,6.787,0.225,1.105,1.284,90.115,0.229,1.104,1.285,90.029,0.005,-0.001,0.001,0.005,1,weighted_average,kalman(weighted_average),false
1788956625.759,20.968,-0.625,2.057,0.292,99.489,0.229,1.104,1.285,98.492,0.854,-0.953,0.993,1.620,3,weighted_average,kalman(weighted_average),true
1788956625.871,21.080,-0.860,2.059,0.455,101.426,0.229,1.104,1.285,102.060,1.089,-0.955,0.830,1.670,3,weighted_average,kalman(weighted_average),true
1788956625.921,21.130,-0.509,2.063,0.373,98.720,-0.501,2.053,0.382,100.729,0.008,-0.010,0.010,0.016,3,weighted_average,kalman(weighted_average),false
1788956625.986,21.195,-0.249,2.220,1.497,96.883,-0.501,2.053,0.382,98.755,-0.252,-0.167,-1.115,1.155,3,weighted_average,kalman(weighted_average),true
1788956626.036,21.245,-0.687,2.174,1.720,100.466,-0.501,2.053,0.382,99.587,0.186,-0.121,-1.338,1.356,3,weighted_average,kalman(weighted_average),true
1788956626.115,21.324,-0.163,2.190,1.523,96.162,-0.501,2.053,0.382,97.498,-0.338,-0.137,-1.141,1.198,3,weighted_average,kalman(weighted_average),true
1788956626.172,21.381,-0.202,2.196,1.280,96.415,-0.213,2.191,1.246,96.544,-0.011,-0.005,-0.034,0.037,3,weighted_average,kalman(weighted_average),false
1788956626.220,21.429,-0.181,2.202,1.498,96.239,-0.171,2.208,1.472,96.056,0.010,0.006,-0.026,0.028,3,weighted_average,kalman(weighted_average),false
1788956626.281,21.490,-0.308,2.150,2.354,97.642,-0.171,2.208,1.472,96.586,0.137,0.058,-0.882,0.895,3,weighted_average,kalman(weighted_average),true
1788956626.320,21.529,-0.004,1.885,3.182,95.414,-0.171,2.208,1.472,95.931,-0.167,0.324,-1.709,1.748,3,weighted_average,kalman(weighted_average),true
1788956626.403,21.612,-0.007,1.850,3.286,95.425,-0.171,2.208,1.472,95.383,-0.164,0.359,-1.814,1.856,3,weighted_average,kalman(weighted_average),true
1788956626.461,21.670,-0.007,1.850,3.286,95.425,-0.171,2.208,1.472,95.242,-0.164,0.359,-1.814,1.856,3,weighted_average,kalman(weighted_average),true
1788956626.510,21.719,0.346,1.845,-0.163,91.968,-0.171,2.208,1.472,93.351,-0.517,0.363,1.635,1.753,3,weighted_average,kalman(weighted_average),true
1788956626.558,21.767,1.212,1.664,-0.222,85.231,1.212,1.664,-0.222,88.784,0.000,0.000,0.000,0.000,3,weighted_average,kalman(weighted_average),false
1788956626.624,21.833,-0.510,-5.427,0.749,-104.595,1.212,1.664,-0.222,-177.670,1.722,7.091,-0.971,7.362,1,weighted_average,kalman(weighted_average),true
1788956626.707,21.916,1.368,1.634,-0.236,83.915,1.368,1.634,-0.236,137.375,-0.000,0.000,0.000,0.000,3,weighted_average,kalman(weighted_average),false
1788956626.761,21.970,1.649,1.491,-0.285,81.466,1.580,1.527,-0.273,104.034,-0.070,0.035,0.012,0.079,3,weighted_average,kalman(weighted_average),false
1788956626.816,22.025,1.284,1.684,-0.199,84.682,1.580,1.527,-0.273,86.906,0.296,-0.158,-0.075,0.344,3,weighted_average,kalman(weighted_average),true
1788956626.857,22.066,0.934,1.835,-0.040,87.534,1.580,1.527,-0.273,81.597,0.646,-0.309,-0.233,0.753,3,weighted_average,kalman(weighted_average),true
1788956626.915,22.124,-2.105,1.719,2.786,113.537,1.580,1.527,-0.273,92.207,3.685,-0.193,-3.059,4.793,3,weighted_average,kalman(weighted_average),true
1788956627.170,22.379,0.561,2.169,1.603,89.329,1.580,1.527,-0.273,88.287,1.018,-0.643,-1.876,2.229,15,weighted_average,kalman(weighted_average),true
1788956627.214,22.423,0.371,2.140,1.634,90.901,1.580,1.527,-0.273,89.829,1.209,-0.613,-1.907,2.340,15,weighted_average,kalman(weighted_average),true
1788956627.292,22.501,0.217,2.128,1.948,92.170,0.224,2.124,1.936,91.581,0.008,-0.003,-0.012,0.015,15,weighted_average,kalman(weighted_average),false
1788956627.496,22.705,0.111,1.445,0.849,92.473,0.224,2.124,1.936,92.678,0.113,0.679,1.087,1.287,17,weighted_average,kalman(weighted_average),true
1788956627.581,22.790,0.166,1.394,0.823,91.823,0.167,1.405,0.839,92.101,0.001,0.010,0.016,0.019,17,weighted_average,kalman(weighted_average),false
1788956627.636,22.845,0.198,1.391,0.981,91.442,0.167,1.405,0.839,91.635,-0.031,0.013,-0.141,0.145,17,weighted_average,kalman(weighted_average),true
1788956627.686,22.895,0.198,1.391,0.956,91.406,0.193,1.393,0.937,91.398,-0.005,0.002,-0.020,0.021,17,weighted_average,kalman(weighted_average),false
1788956627.739,22.948,0.174,1.414,1.075,91.761,0.184,1.406,1.041,91.481,0.010,-0.009,-0.034,0.037,17,weighted_average,kalman(weighted_average),false
1788956627.801,23.010,0.701,0.955,0.414,84.641,0.184,1.406,1.041,87.537,-0.517,0.451,0.626,0.929,17,weighted_average,kalman(weighted_average),true
1788956627.883,23.092,0.205,1.190,0.931,92.031,0.202,1.219,0.946,89.573,-0.003,0.028,0.015,0.032,1,weighted_average,kalman(weighted_average),false
1788956627.940,23.149,-0.445,1.770,0.063,97.621,0.202,1.219,0.946,94.337,0.647,-0.551,0.882,1.225,15,weighted_average,kalman(weighted_average),true
1788956627.990,23.199,0.209,1.191,0.949,91.952,0.208,1.196,0.948,93.816,-0.001,0.005,-0.001,0.005,1,weighted_average,kalman(weighted_average),false
1788956628.046,23.255,0.181,1.193,0.966,92.391,0.191,1.191,0.960,93.506,0.010,-0.002,-0.006,0.011,1,weighted_average,kalman(weighted_average),false
1788956628.091,23.300,0.209,1.196,0.977,91.903,0.200,1.192,0.972,92.894,-0.009,-0.005,-0.005,0.012,1,weighted_average,kalman(weighted_average),false
1788956628.172,23.381,0.204,1.180,0.982,91.964,0.203,1.182,0.983,92.384,-0.001,0.002,0.001,0.002,1,weighted_average,kalman(weighted_average),false
1788956628.221,23.430,0.206,1.190,1.007,91.938,0.206,1.185,1.000,92.078,-0.001,-0.005,-0.006,0.008,1,weighted_average,kalman(weighted_average),false
1788956628.282,23.491,0.038,1.470,1.255,93.255,0.206,1.185,1.000,92.644,0.167,-0.285,-0.255,0.417,17,weighted_average,kalman(weighted_average),true
1788956628.323,23.532,-2.906,1.391,1.877,128.580,0.206,1.185,1.000,110.841,3.111,-0.206,-0.876,3.239,17,weighted_average,kalman(weighted_average),true
1788956628.394,23.603,0.178,1.374,1.098,91.342,0.181,1.355,1.088,103.404,0.003,-0.019,-0.010,0.022,17,weighted_average,kalman(weighted_average),false
1788956628.477,23.686,-0.050,1.823,-0.269,94.660,0.181,1.355,1.088,98.112,0.231,-0.468,1.357,1.454,3,weighted_average,kalman(weighted_average),true
1788956628.533,23.742,0.169,2.051,2.504,93.325,0.181,1.355,1.088,94.573,0.012,-0.697,-1.415,1.577,3,weighted_average,kalman(weighted_average),true
1788956628.587,23.796,-3.416,0.978,2.473,137.683,0.181,1.355,1.088,117.685,3.597,0.377,-1.385,3.872,17,weighted_average,kalman(weighted_average),true
1788956628.635,23.844,-0.523,1.836,0.350,97.929,0.181,1.355,1.088,110.372,0.704,-0.481,0.738,1.128,15,weighted_average,kalman(weighted_average),true
1788956628.717,23.926,-0.523,1.836,0.350,97.929,-0.506,1.824,0.368,103.779,0.017,-0.012,0.018,0.028,15,weighted_average,kalman(weighted_average),false
1788956628.807,24.016,0.221,1.208,1.185,91.652,-0.506,1.824,0.368,94.606,-0.727,0.616,-0.816,1.255,1,weighted_average,kalman(weighted_average),true
1788956628.856,24.064,0.207,1.204,1.194,91.880,-0.506,1.824,0.368,91.511,-0.712,0.620,-0.826,1.254,1,weighted_average,kalman(weighted_average),true
1788956628.924,24.133,0.201,1.204,1.210,91.949,-0.506,1.824,0.368,89.872,-0.706,0.620,-0.842,1.262,1,weighted_average,kalman(weighted_average),true
1788956628.962,24.171,0.207,1.212,1.223,91.854,-0.506,1.824,0.368,89.968,-0.713,0.612,-0.854,1.270,1,weighted_average,kalman(weighted_average),true
1788956629.044,24.253,0.066,1.449,1.536,92.866,0.054,1.457,1.512,90.693,-0.012,0.008,-0.024,0.028,17,weighted_average,kalman(weighted_average),false
1788956629.124,24.333,-0.016,1.488,1.628,93.951,0.040,1.455,1.680,92.579,0.056,-0.033,0.052,0.083,17,weighted_average,kalman(weighted_average),false
1788956629.181,24.390,-0.016,1.488,1.628,93.951,0.011,1.470,1.692,93.591,0.027,-0.018,0.064,0.072,17,weighted_average,kalman(weighted_average),false
1788956629.234,24.443,-0.035,-5.486,1.355,-96.655,0.011,1.470,1.692,-171.013,0.046,6.956,0.338,6.964,1,weighted_average,kalman(weighted_average),true
1788956629.283,24.492,0.205,1.212,1.321,91.950,0.011,1.470,1.692,153.286,-0.194,0.257,0.371,0.492,1,weighted_average,kalman(weighted_average),true
1788956629.330,24.539,0.208,1.216,1.351,91.946,0.184,1.246,1.392,126.742,-0.023,0.030,0.040,0.055,1,weighted_average,kalman(weighted_average),false
1788956629.418,24.627,0.203,1.203,1.364,92.047,0.220,1.185,1.333,103.006,0.018,-0.018,-0.032,0.040,1,weighted_average,kalman(weighted_average),false
1788956629.475,24.684,0.203,1.203,1.364,92.047,0.220,1.181,1.335,92.142,0.017,-0.023,-0.029,0.041,1,weighted_average,kalman(weighted_average),false
1788956629.523,24.732,0.175,1.210,1.407,92.513,0.197,1.190,1.371,88.177,0.023,-0.020,-0.037,0.048,1,weighted_average,kalman(weighted_average),false
1788956629.583,24.792,-2.795,1.477,1.555,126.292,0.197,1.190,1.371,105.414,2.993,-0.287,-0.184,3.012,17,weighted_average,kalman(weighted_average),true
1788956629.624,24.833,-2.870,1.435,1.535,127.264,0.197,1.190,1.371,116.977,3.068,-0.244,-0.164,3.082,17,weighted_average,kalman(weighted_average),true
1788956629.703,24.912,0.133,1.417,1.491,91.954,0.139,1.396,1.479,105.122,0.006,-0.022,-0.011,0.025,17,weighted_average,kalman(weighted_average),false
1788956629.758,24.967,0.025,1.473,1.564,93.344,0.057,1.468,1.546,97.542,0.032,-0.005,-0.017,0.037,17,weighted_average,kalman(weighted_average),false
1788956629.804,25.013,0.258,1.204,1.473,91.256,0.057,1.468,1.546,92.587,-0.201,0.264,0.073,0.340,1,weighted_average,kalman(weighted_average),true
1788956629.860,25.069,0.221,1.200,1.473,91.789,0.186,1.257,1.489,89.928,-0.035,0.057,0.016,0.069,1,weighted_average,kalman(weighted_average),false
1788956629.926,25.135,0.244,1.202,1.492,91.396,0.246,1.187,1.482,88.780,0.001,-0.015,-0.010,0.017,1,weighted_average,kalman(weighted_average),false
1788956630.016,25.225,0.134,1.423,1.619,91.992,0.246,1.187,1.482,89.542,0.111,-0.236,-0.137,0.295,17,weighted_average,kalman(weighted_average),true
1788956630.068,25.277,-2.864,1.415,1.366,127.051,0.246,1.187,1.482,111.202,3.110,-0.227,0.116,3.120,17,weighted_average,kalman(weighted_average),true
1788956630.121,25.330,-2.113,1.682,1.678,118.215,0.246,1.187,1.482,118.515,2.359,-0.494,-0.196,2.418,17,weighted_average,kalman(weighted_average),true
1788956630.167,25.376,0.016,1.462,1.724,93.445,0.026,1.450,1.713,108.711,0.010,-0.012,-0.011,0.020,17,weighted_average,kalman(weighted_average),false
1788956630.221,25.430,-2.871,1.408,1.310,127.081,0.026,1.450,1.713,119.081,2.897,0.042,0.403,2.925,17,weighted_average,kalman(weighted_average),true
1788956630.302,25.511,0.064,1.446,1.672,92.855,0.058,1.447,1.678,105.562,-0.006,0.001,0.006,0.008,17,weighted_average,kalman(weighted_average),false
1788956630.355,25.564,0.216,1.191,1.588,91.856,0.166,1.277,1.614,96.531,-0.050,0.086,0.026,0.103,1,weighted_average,kalman(weighted_average),false
1788956630.403,25.612,0.216,1.189,1.602,91.865,0.216,1.196,1.594,91.822,-0.000,0.007,-0.007,0.010,1,weighted_average,kalman(weighted_average),false
1788956630.458,25.667,0.206,1.182,1.602,92.018,0.231,1.156,1.588,89.466,0.025,-0.026,-0.014,0.039,1,weighted_average,kalman(weighted_average),false
1788956630.513,25.722,0.201,1.191,1.628,92.105,0.226,1.154,1.606,88.923,0.025,-0.037,-0.022,0.049,1,weighted_average,kalman(weighted_average),false
1788956630.598,25.807,0.209,1.186,1.654,92.000,0.220,1.164,1.640,89.313,0.011,-0.022,-0.013,0.028,1,weighted_average,kalman(weighted_average),false
1788956630.647,25.856,0.207,1.184,1.659,92.004,0.212,1.176,1.657,90.431,0.005,-0.009,-0.001,0.010,1,weighted_average,kalman(weighted_average),false
1788956630.696,25.905,0.207,1.182,1.662,92.013,0.208,1.181,1.666,91.175,0.001,-0.002,0.004,0.005,1,weighted_average,kalman(weighted_average),false
1788956630.751,25.960,0.231,1.181,1.672,91.667,0.221,1.183,1.675,91.504,-0.010,0.001,0.003,0.011,1,weighted_average,kalman(weighted_average),false
1788956630.808,26.017,0.220,1.180,1.677,91.862,0.222,1.182,1.681,91.799,0.002,0.002,0.004,0.005,1,weighted_average,kalman(weighted_average),false
1788956630.895,26.104,0.207,1.177,1.709,92.045,0.212,1.179,1.706,92.092,0.005,0.002,-0.004,0.006,1,weighted_average,kalman(weighted_average),false
1788956630.950,26.159,0.208,1.174,1.713,92.039,0.208,1.175,1.715,92.146,-0.000,0.001,0.002,0.002,1,weighted_average,kalman(weighted_average),false
1788956631.005,26.214,0.204,1.178,1.737,92.141,0.204,1.177,1.733,92.208,0.000,-0.002,-0.004,0.004,1,weighted_average,kalman(weighted_average),false
1788956631.059,26.268,0.213,1.180,1.745,91.962,0.208,1.179,1.746,92.125,-0.005,-0.002,0.001,0.005,1,weighted_average,kalman(weighted_average),false
1788956631.114,26.323,0.215,1.175,1.752,91.934,0.212,1.176,1.755,92.040,-0.003,0.002,0.003,0.004,1,weighted_average,kalman(weighted_average),false
1788956631.195,26.404,0.218,1.175,1.759,91.912,0.217,1.175,1.762,91.955,-0.001,0.000,0.004,0.004,1,weighted_average,kalman(weighted_average),false
1788956631.248,26.457,0.249,1.176,1.771,91.409,0.239,1.176,1.770,91.629,-0.010,-0.001,-0.001,0.010,1,weighted_average,kalman(weighted_average),false
1788956631.308,26.517,0.231,1.179,1.774,91.683,0.238,1.178,1.775,91.591,0.007,-0.001,0.002,0.007,1,weighted_average,kalman(weighted_average),false
1788956631.354,26.563,0.217,1.178,1.761,91.905,0.227,1.178,1.769,91.715,0.010,0.000,0.008,0.013,1,weighted_average,kalman(weighted_average),false
1788956631.405,26.614,0.221,1.175,1.772,91.847,0.223,1.177,1.771,91.774,0.002,0.002,-0.001,0.003,1,weighted_average,kalman(weighted_average),false
1788956631.484,26.693,0.200,1.181,1.786,92.142,0.205,1.180,1.782,92.004,0.005,-0.001,-0.004,0.007,1,weighted_average,kalman(weighted_average),false
1788956631.543,26.752,0.214,1.176,1.783,91.932,0.208,1.177,1.784,92.003,-0.006,0.002,0.002,0.007,1,weighted_average,kalman(weighted_average),false
1788956631.586,26.795,0.224,1.176,1.777,91.789,0.216,1.176,1.781,91.912,-0.008,0.000,0.004,0.009,1,weighted_average,kalman(weighted_average),false
1788956631.634,26.843,0.211,1.183,1.787,91.972,0.214,1.180,1.785,91.944,0.003,-0.003,-0.002,0.005,1,weighted_average,kalman(weighted_average),false
1788956631.686,26.895,0.205,1.176,1.798,92.048,0.209,1.178,1.794,92.004,0.003,0.002,-0.004,0.006,1,weighted_average,kalman(weighted_average),false
1788956631.772,26.981,0.204,1.181,1.796,91.980,0.204,1.180,1.798,92.007,0.000,-0.001,0.002,0.002,1,weighted_average,kalman(weighted_average),false
1788956631.825,27.034,0.217,1.181,1.803,91.796,0.212,1.181,1.802,91.892,-0.005,-0.000,-0.001,0.005,1,weighted_average,kalman(weighted_average),false
1788956631.872,27.081,0.203,1.184,1.817,92.038,0.207,1.183,1.812,91.955,0.004,-0.001,-0.004,0.006,1,weighted_average,kalman(weighted_average),false
1788956631.942,27.151,0.213,1.188,1.817,91.865,0.210,1.187,1.819,91.902,-0.002,-0.001,0.001,0.003,1,weighted_average,kalman(weighted_average),false
1788956632.030,27.239,0.202,1.193,1.831,91.612,0.205,1.192,1.830,91.698,0.002,-0.000,-0.001,0.003,1,weighted_average,kalman(weighted_average),false
1788956632.084,27.293,0.188,1.193,1.841,91.444,0.193,1.194,1.840,91.514,0.005,0.001,-0.001,0.005,1,weighted_average,kalman(weighted_average),false
1788956632.137,27.346,0.206,1.192,1.854,90.757,0.198,1.193,1.852,91.041,-0.007,0.001,-0.002,0.008,1,weighted_average,kalman(weighted_average),false
1788956632.190,27.399,0.196,1.200,1.857,90.557,0.196,1.198,1.859,90.664,0.001,-0.002,0.002,0.003,1,weighted_average,kalman(weighted_average),false
1788956632.240,27.449,0.189,1.197,1.864,89.857,0.191,1.198,1.865,90.111,0.002,0.001,0.001,0.003,1,weighted_average,kalman(weighted_average),false
1788956632.331,27.540,0.182,1.211,1.897,88.438,0.183,1.208,1.892,88.782,0.001,-0.002,-0.005,0.005,1,weighted_average,kalman(weighted_average),false
1788956632.385,27.594,0.169,1.209,1.892,88.172,0.172,1.210,1.897,88.155,0.003,0.002,0.005,0.006,1,weighted_average,kalman(weighted_average),false
1788956632.446,27.655,0.176,1.207,1.895,87.707,0.172,1.209,1.899,87.592,-0.004,0.002,0.004,0.006,1,weighted_average,kalman(weighted_average),false
1788956632.485,27.694,0.169,1.209,1.906,86.944,0.169,1.210,1.905,87.058,0.000,0.000,-0.001,0.001,1,weighted_average,kalman(weighted_average),false
1788956632.540,27.749,0.175,1.203,1.901,86.549,0.171,1.206,1.905,86.490,-0.004,0.003,0.004,0.007,1,weighted_average,kalman(weighted_average),false
1788956632.621,27.830,0.153,1.207,1.912,85.715,0.158,1.206,1.911,85.667,0.005,-0.001,-0.000,0.005,1,weighted_average,kalman(weighted_average),false
1788956632.684,27.893,0.147,1.201,1.910,85.369,0.148,1.202,1.912,85.223,0.001,0.001,0.002,0.003,1,weighted_average,kalman(weighted_average),false
1788956632.724,27.933,0.145,1.204,1.915,84.653,0.144,1.203,1.914,84.758,-0.001,-0.001,-0.001,0.002,1,weighted_average,kalman(weighted_average),false
1788956632.780,27.989,0.132,1.210,1.927,84.030,0.134,1.207,1.923,84.115,0.002,-0.003,-0.004,0.006,1,weighted_average,kalman(weighted_average),false
1788956632.825,28.034,0.123,1.205,1.925,83.773,0.124,1.207,1.926,83.705,0.002,0.001,0.001,0.002,1,weighted_average,kalman(weighted_average),false
1788956632.911,28.120,0.184,1.763,1.993,82.356,0.124,1.207,1.926,82.540,-0.060,-0.556,-0.066,0.563,11,weighted_average,kalman(weighted_average),true
1788956632.960,28.169,0.192,1.765,1.996,81.420,0.124,1.207,1.926,81.648,-0.068,-0.558,-0.069,0.567,11,weighted_average,kalman(weighted_average),true
1788956633.024,28.233,0.175,1.761,2.001,81.242,0.171,1.719,1.996,81.035,-0.004,-0.042,-0.006,0.042,11,weighted_average,kalman(weighted_average),false
1788956633.066,28.275,0.165,1.762,2.009,80.620,0.171,1.790,2.010,80.569,0.006,0.028,0.001,0.029,11,weighted_average,kalman(weighted_average),false
1788956633.121,28.330,0.164,1.766,2.017,79.845,0.171,1.827,2.022,79.881,0.006,0.061,0.005,0.062,11,weighted_average,kalman(weighted_average),false
1788956633.209,28.418,0.155,1.774,2.012,79.261,0.161,1.822,2.021,79.102,0.006,0.048,0.009,0.049,11,weighted_average,kalman(weighted_average),false
1788956633.265,28.474,0.150,1.765,2.028,78.882,0.152,1.790,2.027,78.742,0.002,0.024,-0.001,0.025,11,weighted_average,kalman(weighted_average),false
1788956633.309,28.518,0.136,1.775,2.010,78.373,0.141,1.779,2.018,78.365,0.004,0.004,0.008,0.010,11,weighted_average,kalman(weighted_average),false
1788956633.358,28.567,0.135,1.774,2.022,77.576,0.134,1.773,2.020,77.755,-0.001,-0.001,-0.002,0.003,11,weighted_average,kalman(weighted_average),false
1788956633.410,28.619,0.131,1.779,2.021,77.273,0.129,1.773,2.021,77.255,-0.002,-0.006,-0.001,0.006,11,weighted_average,kalman(weighted_average),false
1788956633.496,28.705,0.128,1.788,2.016,76.232,0.126,1.782,2.017,76.297,-0.003,-0.006,0.001,0.006,11,weighted_average,kalman(weighted_average),false
1788956633.550,28.759,0.120,1.778,2.025,75.892,0.121,1.781,2.022,75.823,0.001,0.002,-0.003,0.004,11,weighted_average,kalman(weighted_average),false
1788956633.600,28.809,0.099,1.774,2.034,75.798,0.106,1.777,2.030,75.579,0.007,0.003,-0.004,0.009,11|14,weighted_average,kalman(weighted_average),false
1788956633.653,28.862,0.116,1.774,2.025,74.915,0.109,1.774,2.029,75.025,-0.008,0.001,0.004,0.008,11,weighted_average,kalman(weighted_average),false
1788956633.702,28.911,0.114,1.772,2.015,74.408,0.111,1.772,2.021,74.494,-0.004,0.000,0.006,0.007,11,weighted_average,kalman(weighted_average),false
1788956633.789,28.998,0.114,1.762,2.030,73.846,0.112,1.764,2.026,73.777,-0.001,0.002,-0.003,0.004,11,weighted_average,kalman(weighted_average),false
1788956633.840,29.049,0.083,1.764,2.032,74.428,0.094,1.762,2.031,73.954,0.011,-0.001,-0.002,0.011,11|14,weighted_average,kalman(weighted_average),false
1788956633.896,29.105,0.078,1.762,2.031,74.138,0.080,1.761,2.032,73.947,0.002,-0.001,0.001,0.003,11|14,weighted_average,kalman(weighted_average),false
1788956633.950,29.159,0.098,1.751,2.033,73.260,0.087,1.754,2.033,73.503,-0.011,0.003,0.000,0.011,11,weighted_average,kalman(weighted_average),false
1788956634.003,29.212,0.072,1.751,2.026,73.687,0.077,1.751,2.030,73.485,0.005,-0.001,0.003,0.006,11|14,weighted_average,kalman(weighted_average),false
1788956634.090,29.299,0.058,1.736,2.026,73.444,0.061,1.738,2.027,73.361,0.002,0.002,0.001,0.003,11|14,weighted_average,kalman(weighted_average),false
1788956634.140,29.349,0.057,1.727,2.021,73.378,0.055,1.729,2.023,73.325,-0.002,0.001,0.001,0.003,11|14,weighted_average,kalman(weighted_average),false
1788956634.190,29.399,0.098,1.718,2.008,72.328,0.079,1.719,2.012,72.752,-0.019,0.001,0.005,0.020,11,weighted_average,kalman(weighted_average),false
1788956634.252,29.461,0.051,1.718,2.020,73.401,0.064,1.715,2.015,72.980,0.012,-0.003,-0.005,0.014,11|14,weighted_average,kalman(weighted_average),false
1788956634.295,29.504,0.052,1.708,2.013,73.284,0.056,1.709,2.013,73.107,0.003,0.001,0.000,0.003,11|14,weighted_average,kalman(weighted_average),false
1788956634.381,29.590,0.046,1.696,2.013,73.301,0.046,1.697,2.012,73.228,0.000,0.001,-0.001,0.001,11|14,weighted_average,kalman(weighted_average),false
1788956634.438,29.647,0.080,1.680,2.009,72.314,0.067,1.682,2.010,72.709,-0.013,0.003,0.001,0.014,11,weighted_average,kalman(weighted_average),false
1788956634.487,29.696,0.069,1.670,2.004,72.416,0.071,1.671,2.006,72.481,0.001,0.001,0.001,0.002,11,weighted_average,kalman(weighted_average),false
1788956634.539,29.748,0.038,1.665,2.007,73.201,0.053,1.663,2.005,72.773,0.015,-0.002,-0.001,0.015,11|14,weighted_average,kalman(weighted_average),false
1788956634.585,29.794,0.032,1.654,2.007,73.252,0.039,1.654,2.006,73.007,0.007,0.000,-0.001,0.007,11|14,weighted_average,kalman(weighted_average),false
1788956634.680,29.889,0.054,1.631,1.999,72.390,0.046,1.633,2.000,72.649,-0.008,0.001,0.001,0.008,11,weighted_average,kalman(weighted_average),false
1788956634.730,29.939,0.020,1.624,1.998,73.253,0.030,1.623,1.998,72.953,0.010,-0.001,-0.000,0.010,11|14,weighted_average,kalman(weighted_average),false
1788956634.776,29.985,0.017,1.592,2.001,73.111,0.020,1.601,1.999,73.055,0.003,0.009,-0.002,0.009,11|14,weighted_average,kalman(weighted_average),false
1788956634.826,30.035,0.044,1.584,1.993,72.316,0.031,1.585,1.995,72.702,-0.013,0.000,0.002,0.013,11,weighted_average,kalman(weighted_average),false
1788956634.894,30.103,0.036,1.572,1.992,72.365,0.035,1.569,1.992,72.461,-0.002,-0.003,0.000,0.003,11,weighted_average,kalman(weighted_average),false
1788956634.987,30.196,0.022,1.545,1.989,72.489,0.026,1.545,1.988,72.404,0.004,-0.000,-0.000,0.004,11,weighted_average,kalman(weighted_average),false
1788956635.037,30.246,-0.004,1.532,1.999,73.237,0.005,1.532,1.994,72.859,0.009,-0.000,-0.004,0.010,11|14,weighted_average,kalman(weighted_average),false
1788956635.087,30.296,-0.003,1.514,1.997,73.137,-0.004,1.516,1.997,73.064,-0.001,0.002,-0.000,0.002,11|14,weighted_average,kalman(weighted_average),false
1788956635.137,30.346,-0.004,1.500,1.993,73.121,-0.008,1.501,1.995,73.164,-0.004,0.001,0.002,0.005,11|14,weighted_average,kalman(weighted_average),false
1788956635.198,30.407,-0.010,1.489,1.998,73.170,-0.012,1.486,1.997,73.239,-0.002,-0.002,-0.001,0.003,11|14,weighted_average,kalman(weighted_average),false
1788956635.289,30.498,0.008,1.447,1.998,72.361,0.001,1.451,1.999,72.718,-0.007,0.004,0.000,0.008,11,weighted_average,kalman(weighted_average),false
1788956635.341,30.550,-0.016,1.435,1.996,73.104,-0.009,1.434,1.997,72.881,0.007,-0.001,0.001,0.008,11|14,weighted_average,kalman(weighted_average),false
1788956635.393,30.602,0.006,1.423,1.988,72.349,-0.000,1.420,1.991,72.572,-0.006,-0.003,0.004,0.007,11,weighted_average,kalman(weighted_average),false
1788956635.441,30.650,0.001,1.402,1.996,72.355,0.001,1.403,1.993,72.400,0.000,0.001,-0.003,0.003,11,weighted_average,kalman(weighted_average),false
1788956635.493,30.702,0.000,1.388,2.002,72.298,0.002,1.388,1.998,72.274,0.001,-0.001,-0.004,0.004,11,weighted_average,kalman(weighted_average),false
1788956635.580,30.789,-0.009,1.363,1.998,72.379,-0.005,1.362,1.998,72.254,0.003,-0.001,0.001,0.004,11,weighted_average,kalman(weighted_average),false
1788956635.637,30.846,-0.008,1.356,1.998,72.365,-0.008,1.353,1.998,72.291,-0.000,-0.004,0.001,0.004,11,weighted_average,kalman(weighted_average),false
1788956635.684,30.893,-0.004,1.346,1.997,72.263,-0.007,1.344,1.998,72.265,-0.002,-0.002,0.001,0.003,11,weighted_average,kalman(weighted_average),false
1788956635.744,30.952,-0.031,1.343,1.996,73.091,-0.023,1.339,1.997,72.710,0.008,-0.004,0.000,0.009,11|14,weighted_average,kalman(weighted_average),false
1788956635.876,31.085,-0.013,1.306,1.990,72.294,-0.017,1.308,1.990,72.469,-0.004,0.002,0.001,0.004,11,weighted_average,kalman(weighted_average),false
1788956635.928,31.137,-0.038,1.294,1.984,73.112,-0.031,1.295,1.985,72.844,0.007,0.000,0.001,0.008,11|14,weighted_average,kalman(weighted_average),false
1788956636.000,31.209,-0.035,1.288,1.980,73.098,-0.036,1.284,1.980,73.053,-0.001,-0.003,-0.000,0.003,11|14,weighted_average,kalman(weighted_average),false
1788956636.064,31.273,-0.007,1.266,1.976,72.095,-0.017,1.268,1.976,72.524,-0.011,0.002,-0.000,0.011,11,weighted_average,kalman(weighted_average),false
1788956636.172,31.381,-0.014,1.247,1.964,72.173,-0.012,1.247,1.965,72.199,0.002,-0.001,0.001,0.002,11,weighted_average,kalman(weighted_average),false
1788956636.220,31.429,-0.018,1.238,1.968,72.175,-0.015,1.238,1.965,72.130,0.003,-0.000,-0.003,0.004,11,weighted_average,kalman(weighted_average),false
1788956636.270,31.479,-0.024,1.229,1.958,72.240,-0.021,1.229,1.960,72.137,0.003,-0.000,0.002,0.004,11,weighted_average,kalman(weighted_average),false
1788956636.329,31.538,-0.024,1.229,1.958,72.240,-0.024,1.225,1.957,72.157,0.000,-0.004,-0.001,0.004,11,weighted_average,kalman(weighted_average),false
1788956636.374,31.583,-0.019,1.218,1.957,72.113,-0.022,1.218,1.956,72.119,-0.003,0.001,-0.001,0.003,11,weighted_average,kalman(weighted_average),false
1788956636.479,31.688,0.016,1.228,1.948,71.738,0.008,1.223,1.949,71.831,-0.008,-0.005,0.001,0.010,11,weighted_average,kalman(weighted_average),false
1788956636.527,31.736,0.001,1.214,1.952,71.869,0.007,1.217,1.950,71.808,0.007,0.004,-0.002,0.008,11,weighted_average,kalman(weighted_average),false
1788956636.578,31.787,-0.010,1.210,1.944,72.049,-0.001,1.212,1.945,71.903,0.009,0.002,0.002,0.010,11,weighted_average,kalman(weighted_average),false
1788956636.632,31.841,-0.011,1.209,1.942,72.040,-0.007,1.209,1.942,71.969,0.004,-0.000,0.000,0.004,11,weighted_average,kalman(weighted_average),false
1788956636.677,31.886,-0.008,1.211,1.934,71.963,-0.008,1.209,1.936,71.972,-0.001,-0.002,0.003,0.003,11,weighted_average,kalman(weighted_average),false
1788956636.776,31.985,-0.022,1.210,1.935,72.152,-0.020,1.209,1.933,72.099,0.002,-0.001,-0.002,0.003,11,weighted_average,kalman(weighted_average),false
1788956636.839,32.048,-0.017,1.209,1.937,72.030,-0.020,1.209,1.935,72.079,-0.003,-0.000,-0.002,0.003,11,weighted_average,kalman(weighted_average),false
1788956636.884,32.093,-0.025,1.217,1.934,72.229,-0.024,1.214,1.934,72.168,0.001,-0.003,0.000,0.003,11,weighted_average,kalman(weighted_average),false
1788956636.940,32.149,-0.016,1.218,1.936,72.076,-0.020,1.218,1.935,72.141,-0.004,-0.001,-0.001,0.004,11,weighted_average,kalman(weighted_average),false
1788956637.048,32.257,-0.023,1.223,1.935,72.221,-0.022,1.223,1.935,72.209,0.001,0.000,-0.000,0.001,11,weighted_average,kalman(weighted_average),false
1788956637.094,32.303,-0.018,1.230,1.936,72.214,-0.020,1.228,1.936,72.223,-0.002,-0.001,-0.000,0.002,11,weighted_average,kalman(weighted_average),false
1788956637.151,32.360,-0.019,1.229,1.939,72.218,-0.019,1.230,1.938,72.232,-0.000,0.001,-0.001,0.001,11,weighted_average,kalman(weighted_average),false
1788956637.196,32.405,-0.014,1.236,1.938,72.231,-0.016,1.235,1.938,72.239,-0.002,-0.001,0.000,0.002,11,weighted_average,kalman(weighted_average),false
1788956637.251,32.460,-0.012,1.234,1.936,72.156,-0.013,1.236,1.937,72.202,-0.001,0.002,0.001,0.002,11,weighted_average,kalman(weighted_average),false
1788956637.348,32.557,-0.008,1.241,1.939,72.169,-0.008,1.241,1.939,72.177,0.000,0.000,-0.000,0.000,11,weighted_average,kalman(weighted_average),false
1788956637.400,32.609,-0.010,1.241,1.944,72.199,-0.009,1.242,1.942,72.186,0.001,0.001,-0.002,0.002,11,weighted_average,kalman(weighted_average),false
1788956637.451,32.660,-0.009,1.242,1.944,72.188,-0.008,1.243,1.944,72.186,0.001,0.001,0.000,0.001,11,weighted_average,kalman(weighted_average),false
1788956637.508,32.717,-0.010,1.244,1.941,72.230,-0.009,1.244,1.943,72.209,0.001,0.000,0.002,0.002,11,weighted_average,kalman(weighted_average),false
1788956637.549,32.758,-0.005,1.250,1.947,72.194,-0.007,1.248,1.946,72.204,-0.002,-0.002,-0.002,0.003,11,weighted_average,kalman(weighted_average),false
1788956637.646,32.855,-0.004,1.249,1.947,72.137,-0.004,1.250,1.947,72.162,-0.000,0.001,0.000,0.001,11,weighted_average,kalman(weighted_average),false
1788956637.703,32.912,-0.003,1.251,1.955,72.131,-0.003,1.251,1.953,72.137,0.000,0.000,-0.002,0.002,11,weighted_average,kalman(weighted_average),false
1788956637.749,32.958,-0.010,1.253,1.950,72.262,-0.007,1.253,1.952,72.197,0.003,-0.000,0.002,0.004,11,weighted_average,kalman(weighted_average),false
1788956637.799,33.008,-0.004,1.255,1.957,72.168,-0.005,1.255,1.956,72.186,-0.001,-0.000,-0.001,0.002,11,weighted_average,kalman(weighted_average),false
1788956637.849,33.058,-0.013,1.255,1.959,72.313,-0.010,1.255,1.959,72.253,0.003,0.001,-0.001,0.003,11,weighted_average,kalman(weighted_average),false
1788956637.945,33.154,-0.011,1.255,1.963,72.261,-0.012,1.256,1.963,72.274,-0.001,0.001,0.000,0.001,11,weighted_average,kalman(weighted_average),false
1788956637.996,33.205,-0.004,1.259,1.963,72.169,-0.007,1.258,1.964,72.220,-0.003,-0.001,0.001,0.003,11,weighted_average,kalman(weighted_average),false
1788956638.057,33.266,-0.012,1.263,1.965,72.318,-0.010,1.262,1.965,72.272,0.002,-0.001,0.000,0.002,11,weighted_average,kalman(weighted_average),false
1788956638.093,33.302,-0.015,1.263,1.968,72.364,-0.013,1.263,1.967,72.322,0.002,0.000,-0.001,0.002,11,weighted_average,kalman(weighted_average),false
1788956638.152,33.361,-0.004,1.264,1.975,72.170,-0.008,1.265,1.973,72.256,-0.004,0.001,-0.002,0.005,11,weighted_average,kalman(weighted_average),false
1788956638.247,33.456,-0.007,1.263,1.976,72.186,-0.007,1.264,1.977,72.204,0.000,0.001,0.001,0.001,11,weighted_average,kalman(weighted_average),false
1788956638.295,33.504,-0.014,1.266,1.970,72.316,-0.011,1.265,1.974,72.260,0.003,-0.000,0.003,0.004,11,weighted_average,kalman(weighted_average),false
1788956638.350,33.559,-0.004,1.267,1.976,72.140,-0.007,1.267,1.975,72.196,-0.003,-0.001,-0.001,0.004,11,weighted_average,kalman(weighted_average),false
1788956638.422,33.631,-0.030,1.270,1.978,72.935,-0.023,1.270,1.977,72.633,0.007,-0.001,-0.000,0.008,11|14,weighted_average,kalman(weighted_average),false
1788956638.517,33.726,-0.026,1.274,1.980,72.903,-0.028,1.274,1.980,72.903,-0.002,-0.000,-0.000,0.002,11|14,weighted_average,kalman(weighted_average),false
1788956638.584,33.793,-0.029,1.268,1.984,72.879,-0.030,1.271,1.983,72.956,-0.001,0.002,-0.001,0.003,11|14,weighted_average,kalman(weighted_average),false
1788956638.620,33.829,-0.028,1.275,1.986,72.935,-0.029,1.273,1.985,72.978,-0.002,-0.002,-0.000,0.003,11|14,weighted_average,kalman(weighted_average),false
1788956638.676,33.885,-0.029,1.271,1.987,72.907,-0.030,1.272,1.988,72.980,-0.001,0.001,0.000,0.001,11|14,weighted_average,kalman(weighted_average),false
1788956638.723,33.932,-0.029,1.274,1.984,72.937,-0.030,1.273,1.986,72.980,-0.001,-0.001,0.002,0.003,11|14,weighted_average,kalman(weighted_average),false
1788956638.817,34.026,-0.030,1.270,1.989,72.940,-0.030,1.271,1.989,72.974,-0.000,0.001,-0.000,0.001,11|14,weighted_average,kalman(weighted_average),false
1788956638.881,34.090,-0.029,1.274,1.985,72.943,-0.029,1.273,1.987,72.959,-0.001,-0.001,0.001,0.002,11|14,weighted_average,kalman(weighted_average),false
1788956638.924,34.133,-0.029,1.270,1.988,72.911,-0.029,1.271,1.987,72.933,-0.000,0.001,-0.000,0.001,11|14,weighted_average,kalman(weighted_average),false
1788956638.972,34.181,-0.029,1.270,1.987,72.934,-0.029,1.270,1.987,72.929,0.000,0.000,0.000,0.000,11|14,weighted_average,kalman(weighted_average),false
1788956639.021,34.230,-0.018,1.261,1.989,72.309,-0.022,1.265,1.988,72.611,-0.005,0.004,-0.001,0.006,11,weighted_average,kalman(weighted_average),false
1788956639.119,34.328,-0.018,1.259,1.988,72.289,-0.017,1.259,1.989,72.320,0.000,-0.000,0.000,0.000,11,weighted_average,kalman(weighted_average),false
1788956639.184,34.393,-0.014,1.257,1.985,72.210,-0.014,1.257,1.986,72.184,0.000,-0.001,0.001,0.001,11,weighted_average,kalman(weighted_average),false
1788956639.222,34.431,-0.013,1.258,1.983,72.197,-0.013,1.257,1.984,72.146,0.000,-0.001,0.001,0.002,11,weighted_average,kalman(weighted_average),false
1788956639.274,34.483,-0.013,1.256,1.984,72.176,-0.012,1.256,1.984,72.110,0.001,-0.000,-0.001,0.001,11,weighted_average,kalman(weighted_average),false
1788956639.324,34.533,-0.009,1.256,1.990,72.118,-0.010,1.255,1.987,72.076,-0.000,-0.001,-0.003,0.003,11,weighted_average,kalman(weighted_average),false
1788956639.419,34.628,-0.009,1.255,1.981,72.092,-0.009,1.255,1.983,72.047,0.001,-0.000,0.002,0.002,11,weighted_average,kalman(weighted_average),false
1788956639.481,34.690,-0.015,1.252,1.986,72.173,-0.013,1.253,1.984,72.110,0.002,0.000,-0.001,0.003,11,weighted_average,kalman(weighted_average),false
1788956639.521,34.730,-0.017,1.254,1.973,72.210,-0.016,1.253,1.977,72.164,0.001,-0.001,0.005,0.005,11,weighted_average,kalman(weighted_average),false
1788956639.576,34.785,-0.010,1.253,1.974,72.082,-0.013,1.253,1.974,72.132,-0.003,-0.000,0.000,0.003,11,weighted_average,kalman(weighted_average),false
1788956639.624,34.833,-0.010,1.253,1.974,72.082,-0.011,1.253,1.972,72.107,-0.001,-0.000,-0.001,0.002,11,weighted_average,kalman(weighted_average),false
1788956639.719,34.928,-0.020,1.251,1.966,72.214,-0.018,1.251,1.967,72.173,0.003,0.001,0.000,0.003,11,weighted_average,kalman(weighted_average),false
1788956639.772,34.981,-0.019,1.253,1.960,72.188,-0.019,1.252,1.961,72.191,-0.001,-0.001,0.001,0.002,11,weighted_average,kalman(weighted_average),false
1788956639.824,35.033,-0.017,1.253,1.963,72.153,-0.019,1.253,1.961,72.179,-0.002,-0.000,-0.002,0.003,11,weighted_average,kalman(weighted_average),false
1788956639.878,35.087,-0.016,1.252,1.961,72.097,-0.017,1.252,1.960,72.139,-0.002,0.000,-0.001,0.002,11,weighted_average,kalman(weighted_average),false
1788956639.923,35.132,-0.021,1.252,1.955,72.184,-0.019,1.252,1.956,72.157,0.002,-0.000,0.001,0.002,11,weighted_average,kalman(weighted_average),false
1788956640.017,35.226,-0.020,1.252,1.954,72.146,-0.020,1.252,1.953,72.150,-0.000,-0.000,-0.000,0.000,11,weighted_average,kalman(weighted_average),false
1788956640.083,35.292,-0.024,1.253,1.953,72.208,-0.023,1.253,1.952,72.186,0.001,-0.000,-0.001,0.001,11,weighted_average,kalman(weighted_average),false
1788956640.122,35.331,-0.019,1.254,1.948,72.133,-0.021,1.253,1.950,72.163,-0.002,-0.001,0.001,0.002,11,weighted_average,kalman(weighted_average),false
1788956640.170,35.379,-0.040,1.261,1.955,72.899,-0.032,1.258,1.952,72.539,0.007,-0.003,-0.003,0.009,11|14,weighted_average,kalman(weighted_average),false
1788956640.219,35.428,-0.044,1.257,1.953,72.926,-0.041,1.259,1.952,72.800,0.003,0.001,-0.001,0.003,11|14,weighted_average,kalman(weighted_average),false
1788956640.320,35.529,-0.025,1.255,1.954,72.229,-0.032,1.257,1.954,72.530,-0.007,0.002,-0.000,0.007,11,weighted_average,kalman(weighted_average),false
1788956640.374,35.583,-0.040,1.261,1.959,72.899,-0.036,1.260,1.957,72.731,0.004,-0.002,-0.001,0.004,11|14,weighted_average,kalman(weighted_average),false
1788956640.415,35.624,-0.044,1.261,1.954,72.947,-0.041,1.261,1.956,72.861,0.003,-0.000,0.002,0.003,11|14,weighted_average,kalman(weighted_average),false
1788956640.476,35.685,-0.044,1.261,1.957,72.948,-0.043,1.262,1.957,72.952,0.000,0.000,-0.000,0.000,11|14,weighted_average,kalman(weighted_average),false
1788956640.527,35.736,-0.040,1.267,1.953,72.947,-0.042,1.265,1.955,72.985,-0.002,-0.002,0.002,0.003,11|14,weighted_average,kalman(weighted_average),false
1788956640.625,35.834,-0.016,1.266,1.958,72.135,-0.022,1.267,1.957,72.447,-0.006,0.001,-0.001,0.006,11,weighted_average,kalman(weighted_average),false
1788956640.693,35.902,-0.037,1.266,1.962,72.830,-0.030,1.266,1.961,72.611,0.007,0.001,-0.001,0.007,11|14,weighted_average,kalman(weighted_average),false
1788956640.730,35.939,-0.020,1.263,1.958,72.148,-0.024,1.264,1.959,72.359,-0.004,0.001,0.002,0.005,11,weighted_average,kalman(weighted_average),false
1788956640.777,35.986,-0.024,1.261,1.964,72.186,-0.023,1.262,1.962,72.219,0.001,0.001,-0.001,0.002,11,weighted_average,kalman(weighted_average),false
1788956640.827,36.036,-0.024,1.261,1.962,72.163,-0.023,1.261,1.963,72.129,0.001,-0.000,0.001,0.002,11,weighted_average,kalman(weighted_average),false
1788956640.923,36.132,-0.024,1.263,1.964,72.152,-0.023,1.262,1.964,72.072,0.001,-0.001,0.000,0.001,11,weighted_average,kalman(weighted_average),false
1788956640.983,36.192,-0.047,1.269,1.975,72.969,-0.040,1.267,1.972,72.593,0.007,-0.002,-0.003,0.008,11|14,weighted_average,kalman(weighted_average),false
1788956641.028,36.237,-0.023,1.263,1.978,72.144,-0.032,1.265,1.977,72.413,-0.009,0.002,-0.001,0.009,11,weighted_average,kalman(weighted_average),false
1788956641.087,36.296,-0.030,1.265,1.975,72.282,-0.031,1.266,1.978,72.361,-0.001,0.000,0.003,0.003,11,weighted_average,kalman(weighted_average),false
1788956641.130,36.339,-0.027,1.264,1.980,72.200,-0.029,1.265,1.980,72.281,-0.002,0.001,-0.000,0.002,11,weighted_average,kalman(weighted_average),false
1788956641.228,36.437,-0.029,1.257,1.990,72.175,-0.029,1.259,1.989,72.194,0.001,0.002,-0.001,0.002,11,weighted_average,kalman(weighted_average),false
1788956641.281,36.490,-0.033,1.258,1.993,72.266,-0.031,1.258,1.993,72.220,0.001,-0.001,0.000,0.002,11,weighted_average,kalman(weighted_average),false
1788956641.334,36.543,-0.047,1.263,1.990,72.894,-0.041,1.260,1.992,72.588,0.005,-0.003,0.003,0.006,11|14,weighted_average,kalman(weighted_average),false
1788956641.375,36.584,-0.046,1.261,2.000,72.896,-0.046,1.261,1.998,72.793,0.000,-0.000,-0.003,0.003,11|14,weighted_average,kalman(weighted_average),false
1788956641.432,36.641,-0.043,1.265,2.006,72.921,-0.046,1.263,2.004,72.945,-0.004,-0.001,-0.002,0.004,11|14,weighted_average,kalman(weighted_average),false
1788956641.523,36.732,-0.043,1.259,2.005,72.897,-0.045,1.260,2.007,73.007,-0.002,0.002,0.002,0.003,11|14,weighted_average,kalman(weighted_average),false
1788956641.588,36.797,-0.041,1.256,2.005,72.868,-0.043,1.257,2.007,72.957,-0.001,0.001,0.001,0.002,11|14,weighted_average,kalman(weighted_average),false
1788956641.661,36.870,-0.044,1.252,2.003,72.884,-0.043,1.253,2.004,72.924,0.001,0.001,0.002,0.002,11|14,weighted_average,kalman(weighted_average),false
1788956641.706,36.915,-0.039,1.258,2.013,72.922,-0.041,1.255,2.010,72.923,-0.002,-0.003,-0.004,0.005,11|14,weighted_average,kalman(weighted_average),false
1788956641.810,37.019,-0.021,1.239,2.014,72.166,-0.025,1.242,2.014,72.392,-0.004,0.003,-0.000,0.005,11,weighted_average,kalman(weighted_average),false
1788956641.867,37.076,-0.012,1.241,2.014,72.042,-0.013,1.239,2.015,72.095,-0.001,-0.002,0.001,0.002,11,weighted_average,kalman(weighted_average),false
1788956641.916,37.125,-0.015,1.238,2.006,72.079,-0.011,1.237,2.010,71.993,0.004,-0.001,0.004,0.005,11,weighted_average,kalman(weighted_average),false
1788956641.961,37.170,-0.021,1.236,2.001,72.167,-0.015,1.235,2.004,72.004,0.006,-0.001,0.003,0.007,11,weighted_average,kalman(weighted_average),false
1788956642.015,37.224,-0.017,1.234,2.000,72.078,-0.015,1.233,2.000,71.984,0.002,-0.001,0.000,0.002,11,weighted_average,kalman(weighted_average),false
1788956642.111,37.320,-0.021,1.233,1.996,72.140,-0.019,1.232,1.996,72.038,0.002,-0.001,-0.001,0.002,11,weighted_average,kalman(weighted_average),false
1788956642.161,37.370,-0.013,1.232,1.991,72.002,-0.016,1.232,1.991,72.014,-0.003,-0.000,0.001,0.003,11,weighted_average,kalman(weighted_average),false
1788956642.214,37.423,-0.024,1.231,1.991,72.181,-0.021,1.231,1.990,72.100,0.003,0.000,-0.001,0.004,11,weighted_average,kalman(weighted_average),false
1788956642.265,37.474,-0.019,1.234,1.982,72.113,-0.020,1.233,1.984,72.117,-0.002,-0.002,0.002,0.003,11,weighted_average,kalman(weighted_average),false
1788956642.315,37.524,-0.024,1.230,1.985,72.162,-0.023,1.231,1.983,72.151,0.001,0.001,-0.002,0.003,11,weighted_average,kalman(weighted_average),false
1788956642.411,37.620,-0.017,1.229,1.979,72.020,-0.019,1.230,1.978,72.079,-0.002,0.000,-0.000,0.002,11,weighted_average,kalman(weighted_average),false
1788956642.466,37.675,-0.026,1.227,1.978,72.141,-0.023,1.228,1.978,72.108,0.002,0.000,-0.001,0.003,11,weighted_average,kalman(weighted_average),false
1788956642.514,37.723,-0.024,1.229,1.980,72.120,-0.024,1.228,1.979,72.115,-0.000,-0.001,-0.002,0.002,11,weighted_average,kalman(weighted_average),false
1788956642.567,37.776,-0.030,1.225,1.976,72.200,-0.028,1.226,1.977,72.161,0.002,0.001,0.001,0.002,11,weighted_average,kalman(weighted_average),false
1788956642.615,37.824,-0.030,1.224,1.978,72.187,-0.030,1.224,1.977,72.183,-0.000,0.000,-0.001,0.001,11,weighted_average,kalman(weighted_average),false
1788956642.711,37.919,-0.024,1.223,1.973,72.085,-0.026,1.223,1.974,72.131,-0.002,-0.000,0.001,0.003,11,weighted_average,kalman(weighted_average),false
1788956642.759,37.968,-0.023,1.218,1.977,72.016,-0.024,1.219,1.976,72.060,-0.001,0.001,-0.002,0.002,11,weighted_average,kalman(weighted_average),false
1788956642.817,38.026,-0.027,1.217,1.980,72.103,-0.025,1.217,1.979,72.068,0.002,-0.000,-0.002,0.003,11,weighted_average,kalman(weighted_average),false
1788956642.866,38.075,-0.026,1.215,1.980,72.062,-0.026,1.215,1.980,72.057,0.000,-0.000,0.000,0.000,11,weighted_average,kalman(weighted_average),false
1788956642.912,38.121,-0.031,1.215,1.983,72.164,-0.029,1.214,1.982,72.104,0.002,-0.001,-0.001,0.002,11,weighted_average,kalman(weighted_average),false
1788956643.007,38.216,-0.030,1.213,1.987,72.154,-0.030,1.212,1.986,72.141,-0.000,-0.000,-0.000,0.001,11,weighted_average,kalman(weighted_average),false
1788956643.068,38.277,-0.023,1.213,1.989,72.060,-0.026,1.212,1.989,72.099,-0.002,-0.001,0.000,0.002,11,weighted_average,kalman(weighted_average),false
1788956643.117,38.326,-0.025,1.207,1.987,72.062,-0.025,1.209,1.989,72.076,0.000,0.002,0.001,0.002,11,weighted_average,kalman(weighted_average),false
1788956643.160,38.369,-0.028,1.210,1.987,72.169,-0.026,1.209,1.988,72.118,0.002,-0.001,0.001,0.002,11,weighted_average,kalman(weighted_average),false
1788956643.220,38.429,-0.034,1.207,1.989,72.264,-0.031,1.207,1.989,72.201,0.003,0.000,-0.000,0.003,11,weighted_average,kalman(weighted_average),false
1788956643.322,38.531,-0.035,1.201,2.001,72.279,-0.035,1.201,1.999,72.275,-0.000,0.001,-0.002,0.002,11,weighted_average,kalman(weighted_average),false
1788956643.374,38.583,-0.015,1.204,2.003,71.995,-0.022,1.202,2.003,72.124,-0.007,-0.002,0.000,0.007,11,weighted_average,kalman(weighted_average),false
1788956643.423,38.632,-0.025,1.200,2.004,72.172,-0.022,1.201,2.005,72.136,0.003,0.000,0.001,0.003,11,weighted_average,kalman(weighted_average),false
1788956643.484,38.693,-0.024,1.197,2.010,72.161,-0.022,1.198,2.010,72.142,0.002,0.001,-0.000,0.002,11,weighted_average,kalman(weighted_average),false
1788956643.535,38.744,-0.024,1.195,2.013,72.156,-0.023,1.195,2.013,72.146,0.001,0.000,-0.000,0.001,11,weighted_average,kalman(weighted_average),false
1788956643.627,38.836,-0.024,1.195,2.017,72.200,-0.024,1.194,2.018,72.180,0.000,-0.001,0.001,0.001,11,weighted_average,kalman(weighted_average),false
1788956643.684,38.893,-0.016,1.194,2.022,72.058,-0.019,1.194,2.022,72.112,-0.002,-0.000,-0.001,0.003,11,weighted_average,kalman(weighted_average),false
1788956643.737,38.946,-0.021,1.193,2.026,72.142,-0.020,1.193,2.026,72.121,0.002,0.000,-0.000,0.002,11,weighted_average,kalman(weighted_average),false
1788956643.795,39.004,-0.021,1.195,2.028,72.159,-0.020,1.194,2.029,72.139,0.001,-0.001,0.001,0.001,11,weighted_average,kalman(weighted_average),false
1788956643.903,39.112,-0.012,1.198,2.038,72.046,-0.014,1.198,2.037,72.073,-0.001,-0.001,-0.001,0.002,11,weighted_average,kalman(weighted_average),false
1788956643.957,39.166,-0.026,1.193,2.044,72.218,-0.021,1.195,2.043,72.152,0.005,0.002,-0.001,0.005,11,weighted_average,kalman(weighted_average),false
1788956644.008,39.217,-0.032,1.202,2.045,72.440,-0.029,1.199,2.046,72.319,0.004,-0.003,0.001,0.005,11,weighted_average,kalman(weighted_average),false
1788956644.055,39.264,-0.027,1.203,2.040,72.330,-0.029,1.202,2.044,72.356,-0.003,-0.001,0.004,0.005,11,weighted_average,kalman(weighted_average),false
1788956644.159,39.368,-0.004,1.210,2.046,71.935,-0.011,1.209,2.046,72.101,-0.007,-0.001,0.000,0.007,11,weighted_average,kalman(weighted_average),false
1788956644.214,39.423,-0.026,1.205,2.041,72.323,-0.018,1.207,2.043,72.204,0.008,0.003,0.002,0.008,11,weighted_average,kalman(weighted_average),false
1788956644.262,39.471,-0.022,1.210,2.046,73.033,-0.020,1.209,2.045,72.654,0.002,-0.001,-0.002,0.003,11,weighted_average,kalman(weighted_average),false
1788956644.315,39.524,-0.009,1.210,2.046,73.637,-0.013,1.210,2.045,73.260,-0.005,0.000,-0.000,0.005,11,weighted_average,kalman(weighted_average),false
1788956644.420,39.629,-0.011,1.206,2.037,74.502,-0.010,1.207,2.039,74.324,0.001,0.001,0.002,0.002,11,weighted_average,kalman(weighted_average),false
1788956644.471,39.680,-0.015,1.198,2.045,75.388,-0.013,1.201,2.042,75.149,0.002,0.003,-0.003,0.004,11,weighted_average,kalman(weighted_average),false
1788956644.522,39.731,-0.008,1.191,2.034,76.077,-0.010,1.193,2.037,75.924,-0.002,0.002,0.003,0.004,11,weighted_average,kalman(weighted_average),false
1788956644.572,39.781,-0.007,1.184,2.032,76.889,-0.008,1.186,2.033,76.744,-0.001,0.002,0.001,0.002,11,weighted_average,kalman(weighted_average),false
1788956644.681,39.890,0.010,1.167,2.036,77.845,0.007,1.168,2.034,77.970,-0.003,0.001,-0.002,0.003,11,weighted_average,kalman(weighted_average),false
1788956644.727,39.936,0.002,1.165,2.035,78.436,0.006,1.163,2.035,78.470,0.004,-0.001,-0.000,0.004,11,weighted_average,kalman(weighted_average),false
1788956644.779,39.988,-0.000,1.158,2.042,78.893,0.003,1.157,2.039,78.975,0.004,-0.001,-0.003,0.005,11,weighted_average,kalman(weighted_average),false
1788956644.831,40.040,-0.003,1.307,2.136,80.394,-0.000,1.247,2.100,80.004,0.003,-0.060,-0.036,0.070,9,weighted_average,kalman(weighted_average),false
1788956644.935,40.144,0.022,1.283,2.116,81.680,0.017,1.291,2.125,81.619,-0.005,0.008,0.009,0.013,9,weighted_average,kalman(weighted_average),false
1788956644.989,40.198,0.021,1.275,2.134,82.105,0.022,1.288,2.136,82.234,0.001,0.013,0.002,0.013,9,weighted_average,kalman(weighted_average),false
1788956645.042,40.251,0.039,1.266,2.124,82.270,0.035,1.278,2.133,82.574,-0.004,0.012,0.009,0.015,9,weighted_average,kalman(weighted_average),false
1788956645.089,40.298,0.033,1.260,2.127,82.761,0.037,1.267,2.131,82.917,0.004,0.008,0.004,0.010,9,weighted_average,kalman(weighted_average),false
1788956645.203,40.412,0.059,1.240,2.120,83.669,0.058,1.243,2.123,83.768,-0.001,0.004,0.003,0.005,9,weighted_average,kalman(weighted_average),false
1788956645.251,40.460,-0.011,0.798,2.033,83.667,0.058,1.243,2.123,83.864,0.068,0.446,0.090,0.460,17,weighted_average,kalman(weighted_average),true
1788956645.302,40.511,0.015,0.775,2.009,83.952,0.058,1.243,2.123,84.046,0.042,0.468,0.113,0.484,17,weighted_average,kalman(weighted_average),true
1788956645.353,40.562,0.023,0.773,1.988,84.472,0.027,0.823,2.002,84.393,0.004,0.050,0.014,0.052,17,weighted_average,kalman(weighted_average),false
1788956645.462,40.671,0.044,0.735,1.962,84.943,0.037,0.702,1.955,84.963,-0.007,-0.033,-0.007,0.035,17,weighted_average,kalman(weighted_average),false
1788956645.522,40.731,0.058,0.729,1.957,84.995,0.053,0.698,1.949,85.103,-0.005,-0.031,-0.009,0.032,17,weighted_average,kalman(weighted_average),false
1788956645.572,40.781,0.065,0.708,1.943,85.285,0.064,0.693,1.940,85.295,-0.001,-0.015,-0.003,0.015,17,weighted_average,kalman(weighted_average),false
1788956645.623,40.832,0.110,0.675,1.937,85.000,0.096,0.674,1.934,85.229,-0.014,-0.000,-0.003,0.015,17,weighted_average,kalman(weighted_average),false
1788956645.726,40.935,0.103,0.660,1.923,85.480,0.110,0.655,1.921,85.470,0.007,-0.005,-0.002,0.009,17,weighted_average,kalman(weighted_average),false
1788956645.774,40.983,0.040,0.682,1.973,86.847,0.067,0.669,1.953,86.316,0.027,-0.013,-0.020,0.036,17,weighted_average,kalman(weighted_average),false
1788956645.835,41.044,0.081,0.652,1.994,86.418,0.070,0.658,1.984,86.566,-0.011,0.006,-0.010,0.016,17,weighted_average,kalman(weighted_average),false
1788956645.880,41.089,0.083,0.641,1.979,86.712,0.076,0.646,1.988,86.772,-0.007,0.005,0.009,0.012,17,weighted_average,kalman(weighted_average),false
1788956645.990,41.199,0.115,0.598,1.931,86.787,0.107,0.604,1.948,86.960,-0.008,0.006,0.017,0.019,17,weighted_average,kalman(weighted_average),false
1788956646.044,41.253,0.103,0.587,1.951,87.191,0.108,0.586,1.944,87.155,0.006,-0.001,-0.007,0.009,17,weighted_average,kalman(weighted_average),false
1788956646.089,41.298,0.099,0.588,1.956,87.325,0.106,0.581,1.947,87.309,0.006,-0.007,-0.008,0.013,17,weighted_average,kalman(weighted_average),false
1788956646.145,41.354,0.091,0.569,1.988,87.502,0.098,0.568,1.971,87.493,0.007,-0.001,-0.017,0.019,17,weighted_average,kalman(weighted_average),false
1788956646.195,41.404,0.104,0.552,1.987,87.332,0.101,0.554,1.984,87.484,-0.003,0.001,-0.003,0.005,17,weighted_average,kalman(weighted_average),false
1788956646.299,41.508,0.129,0.522,1.952,87.094,0.123,0.523,1.963,87.278,-0.006,0.001,0.011,0.013,17,weighted_average,kalman(weighted_average),false
1788956646.348,41.557,0.145,0.503,1.929,86.837,0.141,0.505,1.938,87.001,-0.004,0.002,0.009,0.010,17,weighted_average,kalman(weighted_average),false
1788956646.402,41.611,0.132,0.504,1.938,87.102,0.140,0.498,1.932,86.998,0.008,-0.006,-0.006,0.012,17,weighted_average,kalman(weighted_average),false
1788956646.451,41.660,0.125,0.501,1.929,87.226,0.134,0.496,1.926,87.082,0.009,-0.006,-0.003,0.011,17,weighted_average,kalman(weighted_average),false
1788956646.502,41.711,0.142,0.474,1.949,86.932,0.139,0.479,1.936,86.993,-0.003,0.006,-0.013,0.015,17,weighted_average,kalman(weighted_average),false
1788956646.612,41.821,0.116,0.469,1.981,87.397,0.122,0.466,1.972,87.250,0.006,-0.003,-0.009,0.011,17,weighted_average,kalman(weighted_average),false
1788956646.659,41.868,0.108,0.471,1.953,87.630,0.111,0.467,1.965,87.503,0.002,-0.004,0.012,0.012,17,weighted_average,kalman(weighted_average),false
1788956646.712,41.921,0.156,0.417,1.970,86.859,0.136,0.434,1.970,87.210,-0.020,0.017,0.000,0.026,17,weighted_average,kalman(weighted_average),false
1788956646.763,41.972,0.133,0.422,2.000,87.268,0.137,0.420,1.991,87.234,0.003,-0.002,-0.010,0.010,17,weighted_average,kalman(weighted_average),false
1788956646.811,42.020,0.128,0.418,1.972,87.413,0.133,0.413,1.985,87.325,0.005,-0.005,0.012,0.014,17,weighted_average,kalman(weighted_average),false
1788956646.922,42.131,0.158,0.352,1.987,86.969,0.154,0.358,1.989,87.092,-0.004,0.007,0.001,0.008,17,weighted_average,kalman(weighted_average),false
1788956646.971,42.180,0.166,0.344,1.949,86.856,0.164,0.341,1.963,86.922,-0.001,-0.003,0.014,0.014,17,weighted_average,kalman(weighted_average),false
1788956647.023,42.232,0.140,0.349,1.993,87.363,0.153,0.338,1.978,87.118,0.013,-0.011,-0.015,0.023,17,weighted_average,kalman(weighted_average),false
1788956647.073,42.282,0.140,0.332,1.951,87.339,0.145,0.329,1.962,87.236,0.005,-0.003,0.011,0.012,17,weighted_average,kalman(weighted_average),false
1788956647.183,42.392,0.109,0.330,1.971,87.860,0.114,0.325,1.967,87.709,0.006,-0.005,-0.004,0.009,17,weighted_average,kalman(weighted_average),false
1788956647.232,42.441,0.124,0.307,1.979,87.585,0.116,0.312,1.975,87.705,-0.008,0.005,-0.004,0.010,17,weighted_average,kalman(weighted_average),false
1788956647.282,42.491,0.105,0.310,1.934,87.917,0.107,0.309,1.952,87.871,0.002,-0.002,0.017,0.017,17,weighted_average,kalman(weighted_average),false
1788956647.333,42.542,0.119,0.283,1.937,87.693,0.111,0.291,1.939,87.839,-0.008,0.008,0.003,0.011,17,weighted_average,kalman(weighted_average),false
1788956647.384,42.593,0.119,0.283,1.937,87.693,0.115,0.282,1.934,87.797,-0.004,-0.001,-0.003,0.005,17,weighted_average,kalman(weighted_average),false
1788956647.489,42.698,0.125,0.253,1.906,87.541,0.123,0.255,1.908,87.640,-0.002,0.002,0.003,0.004,17,weighted_average,kalman(weighted_average),false
1788956647.543,42.752,0.130,0.250,1.876,87.485,0.129,0.247,1.882,87.526,-0.001,-0.003,0.006,0.007,17,weighted_average,kalman(weighted_average),false
1788956647.594,42.803,0.137,0.213,1.913,87.287,0.136,0.222,1.895,87.362,-0.001,0.009,-0.018,0.020,17,weighted_average,kalman(weighted_average),false
1788956647.644,42.853,0.142,0.198,1.879,87.182,0.141,0.201,1.884,87.218,-0.000,0.003,0.005,0.006,17,weighted_average,kalman(weighted_average),false
1788956647.746,42.954,0.124,0.182,1.890,87.430,0.130,0.178,1.886,87.290,0.006,-0.004,-0.005,0.009,17,weighted_average,kalman(weighted_average),false
1788956647.797,43.006,0.119,0.180,1.875,87.510,0.121,0.175,1.879,87.416,0.003,-0.005,0.003,0.007,17,weighted_average,kalman(weighted_average),false
1788956647.849,43.058,0.116,0.163,1.909,87.529,0.116,0.164,1.897,87.497,-0.001,0.001,-0.012,0.013,17,weighted_average,kalman(weighted_average),false
1788956647.905,43.114,0.120,0.159,1.877,87.461,0.116,0.157,1.887,87.504,-0.004,-0.002,0.010,0.011,17,weighted_average,kalman(weighted_average),false
1788956648.017,43.226,0.125,0.128,1.888,87.306,0.122,0.130,1.887,87.382,-0.003,0.002,-0.001,0.004,17,weighted_average,kalman(weighted_average),false
1788956648.060,43.269,0.115,0.132,1.869,87.483,0.118,0.127,1.876,87.427,0.004,-0.004,0.006,0.008,17,weighted_average,kalman(weighted_average),false
1788956648.116,43.325,0.107,0.132,1.869,87.624,0.111,0.127,1.869,87.535,0.004,-0.005,0.000,0.006,17,weighted_average,kalman(weighted_average),false
1788956648.166,43.375,0.107,0.112,1.845,87.525,0.107,0.116,1.852,87.545,-0.000,0.004,0.007,0.008,17,weighted_average,kalman(weighted_average),false
1788956648.270,43.479,0.105,0.103,1.856,87.545,0.104,0.103,1.851,87.561,-0.001,-0.001,-0.005,0.005,17,weighted_average,kalman(weighted_average),false
1788956648.321,43.530,0.122,0.087,1.855,87.209,0.116,0.090,1.853,87.358,-0.007,0.003,-0.002,0.008,17,weighted_average,kalman(weighted_average),false
1788956648.370,43.579,0.128,0.072,1.831,87.053,0.125,0.075,1.839,87.162,-0.003,0.003,0.009,0.010,17,weighted_average,kalman(weighted_average),false
1788956648.425,43.634,0.118,0.066,1.866,87.190,0.123,0.065,1.854,87.122,0.005,-0.001,-0.013,0.014,17,weighted_average,kalman(weighted_average),false
1788956648.536,43.745,0.082,0.080,1.892,87.833,0.091,0.073,1.886,87.583,0.009,-0.007,-0.006,0.013,17,weighted_average,kalman(weighted_average),false
1788956648.582,43.791,0.093,0.065,1.891,87.596,0.088,0.068,1.894,87.645,-0.005,0.004,0.003,0.007,17,weighted_average,kalman(weighted_average),false
1788956648.638,43.847,0.099,0.061,1.875,87.464,0.091,0.063,1.886,87.598,-0.008,0.003,0.011,0.014,17,weighted_average,kalman(weighted_average),false
1788956648.692,43.901,0.092,0.063,1.901,87.602,0.091,0.062,1.897,87.626,-0.002,-0.001,-0.005,0.005,17,weighted_average,kalman(weighted_average),false
1788956648.800,44.009,0.082,0.068,1.895,87.771,0.083,0.066,1.898,87.756,0.001,-0.002,0.003,0.003,17,weighted_average,kalman(weighted_average),false
1788956648.854,44.063,0.081,0.059,1.856,87.723,0.081,0.062,1.870,87.760,-0.001,0.003,0.013,0.014,17,weighted_average,kalman(weighted_average),false
1788956648.899,44.108,0.080,0.039,1.911,87.690,0.079,0.047,1.891,87.737,-0.001,0.009,-0.020,0.022,17,weighted_average,kalman(weighted_average),false
1788956648.950,44.159,0.080,0.039,1.911,87.690,0.079,0.039,1.904,87.720,-0.001,0.001,-0.007,0.007,17,weighted_average,kalman(weighted_average),false
1788956649.061,44.270,0.088,0.013,1.908,87.456,0.085,0.015,1.910,87.533,-0.002,0.002,0.002,0.004,17,weighted_average,kalman(weighted_average),false
1788956649.115,44.324,0.073,0.030,1.876,87.773,0.078,0.022,1.888,87.652,0.005,-0.009,0.012,0.016,17,weighted_average,kalman(weighted_average),false
1788956649.164,44.373,0.087,0.016,1.877,87.511,0.083,0.017,1.878,87.575,-0.004,0.001,0.001,0.004,17,weighted_average,kalman(weighted_average),false
1788956649.217,44.426,0.085,0.010,1.851,87.521,0.084,0.011,1.858,87.533,-0.000,0.001,0.007,0.007,17,weighted_average,kalman(weighted_average),false
1788956649.317,44.526,0.082,-0.004,1.865,87.527,0.083,-0.003,1.857,87.510,0.001,0.001,-0.008,0.008,17,weighted_average,kalman(weighted_average),false
1788956649.372,44.581,0.094,-0.028,1.871,87.257,0.090,-0.022,1.865,87.350,-0.004,0.006,-0.005,0.008,17,weighted_average,kalman(weighted_average),false
1788956649.420,44.629,0.071,-0.010,1.860,87.727,0.080,-0.019,1.863,87.527,0.008,-0.009,0.003,0.013,17,weighted_average,kalman(weighted_average),false
1788956649.471,44.680,0.084,-0.021,1.877,87.516,0.081,-0.022,1.872,87.530,-0.003,-0.001,-0.005,0.006,17,weighted_average,kalman(weighted_average),false
1788956649.518,44.727,0.081,-0.025,1.845,87.565,0.081,-0.026,1.858,87.554,-0.001,-0.001,0.013,0.013,17,weighted_average,kalman(weighted_average),false
1788956649.623,44.832,0.091,-0.064,1.846,87.324,0.088,-0.057,1.847,87.407,-0.002,0.006,0.001,0.007,17,weighted_average,kalman(weighted_average),false
1788956649.678,44.887,0.090,-0.066,1.856,87.369,0.090,-0.068,1.851,87.363,0.001,-0.002,-0.005,0.005,17,weighted_average,kalman(weighted_average),false
1788956649.732,44.941,0.091,-0.066,1.864,87.387,0.092,-0.071,1.860,87.356,0.001,-0.005,-0.005,0.007,17,weighted_average,kalman(weighted_average),false
1788956649.775,44.984,0.067,-0.062,1.876,87.860,0.078,-0.069,1.870,87.602,0.011,-0.006,-0.005,0.014,17,weighted_average,kalman(weighted_average),false
1788956649.824,45.033,0.080,-0.091,1.865,87.554,0.077,-0.083,1.870,87.610,-0.003,0.008,0.005,0.010,17,weighted_average,kalman(weighted_average),false
1788956649.915,45.124,0.067,-0.100,1.870,87.763,0.068,-0.099,1.871,87.738,0.001,0.000,0.002,0.002,17,weighted_average,kalman(weighted_average),false
1788956649.967,45.176,0.089,-0.133,1.871,87.270,0.080,-0.124,1.871,87.496,-0.009,0.008,0.001,0.012,17,weighted_average,kalman(weighted_average),false
1788956650.021,45.230,0.071,-0.128,1.863,87.626,0.076,-0.133,1.867,87.546,0.004,-0.005,0.003,0.007,17,weighted_average,kalman(weighted_average),false
1788956650.076,45.285,0.087,-0.150,1.873,87.272,0.083,-0.148,1.870,87.391,-0.004,0.002,-0.003,0.006,17,weighted_average,kalman(weighted_average),false
1788956650.127,45.336,0.092,-0.164,1.872,87.122,0.090,-0.163,1.871,87.219,-0.003,0.001,-0.000,0.003,17,weighted_average,kalman(weighted_average),false
1788956650.221,45.430,0.076,-0.165,1.874,87.454,0.082,-0.171,1.874,87.312,0.005,-0.006,-0.000,0.008,17,weighted_average,kalman(weighted_average),false
1788956650.271,45.480,0.099,-0.195,1.881,86.938,0.092,-0.189,1.879,87.095,-0.007,0.006,-0.002,0.010,17,weighted_average,kalman(weighted_average),false
1788956650.318,45.527,0.099,-0.201,1.865,86.964,0.097,-0.200,1.872,86.991,-0.001,0.001,0.006,0.006,17,weighted_average,kalman(weighted_average),false
1788956650.372,45.581,0.102,-0.206,1.862,86.916,0.102,-0.209,1.865,86.906,0.000,-0.003,0.003,0.004,17,weighted_average,kalman(weighted_average),false
1788956650.419,45.628,0.095,-0.209,1.875,87.031,0.100,-0.213,1.870,86.931,0.004,-0.004,-0.005,0.008,17,weighted_average,kalman(weighted_average),false
1788956650.512,45.721,0.092,-0.218,1.893,87.067,0.094,-0.221,1.887,86.988,0.003,-0.002,-0.006,0.007,17,weighted_average,kalman(weighted_average),false
1788956650.583,45.792,0.089,-0.223,1.901,87.123,0.090,-0.224,1.900,87.077,0.001,-0.001,-0.001,0.002,17,weighted_average,kalman(weighted_average),false
1788956650.624,45.833,0.073,-0.222,1.900,87.456,0.079,-0.224,1.903,87.292,0.006,-0.002,0.003,0.007,17,weighted_average,kalman(weighted_average),false
1788956650.673,45.882,0.082,-0.252,1.929,87.196,0.078,-0.242,1.921,87.289,-0.004,0.010,-0.008,0.014,17,weighted_average,kalman(weighted_average),false
1788956650.723,45.932,0.092,-0.272,1.918,86.953,0.085,-0.263,1.924,87.147,-0.008,0.009,0.006,0.013,17,weighted_average,kalman(weighted_average),false
1788956650.820,46.029,0.086,-0.287,1.948,87.073,0.086,-0.288,1.946,87.093,-0.000,-0.001,-0.002,0.002,17,weighted_average,kalman(weighted_average),false
1788956650.876,46.085,0.078,-0.287,1.917,87.240,0.081,-0.292,1.931,87.171,0.003,-0.005,0.013,0.015,17,weighted_average,kalman(weighted_average),false
1788956650.924,46.133,0.082,-0.305,1.946,87.167,0.081,-0.303,1.939,87.175,-0.001,0.002,-0.006,0.007,17,weighted_average,kalman(weighted_average),false
1788956650.973,46.182,0.086,-0.322,1.940,87.001,0.083,-0.319,1.941,87.089,-0.003,0.004,0.001,0.005,17,weighted_average,kalman(weighted_average),false
1788956651.024,46.233,0.075,-0.314,1.940,87.306,0.079,-0.321,1.941,87.190,0.003,-0.007,0.001,0.008,17,weighted_average,kalman(weighted_average),false
1788956651.116,46.325,0.074,-0.332,1.951,87.288,0.075,-0.333,1.949,87.267,0.000,-0.001,-0.002,0.002,17,weighted_average,kalman(weighted_average),false
1788956651.172,46.381,0.094,-0.371,1.958,86.769,0.087,-0.361,1.957,86.988,-0.007,0.010,-0.001,0.013,17,weighted_average,kalman(weighted_average),false
1788956651.220,46.429,0.092,-0.386,1.978,86.795,0.092,-0.382,1.971,86.849,-0.000,0.004,-0.006,0.007,17,weighted_average,kalman(weighted_average),false
1788956651.268,46.477,0.072,-0.381,1.979,87.234,0.082,-0.388,1.980,87.002,0.010,-0.008,0.001,0.013,17,weighted_average,kalman(weighted_average),false
1788956651.329,46.538,0.081,-0.400,1.995,86.996,0.080,-0.402,1.993,86.992,-0.001,-0.002,-0.002,0.002,17,weighted_average,kalman(weighted_average),false
1788956651.419,46.628,0.076,-0.419,2.014,87.072,0.077,-0.420,2.014,87.038,0.000,-0.001,-0.001,0.001,17,weighted_average,kalman(weighted_average),false
1788956651.478,46.687,0.083,-0.435,1.994,86.859,0.080,-0.434,2.004,86.935,-0.003,0.001,0.010,0.011,17,weighted_average,kalman(weighted_average),false
1788956651.522,46.731,0.077,-0.450,2.014,86.956,0.079,-0.448,2.011,86.934,0.002,0.002,-0.004,0.005,17,weighted_average,kalman(weighted_average),false
1788956651.573,46.782,0.090,-0.470,2.013,86.676,0.085,-0.467,2.013,86.789,-0.005,0.004,0.001,0.006,17,weighted_average,kalman(weighted_average),false
1788956651.629,46.838,0.081,-0.478,2.002,86.840,0.084,-0.480,2.008,86.783,0.003,-0.002,0.006,0.007,17,weighted_average,kalman(weighted_average),false
1788956651.726,46.935,0.077,-0.503,2.013,86.914,0.079,-0.504,2.012,86.845,0.002,-0.001,-0.002,0.003,17,weighted_average,kalman(weighted_average),false
1788956651.779,46.988,0.059,-0.505,2.018,87.313,0.065,-0.509,2.016,87.126,0.006,-0.004,-0.001,0.007,17,weighted_average,kalman(weighted_average),false
1788956651.825,47.034,0.067,-0.518,2.009,87.118,0.064,-0.517,2.013,87.166,-0.004,0.000,0.004,0.005,17,weighted_average,kalman(weighted_average),false
1788956651.875,47.084,0.064,-0.534,2.029,87.178,0.062,-0.531,2.023,87.213,-0.002,0.003,-0.007,0.008,17,weighted_average,kalman(weighted_average),false
1788956651.929,47.138,0.070,-0.548,2.017,86.991,0.066,-0.546,2.021,87.132,-0.005,0.002,0.004,0.007,17,weighted_average,kalman(weighted_average),false
1788956652.026,47.235,0.066,-0.569,2.012,87.039,0.066,-0.570,2.015,87.079,-0.000,-0.000,0.003,0.003,17,weighted_average,kalman(weighted_average),false
1788956652.074,47.283,0.069,-0.581,2.016,86.955,0.068,-0.581,2.015,87.003,-0.001,0.000,-0.001,0.002,17,weighted_average,kalman(weighted_average),false
1788956652.127,47.336,0.069,-0.593,2.007,86.949,0.069,-0.593,2.009,86.956,-0.000,-0.000,0.002,0.003,17,weighted_average,kalman(weighted_average),false
1788956652.185,47.394,0.063,-0.595,2.006,87.078,0.066,-0.599,2.006,87.004,0.002,-0.004,-0.000,0.005,17,weighted_average,kalman(weighted_average),false
1788956652.229,47.438,0.058,-0.606,2.016,87.151,0.061,-0.606,2.011,87.076,0.003,-0.000,-0.005,0.006,17,weighted_average,kalman(weighted_average),false
1788956652.322,47.531,0.075,-0.642,2.008,86.725,0.070,-0.637,2.009,86.860,-0.005,0.005,0.001,0.007,17,weighted_average,kalman(weighted_average),false
1788956652.376,47.585,0.077,-0.646,2.007,86.731,0.076,-0.648,2.007,86.754,-0.001,-0.002,0.000,0.002,17,weighted_average,kalman(weighted_average),false
1788956652.420,47.629,0.080,-0.660,1.980,86.642,0.080,-0.660,1.991,86.661,-0.000,0.000,0.011,0.011,17,weighted_average,kalman(weighted_average),false
1788956652.479,47.688,0.080,-0.672,1.980,86.685,0.082,-0.673,1.981,86.628,0.002,-0.001,0.000,0.002,17,weighted_average,kalman(weighted_average),false
1788956652.524,47.733,0.081,-0.686,1.964,86.682,0.082,-0.685,1.968,86.627,0.002,0.001,0.004,0.004,17,weighted_average,kalman(weighted_average),false
1788956652.626,47.835,0.015,-0.679,1.943,88.723,0.031,-0.686,1.944,88.023,0.016,-0.007,0.001,0.017,18,weighted_average,kalman(weighted_average),false
1788956652.686,47.895,0.041,-0.682,1.921,88.330,0.030,-0.684,1.923,88.434,-0.011,-0.002,0.003,0.012,18,weighted_average,kalman(weighted_average),false
1788956652.724,47.933,0.049,-0.695,1.924,88.258,0.037,-0.690,1.920,88.495,-0.011,0.005,-0.005,0.013,18,weighted_average,kalman(weighted_average),false
1788956652.785,47.994,0.046,-0.710,1.913,88.315,0.041,-0.704,1.910,88.575,-0.005,0.006,-0.003,0.008,18,weighted_average,kalman(weighted_average),false
1788956652.829,48.038,0.028,-0.718,1.924,88.633,0.034,-0.715,1.915,88.698,0.006,0.003,-0.009,0.011,18,weighted_average,kalman(weighted_average),false
1788956652.924,48.133,0.047,-0.746,1.908,88.326,0.042,-0.743,1.908,88.574,-0.005,0.003,0.000,0.006,18,weighted_average,kalman(weighted_average),false
1788956652.980,48.189,0.057,-0.754,1.909,88.226,0.054,-0.755,1.907,88.376,-0.004,-0.001,-0.001,0.004,18,weighted_average,kalman(weighted_average),false
1788956653.033,48.242,0.069,-0.753,1.909,88.098,0.066,-0.759,1.907,88.193,-0.003,-0.006,-0.001,0.007,18,weighted_average,kalman(weighted_average),false
1788956653.084,48.293,0.060,-0.765,1.895,88.213,0.066,-0.766,1.899,88.157,0.006,-0.001,0.004,0.007,18,weighted_average,kalman(weighted_average),false
1788956653.124,48.333,0.059,-0.786,1.892,88.224,0.064,-0.780,1.894,88.158,0.005,0.006,0.002,0.008,18,weighted_average,kalman(weighted_average),false
1788956653.220,48.429,0.058,-0.808,1.896,88.289,0.061,-0.806,1.893,88.207,0.002,0.001,-0.003,0.004,18,weighted_average,kalman(weighted_average),false
1788956653.279,48.488,0.139,-0.479,2.278,87.173,0.061,-0.806,1.893,87.580,-0.078,-0.327,-0.385,0.511,15,weighted_average,kalman(weighted_average),true
1788956653.324,48.533,0.061,-0.829,1.892,88.232,0.061,-0.825,1.892,87.837,-0.000,0.004,0.000,0.004,18,weighted_average,kalman(weighted_average),false
1788956653.370,48.579,0.069,-0.846,1.875,88.163,0.066,-0.840,1.881,87.975,-0.003,0.006,0.006,0.009,18,weighted_average,kalman(weighted_average),false
1788956653.421,48.630,0.069,-0.862,1.884,88.203,0.069,-0.857,1.881,88.096,-0.000,0.004,-0.003,0.005,18,weighted_average,kalman(weighted_average),false
1788956653.518,48.727,0.063,-0.881,1.866,88.220,0.065,-0.882,1.869,88.209,0.002,-0.000,0.002,0.003,18,weighted_average,kalman(weighted_average),false
1788956653.569,48.778,0.078,-0.886,1.859,88.071,0.073,-0.889,1.860,88.152,-0.005,-0.003,0.001,0.006,18,weighted_average,kalman(weighted_average),false
1788956653.625,48.834,0.074,-0.906,1.856,88.124,0.075,-0.904,1.855,88.144,0.001,0.002,-0.001,0.003,18,weighted_average,kalman(weighted_average),false
1788956653.672,48.881,0.073,-0.922,1.838,88.161,0.074,-0.919,1.843,88.155,0.002,0.003,0.005,0.006,18,weighted_average,kalman(weighted_average),false
1788956653.721,48.930,0.072,-0.927,1.829,88.192,0.073,-0.929,1.831,88.178,0.002,-0.002,0.002,0.003,18,weighted_average,kalman(weighted_average),false
1788956653.817,49.026,0.080,-0.949,1.824,88.102,0.079,-0.950,1.821,88.136,-0.002,-0.001,-0.003,0.003,18,weighted_average,kalman(weighted_average),false
1788956653.869,49.078,0.083,-0.967,1.812,88.044,0.082,-0.965,1.813,88.078,-0.001,0.002,0.001,0.002,18,weighted_average,kalman(weighted_average),false
1788956653.921,49.130,0.084,-0.969,1.799,88.059,0.085,-0.972,1.802,88.055,0.000,-0.004,0.003,0.004,18,weighted_average,kalman(weighted_average),false
1788956653.975,49.184,0.079,-0.982,1.800,88.123,0.083,-0.982,1.797,88.079,0.003,-0.001,-0.003,0.004,18,weighted_average,kalman(weighted_average),false
1788956654.022,49.231,0.084,-0.983,1.799,88.097,0.083,-0.986,1.796,88.085,-0.000,-0.003,-0.003,0.005,18,weighted_average,kalman(weighted_average),false
1788956654.116,49.325,0.085,-1.019,1.790,88.082,0.085,-1.015,1.789,88.081,-0.000,0.005,-0.001,0.005,18,weighted_average,kalman(weighted_average),false
1788956654.169,49.378,0.089,-1.018,1.781,88.064,0.088,-1.022,1.782,88.070,-0.001,-0.004,0.002,0.004,18,weighted_average,kalman(weighted_average),false
1788956654.239,49.448,0.086,-1.038,1.788,88.076,0.087,-1.037,1.784,88.071,0.001,0.000,-0.004,0.004,18,weighted_average,kalman(weighted_average),false
1788956654.274,49.483,0.086,-1.050,1.776,88.114,0.087,-1.048,1.779,88.092,0.001,0.002,0.003,0.004,18,weighted_average,kalman(weighted_average),false
1788956654.323,49.532,0.092,-1.065,1.771,88.034,0.090,-1.063,1.773,88.065,-0.002,0.002,0.002,0.004,18,weighted_average,kalman(weighted_average),false
1788956654.417,49.626,0.089,-1.089,1.759,88.115,0.090,-1.089,1.761,88.094,0.001,0.000,0.001,0.002,18,weighted_average,kalman(weighted_average),false
1788956654.476,49.685,0.093,-1.098,1.765,88.080,0.092,-1.100,1.761,88.089,-0.001,-0.002,-0.004,0.004,18,weighted_average,kalman(weighted_average),false
1788956654.520,49.729,0.098,-1.110,1.752,88.028,0.096,-1.110,1.754,88.058,-0.002,-0.000,0.003,0.004,18,weighted_average,kalman(weighted_average),false
1788956654.582,49.791,0.094,-1.127,1.752,88.129,0.096,-1.126,1.751,88.093,0.002,0.001,-0.001,0.002,18,weighted_average,kalman(weighted_average),false
1788956654.619,49.828,0.092,-1.139,1.748,88.138,0.094,-1.137,1.748,88.118,0.002,0.002,-0.000,0.003,18,weighted_average,kalman(weighted_average),false
1788956654.715,49.924,0.100,-1.159,1.737,88.042,0.099,-1.160,1.738,88.078,-0.002,-0.001,0.001,0.002,18,weighted_average,kalman(weighted_average),false
1788956654.764,49.973,0.100,-1.168,1.741,88.032,0.100,-1.169,1.738,88.048,0.000,-0.001,-0.003,0.003,18,weighted_average,kalman(weighted_average),false
1788956654.824,50.033,0.100,-1.172,1.741,88.084,0.101,-1.176,1.739,88.060,0.001,-0.004,-0.002,0.004,18,weighted_average,kalman(weighted_average),false
1788956654.867,50.076,0.099,-1.188,1.734,88.099,0.100,-1.186,1.735,88.078,0.001,0.002,0.002,0.003,18,weighted_average,kalman(weighted_average),false
1788956654.933,50.142,0.106,-1.204,1.733,87.994,0.104,-1.202,1.733,88.032,-0.002,0.002,-0.000,0.003,18,weighted_average,kalman(weighted_average),false
1788956655.041,50.250,0.116,-1.222,1.712,87.883,0.115,-1.223,1.715,87.916,-0.002,-0.001,0.003,0.004,18,weighted_average,kalman(weighted_average),false
1788956655.101,50.310,0.104,-1.242,1.710,88.016,0.109,-1.239,1.709,87.960,0.005,0.002,-0.001,0.005,18,weighted_average,kalman(weighted_average),false
1788956655.144,50.353,0.105,-1.246,1.703,88.011,0.106,-1.247,1.703,87.983,0.001,-0.002,0.000,0.002,18,weighted_average,kalman(weighted_average),false
1788956655.196,50.405,0.102,-1.259,1.703,88.029,0.103,-1.259,1.701,88.009,0.001,0.000,-0.003,0.003,18,weighted_average,kalman(weighted_average),false
1788956655.242,50.451,0.111,-1.263,1.703,87.913,0.107,-1.265,1.700,87.965,-0.004,-0.002,-0.003,0.006,18,weighted_average,kalman(weighted_average),false
1788956655.333,50.542,0.104,-1.285,1.701,88.022,0.105,-1.285,1.699,87.996,0.001,0.001,-0.002,0.002,18,weighted_average,kalman(weighted_average),false
1788956655.391,50.600,0.103,-1.295,1.689,87.992,0.104,-1.295,1.692,87.997,0.000,-0.001,0.003,0.003,18,weighted_average,kalman(weighted_average),false
1788956655.440,50.649,0.097,-1.305,1.691,88.065,0.099,-1.305,1.690,88.036,0.002,0.000,-0.001,0.003,18,weighted_average,kalman(weighted_average),false
1788956655.500,50.709,0.099,-1.308,1.697,88.064,0.098,-1.311,1.693,88.061,-0.001,-0.003,-0.004,0.005,18,weighted_average,kalman(weighted_average),false
1788956655.537,50.746,0.099,-1.315,1.693,88.054,0.098,-1.316,1.693,88.065,-0.001,-0.001,0.000,0.001,18,weighted_average,kalman(weighted_average),false
1788956655.630,50.839,0.103,-1.336,1.698,87.961,0.101,-1.334,1.697,88.008,-0.002,0.002,-0.001,0.003,18,weighted_average,kalman(weighted_average),false
1788956655.683,50.892,0.106,-1.338,1.694,87.917,0.105,-1.340,1.695,87.948,-0.001,-0.002,0.002,0.003,18,weighted_average,kalman(weighted_average),false
1788956655.734,50.943,0.099,-1.350,1.694,87.988,0.102,-1.349,1.695,87.956,0.003,0.001,0.001,0.003,18,weighted_average,kalman(weighted_average),false
1788956655.783,50.992,0.102,-1.351,1.688,87.944,0.102,-1.354,1.691,87.942,-0.000,-0.002,0.002,0.003,18,weighted_average,kalman(weighted_average),false
1788956655.837,51.046,0.092,-1.359,1.682,88.090,0.096,-1.360,1.685,88.012,0.004,-0.001,0.003,0.005,18,weighted_average,kalman(weighted_average),false
1788956655.930,51.139,0.103,-1.369,1.687,87.905,0.100,-1.370,1.685,87.951,-0.003,-0.001,-0.002,0.004,18,weighted_average,kalman(weighted_average),false
1788956655.983,51.192,0.101,-1.377,1.689,87.949,0.101,-1.377,1.687,87.943,0.000,0.000,-0.002,0.002,18,weighted_average,kalman(weighted_average),false
1788956656.038,51.247,0.103,-1.384,1.684,87.884,0.103,-1.384,1.685,87.904,-0.000,0.000,0.001,0.001,18,weighted_average,kalman(weighted_average),false
1788956656.085,51.294,0.096,-1.395,1.684,87.969,0.099,-1.393,1.684,87.928,0.003,0.002,0.000,0.004,18,weighted_average,kalman(weighted_average),false
1788956656.139,51.348,0.098,-1.397,1.684,87.984,0.098,-1.399,1.684,87.955,0.000,-0.002,-0.000,0.002,18,weighted_average,kalman(weighted_average),false
1788956656.234,51.443,0.096,-1.412,1.689,87.987,0.096,-1.412,1.687,87.980,-0.000,0.000,-0.001,0.001,18,weighted_average,kalman(weighted_average),false
1788956656.287,51.496,0.093,-1.421,1.683,88.001,0.094,-1.421,1.685,87.997,0.001,0.001,0.002,0.002,18,weighted_average,kalman(weighted_average),false
1788956656.340,51.549,0.093,-1.425,1.688,88.025,0.093,-1.426,1.687,88.018,-0.000,-0.001,-0.001,0.002,18,weighted_average,kalman(weighted_average),false
1788956656.381,51.590,0.196,-6.790,1.141,-40.556,0.093,-1.426,1.687,23.402,-0.103,5.363,0.546,5.392,18,weighted_average,kalman(weighted_average),true
1788956656.436,51.645,0.168,-6.768,1.126,-40.748,0.093,-1.426,1.687,-22.027,-0.075,5.342,0.560,5.372,18,weighted_average,kalman(weighted_average),true
1788956656.529,51.738,0.170,-6.758,1.099,-40.470,0.093,-1.426,1.687,-53.196,-0.077,5.332,0.588,5.365,18,weighted_average,kalman(weighted_average),true
1788956656.581,51.790,0.165,-6.748,1.111,-40.417,0.093,-1.426,1.687,-55.028,-0.072,5.321,0.576,5.353,18,weighted_average,kalman(weighted_average),true
1788956656.630,51.839,0.146,-6.730,1.110,-40.500,0.093,-1.426,1.687,-53.643,-0.053,5.303,0.577,5.335,18,weighted_average,kalman(weighted_average),true
1788956656.695,51.904,0.151,-6.731,1.120,-40.363,0.151,-6.731,1.120,-50.812,0.000,0.000,0.000,0.000,18,weighted_average,kalman(weighted_average),false
1788956656.736,51.945,0.150,-6.722,1.105,-40.303,0.150,-6.722,1.105,-47.036,0.000,-0.000,0.000,0.000,18,weighted_average,kalman(weighted_average),false
1788956656.834,52.043,0.085,-1.532,1.669,87.956,0.150,-6.722,1.105,42.276,0.064,-5.190,-0.564,5.221,18,weighted_average,kalman(weighted_average),true
1788956656.883,52.092,0.077,-1.544,1.670,88.087,0.150,-6.722,1.105,81.697,0.072,-5.178,-0.565,5.209,18,weighted_average,kalman(weighted_average),true
1788956656.933,52.142,0.070,-1.555,1.672,88.531,0.150,-6.722,1.105,101.029,0.080,-5.167,-0.567,5.199,18,weighted_average,kalman(weighted_average),true
1788956656.994,52.203,0.071,-1.556,1.674,88.878,0.150,-6.722,1.105,109.455,0.079,-5.166,-0.569,5.198,18,weighted_average,kalman(weighted_average),true
1788956657.043,52.252,0.063,-1.568,1.679,89.804,0.150,-6.722,1.105,108.068,0.087,-5.154,-0.575,5.187,18,weighted_average,kalman(weighted_average),true
1788956657.137,52.346,0.088,-1.287,1.602,91.074,0.088,-1.287,1.602,104.637,0.000,0.000,0.000,0.000,15,weighted_average,kalman(weighted_average),false
1788956657.196,52.405,0.001,-1.317,1.704,92.601,0.002,-1.317,1.704,98.754,0.000,0.000,-0.000,0.000,15,weighted_average,kalman(weighted_average),false
1788956657.239,52.448,0.017,-1.316,1.642,92.418,0.012,-1.316,1.663,95.302,-0.005,-0.000,0.021,0.022,15,weighted_average,kalman(weighted_average),false
1788956657.287,52.496,-0.051,-1.359,1.729,93.621,-0.030,-1.346,1.702,93.792,0.021,0.013,-0.027,0.037,15,weighted_average,kalman(weighted_average),false
1788956657.349,52.558,0.031,-1.357,1.855,92.406,0.006,-1.360,1.817,92.214,-0.024,-0.003,-0.038,0.045,15,weighted_average,kalman(weighted_average),false
1788956657.449,52.658,0.089,-1.349,1.762,91.693,0.076,-1.357,1.796,91.001,-0.013,-0.008,0.033,0.037,15,weighted_average,kalman(weighted_average),false
1788956657.499,52.708,-0.061,-1.387,1.830,94.093,-0.005,-1.377,1.819,92.469,0.056,0.010,-0.011,0.058,15,weighted_average,kalman(weighted_average),false
1788956657.549,52.758,0.074,-1.372,1.887,92.112,0.037,-1.378,1.865,92.264,-0.037,-0.006,-0.022,0.043,15,weighted_average,kalman(weighted_average),false
1788956657.600,52.809,0.003,-1.405,1.924,93.330,0.019,-1.397,1.911,92.788,0.017,0.008,-0.012,0.022,15,weighted_average,kalman(weighted_average),false
1788956657.657,52.866,0.003,-1.405,1.924,93.330,0.008,-1.407,1.934,93.149,0.005,-0.002,0.010,0.012,15,weighted_average,kalman(weighted_average),false
1788956657.751,52.960,0.089,-1.371,1.984,91.949,0.067,-1.384,1.985,92.471,-0.022,-0.013,0.001,0.026,15,weighted_average,kalman(weighted_average),false
1788956657.801,53.010,0.047,-1.348,1.716,92.603,0.062,-1.358,1.819,92.478,0.016,-0.010,0.103,0.105,15,weighted_average,kalman(weighted_average),false
1788956657.856,53.065,0.028,-1.385,1.974,92.934,0.045,-1.369,1.895,92.683,0.017,0.016,-0.079,0.083,15,weighted_average,kalman(weighted_average),false
1788956657.913,53.122,-0.024,-1.376,1.823,93.748,0.001,-1.372,1.851,93.278,0.024,0.004,0.028,0.037,15,weighted_average,kalman(weighted_average),false
1788956657.954,53.163,0.077,-1.402,2.084,92.214,0.037,-1.389,1.978,92.835,-0.040,0.013,-0.106,0.114,15,weighted_average,kalman(weighted_average),false
1788956658.061,53.270,0.099,-1.385,2.013,91.863,0.087,-1.389,2.026,92.159,-0.012,-0.004,0.013,0.018,15,weighted_average,kalman(weighted_average),false
1788956658.129,53.338,0.106,-1.356,1.834,91.743,0.109,-1.365,1.895,91.774,0.003,-0.009,0.061,0.062,15,weighted_average,kalman(weighted_average),false
1788956658.164,53.373,0.010,-1.371,1.798,93.251,0.057,-1.365,1.825,92.450,0.047,0.006,0.027,0.055,15,weighted_average,kalman(weighted_average),false
1788956658.217,53.426,0.111,-1.380,1.963,91.697,0.086,-1.371,1.882,92.074,-0.026,0.009,-0.081,0.085,15,weighted_average,kalman(weighted_average),false
1788956658.266,53.475,0.029,-1.406,1.981,93.000,0.055,-1.391,1.938,92.501,0.026,0.014,-0.043,0.052,15,weighted_average,kalman(weighted_average),false
1788956658.361,53.570,0.044,-1.395,1.926,92.732,0.043,-1.398,1.938,92.706,-0.002,-0.003,0.012,0.013,15,weighted_average,kalman(weighted_average),false
1788956658.411,53.620,0.031,-1.414,1.935,92.967,0.032,-1.410,1.937,92.898,0.002,0.004,0.002,0.005,15,weighted_average,kalman(weighted_average),false
1788956658.474,53.683,0.025,-1.420,1.947,93.038,0.024,-1.420,1.944,93.050,-0.001,-0.000,-0.002,0.003,15,weighted_average,kalman(weighted_average),false
1788956658.512,53.721,-0.035,-1.456,1.960,94.056,-0.012,-1.443,1.955,93.604,0.023,0.013,-0.006,0.027,15,weighted_average,kalman(weighted_average),false
1788956658.577,53.786,0.144,-1.393,1.765,91.160,0.079,-1.418,1.836,92.403,-0.065,-0.025,0.070,0.099,15,weighted_average,kalman(weighted_average),false
1788956658.672,53.881,0.031,-1.466,1.949,92.989,0.055,-1.453,1.902,92.640,0.024,0.013,-0.047,0.054,15,weighted_average,kalman(weighted_average),false
1788956658.724,53.933,0.050,-1.466,1.943,92.687,0.050,-1.467,1.936,92.663,0.000,-0.001,-0.007,0.007,15,weighted_average,kalman(weighted_average),false
1788956658.774,53.983,0.040,-1.485,2.011,92.863,0.042,-1.483,1.992,92.773,0.002,0.002,-0.019,0.019,15,weighted_average,kalman(weighted_average),false
1788956658.834,54.043,0.023,-1.492,1.976,93.117,0.027,-1.495,1.998,92.988,0.004,-0.003,0.022,0.023,15,weighted_average,kalman(weighted_average),false
1788956658.881,54.090,0.027,-1.488,1.904,93.054,0.024,-1.496,1.949,93.067,-0.003,-0.007,0.046,0.047,15,weighted_average,kalman(weighted_average),false
1788956658.972,54.181,0.105,-1.510,1.942,91.800,0.081,-1.510,1.940,92.300,-0.024,0.000,-0.002,0.024,15,weighted_average,kalman(weighted_average),false
1788956659.023,54.232,0.061,-1.545,1.991,92.533,0.076,-1.536,1.971,92.333,0.015,0.010,-0.020,0.027,15,weighted_average,kalman(weighted_average),false
1788956659.078,54.287,0.012,-1.567,1.987,93.347,0.040,-1.562,1.985,92.831,0.027,0.005,-0.001,0.028,15,weighted_average,kalman(weighted_average),false
1788956659.132,54.341,0.087,-1.569,2.038,92.116,0.065,-1.574,2.023,92.487,-0.022,-0.005,-0.015,0.027,15,weighted_average,kalman(weighted_average),false
1788956659.196,54.405,0.046,-1.574,2.001,92.772,0.055,-1.581,2.018,92.616,0.009,-0.007,0.017,0.021,15,weighted_average,kalman(weighted_average),false
1788956659.292,54.501,0.121,-1.589,1.958,91.539,0.106,-1.592,1.974,91.882,-0.015,-0.002,0.017,0.023,15,weighted_average,kalman(weighted_average),false
1788956659.348,54.557,0.121,-1.589,1.958,91.539,0.124,-1.592,1.957,91.565,0.003,-0.003,-0.001,0.004,15,weighted_average,kalman(weighted_average),false
1788956659.400,54.609,-0.006,-1.666,2.053,93.743,0.048,-1.640,2.012,92.662,0.055,0.026,-0.041,0.073,15,weighted_average,kalman(weighted_average),false
1788956659.447,54.656,0.041,-1.628,1.891,92.894,0.035,-1.642,1.946,92.881,-0.006,-0.014,0.054,0.056,15,weighted_average,kalman(weighted_average),false
1788956659.516,54.725,0.091,-1.631,1.894,92.057,0.064,-1.641,1.902,92.533,-0.027,-0.010,0.008,0.030,15,weighted_average,kalman(weighted_average),false
1788956659.613,54.822,0.109,-1.677,1.972,91.762,0.101,-1.672,1.946,91.996,-0.008,0.006,-0.026,0.028,15,weighted_average,kalman(weighted_average),false
1788956659.673,54.882,0.043,-1.655,1.981,93.894,0.067,-1.665,1.975,93.084,0.024,-0.010,-0.006,0.026,3|15,weighted_average,kalman(weighted_average),false
1788956659.716,54.925,0.029,-1.706,1.950,93.136,0.042,-1.691,1.966,93.221,0.013,0.015,0.017,0.026,15,weighted_average,kalman(weighted_average),false
1788956659.774,54.983,0.003,-1.666,1.950,94.592,0.011,-1.681,1.960,94.101,0.008,-0.015,0.009,0.019,3|15,weighted_average,kalman(weighted_average),false
1788956659.816,55.025,0.056,-1.684,1.994,93.700,0.029,-1.684,1.980,94.087,-0.027,0.000,-0.014,0.031,3|15,weighted_average,kalman(weighted_average),false
1788956659.911,55.120,0.046,-1.698,1.958,93.907,0.039,-1.696,1.968,94.173,-0.007,0.002,0.010,0.012,3|15,weighted_average,kalman(weighted_average),false
1788956659.967,55.176,0.127,-1.720,1.942,91.449,0.100,-1.715,1.949,92.607,-0.027,0.006,0.007,0.029,15,weighted_average,kalman(weighted_average),false
1788956660.022,55.231,0.037,-1.709,1.946,94.074,0.070,-1.715,1.943,93.214,0.033,-0.006,-0.003,0.034,3|15,weighted_average,kalman(weighted_average),false
1788956660.068,55.277,0.018,-1.717,1.944,94.383,0.040,-1.719,1.941,93.788,0.022,-0.002,-0.003,0.022,3|15,weighted_average,kalman(weighted_average),false
1788956660.109,55.318,0.067,-1.743,1.956,93.573,0.051,-1.734,1.947,93.747,-0.017,0.009,-0.009,0.021,3|15,weighted_average,kalman(weighted_average),false
1788956660.198,55.407,0.064,-1.744,1.917,93.634,0.059,-1.746,1.924,93.736,-0.005,-0.002,0.008,0.010,3|15,weighted_average,kalman(weighted_average),false
1788956660.246,55.455,0.051,-1.779,1.903,92.805,0.055,-1.770,1.907,93.229,0.004,0.009,0.004,0.011,15,weighted_average,kalman(weighted_average),false
1788956660.299,55.508,-0.343,-1.753,1.451,100.487,0.055,-1.770,1.907,97.110,0.398,-0.017,0.457,0.606,3|15,weighted_average,kalman(weighted_average),true
1788956660.355,55.564,-0.343,-1.753,1.451,100.487,0.055,-1.770,1.907,99.607,0.398,-0.017,0.457,0.606,3|15,weighted_average,kalman(weighted_average),true
1788956660.415,55.624,-0.343,-1.753,1.451,100.487,-0.301,-1.755,1.499,100.958,0.042,-0.002,0.048,0.064,3|15,weighted_average,kalman(weighted_average),false
1788956660.514,55.723,-0.315,-1.759,1.422,100.018,-0.353,-1.756,1.390,101.192,-0.039,0.003,-0.032,0.050,3|15,weighted_average,kalman(weighted_average),false
1788956660.579,55.788,0.251,-1.773,1.846,90.323,-0.353,-1.756,1.390,94.534,-0.605,0.016,-0.456,0.757,3|15,weighted_average,kalman(weighted_average),true
1788956660.618,55.827,0.251,-1.773,1.846,90.323,-0.353,-1.756,1.390,91.577,-0.605,0.016,-0.456,0.757,3|15,weighted_average,kalman(weighted_average),true
1788956660.685,55.894,0.103,-1.801,1.883,91.798,0.064,-1.797,1.841,90.288,-0.038,0.004,-0.041,0.057,15,weighted_average,kalman(weighted_average),false
1788956660.780,55.989,0.094,-1.795,1.796,92.976,0.135,-1.800,1.857,91.075,0.041,-0.005,0.060,0.073,3|15,weighted_average,kalman(weighted_average),false
1788956660.832,56.041,0.077,-1.818,1.837,93.290,0.115,-1.813,1.856,92.236,0.039,0.005,0.019,0.043,3|15,weighted_average,kalman(weighted_average),false
1788956660.884,56.093,0.015,-1.854,1.809,92.974,0.060,-1.843,1.833,92.733,0.045,0.012,0.024,0.052,15,weighted_average,kalman(weighted_average),false
1788956660.935,56.144,0.040,-1.852,1.764,92.148,0.042,-1.855,1.790,92.560,0.002,-0.003,0.027,0.027,15,weighted_average,kalman(weighted_average),false
1788956660.994,56.203,0.079,-1.821,1.926,93.364,0.059,-1.840,1.869,93.072,-0.020,-0.019,-0.057,0.063,3,weighted_average,kalman(weighted_average),false
1788956661.089,56.298,0.013,-1.900,1.775,91.966,0.023,-1.886,1.807,92.482,0.011,0.014,0.032,0.037,15,weighted_average,kalman(weighted_average),false
1788956661.143,56.352,-0.324,-1.876,1.450,98.920,0.023,-1.886,1.807,96.259,0.348,-0.011,0.357,0.498,3|15,weighted_average,kalman(weighted_average),true
1788956661.202,56.411,0.044,-1.893,1.763,90.959,0.041,-1.892,1.771,93.801,-0.003,0.001,0.007,0.008,7|15,weighted_average,kalman(weighted_average),false
1788956661.262,56.471,-0.310,-1.887,1.400,98.599,0.041,-1.892,1.771,96.493,0.351,-0.005,0.370,0.510,3|15,weighted_average,kalman(weighted_average),true
1788956661.369,56.578,0.045,-1.897,1.814,90.112,0.045,-1.896,1.810,92.425,-0.000,0.000,-0.004,0.004,7,weighted_average,kalman(weighted_average),false
1788956661.420,56.629,0.025,-1.915,1.745,91.940,0.032,-1.909,1.771,91.653,0.007,0.006,0.025,0.027,3|7|15,weighted_average,kalman(weighted_average),false
1788956661.476,56.685,0.022,-1.923,1.758,91.945,0.024,-1.921,1.759,91.333,0.001,0.002,0.000,0.003,3|7|15,weighted_average,kalman(weighted_average),false
1788956661.524,56.733,0.020,-1.946,1.801,90.932,0.019,-1.939,1.781,90.795,-0.001,0.007,-0.020,0.021,7|15,weighted_average,kalman(weighted_average),false
1788956661.574,56.783,-0.010,-1.952,1.789,92.384,-0.001,-1.952,1.787,91.297,0.009,-0.000,-0.002,0.010,3|7|15,weighted_average,kalman(weighted_average),false
1788956661.662,56.871,-0.007,-1.977,1.802,90.819,-0.011,-1.976,1.801,90.826,-0.004,0.000,-0.002,0.004,7|15,weighted_average,kalman(weighted_average),false
1788956661.721,56.930,0.006,-1.961,1.809,91.858,-0.002,-1.971,1.809,91.316,-0.008,-0.010,-0.000,0.013,3|15,weighted_average,kalman(weighted_average),false
1788956661.764,56.973,-0.162,-2.019,1.437,95.145,-0.002,-1.971,1.809,93.337,0.160,0.048,0.372,0.407,3|7,weighted_average,kalman(weighted_average),true
1788956661.817,57.026,-0.502,-2.004,0.924,101.900,-0.002,-1.971,1.809,98.212,0.500,0.033,0.885,1.017,3,weighted_average,kalman(weighted_average),true
1788956661.863,57.072,-0.643,-2.083,0.816,104.195,-0.002,-1.971,1.809,102.212,0.641,0.112,0.993,1.187,3,weighted_average,kalman(weighted_average),true
1788956661.947,57.156,-0.692,-2.097,0.828,105.041,-0.002,-1.971,1.809,105.789,0.690,0.126,0.981,1.206,3,weighted_average,kalman(weighted_average),true
1788956662.009,57.218,-0.692,-2.097,0.828,105.041,-0.002,-1.971,1.809,106.555,0.690,0.126,0.981,1.206,3,weighted_average,kalman(weighted_average),true
1788956662.050,57.259,-0.580,-2.072,0.881,102.754,-0.565,-2.069,0.906,105.234,0.016,0.003,0.025,0.030,3,weighted_average,kalman(weighted_average),false
1788956662.100,57.309,-0.515,-2.079,0.874,101.460,-0.570,-2.082,0.826,103.637,-0.055,-0.003,-0.048,0.073,3,weighted_average,kalman(weighted_average),false
1788956662.148,57.357,-0.505,-2.118,0.832,101.205,-0.555,-2.110,0.779,102.360,-0.050,0.008,-0.052,0.073,3,weighted_average,kalman(weighted_average),false
1788956662.240,57.449,-0.372,-2.148,0.797,98.679,-0.427,-2.148,0.753,99.645,-0.055,-0.000,-0.044,0.070,3,weighted_average,kalman(weighted_average),false
1788956662.309,57.518,-0.372,-2.148,0.797,98.679,-0.368,-2.156,0.773,98.455,0.004,-0.008,-0.024,0.025,3,weighted_average,kalman(weighted_average),false
1788956662.345,57.554,0.072,-2.176,0.804,90.040,-0.368,-2.156,0.773,93.792,-0.440,0.020,-0.031,0.442,3,weighted_average,kalman(weighted_average),true
1788956662.397,57.606,0.086,-2.179,0.837,89.634,-0.368,-2.156,0.773,90.424,-0.454,0.023,-0.063,0.459,3,weighted_average,kalman(weighted_average),true
1788956662.448,57.657,0.075,-2.261,0.707,88.755,0.015,-2.247,0.716,88.215,-0.061,0.014,0.009,0.063,3,weighted_average,kalman(weighted_average),false
1788956662.741,57.950,-0.260,-2.321,0.582,94.556,-0.222,-2.323,0.585,92.831,0.039,-0.002,0.003,0.039,3,weighted_average,kalman(weighted_average),false
1788956662.835,58.044,-0.072,-2.181,1.813,88.981,-0.222,-2.323,0.585,90.875,-0.150,-0.142,-1.228,1.245,3|15,weighted_average,kalman(weighted_average),true
1788956662.881,58.090,-0.063,-2.214,1.852,88.687,-0.222,-2.323,0.585,89.654,-0.159,-0.109,-1.267,1.282,3|15,weighted_average,kalman(weighted_average),true
1788956662.930,58.139,-0.060,-2.224,1.837,88.484,-0.222,-2.323,0.585,88.892,-0.161,-0.099,-1.252,1.266,3|15,weighted_average,kalman(weighted_average),true
1788956662.986,58.195,-0.096,-2.244,1.778,87.900,-0.222,-2.323,0.585,88.111,-0.126,-0.079,-1.193,1.202,15,weighted_average,kalman(weighted_average),true
1788956663.040,58.249,-0.097,-2.250,1.790,87.867,-0.100,-2.251,1.763,87.709,-0.003,-0.002,-0.027,0.027,15,weighted_average,kalman(weighted_average),false
1788956663.130,58.339,-0.078,-2.258,1.792,87.316,-0.074,-2.251,1.875,87.151,0.004,0.007,0.083,0.084,15,weighted_average,kalman(weighted_average),false
1788956663.181,58.390,-0.018,-2.229,1.819,85.927,-0.031,-2.235,1.873,86.286,-0.013,-0.006,0.054,0.056,15,weighted_average,kalman(weighted_average),false
1788956663.235,58.444,-0.050,-2.264,1.943,87.870,-0.033,-2.250,1.939,86.903,0.018,0.014,-0.004,0.023,3|15,weighted_average,kalman(weighted_average),false
1788956663.292,58.501,-0.119,-2.290,1.816,87.983,-0.082,-2.277,1.883,87.442,0.036,0.013,0.067,0.077,15,weighted_average,kalman(weighted_average),false
1788956663.337,58.546,0.020,-2.252,1.898,86.438,-0.028,-2.267,1.894,86.979,-0.047,-0.015,-0.005,0.050,3|15,weighted_average,kalman(weighted_average),false
1788956663.432,58.641,-0.027,-2.259,1.837,87.374,-0.020,-2.263,1.854,87.186,0.007,-0.003,0.017,0.019,3|15,weighted_average,kalman(weighted_average),false
1788956663.478,58.687,-0.218,-2.243,1.757,91.265,-0.143,-2.250,1.787,89.487,0.075,-0.007,0.030,0.081,3|15,weighted_average,kalman(weighted_average),false
1788956663.535,58.744,-0.086,-2.253,1.830,88.565,-0.128,-2.249,1.798,89.397,-0.042,0.004,-0.031,0.052,3|15,weighted_average,kalman(weighted_average),false
1788956663.583,58.792,-0.227,-2.235,1.728,91.426,-0.195,-2.240,1.750,90.685,0.033,-0.004,0.022,0.040,3|15,weighted_average,kalman(weighted_average),false
1788956663.632,58.841,-0.153,-2.234,1.762,89.919,-0.186,-2.234,1.746,90.656,-0.033,0.000,-0.017,0.037,3|15,weighted_average,kalman(weighted_average),false
1788956663.724,58.933,-0.103,-2.242,1.813,88.885,-0.133,-2.237,1.787,89.820,-0.030,0.005,-0.026,0.040,3|15,weighted_average,kalman(weighted_average),false
1788956663.778,58.987,-0.137,-2.242,1.855,89.578,-0.129,-2.241,1.837,89.626,0.008,0.002,-0.017,0.019,3|15,weighted_average,kalman(weighted_average),false
1788956663.841,59.050,-0.149,-2.245,1.892,89.844,-0.138,-2.244,1.886,89.682,0.012,0.001,-0.006,0.013,3|15,weighted_average,kalman(weighted_average),false
1788956663.878,59.087,-0.130,-2.257,1.820,89.283,-0.133,-2.252,1.860,89.461,-0.003,0.005,0.040,0.040,3|15,weighted_average,kalman(weighted_average),false
1788956663.930,59.139,-0.136,-2.253,1.799,89.396,-0.133,-2.255,1.829,89.366,0.003,-0.002,0.030,0.030,3|15,weighted_average,kalman(weighted_average),false
1788956664.028,59.237,-0.126,-2.252,1.813,89.134,-0.127,-2.255,1.814,89.139,-0.001,-0.002,0.000,0.002,3|15,weighted_average,kalman(weighted_average),false
1788956664.083,59.292,-0.081,-2.275,1.845,88.226,-0.095,-2.269,1.832,88.540,-0.014,0.006,-0.013,0.020,3|15,weighted_average,kalman(weighted_average),false
1788956664.131,59.340,-0.048,-2.258,1.809,86.170,-0.060,-2.265,1.819,87.132,-0.012,-0.006,0.010,0.018,15,weighted_average,kalman(weighted_average),false
1788956664.181,59.390,-0.076,-2.279,1.794,86.782,-0.060,-2.274,1.803,86.625,0.016,0.005,0.009,0.019,15,weighted_average,kalman(weighted_average),false
1788956664.244,59.453,-0.062,-2.287,1.840,86.501,-0.055,-2.285,1.823,86.210,0.007,0.002,-0.017,0.019,15,weighted_average,kalman(weighted_average),false
1788956664.342,59.551,-0.099,-2.321,1.809,87.359,-0.086,-2.316,1.814,86.700,0.013,0.005,0.005,0.015,15,weighted_average,kalman(weighted_average),false
1788956664.391,59.600,-0.015,-2.331,1.891,88.011,-0.043,-2.331,1.864,87.468,-0.028,0.000,-0.028,0.040,3,weighted_average,kalman(weighted_average),false
1788956664.441,59.650,-0.068,-2.335,1.822,88.135,-0.054,-2.339,1.846,87.955,0.014,-0.004,0.024,0.028,3|15,weighted_average,kalman(weighted_average),false
1788956664.497,59.706,-0.073,-2.353,1.802,88.310,-0.065,-2.353,1.820,88.330,0.008,0.000,0.018,0.020,3|15,weighted_average,kalman(weighted_average),false
1788956664.542,59.751,-0.074,-2.383,1.826,87.044,-0.071,-2.375,1.820,87.827,0.002,0.008,-0.006,0.011,15,weighted_average,kalman(weighted_average),false
1788956664.639,59.848,-0.051,-2.401,1.776,86.697,-0.059,-2.402,1.784,87.116,-0.007,-0.002,0.008,0.011,15,weighted_average,kalman(weighted_average),false
1788956664.684,59.893,-0.061,-2.415,1.781,86.942,-0.058,-2.415,1.776,86.927,0.002,-0.000,-0.004,0.005,15,weighted_average,kalman(weighted_average),false
1788956664.742,59.951,-0.082,-2.424,1.798,88.883,-0.072,-2.427,1.785,87.919,0.010,-0.003,-0.013,0.016,3|15,weighted_average,kalman(weighted_average),false
1788956664.798,60.007,-0.094,-2.425,1.791,89.166,-0.088,-2.431,1.787,88.722,0.006,-0.006,-0.003,0.009,3|15,weighted_average,kalman(weighted_average),false
1788956664.866,60.075,-0.093,-2.439,1.801,89.200,-0.096,-2.440,1.797,89.236,-0.002,-0.001,-0.005,0.005,3|15,weighted_average,kalman(weighted_average),false
1788956664.956,60.165,-0.070,-2.479,1.796,88.829,-0.079,-2.473,1.798,89.193,-0.009,0.006,0.002,0.011,3|15,weighted_average,kalman(weighted_average),false
1788956665.009,60.218,-0.078,-2.487,1.788,89.056,-0.077,-2.488,1.792,89.173,0.002,-0.001,0.004,0.004,3|15,weighted_average,kalman(weighted_average),false
1788956665.061,60.270,-0.092,-2.498,1.748,89.418,-0.085,-2.500,1.764,89.346,0.007,-0.002,0.016,0.017,3|15,weighted_average,kalman(weighted_average),false
1788956665.108,60.317,-0.076,-2.518,1.754,89.119,-0.080,-2.516,1.753,89.278,-0.004,0.002,-0.001,0.005,3|15,weighted_average,kalman(weighted_average),false
1788956665.163,60.372,-0.050,-2.536,1.785,88.575,-0.061,-2.534,1.767,88.931,-0.011,0.002,-0.018,0.021,3|15,weighted_average,kalman(weighted_average),false
1788956665.253,60.462,-0.061,-2.561,1.739,87.378,-0.057,-2.561,1.746,87.863,0.004,-0.001,0.007,0.008,15,weighted_average,kalman(weighted_average),false
1788956665.307,60.516,-0.061,-2.575,1.752,87.411,-0.058,-2.575,1.746,87.418,0.003,-0.001,-0.005,0.006,15,weighted_average,kalman(weighted_average),false
1788956665.356,60.565,-0.069,-2.586,1.767,89.133,-0.064,-2.587,1.757,88.161,0.005,-0.001,-0.010,0.011,3|15,weighted_average,kalman(weighted_average),false
1788956665.404,60.613,-0.063,-2.599,1.749,89.072,-0.064,-2.599,1.753,88.629,-0.001,-0.000,0.004,0.005,3|15,weighted_average,kalman(weighted_average),false
1788956665.461,60.670,-0.047,-2.624,1.733,87.234,-0.054,-2.620,1.740,87.963,-0.007,0.004,0.008,0.011,15,weighted_average,kalman(weighted_average),false
1788956665.551,60.760,-0.067,-2.627,1.771,89.279,-0.062,-2.632,1.760,88.738,0.005,-0.005,-0.010,0.013,3|15,weighted_average,kalman(weighted_average),false
1788956665.604,60.813,-0.040,-2.650,1.731,87.168,-0.049,-2.647,1.744,87.919,-0.008,0.003,0.012,0.015,15,weighted_average,kalman(weighted_average),false
1788956665.654,60.863,-0.032,-2.655,1.733,88.596,-0.037,-2.656,1.736,88.218,-0.004,-0.001,0.003,0.005,3|15,weighted_average,kalman(weighted_average),false
1788956665.706,60.915,-0.059,-2.673,1.717,89.317,-0.047,-2.671,1.722,88.807,0.012,0.002,0.005,0.013,3|15,weighted_average,kalman(weighted_average),false
1788956665.754,60.963,-0.028,-2.697,1.738,88.628,-0.036,-2.691,1.728,88.814,-0.008,0.006,-0.010,0.014,3|15,weighted_average,kalman(weighted_average),false
1788956665.844,61.053,-0.038,-2.707,1.746,88.912,-0.035,-2.710,1.740,88.968,0.003,-0.003,-0.006,0.007,3|15,weighted_average,kalman(weighted_average),false
1788956665.900,61.109,-0.030,-2.742,1.732,87.168,-0.031,-2.736,1.736,87.956,-0.001,0.006,0.004,0.008,15,weighted_average,kalman(weighted_average),false
1788956665.948,61.157,-0.057,-2.721,1.725,89.427,-0.046,-2.733,1.730,88.621,0.011,-0.012,0.005,0.017,3|15,weighted_average,kalman(weighted_average),false
1788956665.998,61.207,-0.042,-2.742,1.730,89.110,-0.046,-2.742,1.729,88.897,-0.004,0.000,-0.001,0.004,3|15,weighted_average,kalman(weighted_average),false
1788956666.048,61.257,-0.023,-2.754,1.728,88.654,-0.033,-2.753,1.728,88.832,-0.010,0.001,-0.000,0.010,3|15,weighted_average,kalman(weighted_average),false
1788956666.139,61.348,-0.021,-2.767,1.724,88.600,-0.022,-2.768,1.725,88.718,-0.001,-0.001,0.000,0.002,3|15,weighted_average,kalman(weighted_average),false
1788956666.192,61.401,0.016,-2.786,1.727,87.708,0.005,-2.783,1.725,88.125,-0.011,0.003,-0.001,0.011,3|15,weighted_average,kalman(weighted_average),false
1788956666.244,61.453,0.010,-2.800,1.735,87.867,0.014,-2.798,1.731,87.878,0.004,0.002,-0.004,0.006,3|15,weighted_average,kalman(weighted_average),false
1788956666.299,61.508,-0.000,-2.810,1.717,88.162,0.010,-2.811,1.723,87.921,0.010,-0.001,0.006,0.012,3|15,weighted_average,kalman(weighted_average),false
1788956666.353,61.562,-0.001,-2.823,1.740,88.188,0.005,-2.824,1.733,88.002,0.006,-0.000,-0.008,0.010,3|15,weighted_average,kalman(weighted_average),false
1788956666.450,61.659,-0.018,-2.866,1.709,86.902,-0.013,-2.861,1.716,87.225,0.005,0.004,0.007,0.009,15,weighted_average,kalman(weighted_average),false
1788956666.500,61.709,0.017,-2.880,1.726,87.700,0.004,-2.880,1.720,87.381,-0.013,0.000,-0.006,0.014,3|15,weighted_average,kalman(weighted_average),false
1788956666.552,61.761,-0.007,-2.892,1.730,88.300,-0.001,-2.894,1.725,87.828,0.005,-0.003,-0.004,0.007,3|15,weighted_average,kalman(weighted_average),false
1788956666.608,61.817,-0.038,-2.925,1.711,87.455,-0.025,-2.920,1.717,87.662,0.014,0.004,0.006,0.015,15,weighted_average,kalman(weighted_average),false
1788956666.653,61.862,0.002,-2.912,1.722,88.095,-0.013,-2.923,1.718,87.878,-0.015,-0.011,-0.003,0.019,3|15,weighted_average,kalman(weighted_average),false
1788956666.747,61.956,-0.015,-2.923,1.715,88.516,-0.015,-2.929,1.715,88.341,-0.000,-0.006,0.000,0.006,3|15,weighted_average,kalman(weighted_average),false
1788956666.796,62.005,-0.023,-2.960,1.713,87.032,-0.020,-2.951,1.713,87.672,0.003,0.009,0.000,0.010,15,weighted_average,kalman(weighted_average),false
1788956666.847,62.056,-0.035,-2.984,1.710,87.406,-0.031,-2.976,1.710,87.474,0.005,0.008,0.001,0.009,15,weighted_average,kalman(weighted_average),false
1788956666.902,62.111,-0.000,-2.973,1.706,88.203,-0.014,-2.982,1.707,87.797,-0.014,-0.009,0.001,0.017,3|15,weighted_average,kalman(weighted_average),false
1788956666.954,62.163,-0.005,-2.981,1.722,88.354,-0.007,-2.986,1.715,88.104,-0.002,-0.005,-0.007,0.009,3|15,weighted_average,kalman(weighted_average),false
1788956667.045,62.254,0.019,-3.000,1.721,87.687,0.014,-3.000,1.720,87.908,-0.004,-0.000,-0.001,0.004,3|15,weighted_average,kalman(weighted_average),false
1788956667.095,62.304,-0.021,-3.013,1.704,86.968,-0.005,-3.012,1.711,87.358,0.016,0.002,0.006,0.018,15,weighted_average,kalman(weighted_average),false
1788956667.144,62.353,-0.018,-3.026,1.703,86.867,-0.014,-3.024,1.705,87.001,0.004,0.002,0.002,0.005,15,weighted_average,kalman(weighted_average),false
1788956667.194,62.403,-0.023,-3.039,1.720,87.014,-0.022,-3.037,1.713,86.881,0.001,0.001,-0.008,0.008,15,weighted_average,kalman(weighted_average),false
1788956667.249,62.458,-0.026,-3.054,1.710,87.103,-0.027,-3.052,1.711,86.890,-0.001,0.001,0.001,0.002,15,weighted_average,kalman(weighted_average),false
1788956667.349,62.558,-0.021,-3.085,1.721,86.914,-0.025,-3.083,1.719,86.825,-0.004,0.001,-0.002,0.005,15,weighted_average,kalman(weighted_average),false
1788956667.398,62.607,-0.029,-3.094,1.709,87.151,-0.027,-3.095,1.714,86.989,0.002,-0.001,0.004,0.005,15,weighted_average,kalman(weighted_average),false
1788956667.458,62.667,-0.030,-3.103,1.715,87.182,-0.029,-3.106,1.715,87.110,0.001,-0.003,-0.001,0.003,15,weighted_average,kalman(weighted_average),false
1788956667.503,62.712,-0.029,-3.109,1.709,87.141,-0.030,-3.112,1.711,87.149,-0.001,-0.003,0.002,0.004,15,weighted_average,kalman(weighted_average),false
1788956667.554,62.763,-0.024,-3.115,1.715,86.989,-0.027,-3.118,1.713,87.090,-0.003,-0.003,-0.002,0.004,15,weighted_average,kalman(weighted_average),false
1788956667.647,62.856,-0.031,-3.132,1.697,87.177,-0.029,-3.132,1.701,87.154,0.001,-0.000,0.004,0.004,15,weighted_average,kalman(weighted_average),false
1788956667.713,62.922,-0.028,-3.140,1.703,87.108,-0.029,-3.141,1.700,87.138,-0.001,-0.001,-0.002,0.003,15,weighted_average,kalman(weighted_average),false
1788956667.750,62.959,-0.030,-3.148,1.716,87.113,-0.029,-3.147,1.708,87.128,0.000,0.001,-0.007,0.007,15,weighted_average,kalman(weighted_average),false
1788956667.800,63.009,-0.027,-3.159,1.711,86.999,-0.028,-3.157,1.711,87.063,-0.001,0.002,-0.000,0.002,15,weighted_average,kalman(weighted_average),false
1788956667.849,63.058,0.003,-3.172,1.722,87.985,-0.009,-3.169,1.718,87.523,-0.013,0.003,-0.004,0.014,3|15,weighted_average,kalman(weighted_average),false
1788956667.943,63.152,-0.038,-3.214,1.713,87.189,-0.027,-3.208,1.716,87.399,0.011,0.006,0.003,0.013,15,weighted_average,kalman(weighted_average),false
1788956667.996,63.205,0.004,-3.210,1.727,87.868,-0.009,-3.216,1.723,87.676,-0.013,-0.006,-0.004,0.014,3|15,weighted_average,kalman(weighted_average),false
1788956668.052,63.261,-0.031,-3.221,1.709,86.911,-0.021,-3.225,1.715,87.293,0.010,-0.004,0.006,0.012,15,weighted_average,kalman(weighted_average),false
1788956668.100,63.309,-0.037,-3.234,1.704,87.037,-0.032,-3.234,1.708,87.125,0.005,-0.001,0.004,0.006,15,weighted_average,kalman(weighted_average),false
1788956668.158,63.367,-0.039,-3.240,1.702,87.091,-0.039,-3.243,1.702,87.050,-0.000,-0.002,0.000,0.002,15,weighted_average,kalman(weighted_average),false
1788956668.252,63.461,0.003,-3.248,1.705,87.744,-0.009,-3.251,1.702,87.458,-0.013,-0.003,-0.003,0.013,3|15,weighted_average,kalman(weighted_average),false
1788956668.313,63.522,-0.042,-3.259,1.698,87.095,-0.028,-3.259,1.699,87.286,0.014,0.001,0.001,0.014,15,weighted_average,kalman(weighted_average),false
1788956668.362,63.571,-0.043,-3.266,1.704,87.141,-0.038,-3.266,1.701,87.207,0.005,0.001,-0.002,0.005,15,weighted_average,kalman(weighted_average),false
1788956668.405,63.614,-0.044,-3.273,1.694,87.153,-0.044,-3.272,1.697,87.169,0.000,0.001,0.003,0.003,15,weighted_average,kalman(weighted_average),false
1788956668.461,63.670,-0.044,-3.277,1.704,87.143,-0.047,-3.278,1.701,87.139,-0.003,-0.001,-0.003,0.004,15,weighted_average,kalman(weighted_average),false
1788956668.554,63.763,-0.055,-3.291,1.706,87.514,-0.055,-3.290,1.705,87.368,-0.000,0.000,-0.001,0.001,15,weighted_average,kalman(weighted_average),false
1788956668.618,63.827,-0.053,-3.291,1.699,87.445,-0.056,-3.293,1.701,87.450,-0.002,-0.002,0.003,0.004,15,weighted_average,kalman(weighted_average),false
1788956668.654,63.863,-0.002,-3.289,1.716,87.863,-0.026,-3.292,1.710,87.684,-0.023,-0.003,-0.007,0.024,3|15,weighted_average,kalman(weighted_average),false
1788956668.703,63.912,-0.043,-3.294,1.720,87.029,-0.031,-3.294,1.717,87.415,0.012,-0.000,-0.003,0.012,15,weighted_average,kalman(weighted_average),false
1788956668.755,63.964,-0.008,-3.283,1.728,88.053,-0.015,-3.289,1.726,87.741,-0.007,-0.005,-0.002,0.009,3|15,weighted_average,kalman(weighted_average),false
1788956668.850,64.059,0.005,-3.294,1.730,87.617,0.005,-3.292,1.732,87.728,-0.001,0.002,0.002,0.003,3|15,weighted_average,kalman(weighted_average),false
1788956668.901,64.110,-0.049,-3.300,1.718,87.233,-0.027,-3.298,1.724,87.454,0.022,0.002,0.006,0.023,15,weighted_average,kalman(weighted_average),false
1788956668.950,64.159,-0.048,-3.303,1.729,87.247,-0.043,-3.302,1.727,87.308,0.005,0.001,-0.002,0.006,15,weighted_average,kalman(weighted_average),false
1788956669.001,64.210,-0.050,-3.300,1.739,87.253,-0.052,-3.303,1.734,87.231,-0.002,-0.002,-0.004,0.005,15,weighted_average,kalman(weighted_average),false
1788956669.070,64.279,-0.058,-3.307,1.743,87.574,-0.061,-3.306,1.741,87.377,-0.003,0.000,-0.001,0.003,15,weighted_average,kalman(weighted_average),false
1788956669.173,64.382,-0.054,-3.298,1.755,87.411,-0.059,-3.301,1.754,87.403,-0.005,-0.003,-0.001,0.005,15,weighted_average,kalman(weighted_average),false
1788956669.220,64.429,-0.052,-3.295,1.757,87.317,-0.054,-3.296,1.758,87.357,-0.003,-0.001,0.001,0.003,15,weighted_average,kalman(weighted_average),false
1788956669.274,64.483,-0.056,-3.292,1.749,87.464,-0.055,-3.293,1.754,87.412,0.001,-0.000,0.005,0.005,15,weighted_average,kalman(weighted_average),false
1788956669.327,64.536,-0.051,-3.285,1.753,87.254,-0.052,-3.287,1.754,87.333,-0.001,-0.002,0.001,0.002,15,weighted_average,kalman(weighted_average),false
1788956669.387,64.596,-0.058,-3.289,1.770,87.467,-0.055,-3.287,1.765,87.398,0.003,0.003,-0.006,0.007,15,weighted_average,kalman(weighted_average),false
1788956669.494,64.703,-0.056,-3.282,1.779,87.344,-0.056,-3.282,1.778,87.367,-0.000,0.000,-0.001,0.001,15,weighted_average,kalman(weighted_average),false
1788956669.541,64.750,-0.054,-3.278,1.779,87.253,-0.055,-3.279,1.780,87.297,-0.001,-0.001,0.002,0.002,15,weighted_average,kalman(weighted_average),false
1788956669.596,64.805,0.001,-3.275,1.798,87.565,-0.019,-3.275,1.793,87.434,-0.020,-0.000,-0.005,0.020,3|15,weighted_average,kalman(weighted_average),false
1788956669.643,64.852,-0.009,-3.268,1.801,87.854,-0.007,-3.270,1.801,87.669,0.002,-0.002,0.000,0.003,3|15,weighted_average,kalman(weighted_average),false
1788956669.699,64.908,-0.064,-3.278,1.804,87.532,-0.036,-3.273,1.806,87.648,0.028,0.005,0.002,0.029,15,weighted_average,kalman(weighted_average),false
1788956669.792,65.001,-0.006,-3.267,1.814,87.737,-0.016,-3.268,1.815,87.742,-0.010,-0.001,0.001,0.010,3|15,weighted_average,kalman(weighted_average),false
1788956669.857,65.066,-0.058,-3.275,1.811,87.330,-0.043,-3.272,1.815,87.509,0.015,0.003,0.003,0.016,15,weighted_average,kalman(weighted_average),false
1788956669.894,65.103,-0.060,-3.274,1.816,87.357,-0.055,-3.273,1.816,87.412,0.005,0.000,-0.000,0.005,15,weighted_average,kalman(weighted_average),false
1788956669.942,65.151,-0.065,-3.273,1.820,87.492,-0.065,-3.273,1.819,87.418,-0.001,-0.001,-0.001,0.001,15,weighted_average,kalman(weighted_average),false
1788956669.995,65.204,-0.009,-3.265,1.839,87.772,-0.036,-3.269,1.832,87.578,-0.027,-0.004,-0.007,0.028,3|15,weighted_average,kalman(weighted_average),false
1788956670.087,65.296,-0.069,-3.274,1.837,87.458,-0.057,-3.272,1.839,87.517,0.011,0.002,0.002,0.012,15,weighted_average,kalman(weighted_average),false
1788956670.144,65.353,-0.069,-3.271,1.834,87.117,-0.068,-3.272,1.838,87.272,0.001,-0.001,0.003,0.003,15,weighted_average,kalman(weighted_average),false
1788956670.184,65.393,-0.068,-3.268,1.835,86.686,-0.071,-3.269,1.837,86.937,-0.003,-0.002,0.001,0.004,15,weighted_average,kalman(weighted_average),false
1788956670.236,65.445,-0.069,-3.268,1.835,86.368,-0.073,-3.269,1.836,86.547,-0.003,-0.000,0.001,0.003,15,weighted_average,kalman(weighted_average),false
1788956670.282,65.491,0.048,-3.256,1.855,85.457,-0.005,-3.261,1.847,85.885,-0.053,-0.005,-0.008,0.054,3,weighted_average,kalman(weighted_average),false
1788956670.378,65.587,0.060,-3.257,1.852,84.004,0.057,-3.256,1.853,84.377,-0.003,0.001,0.001,0.003,3,weighted_average,kalman(weighted_average),false
1788956670.438,65.647,0.040,-3.252,1.854,83.923,0.057,-3.253,1.855,83.792,0.017,-0.000,0.001,0.017,3,weighted_average,kalman(weighted_average),false
1788956670.481,65.690,0.056,-3.264,1.872,83.028,0.061,-3.259,1.866,83.149,0.005,0.006,-0.006,0.010,3,weighted_average,kalman(weighted_average),false
1788956670.527,65.736,0.040,-3.260,1.867,82.908,0.053,-3.260,1.869,82.738,0.013,0.000,0.002,0.014,3,weighted_average,kalman(weighted_average),false
1788956670.581,65.790,0.048,-3.267,1.860,81.733,0.052,-3.264,1.866,81.918,0.003,0.002,0.006,0.007,3,weighted_average,kalman(weighted_average),false
1788956670.672,65.881,0.061,-3.281,1.863,80.472,0.059,-3.278,1.864,80.567,-0.002,0.003,0.001,0.004,3,weighted_average,kalman(weighted_average),false
1788956670.726,65.935,0.060,-3.284,1.854,80.001,0.061,-3.285,1.857,79.919,0.001,-0.000,0.003,0.004,3,weighted_average,kalman(weighted_average),false
1788956670.783,65.992,0.060,-3.284,1.854,80.001,0.062,-3.287,1.854,79.638,0.001,-0.003,-0.000,0.003,3,weighted_average,kalman(weighted_average),false
1788956670.826,66.035,0.083,-3.301,1.861,78.737,0.075,-3.297,1.856,78.964,-0.008,0.004,-0.004,0.010,3,weighted_average,kalman(weighted_average),false
1788956670.883,66.092,0.085,-3.304,1.851,78.445,0.084,-3.304,1.853,78.378,-0.001,-0.000,0.002,0.002,3,weighted_average,kalman(weighted_average),false
1788956670.978,66.187,0.093,-3.321,1.839,77.363,0.094,-3.320,1.842,77.350,0.001,0.001,0.002,0.003,3,weighted_average,kalman(weighted_average),false
1788956671.034,66.243,0.099,-3.333,1.844,76.778,0.100,-3.332,1.841,76.762,0.000,0.001,-0.003,0.003,3,weighted_average,kalman(weighted_average),false
1788956671.086,66.295,0.099,-3.333,1.844,76.778,0.101,-3.336,1.842,76.523,0.002,-0.003,-0.002,0.004,3,weighted_average,kalman(weighted_average),false
1788956671.130,66.339,0.125,-3.351,1.844,75.530,0.116,-3.348,1.843,75.830,-0.008,0.004,-0.001,0.009,3,weighted_average,kalman(weighted_average),false
1788956671.182,66.391,0.124,-3.354,1.843,75.377,0.124,-3.355,1.843,75.327,0.001,-0.001,-0.000,0.002,3,weighted_average,kalman(weighted_average),false
1788956671.272,66.481,0.145,-3.373,1.841,74.256,0.143,-3.372,1.841,74.305,-0.001,0.001,0.001,0.002,3,weighted_average,kalman(weighted_average),false
1788956671.323,66.532,0.136,-3.372,1.838,74.382,0.142,-3.375,1.839,74.110,0.006,-0.003,0.001,0.007,3,weighted_average,kalman(weighted_average),false
1788956671.377,66.586,0.148,-3.377,1.827,73.812,0.147,-3.379,1.831,73.743,-0.000,-0.002,0.004,0.005,3,weighted_average,kalman(weighted_average),false
1788956671.429,66.638,0.164,-3.396,1.831,72.816,0.160,-3.391,1.829,73.062,-0.005,0.005,-0.002,0.007,3,weighted_average,kalman(weighted_average),false
1788956671.488,66.697,0.177,-3.404,1.826,72.178,0.175,-3.403,1.826,72.314,-0.003,0.001,-0.000,0.003,3,weighted_average,kalman(weighted_average),false
1788956671.578,66.787,0.183,-3.415,1.825,71.564,0.186,-3.416,1.824,71.486,0.002,-0.001,-0.001,0.003,3,weighted_average,kalman(weighted_average),false
1788956671.638,66.847,0.188,-3.423,1.828,71.174,0.190,-3.424,1.826,71.063,0.002,-0.001,-0.002,0.003,3,weighted_average,kalman(weighted_average),false
1788956671.683,66.892,0.196,-3.432,1.830,70.700,0.195,-3.431,1.829,70.685,-0.000,0.000,-0.001,0.002,3,weighted_average,kalman(weighted_average),false
1788956671.732,66.941,0.199,-3.439,1.828,70.217,0.200,-3.439,1.829,70.242,0.001,0.000,0.001,0.001,3,weighted_average,kalman(weighted_average),false
1788956671.780,66.989,0.226,-3.465,1.833,68.644,0.217,-3.457,1.832,69.227,-0.009,0.008,-0.001,0.012,3,weighted_average,kalman(weighted_average),false
1788956671.878,67.087,0.246,-3.499,1.834,66.855,0.244,-3.495,1.834,67.223,-0.002,0.004,0.000,0.004,3,weighted_average,kalman(weighted_average),false
1788956671.928,67.137,0.266,-3.522,1.840,65.595,0.263,-3.519,1.839,65.897,-0.003,0.003,-0.002,0.004,3,weighted_average,kalman(weighted_average),false
1788956671.988,67.198,0.267,-3.533,1.843,65.069,0.272,-3.537,1.843,64.884,0.005,-0.004,-0.000,0.006,3,weighted_average,kalman(weighted_average),false
1788956672.041,67.250,0.278,-3.550,1.845,64.171,0.281,-3.552,1.846,64.036,0.002,-0.002,0.000,0.003,3,weighted_average,kalman(weighted_average),false
1788956672.082,67.291,0.283,-3.555,1.844,63.796,0.285,-3.560,1.846,63.540,0.003,-0.004,0.002,0.005,3,weighted_average,kalman(weighted_average),false
1788956672.180,67.389,0.296,-3.579,1.853,62.531,0.297,-3.581,1.852,62.332,0.001,-0.002,-0.001,0.003,3,weighted_average,kalman(weighted_average),false
1788956672.227,67.436,0.304,-3.596,1.859,61.679,0.304,-3.594,1.857,61.686,-0.000,0.002,-0.001,0.002,3,weighted_average,kalman(weighted_average),false
1788956672.288,67.497,0.304,-3.596,1.859,61.679,0.307,-3.600,1.860,61.334,0.003,-0.005,0.001,0.005,3,weighted_average,kalman(weighted_average),false
1788956672.328,67.537,0.315,-3.615,1.866,60.745,0.313,-3.612,1.865,60.832,-0.002,0.003,-0.002,0.004,3,weighted_average,kalman(weighted_average),false
1788956672.385,67.594,0.317,-3.618,1.862,60.459,0.318,-3.620,1.865,60.342,0.001,-0.002,0.003,0.003,3,weighted_average,kalman(weighted_average),false
1788956672.475,67.684,0.331,-3.645,1.873,59.083,0.330,-3.643,1.872,59.204,-0.001,0.002,-0.001,0.002,3,weighted_average,kalman(weighted_average),false
1788956672.523,67.732,0.338,-3.657,1.882,58.332,0.337,-3.656,1.879,58.473,-0.001,0.001,-0.003,0.003,3,weighted_average,kalman(weighted_average),false
1788956672.580,67.789,0.339,-3.657,1.881,58.137,0.341,-3.662,1.882,57.961,0.002,-0.005,0.002,0.005,3,weighted_average,kalman(weighted_average),false
1788956672.624,67.833,0.349,-3.675,1.891,57.187,0.347,-3.673,1.889,57.321,-0.001,0.002,-0.002,0.003,3,weighted_average,kalman(weighted_average),false
1788956672.687,67.896,0.350,-3.679,1.896,56.929,0.351,-3.682,1.896,56.758,0.002,-0.002,-0.000,0.003,3,weighted_average,kalman(weighted_average),false
1788956672.782,67.991,0.365,-3.697,1.897,55.401,0.364,-3.697,1.899,55.508,-0.001,-0.000,0.002,0.002,3,weighted_average,kalman(weighted_average),false
1788956672.848,68.057,0.371,-3.704,1.896,54.896,0.372,-3.705,1.898,54.823,0.000,-0.001,0.002,0.002,3,weighted_average,kalman(weighted_average),false
1788956672.887,68.096,0.381,-3.715,1.898,54.052,0.379,-3.713,1.898,54.206,-0.002,0.002,-0.000,0.002,3,weighted_average,kalman(weighted_average),false
1788956672.941,68.150,0.385,-3.718,1.896,53.463,0.386,-3.719,1.897,53.491,0.000,-0.001,0.001,0.002,3,weighted_average,kalman(weighted_average),false
1788956672.982,68.191,0.393,-3.728,1.902,52.656,0.392,-3.727,1.900,52.810,-0.001,0.001,-0.002,0.003,3,weighted_average,kalman(weighted_average),false
1788956673.071,68.280,0.397,-3.732,1.898,52.276,0.399,-3.734,1.899,52.017,0.002,-0.003,0.001,0.003,3,weighted_average,kalman(weighted_average),false
1788956673.565,68.774,0.464,-3.783,1.887,48.289,0.462,-3.781,1.887,48.434,-0.002,0.001,0.001,0.003,3,weighted_average,kalman(weighted_average),false
1788956673.656,68.865,0.477,-3.791,1.886,48.191,0.481,-3.794,1.885,47.825,0.004,-0.003,-0.001,0.005,3,weighted_average,kalman(weighted_average),false
1788956673.709,68.918,0.481,-3.793,1.885,48.152,0.485,-3.796,1.885,47.792,0.004,-0.003,-0.001,0.005,3,weighted_average,kalman(weighted_average),false
1788956673.758,68.967,0.487,-3.797,1.887,48.165,0.489,-3.799,1.886,47.837,0.003,-0.002,-0.002,0.004,3,weighted_average,kalman(weighted_average),false
1788956673.810,69.019,0.487,-3.797,1.887,48.165,0.490,-3.800,1.887,47.906,0.004,-0.002,-0.001,0.005,3,weighted_average,kalman(weighted_average),false
1788956673.860,69.069,0.491,-3.799,1.885,48.245,0.492,-3.800,1.886,48.027,0.001,-0.001,0.001,0.002,3,weighted_average,kalman(weighted_average),false
1788956673.950,69.159,0.504,-3.804,1.878,47.660,0.502,-3.804,1.880,47.766,-0.002,0.000,0.002,0.003,3,weighted_average,kalman(weighted_average),false
1788956674.000,69.209,0.509,-3.810,1.877,46.810,0.509,-3.809,1.877,47.174,-0.001,0.002,-0.000,0.002,3,weighted_average,kalman(weighted_average),false
1788956674.049,69.258,0.513,-3.811,1.874,46.103,0.514,-3.811,1.874,46.474,0.000,-0.000,0.000,0.001,3,weighted_average,kalman(weighted_average),false
1788956674.115,69.324,0.517,-3.815,1.877,45.603,0.518,-3.815,1.875,45.736,0.001,-0.000,-0.002,0.002,3,weighted_average,kalman(weighted_average),false
1788956674.154,69.363,0.518,-3.815,1.875,45.296,0.520,-3.816,1.874,45.320,0.002,-0.001,-0.000,0.002,3,weighted_average,kalman(weighted_average),false
1788956674.253,69.462,0.528,-3.820,1.872,44.036,0.528,-3.820,1.872,44.137,-0.000,-0.000,0.000,0.000,3,weighted_average,kalman(weighted_average),false
1788956674.305,69.514,0.534,-3.823,1.876,43.244,0.533,-3.822,1.874,43.366,-0.001,0.000,-0.002,0.002,3,weighted_average,kalman(weighted_average),false
1788956674.352,69.561,0.539,-3.821,1.872,42.663,0.539,-3.822,1.873,42.714,-0.001,-0.001,0.001,0.002,3,weighted_average,kalman(weighted_average),false
1788956674.413,69.622,0.544,-3.824,1.872,42.221,0.544,-3.824,1.872,42.088,0.000,0.000,-0.000,0.000,3,weighted_average,kalman(weighted_average),false
1788956674.456,69.665,0.546,-3.822,1.870,41.983,0.547,-3.823,1.871,41.783,0.001,-0.001,0.001,0.002,3,weighted_average,kalman(weighted_average),false
1788956674.550,69.759,0.557,-3.827,1.870,41.150,0.556,-3.826,1.870,41.029,-0.000,0.001,-0.000,0.001,3,weighted_average,kalman(weighted_average),false
1788956674.601,69.810,0.568,-3.830,1.867,40.360,0.565,-3.829,1.867,40.456,-0.002,0.001,0.001,0.002,3,weighted_average,kalman(weighted_average),false
1788956674.648,69.857,0.575,-3.831,1.867,39.706,0.574,-3.831,1.867,39.841,-0.001,-0.000,-0.000,0.002,3,weighted_average,kalman(weighted_average),false
1788956674.700,69.909,0.587,-3.841,1.872,38.714,0.585,-3.838,1.869,38.978,-0.002,0.003,-0.002,0.005,3,weighted_average,kalman(weighted_average),false
1788956674.767,69.976,0.593,-3.840,1.871,38.407,0.594,-3.841,1.870,38.283,0.002,-0.001,-0.000,0.002,3,weighted_average,kalman(weighted_average),false
1788956674.858,70.067,0.615,-3.849,1.875,36.828,0.613,-3.848,1.874,36.958,-0.002,0.000,-0.001,0.002,3,weighted_average,kalman(weighted_average),false
1788956674.912,70.121,0.620,-3.853,1.880,36.408,0.622,-3.852,1.879,36.331,0.001,0.000,-0.001,0.002,3,weighted_average,kalman(weighted_average),false
1788956674.986,70.195,0.626,-3.853,1.881,36.075,0.628,-3.854,1.881,35.820,0.002,-0.002,0.001,0.003,3,weighted_average,kalman(weighted_average),false
1788956675.018,70.227,0.631,-3.854,1.882,35.726,0.632,-3.855,1.882,35.617,0.000,-0.001,0.001,0.001,3,weighted_average,kalman(weighted_average),false
1788956675.067,70.276,0.650,-3.863,1.890,34.474,0.645,-3.860,1.887,34.821,-0.005,0.003,-0.002,0.006,3,weighted_average,kalman(weighted_average),false
1788956675.162,70.371,0.667,-3.866,1.895,33.420,0.666,-3.866,1.895,33.526,-0.001,-0.000,-0.000,0.001,3,weighted_average,kalman(weighted_average),false
1788956675.211,70.420,0.674,-3.872,1.898,32.922,0.675,-3.871,1.898,32.906,0.001,0.001,0.000,0.001,3,weighted_average,kalman(weighted_average),false
1788956675.268,70.477,0.686,-3.874,1.900,32.219,0.686,-3.875,1.901,32.198,0.000,-0.001,0.001,0.001,3,weighted_average,kalman(weighted_average),false
1788956675.312,70.521,0.692,-3.875,1.902,31.851,0.694,-3.876,1.903,31.750,0.001,-0.001,0.001,0.002,3,weighted_average,kalman(weighted_average),false
1788956675.369,70.578,0.699,-3.876,1.902,31.481,0.701,-3.878,1.903,31.292,0.002,-0.001,0.001,0.003,3,weighted_average,kalman(weighted_average),false
1788956675.463,70.672,0.713,-3.883,1.907,30.606,0.714,-3.883,1.907,30.509,0.001,0.000,-0.000,0.001,3,weighted_average,kalman(weighted_average),false
1788956675.519,70.728,0.644,-3.882,1.892,30.710,0.669,-3.883,1.898,30.425,0.025,-0.001,0.006,0.026,3|18,weighted_average,kalman(weighted_average),false
1788956675.567,70.776,0.654,-3.886,1.900,29.925,0.654,-3.885,1.898,30.020,-0.000,0.001,-0.002,0.002,3|18,weighted_average,kalman(weighted_average),false
1788956675.616,70.825,0.675,-3.884,1.904,29.004,0.660,-3.885,1.901,29.327,-0.014,-0.001,-0.003,0.015,3|18,weighted_average,kalman(weighted_average),false
1788956675.669,70.878,0.684,-3.886,1.905,28.571,0.672,-3.886,1.904,28.693,-0.012,-0.000,-0.002,0.012,3|18,weighted_average,kalman(weighted_average),false
1788956675.758,70.967,0.708,-3.891,1.905,27.390,0.700,-3.890,1.905,27.526,-0.009,0.001,0.000,0.009,3|18,weighted_average,kalman(weighted_average),false
1788956675.809,71.018,0.624,-3.883,1.899,27.797,0.655,-3.886,1.901,27.419,0.031,-0.003,0.003,0.031,18,weighted_average,kalman(weighted_average),false
1788956675.864,71.073,0.640,-3.887,1.899,26.997,0.640,-3.886,1.899,26.977,0.001,0.001,0.000,0.001,18,weighted_average,kalman(weighted_average),false
1788956675.914,71.123,0.743,-3.898,1.913,25.583,0.697,-3.893,1.907,26.045,-0.046,0.004,-0.006,0.046,3|18,weighted_average,kalman(weighted_average),false
1788956675.984,71.193,0.662,-3.914,1.914,25.222,0.682,-3.908,1.913,25.216,0.019,0.005,-0.001,0.020,18,weighted_average,kalman(weighted_average),false
1788956676.079,71.288,0.776,-3.911,1.907,23.847,0.755,-3.914,1.909,23.922,-0.021,-0.003,0.003,0.021,3|18,weighted_average,kalman(weighted_average),false
1788956676.141,71.350,0.692,-3.903,1.895,24.167,0.722,-3.908,1.899,23.771,0.030,-0.005,0.004,0.031,18,weighted_average,kalman(weighted_average),false
1788956676.183,71.392,0.799,-3.920,1.903,22.541,0.768,-3.915,1.900,22.954,-0.031,0.006,-0.003,0.031,3|18,weighted_average,kalman(weighted_average),false
1788956676.238,71.447,0.813,-3.917,1.897,21.982,0.805,-3.917,1.897,22.130,-0.009,-0.000,-0.000,0.009,3|18,weighted_average,kalman(weighted_average),false
1788956676.287,71.496,0.822,-3.915,1.891,21.681,0.826,-3.917,1.892,21.592,0.003,-0.002,0.001,0.004,3|18,weighted_average,kalman(weighted_average),false
1788956676.377,71.586,0.758,-3.946,1.878,20.091,0.786,-3.939,1.880,20.231,0.029,0.007,0.002,0.029,18,weighted_average,kalman(weighted_average),false
1788956676.445,71.654,0.854,-3.922,1.881,20.084,0.830,-3.930,1.879,19.785,-0.024,-0.009,-0.003,0.025,3|18,weighted_average,kalman(weighted_average),false
1788956676.481,71.690,0.869,-3.932,1.883,19.105,0.857,-3.931,1.880,19.247,-0.012,0.001,-0.003,0.012,3|18,weighted_average,kalman(weighted_average),false
1788956676.533,71.742,0.892,-3.938,1.883,17.984,0.886,-3.935,1.881,18.303,-0.005,0.002,-0.002,0.006,3|18,weighted_average,kalman(weighted_average),false
1788956676.580,71.789,0.808,-3.926,1.842,18.286,0.851,-3.931,1.858,17.965,0.042,-0.005,0.016,0.046,18,weighted_average,kalman(weighted_average),false
1788956676.670,71.879,0.924,-3.944,1.856,16.448,0.905,-3.940,1.852,16.611,-0.020,0.004,-0.004,0.020,3|18,weighted_average,kalman(weighted_average),false
1788956676.730,71.939,0.828,-3.926,1.860,17.019,0.861,-3.932,1.855,16.529,0.033,-0.006,-0.004,0.034,18,weighted_average,kalman(weighted_average),false
1788956676.795,72.004,0.841,-3.932,1.837,16.468,0.844,-3.931,1.842,16.271,0.003,0.001,0.006,0.007,18,weighted_average,kalman(weighted_average),false
1788956676.831,72.040,0.851,-3.950,1.835,15.617,0.844,-3.941,1.836,15.822,-0.006,0.008,0.001,0.010,18,weighted_average,kalman(weighted_average),false
1788956676.881,72.090,0.873,-3.965,1.826,14.210,0.858,-3.957,1.827,14.813,-0.015,0.008,0.002,0.017,18,weighted_average,kalman(weighted_average),false
1788956676.967,72.176,0.887,-3.984,1.845,12.763,0.880,-3.981,1.837,13.129,-0.007,0.003,-0.008,0.012,18,weighted_average,kalman(weighted_average),false
1788956677.020,72.229,0.892,-3.975,1.835,12.681,0.891,-3.982,1.836,12.495,-0.000,-0.006,0.001,0.007,18,weighted_average,kalman(weighted_average),false
1788956677.076,72.285,0.895,-3.979,1.851,12.294,0.898,-3.983,1.846,12.013,0.003,-0.004,-0.005,0.007,18,weighted_average,kalman(weighted_average),false
1788956677.135,72.344,0.906,-3.982,1.833,11.851,0.907,-3.984,1.840,11.603,0.000,-0.002,0.007,0.007,18,weighted_average,kalman(weighted_average),false
1788956677.180,72.389,0.907,-3.970,1.844,11.896,0.910,-3.977,1.842,11.530,0.003,-0.007,-0.002,0.008,18,weighted_average,kalman(weighted_average),false
1788956677.272,72.481,0.931,-3.984,1.816,10.566,0.929,-3.981,1.823,10.663,-0.003,0.003,0.007,0.008,18,weighted_average,kalman(weighted_average),false
1788956677.327,72.536,0.936,-3.987,1.805,10.171,0.937,-3.986,1.808,10.174,0.001,0.001,0.003,0.003,18,weighted_average,kalman(weighted_average),false
1788956677.378,72.587,0.934,-4.000,1.851,9.566,0.938,-3.996,1.831,9.637,0.005,0.004,-0.020,0.021,18,weighted_average,kalman(weighted_average),false
1788956677.424,72.633,0.948,-4.015,1.831,8.533,0.946,-4.009,1.833,8.859,-0.002,0.006,0.002,0.007,18,weighted_average,kalman(weighted_average),false
1788956677.484,72.693,0.965,-4.033,1.785,7.705,0.961,-4.029,1.804,7.908,-0.004,0.005,0.019,0.020,18,weighted_average,kalman(weighted_average),false
1788956677.581,72.790,0.971,-4.013,1.791,7.701,0.973,-4.022,1.789,7.347,0.002,-0.009,-0.002,0.010,18,weighted_average,kalman(weighted_average),false
1788956677.646,72.855,0.984,-4.051,1.758,6.347,0.983,-4.043,1.764,6.512,-0.001,0.009,0.006,0.010,18,weighted_average,kalman(weighted_average),false
1788956677.682,72.891,0.985,-4.041,1.789,6.060,0.987,-4.044,1.774,6.102,0.001,-0.003,-0.015,0.016,18,weighted_average,kalman(weighted_average),false
1788956677.730,72.939,0.996,-4.045,1.803,5.045,0.995,-4.047,1.789,5.313,-0.001,-0.002,-0.015,0.015,18,weighted_average,kalman(weighted_average),false
1788956677.792,73.001,1.009,-4.070,1.769,4.021,1.007,-4.064,1.778,4.252,-0.002,0.006,0.009,0.011,18,weighted_average,kalman(weighted_average),false
1788956677.880,73.089,1.020,-4.053,1.752,3.834,1.021,-4.060,1.757,3.535,0.001,-0.007,0.005,0.009,18,weighted_average,kalman(weighted_average),false
1788956677.933,73.142,1.016,-4.043,1.796,3.775,1.020,-4.049,1.779,3.438,0.005,-0.006,-0.017,0.019,18,weighted_average,kalman(weighted_average),false
1788956677.985,73.194,1.024,-4.098,1.794,1.650,1.024,-4.078,1.790,2.276,0.000,0.020,-0.004,0.020,18,weighted_average,kalman(weighted_average),false
1788956678.041,73.250,1.028,-4.101,1.814,1.219,1.028,-4.097,1.808,1.377,0.000,0.004,-0.006,0.007,18,weighted_average,kalman(weighted_average),false
1788956678.100,73.309,1.038,-4.100,1.780,0.864,1.036,-4.104,1.795,0.722,-0.002,-0.004,0.015,0.016,18,weighted_average,kalman(weighted_average),false
1788956678.189,73.398,1.057,-4.037,1.747,1.100,1.054,-4.058,1.758,0.579,-0.003,-0.021,0.012,0.024,18,weighted_average,kalman(weighted_average),false
1788956678.245,73.454,1.053,-4.106,1.782,-1.068,1.057,-4.084,1.769,-0.534,0.004,0.022,-0.014,0.026,18,weighted_average,kalman(weighted_average),false
1788956678.294,73.503,1.053,-4.089,1.818,-1.309,1.056,-4.087,1.798,-1.205,0.004,0.001,-0.020,0.021,18,weighted_average,kalman(weighted_average),false
1788956678.346,73.555,1.062,-4.110,1.802,-2.576,1.061,-4.102,1.805,-2.237,-0.001,0.007,0.003,0.008,18,weighted_average,kalman(weighted_average),false
1788956678.393,73.602,1.067,-4.105,1.801,-3.151,1.066,-4.107,1.806,-3.044,-0.001,-0.002,0.005,0.006,18,weighted_average,kalman(weighted_average),false
1788956678.486,73.695,1.107,-4.080,1.691,-4.752,1.099,-4.090,1.722,-4.665,-0.008,-0.010,0.032,0.034,18,weighted_average,kalman(weighted_average),false
1788956678.536,73.745,1.111,-4.102,1.685,-5.676,1.112,-4.096,1.685,-5.610,0.001,0.006,0.001,0.006,18,weighted_average,kalman(weighted_average),false
1788956678.609,73.818,1.111,-4.098,1.694,-5.941,1.118,-4.097,1.676,-6.298,0.006,0.001,-0.018,0.019,18,weighted_average,kalman(weighted_average),false
1788956678.646,73.855,1.107,-4.139,1.753,-7.386,1.114,-4.121,1.715,-7.104,0.007,0.018,-0.038,0.043,18,weighted_average,kalman(weighted_average),false
1788956678.692,73.901,1.120,-4.071,1.685,-6.290,1.119,-4.097,1.701,-7.056,-0.001,-0.026,0.015,0.030,18,weighted_average,kalman(weighted_average),false
1788956678.787,73.996,1.134,-4.121,1.693,-9.111,1.132,-4.113,1.694,-8.744,-0.002,0.008,0.000,0.008,18,weighted_average,kalman(weighted_average),false
1788956678.849,74.058,1.137,-4.130,1.674,-9.653,1.138,-4.127,1.679,-9.662,0.001,0.003,0.005,0.005,18,weighted_average,kalman(weighted_average),false
1788956678.888,74.097,1.134,-4.129,1.725,-10.010,1.138,-4.131,1.703,-10.127,0.003,-0.002,-0.022,0.022,18,weighted_average,kalman(weighted_average),false
1788956678.948,74.157,1.136,-4.104,1.736,-10.092,1.138,-4.117,1.727,-10.494,0.002,-0.013,-0.009,0.017,18,weighted_average,kalman(weighted_average),false
1788956678.993,74.202,1.144,-4.170,1.712,-12.493,1.143,-4.147,1.723,-11.747,-0.002,0.023,0.011,0.025,18,weighted_average,kalman(weighted_average),false
1788956679.087,74.296,1.141,-4.161,1.744,-13.040,1.143,-4.163,1.742,-13.121,0.002,-0.002,-0.002,0.003,18,weighted_average,kalman(weighted_average),false
1788956679.140,74.349,1.136,-4.201,1.775,-14.473,1.139,-4.192,1.768,-14.242,0.003,0.010,-0.008,0.013,18,weighted_average,kalman(weighted_average),false
1788956679.191,74.400,1.142,-4.115,1.771,-12.690,1.140,-4.150,1.776,-13.790,-0.002,-0.035,0.005,0.036,18,weighted_average,kalman(weighted_average),false
1788956679.253,74.462,1.141,-4.183,1.752,-14.771,1.141,-4.168,1.766,-14.560,-0.001,0.015,0.014,0.020,18,weighted_average,kalman(weighted_average),false
1788956679.351,74.560,1.144,-4.182,1.778,-16.716,1.144,-4.180,1.776,-16.346,-0.001,0.001,-0.002,0.003,18,weighted_average,kalman(weighted_average),false
1788956679.408,74.617,1.142,-4.188,1.783,-17.275,1.143,-4.188,1.782,-17.263,0.001,0.000,-0.001,0.001,18,weighted_average,kalman(weighted_average),false
1788956679.456,74.665,1.149,-4.213,1.771,-18.277,1.147,-4.206,1.777,-18.161,-0.002,0.007,0.006,0.010,18,weighted_average,kalman(weighted_average),false
1788956679.507,74.716,1.153,-4.171,1.732,-18.432,1.152,-4.189,1.750,-18.701,-0.002,-0.018,0.018,0.026,18,weighted_average,kalman(weighted_average),false
1788956679.558,74.767,1.155,-4.159,1.715,-18.502,1.155,-4.171,1.724,-18.952,-0.000,-0.012,0.009,0.015,18,weighted_average,kalman(weighted_average),false
1788956679.646,74.855,1.140,-4.185,1.786,-20.663,1.145,-4.177,1.761,-20.403,0.005,0.008,-0.024,0.026,18,weighted_average,kalman(weighted_average),false
1788956679.699,74.908,1.142,-4.217,1.744,-22.351,1.142,-4.204,1.754,-21.852,-0.000,0.013,0.010,0.017,18,weighted_average,kalman(weighted_average),false
1788956679.757,74.966,1.139,-4.183,1.777,-22.025,1.138,-4.195,1.770,-22.429,-0.000,-0.012,-0.007,0.014,18,weighted_average,kalman(weighted_average),false
1788956679.800,75.009,1.139,-4.204,1.761,-22.941,1.137,-4.201,1.768,-23.018,-0.001,0.003,0.007,0.008,18,weighted_average,kalman(weighted_average),false
1788956679.867,75.076,1.134,-4.205,1.787,-23.455,1.134,-4.205,1.782,-23.696,0.000,-0.001,-0.005,0.005,18,weighted_average,kalman(weighted_average),false
1788956679.972,75.181,1.149,-4.133,1.686,-23.458,1.145,-4.148,1.708,-23.912,-0.004,-0.016,0.022,0.028,18,weighted_average,kalman(weighted_average),false
1788956680.020,75.229,1.148,-4.128,1.703,-23.782,1.149,-4.127,1.695,-23.936,0.000,0.001,-0.008,0.008,18,weighted_average,kalman(weighted_average),false
1788956680.074,75.283,0.982,-3.555,0.956,-9.536,1.149,-4.127,1.695,-15.912,0.166,-0.572,0.738,0.949,18,weighted_average,kalman(weighted_average),true
1788956680.129,75.338,1.412,-4.415,1.817,-28.497,1.361,-4.359,1.794,-21.513,-0.051,0.055,-0.024,0.079,9,weighted_average,kalman(weighted_average),false
1788956680.173,75.382,1.425,-4.395,1.769,-28.909,1.426,-4.409,1.790,-25.384,0.001,-0.014,0.022,0.026,9,weighted_average,kalman(weighted_average),false
1788956680.263,75.472,1.429,-4.398,1.758,-30.013,1.464,-4.436,1.776,-29.354,0.034,-0.037,0.019,0.054,9,weighted_average,kalman(weighted_average),false
1788956680.314,75.523,1.442,-4.394,1.743,-30.280,1.461,-4.418,1.754,-30.741,0.019,-0.024,0.011,0.033,9,weighted_average,kalman(weighted_average),false
1788956680.371,75.580,1.412,-4.426,1.764,-31.305,1.436,-4.426,1.756,-31.929,0.024,-0.000,-0.008,0.025,9,weighted_average,kalman(weighted_average),false
1788956680.417,75.626,1.422,-4.417,1.765,-31.911,1.427,-4.424,1.760,-32.562,0.005,-0.006,-0.005,0.010,9,weighted_average,kalman(weighted_average),false
1788956680.486,75.695,1.433,-4.408,1.772,-32.100,1.428,-4.415,1.768,-32.993,-0.005,-0.007,-0.004,0.009,9,weighted_average,kalman(weighted_average),false
1788956680.579,75.788,1.447,-4.406,1.736,-33.561,1.442,-4.407,1.745,-33.847,-0.005,-0.001,0.008,0.010,9,weighted_average,kalman(weighted_average),false
1788956680.635,75.844,1.439,-4.410,1.760,-34.076,1.442,-4.408,1.751,-34.242,0.003,0.002,-0.008,0.009,9,weighted_average,kalman(weighted_average),false
1788956680.686,75.895,1.431,-4.411,1.769,-34.842,1.436,-4.409,1.762,-34.798,0.005,0.002,-0.007,0.009,9,weighted_average,kalman(weighted_average),false
1788956680.731,75.940,1.429,-4.410,1.778,-35.502,1.432,-4.410,1.773,-35.383,0.002,0.001,-0.005,0.006,9,weighted_average,kalman(weighted_average),false
1788956680.788,75.997,1.436,-4.405,1.725,-35.679,1.433,-4.407,1.746,-35.830,-0.003,-0.002,0.021,0.022,9,weighted_average,kalman(weighted_average),false
1788956680.878,76.087,1.437,-4.396,1.758,-36.435,1.436,-4.398,1.751,-36.532,-0.001,-0.002,-0.006,0.007,9,weighted_average,kalman(weighted_average),false
1788956680.936,76.145,1.476,-4.364,1.776,-36.006,1.464,-4.373,1.768,-36.416,-0.013,-0.009,-0.008,0.017,9,weighted_average,kalman(weighted_average),false
1788956680.981,76.190,1.466,-4.370,1.724,-36.567,1.470,-4.367,1.744,-36.586,0.004,0.003,0.020,0.020,9,weighted_average,kalman(weighted_average),false
1788956681.035,76.244,1.446,-4.373,1.745,-36.924,1.460,-4.366,1.742,-36.868,0.014,0.007,-0.003,0.015,9,weighted_average,kalman(weighted_average),false
1788956681.091,76.300,1.456,-4.361,1.740,-37.054,1.458,-4.360,1.739,-37.085,0.002,0.000,-0.001,0.002,9,weighted_average,kalman(weighted_average),false
1788956681.182,76.391,1.448,-4.352,1.748,-37.331,1.450,-4.352,1.744,-37.380,0.002,0.000,-0.004,0.005,9,weighted_average,kalman(weighted_average),false
1788956681.231,76.440,1.420,-4.367,1.737,-37.842,1.430,-4.360,1.740,-37.719,0.010,0.007,0.003,0.012,9,weighted_average,kalman(weighted_average),false
1788956681.288,76.497,1.443,-4.342,1.756,-37.438,1.434,-4.349,1.750,-37.679,-0.009,-0.007,-0.006,0.013,9,weighted_average,kalman(weighted_average),false
1788956681.343,76.552,1.439,-4.348,1.756,-37.580,1.435,-4.346,1.755,-37.688,-0.003,0.001,-0.001,0.004,9,weighted_average,kalman(weighted_average),false
1788956681.385,76.594,1.421,-4.340,1.783,-37.729,1.427,-4.342,1.773,-37.743,0.006,-0.001,-0.010,0.012,9,weighted_average,kalman(weighted_average),false
1788956681.479,76.688,1.395,-4.346,1.768,-38.089,1.401,-4.343,1.774,-38.019,0.006,0.003,0.006,0.009,9,weighted_average,kalman(weighted_average),false
1788956681.537,76.746,1.406,-4.335,1.760,-37.895,1.400,-4.337,1.765,-38.002,-0.006,-0.002,0.005,0.009,9,weighted_average,kalman(weighted_average),false
1788956681.581,76.790,1.396,-4.324,1.761,-37.887,1.395,-4.329,1.762,-37.968,-0.001,-0.004,0.001,0.004,9,weighted_average,kalman(weighted_average),false
1788956681.638,76.847,1.406,-4.313,1.777,-37.716,1.399,-4.316,1.770,-37.849,-0.007,-0.004,-0.007,0.010,9,weighted_average,kalman(weighted_average),false
1788956681.686,76.895,1.392,-4.320,1.779,-37.924,1.395,-4.315,1.776,-37.878,0.003,0.004,-0.003,0.006,9,weighted_average,kalman(weighted_average),false
1788956681.788,76.997,1.363,-4.321,1.799,-38.223,1.369,-4.318,1.795,-38.112,0.006,0.004,-0.003,0.007,9,weighted_average,kalman(weighted_average),false
1788956681.835,77.044,1.398,-4.288,1.776,-37.579,1.384,-4.299,1.786,-37.838,-0.014,-0.011,0.010,0.020,9,weighted_average,kalman(weighted_average),false
1788956681.889,77.098,1.397,-4.285,1.789,-37.604,1.392,-4.287,1.788,-37.687,-0.005,-0.002,-0.001,0.005,9,weighted_average,kalman(weighted_average),false
1788956681.942,77.151,1.385,-4.282,1.786,-37.704,1.389,-4.280,1.787,-37.657,0.004,0.002,0.001,0.005,9,weighted_average,kalman(weighted_average),false
1788956681.990,77.199,1.353,-4.283,1.800,-38.007,1.368,-4.279,1.795,-37.810,0.015,0.004,-0.005,0.017,9,weighted_average,kalman(weighted_average),false
1788956682.084,77.293,1.370,-4.269,1.795,-37.720,1.365,-4.269,1.796,-37.758,-0.005,-0.000,0.002,0.005,9,weighted_average,kalman(weighted_average),false
1788956682.150,77.359,1.374,-4.245,1.795,-37.445,1.371,-4.250,1.796,-37.555,-0.004,-0.005,0.001,0.006,9,weighted_average,kalman(weighted_average),false
1788956682.184,77.393,1.357,-4.266,1.785,-37.860,1.363,-4.256,1.790,-37.683,0.006,0.010,0.005,0.013,9,weighted_average,kalman(weighted_average),false
1788956682.244,77.453,1.331,-4.251,1.817,-38.013,1.342,-4.251,1.806,-37.855,0.011,0.000,-0.011,0.016,9,weighted_average,kalman(weighted_average),false
1788956682.286,77.495,1.362,-4.231,1.817,-37.559,1.350,-4.238,1.815,-37.730,-0.012,-0.007,-0.003,0.014,9,weighted_average,kalman(weighted_average),false
1788956682.379,77.588,1.344,-4.218,1.824,-37.592,1.344,-4.219,1.825,-37.635,-0.000,-0.001,0.001,0.002,9,weighted_average,kalman(weighted_average),false
1788956682.459,77.668,1.349,-4.217,1.821,-37.570,1.347,-4.214,1.824,-37.573,-0.002,0.003,0.003,0.005,9,weighted_average,kalman(weighted_average),false
1788956682.523,77.732,1.312,-4.230,1.834,-38.049,1.323,-4.223,1.831,-37.851,0.010,0.007,-0.002,0.013,9,weighted_average,kalman(weighted_average),false
1788956682.574,77.783,1.348,-4.192,1.808,-37.335,1.335,-4.204,1.818,-37.595,-0.013,-0.012,0.010,0.020,9,weighted_average,kalman(weighted_average),false
1788956682.669,77.878,1.306,-4.198,1.826,-37.776,1.313,-4.196,1.823,-37.693,0.006,0.002,-0.003,0.008,9,weighted_average,kalman(weighted_average),false
1788956682.719,77.928,1.306,-4.201,1.797,-37.788,1.305,-4.198,1.806,-37.756,-0.001,0.003,0.010,0.010,9,weighted_average,kalman(weighted_average),false
1788956682.772,77.981,1.294,-4.191,1.826,-37.797,1.295,-4.193,1.816,-37.796,0.000,-0.002,-0.010,0.010,9,weighted_average,kalman(weighted_average),false
1788956682.832,78.041,1.296,-4.194,1.819,-37.819,1.292,-4.193,1.819,-37.827,-0.004,0.002,-0.001,0.005,9,weighted_average,kalman(weighted_average),false
1788956682.876,78.085,1.287,-4.184,1.855,-37.828,1.287,-4.187,1.840,-37.841,-0.000,-0.003,-0.014,0.015,9,weighted_average,kalman(weighted_average),false
1788956682.971,78.180,1.297,-4.178,1.858,-37.697,1.292,-4.179,1.858,-37.763,-0.005,-0.001,0.001,0.005,9,weighted_average,kalman(weighted_average),false
1788956683.021,78.230,1.269,-4.190,1.860,-38.095,1.277,-4.184,1.863,-37.947,0.008,0.005,0.003,0.010,9,weighted_average,kalman(weighted_average),false
1788956683.069,78.278,1.277,-4.180,1.833,-37.902,1.275,-4.182,1.848,-37.947,-0.002,-0.002,0.014,0.015,9,weighted_average,kalman(weighted_average),false
1788956683.126,78.335,1.287,-4.175,1.839,-37.789,1.281,-4.177,1.841,-37.878,-0.006,-0.002,0.002,0.007,9,weighted_average,kalman(weighted_average),false
1788956683.173,78.382,1.306,-4.163,1.843,-37.521,1.296,-4.168,1.841,-37.692,-0.010,-0.005,-0.002,0.011,9,weighted_average,kalman(weighted_average),false
1788956683.273,78.482,1.294,-4.155,1.845,-37.553,1.298,-4.155,1.843,-37.555,0.003,-0.000,-0.002,0.004,9,weighted_average,kalman(weighted_average),false
1788956683.329,78.538,1.267,-4.163,1.879,-37.907,1.278,-4.158,1.868,-37.736,0.011,0.005,-0.012,0.016,9,weighted_average,kalman(weighted_average),false
1788956683.379,78.588,1.260,-4.164,1.894,-37.990,1.264,-4.161,1.889,-37.888,0.003,0.003,-0.006,0.007,9,weighted_average,kalman(weighted_average),false
1788956683.421,78.630,1.274,-4.155,1.886,-37.808,1.266,-4.158,1.893,-37.876,-0.008,-0.002,0.007,0.011,9,weighted_average,kalman(weighted_average),false
1788956683.485,78.694,1.257,-4.156,1.913,-37.966,1.258,-4.156,1.911,-37.951,0.000,-0.000,-0.002,0.002,9,weighted_average,kalman(weighted_average),false
1788956683.606,78.815,1.277,-4.151,1.896,-37.757,1.272,-4.151,1.903,-37.835,-0.005,-0.000,0.007,0.009,9,weighted_average,kalman(weighted_average),false
1788956683.659,78.868,1.263,-4.164,1.908,-38.041,1.268,-4.159,1.906,-37.949,0.005,0.004,-0.003,0.007,9,weighted_average,kalman(weighted_average),false
1788956683.717,78.926,1.263,-4.164,1.908,-38.041,1.265,-4.163,1.907,-38.013,0.002,0.001,-0.001,0.003,9,weighted_average,kalman(weighted_average),false
1788956683.780,78.989,1.263,-4.164,1.908,-38.041,1.264,-4.165,1.908,-38.048,0.001,-0.001,-0.000,0.001,9,weighted_average,kalman(weighted_average),false
1788956683.894,79.103,1.249,-4.175,1.879,-38.260,1.251,-4.174,1.885,-38.224,0.002,0.001,0.005,0.006,9,weighted_average,kalman(weighted_average),false
1788956683.940,79.149,1.264,-4.160,1.907,-38.000,1.258,-4.166,1.896,-38.117,-0.006,-0.006,-0.011,0.014,9,weighted_average,kalman(weighted_average),false
1788956684.019,79.228,1.264,-4.160,1.907,-38.000,1.263,-4.161,1.904,-38.045,-0.002,-0.001,-0.003,0.004,9,weighted_average,kalman(weighted_average),false
1788956684.080,79.289,1.261,-4.160,1.917,-38.036,1.263,-4.159,1.914,-38.029,0.001,0.001,-0.003,0.003,9,weighted_average,kalman(weighted_average),false
1788956684.203,79.412,1.275,-4.158,1.932,-37.944,1.274,-4.158,1.932,-37.953,-0.002,0.001,-0.001,0.002,9,weighted_average,kalman(weighted_average),false
1788956684.261,79.470,1.269,-4.158,1.934,-37.983,1.272,-4.158,1.936,-37.960,0.003,0.000,0.002,0.003,9,weighted_average,kalman(weighted_average),false
1788956684.311,79.520,1.269,-4.158,1.934,-37.983,1.270,-4.158,1.937,-37.967,0.002,0.000,0.003,0.003,9,weighted_average,kalman(weighted_average),false
1788956684.358,79.567,1.272,-4.151,1.957,-37.902,1.271,-4.153,1.950,-37.930,-0.000,-0.003,-0.007,0.007,9,weighted_average,kalman(weighted_average),false
1788956684.418,79.627,1.272,-4.151,1.957,-37.902,1.272,-4.151,1.958,-37.905,0.000,-0.000,0.001,0.001,9,weighted_average,kalman(weighted_average),false
1788956684.525,79.734,1.270,-4.157,1.974,-38.013,1.271,-4.155,1.974,-37.970,0.000,0.002,-0.000,0.002,9,weighted_average,kalman(weighted_average),false
1788956684.575,79.784,1.302,-4.143,1.939,-37.580,1.292,-4.147,1.953,-37.746,-0.011,-0.004,0.014,0.018,9,weighted_average,kalman(weighted_average),false
1788956684.631,79.840,1.299,-4.155,1.961,-37.800,1.300,-4.152,1.956,-37.744,0.001,0.004,-0.005,0.006,9,weighted_average,kalman(weighted_average),false
1788956684.692,79.901,1.299,-4.155,1.961,-37.800,1.302,-4.154,1.959,-37.755,0.004,0.001,-0.002,0.004,9,weighted_average,kalman(weighted_average),false
1788956684.854,80.063,1.297,-4.158,1.939,-37.830,1.299,-4.158,1.940,-37.808,0.002,-0.000,0.002,0.003,9,weighted_average,kalman(weighted_average),false
1788956684.927,80.136,1.297,-4.158,1.939,-37.830,1.296,-4.158,1.937,-37.832,-0.000,-0.000,-0.002,0.002,9,weighted_average,kalman(weighted_average),false
1788956684.980,80.189,1.297,-4.158,1.939,-37.830,1.296,-4.158,1.936,-37.839,-0.001,-0.000,-0.002,0.002,9,weighted_average,kalman(weighted_average),false
1788956685.029,80.238,1.287,-4.164,1.945,-37.995,1.290,-4.162,1.941,-37.931,0.003,0.002,-0.004,0.006,9,weighted_average,kalman(weighted_average),false
1788956685.129,80.338,1.287,-4.164,1.945,-37.995,1.286,-4.164,1.945,-38.001,-0.001,-0.000,-0.001,0.001,9,weighted_average,kalman(weighted_average),false
1788956685.194,80.403,1.297,-4.153,1.949,-37.801,1.293,-4.157,1.949,-37.891,-0.004,-0.004,-0.001,0.005,9,weighted_average,kalman(weighted_average),false
1788956685.233,80.442,1.297,-4.153,1.949,-37.801,1.296,-4.154,1.950,-37.837,-0.001,-0.001,0.001,0.001,9,weighted_average,kalman(weighted_average),false
1788956685.287,80.496,1.297,-4.153,1.949,-37.801,1.297,-4.152,1.950,-37.802,0.001,0.001,0.001,0.002,9,weighted_average,kalman(weighted_average),false
1788956685.340,80.549,1.302,-4.158,1.940,-37.811,1.301,-4.155,1.944,-37.791,-0.001,0.003,0.005,0.006,9,weighted_average,kalman(weighted_average),false
1788956685.444,80.653,1.283,-4.169,1.957,-38.114,1.288,-4.166,1.953,-38.000,0.005,0.003,-0.003,0.007,9,weighted_average,kalman(weighted_average),false
1788956685.506,80.715,1.283,-4.169,1.957,-38.114,1.283,-4.170,1.957,-38.102,-0.000,-0.001,0.000,0.001,9,weighted_average,kalman(weighted_average),false
1788956685.551,80.760,1.302,-4.163,1.966,-37.897,1.293,-4.167,1.964,-38.020,-0.009,-0.004,-0.002,0.010,9,weighted_average,kalman(weighted_average),false
1788956685.607,80.816,1.302,-4.163,1.966,-37.897,1.299,-4.165,1.967,-37.963,-0.003,-0.002,0.001,0.004,9,weighted_average,kalman(weighted_average),false
1788956685.663,80.872,1.284,-4.176,1.958,-38.202,1.291,-4.172,1.963,-38.090,0.007,0.005,0.005,0.010,9,weighted_average,kalman(weighted_average),false
1788956685.806,81.015,1.319,-4.159,1.931,-37.725,1.315,-4.162,1.935,-37.820,-0.004,-0.002,0.004,0.006,9,weighted_average,kalman(weighted_average),false
1788956685.867,81.076,1.320,-4.162,1.916,-37.754,1.322,-4.160,1.918,-37.738,0.002,0.002,0.001,0.003,9,weighted_average,kalman(weighted_average),false
1788956685.925,81.134,1.287,-4.166,1.978,-38.122,1.301,-4.163,1.953,-37.933,0.014,0.003,-0.024,0.028,9,weighted_average,kalman(weighted_average),false
1788956685.984,81.193,1.303,-4.151,1.987,-37.819,1.300,-4.155,1.979,-37.876,-0.003,-0.004,-0.008,0.009,9,weighted_average,kalman(weighted_average),false
1788956686.090,81.299,1.301,-4.163,1.957,-37.950,1.300,-4.160,1.968,-37.925,-0.001,0.003,0.011,0.011,9,weighted_average,kalman(weighted_average),false
1788956686.144,81.353,1.305,-4.155,1.948,-37.842,1.303,-4.157,1.954,-37.881,-0.002,-0.002,0.005,0.006,9,weighted_average,kalman(weighted_average),false
1788956686.212,81.421,1.305,-4.155,1.948,-37.842,1.304,-4.155,1.947,-37.854,-0.000,-0.000,-0.002,0.002,9,weighted_average,kalman(weighted_average),false
1788956686.255,81.464,1.330,-4.152,1.928,-37.602,1.320,-4.153,1.933,-37.715,-0.010,-0.001,0.006,0.011,9,weighted_average,kalman(weighted_average),false
1788956686.314,81.523,1.298,-4.169,1.955,-38.095,1.310,-4.162,1.943,-37.894,0.011,0.007,-0.012,0.018,9,weighted_average,kalman(weighted_average),false
1788956686.429,81.638,1.309,-4.160,1.943,-37.897,1.308,-4.162,1.943,-37.914,-0.000,-0.002,-0.000,0.002,9,weighted_average,kalman(weighted_average),false
1788956686.486,81.695,1.307,-4.157,1.941,-37.868,1.308,-4.158,1.942,-37.891,0.000,-0.002,0.000,0.002,9,weighted_average,kalman(weighted_average),false
1788956686.541,81.750,1.307,-4.157,1.941,-37.868,1.307,-4.157,1.941,-37.878,-0.000,0.000,-0.000,0.000,9,weighted_average,kalman(weighted_average),false
1788956686.595,81.805,1.307,-4.154,1.972,-37.856,1.307,-4.154,1.961,-37.863,-0.000,-0.001,-0.011,0.011,9,weighted_average,kalman(weighted_average),false
1788956686.637,81.846,1.317,-4.159,1.929,-37.816,1.313,-4.156,1.946,-37.836,-0.004,0.003,0.016,0.017,9,weighted_average,kalman(weighted_average),false
1788956686.761,81.970,1.293,-4.172,1.943,-38.207,1.297,-4.169,1.943,-38.102,0.004,0.003,-0.000,0.005,9,weighted_average,kalman(weighted_average),false
1788956686.821,82.030,1.327,-4.151,1.949,-37.669,1.316,-4.158,1.947,-37.864,-0.011,-0.007,-0.002,0.013,9,weighted_average,kalman(weighted_average),false
1788956686.876,82.085,1.313,-4.155,1.943,-37.841,1.316,-4.155,1.945,-37.836,0.003,-0.000,0.002,0.004,9,weighted_average,kalman(weighted_average),false
1788956686.937,82.146,1.313,-4.155,1.943,-37.841,1.315,-4.154,1.943,-37.825,0.002,0.001,0.000,0.002,9,weighted_average,kalman(weighted_average),false
1788956687.047,82.256,1.322,-4.148,1.925,-37.707,1.321,-4.149,1.928,-37.726,-0.001,-0.000,0.003,0.003,9,weighted_average,kalman(weighted_average),false
1788956687.108,82.317,1.322,-4.148,1.925,-37.707,1.323,-4.148,1.924,-37.697,0.001,0.001,-0.001,0.002,9,weighted_average,kalman(weighted_average),false
1788956687.157,82.366,1.314,-4.160,1.935,-37.918,1.318,-4.155,1.929,-37.807,0.004,0.005,-0.006,0.009,9,weighted_average,kalman(weighted_average),false
1788956687.213,82.422,1.298,-4.159,1.950,-38.047,1.305,-4.158,1.942,-37.949,0.007,0.001,-0.008,0.010,9,weighted_average,kalman(weighted_average),false
1788956687.315,82.524,1.316,-4.149,1.952,-37.802,1.311,-4.152,1.952,-37.883,-0.005,-0.003,0.000,0.006,9,weighted_average,kalman(weighted_average),false
1788956687.371,82.580,1.306,-4.166,1.943,-38.086,1.308,-4.161,1.948,-38.005,0.002,0.005,0.004,0.007,9,weighted_average,kalman(weighted_average),false
1788956687.427,82.636,1.306,-4.166,1.943,-38.086,1.307,-4.165,1.945,-38.070,0.001,0.001,0.002,0.002,9,weighted_average,kalman(weighted_average),false
1788956687.484,82.693,1.295,-4.164,1.955,-38.165,1.299,-4.166,1.951,-38.146,0.004,-0.002,-0.004,0.006,9,weighted_average,kalman(weighted_average),false
1788956687.616,82.825,1.304,-4.157,1.950,-38.019,1.302,-4.159,1.951,-38.079,-0.002,-0.002,0.001,0.003,9,weighted_average,kalman(weighted_average),false
1788956687.663,82.872,1.299,-4.154,1.941,-38.012,1.301,-4.155,1.944,-38.031,0.001,-0.000,0.003,0.004,9,weighted_average,kalman(weighted_average),false
1788956687.718,82.927,1.311,-4.151,1.938,-37.877,1.308,-4.151,1.939,-37.929,-0.004,-0.000,0.001,0.004,9,weighted_average,kalman(weighted_average),false
1788956687.765,82.974,1.316,-4.146,1.924,-37.769,1.314,-4.146,1.929,-37.819,-0.002,-0.001,0.004,0.005,9,weighted_average,kalman(weighted_average),false
1788956687.815,83.024,1.321,-4.145,1.919,-37.723,1.320,-4.144,1.920,-37.733,-0.001,0.001,0.001,0.002,9,weighted_average,kalman(weighted_average),false
1788956687.916,83.125,1.314,-4.165,1.902,-38.032,1.317,-4.159,1.902,-37.886,0.004,0.006,0.001,0.007,9,weighted_average,kalman(weighted_average),false
1788956687.964,83.173,1.299,-4.167,1.875,-38.150,1.305,-4.166,1.881,-38.051,0.006,0.001,0.007,0.009,9,weighted_average,kalman(weighted_average),false
1788956688.013,83.222,1.296,-4.171,1.899,-38.218,1.297,-4.171,1.887,-38.176,0.001,-0.001,-0.012,0.012,9,weighted_average,kalman(weighted_average),false
1788956688.068,83.278,1.302,-4.154,1.865,-37.937,1.297,-4.163,1.871,-38.095,-0.005,-0.009,0.006,0.012,9,weighted_average,kalman(weighted_average),false
1788956688.119,83.328,1.314,-4.148,1.868,-37.767,1.306,-4.154,1.865,-37.936,-0.008,-0.006,-0.003,0.010,9,weighted_average,kalman(weighted_average),false
1788956688.227,83.436,1.307,-4.137,1.895,-37.714,1.308,-4.138,1.886,-37.757,0.001,-0.002,-0.009,0.010,9,weighted_average,kalman(weighted_average),false
1788956688.276,83.485,1.288,-4.152,1.899,-38.056,1.295,-4.145,1.897,-37.904,0.007,0.007,-0.002,0.010,9,weighted_average,kalman(weighted_average),false
1788956688.331,83.540,1.306,-4.142,1.893,-37.764,1.300,-4.143,1.898,-37.828,-0.006,-0.001,0.005,0.008,9,weighted_average,kalman(weighted_average),false
1788956688.393,83.602,1.316,-4.136,1.892,-37.619,1.310,-4.138,1.896,-37.695,-0.006,-0.001,0.005,0.007,9,weighted_average,kalman(weighted_average),false
1788956688.434,83.643,1.308,-4.142,1.880,-37.743,1.310,-4.139,1.887,-37.695,0.003,0.003,0.007,0.008,9,weighted_average,kalman(weighted_average),false
1788956688.533,83.742,1.272,-4.166,1.905,-38.343,1.282,-4.159,1.900,-38.104,0.010,0.007,-0.005,0.013,9,weighted_average,kalman(weighted_average),false
1788956688.584,83.793,1.282,-4.163,1.892,-38.195,1.278,-4.165,1.896,-38.213,-0.004,-0.002,0.005,0.006,9,weighted_average,kalman(weighted_average),false
1788956688.637,83.846,1.312,-4.157,1.870,-37.845,1.296,-4.162,1.880,-38.065,-0.016,-0.006,0.010,0.020,9,weighted_average,kalman(weighted_average),false
1788956688.689,83.898,1.295,-4.162,1.885,-38.049,1.297,-4.163,1.881,-38.068,0.002,-0.001,-0.005,0.005,9,weighted_average,kalman(weighted_average),false
1788956688.740,83.949,1.282,-4.167,1.871,-38.204,1.289,-4.166,1.874,-38.148,0.007,0.001,0.002,0.007,9,weighted_average,kalman(weighted_average),false
1788956688.834,84.043,1.304,-4.151,1.872,-37.821,1.299,-4.156,1.870,-37.956,-0.005,-0.005,-0.002,0.007,9,weighted_average,kalman(weighted_average),false
1788956688.890,84.099,1.283,-4.163,1.870,-38.131,1.290,-4.159,1.869,-38.036,0.007,0.004,-0.001,0.008,9,weighted_average,kalman(weighted_average),false
1788956688.947,84.156,1.291,-4.162,1.874,-38.052,1.290,-4.161,1.872,-38.043,-0.001,0.001,-0.002,0.003,9,weighted_average,kalman(weighted_average),false
1788956688.991,84.200,1.318,-4.147,1.879,-37.671,1.306,-4.153,1.876,-37.851,-0.012,-0.006,-0.003,0.014,9,weighted_average,kalman(weighted_average),false
1788956689.038,84.247,1.322,-4.147,1.865,-37.614,1.318,-4.148,1.871,-37.700,-0.004,-0.001,0.005,0.007,9,weighted_average,kalman(weighted_average),false
1788956689.137,84.346,1.274,-4.183,1.908,-38.420,1.288,-4.173,1.899,-38.118,0.014,0.010,-0.009,0.020,9,weighted_average,kalman(weighted_average),false
1788956689.189,84.398,1.300,-4.166,1.902,-37.972,1.292,-4.172,1.905,-38.083,-0.008,-0.006,0.003,0.010,9,weighted_average,kalman(weighted_average),false
1788956689.243,84.452,1.286,-4.175,1.880,-38.194,1.286,-4.176,1.893,-38.174,0.000,-0.001,0.013,0.013,9,weighted_average,kalman(weighted_average),false
1788956689.292,84.501,1.299,-4.164,1.883,-37.952,1.292,-4.170,1.887,-38.089,-0.007,-0.007,0.004,0.010,9,weighted_average,kalman(weighted_average),false
1788956689.338,84.547,1.296,-4.162,1.873,-37.930,1.294,-4.166,1.877,-38.017,-0.002,-0.003,0.005,0.006,9,weighted_average,kalman(weighted_average),false
1788956689.435,84.644,1.300,-4.149,1.893,-37.725,1.299,-4.152,1.886,-37.814,-0.001,-0.003,-0.007,0.007,9,weighted_average,kalman(weighted_average),false
1788956689.490,84.699,1.309,-4.157,1.871,-37.744,1.306,-4.154,1.877,-37.739,-0.003,0.004,0.006,0.008,9,weighted_average,kalman(weighted_average),false
1788956689.544,84.753,1.283,-4.162,1.878,-38.002,1.294,-4.158,1.877,-37.853,0.010,0.004,-0.001,0.011,9,weighted_average,kalman(weighted_average),false
1788956689.593,84.802,1.285,-4.165,1.877,-38.008,1.287,-4.163,1.876,-37.933,0.002,0.003,-0.000,0.003,9,weighted_average,kalman(weighted_average),false
1788956689.644,84.854,1.287,-4.167,1.871,-38.028,1.285,-4.166,1.873,-37.995,-0.002,0.001,0.001,0.002,9,weighted_average,kalman(weighted_average),false
1788956689.742,84.951,1.273,-4.161,1.895,-38.057,1.274,-4.164,1.889,-38.060,0.001,-0.002,-0.006,0.007,9,weighted_average,kalman(weighted_average),false
1788956689.791,85.000,1.278,-4.160,1.883,-38.003,1.275,-4.161,1.887,-38.042,-0.003,-0.001,0.004,0.005,9,weighted_average,kalman(weighted_average),false
1788956689.852,85.061,1.277,-4.160,1.864,-38.007,1.275,-4.160,1.873,-38.030,-0.002,0.001,0.009,0.009,9,weighted_average,kalman(weighted_average),false
1788956689.895,85.104,1.287,-4.157,1.870,-37.902,1.282,-4.158,1.870,-37.966,-0.005,-0.001,-0.000,0.005,9,weighted_average,kalman(weighted_average),false
1788956689.946,85.155,1.262,-4.172,1.908,-38.334,1.271,-4.166,1.891,-38.147,0.009,0.007,-0.017,0.021,9,weighted_average,kalman(weighted_average),false
1788956690.041,85.250,1.273,-4.162,1.877,-38.103,1.271,-4.164,1.884,-38.151,-0.002,-0.002,0.006,0.007,9,weighted_average,kalman(weighted_average),false
1788956690.091,85.300,1.275,-4.153,1.896,-37.964,1.274,-4.157,1.891,-38.051,-0.002,-0.004,-0.005,0.006,9,weighted_average,kalman(weighted_average),false
1788956690.153,85.362,1.265,-4.160,1.899,-38.151,1.268,-4.158,1.897,-38.098,0.003,0.003,-0.002,0.005,9,weighted_average,kalman(weighted_average),false
1788956690.199,85.408,1.272,-4.164,1.886,-38.149,1.270,-4.161,1.892,-38.126,-0.002,0.003,0.006,0.007,9,weighted_average,kalman(weighted_average),false
1788956690.263,85.472,1.273,-4.161,1.879,-38.094,1.271,-4.162,1.883,-38.115,-0.001,-0.000,0.005,0.005,9,weighted_average,kalman(weighted_average),false
1788956690.368,85.577,1.284,-4.143,1.822,-37.702,1.282,-4.147,1.832,-37.823,-0.002,-0.004,0.011,0.011,9,weighted_average,kalman(weighted_average),false
1788956690.418,85.627,1.282,-4.144,1.869,-37.767,1.284,-4.143,1.849,-37.749,0.001,0.001,-0.020,0.020,9,weighted_average,kalman(weighted_average),false
1788956690.480,85.689,1.273,-4.146,1.888,-37.907,1.278,-4.143,1.874,-37.797,0.005,0.003,-0.015,0.016,9,weighted_average,kalman(weighted_average),false
1788956690.541,85.750,1.267,-4.158,1.869,-38.089,1.270,-4.152,1.874,-37.950,0.003,0.006,0.005,0.008,9,weighted_average,kalman(weighted_average),false
1788956690.647,85.856,1.281,-4.148,1.879,-37.891,1.277,-4.150,1.880,-37.927,-0.004,-0.002,0.001,0.004,9,weighted_average,kalman(weighted_average),false
1788956690.713,85.922,1.281,-4.148,1.879,-37.891,1.281,-4.148,1.881,-37.904,-0.000,-0.000,0.001,0.001,9,weighted_average,kalman(weighted_average),false
1788956690.767,85.976,1.280,-4.150,1.859,-37.912,1.282,-4.149,1.867,-37.906,0.001,0.001,0.008,0.008,9,weighted_average,kalman(weighted_average),false
1788956690.832,86.041,1.275,-4.154,1.851,-38.000,1.278,-4.152,1.854,-37.960,0.003,0.002,0.003,0.004,9,weighted_average,kalman(weighted_average),false
1788956690.941,86.150,1.284,-4.146,1.831,-37.855,1.282,-4.148,1.832,-37.893,-0.001,-0.002,0.001,0.002,9,weighted_average,kalman(weighted_average),false
1788956691.004,86.213,1.305,-4.137,1.812,-37.552,1.299,-4.139,1.814,-37.667,-0.006,-0.003,0.002,0.007,9,weighted_average,kalman(weighted_average),false
1788956691.048,86.257,1.285,-4.145,1.810,-37.859,1.293,-4.141,1.807,-37.736,0.008,0.004,-0.003,0.009,9,weighted_average,kalman(weighted_average),false
1788956691.099,86.308,1.276,-4.154,1.813,-38.022,1.284,-4.148,1.807,-37.871,0.007,0.006,-0.006,0.011,9,weighted_average,kalman(weighted_average),false
1788956691.209,86.418,1.275,-4.165,1.794,-38.173,1.275,-4.163,1.794,-38.102,0.001,0.002,-0.000,0.002,9,weighted_average,kalman(weighted_average),false
1788956691.262,86.471,1.289,-4.156,1.807,-37.962,1.283,-4.161,1.801,-38.053,-0.006,-0.004,-0.006,0.009,9,weighted_average,kalman(weighted_average),false
1788956691.317,86.526,1.289,-4.147,1.799,-37.840,1.288,-4.153,1.799,-37.949,-0.001,-0.006,0.001,0.006,9,weighted_average,kalman(weighted_average),false
1788956691.363,86.572,1.274,-4.157,1.772,-38.048,1.280,-4.154,1.783,-37.995,0.007,0.002,0.011,0.013,9,weighted_average,kalman(weighted_average),false
1788956691.469,86.678,1.284,-4.151,1.807,-37.919,1.282,-4.151,1.799,-37.946,-0.001,-0.000,-0.008,0.008,9,weighted_average,kalman(weighted_average),false
1788956691.522,86.731,1.304,-4.142,1.784,-37.619,1.297,-4.145,1.791,-37.742,-0.007,-0.003,0.007,0.010,9,weighted_average,kalman(weighted_average),false
1788956691.573,86.782,1.295,-4.146,1.786,-37.712,1.299,-4.144,1.788,-37.689,0.003,0.002,0.002,0.004,9,weighted_average,kalman(weighted_average),false
1788956691.626,86.835,1.283,-4.171,1.775,-38.053,1.291,-4.160,1.779,-37.851,0.008,0.011,0.004,0.014,9,weighted_average,kalman(weighted_average),false
1788956691.676,86.885,1.262,-4.186,1.793,-38.425,1.273,-4.178,1.786,-38.157,0.011,0.008,-0.007,0.016,9,weighted_average,kalman(weighted_average),false
1788956691.783,86.992,1.299,-4.177,1.786,-37.945,1.290,-4.182,1.786,-38.081,-0.009,-0.005,0.000,0.010,9,weighted_average,kalman(weighted_average),false
1788956691.835,87.044,1.295,-4.176,1.763,-37.925,1.296,-4.179,1.771,-37.989,0.001,-0.003,0.007,0.008,9,weighted_average,kalman(weighted_average),false
1788956691.889,87.098,1.291,-4.192,1.730,-38.104,1.295,-4.187,1.742,-38.039,0.004,0.004,0.012,0.013,9,weighted_average,kalman(weighted_average),false
1788956691.942,87.151,1.277,-4.195,1.768,-38.278,1.284,-4.194,1.752,-38.169,0.008,0.001,-0.016,0.018,9,weighted_average,kalman(weighted_average),false
1788956692.050,87.259,1.280,-4.223,1.799,-40.086,1.280,-4.219,1.788,-39.562,-0.000,0.004,-0.011,0.012,9,weighted_average,kalman(weighted_average),false
1788956692.100,87.309,1.263,-4.222,1.756,-40.984,1.268,-4.225,1.772,-40.611,0.005,-0.003,0.015,0.016,9,weighted_average,kalman(weighted_average),false
1788956692.152,87.361,1.276,-4.210,1.777,-41.533,1.271,-4.219,1.776,-41.442,-0.005,-0.009,-0.002,0.011,9,weighted_average,kalman(weighted_average),false
1788956692.202,87.411,1.255,-4.241,1.767,-42.900,1.260,-4.233,1.771,-42.565,0.005,0.008,0.004,0.010,9,weighted_average,kalman(weighted_average),false
1788956692.255,87.464,1.264,-4.226,1.763,-43.454,1.260,-4.232,1.766,-43.466,-0.004,-0.006,0.003,0.008,9,weighted_average,kalman(weighted_average),false
1788956692.370,87.579,1.258,-4.223,1.767,-45.588,1.257,-4.226,1.766,-45.549,-0.001,-0.003,-0.001,0.003,9,weighted_average,kalman(weighted_average),false
1788956692.421,87.630,1.262,-4.223,1.740,-45.900,1.260,-4.223,1.748,-46.125,-0.002,-0.000,0.008,0.008,9,weighted_average,kalman(weighted_average),false
1788956692.470,87.679,1.264,-4.212,1.750,-46.520,1.263,-4.215,1.747,-46.684,-0.001,-0.003,-0.004,0.005,9,weighted_average,kalman(weighted_average),false
1788956692.530,87.739,1.255,-4.214,1.746,-47.011,1.259,-4.212,1.744,-47.235,0.003,0.002,-0.002,0.004,9,weighted_average,kalman(weighted_average),false
1788956692.639,87.848,1.234,-4.222,1.761,-48.935,1.238,-4.219,1.757,-48.825,0.004,0.003,-0.005,0.007,9,weighted_average,kalman(weighted_average),false
1788956692.694,87.903,1.253,-4.193,1.732,-49.118,1.245,-4.202,1.742,-49.301,-0.008,-0.009,0.009,0.015,9,weighted_average,kalman(weighted_average),false
1788956692.747,87.956,1.235,-4.191,1.756,-49.965,1.238,-4.192,1.750,-49.954,0.003,-0.002,-0.007,0.008,9,weighted_average,kalman(weighted_average),false
1788956692.793,88.002,1.221,-4.180,1.749,-50.678,1.226,-4.182,1.750,-50.597,0.006,-0.002,0.001,0.006,9,weighted_average,kalman(weighted_average),false
1788956692.903,88.112,1.207,-4.173,1.721,-52.039,1.207,-4.171,1.727,-52.023,0.001,0.002,0.006,0.007,9,weighted_average,kalman(weighted_average),false
1788956692.956,88.165,1.197,-4.155,1.709,-52.834,1.198,-4.159,1.711,-52.788,0.000,-0.003,0.002,0.004,9,weighted_average,kalman(weighted_average),false
1788956693.011,88.220,1.195,-4.128,1.712,-53.488,1.192,-4.136,1.707,-53.504,-0.002,-0.008,-0.005,0.009,9,weighted_average,kalman(weighted_average),false
1788956693.076,88.286,1.178,-4.120,1.698,-54.100,1.180,-4.119,1.697,-54.212,0.002,0.001,-0.001,0.002,9,weighted_average,kalman(weighted_average),false
1788956693.201,88.410,1.134,-4.128,1.727,-56.630,1.138,-4.122,1.720,-56.422,0.004,0.006,-0.007,0.010,9,weighted_average,kalman(weighted_average),false
1788956693.250,88.459,1.060,-4.174,1.825,-59.038,1.080,-4.157,1.793,-58.336,0.020,0.017,-0.031,0.041,9,weighted_average,kalman(weighted_average),false
1788956693.301,88.510,1.129,-4.175,1.615,-57.569,1.098,-4.175,1.695,-58.457,-0.031,0.000,0.080,0.085,10,weighted_average,kalman(weighted_average),false
1788956693.353,88.562,1.113,-4.193,1.610,-58.845,1.103,-4.193,1.633,-59.053,-0.010,0.000,0.023,0.025,10,weighted_average,kalman(weighted_average),false
1788956693.469,88.678,1.092,-4.158,1.608,-60.601,1.093,-4.171,1.596,-60.641,0.000,-0.013,-0.012,0.018,10,weighted_average,kalman(weighted_average),false
1788956693.524,88.733,1.068,-4.153,1.612,-61.676,1.074,-4.156,1.601,-61.575,0.006,-0.003,-0.011,0.012,10,weighted_average,kalman(weighted_average),false
1788956693.578,88.788,1.054,-4.132,1.620,-62.585,1.057,-4.136,1.611,-62.505,0.003,-0.004,-0.009,0.010,10,weighted_average,kalman(weighted_average),false
1788956693.634,88.843,1.043,-4.126,1.620,-63.584,1.043,-4.123,1.617,-63.499,-0.000,0.002,-0.003,0.003,10,weighted_average,kalman(weighted_average),false
1788956693.760,88.969,0.993,-4.096,1.685,-65.700,0.996,-4.095,1.676,-65.670,0.003,0.001,-0.009,0.009,10,weighted_average,kalman(weighted_average),false
1788956693.810,89.019,0.972,-4.088,1.669,-66.644,0.974,-4.087,1.679,-66.604,0.002,0.001,0.010,0.010,10,weighted_average,kalman(weighted_average),false
1788956693.862,89.071,0.941,-4.087,1.700,-67.724,0.945,-4.083,1.698,-67.642,0.004,0.004,-0.002,0.006,10,weighted_average,kalman(weighted_average),false
1788956693.917,89.126,0.914,-4.097,1.659,-68.322,0.916,-4.089,1.680,-68.468,0.002,0.008,0.021,0.022,10,weighted_average,kalman(weighted_average),false
1788956694.042,89.251,0.874,-4.061,1.682,-68.142,0.871,-4.065,1.682,-68.733,-0.003,-0.004,-0.000,0.005,10,weighted_average,kalman(weighted_average),false
1788956694.092,89.301,0.866,-4.051,1.696,-68.058,0.862,-4.052,1.692,-68.403,-0.004,-0.002,-0.004,0.006,10,weighted_average,kalman(weighted_average),false
1788956694.142,89.351,0.858,-4.046,1.721,-68.034,0.854,-4.044,1.712,-68.204,-0.004,0.002,-0.009,0.010,10,weighted_average,kalman(weighted_average),false
1788956694.201,89.410,0.839,-4.052,1.736,-68.259,0.839,-4.045,1.732,-68.204,0.001,0.007,-0.003,0.008,10,weighted_average,kalman(weighted_average),false
1788956694.313,89.522,0.821,-4.142,1.656,-69.060,0.820,-4.122,1.676,-68.809,-0.002,0.019,0.020,0.028,10,weighted_average,kalman(weighted_average),false
1788956694.363,89.572,0.818,-4.041,1.723,-68.129,0.816,-4.079,1.700,-68.481,-0.003,-0.038,-0.023,0.044,10,weighted_average,kalman(weighted_average),false
1788956694.412,89.621,0.827,-4.068,1.697,-68.274,0.820,-4.071,1.698,-68.372,-0.007,-0.004,0.000,0.008,10,weighted_average,kalman(weighted_average),false
1788956694.467,89.676,0.824,-4.023,1.726,-67.876,0.822,-4.039,1.714,-68.085,-0.002,-0.016,-0.012,0.020,10,weighted_average,kalman(weighted_average),false
1788956694.600,89.809,0.804,-4.036,1.748,-68.276,0.807,-4.031,1.745,-68.163,0.002,0.005,-0.002,0.006,10,weighted_average,kalman(weighted_average),false
1788956694.646,89.855,0.802,-4.033,1.760,-68.276,0.802,-4.032,1.759,-68.238,-0.000,0.001,-0.001,0.002,10,weighted_average,kalman(weighted_average),false
1788956694.700,89.909,0.808,-4.044,1.736,-68.313,0.803,-4.040,1.749,-68.299,-0.004,0.005,0.013,0.015,10,weighted_average,kalman(weighted_average),false
1788956694.747,89.956,0.800,-4.044,1.757,-68.406,0.800,-4.043,1.755,-68.376,0.001,0.001,-0.002,0.002,10,weighted_average,kalman(weighted_average),false
1788956694.860,90.069,0.813,-4.038,1.768,-68.261,0.809,-4.041,1.767,-68.329,-0.004,-0.002,-0.001,0.004,10,weighted_average,kalman(weighted_average),false
1788956694.911,90.120,0.812,-4.038,1.772,-68.309,0.812,-4.038,1.772,-68.316,0.001,-0.001,0.000,0.001,10,weighted_average,kalman(weighted_average),false
1788956694.964,90.173,0.823,-4.031,1.782,-68.153,0.820,-4.033,1.780,-68.220,-0.002,-0.002,-0.002,0.004,10,weighted_average,kalman(weighted_average),false
1788956695.018,90.227,0.821,-4.025,1.775,-68.100,0.823,-4.027,1.780,-68.135,0.002,-0.002,0.004,0.005,10,weighted_average,kalman(weighted_average),false
1788956695.129,90.338,0.833,-4.016,1.806,-67.949,0.833,-4.016,1.802,-67.967,-0.000,-0.000,-0.004,0.004,10,weighted_average,kalman(weighted_average),false
1788956695.178,90.387,0.824,-4.054,1.795,-68.417,0.829,-4.040,1.801,-68.206,0.004,0.014,0.005,0.016,10,weighted_average,kalman(weighted_average),false
1788956695.229,90.438,0.833,-4.044,1.805,-68.288,0.832,-4.046,1.805,-68.270,-0.001,-0.001,0.000,0.002,10,weighted_average,kalman(weighted_average),false
1788956695.282,90.491,0.836,-4.021,1.841,-68.262,0.835,-4.033,1.829,-68.289,-0.001,-0.012,-0.012,0.017,10,weighted_average,kalman(weighted_average),false
1788956695.400,90.609,0.832,-4.038,1.851,-69.913,0.833,-4.037,1.853,-69.512,0.001,0.002,0.002,0.003,10,weighted_average,kalman(weighted_average),false
1788956695.451,90.660,0.834,-4.023,1.853,-70.117,0.833,-4.028,1.856,-70.055,-0.000,-0.005,0.003,0.006,10,weighted_average,kalman(weighted_average),false
1788956695.505,90.714,0.829,-4.027,1.821,-70.943,0.831,-4.026,1.837,-70.779,0.001,0.001,0.015,0.015,10,weighted_average,kalman(weighted_average),false
1788956695.553,90.762,0.821,-4.042,1.836,-71.563,0.824,-4.035,1.834,-71.438,0.004,0.007,-0.002,0.008,10,weighted_average,kalman(weighted_average),false
1788956695.667,90.876,0.831,-4.028,1.848,-72.694,0.828,-4.030,1.844,-72.722,-0.003,-0.002,-0.004,0.006,10,weighted_average,kalman(weighted_average),false
1788956695.717,90.926,0.824,-4.032,1.834,-73.153,0.826,-4.031,1.839,-73.208,0.002,0.001,0.005,0.005,10,weighted_average,kalman(weighted_average),false
1788956695.767,90.976,0.705,-4.152,1.876,-75.739,0.750,-4.107,1.862,-74.854,0.045,0.046,-0.014,0.066,11,weighted_average,kalman(weighted_average),false
1788956695.818,91.027,0.697,-4.147,1.881,-76.139,0.704,-4.145,1.878,-75.985,0.007,0.003,-0.003,0.008,11,weighted_average,kalman(weighted_average),false
1788956695.930,91.139,0.690,-4.125,1.906,-77.357,0.676,-4.144,1.906,-77.596,-0.014,-0.018,-0.000,0.023,11,weighted_average,kalman(weighted_average),false
1788956695.982,91.191,0.710,-4.132,1.878,-77.407,0.695,-4.136,1.891,-77.805,-0.016,-0.004,0.014,0.021,11,weighted_average,kalman(weighted_average),false
1788956696.047,91.256,0.700,-4.131,1.894,-77.836,0.699,-4.132,1.893,-78.113,-0.002,-0.001,-0.001,0.002,11,weighted_average,kalman(weighted_average),false
1788956696.099,91.308,0.680,-4.119,1.907,-78.596,0.688,-4.122,1.902,-78.573,0.008,-0.004,-0.005,0.010,11,weighted_average,kalman(weighted_average),false
1788956696.216,91.425,0.655,-4.109,1.896,-79.958,0.659,-4.109,1.899,-79.860,0.004,-0.000,0.003,0.005,11,weighted_average,kalman(weighted_average),false
1788956696.281,91.490,0.656,-4.115,1.926,-80.615,0.653,-4.111,1.918,-80.587,-0.003,0.004,-0.008,0.010,11,weighted_average,kalman(weighted_average),false
1788956696.329,91.538,0.644,-4.113,1.929,-81.030,0.644,-4.112,1.928,-81.068,0.000,0.001,-0.001,0.002,11,weighted_average,kalman(weighted_average),false
1788956696.383,91.592,0.531,-3.656,1.878,-81.109,0.644,-4.112,1.928,-81.344,0.113,-0.456,0.050,0.472,0,weighted_average,kalman(weighted_average),true
1788956696.495,91.704,0.517,-3.648,1.896,-82.400,0.531,-3.697,1.899,-82.370,0.013,-0.049,0.003,0.051,0,weighted_average,kalman(weighted_average),false
1788956696.563,91.772,0.517,-3.648,1.896,-82.400,0.508,-3.611,1.893,-82.601,-0.010,0.036,-0.002,0.038,0,weighted_average,kalman(weighted_average),false
1788956696.606,91.815,0.478,-3.644,1.902,-83.475,0.481,-3.601,1.896,-83.199,0.003,0.042,-0.005,0.043,0,weighted_average,kalman(weighted_average),false
1788956696.655,91.864,0.501,-3.626,1.897,-83.664,0.483,-3.592,1.896,-83.647,-0.018,0.034,-0.001,0.039,0,weighted_average,kalman(weighted_average),false
1788956696.759,91.968,0.477,-3.606,1.906,-84.714,0.472,-3.586,1.903,-84.666,-0.005,0.019,-0.003,0.020,0,weighted_average,kalman(weighted_average),false
1788956696.834,92.043,0.461,-3.612,1.932,-85.323,0.461,-3.603,1.926,-85.343,0.000,0.009,-0.006,0.011,0,weighted_average,kalman(weighted_average),false
1788956696.875,92.084,0.439,-3.599,1.936,-85.891,0.445,-3.602,1.936,-85.818,0.006,-0.003,-0.001,0.007,0,weighted_average,kalman(weighted_average),false
1788956696.925,92.135,0.422,-3.594,1.935,-86.312,0.427,-3.598,1.940,-86.314,0.005,-0.004,0.005,0.008,0,weighted_average,kalman(weighted_average),false
1788956697.020,92.229,0.406,-3.592,1.928,-86.953,0.404,-3.593,1.934,-87.050,-0.002,-0.001,0.006,0.007,0,weighted_average,kalman(weighted_average),false
1788956697.070,92.279,0.413,-3.576,1.935,-87.034,0.406,-3.581,1.935,-87.221,-0.007,-0.005,-0.001,0.009,0,weighted_average,kalman(weighted_average),false
1788956697.121,92.330,0.385,-3.559,1.947,-87.442,0.390,-3.565,1.942,-87.497,0.005,-0.006,-0.005,0.009,0,weighted_average,kalman(weighted_average),false
1788956697.176,92.385,0.385,-3.558,1.937,-87.431,0.383,-3.556,1.940,-87.618,-0.002,0.002,0.003,0.004,0,weighted_average,kalman(weighted_average),false
1788956697.223,92.432,0.375,-3.561,1.947,-87.593,0.375,-3.555,1.944,-87.712,-0.000,0.006,-0.002,0.006,0,weighted_average,kalman(weighted_average),false
1788956697.329,92.538,0.359,-3.543,1.951,-87.636,0.359,-3.543,1.951,-87.782,-0.001,0.000,-0.000,0.001,0,weighted_average,kalman(weighted_average),false
1788956697.399,92.608,0.359,-3.543,1.951,-87.636,0.356,-3.541,1.952,-87.721,-0.003,0.002,0.001,0.004,0,weighted_average,kalman(weighted_average),false
1788956697.436,92.645,0.335,-3.534,1.959,-87.895,0.342,-3.535,1.957,-87.819,0.008,-0.002,-0.002,0.008,0,weighted_average,kalman(weighted_average),false
1788956697.490,92.699,0.322,-3.530,1.956,-87.856,0.326,-3.530,1.958,-87.862,0.004,-0.000,0.002,0.004,0,weighted_average,kalman(weighted_average),false
1788956697.595,92.804,0.284,-3.509,1.961,-88.084,0.288,-3.512,1.961,-88.046,0.004,-0.002,0.000,0.004,0,weighted_average,kalman(weighted_average),false
1788956697.644,92.853,0.270,-3.500,1.953,-88.120,0.270,-3.501,1.956,-88.120,-0.000,-0.001,0.003,0.003,0,weighted_average,kalman(weighted_average),false
1788956697.699,92.908,0.273,-3.506,1.955,-88.008,0.265,-3.500,1.955,-88.093,-0.008,0.005,0.000,0.009,0,weighted_average,kalman(weighted_average),false
1788956697.743,92.952,0.265,-3.494,1.960,-87.975,0.261,-3.495,1.957,-88.047,-0.004,-0.001,-0.003,0.005,0,weighted_average,kalman(weighted_average),false
1788956697.791,93.000,0.252,-3.478,1.973,-87.967,0.252,-3.482,1.966,-88.011,0.000,-0.005,-0.006,0.008,0,weighted_average,kalman(weighted_average),false
1788956697.890,93.099,0.219,-3.468,1.964,-88.307,0.222,-3.467,1.966,-88.205,0.004,0.001,0.002,0.004,0,weighted_average,kalman(weighted_average),false
1788956697.943,93.152,0.229,-3.467,1.969,-88.045,0.222,-3.465,1.969,-88.139,-0.007,0.003,-0.001,0.008,0,weighted_average,kalman(weighted_average),false
1788956697.995,93.204,0.226,-3.459,1.942,-87.917,0.222,-3.459,1.952,-88.024,-0.004,-0.000,0.010,0.011,0,weighted_average,kalman(weighted_average),false
1788956698.050,93.259,0.207,-3.447,1.953,-88.028,0.211,-3.449,1.950,-88.012,0.004,-0.002,-0.003,0.005,0,weighted_average,kalman(weighted_average),false
1788956698.094,93.303,0.193,-3.445,1.959,-88.097,0.198,-3.444,1.954,-88.045,0.005,0.001,-0.005,0.007,0,weighted_average,kalman(weighted_average),false
1788956698.188,93.397,0.168,-3.435,1.953,-88.209,0.171,-3.434,1.953,-88.150,0.003,0.001,-0.000,0.003,0,weighted_average,kalman(weighted_average),false
1788956698.242,93.451,0.167,-3.419,1.955,-88.080,0.163,-3.422,1.954,-88.124,-0.003,-0.003,-0.001,0.005,0,weighted_average,kalman(weighted_average),false
1788956698.293,93.502,0.169,-3.423,1.959,-87.953,0.163,-3.420,1.957,-88.036,-0.006,0.004,-0.002,0.007,0,weighted_average,kalman(weighted_average),false
1788956698.372,93.581,0.149,-3.422,1.943,-88.146,0.151,-3.419,1.948,-88.091,0.001,0.003,0.005,0.006,0,weighted_average,kalman(weighted_average),false
1788956698.472,93.681,0.123,-3.404,1.943,-88.162,0.126,-3.406,1.942,-88.147,0.003,-0.002,-0.000,0.003,0,weighted_average,kalman(weighted_average),false
1788956698.520,93.729,0.107,-3.399,1.948,-88.230,0.110,-3.399,1.945,-88.204,0.003,-0.001,-0.003,0.004,0,weighted_average,kalman(weighted_average),false
1788956698.619,93.828,0.111,-3.386,1.946,-88.087,0.105,-3.386,1.945,-88.142,-0.006,-0.000,-0.000,0.006,0,weighted_average,kalman(weighted_average),false
1788956698.675,93.884,0.099,-3.387,1.940,-88.139,0.099,-3.384,1.942,-88.135,0.000,0.002,0.002,0.003,0,weighted_average,kalman(weighted_average),false
1788956698.775,93.984,0.088,-3.374,1.930,-88.050,0.088,-3.374,1.932,-88.069,0.001,-0.000,0.002,0.002,0,weighted_average,kalman(weighted_average),false
1788956698.824,94.033,0.072,-3.368,1.922,-88.211,0.076,-3.369,1.924,-88.143,0.004,-0.001,0.002,0.004,0,weighted_average,kalman(weighted_average),false
1788956698.888,94.097,0.071,-3.364,1.919,-88.093,0.069,-3.363,1.919,-88.118,-0.002,0.000,-0.001,0.002,0,weighted_average,kalman(weighted_average),false
1788956698.935,94.144,0.068,-3.362,1.919,-88.124,0.066,-3.361,1.917,-88.119,-0.002,0.001,-0.002,0.003,0,weighted_average,kalman(weighted_average),false
1788956698.979,94.188,0.074,-3.360,1.917,-88.017,0.069,-3.359,1.916,-88.067,-0.006,0.001,-0.001,0.006,0,weighted_average,kalman(weighted_average),false
1788956699.077,94.286,0.042,-3.347,1.912,-88.319,0.047,-3.349,1.911,-88.223,0.005,-0.001,-0.000,0.006,0,weighted_average,kalman(weighted_average),false
1788956699.132,94.341,0.039,-3.354,1.918,-88.322,0.038,-3.350,1.915,-88.303,-0.001,0.003,-0.003,0.005,0,weighted_average,kalman(weighted_average),false
1788956699.186,94.395,0.039,-3.355,1.905,-88.229,0.035,-3.352,1.909,-88.289,-0.004,0.002,0.004,0.006,0,weighted_average,kalman(weighted_average),false
1788956699.235,94.444,0.032,-3.343,1.904,-88.241,0.031,-3.347,1.905,-88.278,-0.001,-0.004,0.001,0.004,0,weighted_average,kalman(weighted_average),false
1788956699.284,94.493,0.032,-3.355,1.907,-88.217,0.029,-3.350,1.905,-88.255,-0.002,0.004,-0.002,0.005,0,weighted_average,kalman(weighted_average),false
1788956699.387,94.596,0.031,-3.348,1.899,-88.132,0.029,-3.349,1.899,-88.172,-0.002,-0.001,0.001,0.002,0,weighted_average,kalman(weighted_average),false
1788956699.445,94.654,0.019,-3.342,1.888,-88.293,0.022,-3.344,1.891,-88.234,0.003,-0.002,0.002,0.004,0,weighted_average,kalman(weighted_average),false
1788956699.494,94.703,0.019,-3.335,1.883,-88.244,0.019,-3.337,1.884,-88.242,-0.000,-0.002,0.001,0.002,0,weighted_average,kalman(weighted_average),false
1788956699.540,94.749,0.024,-3.340,1.891,-88.180,0.021,-3.338,1.886,-88.213,-0.003,0.003,-0.005,0.007,0,weighted_average,kalman(weighted_average),false
1788956699.597,94.806,0.017,-3.340,1.896,-88.304,0.018,-3.338,1.891,-88.259,0.001,0.002,-0.005,0.005,0,weighted_average,kalman(weighted_average),false
1788956699.703,94.912,0.030,-3.347,1.884,-88.117,0.027,-3.345,1.885,-88.167,-0.003,0.002,0.002,0.004,0,weighted_average,kalman(weighted_average),false
1788956699.759,94.968,0.019,-3.342,1.875,-88.277,0.023,-3.344,1.877,-88.222,0.004,-0.002,0.003,0.005,0,weighted_average,kalman(weighted_average),false
1788956699.809,95.018,0.018,-3.343,1.884,-88.296,0.020,-3.344,1.879,-88.265,0.002,-0.001,-0.004,0.005,0,weighted_average,kalman(weighted_average),false
1788956699.856,95.065,0.025,-3.345,1.878,-88.224,0.022,-3.345,1.878,-88.251,-0.003,0.000,-0.000,0.003,0,weighted_average,kalman(weighted_average),false
1788956699.918,95.127,0.030,-3.344,1.872,-88.205,0.028,-3.345,1.874,-88.228,-0.003,-0.000,0.001,0.003,0,weighted_average,kalman(weighted_average),false
1788956700.022,95.231,0.037,-3.345,1.875,-88.104,0.036,-3.345,1.874,-88.138,-0.001,-0.000,-0.001,0.002,0,weighted_average,kalman(weighted_average),false
1788956700.082,95.291,0.033,-3.347,1.869,-88.189,0.035,-3.346,1.870,-88.155,0.002,0.000,0.001,0.003,0,weighted_average,kalman(weighted_average),false
1788956700.123,95.332,0.025,-3.353,1.861,-88.314,0.030,-3.350,1.864,-88.235,0.005,0.002,0.003,0.006,0,weighted_average,kalman(weighted_average),false
1788956700.178,95.387,0.029,-3.358,1.873,-88.269,0.029,-3.356,1.868,-88.263,-0.000,0.002,-0.005,0.005,0,weighted_average,kalman(weighted_average),false
1788956700.222,95.431,0.040,-3.362,1.892,-88.120,0.035,-3.361,1.882,-88.201,-0.005,0.001,-0.010,0.011,0,weighted_average,kalman(weighted_average),false
1788956700.318,95.527,0.054,-3.351,1.873,-87.972,0.050,-3.356,1.878,-88.045,-0.004,-0.004,0.005,0.007,0,weighted_average,kalman(weighted_average),false
1788956700.383,95.592,0.049,-3.358,1.875,-88.072,0.052,-3.357,1.876,-88.034,0.003,0.001,0.000,0.003,0,weighted_average,kalman(weighted_average),false
1788956700.421,95.630,0.049,-3.354,1.870,-88.098,0.051,-3.355,1.872,-88.055,0.003,-0.001,0.002,0.003,0,weighted_average,kalman(weighted_average),false
1788956700.484,95.693,0.029,-3.358,1.878,-88.389,0.038,-3.357,1.874,-88.232,0.009,0.001,-0.003,0.009,0,weighted_average,kalman(weighted_average),false
1788956700.586,95.795,0.036,-3.362,1.891,-88.305,0.034,-3.361,1.888,-88.315,-0.002,0.001,-0.003,0.004,0,weighted_average,kalman(weighted_average),false
1788956700.639,95.848,0.039,-3.361,1.871,-88.329,0.037,-3.362,1.878,-88.342,-0.002,-0.000,0.008,0.008,0,weighted_average,kalman(weighted_average),false
1788956700.693,95.902,0.041,-3.363,1.868,-88.325,0.039,-3.363,1.871,-88.350,-0.002,-0.000,0.003,0.004,0,weighted_average,kalman(weighted_average),false
1788956700.736,95.945,0.047,-3.366,1.869,-88.276,0.044,-3.365,1.869,-88.323,-0.003,0.001,-0.000,0.003,0,weighted_average,kalman(weighted_average),false
1788956700.790,95.999,0.047,-3.366,1.869,-88.276,0.047,-3.367,1.867,-88.302,0.000,-0.000,-0.002,0.002,0,weighted_average,kalman(weighted_average),false
1788956700.901,96.110,0.056,-3.372,1.877,-88.186,0.055,-3.372,1.874,-88.218,-0.001,0.000,-0.003,0.003,0,weighted_average,kalman(weighted_average),false
1788956700.962,96.171,0.038,-3.372,1.871,-88.422,0.045,-3.372,1.873,-88.334,0.006,-0.001,0.002,0.007,0,weighted_average,kalman(weighted_average),false
1788956701.006,96.215,0.055,-3.374,1.873,-88.229,0.050,-3.374,1.873,-88.286,-0.005,-0.000,0.000,0.005,0,weighted_average,kalman(weighted_average),false
1788956701.051,96.260,0.062,-3.371,1.863,-88.180,0.057,-3.372,1.868,-88.232,-0.005,-0.002,0.005,0.007,0,weighted_average,kalman(weighted_average),false
1788956701.102,96.311,0.044,-3.370,1.862,-88.424,0.051,-3.371,1.864,-88.321,0.007,-0.001,0.001,0.007,0,weighted_average,kalman(weighted_average),false
1788956701.201,96.410,0.053,-3.376,1.875,-88.276,0.052,-3.374,1.871,-88.303,-0.001,0.001,-0.004,0.004,0,weighted_average,kalman(weighted_average),false
1788956701.252,96.461,0.060,-3.373,1.868,-88.220,0.057,-3.374,1.870,-88.254,-0.003,-0.001,0.002,0.003,0,weighted_average,kalman(weighted_average),false
1788956701.332,96.541,0.061,-3.371,1.865,-88.196,0.061,-3.372,1.867,-88.206,-0.000,-0.001,0.002,0.002,0,weighted_average,kalman(weighted_average),false
1788956701.383,96.592,0.057,-3.371,1.868,-88.276,0.059,-3.371,1.867,-88.236,0.002,-0.000,-0.001,0.003,0,weighted_average,kalman(weighted_average),false
1788956701.486,96.695,0.058,-3.374,1.872,-88.276,0.059,-3.373,1.871,-88.261,0.000,0.001,-0.001,0.002,0,weighted_average,kalman(weighted_average),false
1788956701.547,96.757,0.047,-3.373,1.871,-88.409,0.050,-3.374,1.871,-88.358,0.004,-0.000,0.000,0.004,0,weighted_average,kalman(weighted_average),false
1788956701.597,96.806,0.055,-3.382,1.884,-88.323,0.052,-3.379,1.880,-88.355,-0.003,0.003,-0.004,0.006,0,weighted_average,kalman(weighted_average),false
1788956701.644,96.854,0.064,-3.377,1.874,-88.185,0.058,-3.379,1.878,-88.276,-0.005,-0.002,0.004,0.007,0,weighted_average,kalman(weighted_average),false
1788956701.697,96.906,0.058,-3.379,1.872,-88.247,0.059,-3.379,1.875,-88.255,0.001,-0.001,0.003,0.003,0,weighted_average,kalman(weighted_average),false
1788956701.799,97.008,0.051,-3.385,1.886,-88.390,0.054,-3.384,1.883,-88.338,0.002,0.001,-0.003,0.004,0,weighted_average,kalman(weighted_average),false
1788956701.853,97.062,0.067,-3.377,1.878,-88.186,0.062,-3.380,1.881,-88.258,-0.005,-0.003,0.003,0.007,0,weighted_average,kalman(weighted_average),false
1788956701.912,97.121,0.056,-3.380,1.878,-88.294,0.059,-3.380,1.879,-88.272,0.003,0.000,0.001,0.003,0,weighted_average,kalman(weighted_average),false
1788956701.956,97.165,0.060,-3.378,1.876,-88.268,0.060,-3.378,1.877,-88.269,-0.001,-0.001,0.001,0.001,0,weighted_average,kalman(weighted_average),false
1788956702.004,97.213,0.062,-3.382,1.872,-88.237,0.061,-3.380,1.874,-88.251,-0.001,0.002,0.002,0.003,0,weighted_average,kalman(weighted_average),false
1788956702.104,97.313,0.053,-3.383,1.884,-88.350,0.055,-3.382,1.881,-88.313,0.002,0.000,-0.003,0.004,0,weighted_average,kalman(weighted_average),false
1788956702.154,97.363,0.046,-3.379,1.887,-88.438,0.048,-3.380,1.886,-88.394,0.002,-0.001,-0.001,0.003,0,weighted_average,kalman(weighted_average),false
1788956702.215,97.424,0.058,-3.383,1.876,-88.318,0.053,-3.382,1.881,-88.371,-0.005,0.001,0.005,0.007,0,weighted_average,kalman(weighted_average),false
1788956702.262,97.471,0.057,-3.378,1.880,-88.294,0.055,-3.380,1.880,-88.336,-0.002,-0.002,0.000,0.002,0,weighted_average,kalman(weighted_average),false
1788956702.373,97.582,0.056,-3.382,1.887,-88.298,0.056,-3.382,1.886,-88.308,0.000,0.001,-0.002,0.002,0,weighted_average,kalman(weighted_average),false
1788956702.419,97.628,0.055,-3.385,1.894,-88.340,0.055,-3.384,1.892,-88.322,0.001,0.001,-0.002,0.002,0,weighted_average,kalman(weighted_average),false
1788956702.481,97.690,0.054,-3.391,1.885,-88.366,0.055,-3.389,1.889,-88.347,0.000,0.002,0.004,0.004,0,weighted_average,kalman(weighted_average),false
1788956702.530,97.739,0.051,-3.393,1.882,-88.428,0.052,-3.393,1.885,-88.395,0.001,0.000,0.003,0.003,0,weighted_average,kalman(weighted_average),false
1788956702.632,97.841,0.069,-3.397,1.887,-88.199,0.065,-3.398,1.886,-88.273,-0.004,-0.001,-0.001,0.004,0,weighted_average,kalman(weighted_average),false
1788956702.696,97.905,0.067,-3.394,1.888,-88.216,0.069,-3.396,1.888,-88.220,0.001,-0.002,-0.001,0.002,0,weighted_average,kalman(weighted_average),false
1788956702.744,97.953,0.063,-3.393,1.897,-88.248,0.067,-3.394,1.894,-88.219,0.003,-0.001,-0.003,0.005,0,weighted_average,kalman(weighted_average),false
1788956702.800,98.009,0.069,-3.394,1.898,-88.192,0.069,-3.394,1.898,-88.191,-0.000,0.000,-0.000,0.000,0,weighted_average,kalman(weighted_average),false
1788956702.905,98.114,0.061,-3.398,1.895,-88.295,0.063,-3.397,1.897,-88.249,0.002,0.001,0.002,0.003,0,weighted_average,kalman(weighted_average),false
1788956702.959,98.168,0.058,-3.398,1.901,-88.294,0.059,-3.398,1.900,-88.282,0.001,-0.000,-0.001,0.001,0,weighted_average,kalman(weighted_average),false
1788956703.015,98.224,0.049,-3.402,1.904,-88.437,0.051,-3.401,1.903,-88.380,0.002,0.001,-0.001,0.003,0,weighted_average,kalman(weighted_average),false
1788956703.078,98.287,0.059,-3.405,1.897,-88.302,0.054,-3.404,1.900,-88.359,-0.005,0.000,0.003,0.006,0,weighted_average,kalman(weighted_average),false
1788956703.194,98.403,0.068,-3.404,1.903,-88.170,0.065,-3.405,1.902,-88.229,-0.003,-0.001,-0.001,0.003,0,weighted_average,kalman(weighted_average),false
1788956703.247,98.456,0.067,-3.401,1.907,-88.182,0.068,-3.402,1.906,-88.184,0.001,-0.001,-0.001,0.002,0,weighted_average,kalman(weighted_average),false
1788956703.301,98.510,0.061,-3.402,1.912,-88.292,0.064,-3.401,1.911,-88.227,0.004,0.000,-0.001,0.004,0,weighted_average,kalman(weighted_average),false
1788956703.353,98.562,0.063,-3.404,1.913,-88.230,0.064,-3.402,1.914,-88.224,0.001,0.001,0.000,0.001,0,weighted_average,kalman(weighted_average),false
1788956703.453,98.662,0.060,-3.403,1.924,-88.270,0.061,-3.403,1.923,-88.251,0.001,0.000,-0.001,0.001,0,weighted_average,kalman(weighted_average),false
1788956703.518,98.727,0.065,-3.397,1.929,-88.199,0.063,-3.399,1.929,-88.222,-0.002,-0.002,-0.000,0.002,0,weighted_average,kalman(weighted_average),false
1788956703.560,98.769,0.060,-3.403,1.924,-88.289,0.062,-3.401,1.928,-88.255,0.001,0.002,0.003,0.004,0,weighted_average,kalman(weighted_average),false
1788956703.611,98.820,0.071,-3.404,1.919,-88.151,0.067,-3.403,1.923,-88.204,-0.004,0.002,0.004,0.006,0,weighted_average,kalman(weighted_average),false
1788956703.665,98.874,0.067,-3.406,1.921,-88.190,0.068,-3.405,1.922,-88.190,0.001,0.001,0.001,0.001,0,weighted_average,kalman(weighted_average),false
1788956703.773,98.982,0.064,-3.408,1.942,-88.221,0.066,-3.408,1.937,-88.204,0.002,-0.000,-0.004,0.005,0,weighted_average,kalman(weighted_average),false
1788956703.821,99.030,0.060,-3.403,1.935,-88.347,0.061,-3.405,1.938,-88.288,0.002,-0.002,0.003,0.004,0,weighted_average,kalman(weighted_average),false
1788956703.872,99.081,0.071,-3.405,1.939,-88.119,0.066,-3.405,1.940,-88.209,-0.004,0.000,0.001,0.005,0,weighted_average,kalman(weighted_average),false
1788956703.921,99.130,0.069,-3.407,1.937,-88.152,0.068,-3.406,1.940,-88.175,-0.001,0.001,0.002,0.003,0,weighted_average,kalman(weighted_average),false
1788956703.971,99.180,0.072,-3.403,1.944,-88.109,0.071,-3.404,1.943,-88.132,-0.001,-0.001,-0.001,0.002,0,weighted_average,kalman(weighted_average),false
1788956704.073,99.282,0.068,-3.406,1.944,-88.163,0.070,-3.406,1.944,-88.137,0.001,0.001,0.001,0.002,0,weighted_average,kalman(weighted_average),false
1788956704.123,99.332,0.064,-3.402,1.954,-88.257,0.066,-3.403,1.951,-88.205,0.002,-0.001,-0.003,0.004,0,weighted_average,kalman(weighted_average),false
1788956704.183,99.392,0.064,-3.402,1.954,-88.257,0.064,-3.402,1.954,-88.245,-0.000,-0.000,0.000,0.001,0,weighted_average,kalman(weighted_average),false
1788956704.228,99.437,0.064,-3.402,1.954,-88.257,0.064,-3.402,1.955,-88.262,-0.001,0.000,0.001,0.001,0,weighted_average,kalman(weighted_average),false
1788956704.279,99.488,0.064,-3.402,1.954,-88.257,0.064,-3.401,1.955,-88.271,-0.001,0.000,0.001,0.002,0,weighted_average,kalman(weighted_average),false
1788956704.392,99.601,0.063,-3.406,1.945,-88.288,0.063,-3.405,1.948,-88.295,-0.000,0.001,0.002,0.003,0,weighted_average,kalman(weighted_average),false
1788956704.443,99.652,0.058,-3.400,1.953,-88.291,0.059,-3.402,1.950,-88.297,0.001,-0.002,-0.003,0.004,0,weighted_average,kalman(weighted_average),false
1788956704.495,99.704,0.067,-3.401,1.943,-88.154,0.064,-3.401,1.945,-88.220,-0.004,-0.000,0.003,0.004,0,weighted_average,kalman(weighted_average),false
1788956704.554,99.763,0.066,-3.406,1.948,-88.163,0.066,-3.404,1.946,-88.176,-0.000,0.002,-0.002,0.003,0,weighted_average,kalman(weighted_average),false
1788956704.659,99.868,0.052,-3.398,1.954,-88.341,0.055,-3.399,1.952,-88.276,0.003,-0.002,-0.002,0.004,0,weighted_average,kalman(weighted_average),false
1788956704.713,99.922,0.067,-3.405,1.952,-88.145,0.061,-3.402,1.953,-88.208,-0.005,0.002,0.001,0.006,0,weighted_average,kalman(weighted_average),false
1788956704.762,99.971,0.060,-3.398,1.930,-88.258,0.061,-3.399,1.940,-88.232,0.001,-0.002,0.009,0.009,0,weighted_average,kalman(weighted_average),false
1788956704.819,100.028,0.054,-3.400,1.932,-88.318,0.056,-3.400,1.933,-88.282,0.003,0.001,0.001,0.003,0,weighted_average,kalman(weighted_average),false
1788956704.943,100.152,0.036,-3.400,1.918,-88.519,0.039,-3.400,1.918,-88.473,0.002,0.000,0.000,0.002,0,weighted_average,kalman(weighted_average),false
1788956704.988,100.197,0.043,-3.407,1.914,-88.418,0.039,-3.405,1.914,-88.466,-0.004,0.003,-0.000,0.005,0,weighted_average,kalman(weighted_average),false
1788956705.044,100.253,0.056,-3.402,1.897,-88.249,0.048,-3.404,1.901,-88.362,-0.007,-0.002,0.004,0.009,0,weighted_average,kalman(weighted_average),false
1788956705.094,100.303,0.033,-3.401,1.903,-88.500,0.040,-3.403,1.899,-88.432,0.007,-0.001,-0.004,0.008,0,weighted_average,kalman(weighted_average),false
1788956705.189,100.398,0.042,-3.401,1.896,-88.409,0.041,-3.401,1.894,-88.428,-0.002,-0.000,-0.002,0.003,0,weighted_average,kalman(weighted_average),false
1788956705.305,100.514,0.035,-3.401,1.865,-88.469,0.035,-3.401,1.869,-88.462,0.001,0.000,0.003,0.003,0,weighted_average,kalman(weighted_average),false
1788956705.352,100.561,0.054,-3.408,1.858,-88.213,0.047,-3.406,1.858,-88.317,-0.007,0.002,0.000,0.007,0,weighted_average,kalman(weighted_average),false
1788956705.413,100.622,0.041,-3.403,1.854,-88.329,0.044,-3.404,1.851,-88.303,0.004,-0.002,-0.003,0.005,0,weighted_average,kalman(weighted_average),false
1788956705.461,100.670,0.039,-3.402,1.861,-88.380,0.041,-3.403,1.854,-88.331,0.003,-0.001,-0.007,0.007,0,weighted_average,kalman(weighted_average),false
1788956705.564,100.773,0.038,-3.408,1.845,-88.358,0.038,-3.406,1.845,-88.344,0.000,0.001,0.000,0.001,0,weighted_average,kalman(weighted_average),false
1788956705.626,100.835,0.040,-3.416,1.842,-88.349,0.039,-3.414,1.842,-88.348,-0.001,0.002,-0.001,0.002,0,weighted_average,kalman(weighted_average),false
1788956705.667,100.876,0.055,-3.406,1.839,-88.078,0.048,-3.410,1.839,-88.205,-0.007,-0.005,-0.000,0.008,0,weighted_average,kalman(weighted_average),false
1788956705.724,100.933,0.026,-3.406,1.835,-88.489,0.036,-3.408,1.835,-88.335,0.010,-0.002,0.000,0.010,0,weighted_average,kalman(weighted_average),false
1788956705.779,100.988,0.032,-3.408,1.815,-88.408,0.032,-3.408,1.821,-88.383,0.000,0.000,0.006,0.006,0,weighted_average,kalman(weighted_average),false
1788956705.882,101.091,0.036,-3.420,1.820,-88.329,0.034,-3.418,1.817,-88.362,-0.002,0.003,-0.003,0.005,0,weighted_average,kalman(weighted_average),false
1788956705.951,101.160,0.036,-3.421,1.818,-88.361,0.035,-3.422,1.817,-88.361,-0.000,-0.001,-0.001,0.001,0,weighted_average,kalman(weighted_average),false
1788956705.992,101.201,0.040,-3.415,1.819,-88.274,0.039,-3.419,1.818,-88.314,-0.002,-0.004,-0.001,0.004,0,weighted_average,kalman(weighted_average),false
1788956706.047,101.256,0.034,-3.416,1.806,-88.350,0.036,-3.417,1.810,-88.325,0.003,-0.002,0.004,0.005,0,weighted_average,kalman(weighted_average),false
1788956706.150,101.359,0.027,-3.418,1.806,-88.475,0.029,-3.418,1.805,-88.426,0.002,0.000,-0.001,0.002,0,weighted_average,kalman(weighted_average),false
1788956706.214,101.423,0.031,-3.415,1.809,-88.392,0.029,-3.416,1.807,-88.420,-0.002,-0.001,-0.002,0.003,0,weighted_average,kalman(weighted_average),false
1788956706.266,101.475,0.029,-3.417,1.807,-88.437,0.029,-3.416,1.807,-88.437,-0.000,0.001,0.000,0.001,0,weighted_average,kalman(weighted_average),false
1788956706.306,101.515,0.027,-3.417,1.810,-88.447,0.027,-3.417,1.808,-88.449,0.000,0.000,-0.001,0.001,0,weighted_average,kalman(weighted_average),false
1788956706.358,101.567,0.033,-3.417,1.800,-88.366,0.030,-3.417,1.804,-88.414,-0.003,0.000,0.003,0.004,0,weighted_average,kalman(weighted_average),false
1788956706.461,101.670,0.029,-3.413,1.786,-88.462,0.030,-3.414,1.789,-88.446,0.000,-0.001,0.003,0.003,0,weighted_average,kalman(weighted_average),false
1788956706.518,101.728,0.043,-3.422,1.782,-88.279,0.039,-3.419,1.782,-88.348,-0.004,0.003,-0.000,0.005,0,weighted_average,kalman(weighted_average),false
1788956706.572,101.781,0.035,-3.421,1.801,-88.390,0.038,-3.421,1.792,-88.359,0.003,0.000,-0.009,0.010,0,weighted_average,kalman(weighted_average),false
1788956706.610,101.819,0.044,-3.412,1.783,-88.264,0.042,-3.416,1.787,-88.307,-0.002,-0.005,0.004,0.007,0,weighted_average,kalman(weighted_average),false
1788956706.664,101.873,0.047,-3.418,1.795,-88.242,0.046,-3.417,1.792,-88.258,-0.001,0.001,-0.004,0.004,0,weighted_average,kalman(weighted_average),false
1788956706.762,101.971,0.044,-3.418,1.792,-88.285,0.046,-3.417,1.792,-88.254,0.002,0.000,0.000,0.002,0,weighted_average,kalman(weighted_average),false
1788956706.813,102.022,0.046,-3.417,1.796,-88.240,0.046,-3.417,1.795,-88.240,-0.000,-0.000,-0.001,0.001,0,weighted_average,kalman(weighted_average),false
1788956706.875,102.084,0.041,-3.415,1.792,-88.305,0.043,-3.416,1.794,-88.272,0.002,-0.000,0.001,0.002,0,weighted_average,kalman(weighted_average),false
1788956706.920,102.129,0.036,-3.417,1.792,-88.385,0.038,-3.417,1.793,-88.333,0.003,0.001,0.001,0.003,0,weighted_average,kalman(weighted_average),false
1788956706.970,102.179,0.040,-3.414,1.803,-88.322,0.038,-3.415,1.799,-88.339,-0.002,-0.001,-0.004,0.005,0,weighted_average,kalman(weighted_average),false
1788956707.082,102.291,0.042,-3.417,1.790,-88.287,0.040,-3.416,1.793,-88.313,-0.001,0.001,0.003,0.003,0,weighted_average,kalman(weighted_average),false
1788956707.136,102.345,0.043,-3.415,1.787,-88.268,0.043,-3.416,1.788,-88.283,-0.001,-0.000,0.001,0.001,0,weighted_average,kalman(weighted_average),false
1788956707.181,102.390,0.049,-3.411,1.780,-88.216,0.047,-3.413,1.782,-88.241,-0.002,-0.002,0.002,0.003,0,weighted_average,kalman(weighted_average),false
1788956707.236,102.445,0.030,-3.413,1.791,-88.431,0.037,-3.412,1.785,-88.332,0.008,0.001,-0.005,0.009,0,weighted_average,kalman(weighted_average),false
1788956707.280,102.490,0.038,-3.418,1.769,-88.320,0.037,-3.415,1.775,-88.333,-0.001,0.003,0.006,0.007,0,weighted_average,kalman(weighted_average),false
1788956707.383,102.592,0.031,-3.412,1.777,-88.407,0.032,-3.413,1.774,-88.391,0.000,-0.001,-0.002,0.003,0,weighted_average,kalman(weighted_average),false
1788956707.437,102.646,0.036,-3.415,1.776,-88.345,0.034,-3.414,1.775,-88.374,-0.002,0.001,-0.001,0.003,0,weighted_average,kalman(weighted_average),false
1788956707.488,102.697,0.039,-3.417,1.763,-88.299,0.037,-3.416,1.767,-88.336,-0.002,0.001,0.004,0.005,0,weighted_average,kalman(weighted_average),false
1788956707.538,102.747,0.041,-3.410,1.767,-88.264,0.040,-3.413,1.766,-88.294,-0.001,-0.002,-0.001,0.003,0,weighted_average,kalman(weighted_average),false
1788956707.587,102.796,0.034,-3.414,1.780,-88.362,0.037,-3.413,1.773,-88.320,0.003,0.001,-0.007,0.008,0,weighted_average,kalman(weighted_average),false
1788956707.698,102.907,0.036,-3.407,1.770,-88.338,0.036,-3.408,1.771,-88.330,0.000,-0.001,0.001,0.002,0,weighted_average,kalman(weighted_average),false
1788956707.742,102.951,0.036,-3.406,1.767,-88.331,0.036,-3.406,1.768,-88.332,-0.000,-0.000,0.001,0.001,0,weighted_average,kalman(weighted_average),false
1788956707.801,103.010,0.035,-3.407,1.763,-88.362,0.035,-3.406,1.764,-88.350,0.000,0.001,0.001,0.002,0,weighted_average,kalman(weighted_average),false
1788956707.855,103.064,0.035,-3.407,1.760,-88.358,0.035,-3.406,1.761,-88.358,-0.000,0.001,0.001,0.001,0,weighted_average,kalman(weighted_average),false
1788956707.964,103.173,0.033,-3.402,1.758,-88.364,0.033,-3.403,1.757,-88.367,0.000,-0.000,-0.001,0.001,0,weighted_average,kalman(weighted_average),false
1788956708.013,103.222,0.024,-3.408,1.748,-88.500,0.027,-3.405,1.751,-88.448,0.003,0.002,0.003,0.004,0,weighted_average,kalman(weighted_average),false
1788956708.064,103.273,0.040,-3.400,1.759,-88.285,0.034,-3.402,1.754,-88.373,-0.006,-0.002,-0.005,0.008,0,weighted_average,kalman(weighted_average),false
1788956708.132,103.341,0.042,-3.401,1.757,-88.260,0.040,-3.401,1.756,-88.302,-0.002,0.000,-0.001,0.002,0,weighted_average,kalman(weighted_average),false
1788956708.244,103.453,0.031,-3.397,1.756,-88.434,0.034,-3.397,1.756,-88.383,0.003,-0.000,0.000,0.003,0,weighted_average,kalman(weighted_average),false
1788956708.299,103.508,0.034,-3.393,1.751,-88.408,0.033,-3.394,1.753,-88.408,-0.001,-0.001,0.002,0.002,0,weighted_average,kalman(weighted_average),false
1788956708.345,103.554,0.029,-3.392,1.759,-88.454,0.030,-3.392,1.756,-88.442,0.001,0.000,-0.003,0.003,0,weighted_average,kalman(weighted_average),false
1788956708.395,103.604,0.033,-3.393,1.751,-88.451,0.031,-3.392,1.753,-88.459,-0.002,0.001,0.002,0.003,0,weighted_average,kalman(weighted_average),false
1788956708.457,103.666,0.035,-3.395,1.757,-88.397,0.033,-3.393,1.755,-88.437,-0.002,0.002,-0.002,0.003,0,weighted_average,kalman(weighted_average),false
1788956708.553,103.762,0.037,-3.397,1.751,-88.385,0.036,-3.396,1.752,-88.405,-0.000,0.001,0.001,0.002,0,weighted_average,kalman(weighted_average),false
1788956708.603,103.812,0.035,-3.395,1.763,-88.388,0.036,-3.396,1.759,-88.391,0.001,-0.001,-0.004,0.004,0,weighted_average,kalman(weighted_average),false
1788956708.656,103.865,0.025,-3.390,1.752,-88.509,0.029,-3.392,1.755,-88.451,0.004,-0.003,0.003,0.006,0,weighted_average,kalman(weighted_average),false
1788956708.705,103.914,0.040,-3.390,1.747,-88.358,0.034,-3.391,1.750,-88.409,-0.005,-0.000,0.003,0.006,0,weighted_average,kalman(weighted_average),false
1788956708.756,103.965,0.025,-3.388,1.748,-88.550,0.029,-3.389,1.748,-88.480,0.004,-0.000,-0.000,0.004,0,weighted_average,kalman(weighted_average),false
1788956708.856,104.066,0.040,-3.388,1.742,-88.342,0.037,-3.387,1.742,-88.400,-0.003,0.001,0.000,0.003,0,weighted_average,kalman(weighted_average),false
1788956708.912,104.121,0.045,-3.389,1.736,-88.270,0.044,-3.388,1.737,-88.312,-0.001,0.001,0.001,0.002,0,weighted_average,kalman(weighted_average),false
1788956708.961,104.170,0.040,-3.388,1.739,-88.334,0.043,-3.388,1.737,-88.305,0.003,-0.000,-0.002,0.004,0,weighted_average,kalman(weighted_average),false
1788956709.009,104.218,0.041,-3.388,1.737,-88.306,0.043,-3.388,1.736,-88.291,0.002,-0.000,-0.001,0.002,0,weighted_average,kalman(weighted_average),false
1788956709.065,104.274,0.038,-3.393,1.739,-88.357,0.040,-3.391,1.737,-88.313,0.002,0.002,-0.002,0.004,0,weighted_average,kalman(weighted_average),false
1788956709.158,104.367,0.029,-3.385,1.738,-88.480,0.031,-3.387,1.738,-88.419,0.003,-0.002,-0.000,0.003,0,weighted_average,kalman(weighted_average),false
1788956709.209,104.418,0.034,-3.388,1.738,-88.428,0.032,-3.387,1.738,-88.439,-0.002,0.001,0.000,0.003,0,weighted_average,kalman(weighted_average),false
1788956709.258,104.467,0.028,-3.384,1.742,-88.489,0.029,-3.385,1.740,-88.479,0.001,-0.001,-0.001,0.002,0,weighted_average,kalman(weighted_average),false
1788956709.309,104.518,0.018,-3.387,1.737,-88.634,0.022,-3.385,1.739,-88.576,0.003,0.002,0.002,0.004,0,weighted_average,kalman(weighted_average),false
1788956709.360,104.569,0.042,-3.382,1.741,-88.253,0.032,-3.383,1.740,-88.436,-0.010,-0.001,-0.001,0.010,0,weighted_average,kalman(weighted_average),false
1788956709.451,104.660,0.041,-3.383,1.742,-88.283,0.040,-3.382,1.742,-88.328,-0.001,0.000,-0.000,0.001,0,weighted_average,kalman(weighted_average),false
1788956709.497,104.706,0.036,-3.385,1.738,-88.352,0.039,-3.384,1.740,-88.324,0.003,0.001,0.002,0.003,0,weighted_average,kalman(weighted_average),false
1788956709.549,104.758,0.038,-3.382,1.741,-88.335,0.039,-3.383,1.740,-88.316,0.001,-0.001,-0.001,0.001,0,weighted_average,kalman(weighted_average),false
1788956709.600,104.809,0.047,-3.379,1.736,-88.237,0.044,-3.381,1.738,-88.263,-0.003,-0.001,0.002,0.003,0,weighted_average,kalman(weighted_average),false
1788956709.647,104.857,0.041,-3.379,1.735,-88.295,0.044,-3.379,1.736,-88.264,0.002,-0.000,0.001,0.002,0,weighted_average,kalman(weighted_average),false
1788956709.746,104.955,0.041,-3.378,1.730,-88.289,0.042,-3.377,1.731,-88.267,0.001,0.000,0.001,0.001,0,weighted_average,kalman(weighted_average),false
1788956709.799,105.008,0.032,-3.377,1.724,-88.444,0.035,-3.377,1.726,-88.369,0.003,0.000,0.001,0.004,0,weighted_average,kalman(weighted_average),false
1788956709.846,105.055,0.034,-3.372,1.729,-88.398,0.033,-3.374,1.726,-88.399,-0.001,-0.002,-0.002,0.003,0,weighted_average,kalman(weighted_average),false
1788956709.898,105.107,0.047,-3.372,1.736,-88.217,0.041,-3.372,1.732,-88.318,-0.007,0.000,-0.005,0.008,0,weighted_average,kalman(weighted_average),false
1788956709.951,105.161,0.046,-3.371,1.724,-88.229,0.045,-3.371,1.728,-88.267,-0.001,0.000,0.003,0.004,0,weighted_average,kalman(weighted_average),false
1788956710.047,105.256,0.028,-3.373,1.727,-88.474,0.033,-3.371,1.727,-88.391,0.005,0.001,-0.000,0.005,0,weighted_average,kalman(weighted_average),false
1788956710.097,105.306,0.032,-3.373,1.725,-88.433,0.031,-3.373,1.725,-88.430,-0.001,0.001,0.001,0.001,0,weighted_average,kalman(weighted_average),false
1788956710.151,105.360,0.035,-3.369,1.726,-88.372,0.032,-3.371,1.725,-88.416,-0.003,-0.002,-0.001,0.003,0,weighted_average,kalman(weighted_average),false
1788956710.203,105.412,0.032,-3.375,1.720,-88.431,0.031,-3.373,1.722,-88.432,-0.000,0.002,0.002,0.003,0,weighted_average,kalman(weighted_average),false
1788956710.254,105.463,0.033,-3.371,1.720,-88.414,0.032,-3.372,1.720,-88.431,-0.001,-0.001,-0.000,0.001,0,weighted_average,kalman(weighted_average),false
1788956710.360,105.569,0.033,-3.371,1.719,-88.412,0.032,-3.371,1.718,-88.425,-0.000,-0.000,-0.001,0.001,0,weighted_average,kalman(weighted_average),false
1788956710.410,105.619,0.031,-3.370,1.724,-88.420,0.031,-3.370,1.721,-88.422,0.001,-0.000,-0.002,0.002,0,weighted_average,kalman(weighted_average),false
1788956710.463,105.672,0.027,-3.372,1.718,-88.478,0.029,-3.371,1.720,-88.453,0.001,0.001,0.002,0.002,0,weighted_average,kalman(weighted_average),false
1788956710.514,105.723,0.032,-3.373,1.721,-88.392,0.030,-3.372,1.720,-88.425,-0.002,0.001,-0.000,0.002,0,weighted_average,kalman(weighted_average),false
1788956710.569,105.778,0.029,-3.382,1.738,-88.410,0.029,-3.378,1.731,-88.416,0.000,0.003,-0.007,0.008,0,weighted_average,kalman(weighted_average),false
1788956710.662,105.871,0.030,-3.378,1.726,-88.398,0.029,-3.379,1.730,-88.400,-0.000,-0.001,0.004,0.004,0,weighted_average,kalman(weighted_average),false
1788956710.712,105.922,0.034,-3.377,1.729,-88.369,0.033,-3.378,1.729,-88.379,-0.002,-0.001,0.000,0.002,0,weighted_average,kalman(weighted_average),false
1788956710.762,105.971,0.027,-3.376,1.727,-88.457,0.030,-3.377,1.728,-88.416,0.003,-0.001,0.001,0.003,0,weighted_average,kalman(weighted_average),false
1788956710.817,106.026,0.037,-3.379,1.719,-88.345,0.034,-3.378,1.723,-88.380,-0.003,0.001,0.003,0.004,0,weighted_average,kalman(weighted_average),false
1788956710.876,106.085,0.037,-3.379,1.719,-88.345,0.037,-3.378,1.719,-88.356,-0.000,0.000,-0.000,0.000,0,weighted_average,kalman(weighted_average),false
1788956710.978,106.188,0.036,-3.375,1.724,-88.332,0.037,-3.376,1.722,-88.330,0.001,-0.001,-0.002,0.002,0,weighted_average,kalman(weighted_average),false
1788956711.044,106.253,0.040,-3.371,1.722,-88.285,0.039,-3.372,1.722,-88.296,-0.001,-0.001,0.000,0.001,0,weighted_average,kalman(weighted_average),false
1788956711.088,106.297,0.033,-3.375,1.720,-88.386,0.036,-3.373,1.721,-88.337,0.003,0.002,0.001,0.003,0,weighted_average,kalman(weighted_average),false
1788956711.143,106.352,0.028,-3.373,1.729,-88.452,0.031,-3.373,1.726,-88.400,0.002,0.000,-0.003,0.004,0,weighted_average,kalman(weighted_average),false
1788956711.237,106.446,0.037,-3.369,1.728,-88.323,0.034,-3.370,1.728,-88.363,-0.002,-0.001,0.000,0.003,0,weighted_average,kalman(weighted_average),false
1788956711.288,106.497,0.037,-3.374,1.716,-88.346,0.036,-3.372,1.721,-88.351,-0.001,0.002,0.005,0.005,0,weighted_average,kalman(weighted_average),false
1788956711.344,106.553,0.031,-3.372,1.719,-88.424,0.033,-3.372,1.719,-88.389,0.002,0.000,-0.000,0.002,0,weighted_average,kalman(weighted_average),false
1788956711.389,106.598,0.032,-3.371,1.725,-88.411,0.032,-3.372,1.721,-88.404,0.000,-0.000,-0.003,0.003,0,weighted_average,kalman(weighted_average),false
1788956711.443,106.652,0.032,-3.371,1.725,-88.411,0.032,-3.371,1.723,-88.414,-0.000,-0.000,-0.001,0.001,0,weighted_average,kalman(weighted_average),false
1788956711.538,106.747,0.028,-3.371,1.716,-88.481,0.029,-3.371,1.718,-88.465,0.001,-0.000,0.002,0.002,0,weighted_average,kalman(weighted_average),false
1788956711.594,106.803,0.025,-3.371,1.717,-88.495,0.026,-3.371,1.717,-88.493,0.001,0.000,-0.000,0.001,0,weighted_average,kalman(weighted_average),false
1788956711.640,106.849,0.034,-3.374,1.726,-88.367,0.030,-3.373,1.722,-88.435,-0.004,0.001,-0.004,0.006,0,weighted_average,kalman(weighted_average),false
1788956711.698,106.907,0.030,-3.370,1.726,-88.429,0.030,-3.371,1.725,-88.429,0.001,-0.001,-0.001,0.002,0,weighted_average,kalman(weighted_average),false
1788956711.746,106.955,0.032,-3.370,1.727,-88.405,0.031,-3.370,1.727,-88.414,-0.000,-0.001,0.000,0.001,0,weighted_average,kalman(weighted_average),false
1788956711.846,107.055,0.032,-3.365,1.724,-88.417,0.032,-3.366,1.726,-88.410,0.000,-0.001,0.002,0.002,0,weighted_average,kalman(weighted_average),false
1788956711.898,107.107,0.025,-3.363,1.732,-88.484,0.027,-3.363,1.730,-88.452,0.003,-0.000,-0.002,0.003,0,weighted_average,kalman(weighted_average),false
1788956711.949,107.158,0.025,-3.362,1.735,-88.484,0.025,-3.362,1.734,-88.475,0.000,0.000,-0.002,0.002,0,weighted_average,kalman(weighted_average),false
1788956711.999,107.208,0.026,-3.363,1.732,-88.467,0.025,-3.362,1.734,-88.479,-0.001,0.001,0.002,0.003,0,weighted_average,kalman(weighted_average),false
1788956712.043,107.252,0.026,-3.359,1.742,-88.475,0.025,-3.359,1.739,-88.482,-0.001,-0.001,-0.003,0.003,0,weighted_average,kalman(weighted_average),false
1788956712.142,107.352,0.026,-3.355,1.754,-88.479,0.026,-3.355,1.752,-88.486,-0.001,-0.000,-0.002,0.002,0,weighted_average,kalman(weighted_average),false
1788956712.186,107.395,0.022,-3.354,1.753,-88.540,0.023,-3.354,1.755,-88.518,0.002,0.000,0.001,0.002,0,weighted_average,kalman(weighted_average),false
1788956712.240,107.449,0.024,-3.354,1.757,-88.503,0.024,-3.353,1.758,-88.517,-0.001,0.001,0.001,0.001,0,weighted_average,kalman(weighted_average),false
1788956712.291,107.500,0.030,-3.349,1.764,-88.407,0.027,-3.350,1.763,-88.462,-0.002,-0.001,-0.000,0.003,0,weighted_average,kalman(weighted_average),false
1788956712.344,107.553,0.025,-3.358,1.768,-88.488,0.026,-3.354,1.768,-88.469,0.001,0.004,0.000,0.004,0,weighted_average,kalman(weighted_average),false
1788956712.439,107.648,0.043,-3.344,1.781,-88.239,0.039,-3.346,1.780,-88.312,-0.004,-0.003,-0.001,0.005,0,weighted_average,kalman(weighted_average),false
1788956712.486,107.695,0.034,-3.347,1.784,-88.384,0.038,-3.346,1.785,-88.330,0.004,0.001,0.001,0.004,0,weighted_average,kalman(weighted_average),false
1788956712.536,107.745,0.030,-3.351,1.797,-88.488,0.034,-3.348,1.794,-88.401,0.004,0.003,-0.002,0.005,0,weighted_average,kalman(weighted_average),false
1788956712.588,107.797,0.013,-3.346,1.795,-88.727,0.021,-3.347,1.798,-88.577,0.008,-0.001,0.003,0.009,0,weighted_average,kalman(weighted_average),false
1788956712.639,107.848,0.034,-3.339,1.802,-88.431,0.027,-3.342,1.803,-88.533,-0.008,-0.003,0.000,0.008,0,weighted_average,kalman(weighted_average),false
1788956712.730,107.939,0.019,-3.345,1.801,-88.696,0.021,-3.343,1.804,-88.656,0.001,0.002,0.003,0.004,0,weighted_average,kalman(weighted_average),false
1788956712.787,107.996,0.016,-3.344,1.816,-88.715,0.016,-3.344,1.813,-88.716,0.001,0.000,-0.003,0.003,0,weighted_average,kalman(weighted_average),false
1788956712.853,108.062,0.022,-3.345,1.821,-88.658,0.019,-3.345,1.820,-88.708,-0.003,0.000,-0.001,0.003,0,weighted_average,kalman(weighted_average),false
1788956712.901,108.110,0.027,-3.345,1.818,-88.579,0.024,-3.345,1.821,-88.650,-0.003,-0.000,0.003,0.005,0,weighted_average,kalman(weighted_average),false
1788956713.011,108.220,0.032,-3.336,1.837,-88.532,0.032,-3.338,1.835,-88.563,-0.001,-0.002,-0.002,0.003,0,weighted_average,kalman(weighted_average),false
1788956713.064,108.273,0.043,-3.344,1.831,-88.403,0.040,-3.342,1.834,-88.453,-0.002,0.003,0.003,0.005,0,weighted_average,kalman(weighted_average),false
1788956713.114,108.323,0.022,-3.348,1.850,-88.690,0.031,-3.345,1.845,-88.559,0.009,0.002,-0.005,0.010,0,weighted_average,kalman(weighted_average),false
1788956713.164,108.373,0.029,-3.345,1.844,-88.602,0.030,-3.346,1.847,-88.582,0.000,-0.001,0.003,0.003,0,weighted_average,kalman(weighted_average),false
1788956713.212,108.421,0.034,-3.347,1.845,-88.547,0.032,-3.347,1.847,-88.568,-0.002,-0.000,0.002,0.003,0,weighted_average,kalman(weighted_average),false
1788956713.313,108.522,0.029,-3.343,1.851,-88.608,0.030,-3.344,1.852,-88.595,0.001,-0.001,0.000,0.002,0,weighted_average,kalman(weighted_average),false
1788956713.367,108.576,0.045,-3.331,1.850,-88.436,0.040,-3.335,1.851,-88.504,-0.005,-0.004,0.001,0.007,0,weighted_average,kalman(weighted_average),false
1788956713.421,108.630,0.034,-3.335,1.851,-88.572,0.038,-3.333,1.851,-88.530,0.003,0.002,0.001,0.004,0,weighted_average,kalman(weighted_average),false
1788956713.470,108.680,0.040,-3.333,1.850,-88.481,0.040,-3.332,1.850,-88.501,-0.001,0.001,0.001,0.002,0,weighted_average,kalman(weighted_average),false
1788956713.574,108.783,0.039,-3.328,1.862,-88.532,0.039,-3.328,1.860,-88.513,0.001,0.000,-0.003,0.003,0,weighted_average,kalman(weighted_average),false
1788956713.625,108.834,0.042,-3.317,1.847,-88.479,0.041,-3.320,1.853,-88.493,-0.001,-0.003,0.006,0.006,0,weighted_average,kalman(weighted_average),false
1788956713.679,108.889,0.041,-3.314,1.845,-88.505,0.042,-3.314,1.847,-88.496,0.000,-0.000,0.003,0.003,0,weighted_average,kalman(weighted_average),false
1788956713.728,108.937,0.041,-3.307,1.853,-88.528,0.041,-3.308,1.849,-88.512,0.000,-0.001,-0.003,0.003,0,weighted_average,kalman(weighted_average),false
1788956713.789,108.998,0.042,-3.301,1.839,-88.498,0.042,-3.301,1.842,-88.506,-0.000,-0.000,0.004,0.004,0,weighted_average,kalman(weighted_average),false
1788956713.901,109.110,0.059,-3.291,1.845,-88.313,0.056,-3.291,1.843,-88.366,-0.003,0.001,-0.002,0.004,0,weighted_average,kalman(weighted_average),false
1788956713.964,109.173,0.035,-3.287,1.842,-88.639,0.043,-3.286,1.842,-88.519,0.008,0.001,0.000,0.008,0,weighted_average,kalman(weighted_average),false
1788956714.010,109.219,0.038,-3.270,1.843,-88.587,0.039,-3.275,1.843,-88.568,0.001,-0.005,-0.000,0.005,0,weighted_average,kalman(weighted_average),false
1788956714.060,109.269,0.039,-3.268,1.838,-88.586,0.038,-3.268,1.840,-88.594,-0.001,0.000,0.002,0.002,0,weighted_average,kalman(weighted_average),false
1788956714.163,109.372,0.037,-3.254,1.834,-88.617,0.036,-3.253,1.835,-88.630,-0.001,0.000,0.001,0.001,0,weighted_average,kalman(weighted_average),false
1788956714.218,109.427,0.038,-3.246,1.822,-88.631,0.037,-3.246,1.825,-88.640,-0.001,0.000,0.003,0.003,0,weighted_average,kalman(weighted_average),false
1788956714.264,109.473,0.033,-3.236,1.830,-88.686,0.034,-3.237,1.826,-88.672,0.001,-0.001,-0.004,0.004,0,weighted_average,kalman(weighted_average),false
1788956714.316,109.525,0.048,-3.232,1.817,-88.486,0.042,-3.231,1.820,-88.584,-0.006,0.001,0.002,0.007,0,weighted_average,kalman(weighted_average),false
1788956714.378,109.587,0.040,-3.211,1.826,-88.605,0.042,-3.215,1.822,-88.587,0.002,-0.004,-0.004,0.006,0,weighted_average,kalman(weighted_average),false
1788956714.491,109.700,0.040,-3.199,1.812,-88.642,0.041,-3.197,1.814,-88.622,0.001,0.001,0.001,0.002,0,weighted_average,kalman(weighted_average),false
1788956714.535,109.744,0.037,-3.185,1.820,-88.700,0.038,-3.187,1.817,-88.671,0.001,-0.002,-0.003,0.004,0,weighted_average,kalman(weighted_average),false
1788956714.594,109.804,0.037,-3.174,1.809,-88.759,0.037,-3.175,1.811,-88.735,-0.000,-0.000,0.003,0.003,0,weighted_average,kalman(weighted_average),false
1788956714.642,109.851,0.036,-3.160,1.804,-88.743,0.036,-3.162,1.806,-88.755,-0.000,-0.002,0.002,0.003,0,weighted_average,kalman(weighted_average),false
1788956714.741,109.950,0.046,-3.144,1.806,-88.631,0.043,-3.143,1.804,-88.690,-0.003,0.001,-0.002,0.003,0,weighted_average,kalman(weighted_average),false
1788956714.794,110.003,0.046,-3.139,1.803,-88.594,0.046,-3.137,1.803,-88.628,0.000,0.002,0.000,0.002,0,weighted_average,kalman(weighted_average),false
1788956714.843,110.052,0.049,-3.131,1.804,-88.586,0.049,-3.130,1.803,-88.591,0.000,0.001,-0.001,0.001,0,weighted_average,kalman(weighted_average),false
1788956714.899,110.108,0.055,-3.115,1.798,-88.469,0.054,-3.118,1.800,-88.508,-0.001,-0.003,0.002,0.003,0,weighted_average,kalman(weighted_average),false
1788956714.942,110.152,0.044,-3.108,1.797,-88.646,0.050,-3.109,1.797,-88.557,0.005,-0.001,0.001,0.006,0,weighted_average,kalman(weighted_average),false
1788956715.044,110.253,0.044,-3.079,1.794,-88.623,0.045,-3.081,1.793,-88.591,0.001,-0.002,-0.000,0.003,0,weighted_average,kalman(weighted_average),false
1788956715.094,110.303,0.038,-3.061,1.781,-88.715,0.040,-3.063,1.784,-88.666,0.002,-0.003,0.004,0.005,0,weighted_average,kalman(weighted_average),false
1788956715.144,110.353,0.053,-3.054,1.785,-88.503,0.047,-3.052,1.783,-88.592,-0.006,0.002,-0.002,0.007,0,weighted_average,kalman(weighted_average),false
1788956715.198,110.407,0.041,-3.046,1.769,-88.641,0.043,-3.042,1.772,-88.615,0.003,0.003,0.004,0.006,0,weighted_average,kalman(weighted_average),false
1788956715.247,110.456,0.038,-3.039,1.772,-88.689,0.040,-3.036,1.770,-88.656,0.002,0.003,-0.003,0.004,0,weighted_average,kalman(weighted_average),false
1788956715.352,110.561,0.046,-3.013,1.769,-88.544,0.044,-3.014,1.767,-88.589,-0.002,-0.001,-0.002,0.003,0,weighted_average,kalman(weighted_average),false
1788956715.403,110.612,0.034,-3.001,1.767,-88.745,0.038,-3.002,1.767,-88.674,0.004,-0.000,-0.001,0.004,0,weighted_average,kalman(weighted_average),false
1788956715.450,110.660,0.040,-2.994,1.763,-88.632,0.039,-2.993,1.764,-88.659,-0.002,0.001,0.001,0.002,0,weighted_average,kalman(weighted_average),false
1788956715.501,110.710,0.034,-2.980,1.764,-88.715,0.035,-2.981,1.763,-88.692,0.002,-0.001,-0.001,0.002,0,weighted_average,kalman(weighted_average),false
1788956715.550,110.759,0.047,-2.964,1.767,-88.498,0.042,-2.966,1.765,-88.599,-0.005,-0.002,-0.002,0.006,0,weighted_average,kalman(weighted_average),false
1788956715.653,110.862,0.034,-2.946,1.763,-88.676,0.036,-2.945,1.764,-88.638,0.002,0.001,0.000,0.003,0,weighted_average,kalman(weighted_average),false
1788956715.707,110.916,0.027,-2.940,1.756,-88.763,0.029,-2.938,1.758,-88.716,0.002,0.002,0.002,0.004,0,weighted_average,kalman(weighted_average),false
1788956715.756,110.965,0.036,-2.924,1.752,-88.597,0.032,-2.926,1.754,-88.665,-0.004,-0.002,0.001,0.005,0,weighted_average,kalman(weighted_average),false
1788956715.807,111.016,0.032,-2.909,1.750,-88.649,0.032,-2.912,1.750,-88.658,-0.001,-0.002,-0.000,0.002,0,weighted_average,kalman(weighted_average),false
1788956715.859,111.068,0.028,-2.897,1.750,-88.687,0.029,-2.898,1.749,-88.673,0.001,-0.001,-0.002,0.002,0,weighted_average,kalman(weighted_average),false
1788956715.964,111.173,0.037,-2.886,1.749,-88.571,0.035,-2.883,1.748,-88.605,-0.002,0.003,-0.001,0.004,0,weighted_average,kalman(weighted_average),false
1788956716.015,111.224,0.039,-2.872,1.759,-88.555,0.038,-2.873,1.755,-88.566,-0.001,-0.001,-0.004,0.004,0,weighted_average,kalman(weighted_average),false
1788956716.065,111.274,0.036,-2.860,1.751,-88.624,0.038,-2.862,1.754,-88.585,0.002,-0.002,0.003,0.004,0,weighted_average,kalman(weighted_average),false
1788956716.116,111.325,0.034,-2.857,1.747,-88.621,0.036,-2.855,1.750,-88.599,0.002,0.002,0.003,0.004,0,weighted_average,kalman(weighted_average),false
1788956716.178,111.387,0.031,-2.840,1.746,-88.685,0.033,-2.842,1.747,-88.646,0.002,-0.002,0.001,0.003,0,weighted_average,kalman(weighted_average),false
1788956716.288,111.497,0.033,-2.805,1.736,-88.609,0.032,-2.808,1.738,-88.628,-0.001,-0.003,0.001,0.003,0,weighted_average,kalman(weighted_average),false
1788956716.338,111.547,0.030,-2.801,1.748,-88.644,0.031,-2.798,1.743,-88.637,0.001,0.003,-0.005,0.005,0,weighted_average,kalman(weighted_average),false
1788956716.388,111.597,0.036,-2.798,1.750,-88.563,0.034,-2.793,1.747,-88.597,-0.002,0.005,-0.002,0.006,0,weighted_average,kalman(weighted_average),false
1788956716.447,111.656,0.033,-2.776,1.754,-88.595,0.034,-2.778,1.752,-88.589,0.000,-0.003,-0.001,0.003,0,weighted_average,kalman(weighted_average),false
1788956716.551,111.760,0.028,-2.758,1.767,-88.649,0.029,-2.757,1.765,-88.625,0.001,0.001,-0.002,0.002,0,weighted_average,kalman(weighted_average),false
1788956716.613,111.823,0.025,-2.750,1.755,-88.686,0.026,-2.748,1.760,-88.668,0.001,0.002,0.005,0.005,0,weighted_average,kalman(weighted_average),false
1788956716.667,111.876,0.037,-2.733,1.765,-88.496,0.032,-2.736,1.764,-88.578,-0.005,-0.002,-0.002,0.006,0,weighted_average,kalman(weighted_average),false
1788956716.717,111.926,0.030,-2.729,1.763,-88.613,0.032,-2.727,1.764,-88.589,0.001,0.001,0.001,0.002,0,weighted_average,kalman(weighted_average),false
1788956716.822,112.031,0.021,-2.713,1.763,-88.765,0.024,-2.712,1.764,-88.707,0.003,0.001,0.001,0.003,0,weighted_average,kalman(weighted_average),false
1788956716.875,112.084,0.031,-2.695,1.771,-88.564,0.028,-2.698,1.768,-88.638,-0.004,-0.003,-0.002,0.005,0,weighted_average,kalman(weighted_average),false
1788956716.941,112.150,0.032,-2.686,1.771,-88.581,0.031,-2.685,1.771,-88.603,-0.001,0.001,0.000,0.002,0,weighted_average,kalman(weighted_average),false
1788956716.997,112.206,0.027,-2.675,1.774,-88.681,0.029,-2.675,1.774,-88.642,0.002,0.000,-0.000,0.002,0,weighted_average,kalman(weighted_average),false
1788956717.105,112.314,0.033,-2.676,1.746,-88.568,0.032,-2.672,1.752,-88.593,-0.001,0.004,0.006,0.008,0,weighted_average,kalman(weighted_average),false
1788956717.162,112.371,0.014,-3.146,1.629,-89.726,0.032,-2.672,1.752,-89.288,0.018,0.474,0.123,0.490,12,weighted_average,kalman(weighted_average),true
1788956717.208,112.417,-2.358,-3.157,1.357,-118.246,0.032,-2.672,1.752,-105.261,2.390,0.485,0.396,2.471,12,weighted_average,kalman(weighted_average),true
1788956717.264,112.473,-2.358,-3.157,1.357,-118.246,0.032,-2.672,1.752,-115.354,2.390,0.485,0.396,2.471,12,weighted_average,kalman(weighted_average),true
1788956717.368,112.577,-0.037,-3.125,1.635,-90.386,-0.035,-3.108,1.640,-102.193,0.003,0.017,0.004,0.018,12,weighted_average,kalman(weighted_average),false
1788956717.417,112.626,0.056,-3.071,1.815,-89.207,0.021,-3.114,1.748,-93.512,-0.036,-0.044,-0.067,0.088,12,weighted_average,kalman(weighted_average),false
1788956717.469,112.678,0.107,-3.057,1.562,-88.573,0.082,-3.098,1.640,-88.612,-0.025,-0.041,0.078,0.092,12,weighted_average,kalman(weighted_average),false
1788956717.517,112.726,0.116,-3.028,1.687,-88.487,0.116,-3.062,1.656,-86.364,0.001,-0.034,-0.031,0.046,12,weighted_average,kalman(weighted_average),false
1788956717.575,112.784,0.166,-3.006,1.635,-87.954,0.163,-3.024,1.637,-85.145,-0.002,-0.018,0.002,0.019,12,weighted_average,kalman(weighted_average),false
1788956717.680,112.889,0.101,-3.004,1.646,-88.755,0.130,-3.000,1.638,-85.958,0.029,0.004,-0.008,0.030,12,weighted_average,kalman(weighted_average),false
1788956717.739,112.948,-2.421,-3.021,1.234,-119.787,0.130,-3.000,1.638,-106.789,2.551,0.021,0.405,2.583,12,weighted_average,kalman(weighted_average),true
1788956717.782,112.991,-0.086,-3.061,1.582,-91.104,-0.047,-3.050,1.592,-101.204,0.039,0.011,0.010,0.042,12,weighted_average,kalman(weighted_average),false
1788956717.844,113.053,-0.021,-3.011,1.620,-90.206,-0.055,-3.031,1.604,-96.560,-0.033,-0.020,-0.015,0.042,12,weighted_average,kalman(weighted_average),false
1788956717.950,113.159,0.052,-2.967,1.681,-89.178,0.016,-2.980,1.665,-91.304,-0.036,-0.013,-0.017,0.042,12,weighted_average,kalman(weighted_average),false
1788956717.999,113.208,-0.561,-3.154,1.476,-97.005,0.016,-2.980,1.665,-93.949,0.577,0.174,0.188,0.632,12,weighted_average,kalman(weighted_average),true
1788956718.053,113.262,-0.140,-3.009,1.681,-91.654,-0.112,-3.004,1.678,-92.547,0.028,0.005,-0.003,0.028,12,weighted_average,kalman(weighted_average),false
1788956718.101,113.310,-0.130,-2.994,1.693,-91.475,-0.140,-3.001,1.689,-91.686,-0.010,-0.007,-0.004,0.012,12,weighted_average,kalman(weighted_average),false
1788956718.151,113.360,0.006,-2.931,1.731,-89.652,-0.069,-2.961,1.717,-90.279,-0.074,-0.030,-0.014,0.081,12,weighted_average,kalman(weighted_average),false
1788956718.266,113.475,-0.192,-2.989,1.595,-92.197,-0.166,-2.978,1.624,-91.048,0.026,0.011,0.029,0.041,12,weighted_average,kalman(weighted_average),false
1788956718.316,113.525,-0.194,-2.978,1.684,-92.239,-0.199,-2.980,1.651,-91.793,-0.004,-0.002,-0.033,0.033,12,weighted_average,kalman(weighted_average),false
1788956718.369,113.578,-0.159,-2.943,1.780,-91.757,-0.188,-2.958,1.729,-91.921,-0.029,-0.015,-0.051,0.060,12,weighted_average,kalman(weighted_average),false
1788956718.417,113.626,-0.053,-2.905,1.590,-90.303,-0.112,-2.924,1.657,-91.175,-0.060,-0.018,0.066,0.091,12,weighted_average,kalman(weighted_average),false
1788956718.472,113.681,-0.075,-2.900,1.555,-90.572,-0.079,-2.901,1.588,-90.801,-0.004,-0.001,0.033,0.033,12,weighted_average,kalman(weighted_average),false
1788956718.574,113.783,-0.683,-3.096,1.316,-98.478,-0.079,-2.901,1.588,-95.990,0.604,0.195,0.272,0.690,12,weighted_average,kalman(weighted_average),true
1788956718.629,113.838,-1.942,-3.010,1.078,-114.058,-0.079,-2.901,1.588,-107.685,1.863,0.109,0.510,1.935,12,weighted_average,kalman(weighted_average),true
1788956718.679,113.888,-0.096,-2.877,1.650,-90.762,-0.095,-2.878,1.646,-100.645,0.001,-0.002,-0.004,0.004,12,weighted_average,kalman(weighted_average),false
1788956718.731,113.940,-0.173,-2.910,1.644,-91.811,-0.148,-2.897,1.650,-96.324,0.026,0.013,0.006,0.030,12,weighted_average,kalman(weighted_average),false
1788956718.778,113.987,-0.268,-2.951,1.617,-93.100,-0.228,-2.930,1.635,-94.229,0.041,0.021,0.018,0.049,12,weighted_average,kalman(weighted_average),false
1788956718.872,114.081,-2.296,-2.872,1.297,-118.857,-0.228,-2.930,1.635,-109.466,2.069,-0.057,0.338,2.097,12,weighted_average,kalman(weighted_average),true
1788956718.925,114.134,-0.061,-2.855,1.596,-90.253,-0.081,-2.864,1.601,-100.384,-0.021,-0.009,0.005,0.023,12,weighted_average,kalman(weighted_average),false
1788956718.976,114.185,0.012,-2.822,1.472,-89.207,-0.002,-2.829,1.512,-94.150,-0.015,-0.007,0.040,0.044,12,weighted_average,kalman(weighted_average),false
1788956719.028,114.237,-0.121,-2.893,1.546,-91.088,-0.051,-2.857,1.516,-91.394,0.070,0.036,-0.030,0.084,12,weighted_average,kalman(weighted_average),false
1788956719.072,114.281,0.017,-2.823,1.549,-89.145,-0.007,-2.836,1.527,-89.205,-0.025,-0.014,-0.022,0.036,12,weighted_average,kalman(weighted_average),false
1788956719.165,114.374,-2.382,-2.829,1.212,-119.940,-0.007,-2.836,1.527,-107.501,2.375,-0.007,0.316,2.395,12,weighted_average,kalman(weighted_average),true
1788956719.212,114.421,-2.353,-2.835,1.223,-119.549,-0.007,-2.836,1.527,-116.593,2.345,-0.002,0.304,2.365,12,weighted_average,kalman(weighted_average),true
1788956719.274,114.483,0.033,-2.826,1.672,-88.913,0.030,-2.827,1.662,-104.215,-0.003,-0.001,-0.010,0.011,12,weighted_average,kalman(weighted_average),false
1788956719.317,114.526,-2.317,-2.862,1.239,-119.010,0.030,-2.827,1.662,-111.673,2.347,0.035,0.423,2.385,12,weighted_average,kalman(weighted_average),true
1788956719.369,114.578,-2.342,-2.867,1.258,-119.279,0.030,-2.827,1.662,-116.754,2.372,0.039,0.404,2.407,12,weighted_average,kalman(weighted_average),true
1788956719.463,114.672,-2.332,-2.875,1.280,-119.133,0.030,-2.827,1.662,-120.420,2.363,0.048,0.382,2.394,12,weighted_average,kalman(weighted_average),true
1788956719.509,114.718,-0.147,-2.901,1.811,-91.339,-0.137,-2.897,1.803,-105.052,0.010,0.004,-0.008,0.014,12,weighted_average,kalman(weighted_average),false
1788956719.569,114.778,-0.147,-2.901,1.811,-91.339,-0.159,-2.906,1.821,-95.250,-0.012,-0.005,0.010,0.017,12,weighted_average,kalman(weighted_average),false
1788956719.615,114.824,-2.382,-2.869,1.235,-119.720,-0.159,-2.906,1.821,-105.573,2.223,-0.037,0.586,2.299,12,weighted_average,kalman(weighted_average),true
1788956719.667,114.876,-2.380,-2.869,1.234,-119.681,-0.159,-2.906,1.821,-112.855,2.221,-0.037,0.588,2.298,12,weighted_average,kalman(weighted_average),true
1788956719.756,114.965,-0.074,-2.907,1.775,-90.280,-0.081,-2.907,1.779,-99.777,-0.007,0.000,0.004,0.008,12,weighted_average,kalman(weighted_average),false
1788956719.808,115.017,-0.084,-2.923,1.690,-90.206,-0.076,-2.918,1.716,-92.671,0.009,0.005,0.026,0.028,12,weighted_average,kalman(weighted_average),false
1788956719.857,115.066,0.130,-2.813,1.780,-86.788,0.056,-2.855,1.743,-87.326,-0.073,-0.042,-0.037,0.092,12,weighted_average,kalman(weighted_average),false
1788956719.910,115.119,-2.405,-2.891,1.231,-118.760,0.056,-2.855,1.743,-101.630,2.461,0.036,0.512,2.514,12,weighted_average,kalman(weighted_average),true
1788956719.959,115.168,-0.050,-2.925,1.641,-88.205,-0.027,-2.910,1.663,-95.601,0.023,0.015,0.022,0.035,12,weighted_average,kalman(weighted_average),false
1788956720.051,115.260,-2.383,-2.879,1.118,-117.027,-0.027,-2.910,1.663,-108.995,2.355,-0.031,0.546,2.418,12,weighted_average,kalman(weighted_average),true
1788956720.103,115.312,-0.122,-2.935,1.655,-88.156,-0.111,-2.932,1.656,-98.850,0.012,0.003,0.001,0.012,12,weighted_average,kalman(weighted_average),false
1788956720.152,115.361,-2.357,-2.898,1.206,-116.381,-0.111,-2.932,1.656,-107.954,2.246,-0.034,0.451,2.291,12,weighted_average,kalman(weighted_average),true
1788956720.206,115.415,-0.033,-2.915,1.703,-86.560,-0.048,-2.919,1.694,-97.799,-0.016,-0.003,-0.009,0.018,12,weighted_average,kalman(weighted_average),false
1788956720.253,115.462,0.016,-2.887,1.707,-85.494,-0.001,-2.897,1.707,-90.621,-0.017,-0.010,-0.000,0.020,12,weighted_average,kalman(weighted_average),false
1788956720.347,115.556,0.013,-2.872,1.700,-84.451,0.024,-2.873,1.707,-84.141,0.011,-0.001,0.008,0.014,12,weighted_average,kalman(weighted_average),false
1788956720.398,115.607,0.026,-2.848,1.890,-83.443,0.031,-2.852,1.828,-82.211,0.005,-0.004,-0.062,0.062,12,weighted_average,kalman(weighted_average),false
1788956720.448,115.657,0.009,-2.841,1.870,-83.190,0.022,-2.839,1.875,-81.388,0.013,0.002,0.005,0.014,12,weighted_average,kalman(weighted_average),false
1788956720.501,115.710,0.077,-2.790,1.908,-81.463,0.057,-2.803,1.916,-80.359,-0.020,-0.013,0.008,0.025,12,weighted_average,kalman(weighted_average),false
1788956720.552,115.761,-2.481,-2.788,1.122,-114.168,0.057,-2.803,1.916,-97.251,2.538,-0.015,0.794,2.659,12,weighted_average,kalman(weighted_average),true
1788956720.645,115.854,-2.342,-2.803,1.035,-112.042,0.057,-2.803,1.916,-109.979,2.399,0.000,0.881,2.556,12,weighted_average,kalman(weighted_average),true
1788956720.696,115.905,-0.040,-2.788,1.921,-82.118,-0.032,-2.789,1.920,-96.512,0.008,-0.001,-0.000,0.008,12,weighted_average,kalman(weighted_average),false
1788956720.744,115.953,-0.028,-2.771,1.983,-81.904,-0.038,-2.776,1.961,-88.333,-0.010,-0.005,-0.022,0.025,12,weighted_average,kalman(weighted_average),false
1788956720.803,116.012,-0.098,-2.805,1.865,-82.810,-0.084,-2.792,1.906,-83.434,0.014,0.013,0.041,0.045,12,weighted_average,kalman(weighted_average),false
1788956720.846,116.055,-0.077,-2.785,1.911,-82.468,-0.090,-2.789,1.903,-81.366,-0.013,-0.004,-0.008,0.016,12,weighted_average,kalman(weighted_average),false
1788956720.939,116.148,-0.039,-2.749,1.867,-81.865,-0.061,-2.759,1.870,-79.525,-0.022,-0.010,0.004,0.024,12,weighted_average,kalman(weighted_average),false
1788956720.989,116.198,-0.204,-2.796,1.807,-84.104,-0.151,-2.779,1.823,-81.376,0.053,0.017,0.017,0.058,12,weighted_average,kalman(weighted_average),false
1788956721.043,116.252,-2.344,-2.711,1.100,-112.250,-0.151,-2.779,1.823,-98.262,2.193,-0.068,0.724,2.310,12,weighted_average,kalman(weighted_average),true
1788956721.091,116.300,-0.267,-2.763,1.901,-84.809,-0.242,-2.766,1.885,-93.799,0.025,-0.003,-0.017,0.030,12,weighted_average,kalman(weighted_average),false
1788956721.141,116.350,-0.702,-2.885,1.716,-90.643,-0.242,-2.766,1.885,-93.236,0.460,0.119,0.168,0.504,12,weighted_average,kalman(weighted_average),true
1788956721.235,116.444,-0.042,-2.647,1.976,-81.516,-0.070,-2.664,1.964,-86.310,-0.027,-0.016,-0.013,0.034,12,weighted_average,kalman(weighted_average),false
1788956721.281,116.490,-0.085,-2.659,1.889,-82.223,-0.061,-2.650,1.925,-83.218,0.024,0.009,0.035,0.044,12,weighted_average,kalman(weighted_average),false
1788956721.338,116.547,-0.166,-2.670,1.891,-83.331,-0.113,-2.652,1.903,-82.050,0.053,0.018,0.012,0.057,12,weighted_average,kalman(weighted_average),false
1788956721.389,116.598,-0.182,-2.687,1.690,-83.579,-0.158,-2.669,1.767,-81.987,0.024,0.018,0.077,0.082,12,weighted_average,kalman(weighted_average),false
1788956721.435,116.644,-0.115,-2.623,1.902,-82.527,-0.141,-2.642,1.821,-81.704,-0.026,-0.020,-0.081,0.087,12,weighted_average,kalman(weighted_average),false
1788956721.522,116.732,-0.096,-2.608,1.834,-82.248,-0.111,-2.612,1.823,-81.452,-0.015,-0.004,-0.011,0.019,12,weighted_average,kalman(weighted_average),false
1788956721.574,116.783,-0.175,-2.630,1.819,-83.366,-0.149,-2.618,1.820,-82.347,0.027,0.012,0.001,0.029,12,weighted_average,kalman(weighted_average),false
1788956721.627,116.836,-0.051,-2.550,1.873,-81.863,-0.092,-2.573,1.852,-82.097,-0.041,-0.023,-0.021,0.051,12,weighted_average,kalman(weighted_average),false
1788956721.676,116.885,-0.143,-2.577,1.943,-83.486,-0.115,-2.567,1.911,-82.793,0.028,0.011,-0.032,0.044,12,weighted_average,kalman(weighted_average),false
1788956721.726,116.935,-0.047,-2.534,1.887,-82.751,-0.074,-2.541,1.910,-82.869,-0.027,-0.007,0.024,0.036,12,weighted_average,kalman(weighted_average),false
1788956721.822,117.031,-0.125,-2.537,1.882,-84.954,-0.105,-2.529,1.897,-84.350,0.021,0.008,0.015,0.027,12,weighted_average,kalman(weighted_average),false
1788956721.873,117.082,-0.092,-2.514,1.899,-84.799,-0.100,-2.516,1.898,-84.857,-0.008,-0.002,-0.002,0.008,12,weighted_average,kalman(weighted_average),false
1788956721.928,117.137,-2.338,-2.476,1.064,-116.812,-0.100,-2.516,1.898,-103.046,2.238,-0.040,0.834,2.389,12,weighted_average,kalman(weighted_average),true
1788956721.977,117.186,-0.476,-2.627,1.857,-91.376,-0.399,-2.604,1.865,-99.966,0.077,0.023,0.008,0.081,12,weighted_average,kalman(weighted_average),false
1788956722.031,117.240,-0.136,-2.521,1.755,-86.812,-0.399,-2.604,1.865,-94.664,-0.263,-0.083,0.111,0.297,12,weighted_average,kalman(weighted_average),true
1788956722.120,117.329,-0.066,-2.442,1.953,-86.690,-0.112,-2.465,1.941,-89.654,-0.046,-0.022,-0.012,0.053,12,weighted_average,kalman(weighted_average),false
1788956722.173,117.382,-0.062,-2.429,1.925,-87.015,-0.046,-2.425,1.939,-87.384,0.016,0.004,0.014,0.022,12,weighted_average,kalman(weighted_average),false
1788956722.229,117.438,-0.058,-2.413,2.008,-87.103,-0.022,-2.401,1.989,-86.335,0.036,0.012,-0.019,0.042,12,weighted_average,kalman(weighted_average),false
1788956722.271,117.480,-0.197,-2.468,1.968,-89.272,-0.106,-2.429,1.987,-87.204,0.091,0.039,0.019,0.100,12,weighted_average,kalman(weighted_average),false
1788956722.321,117.530,-0.062,-2.385,1.983,-87.301,-0.082,-2.400,1.992,-86.889,-0.021,-0.015,0.008,0.027,12,weighted_average,kalman(weighted_average),false
1788956722.414,117.623,-0.173,-2.420,1.992,-89.097,-0.147,-2.407,1.997,-87.945,0.026,0.013,0.005,0.029,12,weighted_average,kalman(weighted_average),false
1788956722.464,117.673,-0.079,-2.359,1.977,-87.718,-0.112,-2.376,1.986,-87.885,-0.033,-0.017,0.009,0.038,12,weighted_average,kalman(weighted_average),false
1788956722.513,117.722,-0.128,-2.377,1.956,-88.611,-0.122,-2.372,1.966,-88.314,0.007,0.006,0.011,0.014,12,weighted_average,kalman(weighted_average),false
1788956722.579,117.788,-0.096,-2.365,1.880,-88.165,-0.107,-2.363,1.905,-88.342,-0.010,0.002,0.025,0.027,12,weighted_average,kalman(weighted_average),false
1788956722.616,117.825,-0.089,-2.359,1.891,-88.125,-0.095,-2.358,1.887,-88.281,-0.006,0.001,-0.004,0.007,12,weighted_average,kalman(weighted_average),false
1788956722.711,117.920,-0.128,-2.346,1.942,-88.842,-0.116,-2.346,1.915,-88.693,0.012,0.000,-0.027,0.030,12,weighted_average,kalman(weighted_average),false
1788956722.763,117.972,-0.029,-2.278,1.973,-87.361,-0.061,-2.299,1.956,-87.988,-0.032,-0.020,-0.017,0.041,12,weighted_average,kalman(weighted_average),false
1788956722.811,118.020,-0.099,-2.300,1.977,-88.500,-0.077,-2.290,1.977,-88.199,0.022,0.010,0.000,0.024,12,weighted_average,kalman(weighted_average),false
1788956722.866,118.075,-0.087,-2.284,1.956,-88.396,-0.081,-2.279,1.973,-88.294,0.006,0.005,0.017,0.019,12,weighted_average,kalman(weighted_average),false
1788956722.913,118.122,-0.070,-2.279,1.890,-88.171,-0.074,-2.273,1.928,-88.240,-0.004,0.005,0.038,0.039,12,weighted_average,kalman(weighted_average),false
1788956723.007,118.216,-0.052,-2.225,1.970,-87.944,-0.056,-2.232,1.953,-88.042,-0.004,-0.007,-0.017,0.019,12,weighted_average,kalman(weighted_average),false
1788956723.070,118.279,-0.058,-2.210,2.021,-88.116,-0.054,-2.209,2.004,-88.054,0.004,0.001,-0.017,0.018,12,weighted_average,kalman(weighted_average),false
1788956723.143,118.352,-0.022,-2.181,2.012,-87.538,-0.029,-2.181,2.020,-87.706,-0.007,-0.000,0.008,0.011,12,weighted_average,kalman(weighted_average),false
1788956723.187,118.396,-0.049,-2.171,2.003,-88.006,-0.037,-2.168,2.016,-87.813,0.012,0.003,0.012,0.017,12,weighted_average,kalman(weighted_average),false
1788956723.279,118.488,-0.026,-2.127,2.017,-87.690,-0.027,-2.129,2.020,-87.695,-0.001,-0.002,0.003,0.004,12,weighted_average,kalman(weighted_average),false
1788956723.333,118.542,-0.062,-2.129,2.002,-88.334,-0.049,-2.122,2.009,-88.046,0.014,0.007,0.007,0.017,12,weighted_average,kalman(weighted_average),false
1788956723.381,118.590,-0.017,-2.103,1.964,-87.606,-0.032,-2.105,1.980,-87.846,-0.015,-0.002,0.017,0.022,12,weighted_average,kalman(weighted_average),false
1788956723.487,118.696,0.017,-2.071,1.977,-87.025,0.009,-2.071,1.972,-87.257,-0.008,-0.000,-0.006,0.010,12,weighted_average,kalman(weighted_average),false
1788956723.582,118.791,-0.029,-2.035,2.015,-87.898,-0.016,-2.036,2.005,-87.619,0.014,-0.001,-0.010,0.017,12,weighted_average,kalman(weighted_average),false
1788956723.654,118.863,-0.003,-2.009,2.005,-87.439,-0.009,-2.009,2.009,-87.522,-0.006,-0.000,0.005,0.007,12,weighted_average,kalman(weighted_average),false
1788956723.708,118.917,-0.038,-2.008,2.003,-88.048,-0.028,-2.002,2.008,-87.828,0.010,0.007,0.005,0.013,12,weighted_average,kalman(weighted_average),false
1788956723.751,118.960,-0.043,-2.003,1.989,-88.132,-0.039,-1.998,1.998,-88.028,0.003,0.005,0.009,0.011,12,weighted_average,kalman(weighted_average),false
1788956723.841,119.050,0.024,-1.918,2.047,-86.907,0.003,-1.934,2.034,-87.386,-0.021,-0.016,-0.014,0.030,12,weighted_average,kalman(weighted_average),false
1788956723.898,119.107,-0.029,-1.932,2.064,-87.886,-0.012,-1.921,2.059,-87.604,0.017,0.010,-0.004,0.020,12,weighted_average,kalman(weighted_average),false
1788956723.944,119.153,0.012,-1.900,2.052,-87.167,0.003,-1.901,2.062,-87.359,-0.009,-0.001,0.010,0.013,12,weighted_average,kalman(weighted_average),false
1788956723.998,119.207,-0.000,-1.893,2.024,-87.387,0.004,-1.887,2.044,-87.321,0.004,0.006,0.020,0.021,12,weighted_average,kalman(weighted_average),false
1788956724.052,119.261,-0.024,-1.899,2.018,-87.832,-0.012,-1.887,2.027,-87.554,0.013,0.011,0.010,0.020,12,weighted_average,kalman(weighted_average),false
1788956724.145,119.354,0.017,-1.851,2.012,-87.077,0.008,-1.855,2.012,-87.257,-0.009,-0.005,-0.000,0.010,12,weighted_average,kalman(weighted_average),false
1788956724.193,119.402,0.047,-1.808,2.035,-86.334,0.035,-1.820,2.024,-86.697,-0.011,-0.012,-0.011,0.020,12,weighted_average,kalman(weighted_average),false
1788956724.244,119.453,0.028,-1.813,2.036,-86.370,0.037,-1.806,2.032,-86.396,0.009,0.007,-0.004,0.013,12,weighted_average,kalman(weighted_average),false
1788956724.300,119.509,0.024,-1.793,2.052,-85.706,0.033,-1.790,2.046,-85.881,0.009,0.003,-0.006,0.011,12,weighted_average,kalman(weighted_average),false
1788956724.350,119.559,-0.001,-1.811,2.028,-85.836,0.014,-1.796,2.038,-85.694,0.015,0.015,0.010,0.023,12,weighted_average,kalman(weighted_average),false
1788956724.440,119.649,0.022,-1.772,2.059,-84.274,0.017,-1.775,2.054,-84.588,-0.005,-0.003,-0.005,0.008,12,weighted_average,kalman(weighted_average),false
1788956724.491,119.700,0.016,-1.760,2.018,-83.600,0.016,-1.761,2.033,-83.810,0.000,-0.001,0.015,0.015,12,weighted_average,kalman(weighted_average),false
1788956724.544,119.753,-0.001,-1.764,2.034,-83.535,0.005,-1.758,2.032,-83.373,0.006,0.006,-0.002,0.009,12,weighted_average,kalman(weighted_average),false
1788956724.595,119.804,-0.073,-1.785,2.118,-84.159,-0.044,-1.771,2.083,-83.544,0.029,0.013,-0.035,0.047,12,weighted_average,kalman(weighted_average),false
1788956724.641,119.850,-0.093,-1.782,2.133,-84.125,-0.082,-1.778,2.120,-83.710,0.011,0.004,-0.013,0.017,12,weighted_average,kalman(weighted_average),false
1788956724.733,119.942,-0.034,-1.746,2.029,-81.971,-0.061,-1.756,2.065,-82.504,-0.027,-0.010,0.037,0.047,12,weighted_average,kalman(weighted_average),false
1788956724.781,119.990,-0.035,-1.756,1.978,-81.675,-0.043,-1.753,2.003,-81.838,-0.009,0.003,0.025,0.027,12,weighted_average,kalman(weighted_average),false
1788956724.849,120.058,-0.009,-1.728,2.032,-80.464,-0.016,-1.733,2.007,-80.713,-0.007,-0.005,-0.025,0.027,12,weighted_average,kalman(weighted_average),false
1788956724.885,120.094,0.021,-1.710,2.008,-79.545,0.010,-1.717,2.003,-79.888,-0.011,-0.007,-0.004,0.014,12,weighted_average,kalman(weighted_average),false
1788956724.935,120.144,-0.028,-1.738,2.023,-79.793,-0.003,-1.723,2.010,-79.446,0.025,0.015,-0.013,0.032,12,weighted_average,kalman(weighted_average),false
1788956725.025,120.234,-0.010,-1.725,2.021,-78.353,-0.005,-1.722,2.017,-78.310,0.005,0.003,-0.004,0.007,12,weighted_average,kalman(weighted_average),false
1788956725.077,120.286,-0.001,-1.707,2.004,-77.742,-0.002,-1.712,2.009,-77.698,-0.001,-0.005,0.005,0.007,12,weighted_average,kalman(weighted_average),false
1788956725.128,120.337,-0.001,-1.704,2.015,-77.032,-0.001,-1.705,2.012,-77.048,0.000,-0.001,-0.003,0.003,12,weighted_average,kalman(weighted_average),false
1788956725.176,120.385,-0.015,-1.708,1.989,-76.942,-0.009,-1.704,1.998,-76.699,0.006,0.004,0.009,0.012,12,weighted_average,kalman(weighted_average),false
1788956725.235,120.444,0.007,-1.697,2.009,-75.892,-0.000,-1.698,2.002,-75.972,-0.007,-0.001,-0.007,0.010,12,weighted_average,kalman(weighted_average),false
1788956725.323,120.532,0.026,-1.683,2.002,-74.467,0.021,-1.685,2.002,-74.644,-0.006,-0.002,-0.001,0.006,12,weighted_average,kalman(weighted_average),false
1788956725.380,120.589,0.015,-1.702,1.947,-74.384,0.020,-1.694,1.965,-74.172,0.005,0.008,0.018,0.020,12,weighted_average,kalman(weighted_average),false
1788956725.428,120.637,0.041,-1.676,1.990,-73.040,0.035,-1.683,1.974,-73.306,-0.006,-0.007,-0.016,0.019,12,weighted_average,kalman(weighted_average),false
1788956725.487,120.696,0.007,-1.694,1.977,-73.286,0.021,-1.688,1.974,-72.934,0.014,0.006,-0.003,0.015,12,weighted_average,kalman(weighted_average),false
1788956725.526,120.735,0.022,-1.690,1.981,-72.258,0.021,-1.689,1.977,-72.391,-0.001,0.001,-0.004,0.004,12,weighted_average,kalman(weighted_average),false
1788956725.611,120.820,0.042,-1.677,1.950,-71.095,0.035,-1.681,1.958,-71.214,-0.006,-0.004,0.007,0.010,12,weighted_average,kalman(weighted_average),false
1788956725.666,120.876,0.006,-1.706,1.925,-71.010,0.018,-1.696,1.933,-70.793,0.012,0.010,0.008,0.017,12,weighted_average,kalman(weighted_average),false
1788956725.711,120.920,0.011,-1.703,1.937,-70.526,0.013,-1.702,1.930,-70.424,0.001,0.001,-0.007,0.007,12,weighted_average,kalman(weighted_average),false
1788956725.769,120.978,0.015,-1.706,1.897,-69.636,0.012,-1.707,1.904,-69.729,-0.003,-0.001,0.008,0.008,12,weighted_average,kalman(weighted_average),false
1788956725.812,121.021,0.023,-1.703,1.913,-68.670,0.017,-1.706,1.903,-68.969,-0.006,-0.004,-0.010,0.012,12,weighted_average,kalman(weighted_average),false
1788956725.900,121.109,0.004,-1.707,1.913,-68.144,0.008,-1.708,1.905,-68.030,0.004,-0.001,-0.007,0.008,12,weighted_average,kalman(weighted_average),false
1788956725.950,121.159,-0.003,-1.719,1.887,-67.461,-0.001,-1.716,1.893,-67.458,0.002,0.003,0.006,0.007,12,weighted_average,kalman(weighted_average),false
1788956726.013,121.222,0.003,-1.713,1.890,-66.933,-0.001,-1.716,1.888,-66.852,-0.004,-0.003,-0.001,0.005,12,weighted_average,kalman(weighted_average),false
1788956726.055,121.264,0.037,-1.687,1.939,-65.802,0.020,-1.699,1.916,-66.094,-0.017,-0.013,-0.023,0.031,12,weighted_average,kalman(weighted_average),false
1788956726.121,121.330,0.016,-1.705,1.909,-65.463,0.021,-1.701,1.916,-65.365,0.005,0.005,0.006,0.009,12,weighted_average,kalman(weighted_average),false
1788956726.211,121.420,0.025,-1.693,1.932,-64.066,0.025,-1.694,1.929,-64.141,0.001,-0.001,-0.002,0.003,12,weighted_average,kalman(weighted_average),false
1788956726.262,121.471,0.003,-1.723,1.890,-63.806,0.012,-1.712,1.906,-63.670,0.008,0.011,0.016,0.021,12,weighted_average,kalman(weighted_average),false
1788956726.328,121.537,0.021,-1.706,1.885,-63.078,0.016,-1.710,1.889,-63.002,-0.005,-0.004,0.004,0.008,12,weighted_average,kalman(weighted_average),false
1788956726.367,121.576,0.014,-1.705,1.936,-62.360,0.015,-1.708,1.913,-62.470,0.001,-0.003,-0.023,0.023,12,weighted_average,kalman(weighted_average),false
1788956726.415,121.624,0.011,-1.705,1.932,-62.056,0.012,-1.706,1.925,-61.982,0.002,-0.001,-0.007,0.007,12,weighted_average,kalman(weighted_average),false
1788956726.505,121.714,0.070,-1.569,2.016,-58.551,0.054,-1.604,1.996,-59.412,-0.016,-0.035,-0.020,0.043,8|12,weighted_average,kalman(weighted_average),false
1788956726.566,121.775,0.061,-1.575,2.018,-58.285,0.066,-1.567,2.023,-58.201,0.004,0.008,0.006,0.011,8|12,weighted_average,kalman(weighted_average),false
1788956726.611,121.821,0.048,-1.580,2.019,-58.176,0.060,-1.562,2.030,-57.740,0.012,0.018,0.011,0.024,8|12,weighted_average,kalman(weighted_average),false
1788956726.671,121.880,0.046,-1.578,2.028,-57.385,0.054,-1.561,2.037,-57.076,0.007,0.016,0.009,0.020,8|12,weighted_average,kalman(weighted_average),false
1788956726.712,121.921,0.061,-1.578,2.002,-56.762,0.058,-1.567,2.022,-56.609,-0.003,0.011,0.020,0.023,8|12,weighted_average,kalman(weighted_average),false
1788956726.800,122.009,0.061,-1.571,2.025,-55.508,0.061,-1.567,2.024,-55.464,0.000,0.004,-0.000,0.004,8|12,weighted_average,kalman(weighted_average),false
1788956726.852,122.061,0.054,-1.566,2.045,-54.733,0.057,-1.566,2.038,-54.749,0.003,-0.000,-0.007,0.007,8|12,weighted_average,kalman(weighted_average),false
1788956726.921,122.130,0.013,-1.697,1.969,-55.966,0.027,-1.655,1.993,-55.114,0.014,0.041,0.025,0.050,12,weighted_average,kalman(weighted_average),false
1788956726.977,122.186,0.060,-1.568,2.041,-53.871,0.043,-1.613,2.018,-54.289,-0.017,-0.045,-0.023,0.053,8|12,weighted_average,kalman(weighted_average),false
1788956727.066,122.275,0.041,-1.582,2.035,-52.675,0.042,-1.591,2.032,-52.966,0.001,-0.008,-0.003,0.009,8|12,weighted_average,kalman(weighted_average),false
1788956727.117,122.326,0.051,-1.578,2.035,-51.717,0.048,-1.579,2.036,-51.974,-0.003,-0.001,0.001,0.004,8|12,weighted_average,kalman(weighted_average),false
1788956727.176,122.385,0.045,-1.580,2.041,-51.386,0.047,-1.575,2.042,-51.260,0.002,0.005,0.001,0.005,8|12,weighted_average,kalman(weighted_average),false
1788956727.223,122.432,0.040,-1.591,2.038,-50.725,0.043,-1.582,2.041,-50.674,0.003,0.009,0.003,0.010,8|12,weighted_average,kalman(weighted_average),false
1788956727.297,122.506,0.055,-1.515,2.090,-49.473,0.051,-1.535,2.076,-49.559,-0.004,-0.021,-0.014,0.025,8,weighted_average,kalman(weighted_average),false
1788956727.385,122.594,0.045,-1.587,2.049,-48.505,0.048,-1.566,2.063,-48.442,0.003,0.021,0.013,0.025,8|12,weighted_average,kalman(weighted_average),false
1788956727.450,122.659,0.044,-1.588,2.052,-48.113,0.045,-1.584,2.054,-47.915,0.001,0.003,0.002,0.004,8|12,weighted_average,kalman(weighted_average),false
1788956727.494,122.703,0.024,-1.599,2.053,-47.667,0.032,-1.597,2.052,-47.558,0.007,0.002,-0.001,0.008,8|12,weighted_average,kalman(weighted_average),false
1788956727.547,122.757,0.033,-1.593,2.055,-47.118,0.030,-1.600,2.052,-47.069,-0.003,-0.007,-0.002,0.008,8|12,weighted_average,kalman(weighted_average),false
1788956727.594,122.803,-0.029,-1.598,2.011,-48.396,-0.007,-1.602,2.028,-47.524,0.023,-0.004,0.016,0.028,11,weighted_average,kalman(weighted_average),false
1788956727.679,122.888,-0.035,-1.623,2.016,-47.616,-0.036,-1.620,2.013,-47.476,-0.001,0.003,-0.002,0.004,11|12,weighted_average,kalman(weighted_average),false
1788956727.731,122.940,-0.021,-1.609,2.035,-46.359,-0.032,-1.616,2.024,-46.803,-0.012,-0.007,-0.011,0.018,8|11|12,weighted_average,kalman(weighted_average),false
1788956727.786,122.995,-0.024,-1.613,2.034,-45.969,-0.030,-1.616,2.030,-46.199,-0.006,-0.002,-0.004,0.008,8|11|12,weighted_average,kalman(weighted_average),false
1788956727.837,123.046,-0.025,-1.618,2.035,-45.268,-0.028,-1.618,2.034,-45.517,-0.003,0.000,-0.001,0.003,8|11|12,weighted_average,kalman(weighted_average),false
1788956727.882,123.091,-0.042,-1.624,2.009,-45.224,-0.037,-1.622,2.021,-45.151,0.006,0.002,0.012,0.013,11,weighted_average,kalman(weighted_average),false
1788956727.971,123.181,-0.051,-1.629,2.017,-44.534,-0.049,-1.629,2.016,-44.455,0.002,0.000,-0.001,0.002,11,weighted_average,kalman(weighted_average),false
1788956728.023,123.232,-0.032,-1.622,2.032,-43.096,-0.040,-1.626,2.025,-43.495,-0.008,-0.004,-0.007,0.011,8|11,weighted_average,kalman(weighted_average),false
1788956728.108,123.317,-0.055,-1.638,2.018,-43.423,-0.051,-1.635,2.021,-43.095,0.004,0.003,0.003,0.006,11,weighted_average,kalman(weighted_average),false
1788956728.147,123.356,0.006,-1.566,2.030,-40.512,-0.019,-1.595,2.026,-41.580,-0.024,-0.029,-0.004,0.038,10,weighted_average,kalman(weighted_average),false
1788956728.241,123.450,-0.035,-1.630,2.023,-40.689,-0.026,-1.615,2.024,-40.474,0.009,0.015,0.001,0.018,8|10|11,weighted_average,kalman(weighted_average),false
1788956728.297,123.506,-0.052,-1.647,2.001,-40.487,-0.044,-1.639,2.009,-40.185,0.008,0.008,0.007,0.013,10|11,weighted_average,kalman(weighted_average),false
1788956728.345,123.554,-0.041,-1.647,2.011,-39.765,-0.045,-1.649,2.007,-39.735,-0.004,-0.002,-0.003,0.005,8|11,weighted_average,kalman(weighted_average),false
1788956728.393,123.602,-0.040,-1.644,2.012,-38.959,-0.045,-1.651,2.009,-39.109,-0.004,-0.007,-0.004,0.009,8|10|11,weighted_average,kalman(weighted_average),false
1788956728.441,123.650,-0.047,-1.653,2.007,-38.757,-0.047,-1.655,2.007,-38.673,-0.000,-0.002,-0.000,0.002,8|11,weighted_average,kalman(weighted_average),false
1788956728.529,123.739,-0.045,-1.652,2.009,-37.676,-0.047,-1.656,2.007,-37.705,-0.002,-0.004,-0.002,0.005,8|10|11,weighted_average,kalman(weighted_average),false
1788956728.575,123.784,-0.078,-1.676,1.992,-38.335,-0.067,-1.669,1.998,-37.833,0.011,0.007,0.006,0.015,11,weighted_average,kalman(weighted_average),false
1788956728.626,123.835,-0.049,-1.666,2.001,-36.894,-0.059,-1.670,1.998,-37.185,-0.010,-0.004,-0.003,0.012,8|11,weighted_average,kalman(weighted_average),false
1788956728.682,123.891,-0.079,-1.681,1.993,-37.345,-0.073,-1.679,1.994,-37.050,0.007,0.002,0.001,0.007,11,weighted_average,kalman(weighted_average),false
1788956728.739,123.948,-0.054,-1.669,1.999,-36.060,-0.064,-1.675,1.996,-36.348,-0.010,-0.006,-0.003,0.012,8|10|11,weighted_average,kalman(weighted_average),false
1788956728.827,124.036,-0.050,-1.672,2.003,-34.876,-0.053,-1.674,2.001,-35.123,-0.003,-0.001,-0.002,0.004,8|10|11,weighted_average,kalman(weighted_average),false
1788956728.879,124.088,-0.072,-1.685,1.993,-35.149,-0.064,-1.681,1.997,-34.878,0.008,0.004,0.003,0.010,10|11,weighted_average,kalman(weighted_average),false
1788956728.933,124.142,-0.054,-1.682,1.998,-33.999,-0.059,-1.683,1.997,-34.171,-0.004,-0.001,-0.001,0.005,8|10|11,weighted_average,kalman(weighted_average),false
1788956728.984,124.193,-0.068,-1.693,2.005,-33.939,-0.064,-1.690,2.002,-33.795,0.004,0.003,-0.003,0.006,8|11,weighted_average,kalman(weighted_average),false
1788956729.038,124.247,-0.055,-1.686,2.000,-32.913,-0.059,-1.689,2.001,-33.080,-0.004,-0.004,0.002,0.006,8|10|11,weighted_average,kalman(weighted_average),false
1788956729.132,124.341,-0.057,-1.689,1.993,-31.883,-0.057,-1.690,1.996,-31.939,0.000,-0.001,0.002,0.002,8|10|11,weighted_average,kalman(weighted_average),false
1788956729.180,124.389,-0.079,-1.698,1.990,-32.096,-0.071,-1.695,1.991,-31.788,0.008,0.003,0.001,0.009,10|11,weighted_average,kalman(weighted_average),false
1788956729.233,124.442,-0.057,-1.692,1.992,-30.824,-0.064,-1.694,1.990,-31.048,-0.007,-0.002,-0.001,0.008,8|10|11,weighted_average,kalman(weighted_average),false
1788956729.282,124.491,-0.077,-1.702,1.982,-30.660,-0.072,-1.699,1.984,-30.597,0.005,0.003,0.002,0.006,10|11,weighted_average,kalman(weighted_average),false
1788956729.336,124.545,-0.059,-1.695,1.993,-29.723,-0.065,-1.698,1.988,-29.875,-0.006,-0.003,-0.005,0.009,8|10|11,weighted_average,kalman(weighted_average),false
1788956729.422,124.631,-0.059,-1.696,1.991,-28.549,-0.060,-1.697,1.990,-28.672,-0.001,-0.001,-0.001,0.002,8|10|11,weighted_average,kalman(weighted_average),false
1788956729.474,124.683,-0.077,-1.700,1.984,-28.555,-0.070,-1.699,1.987,-28.316,0.007,0.001,0.002,0.007,10|11,weighted_average,kalman(weighted_average),false
1788956729.533,124.743,-0.077,-1.699,1.980,-27.765,-0.076,-1.699,1.982,-27.729,0.001,-0.000,0.002,0.002,10|11,weighted_average,kalman(weighted_average),false
1788956729.575,124.784,-0.083,-1.700,1.991,-27.473,-0.081,-1.700,1.986,-27.386,0.002,0.000,-0.004,0.005,10|11,weighted_average,kalman(weighted_average),false
1788956729.626,124.835,-0.065,-1.692,1.991,-26.172,-0.074,-1.695,1.989,-26.525,-0.009,-0.004,-0.002,0.010,8|10|11,weighted_average,kalman(weighted_average),false
1788956729.715,124.924,-0.093,-1.717,1.971,-26.372,-0.088,-1.710,1.976,-26.033,0.005,0.006,0.005,0.010,11,weighted_average,kalman(weighted_average),false
1788956729.766,124.975,-0.087,-1.700,1.985,-25.229,-0.090,-1.706,1.980,-25.396,-0.002,-0.006,-0.005,0.008,10|11,weighted_average,kalman(weighted_average),false
1788956729.814,125.023,-0.081,-1.695,1.980,-24.230,-0.086,-1.700,1.979,-24.559,-0.005,-0.005,-0.001,0.007,10|11,weighted_average,kalman(weighted_average),false
1788956729.865,125.074,-0.074,-1.690,2.001,-23.531,-0.079,-1.693,1.992,-23.722,-0.005,-0.003,-0.009,0.011,8|10|11,weighted_average,kalman(weighted_average),false
1788956729.915,125.124,-0.088,-1.696,1.981,-23.102,-0.084,-1.693,1.987,-23.070,0.005,0.003,0.006,0.009,10|11,weighted_average,kalman(weighted_average),false
1788956730.004,125.213,-0.087,-1.694,1.984,-22.164,-0.086,-1.693,1.985,-22.060,0.001,0.001,0.001,0.002,10|11,weighted_average,kalman(weighted_average),false
1788956730.051,125.260,-0.110,-1.710,1.990,-21.796,-0.102,-1.703,1.988,-21.655,0.008,0.006,-0.002,0.010,11,weighted_average,kalman(weighted_average),false
1788956730.109,125.318,-0.101,-1.708,1.977,-21.225,-0.105,-1.708,1.981,-21.137,-0.003,0.000,0.004,0.005,11,weighted_average,kalman(weighted_average),false
1788956730.152,125.361,-0.111,-1.705,1.987,-20.388,-0.110,-1.708,1.984,-20.543,0.001,-0.003,-0.004,0.005,11,weighted_average,kalman(weighted_average),false
1788956730.207,125.416,-0.109,-1.707,1.978,-20.013,-0.112,-1.709,1.980,-19.970,-0.003,-0.001,0.002,0.004,11,weighted_average,kalman(weighted_average),false
1788956730.294,125.503,-0.110,-1.706,1.980,-18.677,-0.112,-1.707,1.979,-18.800,-0.002,-0.002,-0.001,0.003,11,weighted_average,kalman(weighted_average),false
1788956730.344,125.553,-0.101,-1.689,1.988,-17.843,-0.106,-1.695,1.984,-17.987,-0.004,-0.006,-0.003,0.008,10|11,weighted_average,kalman(weighted_average),false
1788956730.396,125.605,-0.105,-1.687,1.995,-17.012,-0.104,-1.688,1.992,-17.126,0.001,-0.001,-0.003,0.004,10|11,weighted_average,kalman(weighted_average),false
1788956730.448,125.657,-0.092,-1.678,2.005,-16.118,-0.096,-1.679,2.001,-16.228,-0.004,-0.001,-0.003,0.005,8|10|11,weighted_average,kalman(weighted_average),false
1788956730.493,125.702,-0.105,-1.685,1.996,-15.283,-0.099,-1.680,2.001,-15.406,0.005,0.005,0.005,0.009,10|11,weighted_average,kalman(weighted_average),false
1788956730.579,125.788,-0.115,-1.689,2.005,-15.113,-0.110,-1.684,2.005,-14.692,0.005,0.004,0.001,0.007,10|11,weighted_average,kalman(weighted_average),false
1788956730.632,125.841,-0.110,-1.688,1.998,-14.126,-0.112,-1.687,2.002,-14.109,-0.002,0.001,0.004,0.004,10|11,weighted_average,kalman(weighted_average),false
1788956730.679,125.888,-0.122,-1.704,1.984,-13.710,-0.119,-1.698,1.991,-13.644,0.003,0.006,0.007,0.010,11,weighted_average,kalman(weighted_average),false
1788956730.732,125.941,-0.115,-1.686,1.991,-12.812,-0.119,-1.693,1.989,-12.930,-0.004,-0.007,-0.002,0.008,10|11,weighted_average,kalman(weighted_average),false
1788956730.783,125.992,-0.126,-1.701,1.982,-12.367,-0.124,-1.698,1.984,-12.350,0.002,0.003,0.001,0.004,11,weighted_average,kalman(weighted_average),false
1788956730.869,126.078,-0.120,-1.683,1.997,-11.048,-0.123,-1.688,1.991,-11.159,-0.003,-0.005,-0.005,0.008,10|11,weighted_average,kalman(weighted_average),false
1788956730.923,126.132,-0.104,-1.638,1.991,-9.648,-0.111,-1.654,1.992,-9.990,-0.007,-0.016,0.001,0.017,9|11,weighted_average,kalman(weighted_average),false
1788956730.975,126.184,-0.104,-1.639,2.000,-9.240,-0.105,-1.638,1.998,-9.192,-0.000,0.001,-0.003,0.003,9|10|11,weighted_average,kalman(weighted_average),false
1788956731.026,126.235,-0.109,-1.634,1.997,-8.234,-0.105,-1.629,1.998,-8.307,0.004,0.005,0.002,0.006,9|10|11,weighted_average,kalman(weighted_average),false
1788956731.081,126.290,-0.130,-1.682,1.993,-8.539,-0.119,-1.656,1.996,-8.011,0.011,0.026,0.003,0.028,10|11,weighted_average,kalman(weighted_average),false
1788956731.171,126.380,-0.141,-1.694,1.989,-7.445,-0.137,-1.687,1.991,-7.258,0.003,0.007,0.002,0.008,11,weighted_average,kalman(weighted_average),false
1788956731.219,126.428,-0.116,-1.632,2.001,-5.527,-0.127,-1.656,1.997,-6.078,-0.011,-0.025,-0.004,0.027,9|10|11,weighted_average,kalman(weighted_average),false
1788956731.279,126.488,-0.145,-1.694,1.989,-6.147,-0.139,-1.679,1.993,-5.737,0.006,0.015,0.003,0.017,11,weighted_average,kalman(weighted_average),false
1788956731.326,126.535,-0.150,-1.701,1.985,-5.519,-0.148,-1.695,1.988,-5.376,0.002,0.006,0.003,0.007,11,weighted_average,kalman(weighted_average),false
1788956731.377,126.586,-0.152,-1.701,1.991,-5.105,-0.153,-1.703,1.988,-4.995,-0.001,-0.002,-0.003,0.003,11,weighted_average,kalman(weighted_average),false
1788956731.467,126.676,-0.087,-1.566,2.029,-1.508,-0.107,-1.606,2.018,-2.455,-0.020,-0.040,-0.011,0.046,9|10,weighted_average,kalman(weighted_average),false
1788956731.516,126.725,-0.095,-1.513,2.044,0.089,-0.093,-1.532,2.039,-0.565,0.002,-0.019,-0.005,0.020,9,weighted_average,kalman(weighted_average),false
1788956731.564,126.773,-0.094,-1.565,2.034,-0.130,-0.087,-1.531,2.042,0.279,0.007,0.034,0.008,0.036,9|10,weighted_average,kalman(weighted_average),false
1788956731.614,126.823,-0.101,-1.556,2.046,1.002,-0.090,-1.533,2.049,1.227,0.011,0.023,0.003,0.025,9|10,weighted_average,kalman(weighted_average),false
1788956731.672,126.881,-0.096,-1.571,2.048,1.073,-0.091,-1.549,2.052,1.735,0.004,0.022,0.004,0.023,9|10,weighted_average,kalman(weighted_average),false
1788956731.758,126.967,-0.112,-1.643,2.057,1.943,-0.106,-1.617,2.059,2.379,0.006,0.025,0.001,0.026,10,weighted_average,kalman(weighted_average),false
1788956731.810,127.019,-0.103,-1.567,2.061,3.120,-0.106,-1.595,2.062,3.053,-0.003,-0.028,0.001,0.028,9|10,weighted_average,kalman(weighted_average),false
1788956731.866,127.075,-0.096,-1.582,2.060,3.599,-0.101,-1.589,2.062,3.656,-0.005,-0.007,0.002,0.009,9|10,weighted_average,kalman(weighted_average),false
1788956731.917,127.126,-0.108,-1.574,2.074,4.320,-0.105,-1.580,2.070,4.280,0.003,-0.006,-0.004,0.008,9|10,weighted_average,kalman(weighted_average),false
1788956731.971,127.180,-0.098,-1.584,2.065,4.878,-0.102,-1.581,2.069,4.893,-0.003,0.003,0.004,0.006,9|10,weighted_average,kalman(weighted_average),false
1788956732.057,127.266,-0.101,-1.586,2.070,6.195,-0.101,-1.584,2.071,6.087,0.000,0.002,0.000,0.002,9|10,weighted_average,kalman(weighted_average),false
1788956732.112,127.321,-0.108,-1.579,2.078,6.806,-0.105,-1.581,2.076,6.800,0.003,-0.002,-0.002,0.004,9|10,weighted_average,kalman(weighted_average),false
1788956732.159,127.368,-0.105,-1.590,2.082,7.513,-0.106,-1.587,2.081,7.467,-0.001,0.004,-0.001,0.004,9|10,weighted_average,kalman(weighted_average),false
1788956732.209,127.418,-0.108,-1.583,2.083,8.169,-0.108,-1.585,2.084,8.154,0.001,-0.002,0.001,0.003,9|10,weighted_average,kalman(weighted_average),false
1788956732.264,127.473,-0.103,-1.596,2.084,8.782,-0.105,-1.592,2.085,8.834,-0.003,0.004,0.001,0.005,9|10,weighted_average,kalman(weighted_average),false
1788956732.345,127.555,-0.102,-1.552,2.095,10.299,-0.103,-1.565,2.093,10.148,-0.001,-0.013,-0.002,0.013,9,weighted_average,kalman(weighted_average),false
1788956732.401,127.610,-0.102,-1.556,2.094,11.173,-0.102,-1.555,2.095,11.090,-0.000,0.001,0.001,0.002,9,weighted_average,kalman(weighted_average),false
1788956732.444,127.653,-0.101,-1.570,2.103,11.812,-0.101,-1.560,2.101,11.784,-0.000,0.010,-0.002,0.010,9,weighted_average,kalman(weighted_average),false
1788956732.495,127.704,-0.108,-1.563,2.112,13.052,-0.105,-1.560,2.109,12.832,0.004,0.003,-0.003,0.005,9,weighted_average,kalman(weighted_average),false
1788956732.545,127.754,-0.108,-1.563,2.112,13.052,-0.107,-1.561,2.113,13.365,0.001,0.002,0.001,0.003,9,weighted_average,kalman(weighted_average),false
1788956732.630,127.839,-0.112,-1.576,2.120,14.259,-0.111,-1.571,2.121,14.408,0.000,0.004,0.000,0.005,9,weighted_average,kalman(weighted_average),false
1788956732.678,127.887,-0.110,-1.593,2.129,14.789,-0.111,-1.586,2.128,14.906,-0.001,0.006,-0.002,0.007,9,weighted_average,kalman(weighted_average),false
1788956732.738,127.947,-0.109,-1.589,2.120,15.392,-0.110,-1.592,2.125,15.508,-0.001,-0.003,0.005,0.006,9,weighted_average,kalman(weighted_average),false
1788956732.779,127.988,-0.114,-1.600,2.133,16.096,-0.112,-1.599,2.130,16.030,0.001,0.001,-0.003,0.004,9,weighted_average,kalman(weighted_average),false
1788956732.830,128.039,-0.114,-1.604,2.140,16.507,-0.114,-1.605,2.137,16.572,0.000,-0.001,-0.002,0.003,9,weighted_average,kalman(weighted_average),false
1788956732.919,128.128,-0.117,-1.616,2.144,17.688,-0.116,-1.616,2.144,17.648,0.000,-0.000,0.001,0.001,9,weighted_average,kalman(weighted_average),false
1788956732.980,128.189,-0.105,-1.634,2.134,17.626,-0.109,-1.630,2.139,17.921,-0.004,0.003,0.005,0.007,9,weighted_average,kalman(weighted_average),false
1788956733.021,128.230,-0.113,-1.634,2.148,18.639,-0.111,-1.636,2.144,18.466,0.002,-0.002,-0.004,0.005,9,weighted_average,kalman(weighted_average),false
1788956733.077,128.286,-0.104,-1.654,2.145,18.540,-0.106,-1.650,2.145,18.765,-0.002,0.003,0.000,0.004,9,weighted_average,kalman(weighted_average),false
1788956733.129,128.338,-0.107,-1.657,2.149,19.518,-0.106,-1.659,2.148,19.363,0.002,-0.002,-0.001,0.002,9,weighted_average,kalman(weighted_average),false
1788956733.218,128.427,-0.107,-1.663,2.149,20.919,-0.106,-1.667,2.150,20.662,0.001,-0.003,0.001,0.003,9,weighted_average,kalman(weighted_average),false
1788956733.276,128.485,-0.091,-1.695,2.138,20.491,-0.095,-1.688,2.142,20.856,-0.005,0.007,0.004,0.010,9,weighted_average,kalman(weighted_average),false
1788956733.322,128.531,-0.105,-1.680,2.155,22.097,-0.100,-1.687,2.149,21.714,0.005,-0.008,-0.006,0.011,9,weighted_average,kalman(weighted_average),false
1788956733.374,128.583,-0.091,-1.707,2.144,21.817,-0.094,-1.702,2.147,22.060,-0.003,0.005,0.003,0.006,9,weighted_average,kalman(weighted_average),false
1788956733.422,128.631,-0.092,-1.711,2.144,22.801,-0.092,-1.712,2.145,22.679,0.000,-0.000,0.001,0.001,9,weighted_average,kalman(weighted_average),false
1788956733.509,128.718,-0.100,-1.704,2.157,24.723,-0.096,-1.711,2.153,24.323,0.003,-0.007,-0.004,0.008,9,weighted_average,kalman(weighted_average),false
1788956733.567,128.777,-0.086,-1.742,2.155,24.165,-0.090,-1.733,2.155,24.605,-0.004,0.009,0.001,0.010,9,weighted_average,kalman(weighted_average),false
1788956733.611,128.820,-0.095,-1.720,2.151,25.339,-0.092,-1.729,2.154,25.224,0.003,-0.009,0.003,0.010,9,weighted_average,kalman(weighted_average),false
1788956733.667,128.877,-0.086,-1.744,2.143,25.741,-0.088,-1.740,2.148,25.821,-0.002,0.004,0.004,0.006,9,weighted_average,kalman(weighted_average),false
1788956733.714,128.923,-0.093,-1.740,2.154,26.953,-0.091,-1.743,2.150,26.659,0.003,-0.003,-0.003,0.005,9,weighted_average,kalman(weighted_average),false
1788956733.800,129.009,-0.096,-1.749,2.162,27.781,-0.095,-1.750,2.159,27.803,0.002,-0.001,-0.003,0.004,9,weighted_average,kalman(weighted_average),false
1788956733.848,129.057,-0.087,-1.774,2.154,28.108,-0.090,-1.767,2.157,28.258,-0.003,0.007,0.003,0.008,9,weighted_average,kalman(weighted_average),false
1788956733.910,129.120,-0.094,-1.761,2.158,29.006,-0.093,-1.767,2.158,29.010,0.002,-0.006,0.000,0.006,9,weighted_average,kalman(weighted_average),false
1788956733.950,129.159,-0.087,-1.791,2.155,29.184,-0.090,-1.782,2.157,29.335,-0.002,0.009,0.002,0.009,9,weighted_average,kalman(weighted_average),false
1788956734.013,129.222,-0.094,-1.779,2.162,30.026,-0.092,-1.785,2.160,30.026,0.002,-0.006,-0.002,0.006,9,weighted_average,kalman(weighted_average),false
1788956734.099,129.308,-0.098,-1.792,2.169,31.238,-0.097,-1.792,2.167,31.144,0.001,-0.001,-0.002,0.002,9,weighted_average,kalman(weighted_average),false
1788956734.153,129.362,-0.084,-1.813,2.160,31.648,-0.089,-1.807,2.163,31.713,-0.005,0.005,0.004,0.008,9,weighted_average,kalman(weighted_average),false
1788956734.209,129.418,-0.092,-1.785,2.158,32.935,-0.090,-1.797,2.160,32.687,0.002,-0.012,0.002,0.012,9,weighted_average,kalman(weighted_average),false
1788956734.250,129.459,-0.086,-1.815,2.160,33.058,-0.088,-1.807,2.160,33.153,-0.002,0.008,-0.000,0.008,9,weighted_average,kalman(weighted_average),false
1788956734.307,129.516,-0.083,-1.798,2.147,33.952,-0.084,-1.804,2.151,33.928,-0.001,-0.006,0.005,0.007,9,weighted_average,kalman(weighted_average),false
1788956734.394,129.603,-0.219,-2.002,2.105,32.977,-0.183,-1.951,2.115,33.731,0.036,0.051,0.010,0.064,17,weighted_average,kalman(weighted_average),false
1788956734.443,129.652,-0.224,-2.003,2.107,33.877,-0.224,-2.007,2.104,33.896,-0.000,-0.004,-0.003,0.005,17,weighted_average,kalman(weighted_average),false
1788956734.496,129.705,-0.223,-2.000,2.103,34.276,-0.240,-2.027,2.098,34.191,-0.017,-0.026,-0.005,0.032,17,weighted_average,kalman(weighted_average),false
1788956734.551,129.760,-0.228,-2.008,2.111,34.998,-0.245,-2.032,2.101,34.742,-0.017,-0.024,-0.009,0.031,17,weighted_average,kalman(weighted_average),false
1788956734.601,129.810,-0.227,-2.003,2.104,35.447,-0.241,-2.024,2.102,35.265,-0.014,-0.021,-0.003,0.025,17,weighted_average,kalman(weighted_average),false
1788956734.684,129.893,-0.230,-2.002,2.109,36.675,-0.237,-2.012,2.106,36.398,-0.007,-0.011,-0.003,0.013,17,weighted_average,kalman(weighted_average),false
1788956734.742,129.951,-0.234,-2.000,2.111,37.182,-0.235,-2.003,2.110,37.123,-0.001,-0.003,-0.001,0.004,17,weighted_average,kalman(weighted_average),false
1788956734.787,129.996,-0.235,-2.006,2.112,37.814,-0.235,-2.003,2.112,37.739,0.000,0.003,0.000,0.003,17,weighted_average,kalman(weighted_average),false
1788956734.838,130.047,-0.239,-2.008,2.116,38.256,-0.238,-2.005,2.115,38.313,0.002,0.003,-0.001,0.004,17,weighted_average,kalman(weighted_average),false
1788956734.892,130.101,-0.240,-1.985,2.074,39.775,-0.239,-1.993,2.091,39.386,0.000,-0.007,0.017,0.018,17|18,weighted_average,kalman(weighted_average),false
1788956734.979,130.188,-0.243,-1.988,2.081,40.563,-0.242,-1.986,2.080,40.609,0.000,0.001,-0.001,0.002,17|18,weighted_average,kalman(weighted_average),false
1788956735.032,130.241,-0.243,-1.985,2.080,41.386,-0.243,-1.984,2.078,41.376,-0.000,0.001,-0.003,0.003,17|18,weighted_average,kalman(weighted_average),false
1788956735.080,130.289,-0.245,-1.982,2.081,41.915,-0.245,-1.981,2.078,41.989,0.000,0.000,-0.003,0.003,17|18,weighted_average,kalman(weighted_average),false
1788956735.141,130.350,-0.244,-1.978,2.081,42.727,-0.245,-1.978,2.078,42.773,-0.001,-0.000,-0.002,0.003,17|18,weighted_average,kalman(weighted_average),false
1788956735.178,130.387,-0.242,-1.976,2.081,43.484,-0.243,-1.976,2.080,43.374,-0.001,0.000,-0.002,0.002,17|18,weighted_average,kalman(weighted_average),false
1788956735.264,130.473,-0.242,-1.971,2.084,44.366,-0.242,-1.971,2.082,44.455,-0.000,0.000,-0.001,0.001,17|18,weighted_average,kalman(weighted_average),false
1788956735.310,130.520,-0.269,-1.944,2.020,47.164,-0.259,-1.953,2.044,46.219,0.010,-0.009,0.024,0.027,18,weighted_average,kalman(weighted_average),false
1788956735.364,130.573,-0.267,-1.945,2.028,47.515,-0.267,-1.944,2.027,47.445,0.000,0.001,-0.001,0.001,18,weighted_average,kalman(weighted_average),false
1788956735.419,130.628,-0.261,-1.940,2.026,47.824,-0.266,-1.938,2.020,48.207,-0.005,0.002,-0.006,0.008,18,weighted_average,kalman(weighted_average),false
1788956735.473,130.682,-0.260,-1.935,2.023,48.646,-0.264,-1.933,2.017,48.910,-0.004,0.002,-0.006,0.007,18,weighted_average,kalman(weighted_average),false
1788956735.563,130.773,-0.225,-1.939,2.079,47.905,-0.235,-1.935,2.061,48.771,-0.010,0.004,-0.019,0.022,17|18,weighted_average,kalman(weighted_average),false
1788956735.612,130.821,-0.218,-1.924,2.079,48.692,-0.220,-1.928,2.079,48.836,-0.002,-0.004,-0.001,0.004,17|18,weighted_average,kalman(weighted_average),false
1788956735.673,130.883,-0.216,-1.924,2.080,49.019,-0.212,-1.924,2.087,49.044,0.005,0.000,0.007,0.008,17|18,weighted_average,kalman(weighted_average),false
1788956735.713,130.922,-0.212,-1.917,2.079,49.732,-0.209,-1.919,2.086,49.464,0.003,-0.002,0.007,0.008,17|18,weighted_average,kalman(weighted_average),false
1788956735.775,130.984,-0.212,-1.915,2.077,50.116,-0.207,-1.914,2.084,49.976,0.005,0.000,0.007,0.008,17|18,weighted_average,kalman(weighted_average),false
1788956735.860,131.069,-0.200,-1.904,2.081,51.088,-0.200,-1.905,2.083,50.898,0.000,-0.001,0.002,0.002,17|18,weighted_average,kalman(weighted_average),false
1788956735.915,131.124,-0.199,-1.896,2.077,51.570,-0.198,-1.897,2.079,51.500,0.001,-0.001,0.002,0.003,17|18,weighted_average,kalman(weighted_average),false
1788956735.964,131.173,-0.193,-1.886,2.081,52.272,-0.194,-1.888,2.080,52.142,-0.001,-0.002,-0.001,0.002,17|18,weighted_average,kalman(weighted_average),false
1788956736.010,131.219,-0.190,-1.884,2.082,52.570,-0.190,-1.883,2.081,52.604,-0.001,0.001,-0.001,0.002,17|18,weighted_average,kalman(weighted_average),false
1788956736.066,131.275,-0.184,-1.875,2.081,53.333,-0.185,-1.875,2.081,53.273,-0.001,-0.000,-0.000,0.001,17|18,weighted_average,kalman(weighted_average),false
1788956736.150,131.359,-0.179,-1.859,2.077,54.129,-0.179,-1.860,2.078,54.160,0.000,-0.001,0.001,0.002,17|18,weighted_average,kalman(weighted_average),false
1788956736.206,131.415,-0.176,-1.853,2.078,54.799,-0.175,-1.852,2.077,54.786,0.000,0.001,-0.000,0.001,17|18,weighted_average,kalman(weighted_average),false
1788956736.251,131.460,-0.170,-1.842,2.078,55.438,-0.171,-1.844,2.078,55.361,-0.001,-0.001,-0.001,0.002,17|18,weighted_average,kalman(weighted_average),false
1788956736.309,131.519,-0.167,-1.839,2.076,55.725,-0.167,-1.837,2.076,55.865,0.000,0.002,0.000,0.002,17|18,weighted_average,kalman(weighted_average),false
1788956736.353,131.562,-0.162,-1.834,2.081,56.312,-0.163,-1.832,2.079,56.312,-0.000,0.001,-0.002,0.003,17|18,weighted_average,kalman(weighted_average),false
1788956736.438,131.647,-0.157,-1.815,2.074,57.076,-0.157,-1.817,2.075,57.122,0.000,-0.002,0.002,0.003,17|18,weighted_average,kalman(weighted_average),false
1788956736.490,131.699,-0.152,-1.812,2.071,57.627,-0.152,-1.811,2.072,57.627,-0.000,0.002,0.001,0.002,17|18,weighted_average,kalman(weighted_average),false
1788956736.549,131.758,-0.150,-1.809,2.075,57.954,-0.149,-1.807,2.073,58.064,0.001,0.002,-0.002,0.003,17|18,weighted_average,kalman(weighted_average),false
1788956736.591,131.800,-0.148,-1.807,2.070,58.293,-0.148,-1.805,2.071,58.361,0.001,0.002,0.001,0.002,17|18,weighted_average,kalman(weighted_average),false
1788956736.642,131.851,-0.144,-1.793,2.066,59.069,-0.144,-1.796,2.068,58.931,-0.000,-0.003,0.001,0.003,17|18,weighted_average,kalman(weighted_average),false
1788956736.729,131.938,-0.136,-1.782,2.063,60.052,-0.137,-1.783,2.063,59.938,-0.001,-0.001,0.000,0.001,17|18,weighted_average,kalman(weighted_average),false
1788956736.780,131.989,-0.132,-1.783,2.066,60.287,-0.132,-1.780,2.064,60.373,-0.000,0.002,-0.002,0.003,17|18,weighted_average,kalman(weighted_average),false
1788956736.835,132.044,-0.132,-1.771,2.058,61.165,-0.131,-1.772,2.060,61.054,0.002,-0.001,0.002,0.003,17|18,weighted_average,kalman(weighted_average),false
1788956736.881,132.090,-0.127,-1.776,2.059,61.692,-0.127,-1.772,2.059,61.628,-0.000,0.004,-0.001,0.004,17|18,weighted_average,kalman(weighted_average),false
1788956736.935,132.144,-0.125,-1.765,2.054,62.167,-0.125,-1.766,2.055,62.200,0.000,-0.001,0.001,0.002,17|18,weighted_average,kalman(weighted_average),false
1788956737.025,132.234,-0.119,-1.763,2.049,63.052,-0.119,-1.762,2.049,63.102,-0.000,0.001,0.000,0.001,17|18,weighted_average,kalman(weighted_average),false
1788956737.075,132.284,-0.119,-1.759,2.048,63.416,-0.118,-1.759,2.047,63.507,0.001,0.000,-0.001,0.001,17|18,weighted_average,kalman(weighted_average),false
1788956737.131,132.340,-0.113,-1.751,2.040,64.119,-0.114,-1.753,2.041,64.088,-0.001,-0.002,0.002,0.003,17|18,weighted_average,kalman(weighted_average),false
1788956737.175,132.384,-0.111,-1.746,2.037,64.524,-0.111,-1.747,2.037,64.524,0.000,-0.001,0.000,0.001,17|18,weighted_average,kalman(weighted_average),false
1788956737.231,132.440,-0.109,-1.745,2.037,65.157,-0.108,-1.744,2.035,65.118,0.000,0.001,-0.002,0.002,17|18,weighted_average,kalman(weighted_average),false
1788956737.319,132.528,-0.101,-1.731,2.031,66.230,-0.101,-1.732,2.031,66.153,-0.001,-0.001,-0.000,0.002,17|18,weighted_average,kalman(weighted_average),false
1788956737.376,132.585,-0.098,-1.732,2.035,66.548,-0.098,-1.730,2.032,66.646,0.000,0.002,-0.002,0.003,17|18,weighted_average,kalman(weighted_average),false
1788956737.421,132.630,-0.101,-1.737,2.020,67.346,-0.099,-1.733,2.025,67.230,0.002,0.004,0.005,0.007,17|18,weighted_average,kalman(weighted_average),false
1788956737.478,132.687,-0.104,-1.739,2.023,67.791,-0.101,-1.736,2.022,67.825,0.003,0.003,-0.001,0.004,17|18,weighted_average,kalman(weighted_average),false
1788956737.528,132.737,-0.103,-1.736,2.012,68.608,-0.102,-1.737,2.015,68.493,0.000,-0.000,0.003,0.003,17|18,weighted_average,kalman(weighted_average),false
1788956737.616,132.825,-0.102,-1.736,2.009,69.415,-0.102,-1.737,2.008,69.453,-0.000,-0.000,-0.001,0.001,17|18,weighted_average,kalman(weighted_average),false
1788956737.681,132.890,-0.106,-1.736,2.009,70.279,-0.105,-1.736,2.007,70.239,0.001,-0.000,-0.002,0.002,17|18,weighted_average,kalman(weighted_average),false
1788956737.715,132.924,-0.104,-1.733,1.996,71.071,-0.105,-1.734,2.000,70.854,-0.000,-0.001,0.004,0.004,17|18,weighted_average,kalman(weighted_average),false
1788956737.773,132.982,-0.105,-1.735,1.993,71.424,-0.105,-1.734,1.994,71.513,-0.000,0.001,0.001,0.001,17|18,weighted_average,kalman(weighted_average),false
1788956737.816,133.025,-0.107,-1.737,1.991,72.215,-0.107,-1.736,1.990,72.131,0.001,0.001,-0.000,0.001,17|18,weighted_average,kalman(weighted_average),false
1788956737.906,133.115,-0.110,-1.743,1.995,72.943,-0.110,-1.742,1.992,73.074,0.000,0.002,-0.004,0.004,17|18,weighted_average,kalman(weighted_average),false
1788956737.954,133.163,-0.110,-1.736,1.985,73.824,-0.110,-1.739,1.987,73.732,-0.000,-0.003,0.002,0.004,17|18,weighted_average,kalman(weighted_average),false
1788956738.007,133.216,-0.116,-1.748,1.988,74.187,-0.114,-1.744,1.987,74.277,0.002,0.003,-0.001,0.004,17|18,weighted_average,kalman(weighted_average),false
1788956738.059,133.268,-0.113,-1.739,1.979,74.983,-0.114,-1.742,1.982,74.929,-0.002,-0.003,0.002,0.004,17|18,weighted_average,kalman(weighted_average),false
1788956738.110,133.319,-0.114,-1.749,1.982,75.256,-0.115,-1.747,1.981,75.389,-0.001,0.002,-0.001,0.003,17|18,weighted_average,kalman(weighted_average),false
1788956738.202,133.411,-0.112,-1.754,1.978,76.330,-0.113,-1.753,1.978,76.352,-0.001,0.001,-0.000,0.001,17|18,weighted_average,kalman(weighted_average),false
1788956738.249,133.458,-0.122,-1.718,1.929,78.507,-0.119,-1.732,1.946,77.780,0.004,-0.014,0.017,0.022,18,weighted_average,kalman(weighted_average),false
1788956738.311,133.520,-0.124,-1.723,1.926,78.914,-0.123,-1.723,1.926,78.889,0.001,0.000,0.000,0.001,18,weighted_average,kalman(weighted_average),false
1788956738.350,133.559,-0.128,-1.723,1.909,79.801,-0.127,-1.721,1.911,79.685,0.001,0.003,0.002,0.003,18,weighted_average,kalman(weighted_average),false
1788956738.407,133.616,-0.124,-1.726,1.921,80.142,-0.127,-1.721,1.910,80.416,-0.003,0.005,-0.011,0.013,18,weighted_average,kalman(weighted_average),false
1788956738.495,133.704,-0.126,-1.727,1.909,81.421,-0.127,-1.724,1.905,81.566,-0.001,0.002,-0.004,0.005,18,weighted_average,kalman(weighted_average),false
1788956738.545,133.754,-0.123,-1.729,1.901,82.136,-0.125,-1.727,1.901,82.194,-0.002,0.001,-0.000,0.002,18,weighted_average,kalman(weighted_average),false
1788956738.598,133.807,-0.121,-1.731,1.902,82.495,-0.122,-1.730,1.900,82.691,-0.001,0.001,-0.002,0.002,18,weighted_average,kalman(weighted_average),false
1788956738.648,133.857,-0.119,-1.733,1.898,82.833,-0.120,-1.733,1.898,83.048,-0.001,0.000,-0.001,0.001,18,weighted_average,kalman(weighted_average),false
1788956738.706,133.915,-0.125,-1.742,1.899,83.733,-0.122,-1.740,1.898,83.692,0.003,0.003,-0.002,0.004,18,weighted_average,kalman(weighted_average),false
1788956738.794,134.003,-0.123,-1.747,1.892,84.813,-0.123,-1.747,1.893,84.753,0.000,-0.000,0.001,0.001,18,weighted_average,kalman(weighted_average),false
1788956738.845,134.054,-0.118,-1.747,1.889,85.060,-0.120,-1.748,1.889,85.176,-0.002,-0.001,0.001,0.002,18,weighted_average,kalman(weighted_average),false
1788956738.898,134.107,-0.115,-1.749,1.894,85.664,-0.117,-1.750,1.891,85.691,-0.001,-0.001,-0.003,0.003,18,weighted_average,kalman(weighted_average),false
1788956738.944,134.153,-0.117,-1.754,1.884,85.956,-0.116,-1.753,1.887,86.056,0.001,0.001,0.003,0.003,18,weighted_average,kalman(weighted_average),false
1788956738.997,134.206,-0.113,-1.757,1.890,86.476,-0.113,-1.757,1.888,86.511,-0.001,0.000,-0.002,0.002,18,weighted_average,kalman(weighted_average),false
1788956739.082,134.291,-0.115,-1.771,1.893,87.218,-0.114,-1.768,1.891,87.243,0.001,0.002,-0.002,0.003,18,weighted_average,kalman(weighted_average),false
1788956739.140,134.349,-0.106,-1.769,1.889,87.259,-0.108,-1.771,1.890,87.463,-0.003,-0.002,0.001,0.003,18,weighted_average,kalman(weighted_average),false
1788956739.184,134.393,-0.109,-1.776,1.890,87.619,-0.108,-1.776,1.890,87.685,0.001,0.000,0.000,0.001,18,weighted_average,kalman(weighted_average),false
1788956739.235,134.444,-0.105,-1.775,1.886,87.645,-0.106,-1.777,1.888,87.818,-0.000,-0.002,0.002,0.003,18,weighted_average,kalman(weighted_average),false
1788956739.284,134.493,-0.110,-1.785,1.889,87.792,-0.108,-1.783,1.888,87.923,0.003,0.002,-0.001,0.003,18,weighted_average,kalman(weighted_average),false
1788956739.374,134.583,-0.105,-1.785,1.897,87.788,-0.106,-1.787,1.894,87.963,-0.000,-0.001,-0.002,0.003,18,weighted_average,kalman(weighted_average),false
1788956739.428,134.637,-0.101,-1.781,1.896,87.803,-0.102,-1.784,1.896,87.909,-0.001,-0.003,0.000,0.003,18,weighted_average,kalman(weighted_average),false
1788956739.476,134.685,-0.098,-1.782,1.895,87.765,-0.099,-1.783,1.896,87.848,-0.001,-0.001,0.001,0.002,18,weighted_average,kalman(weighted_average),false
1788956739.534,134.743,-0.105,-1.790,1.898,87.868,-0.101,-1.787,1.898,87.860,0.003,0.003,-0.000,0.004,18,weighted_average,kalman(weighted_average),false
1788956739.572,134.781,-0.102,-1.788,1.897,87.843,-0.102,-1.788,1.898,87.854,0.000,-0.000,0.001,0.001,18,weighted_average,kalman(weighted_average),false
1788956739.660,134.869,-0.105,-1.792,1.898,87.882,-0.104,-1.792,1.899,87.872,0.001,0.000,0.000,0.001,18,weighted_average,kalman(weighted_average),false
1788956739.709,134.918,-0.106,-1.788,1.904,87.953,-0.106,-1.790,1.902,87.920,0.000,-0.002,-0.002,0.003,18,weighted_average,kalman(weighted_average),false
1788956739.763,134.972,-0.106,-1.788,1.901,87.937,-0.106,-1.789,1.902,87.940,-0.000,-0.001,0.001,0.001,18,weighted_average,kalman(weighted_average),false
1788956739.810,135.020,-0.101,-1.777,1.904,87.908,-0.103,-1.782,1.903,87.933,-0.003,-0.005,-0.000,0.005,18,weighted_average,kalman(weighted_average),false
1788956739.866,135.075,-0.107,-1.784,1.908,87.957,-0.105,-1.781,1.907,87.951,0.002,0.002,-0.001,0.003,18,weighted_average,kalman(weighted_average),false
1788956739.957,135.167,-0.100,-1.768,1.912,87.890,-0.101,-1.770,1.912,87.919,-0.001,-0.002,-0.000,0.003,18,weighted_average,kalman(weighted_average),false
1788956740.010,135.219,-0.105,-1.767,1.908,87.959,-0.103,-1.767,1.910,87.940,0.002,0.001,0.002,0.003,18,weighted_average,kalman(weighted_average),false
1788956740.060,135.269,-0.101,-1.759,1.908,87.898,-0.102,-1.760,1.909,87.919,-0.001,-0.001,0.001,0.002,18,weighted_average,kalman(weighted_average),false
1788956740.110,135.319,-0.105,-1.754,1.907,87.991,-0.104,-1.754,1.908,87.954,0.002,-0.000,0.000,0.002,18,weighted_average,kalman(weighted_average),false
1788956740.161,135.370,-0.106,-1.746,1.914,88.005,-0.105,-1.747,1.912,87.985,0.001,-0.001,-0.003,0.003,18,weighted_average,kalman(weighted_average),false
1788956740.253,135.462,-0.103,-1.728,1.913,87.960,-0.104,-1.730,1.913,87.979,-0.001,-0.002,0.000,0.002,18,weighted_average,kalman(weighted_average),false
1788956740.308,135.517,-0.102,-1.723,1.916,87.947,-0.103,-1.722,1.915,87.962,-0.000,0.001,-0.001,0.001,18,weighted_average,kalman(weighted_average),false
1788956740.354,135.564,-0.104,-1.715,1.921,87.966,-0.103,-1.715,1.919,87.963,0.001,0.000,-0.002,0.002,18,weighted_average,kalman(weighted_average),false
1788956740.408,135.617,-0.104,-1.709,1.925,87.960,-0.104,-1.708,1.924,87.960,0.000,0.001,-0.001,0.002,18,weighted_average,kalman(weighted_average),false
1788956740.455,135.664,-0.109,-1.695,1.914,88.042,-0.107,-1.698,1.919,88.001,0.002,-0.003,0.005,0.006,18,weighted_average,kalman(weighted_average),false
1788956740.546,135.755,-0.109,-1.681,1.919,87.990,-0.109,-1.681,1.919,88.002,-0.000,-0.000,0.000,0.000,18,weighted_average,kalman(weighted_average),false
1788956740.608,135.817,-0.103,-1.667,1.916,87.904,-0.105,-1.667,1.917,87.944,-0.002,-0.001,0.001,0.003,18,weighted_average,kalman(weighted_average),false
1788956740.650,135.859,-0.107,-1.663,1.916,87.968,-0.106,-1.661,1.916,87.950,0.001,0.002,0.000,0.002,18,weighted_average,kalman(weighted_average),false
1788956740.706,135.915,-0.110,-1.646,1.906,88.010,-0.108,-1.648,1.910,87.977,0.001,-0.002,0.003,0.004,18,weighted_average,kalman(weighted_average),false
1788956740.751,135.960,-0.110,-1.633,1.917,87.979,-0.110,-1.636,1.912,87.980,0.000,-0.002,-0.004,0.005,18,weighted_average,kalman(weighted_average),false
1788956740.840,136.049,-0.112,-1.619,1.919,87.983,-0.112,-1.618,1.917,87.984,0.000,0.001,-0.002,0.002,18,weighted_average,kalman(weighted_average),false
1788956740.891,136.100,-0.119,-1.613,1.919,88.015,-0.117,-1.611,1.919,88.003,0.002,0.002,-0.000,0.003,18,weighted_average,kalman(weighted_average),false
1788956740.941,136.150,-0.118,-1.605,1.919,87.976,-0.119,-1.604,1.920,87.992,-0.001,0.001,0.001,0.002,18,weighted_average,kalman(weighted_average),false
1788956740.990,136.199,-0.121,-1.587,1.918,88.023,-0.121,-1.591,1.919,88.009,0.000,-0.004,0.001,0.004,18,weighted_average,kalman(weighted_average),false
1788956741.047,136.256,-0.122,-1.584,1.925,87.988,-0.123,-1.582,1.923,88.001,-0.001,0.002,-0.002,0.003,18,weighted_average,kalman(weighted_average),false
1788956741.140,136.349,-0.123,-1.559,1.922,87.959,-0.124,-1.560,1.923,87.974,-0.001,-0.002,0.001,0.002,18,weighted_average,kalman(weighted_average),false
1788956741.190,136.399,-0.129,-1.549,1.935,87.997,-0.127,-1.549,1.931,87.984,0.001,0.000,-0.004,0.004,18,weighted_average,kalman(weighted_average),false
1788956741.242,136.451,-0.131,-1.539,1.930,88.027,-0.130,-1.539,1.932,88.006,0.001,0.001,0.002,0.002,18,weighted_average,kalman(weighted_average),false
1788956741.290,136.499,-0.134,-1.524,1.929,88.038,-0.133,-1.526,1.931,88.026,0.001,-0.002,0.002,0.003,18,weighted_average,kalman(weighted_average),false
1788956741.342,136.551,-0.132,-1.515,1.931,87.997,-0.134,-1.515,1.931,88.016,-0.001,0.001,0.001,0.002,18,weighted_average,kalman(weighted_average),false
1788956741.430,136.639,-0.136,-1.498,1.932,87.988,-0.137,-1.497,1.932,88.001,-0.000,0.001,0.000,0.001,18,weighted_average,kalman(weighted_average),false
1788956741.482,136.691,-0.130,-1.467,1.921,87.924,-0.133,-1.474,1.925,87.955,-0.003,-0.007,0.004,0.008,18,weighted_average,kalman(weighted_average),false
1788956741.533,136.742,-0.142,-1.468,1.926,88.060,-0.138,-1.464,1.924,88.003,0.004,0.004,-0.001,0.005,18,weighted_average,kalman(weighted_average),false
1788956741.583,136.792,-0.140,-1.460,1.929,88.008,-0.140,-1.456,1.926,88.008,-0.000,0.003,-0.003,0.004,18,weighted_average,kalman(weighted_average),false
1788956741.634,136.843,-0.138,-1.438,1.930,87.956,-0.139,-1.441,1.928,87.984,-0.002,-0.003,-0.001,0.004,18,weighted_average,kalman(weighted_average),false
1788956741.722,136.931,-0.148,-1.427,1.928,88.064,-0.146,-1.425,1.928,88.032,0.002,0.002,0.000,0.003,18,weighted_average,kalman(weighted_average),false
1788956741.784,136.993,-0.150,-1.411,1.930,88.063,-0.150,-1.411,1.930,88.058,0.000,-0.001,-0.000,0.001,18,weighted_average,kalman(weighted_average),false
1788956741.836,137.045,-0.149,-1.395,1.930,88.000,-0.151,-1.397,1.930,88.033,-0.001,-0.002,0.000,0.002,18,weighted_average,kalman(weighted_average),false
1788956741.875,137.084,-0.149,-1.384,1.935,87.994,-0.151,-1.386,1.933,88.015,-0.001,-0.002,-0.002,0.003,18,weighted_average,kalman(weighted_average),false
1788956741.928,137.137,-0.157,-1.367,1.929,88.075,-0.155,-1.369,1.931,88.043,0.002,-0.002,0.003,0.004,18,weighted_average,kalman(weighted_average),false
1788956742.018,137.227,-0.165,-1.354,1.928,88.140,-0.164,-1.351,1.929,88.110,0.001,0.003,0.001,0.003,18,weighted_average,kalman(weighted_average),false
1788956742.076,137.285,-0.163,-1.340,1.937,88.024,-0.165,-1.339,1.934,88.071,-0.002,0.000,-0.003,0.004,18,weighted_average,kalman(weighted_average),false
1788956742.121,137.330,-0.156,-1.309,1.929,87.911,-0.160,-1.317,1.931,87.987,-0.005,-0.008,0.003,0.010,18,weighted_average,kalman(weighted_average),false
1788956742.180,137.389,-0.172,-1.313,1.940,88.111,-0.167,-1.308,1.937,88.041,0.004,0.006,-0.003,0.008,18,weighted_average,kalman(weighted_average),false
1788956742.229,137.439,-0.173,-1.294,1.933,88.088,-0.172,-1.295,1.935,88.066,0.001,-0.001,0.002,0.003,18,weighted_average,kalman(weighted_average),false
1788956742.321,137.530,-0.177,-1.266,1.940,88.107,-0.178,-1.267,1.939,88.100,-0.000,-0.001,-0.001,0.002,18,weighted_average,kalman(weighted_average),false
1788956742.373,137.582,-0.174,-1.276,1.943,88.070,-0.176,-1.268,1.942,88.089,-0.002,0.008,-0.001,0.008,18,weighted_average,kalman(weighted_average),false
1788956742.424,137.633,-0.189,-1.248,1.947,88.380,-0.185,-1.253,1.946,88.250,0.004,-0.004,-0.001,0.006,18,weighted_average,kalman(weighted_average),false
1788956742.478,137.687,-0.192,-1.251,1.959,88.366,-0.191,-1.248,1.955,88.343,0.001,0.004,-0.004,0.005,18,weighted_average,kalman(weighted_average),false
1788956742.533,137.742,-0.191,-1.233,1.935,88.312,-0.193,-1.235,1.945,88.362,-0.002,-0.002,0.010,0.011,18,weighted_average,kalman(weighted_average),false
1788956742.621,137.830,-0.178,-1.183,1.964,88.101,-0.183,-1.192,1.958,88.223,-0.005,-0.009,-0.006,0.012,18,weighted_average,kalman(weighted_average),false
1788956742.672,137.881,-0.174,-1.172,1.954,88.037,-0.176,-1.171,1.957,88.104,-0.002,0.000,0.004,0.004,18,weighted_average,kalman(weighted_average),false
1788956742.725,137.934,-0.175,-1.156,1.955,88.027,-0.173,-1.153,1.957,88.033,0.001,0.002,0.002,0.003,18,weighted_average,kalman(weighted_average),false
1788956742.776,137.985,-0.177,-1.149,1.959,88.056,-0.174,-1.143,1.959,88.015,0.003,0.006,-0.000,0.007,18,weighted_average,kalman(weighted_average),false
1788956742.828,138.037,-0.184,-1.135,1.959,88.169,-0.179,-1.132,1.959,88.073,0.005,0.003,0.000,0.006,18,weighted_average,kalman(weighted_average),false
1788956742.915,138.124,-0.180,-1.110,1.976,88.125,-0.180,-1.110,1.972,88.100,-0.000,0.000,-0.004,0.004,18,weighted_average,kalman(weighted_average),false
1788956742.971,138.180,-0.761,-0.707,1.731,96.852,-0.180,-1.110,1.972,93.260,0.581,-0.403,0.241,0.747,3,weighted_average,kalman(weighted_average),true
1788956743.017,138.226,-0.183,-1.083,1.974,88.209,-0.182,-1.088,1.974,91.354,0.000,-0.005,-0.000,0.005,18,weighted_average,kalman(weighted_average),false
1788956743.079,138.288,-0.147,-1.103,2.029,86.500,-0.159,-1.095,2.011,88.930,-0.012,0.008,-0.018,0.023,17,weighted_average,kalman(weighted_average),false
1788956743.118,138.327,-0.153,-1.082,2.020,86.914,-0.153,-1.087,2.022,87.728,0.001,-0.005,0.001,0.005,17|18,weighted_average,kalman(weighted_average),false
1788956743.211,138.420,-0.148,-1.070,2.044,86.635,-0.145,-1.072,2.045,86.491,0.003,-0.003,0.001,0.004,17,weighted_average,kalman(weighted_average),false
1788956743.260,138.469,-0.145,-1.055,2.041,86.594,-0.144,-1.058,2.047,86.243,0.002,-0.004,0.006,0.007,17,weighted_average,kalman(weighted_average),false
1788956743.309,138.518,-0.150,-1.048,2.055,86.713,-0.146,-1.048,2.055,86.246,0.004,-0.000,-0.000,0.004,17,weighted_average,kalman(weighted_average),false
1788956743.363,138.572,-0.145,-1.027,2.055,86.704,-0.145,-1.030,2.059,86.310,0.000,-0.004,0.003,0.005,17,weighted_average,kalman(weighted_average),false
1788956743.414,138.623,-0.165,-0.999,2.041,87.454,-0.157,-1.006,2.051,86.813,0.008,-0.007,0.009,0.014,17|18,weighted_average,kalman(weighted_average),false
1788956743.506,138.715,-0.140,-0.977,2.048,86.777,-0.147,-0.976,2.048,86.818,-0.006,0.001,0.001,0.006,17,weighted_average,kalman(weighted_average),false
1788956743.561,138.770,-0.143,-0.966,2.055,86.911,-0.143,-0.963,2.053,86.881,0.000,0.003,-0.003,0.004,17,weighted_average,kalman(weighted_average),false
1788956743.607,138.816,-0.141,-0.953,2.032,86.901,-0.141,-0.952,2.041,86.906,0.000,0.001,0.009,0.009,17,weighted_average,kalman(weighted_average),false
1788956743.664,138.873,-0.146,-0.927,2.012,87.332,-0.143,-0.930,2.021,87.156,0.003,-0.003,0.009,0.010,17|18,weighted_average,kalman(weighted_average),false
1788956743.710,138.919,-0.141,-0.932,2.049,86.969,-0.141,-0.925,2.033,87.107,-0.001,0.007,-0.016,0.017,17,weighted_average,kalman(weighted_average),false
1788956743.799,139.009,-0.147,-0.880,2.046,87.391,-0.145,-0.886,2.042,87.326,0.002,-0.006,-0.004,0.007,17,weighted_average,kalman(weighted_average),false
1788956743.847,139.056,-0.127,-0.891,2.032,86.821,-0.134,-0.883,2.037,87.083,-0.007,0.009,0.005,0.012,17,weighted_average,kalman(weighted_average),false
1788956743.901,139.110,-0.127,-0.869,2.027,86.902,-0.128,-0.869,2.030,86.973,-0.001,-0.000,0.004,0.004,17,weighted_average,kalman(weighted_average),false
1788956743.947,139.156,-0.130,-0.858,2.027,86.991,-0.128,-0.858,2.027,86.959,0.003,0.000,0.000,0.003,17,weighted_average,kalman(weighted_average),false
1788956744.001,139.210,-0.125,-0.844,2.042,86.916,-0.124,-0.844,2.034,86.915,0.000,-0.000,-0.007,0.007,17,weighted_average,kalman(weighted_average),false
1788956744.090,139.299,-0.130,-0.803,2.032,87.176,-0.128,-0.808,2.033,87.058,0.003,-0.005,0.001,0.006,17,weighted_average,kalman(weighted_average),false
1788956744.140,139.349,-0.117,-0.808,2.031,86.819,-0.121,-0.801,2.032,86.936,-0.004,0.007,0.001,0.008,17,weighted_average,kalman(weighted_average),false
1788956744.200,139.409,-0.117,-0.783,2.022,86.901,-0.117,-0.784,2.025,86.906,-0.000,-0.001,0.003,0.003,17,weighted_average,kalman(weighted_average),false
1788956744.244,139.453,-0.115,-0.771,2.010,86.895,-0.115,-0.771,2.015,86.890,0.000,-0.000,0.005,0.005,17,weighted_average,kalman(weighted_average),false
1788956744.300,139.509,-0.114,-0.745,2.030,86.992,-0.113,-0.749,2.022,86.934,0.001,-0.004,-0.009,0.010,17,weighted_average,kalman(weighted_average),false
1788956744.390,139.599,-0.107,-0.729,2.021,86.800,-0.107,-0.726,2.021,86.848,-0.001,0.002,-0.000,0.003,17,weighted_average,kalman(weighted_average),false
1788956744.442,139.651,-0.107,-0.711,2.001,86.857,-0.106,-0.711,2.008,86.840,0.001,-0.000,0.007,0.007,17,weighted_average,kalman(weighted_average),false
1788956744.491,139.700,-0.106,-0.695,2.024,86.873,-0.105,-0.696,2.015,86.849,0.001,-0.001,-0.008,0.009,17,weighted_average,kalman(weighted_average),false
1788956744.542,139.751,-0.104,-0.685,2.030,86.859,-0.104,-0.683,2.024,86.849,0.000,0.002,-0.006,0.006,17,weighted_average,kalman(weighted_average),false
1788956744.594,139.803,-0.114,-0.650,2.014,87.147,-0.109,-0.658,2.020,87.002,0.005,-0.007,0.005,0.010,17,weighted_average,kalman(weighted_average),false
1788956744.680,139.889,-0.111,-0.635,2.015,87.071,-0.111,-0.632,2.016,87.076,-0.000,0.003,0.001,0.003,17,weighted_average,kalman(weighted_average),false
1788956744.737,139.946,-0.107,-0.617,2.009,86.990,-0.109,-0.617,2.011,87.047,-0.002,0.001,0.002,0.003,17,weighted_average,kalman(weighted_average),false
1788956744.780,139.989,-0.112,-0.595,2.011,87.109,-0.111,-0.598,2.010,87.087,0.001,-0.004,-0.001,0.004,17,weighted_average,kalman(weighted_average),false
1788956744.836,140.045,-0.112,-0.578,2.004,87.145,-0.111,-0.579,2.005,87.131,0.000,-0.000,0.001,0.001,17,weighted_average,kalman(weighted_average),false
1788956744.882,140.091,-0.101,-0.588,2.017,86.826,-0.106,-0.577,2.011,86.991,-0.005,0.011,-0.006,0.013,17,weighted_average,kalman(weighted_average),false
1788956744.974,140.183,-0.109,-0.536,2.005,87.149,-0.107,-0.542,2.007,87.075,0.002,-0.005,0.002,0.006,17,weighted_average,kalman(weighted_average),false
1788956745.021,140.230,-0.106,-0.533,2.025,87.037,-0.107,-0.530,2.018,87.062,-0.000,0.003,-0.007,0.008,17,weighted_average,kalman(weighted_average),false
1788956745.074,140.283,-0.115,-0.508,2.000,87.287,-0.112,-0.510,2.008,87.190,0.003,-0.002,0.008,0.009,17,weighted_average,kalman(weighted_average),false
1788956745.131,140.340,-0.118,-0.487,2.023,87.423,-0.117,-0.488,2.017,87.344,0.001,-0.001,-0.006,0.007,17,weighted_average,kalman(weighted_average),false
1788956745.174,140.383,-0.106,-0.484,1.997,87.157,-0.112,-0.480,2.007,87.286,-0.006,0.005,0.009,0.012,17,weighted_average,kalman(weighted_average),false
1788956745.264,140.473,-0.101,-0.449,1.977,87.164,-0.104,-0.450,1.984,87.233,-0.003,-0.001,0.006,0.007,17,weighted_average,kalman(weighted_average),false
1788956745.313,140.522,-0.103,-0.435,1.983,87.252,-0.102,-0.434,1.980,87.242,0.001,0.000,-0.004,0.004,17,weighted_average,kalman(weighted_average),false
1788956745.374,140.583,-0.077,-0.442,1.993,86.682,-0.085,-0.433,1.985,86.920,-0.007,0.009,-0.008,0.014,17,weighted_average,kalman(weighted_average),false
1788956745.415,140.625,-0.086,-0.430,2.010,86.893,-0.082,-0.428,1.999,86.861,0.004,0.001,-0.011,0.011,17,weighted_average,kalman(weighted_average),false
1788956745.473,140.682,-0.110,-0.377,1.958,87.516,-0.097,-0.393,1.976,87.158,0.014,-0.016,0.018,0.028,17,weighted_average,kalman(weighted_average),false
1788956745.562,140.772,-0.075,-0.368,1.947,86.832,-0.082,-0.366,1.951,86.972,-0.007,0.002,0.004,0.008,17,weighted_average,kalman(weighted_average),false
1788956745.611,140.820,-0.085,-0.346,1.954,87.054,-0.082,-0.347,1.949,86.998,0.003,-0.001,-0.005,0.006,17,weighted_average,kalman(weighted_average),false
1788956745.666,140.875,-0.084,-0.332,1.937,87.062,-0.082,-0.330,1.938,87.023,0.002,0.001,0.001,0.002,17,weighted_average,kalman(weighted_average),false
1788956745.713,140.922,-0.089,-0.314,1.967,87.199,-0.085,-0.314,1.952,87.112,0.004,-0.000,-0.015,0.015,17,weighted_average,kalman(weighted_average),false
1788956745.766,140.976,-0.084,-0.311,1.971,87.092,-0.085,-0.305,1.964,87.116,-0.001,0.006,-0.007,0.009,17,weighted_average,kalman(weighted_average),false
1788956745.852,141.061,-0.086,-0.272,1.935,87.196,-0.085,-0.275,1.945,87.178,0.000,-0.003,0.010,0.011,17,weighted_average,kalman(weighted_average),false
1788956745.907,141.116,-0.087,-0.257,1.928,87.265,-0.087,-0.257,1.932,87.243,0.001,-0.000,0.003,0.003,17,weighted_average,kalman(weighted_average),false
1788956745.955,141.164,-0.079,-0.254,1.939,87.053,-0.082,-0.249,1.933,87.159,-0.003,0.005,-0.006,0.009,17,weighted_average,kalman(weighted_average),false
1788956746.015,141.224,-0.089,-0.222,1.917,87.366,-0.086,-0.226,1.920,87.273,0.003,-0.004,0.004,0.006,17,weighted_average,kalman(weighted_average),false
1788956746.063,141.272,-0.093,-0.204,1.942,87.453,-0.091,-0.207,1.931,87.384,0.002,-0.003,-0.012,0.012,17,weighted_average,kalman(weighted_average),false
1788956746.152,141.361,-0.085,-0.176,1.915,87.326,-0.087,-0.176,1.919,87.387,-0.003,0.000,0.004,0.005,17,weighted_average,kalman(weighted_average),false
1788956746.211,141.420,-0.084,-0.176,1.928,87.286,-0.085,-0.169,1.924,87.339,-0.001,0.007,-0.005,0.008,17,weighted_average,kalman(weighted_average),false
1788956746.254,141.463,-0.069,-0.160,1.902,87.031,-0.075,-0.160,1.911,87.177,-0.006,0.000,0.009,0.011,17,weighted_average,kalman(weighted_average),false
1788956746.308,141.517,-0.087,-0.135,1.912,87.418,-0.080,-0.140,1.909,87.275,0.007,-0.005,-0.003,0.009,17,weighted_average,kalman(weighted_average),false
1788956746.356,141.565,-0.070,-0.132,1.889,87.052,-0.074,-0.129,1.896,87.160,-0.004,0.002,0.007,0.008,17,weighted_average,kalman(weighted_average),false
1788956746.447,141.656,-0.069,-0.107,1.875,87.094,-0.069,-0.107,1.876,87.091,0.000,0.001,0.002,0.002,17,weighted_average,kalman(weighted_average),false
1788956746.496,141.705,-0.069,-0.085,1.901,87.108,-0.068,-0.088,1.889,87.084,0.001,-0.004,-0.012,0.013,17,weighted_average,kalman(weighted_average),false
1788956746.550,141.759,-0.069,-0.085,1.901,87.108,-0.068,-0.080,1.897,87.084,0.001,0.005,-0.005,0.007,17,weighted_average,kalman(weighted_average),false
1788956746.603,141.812,-0.075,-0.066,1.901,87.234,-0.072,-0.066,1.901,87.156,0.003,-0.001,-0.001,0.003,17,weighted_average,kalman(weighted_average),false
1788956746.647,141.856,-0.085,-0.053,1.935,87.442,-0.080,-0.054,1.922,87.306,0.005,-0.001,-0.013,0.014,17,weighted_average,kalman(weighted_average),false
1788956746.737,141.946,-0.042,-0.051,1.876,86.814,-0.054,-0.046,1.893,87.031,-0.012,0.005,0.017,0.022,17,weighted_average,kalman(weighted_average),false
1788956746.785,141.995,-0.083,-0.014,1.875,88.234,-0.069,-0.023,1.878,87.676,0.014,-0.009,0.003,0.017,17,weighted_average,kalman(weighted_average),false
1788956746.843,142.052,-0.047,-0.020,1.865,88.018,-0.055,-0.015,1.864,87.959,-0.008,0.004,-0.000,0.009,17,weighted_average,kalman(weighted_average),false
1788956746.887,142.096,-0.071,-0.008,1.921,89.155,-0.062,-0.007,1.893,88.662,0.008,0.001,-0.028,0.029,17,weighted_average,kalman(weighted_average),false
1788956746.940,142.150,-0.069,-0.001,1.926,89.529,-0.066,0.001,1.915,89.314,0.003,0.002,-0.011,0.011,17,weighted_average,kalman(weighted_average),false
1788956747.032,142.241,-0.039,0.000,1.859,90.028,-0.047,0.004,1.879,90.079,-0.007,0.004,0.020,0.021,17,weighted_average,kalman(weighted_average),false
1788956747.079,142.288,-0.049,0.010,1.879,90.582,-0.046,0.009,1.874,90.542,0.004,-0.001,-0.005,0.006,17,weighted_average,kalman(weighted_average),false
1788956747.135,142.345,-0.086,0.029,1.916,91.892,-0.069,0.023,1.897,91.526,0.017,-0.006,-0.019,0.026,17,weighted_average,kalman(weighted_average),false
1788956747.180,142.390,-0.080,0.033,1.956,92.151,-0.079,0.032,1.934,92.119,0.002,-0.001,-0.022,0.022,17,weighted_average,kalman(weighted_average),false
1788956747.238,142.447,-0.086,0.060,1.875,92.893,-0.087,0.053,1.906,92.874,-0.001,-0.007,0.030,0.031,17,weighted_average,kalman(weighted_average),false
1788956747.329,142.538,-0.076,0.066,1.885,93.619,-0.083,0.069,1.889,93.761,-0.006,0.003,0.004,0.008,17,weighted_average,kalman(weighted_average),false
1788956747.379,142.588,-0.113,0.083,1.911,94.550,-0.102,0.081,1.900,94.447,0.011,-0.001,-0.010,0.015,17,weighted_average,kalman(weighted_average),false
1788956747.432,142.641,-0.096,0.097,1.877,94.890,-0.102,0.096,1.886,94.975,-0.006,-0.002,0.009,0.011,17,weighted_average,kalman(weighted_average),false
1788956747.482,142.691,-0.338,0.561,2.174,98.396,-0.102,0.096,1.886,97.041,0.236,-0.465,-0.288,0.596,15,weighted_average,kalman(weighted_average),true
1788956747.538,142.747,-1.093,0.593,1.014,107.378,-0.102,0.096,1.886,103.173,0.992,-0.498,0.872,1.411,3,weighted_average,kalman(weighted_average),true
1788956747.625,142.834,-0.360,0.711,1.647,101.080,-0.102,0.096,1.886,103.547,0.258,-0.616,0.239,0.709,3,weighted_average,kalman(weighted_average),true
1788956747.679,142.888,-0.382,0.741,1.581,101.604,-0.368,0.707,1.597,102.972,0.015,-0.033,0.016,0.040,3,weighted_average,kalman(weighted_average),false
1788956747.733,142.942,-0.638,0.554,2.106,103.957,-0.368,0.707,1.597,103.797,0.270,0.153,-0.509,0.596,15,weighted_average,kalman(weighted_average),true
1788956747.781,142.990,-0.775,0.688,1.035,106.297,-0.368,0.707,1.597,105.398,0.407,0.020,0.562,0.695,3,weighted_average,kalman(weighted_average),true
1788956747.841,143.050,-0.345,0.612,2.057,101.709,-0.347,0.622,2.009,103.902,-0.002,0.010,-0.048,0.049,6,weighted_average,kalman(weighted_average),false
1788956747.930,143.139,-0.373,0.631,2.059,102.701,-0.365,0.619,2.096,103.147,0.009,-0.012,0.037,0.039,6,weighted_average,kalman(weighted_average),false
1788956747.980,143.189,-0.133,0.718,2.315,101.501,-0.216,0.680,2.262,102.107,-0.083,-0.038,-0.053,0.106,3,weighted_average,kalman(weighted_average),false
1788956748.031,143.240,-0.782,0.773,1.583,107.491,-0.216,0.680,2.262,104.791,0.566,-0.093,0.679,0.889,3,weighted_average,kalman(weighted_average),true
1788956748.081,143.290,-0.445,0.680,2.031,103.031,-0.397,0.680,2.080,104.156,0.048,0.000,0.049,0.068,6,weighted_average,kalman(weighted_average),false
1788956748.136,143.345,-0.641,0.692,2.374,106.376,-0.397,0.680,2.080,105.427,0.244,-0.013,-0.295,0.383,3,weighted_average,kalman(weighted_average),true
1788956748.222,143.431,-0.322,0.787,1.982,103.605,-0.332,0.772,1.996,104.602,-0.010,-0.015,0.014,0.023,3,weighted_average,kalman(weighted_average),false
1788956748.277,143.486,-0.699,0.781,1.950,107.587,-0.332,0.772,1.996,106.315,0.367,-0.009,0.045,0.370,3,weighted_average,kalman(weighted_average),true
1788956748.330,143.539,-0.502,0.707,2.045,105.209,-0.472,0.718,2.036,105.967,0.031,0.012,-0.009,0.034,6,weighted_average,kalman(weighted_average),false
1788956748.380,143.590,-0.398,0.819,0.937,105.338,-0.472,0.718,2.036,105.742,-0.074,-0.101,1.100,1.107,3,weighted_average,kalman(weighted_average),true
1788956748.435,143.644,-0.474,0.622,1.986,105.914,-0.473,0.641,1.996,105.869,0.000,0.020,0.010,0.022,5,weighted_average,kalman(weighted_average),false
1788956748.525,143.734,-0.520,0.716,1.990,107.395,-0.509,0.687,1.986,106.921,0.011,-0.029,-0.004,0.031,6,weighted_average,kalman(weighted_average),false
1788956748.575,143.784,-0.485,0.630,1.965,107.291,-0.499,0.654,1.970,107.304,-0.014,0.024,0.004,0.028,5,weighted_average,kalman(weighted_average),false
1788956748.628,143.837,-0.519,0.645,1.956,108.176,-0.513,0.645,1.957,107.970,0.006,0.000,0.001,0.006,5,weighted_average,kalman(weighted_average),false
1788956748.679,143.888,-0.526,0.641,1.955,108.601,-0.524,0.639,1.951,108.536,0.002,-0.002,-0.004,0.005,5,weighted_average,kalman(weighted_average),false
1788956748.726,143.935,-0.544,0.657,1.943,109.260,-0.540,0.647,1.943,109.142,0.004,-0.010,-0.000,0.011,5,weighted_average,kalman(weighted_average),false
1788956748.816,144.025,-0.544,0.669,1.954,109.721,-0.548,0.663,1.947,109.868,-0.005,-0.006,-0.007,0.011,5,weighted_average,kalman(weighted_average),false
1788956748.870,144.079,-0.583,0.669,1.961,110.841,-0.573,0.669,1.956,110.642,0.009,0.001,-0.005,0.010,5,weighted_average,kalman(weighted_average),false
1788956748.919,144.128,-0.606,0.681,1.951,111.685,-0.599,0.679,1.955,111.452,0.007,-0.002,0.003,0.008,5,weighted_average,kalman(weighted_average),false
1788956748.971,144.180,-0.604,0.687,1.956,111.917,-0.610,0.687,1.956,112.020,-0.006,-0.000,-0.000,0.006,5,weighted_average,kalman(weighted_average),false
1788956749.026,144.235,-0.636,0.684,1.953,112.990,-0.632,0.688,1.955,112.851,0.004,0.004,0.002,0.006,5,weighted_average,kalman(weighted_average),false
1788956749.118,144.327,-0.644,0.707,1.966,113.829,-0.650,0.704,1.963,113.913,-0.005,-0.002,-0.002,0.006,5,weighted_average,kalman(weighted_average),false
1788956749.175,144.384,-0.672,0.714,1.938,114.420,-0.669,0.714,1.947,114.495,0.003,-0.000,0.010,0.010,5,weighted_average,kalman(weighted_average),false
1788956749.221,144.430,-0.693,0.716,1.952,115.205,-0.689,0.718,1.949,115.121,0.004,0.002,-0.004,0.006,5,weighted_average,kalman(weighted_average),false
1788956749.275,144.484,-0.692,0.719,1.950,115.457,-0.698,0.721,1.948,115.603,-0.006,0.002,-0.002,0.006,5,weighted_average,kalman(weighted_average),false
1788956749.321,144.530,-0.715,0.727,1.943,116.191,-0.713,0.727,1.945,116.147,0.002,-0.001,0.002,0.003,5,weighted_average,kalman(weighted_average),false
1788956749.411,144.620,-0.741,0.729,1.929,117.058,-0.740,0.731,1.932,117.097,0.001,0.002,0.003,0.003,5,weighted_average,kalman(weighted_average),false
1788956749.463,144.672,-0.744,0.745,1.935,117.418,-0.748,0.741,1.932,117.518,-0.004,-0.004,-0.003,0.006,5,weighted_average,kalman(weighted_average),false
1788956749.517,144.726,-0.792,0.748,1.960,118.396,-0.780,0.748,1.948,118.240,0.012,-0.000,-0.012,0.017,5,weighted_average,kalman(weighted_average),false
1788956749.569,144.778,-0.776,0.757,1.926,118.372,-0.786,0.756,1.937,118.580,-0.010,-0.001,0.011,0.015,5,weighted_average,kalman(weighted_average),false
1788956749.627,144.836,-0.777,0.761,1.943,118.570,-0.786,0.762,1.940,118.822,-0.009,0.001,-0.003,0.010,5,weighted_average,kalman(weighted_average),false
1788956749.720,144.929,-0.862,0.762,1.931,120.312,-0.847,0.764,1.933,120.048,0.015,0.003,0.002,0.015,5,weighted_average,kalman(weighted_average),false
1788956749.778,144.987,-0.863,0.767,1.957,120.447,-0.868,0.767,1.948,120.542,-0.005,0.000,-0.009,0.010,5,weighted_average,kalman(weighted_average),false
1788956749.818,145.027,-0.898,0.770,1.970,121.188,-0.893,0.769,1.963,121.070,0.005,-0.000,-0.007,0.009,5,weighted_average,kalman(weighted_average),false
1788956749.889,145.098,-0.907,0.783,1.952,121.376,-0.914,0.779,1.960,121.570,-0.008,-0.003,0.008,0.011,5,weighted_average,kalman(weighted_average),false
1788956749.978,145.187,-0.946,0.794,1.929,122.357,-0.947,0.793,1.938,122.361,-0.000,-0.001,0.008,0.008,5,weighted_average,kalman(weighted_average),false
1788956750.029,145.239,-0.965,0.789,1.929,123.101,-0.965,0.793,1.929,122.985,-0.000,0.004,-0.000,0.004,5,weighted_average,kalman(weighted_average),false
1788956750.077,145.286,-0.982,0.785,1.924,123.575,-0.983,0.789,1.923,123.524,-0.000,0.005,-0.002,0.005,5,weighted_average,kalman(weighted_average),false
1788956750.129,145.339,-1.003,0.804,1.896,124.136,-1.002,0.799,1.903,124.106,0.000,-0.006,0.007,0.009,5,weighted_average,kalman(weighted_average),false
1788956750.180,145.389,-1.008,0.808,1.920,124.359,-1.013,0.806,1.908,124.499,-0.005,-0.002,-0.012,0.013,5,weighted_average,kalman(weighted_average),false
1788956750.271,145.480,-1.073,0.621,1.929,126.730,-1.065,0.670,1.922,126.257,0.008,0.050,-0.008,0.051,13,weighted_average,kalman(weighted_average),false
1788956750.322,145.531,-1.087,0.631,1.969,127.078,-1.088,0.625,1.954,127.069,-0.001,-0.007,-0.015,0.017,13,weighted_average,kalman(weighted_average),false
1788956750.374,145.583,-1.101,0.628,1.958,127.510,-1.106,0.606,1.963,127.686,-0.005,-0.021,0.005,0.023,13,weighted_average,kalman(weighted_average),false
1788956750.423,145.632,-1.114,0.641,1.937,127.933,-1.119,0.613,1.952,128.148,-0.005,-0.028,0.016,0.032,13,weighted_average,kalman(weighted_average),false
1788956750.481,145.690,-1.138,0.631,1.916,128.574,-1.138,0.616,1.931,128.716,-0.000,-0.015,0.015,0.021,13,weighted_average,kalman(weighted_average),false
1788956750.571,145.780,-1.164,0.646,1.889,129.359,-1.165,0.635,1.896,129.496,-0.001,-0.011,0.007,0.013,13,weighted_average,kalman(weighted_average),false
1788956750.622,145.831,-1.186,0.637,1.908,130.125,-1.184,0.639,1.898,130.071,0.002,0.002,-0.010,0.010,13,weighted_average,kalman(weighted_average),false
1788956750.673,145.882,-1.181,0.656,1.904,130.056,-1.189,0.652,1.898,130.302,-0.008,-0.005,-0.006,0.011,13,weighted_average,kalman(weighted_average),false
1788956750.731,145.940,-1.223,0.641,1.911,131.136,-1.215,0.649,1.905,130.974,0.008,0.007,-0.007,0.013,13,weighted_average,kalman(weighted_average),false
1788956750.782,145.991,-1.223,0.641,1.911,131.136,-1.227,0.645,1.909,131.290,-0.004,0.004,-0.002,0.006,13,weighted_average,kalman(weighted_average),false
1788956750.901,146.110,-1.255,0.649,1.926,132.380,-1.256,0.648,1.924,132.357,-0.001,-0.001,-0.002,0.002,13,weighted_average,kalman(weighted_average),false
1788956750.948,146.157,-1.265,0.651,1.920,132.966,-1.265,0.650,1.923,132.887,-0.001,-0.000,0.004,0.004,13,weighted_average,kalman(weighted_average),false
1788956751.006,146.215,-1.282,0.653,1.901,133.673,-1.281,0.652,1.910,133.579,0.001,-0.000,0.009,0.009,13,weighted_average,kalman(weighted_average),false
1788956751.053,146.262,-1.296,0.652,1.889,134.107,-1.295,0.653,1.896,134.088,0.001,0.001,0.007,0.007,13,weighted_average,kalman(weighted_average),false
1788956751.106,146.315,-1.311,0.664,1.877,134.641,-1.310,0.660,1.880,134.653,0.001,-0.004,0.004,0.005,13,weighted_average,kalman(weighted_average),false
1788956751.197,146.406,-1.352,0.641,1.894,136.200,-1.348,0.647,1.885,135.997,0.004,0.007,-0.009,0.012,13,weighted_average,kalman(weighted_average),false
1788956751.248,146.457,-1.347,0.662,1.845,136.210,-1.354,0.655,1.859,136.408,-0.007,-0.007,0.014,0.017,13,weighted_average,kalman(weighted_average),false
1788956751.301,146.510,-1.366,0.648,1.848,137.196,-1.367,0.651,1.847,137.113,-0.001,0.003,-0.000,0.003,13,weighted_average,kalman(weighted_average),false
1788956751.349,146.558,-1.377,0.646,1.844,137.623,-1.378,0.648,1.841,137.660,-0.001,0.001,-0.003,0.003,13,weighted_average,kalman(weighted_average),false
1788956751.406,146.615,-1.389,0.644,1.883,138.400,-1.390,0.645,1.863,138.371,-0.001,0.000,-0.020,0.020,13,weighted_average,kalman(weighted_average),false
1788956751.493,146.702,-1.404,0.649,1.853,139.177,-1.406,0.647,1.858,139.265,-0.002,-0.002,0.005,0.005,13,weighted_average,kalman(weighted_average),false
1788956751.548,146.757,-1.406,0.650,1.862,139.838,-1.409,0.649,1.860,139.851,-0.004,-0.001,-0.002,0.004,13,weighted_average,kalman(weighted_average),false
1788956751.603,146.812,-1.428,0.644,1.833,140.772,-1.424,0.646,1.843,140.626,0.004,0.003,0.010,0.011,13,weighted_average,kalman(weighted_average),false
1788956751.644,146.853,-1.409,0.661,1.857,140.576,-1.419,0.654,1.849,140.850,-0.010,-0.007,-0.008,0.015,13,weighted_average,kalman(weighted_average),false
1788956751.699,146.908,-1.427,0.672,1.859,141.086,-1.425,0.666,1.854,141.245,0.001,-0.005,-0.005,0.007,13,weighted_average,kalman(weighted_average),false
1788956751.786,146.995,-1.436,0.652,1.833,142.151,-1.436,0.659,1.839,142.105,0.001,0.007,0.006,0.009,13,weighted_average,kalman(weighted_average),false
1788956751.844,147.053,-1.422,0.672,1.862,141.899,-1.429,0.667,1.852,142.208,-0.007,-0.005,-0.010,0.013,13,weighted_average,kalman(weighted_average),false
1788956751.889,147.098,-1.438,0.670,1.809,142.422,-1.434,0.670,1.827,142.455,0.004,0.000,0.018,0.019,13,weighted_average,kalman(weighted_average),false
1788956751.943,147.152,-1.443,0.670,1.829,142.563,-1.440,0.671,1.824,142.668,0.002,0.001,-0.005,0.006,13,weighted_average,kalman(weighted_average),false
1788956751.996,147.205,-1.445,0.682,1.836,142.650,-1.445,0.678,1.829,142.789,0.000,-0.003,-0.007,0.008,13,weighted_average,kalman(weighted_average),false
1788956752.083,147.292,-1.468,0.677,1.827,142.983,-1.464,0.679,1.827,143.045,0.004,0.002,-0.000,0.005,13,weighted_average,kalman(weighted_average),false
1788956752.138,147.347,-1.450,0.695,1.819,142.608,-1.458,0.690,1.821,142.867,-0.008,-0.005,0.002,0.010,13,weighted_average,kalman(weighted_average),false
1788956752.185,147.394,-1.459,0.708,1.820,142.536,-1.459,0.703,1.819,142.709,-0.001,-0.005,-0.001,0.005,13,weighted_average,kalman(weighted_average),false
1788956752.260,147.469,-1.477,0.702,1.817,142.781,-1.473,0.707,1.817,142.737,0.005,0.004,-0.001,0.007,13,weighted_average,kalman(weighted_average),false
1788956752.357,147.566,-1.474,0.725,1.849,142.481,-1.477,0.723,1.841,142.555,-0.002,-0.002,-0.008,0.008,13,weighted_average,kalman(weighted_average),false
1788956752.408,147.617,-1.489,0.723,1.794,142.675,-1.486,0.726,1.813,142.600,0.003,0.002,0.019,0.020,13,weighted_average,kalman(weighted_average),false
1788956752.461,147.670,-1.491,0.737,1.801,142.542,-1.491,0.735,1.803,142.556,-0.000,-0.002,0.002,0.003,13,weighted_average,kalman(weighted_average),false
1788956752.514,147.724,-1.490,0.739,1.868,142.481,-1.493,0.740,1.840,142.500,-0.003,0.001,-0.028,0.028,13,weighted_average,kalman(weighted_average),false
1788956752.565,147.774,-1.508,0.741,1.803,142.638,-1.503,0.743,1.822,142.554,0.005,0.002,0.019,0.020,13,weighted_average,kalman(weighted_average),false
1788956752.654,147.863,-1.518,0.748,1.797,142.749,-1.517,0.749,1.803,142.676,0.001,0.001,0.006,0.006,13,weighted_average,kalman(weighted_average),false
1788956752.705,147.914,-1.525,0.744,1.824,142.850,-1.525,0.747,1.814,142.794,0.000,0.003,-0.010,0.011,13,weighted_average,kalman(weighted_average),false
1788956752.753,147.962,-1.513,0.776,1.789,142.411,-1.521,0.765,1.799,142.621,-0.008,-0.011,0.010,0.017,13,weighted_average,kalman(weighted_average),false
1788956752.805,148.014,-1.552,0.747,1.786,143.116,-1.541,0.757,1.788,142.874,0.011,0.011,0.002,0.016,13,weighted_average,kalman(weighted_average),false
1788956752.856,148.065,-1.558,0.747,1.785,143.170,-1.555,0.752,1.783,143.066,0.003,0.005,-0.002,0.006,13,weighted_average,kalman(weighted_average),false
1788956752.944,148.153,-1.536,0.785,1.798,142.510,-1.546,0.775,1.791,142.784,-0.011,-0.009,-0.007,0.016,13,weighted_average,kalman(weighted_average),false
1788956753.005,148.214,-1.560,0.796,1.755,142.587,-1.555,0.793,1.767,142.639,0.004,-0.003,0.012,0.013,13,weighted_average,kalman(weighted_average),false
1788956753.047,148.256,-1.577,0.779,1.783,142.944,-1.569,0.789,1.773,142.767,0.008,0.010,-0.010,0.016,13,weighted_average,kalman(weighted_average),false
1788956753.109,148.318,-1.566,0.791,1.797,142.673,-1.571,0.793,1.787,142.708,-0.005,0.002,-0.010,0.011,13,weighted_average,kalman(weighted_average),false
1788956753.145,148.354,-1.580,0.781,1.814,142.917,-1.577,0.788,1.803,142.799,0.002,0.007,-0.010,0.013,13,weighted_average,kalman(weighted_average),false
1788956753.237,148.446,-1.580,0.802,1.811,142.639,-1.582,0.799,1.814,142.704,-0.002,-0.003,0.003,0.005,13,weighted_average,kalman(weighted_average),false
1788956753.287,148.496,-1.588,0.804,1.781,142.707,-1.587,0.804,1.795,142.693,0.001,-0.000,0.014,0.014,13,weighted_average,kalman(weighted_average),false
1788956753.343,148.552,-1.569,0.832,1.782,142.215,-1.577,0.824,1.785,142.414,-0.008,-0.008,0.003,0.012,13,weighted_average,kalman(weighted_average),false
1788956753.386,148.595,-1.599,0.807,1.792,142.755,-1.589,0.818,1.787,142.540,0.010,0.011,-0.006,0.016,13,weighted_average,kalman(weighted_average),false
1788956753.444,148.653,-1.622,0.794,1.785,143.096,-1.611,0.805,1.784,142.821,0.011,0.011,-0.001,0.016,13,weighted_average,kalman(weighted_average),false
1788956753.535,148.744,-1.615,0.814,1.771,142.801,-1.619,0.810,1.773,142.856,-0.004,-0.004,0.002,0.006,13,weighted_average,kalman(weighted_average),false
1788956753.585,148.794,-1.622,0.803,1.808,142.972,-1.623,0.806,1.794,142.940,-0.001,0.003,-0.014,0.014,13,weighted_average,kalman(weighted_average),false
1788956753.637,148.846,-1.616,0.821,1.838,142.637,-1.621,0.815,1.824,142.801,-0.005,-0.006,-0.014,0.016,13,weighted_average,kalman(weighted_average),false
1788956753.685,148.894,-1.611,0.819,1.808,142.719,-1.616,0.818,1.821,142.752,-0.005,-0.000,0.013,0.013,13,weighted_average,kalman(weighted_average),false
1788956753.738,148.947,-1.634,0.804,1.708,143.204,-1.626,0.811,1.756,142.976,0.008,0.007,0.048,0.049,13,weighted_average,kalman(weighted_average),false
1788956753.829,149.038,-1.623,0.819,1.726,142.861,-1.625,0.817,1.723,142.940,-0.003,-0.003,-0.003,0.005,13,weighted_average,kalman(weighted_average),false
1788956753.881,149.090,-1.634,0.812,1.760,143.054,-1.631,0.814,1.740,143.011,0.003,0.002,-0.020,0.020,13,weighted_average,kalman(weighted_average),false
1788956753.935,149.144,-1.650,0.799,1.765,143.327,-1.644,0.804,1.755,143.201,0.006,0.006,-0.010,0.013,13,weighted_average,kalman(weighted_average),false
1788956753.982,149.191,-1.626,0.817,1.767,142.915,-1.636,0.810,1.764,143.091,-0.010,-0.007,-0.003,0.012,13,weighted_average,kalman(weighted_average),false
1788956754.045,149.254,-1.623,0.811,1.757,142.976,-1.628,0.811,1.763,143.038,-0.005,-0.000,0.006,0.008,13,weighted_average,kalman(weighted_average),false
1788956754.159,149.368,-1.610,0.805,1.769,142.905,-1.612,0.806,1.769,142.936,-0.002,0.001,-0.000,0.002,13,weighted_average,kalman(weighted_average),false
1788956754.210,149.419,-1.614,0.807,1.753,142.916,-1.611,0.806,1.759,142.909,0.003,-0.001,0.006,0.007,13,weighted_average,kalman(weighted_average),false
1788956754.264,149.473,-1.622,0.802,1.732,143.074,-1.616,0.803,1.741,142.987,0.005,0.001,0.008,0.010,13,weighted_average,kalman(weighted_average),false
1788956754.314,149.523,-1.624,0.799,1.712,143.117,-1.621,0.800,1.720,143.061,0.003,0.001,0.007,0.008,13,weighted_average,kalman(weighted_average),false
1788956754.365,149.574,-1.618,0.796,1.757,143.043,-1.620,0.796,1.736,143.067,-0.002,0.001,-0.021,0.021,13,weighted_average,kalman(weighted_average),false
1788956754.462,149.671,-1.621,0.790,1.731,143.090,-1.621,0.790,1.732,143.096,-0.000,0.000,0.001,0.001,13,weighted_average,kalman(weighted_average),false
1788956754.518,149.727,-1.614,0.795,1.762,142.927,-1.616,0.792,1.752,143.002,-0.002,-0.003,-0.010,0.011,13,weighted_average,kalman(weighted_average),false
1788956754.569,149.778,-1.619,0.796,1.741,142.951,-1.618,0.794,1.748,142.963,0.002,-0.002,0.007,0.007,13,weighted_average,kalman(weighted_average),false
1788956754.632,149.841,-1.599,0.805,1.776,142.621,-1.605,0.802,1.767,142.751,-0.006,-0.003,-0.009,0.011,13,weighted_average,kalman(weighted_average),false
1788956754.737,149.946,-1.609,0.788,1.736,142.957,-1.606,0.792,1.746,142.844,0.003,0.004,0.010,0.011,13,weighted_average,kalman(weighted_average),false
1788956754.807,150.016,-1.621,0.782,1.728,143.142,-1.617,0.784,1.730,143.044,0.004,0.001,0.002,0.005,13,weighted_average,kalman(weighted_average),false
1788956754.861,150.070,-1.610,0.792,1.752,142.924,-1.614,0.787,1.741,143.006,-0.004,-0.005,-0.011,0.013,13,weighted_average,kalman(weighted_average),false
1788956754.913,150.122,-1.594,0.810,1.753,142.540,-1.602,0.801,1.748,142.766,-0.008,-0.009,-0.005,0.013,13,weighted_average,kalman(weighted_average),false
1788956755.014,150.223,-1.623,0.784,1.743,143.090,-1.617,0.790,1.745,142.952,0.007,0.006,0.002,0.009,13,weighted_average,kalman(weighted_average),false
1788956755.070,150.279,-1.621,0.779,1.723,143.207,-1.622,0.781,1.729,143.127,-0.001,0.002,0.007,0.007,13,weighted_average,kalman(weighted_average),false
1788956755.111,150.320,-1.592,0.813,1.697,142.559,-1.606,0.798,1.708,142.864,-0.014,-0.015,0.011,0.023,13,weighted_average,kalman(weighted_average),false
1788956755.170,150.379,-1.618,0.802,1.692,142.892,-1.611,0.802,1.691,142.864,0.006,0.000,-0.000,0.006,13,weighted_average,kalman(weighted_average),false
1788956755.211,150.420,-1.629,0.782,1.676,143.312,-1.622,0.792,1.678,143.079,0.008,0.010,0.002,0.013,13,weighted_average,kalman(weighted_average),false
1788956755.309,150.518,-1.591,0.814,1.689,142.590,-1.600,0.807,1.679,142.796,-0.010,-0.006,-0.010,0.015,13,weighted_average,kalman(weighted_average),false
1788956755.361,150.570,-1.604,0.813,1.663,142.694,-1.600,0.814,1.668,142.701,0.004,0.000,0.005,0.006,13,weighted_average,kalman(weighted_average),false
1788956755.406,150.615,-1.613,0.802,1.693,142.906,-1.606,0.809,1.681,142.774,0.007,0.007,-0.012,0.015,13,weighted_average,kalman(weighted_average),false
1788956755.460,150.669,-1.619,0.791,1.703,143.098,-1.614,0.798,1.695,142.931,0.005,0.008,-0.008,0.012,13,weighted_average,kalman(weighted_average),false
1788956755.509,150.718,-1.617,0.799,1.698,142.949,-1.618,0.798,1.700,142.957,-0.000,-0.002,0.002,0.003,13,weighted_average,kalman(weighted_average),false
1788956755.606,150.815,-1.620,0.808,1.642,143.003,-1.621,0.804,1.658,143.008,-0.001,-0.004,0.016,0.017,13,weighted_average,kalman(weighted_average),false
1788956755.670,150.879,-1.624,0.799,1.712,143.041,-1.624,0.802,1.690,143.042,0.000,0.002,-0.022,0.022,13,weighted_average,kalman(weighted_average),false
1788956755.707,150.916,-1.595,0.818,1.730,142.581,-1.608,0.811,1.715,142.815,-0.013,-0.007,-0.015,0.021,13,weighted_average,kalman(weighted_average),false
1788956755.765,150.974,-1.600,0.824,1.739,142.504,-1.600,0.821,1.736,142.615,-0.000,-0.003,-0.002,0.004,13,weighted_average,kalman(weighted_average),false
1788956755.806,151.015,-1.607,0.820,1.709,142.679,-1.602,0.823,1.727,142.602,0.005,0.003,0.018,0.019,13,weighted_average,kalman(weighted_average),false
1788956755.902,151.111,-1.601,0.819,1.689,142.684,-1.600,0.823,1.701,142.604,0.001,0.003,0.012,0.013,13,weighted_average,kalman(weighted_average),false
1788956755.949,151.159,-1.610,0.813,1.730,142.776,-1.606,0.817,1.716,142.691,0.004,0.003,-0.014,0.015,13,weighted_average,kalman(weighted_average),false
1788956756.008,151.217,-1.619,0.816,1.702,142.794,-1.615,0.816,1.707,142.757,0.004,-0.001,0.005,0.006,13,weighted_average,kalman(weighted_average),false
1788956756.054,151.263,-1.621,0.809,1.708,142.939,-1.621,0.811,1.707,142.866,0.001,0.002,-0.002,0.003,13,weighted_average,kalman(weighted_average),false
1788956756.105,151.314,-1.627,0.803,1.701,143.064,-1.627,0.805,1.702,142.998,0.000,0.002,0.001,0.003,13,weighted_average,kalman(weighted_average),false
1788956756.203,151.412,-1.628,0.810,1.697,143.001,-1.630,0.807,1.696,143.055,-0.002,-0.003,-0.000,0.004,13,weighted_average,kalman(weighted_average),false
1788956756.249,151.458,-1.612,0.823,1.698,142.702,-1.619,0.817,1.696,142.873,-0.007,-0.006,-0.001,0.010,13,weighted_average,kalman(weighted_average),false
1788956756.300,151.510,-1.636,0.798,1.677,143.243,-1.628,0.807,1.684,143.059,0.008,0.009,0.006,0.014,13,weighted_average,kalman(weighted_average),false
1788956756.348,151.557,-1.618,0.815,1.689,142.847,-1.623,0.811,1.684,142.969,-0.005,-0.004,-0.004,0.008,13,weighted_average,kalman(weighted_average),false
1788956756.404,151.613,-1.615,0.821,1.736,142.722,-1.618,0.817,1.714,142.837,-0.002,-0.003,-0.022,0.022,13,weighted_average,kalman(weighted_average),false
1788956756.500,151.709,-1.612,0.827,1.717,142.609,-1.612,0.826,1.721,142.653,-0.000,-0.001,0.004,0.005,13,weighted_average,kalman(weighted_average),false
1788956756.549,151.758,-1.617,0.828,1.706,142.646,-1.614,0.829,1.713,142.617,0.003,0.001,0.007,0.008,13,weighted_average,kalman(weighted_average),false
1788956756.602,151.811,-1.616,0.816,1.726,142.806,-1.615,0.822,1.721,142.691,0.001,0.006,-0.005,0.008,13,weighted_average,kalman(weighted_average),false
1788956756.654,151.863,-1.604,0.825,1.732,142.589,-1.608,0.823,1.729,142.629,-0.004,-0.002,-0.003,0.006,13,weighted_average,kalman(weighted_average),false
1788956756.702,151.911,-1.621,0.820,1.742,142.767,-1.615,0.821,1.739,142.686,0.006,0.001,-0.003,0.007,13,weighted_average,kalman(weighted_average),false
1788956756.794,152.003,-1.638,0.810,1.724,143.022,-1.633,0.812,1.732,142.904,0.005,0.002,0.007,0.009,13,weighted_average,kalman(weighted_average),false
1788956756.844,152.053,-1.614,0.822,1.714,142.722,-1.624,0.817,1.720,142.833,-0.009,-0.005,0.005,0.012,13,weighted_average,kalman(weighted_average),false
1788956756.898,152.107,-1.604,0.835,1.699,142.499,-1.612,0.829,1.704,142.659,-0.007,-0.007,0.005,0.011,13,weighted_average,kalman(weighted_average),false
1788956756.946,152.155,-1.620,0.819,1.733,142.792,-1.615,0.825,1.717,142.708,0.005,0.006,-0.015,0.017,13,weighted_average,kalman(weighted_average),false
1788956756.999,152.208,-1.631,0.806,1.752,143.030,-1.624,0.814,1.738,142.870,0.007,0.008,-0.013,0.017,13,weighted_average,kalman(weighted_average),false
1788956757.096,152.305,-1.610,0.830,1.735,142.572,-1.615,0.825,1.740,142.701,-0.005,-0.006,0.005,0.009,13,weighted_average,kalman(weighted_average),false
1788956757.145,152.355,-1.623,0.816,1.729,142.851,-1.619,0.821,1.734,142.770,0.004,0.004,0.004,0.007,13,weighted_average,kalman(weighted_average),false
1788956757.195,152.404,-1.615,0.825,1.726,142.700,-1.616,0.824,1.728,142.730,-0.002,-0.002,0.002,0.003,13,weighted_average,kalman(weighted_average),false
1788956757.247,152.456,-1.608,0.828,1.738,142.603,-1.611,0.827,1.733,142.655,-0.003,-0.001,-0.005,0.006,13,weighted_average,kalman(weighted_average),false
1788956757.299,152.508,-1.610,0.823,1.720,142.701,-1.609,0.825,1.725,142.661,0.001,0.002,0.005,0.006,13,weighted_average,kalman(weighted_average),false
1788956757.390,152.599,-1.614,0.824,1.762,142.684,-1.612,0.825,1.752,142.662,0.002,0.001,-0.011,0.011,13,weighted_average,kalman(weighted_average),false
1788956757.441,152.650,-1.622,0.814,1.779,142.872,-1.619,0.817,1.773,142.780,0.003,0.004,-0.006,0.008,13,weighted_average,kalman(weighted_average),false
1788956757.491,152.700,-1.618,0.822,1.786,142.777,-1.620,0.819,1.787,142.795,-0.001,-0.003,0.001,0.003,13,weighted_average,kalman(weighted_average),false
1788956757.548,152.757,-1.614,0.825,1.768,142.703,-1.617,0.822,1.782,142.759,-0.003,-0.003,0.013,0.014,13,weighted_average,kalman(weighted_average),false
1788956757.600,152.809,-1.605,0.820,1.783,142.680,-1.610,0.821,1.784,142.720,-0.005,0.001,0.002,0.005,13,weighted_average,kalman(weighted_average),false
1788956757.692,152.901,-1.612,0.820,1.759,142.775,-1.610,0.821,1.767,142.750,0.002,0.000,0.008,0.008,13,weighted_average,kalman(weighted_average),false
1788956757.748,152.957,-1.106,-1.618,0.952,-176.840,-1.610,0.821,1.767,166.760,-0.505,2.438,0.816,2.620,4,weighted_average,kalman(weighted_average),true
1788956757.795,153.004,-1.622,0.819,1.730,142.882,-1.620,0.819,1.737,157.571,0.002,0.000,0.007,0.007,13,weighted_average,kalman(weighted_average),false
1788956757.844,153.054,-1.144,-1.656,1.045,-176.433,-1.620,0.819,1.737,172.235,-0.476,2.475,0.692,2.613,4,weighted_average,kalman(weighted_average),true
1788956757.895,153.104,-1.135,-1.676,1.060,-176.039,-1.620,0.819,1.737,-178.414,-0.485,2.495,0.677,2.630,4,weighted_average,kalman(weighted_average),true
1788956757.988,153.197,-1.604,0.834,1.804,142.448,-1.606,0.832,1.799,160.813,-0.001,-0.001,-0.006,0.006,13,weighted_average,kalman(weighted_average),false
1788956758.055,153.264,-1.606,0.838,1.783,142.460,-1.604,0.838,1.793,146.954,0.001,-0.000,0.011,0.011,13,weighted_average,kalman(weighted_average),false
1788956758.095,153.304,-1.134,-1.548,0.917,-178.090,-1.604,0.838,1.793,162.609,-0.470,2.386,0.877,2.585,4,weighted_average,kalman(weighted_average),true
1788956758.145,153.354,-1.186,-1.460,0.935,-179.712,-1.604,0.838,1.793,171.957,-0.418,2.298,0.858,2.489,4,weighted_average,kalman(weighted_average),true
1788956758.198,153.407,-1.178,-1.468,0.903,-179.569,-1.604,0.838,1.793,178.142,-0.426,2.306,0.890,2.508,4,weighted_average,kalman(weighted_average),true
1788956758.288,153.497,-1.619,0.835,1.784,142.076,-1.618,0.836,1.785,157.454,0.001,0.000,0.000,0.001,13,weighted_average,kalman(weighted_average),false
1788956758.338,153.547,-1.619,0.834,1.797,141.989,-1.620,0.834,1.792,146.223,-0.001,0.000,-0.005,0.005,13,weighted_average,kalman(weighted_average),false
1788956758.386,153.595,-1.618,0.841,1.813,141.707,-1.620,0.838,1.805,140.450,-0.002,-0.003,-0.007,0.008,13,weighted_average,kalman(weighted_average),false
1788956758.445,153.654,-1.614,0.849,1.783,140.998,-1.616,0.846,1.794,136.978,-0.002,-0.003,0.011,0.011,13,weighted_average,kalman(weighted_average),false
1788956758.491,153.700,-1.612,0.849,1.770,140.310,-1.614,0.849,1.779,136.322,-0.001,0.000,0.009,0.009,13,weighted_average,kalman(weighted_average),false
1788956758.583,153.792,1.487,-4.600,1.726,-88.787,-1.614,0.849,1.779,-138.241,-3.101,5.449,0.053,6.270,1,weighted_average,kalman(weighted_average),true
1788956758.635,153.844,-1.592,0.865,1.829,139.136,-1.595,0.863,1.822,-173.620,-0.003,-0.002,-0.006,0.007,13,weighted_average,kalman(weighted_average),false
1788956758.684,153.893,-1.635,0.834,1.848,139.887,-1.619,0.846,1.844,163.862,0.017,0.012,-0.004,0.021,13,weighted_average,kalman(weighted_average),false
1788956758.740,153.949,-1.626,0.849,1.831,139.606,-1.626,0.847,1.843,148.430,0.001,-0.003,0.012,0.013,13,weighted_average,kalman(weighted_average),false
1788956758.786,153.995,-1.647,0.834,1.832,139.915,-1.640,0.839,1.840,140.505,0.006,0.004,0.008,0.011,13,weighted_average,kalman(weighted_average),false
1788956758.875,154.084,-1.648,0.829,1.852,139.985,-1.651,0.829,1.851,134.896,-0.002,0.000,-0.001,0.003,13,weighted_average,kalman(weighted_average),false
1788956758.930,154.139,-1.647,0.834,1.835,139.974,-1.651,0.831,1.842,135.572,-0.004,-0.003,0.007,0.009,13,weighted_average,kalman(weighted_average),false
1788956758.978,154.187,-1.620,0.868,1.858,139.310,-1.633,0.853,1.851,136.324,-0.013,-0.015,-0.006,0.021,13,weighted_average,kalman(weighted_average),false
1788956759.040,154.250,-1.621,0.857,1.862,139.483,-1.623,0.859,1.860,137.227,-0.002,0.002,-0.002,0.004,13,weighted_average,kalman(weighted_average),false
1788956759.086,154.295,-1.631,0.859,1.810,139.611,-1.625,0.862,1.832,138.202,0.006,0.002,0.022,0.023,13,weighted_average,kalman(weighted_average),false
1788956759.177,154.386,-1.640,0.850,1.870,139.721,-1.634,0.855,1.856,139.145,0.005,0.005,-0.014,0.016,13,weighted_average,kalman(weighted_average),false
1788956759.232,154.441,-1.619,0.883,1.813,139.221,-1.625,0.873,1.830,139.328,-0.006,-0.010,0.017,0.021,13,weighted_average,kalman(weighted_average),false
1788956759.283,154.492,-1.644,0.852,1.839,139.950,-1.636,0.863,1.833,139.786,0.008,0.010,-0.006,0.014,13,weighted_average,kalman(weighted_average),false
1788956759.333,154.542,-1.627,0.880,1.847,140.060,-1.632,0.873,1.841,140.081,-0.005,-0.007,-0.007,0.011,13,weighted_average,kalman(weighted_average),false
1788956759.380,154.590,-1.636,0.866,1.849,140.593,-1.634,0.870,1.846,140.486,0.001,0.004,-0.003,0.005,13,weighted_average,kalman(weighted_average),false
1788956759.469,154.678,-1.641,0.862,1.845,141.424,-1.640,0.865,1.847,141.310,0.001,0.003,0.002,0.004,13,weighted_average,kalman(weighted_average),false
1788956759.522,154.731,-1.646,0.864,1.813,141.908,-1.645,0.864,1.825,141.843,0.001,-0.000,0.012,0.012,13,weighted_average,kalman(weighted_average),false
1788956759.569,154.778,-1.636,0.871,1.816,141.909,-1.641,0.868,1.816,142.079,-0.005,-0.003,0.000,0.006,13,weighted_average,kalman(weighted_average),false
1788956759.621,154.830,-1.583,-0.917,1.335,170.532,-1.641,0.868,1.816,157.226,-0.058,1.784,0.481,1.849,4,weighted_average,kalman(weighted_average),true
1788956759.674,154.883,-1.602,0.805,2.042,142.438,-1.611,0.819,1.993,152.223,-0.009,0.014,-0.050,0.053,4,weighted_average,kalman(weighted_average),false
1788956759.775,154.984,-1.582,0.895,1.971,141.430,-1.584,0.871,2.002,145.978,-0.001,-0.023,0.031,0.039,4,weighted_average,kalman(weighted_average),false
1788956759.823,155.032,-1.584,0.917,1.907,141.280,-1.579,0.907,1.945,142.578,0.004,-0.010,0.039,0.040,4,weighted_average,kalman(weighted_average),false
1788956759.873,155.082,-1.568,0.934,1.991,140.826,-1.569,0.934,1.967,140.589,-0.001,-0.000,-0.024,0.024,4,weighted_average,kalman(weighted_average),false
1788956759.921,155.130,-1.592,0.899,1.941,141.566,-1.579,0.924,1.952,140.087,0.013,0.024,0.011,0.030,4,weighted_average,kalman(weighted_average),false
1788956759.973,155.182,-1.618,0.834,1.838,142.838,-1.602,0.874,1.880,140.706,0.016,0.040,0.043,0.061,4,weighted_average,kalman(weighted_average),false
1788956760.080,155.289,-1.578,0.907,1.932,141.414,-1.587,0.893,1.907,140.676,-0.009,-0.013,-0.026,0.030,4,weighted_average,kalman(weighted_average),false
1788956760.128,155.337,-1.570,0.917,1.998,141.128,-1.574,0.911,1.969,140.855,-0.004,-0.006,-0.029,0.029,4,weighted_average,kalman(weighted_average),false
1788956760.175,155.384,-1.594,0.888,1.954,141.736,-1.583,0.902,1.972,141.297,0.012,0.013,0.018,0.025,4,weighted_average,kalman(weighted_average),false
1788956760.230,155.439,-1.623,0.821,1.913,142.944,-1.607,0.852,1.944,142.246,0.016,0.032,0.031,0.047,4,weighted_average,kalman(weighted_average),false
1788956760.275,155.484,-1.602,0.870,1.887,142.125,-1.608,0.855,1.910,142.362,-0.006,-0.015,0.023,0.028,4,weighted_average,kalman(weighted_average),false
1788956760.370,155.579,-1.574,0.959,1.872,140.660,-1.585,0.928,1.874,141.449,-0.012,-0.031,0.002,0.033,4,weighted_average,kalman(weighted_average),false
1788956760.417,155.626,-1.769,0.771,1.675,145.361,-1.700,0.837,1.740,143.570,0.069,0.067,0.066,0.116,13,weighted_average,kalman(weighted_average),false
1788956760.477,155.686,-1.557,0.998,1.874,139.968,-1.700,0.837,1.740,141.817,-0.143,-0.161,-0.134,0.254,4,weighted_average,kalman(weighted_average),true
1788956760.533,155.742,-1.556,0.987,1.876,140.131,-1.582,0.960,1.851,140.745,-0.026,-0.027,-0.025,0.045,4,weighted_average,kalman(weighted_average),false
1788956760.572,155.781,-1.589,0.904,1.940,141.402,-1.573,0.940,1.916,140.857,0.015,0.036,-0.024,0.046,4,weighted_average,kalman(weighted_average),false
1788956760.669,155.878,-1.642,0.865,1.858,142.929,-1.610,0.894,1.897,141.994,0.032,0.029,0.038,0.057,13,weighted_average,kalman(weighted_average),false
1788956760.715,155.924,-1.581,0.888,2.004,141.463,-1.595,0.884,1.964,141.813,-0.014,-0.004,-0.039,0.042,4,weighted_average,kalman(weighted_average),false
1788956760.772,155.981,-1.553,0.965,1.963,140.212,-1.568,0.931,1.976,140.976,-0.015,-0.034,0.013,0.040,4,weighted_average,kalman(weighted_average),false
1788956760.815,156.024,-1.647,0.858,1.836,143.007,-1.610,0.893,1.901,141.921,0.037,0.035,0.065,0.083,13,weighted_average,kalman(weighted_average),false
1788956760.866,156.075,-1.663,0.832,1.830,143.451,-1.646,0.854,1.850,142.796,0.017,0.022,0.021,0.035,13,weighted_average,kalman(weighted_average),false
1788956760.961,156.170,-1.650,0.844,1.874,143.103,-1.659,0.836,1.853,143.271,-0.009,-0.008,-0.021,0.024,13,weighted_average,kalman(weighted_average),false
1788956761.008,156.217,-1.633,0.861,1.855,142.760,-1.646,0.848,1.852,143.109,-0.013,-0.013,-0.002,0.018,13,weighted_average,kalman(weighted_average),false
1788956761.073,156.282,-1.631,0.868,1.831,142.649,-1.636,0.861,1.837,142.916,-0.005,-0.007,0.006,0.010,13,weighted_average,kalman(weighted_average),false
1788956761.112,156.321,-1.589,0.890,2.006,141.246,-1.608,0.879,1.931,142.074,-0.018,-0.011,-0.074,0.077,4,weighted_average,kalman(weighted_average),false
1788956761.163,156.372,-1.564,0.937,2.006,140.408,-1.576,0.918,1.990,141.078,-0.012,-0.019,-0.015,0.027,4,weighted_average,kalman(weighted_average),false
1788956761.252,156.461,-1.639,0.856,1.855,142.782,-1.612,0.883,1.912,141.831,0.027,0.027,0.057,0.068,13,weighted_average,kalman(weighted_average),false
1788956761.308,156.517,-1.587,0.904,1.929,141.125,-1.599,0.893,1.915,141.445,-0.012,-0.011,-0.014,0.022,4,weighted_average,kalman(weighted_average),false
1788956761.359,156.568,-1.597,0.911,1.880,141.150,-1.598,0.904,1.888,141.237,-0.001,-0.007,0.009,0.011,4,weighted_average,kalman(weighted_average),false
1788956761.407,156.616,-1.610,0.868,1.879,141.862,-1.605,0.884,1.876,141.501,0.005,0.016,-0.003,0.017,4,weighted_average,kalman(weighted_average),false
1788956761.463,156.672,-1.591,0.908,1.957,141.062,-1.597,0.896,1.919,141.269,-0.006,-0.012,-0.038,0.040,4,weighted_average,kalman(weighted_average),false
1788956761.569,156.778,-1.631,0.881,1.899,142.395,-1.623,0.885,1.908,142.009,0.008,0.004,0.009,0.012,13,weighted_average,kalman(weighted_average),false
1788956761.616,156.825,-1.636,0.871,1.873,142.613,-1.635,0.874,1.884,142.454,0.001,0.004,0.011,0.011,13,weighted_average,kalman(weighted_average),false
1788956761.674,156.883,-1.637,0.809,1.741,142.880,-1.641,0.829,1.786,142.854,-0.004,0.020,0.044,0.049,4,weighted_average,kalman(weighted_average),false
1788956761.717,156.926,-1.649,0.857,1.863,142.232,-1.649,0.837,1.813,142.671,0.000,-0.020,-0.050,0.054,13,weighted_average,kalman(weighted_average),false
1788956761.770,156.979,-1.640,0.878,1.786,141.083,-1.647,0.857,1.789,141.920,-0.007,-0.021,0.003,0.022,13,weighted_average,kalman(weighted_average),false
1788956761.874,157.083,-1.635,0.874,1.834,139.836,-1.639,0.872,1.815,140.376,-0.004,-0.002,-0.019,0.019,13,weighted_average,kalman(weighted_average),false
1788956761.923,157.132,-1.642,0.859,1.839,139.282,-1.640,0.865,1.834,139.499,0.002,0.007,-0.005,0.009,13,weighted_average,kalman(weighted_average),false
1788956761.973,157.182,-1.627,0.866,1.818,138.756,-1.631,0.866,1.829,138.778,-0.004,0.000,0.011,0.012,13,weighted_average,kalman(weighted_average),false
1788956762.025,157.234,-1.611,0.878,1.841,137.632,-1.617,0.874,1.839,137.824,-0.006,-0.004,-0.003,0.008,13,weighted_average,kalman(weighted_average),false
1788956762.075,157.284,-1.637,0.875,1.779,137.584,-1.626,0.876,1.806,137.325,0.011,0.001,0.027,0.029,13,weighted_average,kalman(weighted_average),false
1788956762.175,157.384,-1.622,0.876,1.797,136.376,-1.622,0.877,1.794,136.243,-0.000,0.001,-0.003,0.003,13,weighted_average,kalman(weighted_average),false
1788956762.224,157.433,-1.606,0.878,1.773,135.587,-1.611,0.878,1.778,135.623,-0.005,0.000,0.005,0.007,13,weighted_average,kalman(weighted_average),false
1788956762.279,157.489,-1.620,0.851,1.782,135.738,-1.614,0.861,1.777,135.396,0.006,0.010,-0.006,0.013,13,weighted_average,kalman(weighted_average),false
1788956762.338,157.547,-1.613,0.857,1.793,135.022,-1.613,0.855,1.784,134.958,0.000,-0.001,-0.008,0.008,13,weighted_average,kalman(weighted_average),false
1788956762.443,157.652,-1.595,0.861,1.737,134.107,-1.598,0.857,1.746,134.100,-0.003,-0.004,0.010,0.011,13,weighted_average,kalman(weighted_average),false
1788956762.498,157.707,-1.578,0.867,1.773,133.341,-1.582,0.864,1.759,133.459,-0.004,-0.003,-0.014,0.015,13,weighted_average,kalman(weighted_average),false
1788956762.547,157.756,-1.561,0.886,1.742,132.711,-1.565,0.879,1.748,132.841,-0.004,-0.007,0.005,0.010,13,weighted_average,kalman(weighted_average),false
1788956762.601,157.810,-1.555,0.876,1.732,132.269,-1.554,0.881,1.735,132.267,0.002,0.004,0.003,0.006,13,weighted_average,kalman(weighted_average),false
1788956762.702,157.911,-1.555,0.850,1.785,131.929,-1.549,0.859,1.770,131.702,0.006,0.009,-0.014,0.018,13,weighted_average,kalman(weighted_average),false
1788956762.750,157.959,-1.529,0.866,1.728,131.221,-1.534,0.861,1.747,131.280,-0.006,-0.005,0.019,0.021,13,weighted_average,kalman(weighted_average),false
1788956762.804,158.013,-1.535,0.858,1.733,131.135,-1.531,0.858,1.737,131.018,0.003,-0.001,0.004,0.006,13,weighted_average,kalman(weighted_average),false
1788956762.854,158.063,-1.201,0.465,1.698,128.640,-1.531,0.858,1.737,129.598,-0.330,0.392,0.039,0.514,1,weighted_average,kalman(weighted_average),true
1788956762.907,158.116,-1.183,0.473,1.689,128.113,-1.531,0.858,1.737,128.451,-0.349,0.384,0.048,0.521,1,weighted_average,kalman(weighted_average),true
1788956763.016,158.225,-1.164,0.475,1.695,127.226,-1.190,0.502,1.697,127.045,-0.026,0.027,0.003,0.037,1,weighted_average,kalman(weighted_average),false
1788956763.070,158.279,-1.155,0.472,1.696,126.746,-1.135,0.449,1.693,126.571,0.020,-0.023,-0.003,0.031,1,weighted_average,kalman(weighted_average),false
1788956763.120,158.329,-1.152,0.474,1.693,126.495,-1.119,0.438,1.690,126.263,0.033,-0.036,-0.003,0.048,1,weighted_average,kalman(weighted_average),false
1788956763.168,158.377,-1.136,0.472,1.696,125.915,-1.112,0.442,1.692,125.855,0.024,-0.030,-0.004,0.038,1,weighted_average,kalman(weighted_average),false
1788956763.218,158.427,-1.126,0.478,1.707,125.605,-1.109,0.454,1.700,125.500,0.017,-0.023,-0.007,0.030,1,weighted_average,kalman(weighted_average),false
1788956763.321,158.530,-1.101,0.479,1.714,124.446,-1.095,0.470,1.712,124.498,0.006,-0.009,-0.002,0.011,1,weighted_average,kalman(weighted_average),false
1788956763.372,158.581,-1.096,0.482,1.723,124.163,-1.093,0.480,1.721,124.103,0.003,-0.002,-0.002,0.004,1,weighted_average,kalman(weighted_average),false
1788956763.426,158.635,-1.083,0.473,1.710,123.577,-1.085,0.479,1.717,123.596,-0.001,0.005,0.007,0.009,1,weighted_average,kalman(weighted_average),false
1788956763.476,158.685,-1.077,0.473,1.715,123.301,-1.078,0.476,1.716,123.230,-0.000,0.003,0.001,0.004,1,weighted_average,kalman(weighted_average),false
1788956763.577,158.786,-1.052,0.473,1.730,122.339,-1.055,0.474,1.728,122.353,-0.003,0.001,-0.003,0.004,1,weighted_average,kalman(weighted_average),false
1788956763.628,158.837,-1.048,0.470,1.735,121.879,-1.047,0.471,1.734,121.893,0.002,0.001,-0.001,0.002,1,weighted_average,kalman(weighted_average),false
1788956763.675,158.884,-1.037,0.472,1.735,121.531,-1.037,0.471,1.737,121.504,-0.000,-0.001,0.002,0.002,1,weighted_average,kalman(weighted_average),false
1788956763.727,158.936,-1.036,0.469,1.704,121.050,-1.033,0.469,1.719,121.057,0.003,0.000,0.015,0.015,1,weighted_average,kalman(weighted_average),false
1788956763.778,158.987,-1.009,0.481,1.660,120.129,-1.016,0.476,1.681,120.364,-0.006,-0.005,0.021,0.023,1,weighted_average,kalman(weighted_average),false
1788956763.883,159.092,-1.295,1.064,1.778,120.908,-1.016,0.476,1.681,120.408,0.280,-0.588,-0.097,0.658,5,weighted_average,kalman(weighted_average),true
1788956763.934,159.143,-1.260,1.068,1.784,120.058,-1.016,0.476,1.681,120.150,0.245,-0.592,-0.102,0.649,5,weighted_average,kalman(weighted_average),true
1788956763.983,159.192,-1.252,1.072,1.791,119.543,-1.237,1.034,1.784,119.744,0.015,-0.038,-0.007,0.041,5,weighted_average,kalman(weighted_average),false
1788956764.036,159.245,-1.249,1.061,1.793,119.350,-1.267,1.106,1.800,119.407,-0.017,0.046,0.007,0.049,5,weighted_average,kalman(weighted_average),false
1788956764.083,159.292,-1.249,1.072,1.820,118.742,-1.275,1.132,1.821,118.936,-0.025,0.060,0.001,0.065,5,weighted_average,kalman(weighted_average),false
1788956764.185,159.394,-1.197,1.071,1.865,117.454,-1.228,1.120,1.865,117.700,-0.030,0.048,0.000,0.057,5,weighted_average,kalman(weighted_average),false
1788956764.238,159.447,-1.217,1.060,1.859,117.471,-1.214,1.081,1.868,117.335,0.002,0.021,0.010,0.023,5,weighted_average,kalman(weighted_average),false
1788956764.286,159.496,-1.199,1.066,1.863,116.739,-1.199,1.066,1.870,116.805,-0.000,0.000,0.007,0.007,5,weighted_average,kalman(weighted_average),false
1788956764.338,159.547,-1.196,1.049,1.843,116.615,-1.191,1.050,1.857,116.468,0.005,0.000,0.014,0.015,5,weighted_average,kalman(weighted_average),false
1788956764.388,159.597,-1.177,1.057,1.874,115.776,-1.178,1.048,1.867,115.898,-0.001,-0.009,-0.008,0.012,5,weighted_average,kalman(weighted_average),false
1788956764.492,159.701,-1.150,1.046,1.838,114.854,-1.150,1.042,1.846,114.870,-0.000,-0.004,0.008,0.009,5,weighted_average,kalman(weighted_average),false
1788956764.543,159.753,-1.152,1.054,1.909,114.473,-1.147,1.049,1.885,114.428,0.005,-0.005,-0.024,0.025,5,weighted_average,kalman(weighted_average),false
1788956764.594,159.803,-1.120,1.052,1.868,113.660,-1.126,1.051,1.879,113.792,-0.007,-0.001,0.012,0.013,5,weighted_average,kalman(weighted_average),false
1788956764.644,159.853,-1.147,1.041,1.906,113.646,-1.134,1.046,1.897,113.469,0.014,0.005,-0.009,0.017,5,weighted_average,kalman(weighted_average),false
1788956764.696,159.905,-1.136,1.024,1.893,113.087,-1.133,1.032,1.899,113.043,0.003,0.008,0.006,0.010,5,weighted_average,kalman(weighted_average),false
1788956764.797,160.006,-1.113,1.025,1.888,111.984,-1.116,1.023,1.893,112.038,-0.003,-0.001,0.005,0.006,5,weighted_average,kalman(weighted_average),false
1788956764.845,160.054,-1.134,1.009,1.911,111.983,-1.125,1.012,1.904,111.811,0.009,0.003,-0.007,0.012,5,weighted_average,kalman(weighted_average),false
1788956764.898,160.107,-1.095,1.016,1.942,110.906,-1.106,1.012,1.929,111.124,-0.011,-0.004,-0.012,0.017,5,weighted_average,kalman(weighted_average),false
1788956764.945,160.154,-0.342,1.321,1.786,104.360,-1.106,1.012,1.929,107.364,-0.765,-0.309,0.144,0.837,3,weighted_average,kalman(weighted_average),true
1788956764.999,160.208,-0.878,0.681,1.827,108.296,-0.929,0.755,1.850,107.018,-0.051,0.074,0.023,0.093,17,weighted_average,kalman(weighted_average),false
1788956765.100,160.309,-1.154,0.675,2.038,111.690,-0.929,0.755,1.850,109.477,0.224,0.080,-0.188,0.303,17,weighted_average,kalman(weighted_average),true
1788956765.149,160.358,-1.089,0.711,1.761,110.254,-1.071,0.716,1.771,110.143,0.018,0.005,0.010,0.021,17,weighted_average,kalman(weighted_average),false
1788956765.199,160.408,-0.978,0.680,1.905,108.250,-1.026,0.689,1.849,109.368,-0.049,0.008,-0.056,0.074,17,weighted_average,kalman(weighted_average),false
1788956765.250,160.459,-1.018,0.635,2.128,108.543,-1.026,0.649,2.026,108.974,-0.008,0.013,-0.103,0.104,17,weighted_average,kalman(weighted_average),false
1788956765.302,160.511,-0.912,0.612,2.154,106.743,-0.959,0.615,2.138,107.763,-0.047,0.003,-0.016,0.049,17,weighted_average,kalman(weighted_average),false
1788956765.406,160.616,-0.792,0.622,1.981,104.020,-0.815,0.608,2.055,104.864,-0.023,-0.014,0.074,0.079,17,weighted_average,kalman(weighted_average),false
1788956765.457,160.666,-0.778,0.640,1.850,103.229,-0.769,0.627,1.910,103.426,0.010,-0.013,0.060,0.063,17,weighted_average,kalman(weighted_average),false
1788956765.507,160.716,-0.984,0.624,2.119,105.910,-0.769,0.627,1.910,104.229,0.215,0.003,-0.209,0.300,17,weighted_average,kalman(weighted_average),true
1788956765.561,160.770,-1.125,0.648,2.067,107.686,-1.052,0.644,2.035,105.851,0.073,-0.004,-0.032,0.080,17,weighted_average,kalman(weighted_average),false
1788956765.605,160.814,-1.093,0.655,2.026,106.921,-1.112,0.653,2.045,106.499,-0.019,-0.002,0.019,0.027,17,weighted_average,kalman(weighted_average),false
1788956765.709,160.918,-0.855,0.652,1.850,102.546,-1.112,0.653,2.045,104.049,-0.257,0.001,0.195,0.322,17,weighted_average,kalman(weighted_average),true
1788956765.757,160.966,-0.761,0.608,1.953,100.744,-0.802,0.614,1.964,101.827,-0.041,0.005,0.011,0.043,17,weighted_average,kalman(weighted_average),false
1788956765.810,161.020,-0.713,0.594,1.997,99.786,-0.705,0.596,1.976,100.080,0.008,0.002,-0.021,0.022,17,weighted_average,kalman(weighted_average),false
1788956765.859,161.068,-0.769,0.607,2.000,100.128,-0.705,0.597,1.986,99.448,0.064,-0.010,-0.014,0.066,17,weighted_average,kalman(weighted_average),false
1788956765.912,161.121,-0.683,0.586,1.999,98.581,-0.668,0.587,1.993,98.414,0.015,0.001,-0.006,0.016,17,weighted_average,kalman(weighted_average),false
1788956766.012,161.221,-0.800,0.608,2.052,99.587,-0.750,0.600,2.040,98.515,0.050,-0.008,-0.012,0.052,17,weighted_average,kalman(weighted_average),false
1788956766.067,161.277,-0.790,0.626,1.896,98.851,-0.787,0.619,1.949,98.585,0.003,-0.007,0.053,0.054,17,weighted_average,kalman(weighted_average),false
1788956766.113,161.322,-0.577,0.547,2.015,95.411,-0.670,0.579,1.979,96.816,-0.094,0.032,-0.036,0.105,17,weighted_average,kalman(weighted_average),false
1788956766.167,161.376,-0.618,0.541,2.047,95.520,-0.624,0.551,2.019,95.748,-0.006,0.010,-0.028,0.030,17,weighted_average,kalman(weighted_average),false
1788956766.215,161.424,-0.593,0.564,1.939,94.870,-0.591,0.551,1.978,94.915,0.002,-0.012,0.039,0.041,17,weighted_average,kalman(weighted_average),false
1788956766.316,161.525,-0.717,0.574,2.054,96.069,-0.672,0.565,2.033,95.152,0.044,-0.010,-0.021,0.050,17,weighted_average,kalman(weighted_average),false
1788956766.366,161.575,-0.778,0.595,1.967,96.541,-0.752,0.586,1.997,95.896,0.026,-0.009,0.030,0.040,17,weighted_average,kalman(weighted_average),false
1788956766.415,161.624,-0.671,0.542,2.067,94.670,-0.722,0.564,2.039,95.304,-0.051,0.022,-0.028,0.062,17,weighted_average,kalman(weighted_average),false
1788956766.467,161.676,-0.676,0.559,1.951,94.634,-0.700,0.560,1.992,94.895,-0.025,0.000,0.041,0.048,17,weighted_average,kalman(weighted_average),false
1788956766.517,161.726,-0.559,0.516,1.962,92.719,-0.616,0.532,1.969,93.661,-0.057,0.016,0.008,0.059,17,weighted_average,kalman(weighted_average),false
1788956766.619,161.828,-0.713,0.552,2.023,94.899,-0.675,0.541,2.004,94.145,0.038,-0.010,-0.019,0.044,17,weighted_average,kalman(weighted_average),false
1788956766.669,161.878,-0.613,0.532,2.016,93.306,-0.642,0.536,2.016,93.657,-0.028,0.004,0.001,0.029,17,weighted_average,kalman(weighted_average),false
1788956766.721,161.930,-0.665,0.535,2.011,93.886,-0.655,0.535,2.018,93.706,0.010,-0.000,0.007,0.012,17,weighted_average,kalman(weighted_average),false
1788956766.773,161.982,-2.017,0.570,1.123,113.459,-0.655,0.535,2.018,104.299,1.361,-0.035,0.895,1.630,17,weighted_average,kalman(weighted_average),true
1788956766.825,162.034,-0.727,0.544,2.004,94.595,-0.711,0.542,2.007,100.960,0.015,-0.002,0.003,0.016,17,weighted_average,kalman(weighted_average),false
1788956766.927,162.136,-0.665,0.513,2.039,93.701,-0.683,0.520,2.031,96.719,-0.018,0.007,-0.008,0.021,17,weighted_average,kalman(weighted_average),false
1788956766.977,162.186,-0.559,0.492,1.978,92.122,-0.599,0.499,1.999,93.562,-0.040,0.007,0.021,0.045,17,weighted_average,kalman(weighted_average),false
1788956767.028,162.237,-0.559,0.476,2.002,92.155,-0.558,0.479,1.997,91.957,0.001,0.004,-0.005,0.006,17,weighted_average,kalman(weighted_average),false
1788956767.078,162.287,-0.576,0.466,2.053,92.297,-0.553,0.465,2.029,91.284,0.024,-0.002,-0.024,0.034,17,weighted_average,kalman(weighted_average),false
1788956767.131,162.340,-0.500,0.446,2.006,90.559,-0.510,0.447,2.020,90.207,-0.010,0.001,0.013,0.017,17,weighted_average,kalman(weighted_average),false
1788956767.232,162.441,-0.623,0.465,2.066,91.794,-0.584,0.454,2.057,90.511,0.039,-0.011,-0.010,0.042,17,weighted_average,kalman(weighted_average),false
1788956767.281,162.490,-0.735,0.501,2.041,93.475,-0.692,0.485,2.052,92.130,0.042,-0.016,0.011,0.047,17,weighted_average,kalman(weighted_average),false
1788956767.334,162.543,-0.567,0.435,2.087,90.894,-0.638,0.459,2.077,91.633,-0.071,0.024,-0.010,0.076,17,weighted_average,kalman(weighted_average),false
1788956767.388,162.597,-0.581,0.445,2.059,91.174,-0.606,0.448,2.072,91.421,-0.025,0.004,0.012,0.028,17,weighted_average,kalman(weighted_average),false
1788956767.448,162.657,-0.537,0.421,2.109,90.634,-0.558,0.428,2.098,90.965,-0.021,0.007,-0.011,0.025,17,weighted_average,kalman(weighted_average),false
1788956767.538,162.747,-0.443,0.393,2.010,89.372,-0.460,0.396,2.038,89.804,-0.017,0.003,0.028,0.033,17,weighted_average,kalman(weighted_average),false
1788956767.589,162.798,-0.551,0.427,2.053,91.305,-0.502,0.411,2.040,90.471,0.048,-0.017,-0.013,0.053,17,weighted_average,kalman(weighted_average),false
1788956767.640,162.849,-0.413,0.365,2.064,89.171,-0.444,0.381,2.050,89.731,-0.031,0.016,-0.014,0.037,17,weighted_average,kalman(weighted_average),false
1788956767.693,162.902,-0.482,0.398,2.019,90.504,-0.455,0.386,2.031,89.997,0.027,-0.012,0.011,0.032,17,weighted_average,kalman(weighted_average),false
1788956767.741,162.950,-0.427,0.366,2.042,89.681,-0.434,0.372,2.033,89.788,-0.007,0.006,-0.008,0.012,17,weighted_average,kalman(weighted_average),false
1788956767.831,163.040,-0.367,0.347,1.987,89.021,-0.377,0.349,1.997,89.205,-0.010,0.002,0.010,0.014,17,weighted_average,kalman(weighted_average),false
1788956767.879,163.088,-0.436,0.381,1.955,90.263,-0.405,0.365,1.964,89.693,0.031,-0.016,0.010,0.036,17,weighted_average,kalman(weighted_average),false
1788956767.938,163.147,-0.381,0.337,1.988,89.518,-0.388,0.347,1.969,89.596,-0.007,0.010,-0.018,0.022,17,weighted_average,kalman(weighted_average),false
1788956767.978,163.187,-0.401,0.355,1.934,89.959,-0.392,0.349,1.946,89.765,0.009,-0.006,0.012,0.016,17,weighted_average,kalman(weighted_average),false
1788956768.038,163.247,-0.384,0.341,1.964,89.892,-0.385,0.343,1.950,89.854,-0.001,0.001,-0.014,0.014,17,weighted_average,kalman(weighted_average),false
1788956768.129,163.338,-0.363,0.328,1.935,89.835,-0.366,0.329,1.936,89.874,-0.003,0.001,0.001,0.004,17,weighted_average,kalman(weighted_average),false
1788956768.180,163.389,-0.344,0.320,1.927,89.644,-0.349,0.321,1.927,89.753,-0.004,0.001,0.001,0.004,17,weighted_average,kalman(weighted_average),false
1788956768.233,163.442,-0.266,0.274,1.945,88.512,-0.292,0.289,1.935,89.058,-0.026,0.015,-0.010,0.031,17,weighted_average,kalman(weighted_average),false
1788956768.279,163.488,-0.302,0.287,1.931,89.324,-0.286,0.281,1.932,89.078,0.016,-0.006,0.002,0.017,17,weighted_average,kalman(weighted_average),false
1788956768.336,163.545,-0.274,0.281,1.883,88.978,-0.269,0.275,1.901,88.935,0.005,-0.006,0.018,0.020,17,weighted_average,kalman(weighted_average),false
1788956768.427,163.636,-0.267,0.257,1.937,89.134,-0.260,0.257,1.921,88.971,0.008,0.000,-0.015,0.017,17,weighted_average,kalman(weighted_average),false
1788956768.478,163.687,-0.254,0.251,1.917,88.994,-0.253,0.250,1.920,88.966,0.001,-0.002,0.003,0.004,17,weighted_average,kalman(weighted_average),false
1788956768.528,163.737,-0.251,0.247,1.896,89.163,-0.249,0.245,1.906,89.060,0.002,-0.002,0.010,0.011,17,weighted_average,kalman(weighted_average),false
1788956768.577,163.786,-0.349,0.279,1.971,91.022,-0.306,0.262,1.943,90.091,0.042,-0.016,-0.028,0.053,17,weighted_average,kalman(weighted_average),false
1788956768.630,163.839,-0.292,0.249,1.940,90.141,-0.307,0.256,1.947,90.303,-0.015,0.007,0.007,0.018,17,weighted_average,kalman(weighted_average),false
1788956768.719,163.928,-0.238,0.219,1.892,89.501,-0.261,0.228,1.910,89.981,-0.023,0.009,0.018,0.031,17,weighted_average,kalman(weighted_average),false
1788956768.771,163.980,-0.202,0.197,1.898,88.964,-0.216,0.203,1.897,89.397,-0.015,0.006,-0.001,0.016,17,weighted_average,kalman(weighted_average),false
1788956768.820,164.029,-0.224,0.204,1.913,89.533,-0.210,0.197,1.902,89.379,0.014,-0.007,-0.011,0.019,17,weighted_average,kalman(weighted_average),false
1788956768.880,164.089,-0.215,0.194,1.897,89.443,-0.205,0.190,1.897,89.340,0.010,-0.005,-0.001,0.011,17,weighted_average,kalman(weighted_average),false
1788956768.929,164.138,-0.208,0.190,1.867,89.384,-0.202,0.187,1.877,89.320,0.005,-0.004,0.010,0.012,17,weighted_average,kalman(weighted_average),false
1788956769.018,164.228,-0.205,0.176,1.892,89.687,-0.201,0.176,1.883,89.515,0.004,-0.000,-0.009,0.010,17,weighted_average,kalman(weighted_average),false
1788956769.073,164.282,-0.178,0.157,1.921,89.289,-0.184,0.161,1.909,89.401,-0.007,0.004,-0.013,0.015,17,weighted_average,kalman(weighted_average),false
1788956769.125,164.334,-0.186,0.159,1.902,89.613,-0.182,0.156,1.909,89.511,0.004,-0.003,0.007,0.008,17,weighted_average,kalman(weighted_average),false
1788956769.175,164.384,-0.151,0.141,1.891,89.082,-0.161,0.144,1.900,89.299,-0.010,0.003,0.010,0.014,17,weighted_average,kalman(weighted_average),false
1788956769.222,164.431,-0.151,0.133,1.906,89.255,-0.150,0.134,1.904,89.251,0.000,0.001,-0.003,0.003,17,weighted_average,kalman(weighted_average),false
1788956769.312,164.522,-0.151,0.130,1.908,89.396,-0.145,0.127,1.908,89.310,0.006,-0.004,-0.000,0.007,17,weighted_average,kalman(weighted_average),false
1788956769.364,164.573,-0.143,0.127,1.904,89.434,-0.142,0.125,1.906,89.382,0.001,-0.002,0.002,0.003,17,weighted_average,kalman(weighted_average),false
1788956769.410,164.619,-0.136,0.124,1.882,89.386,-0.137,0.123,1.892,89.395,-0.001,-0.001,0.010,0.010,17,weighted_average,kalman(weighted_average),false
1788956769.467,164.676,-0.130,0.110,1.935,89.407,-0.131,0.114,1.916,89.413,-0.001,0.004,-0.019,0.019,17,weighted_average,kalman(weighted_average),false
1788956769.515,164.724,-0.122,0.108,1.944,89.436,-0.124,0.108,1.936,89.434,-0.001,0.000,-0.008,0.008,17,weighted_average,kalman(weighted_average),false
1788956769.605,164.815,-0.121,0.105,1.924,89.495,-0.119,0.103,1.933,89.487,0.002,-0.002,0.009,0.009,17,weighted_average,kalman(weighted_average),false
1788956769.657,164.866,-0.088,0.089,1.952,89.071,-0.097,0.093,1.946,89.259,-0.009,0.004,-0.006,0.012,17,weighted_average,kalman(weighted_average),false

# =============================================================================
# Statistiche sessione  (campioni: 2429)
# Durata: 164.9 s
# raw_x: min=-3.4157  max=1.6495  media=-0.0390
# raw_y: min=-6.7898  max=2.2196  media=-1.4162
# raw_z: min=-0.2855  max=3.2859  media=1.8229
# raw_yaw_deg: min=-179.7124  max=170.5322  media=64.6338
# filtered_x: min=-1.6998  max=1.5800  media=0.0018
# filtered_y: min=-6.7307  max=2.2084  media=-1.3977
# filtered_z: min=-0.2732  max=3.1276  media=1.8231
# filtered_yaw_deg: min=-178.4136  max=178.1417  media=64.9477
# error_norm: min=0.0000  max=7.3615  media=0.1331
# Nota: per le colonne di yaw assoluto min/max sono estremi del wrap-around +/-180 deg, non l'ampiezza reale; la media e' circolare.
# =============================================================================
