# =============================================================================
# CONFRONTO POSE APRILTAG RAW E POSE FILTRATE KALMAN
# =============================================================================
# Descrizione: tabella per valutare quanto il filtro di Kalman modifica la posa stimata a partire dalle misure grezze degli AprilTag.
# Generato il: 2026-09-07 09:17:06
# Formato dati: tabella CSV testuale con separatore ','
# Nota: le righe che iniziano con '#' sono commenti descrittivi.
# Separatore degli ID AprilTag multipli: '|'
#
# Legenda colonne:
# - timestamp_s: timestamp assoluto UNIX del campione [s]
# - tempo_relativo_s: tempo trascorso dal primo campione del file [s]
# - raw_x_m: coordinata X della posa grezza AprilTag [m]
# - raw_y_m: coordinata Y della posa grezza AprilTag [m]
# - raw_z_m: coordinata Z della posa grezza AprilTag [m]
# - raw_yaw_deg: yaw associato alla posa grezza AprilTag [deg]
# - kalman_x_m: coordinata X dopo filtraggio di Kalman [m]
# - kalman_y_m: coordinata Y dopo filtraggio di Kalman [m]
# - kalman_z_m: coordinata Z dopo filtraggio di Kalman [m]
# - kalman_yaw_deg: yaw filtrato da Kalman se yaw_filter_enabled=True, altrimenti corrisponde a quello grezzo [deg]
# - errore_x_m: differenza kalman_x_m - raw_x_m [m]
# - errore_y_m: differenza kalman_y_m - raw_y_m [m]
# - errore_z_m: differenza kalman_z_m - raw_z_m [m]
# - norma_errore_m: norma euclidea della correzione introdotta dal filtro [m]
# - tag_ids: ID degli AprilTag usati per la stima, separati dal carattere indicato sopra
# - sorgente_raw: descrizione della sorgente della posa grezza
# - sorgente_kalman: descrizione della sorgente della posa filtrata
# - outlier_scartato: true se il filtro di Kalman ha scartato la misura grezza: la posa filtrata e' solo la previsione
# =============================================================================

timestamp_s,tempo_relativo_s,raw_x_m,raw_y_m,raw_z_m,raw_yaw_deg,kalman_x_m,kalman_y_m,kalman_z_m,kalman_yaw_deg,errore_x_m,errore_y_m,errore_z_m,norma_errore_m,tag_ids,sorgente_raw,sorgente_kalman,outlier_scartato
1788764163.806,0.000,-1.526,-0.208,2.847,61.280,-1.526,-0.208,2.847,61.280,0.000,0.000,0.000,0.000,11,weighted_average,kalman(weighted_average),false
1788764174.020,10.214,-1.028,1.103,-1.363,100.664,-1.526,-0.208,2.847,93.392,-0.498,-1.311,4.209,4.437,15,weighted_average,kalman(weighted_average),true
1788764174.189,10.383,-0.033,1.911,-0.149,91.945,-0.036,1.907,-0.143,97.363,-0.003,-0.004,0.006,0.007,3,weighted_average,kalman(weighted_average),false
1788764174.246,10.440,0.005,1.882,-0.240,91.746,0.010,1.899,-0.247,94.096,0.005,0.017,-0.008,0.020,3,weighted_average,kalman(weighted_average),false
1788764174.294,10.488,-0.008,1.899,-0.305,91.692,0.006,1.901,-0.313,92.527,0.014,0.002,-0.008,0.017,3,weighted_average,kalman(weighted_average),false
1788764174.339,10.533,0.207,1.934,-0.121,90.046,0.145,1.924,-0.210,90.843,-0.062,-0.010,-0.089,0.109,3,weighted_average,kalman(weighted_average),false
1788764174.400,10.594,-0.492,2.043,2.817,96.171,0.145,1.924,-0.210,93.209,0.637,-0.119,-3.027,3.095,3,weighted_average,kalman(weighted_average),true
1788764174.521,10.715,0.403,1.727,3.607,89.269,0.145,1.924,-0.210,90.332,-0.258,0.197,-3.817,3.830,3,weighted_average,kalman(weighted_average),true
1788764174.886,11.080,0.146,2.087,2.237,89.878,0.145,1.924,-0.210,89.595,-0.001,-0.163,-2.447,2.452,15,weighted_average,kalman(weighted_average),true
1788764174.939,11.133,-0.999,1.138,-1.192,100.735,-0.989,1.145,-1.183,96.890,0.011,0.007,0.009,0.016,15,weighted_average,kalman(weighted_average),false
1788764175.256,11.450,1.359,1.915,2.808,79.627,-0.989,1.145,-1.183,81.987,-2.348,-0.770,-3.991,4.694,15,weighted_average,kalman(weighted_average),true
1788764175.326,11.521,0.065,2.116,1.006,91.333,-0.989,1.145,-1.183,86.519,-1.054,-0.971,-2.189,2.617,3,weighted_average,kalman(weighted_average),true
1788764175.409,11.603,0.593,2.163,1.874,86.368,-0.989,1.145,-1.183,85.896,-1.582,-1.017,-3.057,3.589,15,weighted_average,kalman(weighted_average),true
1788764175.592,11.786,1.870,1.155,3.335,75.388,-0.989,1.145,-1.183,76.253,-2.858,-0.010,-4.518,5.346,3,weighted_average,kalman(weighted_average),true
1788764175.882,12.076,-1.325,2.016,0.869,102.541,-1.325,2.015,0.866,99.728,0.000,-0.001,-0.003,0.003,3,weighted_average,kalman(weighted_average),false
1788764175.936,12.130,1.691,1.464,-0.274,78.448,-1.325,2.015,0.866,88.311,-3.015,0.551,1.140,3.271,3,weighted_average,kalman(weighted_average),true
1788764175.992,12.187,2.463,0.808,4.354,67.285,-1.325,2.015,0.866,75.635,-3.788,1.206,-3.488,5.289,15,weighted_average,kalman(weighted_average),true
1788764176.050,12.244,0.223,2.109,1.162,89.379,-1.325,2.015,0.866,81.622,-1.548,-0.095,-0.296,1.579,15,weighted_average,kalman(weighted_average),true
1788764176.194,12.388,-2.808,1.414,2.017,124.332,-2.795,1.419,2.007,116.238,0.013,0.005,-0.010,0.017,17,weighted_average,kalman(weighted_average),false
1788764176.245,12.439,-0.522,1.835,2.749,94.045,-2.795,1.419,2.007,106.658,-2.272,-0.417,-0.741,2.426,15,weighted_average,kalman(weighted_average),true
1788764176.304,12.498,-1.023,1.100,-1.068,99.659,-2.795,1.419,2.007,104.330,-1.772,0.318,3.075,3.564,15,weighted_average,kalman(weighted_average),true
1788764176.500,12.694,0.271,1.895,2.867,85.448,-2.795,1.419,2.007,87.919,-3.066,-0.476,-0.860,3.220,15,weighted_average,kalman(weighted_average),true
1788764176.552,12.746,0.307,1.158,1.136,84.426,-2.795,1.419,2.007,83.619,-3.101,0.261,0.872,3.232,1,weighted_average,kalman(weighted_average),true
1788764176.604,12.798,-0.419,-5.377,1.179,-96.606,-2.795,1.419,2.007,-24.509,-2.376,6.795,0.828,7.246,1,weighted_average,kalman(weighted_average),true
1788764176.668,12.862,0.299,1.889,1.300,85.335,0.299,1.889,1.300,19.600,0.000,0.000,0.000,0.000,9,weighted_average,kalman(weighted_average),false
1788764176.798,12.992,0.307,1.879,1.420,83.785,0.307,1.879,1.420,65.757,-0.000,0.000,-0.000,0.000,9,weighted_average,kalman(weighted_average),false
1788764176.855,13.049,0.328,1.164,1.271,81.212,0.307,1.879,1.420,81.709,-0.021,0.715,0.149,0.731,1,weighted_average,kalman(weighted_average),true
1788764176.914,13.109,0.267,1.163,1.295,81.714,0.270,1.215,1.304,88.498,0.003,0.052,0.009,0.052,1,weighted_average,kalman(weighted_average),false
1788764176.973,13.167,0.303,1.866,1.443,82.300,0.270,1.215,1.304,90.158,-0.033,-0.651,-0.139,0.666,9,weighted_average,kalman(weighted_average),true
1788764177.116,13.310,0.307,1.867,1.487,80.860,0.305,1.831,1.476,86.432,-0.002,-0.037,-0.010,0.038,9,weighted_average,kalman(weighted_average),false
1788764177.179,13.374,0.322,1.707,1.489,79.115,0.321,1.799,1.503,81.088,-0.001,0.092,0.013,0.093,11,weighted_average,kalman(weighted_average),false
1788764177.240,13.435,0.308,1.702,1.502,78.885,0.316,1.753,1.514,78.584,0.008,0.051,0.012,0.053,11,weighted_average,kalman(weighted_average),false
1788764177.301,13.495,0.310,1.702,1.532,78.351,0.313,1.720,1.534,77.319,0.003,0.019,0.002,0.019,11,weighted_average,kalman(weighted_average),false
1788764177.441,13.635,0.309,1.705,1.567,77.180,0.310,1.703,1.569,76.251,0.001,-0.002,0.002,0.003,11,weighted_average,kalman(weighted_average),false
1788764177.497,13.691,0.300,1.716,1.595,76.507,0.302,1.711,1.591,76.233,0.002,-0.006,-0.004,0.007,11,weighted_average,kalman(weighted_average),false
1788764177.564,13.758,0.280,1.724,1.610,74.981,0.285,1.720,1.611,75.306,0.005,-0.004,0.001,0.006,11,weighted_average,kalman(weighted_average),false
1788764177.645,13.840,0.271,1.719,1.627,73.914,0.271,1.721,1.629,74.120,-0.000,0.002,0.002,0.003,11|14,weighted_average,kalman(weighted_average),false
1788764177.819,14.013,0.278,1.727,1.682,71.627,0.275,1.727,1.681,71.671,-0.003,0.000,-0.001,0.003,11|14,weighted_average,kalman(weighted_average),false
1788764177.880,14.074,0.264,1.737,1.686,71.842,0.269,1.735,1.690,71.504,0.004,-0.002,0.004,0.006,11|14,weighted_average,kalman(weighted_average),false
1788764177.952,14.146,0.290,1.695,1.710,73.661,0.284,1.707,1.709,72.696,-0.006,0.012,-0.001,0.014,14,weighted_average,kalman(weighted_average),false
1788764178.125,14.319,0.319,1.724,1.706,77.655,0.318,1.720,1.710,77.120,-0.001,-0.004,0.003,0.005,11,weighted_average,kalman(weighted_average),false
1788764178.192,14.386,0.326,1.720,1.718,78.047,0.328,1.723,1.715,78.341,0.002,0.003,-0.003,0.004,11,weighted_average,kalman(weighted_average),false
1788764178.265,14.459,0.327,1.716,1.732,78.049,0.330,1.719,1.727,78.712,0.003,0.004,-0.004,0.007,11,weighted_average,kalman(weighted_average),false
1788764178.451,14.645,0.341,1.727,1.735,78.081,0.341,1.726,1.736,78.428,0.000,-0.000,0.001,0.001,11,weighted_average,kalman(weighted_average),false
1788764178.530,14.725,0.340,1.726,1.735,78.136,0.341,1.727,1.735,78.123,0.001,0.001,0.001,0.002,11,weighted_average,kalman(weighted_average),false
1788764178.636,14.830,0.347,1.729,1.743,78.129,0.346,1.729,1.742,78.028,-0.001,-0.000,-0.001,0.001,11,weighted_average,kalman(weighted_average),false
1788764178.800,14.994,0.341,1.726,1.743,78.251,0.342,1.727,1.744,78.185,0.001,0.000,0.000,0.001,11,weighted_average,kalman(weighted_average),false
1788764178.864,15.058,0.422,1.751,1.748,77.392,0.400,1.744,1.747,77.665,-0.021,-0.007,-0.001,0.022,11,weighted_average,kalman(weighted_average),false
1788764178.959,15.153,0.472,1.767,1.738,76.868,0.468,1.765,1.740,77.005,-0.005,-0.002,0.002,0.006,11,weighted_average,kalman(weighted_average),false
1788764179.105,15.299,0.408,1.732,1.756,77.688,0.423,1.738,1.754,77.454,0.015,0.006,-0.002,0.016,11,weighted_average,kalman(weighted_average),false
1788764179.173,15.367,0.351,1.695,1.749,78.273,0.362,1.702,1.752,78.071,0.011,0.007,0.003,0.013,11,weighted_average,kalman(weighted_average),false
1788764179.244,15.438,0.343,1.674,1.743,78.337,0.335,1.674,1.746,78.383,-0.008,-0.000,0.003,0.009,11,weighted_average,kalman(weighted_average),false
1788764179.318,15.512,0.335,1.660,1.750,78.418,0.325,1.656,1.748,78.535,-0.010,-0.004,-0.002,0.011,11,weighted_average,kalman(weighted_average),false
1788764179.467,15.661,0.346,1.629,1.750,78.353,0.340,1.627,1.750,78.470,-0.006,-0.002,-0.000,0.006,11,weighted_average,kalman(weighted_average),false
1788764179.532,15.726,0.355,1.620,1.747,78.290,0.354,1.619,1.748,78.340,-0.001,-0.001,0.001,0.002,11,weighted_average,kalman(weighted_average),false
1788764179.615,15.810,0.327,1.606,1.736,78.478,0.337,1.606,1.739,78.407,0.010,0.000,0.003,0.010,11,weighted_average,kalman(weighted_average),false
1788764179.775,15.970,0.265,1.580,1.729,78.543,0.270,1.580,1.729,78.524,0.005,0.000,-0.000,0.005,11,weighted_average,kalman(weighted_average),false
1788764179.841,16.036,0.243,1.569,1.734,78.489,0.242,1.569,1.732,78.516,-0.001,0.000,-0.002,0.003,11,weighted_average,kalman(weighted_average),false
1788764179.907,16.102,0.232,1.564,1.733,78.329,0.227,1.563,1.733,78.404,-0.006,-0.002,-0.000,0.006,11,weighted_average,kalman(weighted_average),false
1788764179.975,16.169,0.214,1.559,1.727,78.382,0.211,1.558,1.729,78.375,-0.003,-0.002,0.002,0.004,11,weighted_average,kalman(weighted_average),false
1788764180.125,16.320,0.189,1.554,1.726,78.208,0.187,1.553,1.725,78.223,-0.002,-0.001,-0.000,0.002,11,weighted_average,kalman(weighted_average),false
1788764180.190,16.385,0.193,1.555,1.732,78.162,0.189,1.554,1.730,78.160,-0.004,-0.001,-0.002,0.004,11,weighted_average,kalman(weighted_average),false
1788764180.252,16.446,0.187,1.553,1.731,78.226,0.187,1.553,1.731,78.178,-0.000,0.001,0.000,0.001,11,weighted_average,kalman(weighted_average),false
1788764180.345,16.540,0.182,1.547,1.726,78.230,0.182,1.548,1.728,78.202,0.000,0.001,0.001,0.002,11,weighted_average,kalman(weighted_average),false
1788764180.501,16.696,0.177,1.551,1.729,78.408,0.176,1.550,1.729,78.378,-0.000,-0.001,-0.000,0.001,11,weighted_average,kalman(weighted_average),false
1788764180.604,16.798,0.182,1.549,1.737,78.387,0.180,1.549,1.736,78.411,-0.001,0.000,-0.001,0.002,11,weighted_average,kalman(weighted_average),false
1788764180.682,16.876,0.186,1.549,1.742,78.375,0.185,1.549,1.742,78.399,-0.001,0.000,-0.000,0.001,11,weighted_average,kalman(weighted_average),false
1788764180.862,17.056,0.199,1.553,1.747,78.321,0.198,1.553,1.747,78.334,-0.000,-0.000,0.000,0.001,11,weighted_average,kalman(weighted_average),false
1788764180.961,17.155,0.196,1.552,1.752,78.416,0.197,1.553,1.751,78.388,0.002,0.000,-0.000,0.002,11,weighted_average,kalman(weighted_average),false
1788764181.048,17.242,0.206,1.554,1.759,78.378,0.204,1.554,1.758,78.386,-0.002,-0.000,-0.001,0.002,11,weighted_average,kalman(weighted_average),false
1788764181.194,17.388,0.219,1.557,1.770,78.388,0.218,1.557,1.770,78.389,-0.001,-0.000,-0.000,0.001,11,weighted_average,kalman(weighted_average),false
1788764181.284,17.478,0.219,1.558,1.777,78.418,0.221,1.558,1.777,78.412,0.001,0.000,0.000,0.001,11,weighted_average,kalman(weighted_average),false
1788764181.367,17.562,0.225,1.562,1.776,78.382,0.225,1.561,1.778,78.395,0.000,-0.001,0.002,0.002,11,weighted_average,kalman(weighted_average),false
1788764181.630,17.824,0.229,1.568,1.786,78.398,0.229,1.568,1.786,78.397,0.000,0.000,-0.000,0.000,11,weighted_average,kalman(weighted_average),false
1788764181.697,17.891,0.230,1.568,1.783,78.373,0.230,1.569,1.784,78.381,0.000,0.000,0.002,0.002,11,weighted_average,kalman(weighted_average),false
1788764181.755,17.950,0.230,1.574,1.788,78.410,0.230,1.573,1.787,78.397,-0.000,-0.001,-0.001,0.002,11,weighted_average,kalman(weighted_average),false
1788764181.944,18.138,0.232,1.576,1.791,78.354,0.232,1.576,1.791,78.360,0.000,0.000,0.000,0.000,11,weighted_average,kalman(weighted_average),false
1788764182.062,18.256,0.232,1.580,1.784,78.317,0.232,1.580,1.785,78.320,-0.000,-0.000,0.001,0.001,11,weighted_average,kalman(weighted_average),false
1788764182.247,18.442,0.227,1.584,1.789,78.385,0.227,1.584,1.788,78.373,0.000,0.000,-0.001,0.001,11,weighted_average,kalman(weighted_average),false
1788764182.322,18.516,0.231,1.585,1.789,78.308,0.229,1.585,1.789,78.334,-0.001,0.000,0.001,0.001,11,weighted_average,kalman(weighted_average),false
1788764182.408,18.603,0.225,1.587,1.780,78.375,0.226,1.587,1.782,78.361,0.001,-0.000,0.003,0.003,11,weighted_average,kalman(weighted_average),false
1788764182.555,18.749,0.211,1.586,1.787,78.485,0.212,1.587,1.786,78.468,0.001,0.000,-0.001,0.002,11,weighted_average,kalman(weighted_average),false
1788764182.626,18.820,0.214,1.590,1.790,78.401,0.212,1.589,1.790,78.436,-0.002,-0.001,-0.000,0.003,11,weighted_average,kalman(weighted_average),false
1788764182.735,18.929,0.211,1.589,1.792,78.415,0.211,1.589,1.793,78.424,-0.001,0.000,0.000,0.001,11,weighted_average,kalman(weighted_average),false
1788764182.886,19.080,0.216,1.591,1.805,78.372,0.216,1.590,1.804,78.378,-0.001,-0.000,-0.001,0.001,11,weighted_average,kalman(weighted_average),false
1788764182.977,19.171,0.214,1.589,1.800,78.379,0.215,1.590,1.802,78.372,0.001,0.000,0.002,0.002,11,weighted_average,kalman(weighted_average),false
1788764183.078,19.272,0.220,1.590,1.809,78.305,0.219,1.590,1.808,78.318,-0.001,-0.000,-0.001,0.001,11,weighted_average,kalman(weighted_average),false
1788764183.294,19.488,0.212,1.590,1.817,78.384,0.212,1.590,1.817,78.371,0.001,0.000,0.000,0.001,11,weighted_average,kalman(weighted_average),false
1788764183.395,19.589,0.214,1.588,1.820,78.324,0.213,1.588,1.820,78.342,-0.001,0.000,0.000,0.001,11,weighted_average,kalman(weighted_average),false
1788764183.553,19.747,0.206,1.588,1.830,78.387,0.206,1.588,1.829,78.380,0.000,-0.000,-0.000,0.001,11,weighted_average,kalman(weighted_average),false
1788764183.651,19.846,0.203,1.586,1.833,78.398,0.203,1.587,1.834,78.399,-0.000,0.000,0.000,0.000,11,weighted_average,kalman(weighted_average),false
1788764183.749,19.943,0.206,1.583,1.829,78.299,0.205,1.584,1.831,78.329,-0.001,0.000,0.002,0.002,11,weighted_average,kalman(weighted_average),false
1788764183.921,20.115,0.204,1.582,1.841,78.319,0.204,1.582,1.840,78.312,0.000,-0.000,-0.001,0.001,11,weighted_average,kalman(weighted_average),false
1788764184.003,20.198,0.203,1.582,1.847,78.334,0.203,1.581,1.847,78.327,0.000,-0.000,-0.000,0.000,11,weighted_average,kalman(weighted_average),false
1788764184.092,20.287,0.199,1.579,1.846,78.358,0.200,1.580,1.847,78.351,0.001,0.000,0.002,0.002,11,weighted_average,kalman(weighted_average),false
1788764184.250,20.444,0.200,1.576,1.842,78.313,0.199,1.576,1.843,78.323,-0.000,0.000,0.001,0.001,11,weighted_average,kalman(weighted_average),false
1788764184.322,20.516,0.195,1.574,1.847,78.376,0.196,1.574,1.845,78.356,0.001,0.000,-0.002,0.002,11,weighted_average,kalman(weighted_average),false
1788764184.414,20.608,0.191,1.572,1.847,78.411,0.191,1.572,1.847,78.400,0.001,0.000,-0.000,0.001,11,weighted_average,kalman(weighted_average),false
1788764184.599,20.794,0.200,1.571,1.844,78.270,0.199,1.570,1.844,78.290,-0.001,-0.000,0.000,0.001,11,weighted_average,kalman(weighted_average),false
1788764184.717,20.912,0.196,1.565,1.852,78.298,0.198,1.566,1.850,78.281,0.001,0.001,-0.001,0.002,11,weighted_average,kalman(weighted_average),false
1788764184.931,21.125,0.190,1.558,1.851,78.368,0.190,1.558,1.852,78.357,0.000,0.000,0.000,0.000,11,weighted_average,kalman(weighted_average),false
1788764185.005,21.199,0.193,1.558,1.853,78.361,0.192,1.557,1.852,78.370,-0.001,-0.001,-0.000,0.002,11,weighted_average,kalman(weighted_average),false
1788764185.062,21.256,0.193,1.555,1.853,78.369,0.192,1.556,1.853,78.376,-0.000,0.000,-0.000,0.001,11,weighted_average,kalman(weighted_average),false
1788764185.198,21.392,0.194,1.551,1.852,78.365,0.193,1.551,1.852,78.373,-0.000,0.000,0.000,0.000,11,weighted_average,kalman(weighted_average),false
1788764185.273,21.467,0.193,1.547,1.855,78.362,0.194,1.548,1.855,78.365,0.000,0.000,-0.001,0.001,11,weighted_average,kalman(weighted_average),false
1788764185.376,21.571,0.188,1.546,1.850,78.459,0.189,1.545,1.851,78.434,0.001,-0.000,0.001,0.002,11,weighted_average,kalman(weighted_average),false
1788764185.515,21.709,0.196,1.546,1.843,78.392,0.195,1.546,1.843,78.409,-0.001,-0.000,0.000,0.001,11,weighted_average,kalman(weighted_average),false
1788764185.580,21.774,0.196,1.541,1.842,78.358,0.196,1.542,1.841,78.372,0.001,0.001,-0.001,0.002,11,weighted_average,kalman(weighted_average),false
1788764185.638,21.832,0.192,1.538,1.848,78.410,0.194,1.539,1.845,78.388,0.002,0.001,-0.003,0.004,11,weighted_average,kalman(weighted_average),false
1788764185.695,21.890,0.188,1.539,1.837,78.493,0.190,1.538,1.840,78.448,0.002,-0.001,0.003,0.004,11,weighted_average,kalman(weighted_average),false
1788764185.826,22.020,0.194,1.536,1.836,78.395,0.193,1.535,1.836,78.417,-0.001,-0.000,-0.000,0.001,11,weighted_average,kalman(weighted_average),false
1788764185.886,22.081,0.195,1.535,1.832,78.393,0.194,1.535,1.833,78.398,-0.000,-0.000,0.000,0.001,11,weighted_average,kalman(weighted_average),false
1788764185.958,22.152,0.194,1.534,1.831,78.384,0.195,1.534,1.831,78.383,0.001,-0.000,-0.000,0.001,11,weighted_average,kalman(weighted_average),false
1788764186.031,22.225,0.197,1.532,1.831,78.367,0.196,1.532,1.830,78.367,-0.000,0.000,-0.001,0.001,11,weighted_average,kalman(weighted_average),false
1788764186.168,22.362,0.197,1.532,1.826,78.380,0.198,1.532,1.826,78.372,0.000,-0.000,0.000,0.000,11,weighted_average,kalman(weighted_average),false
1788764186.221,22.415,0.196,1.533,1.817,78.406,0.196,1.532,1.819,78.394,0.001,-0.000,0.002,0.002,11,weighted_average,kalman(weighted_average),false
1788764186.282,22.477,0.190,1.529,1.824,78.484,0.192,1.530,1.821,78.453,0.002,0.001,-0.003,0.004,11,weighted_average,kalman(weighted_average),false
1788764186.341,22.535,0.195,1.530,1.816,78.413,0.193,1.530,1.817,78.442,-0.002,-0.000,0.001,0.002,11,weighted_average,kalman(weighted_average),false
1788764186.507,22.701,0.195,1.531,1.810,78.415,0.195,1.530,1.810,78.425,-0.000,-0.000,0.000,0.000,11,weighted_average,kalman(weighted_average),false
1788764186.579,22.774,0.200,1.536,1.796,78.371,0.199,1.535,1.798,78.384,-0.001,-0.001,0.003,0.003,11,weighted_average,kalman(weighted_average),false
1788764186.643,22.837,0.199,1.534,1.802,78.366,0.200,1.535,1.799,78.364,0.001,0.001,-0.003,0.003,11,weighted_average,kalman(weighted_average),false
1788764186.790,22.984,0.197,1.537,1.800,78.402,0.198,1.537,1.799,78.387,0.001,0.000,-0.001,0.001,11,weighted_average,kalman(weighted_average),false
1788764186.857,23.051,0.192,1.538,1.791,78.444,0.193,1.538,1.793,78.429,0.001,-0.000,0.002,0.003,11,weighted_average,kalman(weighted_average),false
1788764186.930,23.124,0.197,1.541,1.796,78.402,0.195,1.540,1.794,78.420,-0.002,-0.001,-0.002,0.003,11,weighted_average,kalman(weighted_average),false
1788764187.087,23.281,0.199,1.547,1.784,78.388,0.199,1.546,1.785,78.396,-0.000,-0.000,0.001,0.001,11,weighted_average,kalman(weighted_average),false
1788764187.152,23.347,0.192,1.544,1.787,78.470,0.194,1.545,1.785,78.443,0.002,0.001,-0.002,0.003,11,weighted_average,kalman(weighted_average),false
1788764187.241,23.435,0.200,1.548,1.789,78.395,0.198,1.548,1.788,78.415,-0.002,-0.000,-0.001,0.002,11,weighted_average,kalman(weighted_average),false
1788764187.447,23.641,0.199,1.547,1.781,78.384,0.199,1.547,1.782,78.385,0.000,0.000,0.000,0.001,11,weighted_average,kalman(weighted_average),false
1788764187.588,23.782,0.200,1.549,1.777,78.374,0.200,1.548,1.777,78.373,-0.000,-0.000,-0.000,0.000,11,weighted_average,kalman(weighted_average),false
1788764187.798,23.992,0.200,1.550,1.773,78.454,0.200,1.550,1.773,78.446,0.000,0.000,-0.000,0.000,11,weighted_average,kalman(weighted_average),false
1788764187.903,24.097,0.200,1.550,1.768,78.457,0.200,1.550,1.769,78.464,-0.000,0.000,0.001,0.001,11,weighted_average,kalman(weighted_average),false
1788764188.024,24.219,0.202,1.548,1.772,78.442,0.202,1.549,1.771,78.452,-0.000,0.000,-0.001,0.001,11,weighted_average,kalman(weighted_average),false
1788764188.203,24.397,0.209,1.551,1.767,78.410,0.209,1.551,1.767,78.414,-0.000,-0.000,0.000,0.001,11,weighted_average,kalman(weighted_average),false
1788764188.274,24.469,0.205,1.548,1.761,78.473,0.207,1.549,1.762,78.451,0.002,0.001,0.001,0.002,11,weighted_average,kalman(weighted_average),false
1788764188.353,24.547,0.212,1.549,1.761,78.422,0.211,1.549,1.760,78.435,-0.001,-0.000,-0.001,0.002,11,weighted_average,kalman(weighted_average),false
1788764188.561,24.755,0.209,1.549,1.744,78.544,0.209,1.549,1.745,78.534,0.000,-0.000,0.000,0.001,11,weighted_average,kalman(weighted_average),false
1788764188.634,24.829,0.208,1.549,1.746,78.568,0.208,1.549,1.744,78.571,-0.000,0.000,-0.002,0.002,11,weighted_average,kalman(weighted_average),false
1788764188.703,24.898,0.217,1.553,1.739,78.461,0.214,1.552,1.739,78.511,-0.003,-0.001,0.001,0.003,11,weighted_average,kalman(weighted_average),false
1788764188.861,25.055,0.218,1.553,1.737,78.450,0.218,1.553,1.736,78.456,0.000,0.000,-0.001,0.001,11,weighted_average,kalman(weighted_average),false
1788764188.930,25.124,0.214,1.553,1.747,78.556,0.216,1.553,1.744,78.518,0.001,0.000,-0.003,0.003,11,weighted_average,kalman(weighted_average),false
1788764188.992,25.186,0.214,1.554,1.745,78.564,0.214,1.554,1.746,78.553,0.000,-0.000,0.001,0.001,11,weighted_average,kalman(weighted_average),false
1788764189.143,25.337,0.215,1.558,1.743,78.590,0.214,1.558,1.743,78.594,-0.000,-0.000,0.001,0.001,11,weighted_average,kalman(weighted_average),false
1788764189.225,25.419,0.223,1.561,1.745,78.515,0.221,1.561,1.744,78.543,-0.002,-0.000,-0.001,0.002,11,weighted_average,kalman(weighted_average),false
1788764189.309,25.503,0.218,1.560,1.748,78.590,0.219,1.560,1.747,78.570,0.002,0.001,-0.001,0.002,11,weighted_average,kalman(weighted_average),false
1788764189.525,25.719,0.220,1.565,1.753,78.590,0.220,1.565,1.753,78.590,-0.000,-0.000,-0.000,0.000,11,weighted_average,kalman(weighted_average),false
1788764189.589,25.784,0.226,1.568,1.754,78.530,0.225,1.567,1.755,78.550,-0.001,-0.000,0.000,0.001,11,weighted_average,kalman(weighted_average),false
1788764189.661,25.855,0.221,1.565,1.755,78.568,0.223,1.567,1.756,78.557,0.002,0.001,0.000,0.002,11,weighted_average,kalman(weighted_average),false
1788764189.808,26.002,0.221,1.567,1.756,78.545,0.221,1.567,1.756,78.545,0.000,0.000,0.000,0.000,11,weighted_average,kalman(weighted_average),false
1788764189.864,26.058,0.221,1.568,1.765,78.582,0.221,1.568,1.763,78.568,-0.000,-0.000,-0.003,0.003,11,weighted_average,kalman(weighted_average),false
1788764189.943,26.138,0.218,1.569,1.759,78.608,0.218,1.569,1.761,78.598,0.000,0.000,0.002,0.002,11,weighted_average,kalman(weighted_average),false
1788764190.060,26.255,0.217,1.570,1.765,78.639,0.217,1.570,1.764,78.636,-0.000,0.000,-0.001,0.001,11,weighted_average,kalman(weighted_average),false
1788764190.252,26.447,0.224,1.569,1.767,78.560,0.223,1.569,1.767,78.572,-0.000,0.000,0.000,0.000,11,weighted_average,kalman(weighted_average),false
1788764190.318,26.513,0.225,1.570,1.770,78.557,0.225,1.570,1.770,78.553,0.000,-0.000,-0.001,0.001,11,weighted_average,kalman(weighted_average),false
1788764190.428,26.622,0.223,1.573,1.770,78.614,0.224,1.572,1.770,78.591,0.001,-0.000,0.000,0.001,11,weighted_average,kalman(weighted_average),false
1788764190.584,26.778,0.230,1.579,1.764,78.564,0.229,1.579,1.764,78.571,-0.001,-0.000,0.001,0.001,11,weighted_average,kalman(weighted_average),false
1788764190.642,26.836,0.234,1.580,1.767,78.545,0.233,1.580,1.766,78.551,-0.001,0.000,-0.002,0.002,11,weighted_average,kalman(weighted_average),false
1788764190.693,26.887,0.245,1.581,1.764,78.427,0.242,1.581,1.764,78.474,-0.003,0.000,0.000,0.003,11,weighted_average,kalman(weighted_average),false
1788764190.746,26.941,0.238,1.578,1.768,78.541,0.241,1.580,1.766,78.495,0.004,0.002,-0.002,0.004,11,weighted_average,kalman(weighted_average),false
1788764190.884,27.078,0.237,1.579,1.763,78.630,0.238,1.580,1.763,78.594,0.001,0.000,0.001,0.002,11,weighted_average,kalman(weighted_average),false
1788764190.946,27.141,0.240,1.580,1.764,78.594,0.239,1.580,1.763,78.608,-0.001,-0.000,-0.001,0.001,11,weighted_average,kalman(weighted_average),false
1788764191.011,27.205,0.241,1.582,1.761,78.597,0.240,1.581,1.762,78.612,-0.001,-0.001,0.000,0.001,11,weighted_average,kalman(weighted_average),false
1788764191.059,27.253,0.242,1.580,1.762,78.573,0.242,1.580,1.762,78.597,-0.000,0.001,-0.001,0.001,11,weighted_average,kalman(weighted_average),false
1788764191.201,27.395,0.245,1.580,1.759,78.558,0.245,1.580,1.759,78.568,-0.000,0.000,0.000,0.000,11,weighted_average,kalman(weighted_average),false
1788764191.261,27.455,0.250,1.582,1.763,78.538,0.249,1.582,1.761,78.544,-0.001,-0.000,-0.001,0.002,11,weighted_average,kalman(weighted_average),false
1788764191.335,27.530,0.249,1.579,1.765,78.561,0.250,1.580,1.764,78.548,0.001,0.001,-0.001,0.001,11,weighted_average,kalman(weighted_average),false
1788764191.428,27.622,0.243,1.578,1.759,78.648,0.245,1.578,1.761,78.616,0.002,0.000,0.002,0.002,11,weighted_average,kalman(weighted_average),false
1788764191.583,27.778,0.245,1.577,1.768,78.685,0.245,1.577,1.767,78.685,-0.000,-0.000,-0.001,0.001,11,weighted_average,kalman(weighted_average),false
1788764191.641,27.835,0.247,1.574,1.764,78.630,0.246,1.574,1.766,78.657,-0.001,0.001,0.002,0.002,11,weighted_average,kalman(weighted_average),false
1788764191.692,27.886,0.245,1.574,1.776,78.698,0.246,1.574,1.773,78.682,0.000,-0.000,-0.003,0.004,11,weighted_average,kalman(weighted_average),false
1788764191.747,27.942,0.255,1.573,1.768,78.537,0.252,1.573,1.771,78.605,-0.003,-0.000,0.003,0.005,11,weighted_average,kalman(weighted_average),false
1788764191.911,28.106,0.252,1.574,1.767,78.634,0.253,1.573,1.767,78.619,0.001,-0.000,0.001,0.001,11,weighted_average,kalman(weighted_average),false
1788764191.991,28.185,0.256,1.573,1.766,78.613,0.255,1.573,1.766,78.618,-0.001,0.000,-0.000,0.001,11,weighted_average,kalman(weighted_average),false
1788764192.063,28.258,0.250,1.572,1.769,78.725,0.251,1.572,1.767,78.691,0.002,0.001,-0.001,0.002,11,weighted_average,kalman(weighted_average),false
1788764192.212,28.406,0.256,1.569,1.760,78.636,0.256,1.569,1.761,78.658,-0.001,0.000,0.001,0.001,11,weighted_average,kalman(weighted_average),false
1788764192.284,28.478,0.252,1.564,1.759,78.646,0.254,1.565,1.759,78.645,0.001,0.001,-0.000,0.002,11,weighted_average,kalman(weighted_average),false
1788764192.356,28.550,0.256,1.564,1.762,78.618,0.256,1.563,1.761,78.623,-0.001,-0.001,-0.002,0.002,11,weighted_average,kalman(weighted_average),false
1788764192.520,28.714,0.242,1.561,1.748,78.844,0.244,1.560,1.749,78.808,0.001,-0.000,0.001,0.002,11,weighted_average,kalman(weighted_average),false
1788764192.577,28.771,0.255,1.558,1.741,78.643,0.250,1.558,1.742,78.723,-0.005,0.001,0.001,0.005,11,weighted_average,kalman(weighted_average),false
1788764192.625,28.820,0.260,1.560,1.735,78.604,0.257,1.559,1.735,78.657,-0.004,-0.001,0.001,0.004,11,weighted_average,kalman(weighted_average),false
1788764192.675,28.870,0.261,1.560,1.730,78.603,0.260,1.559,1.729,78.619,-0.000,-0.000,-0.000,0.000,11,weighted_average,kalman(weighted_average),false
1788764192.826,29.021,0.256,1.553,1.735,78.671,0.258,1.554,1.732,78.648,0.002,0.001,-0.002,0.003,11,weighted_average,kalman(weighted_average),false
1788764192.911,29.106,0.254,1.553,1.718,78.713,0.254,1.552,1.722,78.701,0.000,-0.000,0.004,0.004,11,weighted_average,kalman(weighted_average),false
1788764192.977,29.172,0.253,1.548,1.719,78.712,0.253,1.549,1.719,78.719,-0.000,0.001,-0.001,0.001,11,weighted_average,kalman(weighted_average),false
1788764193.103,29.297,0.256,1.548,1.707,78.688,0.255,1.548,1.708,78.704,-0.001,-0.001,0.001,0.001,11,weighted_average,kalman(weighted_average),false
1788764193.208,29.402,0.259,1.550,1.704,78.687,0.258,1.549,1.703,78.690,-0.000,-0.000,-0.001,0.001,11,weighted_average,kalman(weighted_average),false
1788764193.293,29.487,0.258,1.551,1.695,78.708,0.259,1.551,1.696,78.701,0.001,-0.000,0.001,0.001,11,weighted_average,kalman(weighted_average),false
1788764193.490,29.685,0.262,1.556,1.676,78.664,0.262,1.556,1.677,78.668,-0.000,-0.000,0.000,0.000,11,weighted_average,kalman(weighted_average),false
1788764193.567,29.762,0.255,1.553,1.671,78.741,0.257,1.554,1.670,78.717,0.002,0.001,-0.001,0.002,11,weighted_average,kalman(weighted_average),false
1788764193.626,29.820,0.253,1.551,1.677,78.737,0.254,1.552,1.673,78.735,0.000,0.001,-0.004,0.004,11,weighted_average,kalman(weighted_average),false
1788764193.769,29.964,0.252,1.556,1.666,78.768,0.251,1.555,1.667,78.769,-0.001,-0.001,0.001,0.001,11,weighted_average,kalman(weighted_average),false
1788764193.857,30.052,0.252,1.552,1.667,78.708,0.252,1.553,1.666,78.730,-0.000,0.001,-0.001,0.001,11,weighted_average,kalman(weighted_average),false
1788764193.933,30.128,0.246,1.555,1.664,78.786,0.247,1.554,1.664,78.764,0.001,-0.001,0.000,0.002,11,weighted_average,kalman(weighted_average),false
1788764194.068,30.262,0.248,1.558,1.670,78.757,0.247,1.558,1.669,78.762,-0.001,-0.000,-0.001,0.001,11,weighted_average,kalman(weighted_average),false
1788764194.133,30.327,0.237,1.555,1.671,78.880,0.240,1.556,1.671,78.841,0.003,0.001,0.000,0.003,11,weighted_average,kalman(weighted_average),false
1788764194.201,30.395,0.240,1.556,1.671,78.831,0.239,1.556,1.671,78.848,-0.001,-0.000,0.001,0.001,11,weighted_average,kalman(weighted_average),false
1788764194.278,30.472,0.250,1.558,1.675,78.669,0.246,1.557,1.674,78.740,-0.004,-0.000,-0.000,0.004,11,weighted_average,kalman(weighted_average),false
1788764194.434,30.628,0.238,1.567,1.682,78.933,0.240,1.566,1.682,78.889,0.001,-0.001,-0.000,0.002,11,weighted_average,kalman(weighted_average),false
1788764194.496,30.691,0.229,1.556,1.693,78.311,0.231,1.560,1.691,78.521,0.002,0.004,-0.002,0.005,11,weighted_average,kalman(weighted_average),false
1788764194.553,30.747,0.233,1.552,1.703,77.913,0.230,1.554,1.701,78.107,-0.003,0.002,-0.002,0.004,11,weighted_average,kalman(weighted_average),false
1788764194.608,30.802,0.228,1.550,1.696,77.277,0.228,1.550,1.701,77.533,-0.000,0.000,0.004,0.005,11,weighted_average,kalman(weighted_average),false
1788764194.735,30.930,0.228,1.538,1.710,75.835,0.227,1.539,1.710,76.029,-0.001,0.000,0.000,0.001,11,weighted_average,kalman(weighted_average),false
1788764194.796,30.990,0.227,1.532,1.709,75.033,0.227,1.533,1.710,75.146,0.000,0.000,0.002,0.002,11,weighted_average,kalman(weighted_average),false
1788764194.851,31.045,0.219,1.529,1.713,74.775,0.221,1.528,1.713,74.644,0.003,-0.000,-0.000,0.003,11,weighted_average,kalman(weighted_average),false
1788764194.898,31.092,0.237,1.532,1.689,73.895,0.230,1.529,1.699,73.994,-0.007,-0.003,0.010,0.013,11,weighted_average,kalman(weighted_average),false
1788764195.781,31.975,0.114,1.371,1.774,71.209,0.121,1.379,1.769,71.247,0.007,0.008,-0.005,0.012,11|14,weighted_average,kalman(weighted_average),false
1788764195.833,32.027,0.108,1.366,1.773,71.296,0.099,1.353,1.781,71.023,-0.009,-0.013,0.008,0.018,11|14,weighted_average,kalman(weighted_average),false
1788764195.913,32.107,0.104,1.355,1.785,71.246,0.090,1.338,1.792,70.901,-0.014,-0.017,0.007,0.023,11|14,weighted_average,kalman(weighted_average),false
1788764196.145,32.339,0.094,1.335,1.771,71.226,0.091,1.331,1.774,71.098,-0.003,-0.003,0.003,0.006,11|14,weighted_average,kalman(weighted_average),false
1788764196.208,32.403,0.100,1.334,1.768,71.152,0.100,1.335,1.766,71.185,-0.000,0.001,-0.002,0.002,11|14,weighted_average,kalman(weighted_average),false
1788764196.272,32.466,0.126,1.326,1.763,70.372,0.120,1.330,1.761,70.713,-0.005,0.004,-0.003,0.007,11,weighted_average,kalman(weighted_average),false
1788764196.407,32.601,0.094,1.329,1.764,71.264,0.101,1.329,1.761,71.100,0.007,0.000,-0.002,0.008,11|14,weighted_average,kalman(weighted_average),false
1788764196.468,32.662,0.099,1.329,1.767,71.199,0.096,1.329,1.765,71.215,-0.002,-0.000,-0.001,0.003,11|14,weighted_average,kalman(weighted_average),false
1788764196.519,32.713,0.098,1.328,1.767,71.229,0.095,1.328,1.767,71.269,-0.003,0.000,0.000,0.003,11|14,weighted_average,kalman(weighted_average),false
1788764196.579,32.773,0.095,1.327,1.762,71.292,0.093,1.327,1.764,71.326,-0.001,0.000,0.003,0.003,11|14,weighted_average,kalman(weighted_average),false
1788764196.725,32.919,0.107,1.328,1.749,71.233,0.104,1.328,1.751,71.289,-0.002,-0.000,0.002,0.003,11|14,weighted_average,kalman(weighted_average),false
1788764196.799,32.994,0.133,1.311,1.754,70.409,0.128,1.315,1.751,70.664,-0.005,0.004,-0.002,0.007,11,weighted_average,kalman(weighted_average),false
1788764196.859,33.053,0.129,1.307,1.751,70.478,0.134,1.307,1.750,70.448,0.004,0.001,-0.000,0.004,11,weighted_average,kalman(weighted_average),false
1788764196.974,33.168,0.140,1.305,1.747,70.370,0.142,1.303,1.747,70.274,0.002,-0.002,0.000,0.003,11,weighted_average,kalman(weighted_average),false
1788764197.021,33.215,0.140,1.305,1.747,70.370,0.142,1.304,1.746,70.292,0.002,-0.001,-0.000,0.002,11,weighted_average,kalman(weighted_average),false
1788764197.075,33.269,0.138,1.303,1.750,70.415,0.141,1.303,1.749,70.332,0.002,-0.000,-0.002,0.003,11,weighted_average,kalman(weighted_average),false
1788764197.145,33.339,0.138,1.303,1.750,70.415,0.139,1.303,1.750,70.369,0.001,-0.000,-0.000,0.001,11,weighted_average,kalman(weighted_average),false
1788764197.308,33.502,0.132,1.289,1.746,70.523,0.133,1.290,1.747,70.500,0.000,0.001,0.001,0.001,11,weighted_average,kalman(weighted_average),false
1788764197.387,33.581,0.137,1.278,1.744,70.412,0.135,1.279,1.744,70.455,-0.002,0.001,-0.000,0.002,11,weighted_average,kalman(weighted_average),false
1788764197.470,33.664,0.139,1.272,1.752,70.395,0.138,1.271,1.749,70.415,-0.001,-0.001,-0.002,0.002,11,weighted_average,kalman(weighted_average),false
1788764197.645,33.839,0.124,1.250,1.767,70.548,0.125,1.250,1.766,70.528,0.001,0.000,-0.001,0.001,11,weighted_average,kalman(weighted_average),false
1788764197.720,33.915,0.123,1.246,1.771,70.608,0.122,1.245,1.772,70.601,-0.001,-0.001,0.001,0.002,11,weighted_average,kalman(weighted_average),false
1788764197.777,33.971,0.128,1.240,1.779,70.471,0.124,1.240,1.778,70.539,-0.003,-0.000,-0.001,0.003,11,weighted_average,kalman(weighted_average),false
1788764197.835,34.029,0.121,1.236,1.782,70.526,0.122,1.236,1.782,70.533,0.001,-0.000,0.001,0.001,11,weighted_average,kalman(weighted_average),false
1788764198.021,34.216,0.111,1.223,1.797,70.519,0.112,1.223,1.798,70.521,0.000,-0.000,0.000,0.000,11,weighted_average,kalman(weighted_average),false
1788764198.088,34.282,0.108,1.216,1.798,70.492,0.107,1.216,1.799,70.499,-0.000,0.001,0.001,0.001,11,weighted_average,kalman(weighted_average),false
1788764198.156,34.351,0.110,1.216,1.802,70.460,0.108,1.214,1.802,70.469,-0.002,-0.001,0.000,0.002,11,weighted_average,kalman(weighted_average),false
1788764198.297,34.491,0.099,1.206,1.813,70.524,0.099,1.206,1.812,70.506,0.001,0.000,-0.001,0.001,11,weighted_average,kalman(weighted_average),false
1788764198.417,34.611,0.101,1.206,1.811,70.474,0.100,1.205,1.813,70.485,-0.001,-0.001,0.001,0.002,11,weighted_average,kalman(weighted_average),false
1788764198.614,34.809,0.100,1.198,1.806,70.346,0.100,1.198,1.807,70.356,-0.000,0.000,0.000,0.000,11,weighted_average,kalman(weighted_average),false
1788764198.687,34.881,0.102,1.199,1.816,70.321,0.102,1.198,1.813,70.316,-0.001,-0.001,-0.003,0.003,11,weighted_average,kalman(weighted_average),false
1788764198.771,34.965,0.094,1.195,1.808,70.389,0.096,1.195,1.810,70.352,0.002,0.000,0.002,0.003,11,weighted_average,kalman(weighted_average),false
1788764198.960,35.154,0.092,1.192,1.799,70.390,0.091,1.192,1.800,70.386,-0.000,-0.000,0.000,0.001,11,weighted_average,kalman(weighted_average),false
1788764199.021,35.215,0.093,1.192,1.802,70.376,0.092,1.192,1.801,70.383,-0.001,-0.000,-0.002,0.002,11,weighted_average,kalman(weighted_average),false
1788764199.078,35.272,0.087,1.193,1.796,70.496,0.088,1.192,1.797,70.455,0.002,-0.001,0.001,0.002,11,weighted_average,kalman(weighted_average),false
1788764199.132,35.326,0.088,1.191,1.794,70.468,0.087,1.191,1.794,70.476,-0.000,0.001,0.000,0.001,11,weighted_average,kalman(weighted_average),false
1788764199.325,35.519,0.097,1.193,1.783,70.445,0.096,1.193,1.783,70.459,-0.001,-0.000,0.000,0.001,11,weighted_average,kalman(weighted_average),false
1788764199.392,35.587,0.097,1.193,1.773,70.506,0.098,1.194,1.774,70.487,0.001,0.000,0.001,0.002,11,weighted_average,kalman(weighted_average),false
1788764199.448,35.643,0.098,1.188,1.781,70.486,0.099,1.190,1.777,70.488,0.001,0.002,-0.004,0.005,11,weighted_average,kalman(weighted_average),false
1788764199.509,35.704,0.102,1.191,1.775,70.476,0.102,1.190,1.775,70.482,-0.000,-0.001,0.000,0.001,11,weighted_average,kalman(weighted_average),false
1788764199.658,35.853,0.100,1.187,1.778,70.548,0.101,1.187,1.778,70.536,0.001,0.000,-0.001,0.001,11,weighted_average,kalman(weighted_average),false
1788764199.725,35.919,0.100,1.187,1.778,70.548,0.100,1.187,1.779,70.552,-0.000,-0.000,0.000,0.000,11,weighted_average,kalman(weighted_average),false
1788764199.787,35.981,0.111,1.190,1.768,70.425,0.107,1.189,1.771,70.480,-0.003,-0.001,0.004,0.005,11,weighted_average,kalman(weighted_average),false
1788764199.855,36.049,0.112,1.188,1.776,70.445,0.112,1.188,1.774,70.450,-0.000,0.000,-0.003,0.003,11,weighted_average,kalman(weighted_average),false
1788764200.035,36.229,0.109,1.185,1.773,70.542,0.109,1.186,1.773,70.522,0.001,0.000,0.000,0.001,11,weighted_average,kalman(weighted_average),false
1788764200.117,36.311,0.116,1.186,1.770,70.457,0.114,1.186,1.770,70.486,-0.002,-0.000,0.001,0.002,11,weighted_average,kalman(weighted_average),false
1788764200.181,36.375,0.108,1.183,1.774,70.561,0.110,1.184,1.773,70.534,0.002,0.001,-0.002,0.003,11,weighted_average,kalman(weighted_average),false
1788764200.310,36.504,0.115,1.182,1.777,70.466,0.114,1.182,1.777,70.488,-0.001,-0.000,-0.000,0.001,11,weighted_average,kalman(weighted_average),false
1788764200.379,36.573,0.112,1.183,1.778,70.535,0.113,1.182,1.778,70.515,0.001,-0.000,0.000,0.001,11,weighted_average,kalman(weighted_average),false
1788764200.461,36.655,0.112,1.183,1.778,70.526,0.112,1.183,1.779,70.524,0.000,-0.000,0.001,0.001,11,weighted_average,kalman(weighted_average),false
1788764200.643,36.838,0.109,1.185,1.771,70.566,0.109,1.185,1.771,70.563,0.000,-0.000,0.001,0.001,11,weighted_average,kalman(weighted_average),false
1788764200.715,36.909,0.107,1.185,1.779,70.606,0.107,1.185,1.776,70.598,0.000,0.000,-0.003,0.003,11,weighted_average,kalman(weighted_average),false
1788764200.788,36.983,0.108,1.184,1.774,70.555,0.107,1.184,1.775,70.578,-0.001,0.001,0.001,0.001,11,weighted_average,kalman(weighted_average),false
1788764200.985,37.179,0.111,1.184,1.776,70.488,0.111,1.184,1.776,70.497,-0.000,-0.000,-0.000,0.000,11,weighted_average,kalman(weighted_average),false
1788764201.040,37.234,0.110,1.184,1.778,70.499,0.111,1.184,1.777,70.489,0.001,0.000,-0.001,0.001,11,weighted_average,kalman(weighted_average),false
1788764201.101,37.296,0.109,1.182,1.778,70.498,0.110,1.183,1.778,70.486,0.001,0.000,0.000,0.001,11,weighted_average,kalman(weighted_average),false
1788764201.164,37.359,0.111,1.182,1.775,70.426,0.111,1.182,1.776,70.444,-0.001,-0.000,0.001,0.001,11,weighted_average,kalman(weighted_average),false
1788764201.347,37.541,0.101,1.183,1.779,70.563,0.102,1.183,1.778,70.540,0.001,-0.000,-0.000,0.001,11,weighted_average,kalman(weighted_average),false
1788764201.395,37.589,0.104,1.185,1.780,70.512,0.102,1.184,1.779,70.534,-0.002,-0.001,-0.000,0.002,11,weighted_average,kalman(weighted_average),false
1788764201.449,37.643,0.100,1.185,1.781,70.587,0.100,1.185,1.781,70.575,0.000,-0.000,-0.000,0.000,11,weighted_average,kalman(weighted_average),false
1788764201.499,37.694,0.098,1.184,1.778,70.603,0.098,1.185,1.780,70.603,0.000,0.001,0.001,0.002,11,weighted_average,kalman(weighted_average),false
1788764201.692,37.886,0.093,1.186,1.780,70.643,0.093,1.186,1.780,70.651,-0.000,0.000,0.000,0.000,11,weighted_average,kalman(weighted_average),false
1788764201.767,37.961,0.096,1.183,1.780,70.546,0.095,1.184,1.780,70.578,-0.001,0.001,-0.000,0.001,11,weighted_average,kalman(weighted_average),false
1788764201.826,38.020,0.097,1.184,1.780,70.510,0.096,1.183,1.780,70.526,-0.001,-0.000,0.000,0.001,11,weighted_average,kalman(weighted_average),false
1788764201.975,38.169,0.096,1.187,1.781,70.532,0.097,1.187,1.781,70.516,0.000,-0.001,-0.000,0.001,11,weighted_average,kalman(weighted_average),false
1788764202.045,38.240,0.087,1.186,1.786,70.660,0.089,1.186,1.785,70.614,0.002,0.001,-0.001,0.003,11,weighted_average,kalman(weighted_average),false
1788764202.127,38.321,0.087,1.187,1.794,70.686,0.086,1.187,1.793,70.680,-0.001,0.000,-0.002,0.002,11,weighted_average,kalman(weighted_average),false
1788764202.282,38.477,0.086,1.186,1.798,70.663,0.086,1.186,1.799,70.683,-0.001,0.000,0.001,0.001,11,weighted_average,kalman(weighted_average),false
1788764202.333,38.527,0.091,1.186,1.799,70.595,0.089,1.186,1.799,70.627,-0.001,-0.000,0.000,0.002,11,weighted_average,kalman(weighted_average),false
1788764202.407,38.601,0.091,1.182,1.796,70.527,0.092,1.183,1.798,70.552,0.000,0.001,0.001,0.002,11,weighted_average,kalman(weighted_average),false
1788764202.497,38.691,0.085,1.182,1.799,70.673,0.087,1.181,1.798,70.617,0.002,-0.000,-0.000,0.002,11,weighted_average,kalman(weighted_average),false
1788764202.658,38.852,0.085,1.175,1.798,70.643,0.085,1.175,1.798,70.643,-0.000,0.000,0.000,0.000,11,weighted_average,kalman(weighted_average),false
1788764202.719,38.913,0.085,1.178,1.795,70.700,0.085,1.176,1.796,70.684,-0.000,-0.002,0.001,0.002,11,weighted_average,kalman(weighted_average),false
1788764202.805,38.999,0.092,1.172,1.802,70.528,0.090,1.172,1.800,70.585,-0.002,0.001,-0.002,0.003,11,weighted_average,kalman(weighted_average),false
1788764202.990,39.184,0.085,1.168,1.795,70.675,0.085,1.168,1.796,70.656,0.001,-0.000,0.001,0.001,11,weighted_average,kalman(weighted_average),false
1788764203.049,39.244,0.091,1.169,1.799,70.592,0.089,1.168,1.797,70.623,-0.002,-0.000,-0.001,0.003,11,weighted_average,kalman(weighted_average),false
1788764203.113,39.307,0.088,1.168,1.800,70.629,0.089,1.168,1.799,70.629,0.000,-0.000,-0.001,0.001,11,weighted_average,kalman(weighted_average),false
1788764203.294,39.488,0.092,1.171,1.788,70.597,0.092,1.171,1.789,70.603,-0.000,-0.000,0.001,0.001,11,weighted_average,kalman(weighted_average),false
1788764203.370,39.564,0.096,1.172,1.785,70.574,0.096,1.172,1.785,70.578,-0.000,0.000,-0.001,0.001,11,weighted_average,kalman(weighted_average),false
1788764203.427,39.621,0.092,1.171,1.781,70.650,0.094,1.171,1.781,70.618,0.002,0.001,-0.000,0.002,11,weighted_average,kalman(weighted_average),false
1788764203.574,39.769,0.099,1.174,1.777,70.585,0.099,1.174,1.776,70.594,-0.001,-0.000,-0.000,0.001,11,weighted_average,kalman(weighted_average),false
1788764203.639,39.834,0.099,1.175,1.774,70.596,0.100,1.175,1.774,70.592,0.001,0.000,0.000,0.001,11,weighted_average,kalman(weighted_average),false
1788764203.723,39.917,0.105,1.176,1.774,70.534,0.104,1.176,1.773,70.549,-0.001,0.000,-0.001,0.001,11,weighted_average,kalman(weighted_average),false
1788764203.890,40.084,0.107,1.181,1.760,70.584,0.108,1.181,1.761,70.572,0.000,-0.000,0.001,0.001,11,weighted_average,kalman(weighted_average),false
1788764203.947,40.142,0.111,1.183,1.755,70.542,0.110,1.183,1.755,70.556,-0.001,-0.000,0.000,0.001,11,weighted_average,kalman(weighted_average),false
1788764204.013,40.207,0.111,1.183,1.755,70.542,0.111,1.184,1.753,70.547,0.000,0.001,-0.002,0.002,11,weighted_average,kalman(weighted_average),false
1788764204.078,40.273,0.103,1.184,1.758,70.693,0.106,1.184,1.755,70.636,0.003,0.000,-0.003,0.004,11,weighted_average,kalman(weighted_average),false
1788764204.261,40.455,0.117,1.188,1.753,70.522,0.116,1.188,1.753,70.547,-0.001,-0.000,0.000,0.001,11,weighted_average,kalman(weighted_average),false
1788764204.337,40.531,0.117,1.195,1.740,70.624,0.119,1.193,1.743,70.589,0.001,-0.001,0.003,0.003,11,weighted_average,kalman(weighted_average),false
1788764204.408,40.602,0.123,1.191,1.746,70.527,0.123,1.193,1.743,70.546,-0.000,0.002,-0.003,0.003,11,weighted_average,kalman(weighted_average),false
1788764204.591,40.785,0.119,1.195,1.743,70.657,0.120,1.195,1.742,70.638,0.001,0.000,-0.000,0.001,11,weighted_average,kalman(weighted_average),false
1788764204.646,40.840,0.124,1.196,1.741,70.594,0.122,1.196,1.742,70.621,-0.002,-0.000,0.000,0.002,11,weighted_average,kalman(weighted_average),false
1788764204.705,40.899,0.123,1.195,1.740,70.621,0.122,1.196,1.740,70.627,-0.000,0.000,0.001,0.001,11,weighted_average,kalman(weighted_average),false
1788764204.785,40.980,0.123,1.195,1.732,70.605,0.123,1.195,1.734,70.618,-0.000,0.000,0.002,0.002,11,weighted_average,kalman(weighted_average),false
1788764204.986,41.181,0.125,1.194,1.728,70.509,0.125,1.194,1.727,70.519,-0.000,0.000,-0.000,0.000,11,weighted_average,kalman(weighted_average),false
1788764205.061,41.255,0.121,1.196,1.730,70.588,0.122,1.196,1.729,70.556,0.001,-0.001,-0.001,0.002,11,weighted_average,kalman(weighted_average),false
1788764205.120,41.315,0.121,1.201,1.717,70.587,0.121,1.199,1.721,70.574,0.000,-0.001,0.004,0.004,11,weighted_average,kalman(weighted_average),false
1788764205.329,41.523,0.115,1.203,1.702,70.653,0.115,1.204,1.702,70.647,0.000,0.000,0.000,0.000,11,weighted_average,kalman(weighted_average),false
1788764205.397,41.592,0.121,1.204,1.702,70.526,0.119,1.204,1.701,70.571,-0.002,0.000,-0.002,0.003,11,weighted_average,kalman(weighted_average),false
1788764205.461,41.655,0.115,1.206,1.702,70.643,0.116,1.206,1.701,70.610,0.002,-0.000,-0.002,0.002,11,weighted_average,kalman(weighted_average),false
1788764205.653,41.848,0.112,1.210,1.696,70.698,0.112,1.210,1.696,70.692,0.000,-0.000,-0.000,0.000,11,weighted_average,kalman(weighted_average),false
1788764205.731,41.925,0.115,1.212,1.698,70.635,0.114,1.212,1.697,70.661,-0.001,-0.000,-0.001,0.001,11,weighted_average,kalman(weighted_average),false
1788764205.789,41.983,0.108,1.212,1.691,70.716,0.110,1.212,1.693,70.696,0.002,0.000,0.002,0.003,11,weighted_average,kalman(weighted_average),false
1788764205.958,42.152,0.118,1.217,1.696,70.630,0.117,1.217,1.695,70.645,-0.001,-0.000,-0.001,0.001,11,weighted_average,kalman(weighted_average),false
1788764206.050,42.244,0.114,1.218,1.694,70.675,0.116,1.219,1.694,70.660,0.001,0.000,0.001,0.002,11,weighted_average,kalman(weighted_average),false
1788764206.128,42.323,0.114,1.220,1.694,70.690,0.114,1.220,1.694,70.680,0.001,0.000,0.000,0.001,11,weighted_average,kalman(weighted_average),false
1788764206.289,42.483,0.118,1.217,1.689,70.562,0.118,1.218,1.689,70.581,-0.000,0.000,0.000,0.001,11,weighted_average,kalman(weighted_average),false
1788764206.349,42.543,0.114,1.218,1.696,70.656,0.116,1.218,1.694,70.618,0.001,-0.000,-0.003,0.003,11,weighted_average,kalman(weighted_average),false
1788764206.430,42.624,0.117,1.218,1.689,70.610,0.117,1.218,1.691,70.610,-0.000,-0.000,0.002,0.002,11,weighted_average,kalman(weighted_average),false
1788764206.611,42.806,0.116,1.217,1.695,70.646,0.116,1.217,1.694,70.640,0.000,0.000,-0.000,0.000,11,weighted_average,kalman(weighted_average),false
1788764206.671,42.866,0.111,1.216,1.697,70.722,0.112,1.216,1.697,70.699,0.001,-0.000,-0.000,0.001,11,weighted_average,kalman(weighted_average),false
1788764206.727,42.921,0.104,1.213,1.699,70.806,0.106,1.214,1.699,70.776,0.002,0.001,-0.000,0.002,11,weighted_average,kalman(weighted_average),false
1788764206.799,42.993,0.113,1.216,1.707,70.723,0.109,1.215,1.705,70.766,-0.004,-0.001,-0.002,0.004,11,weighted_average,kalman(weighted_average),false
1788764206.990,43.184,0.113,1.212,1.708,70.711,0.113,1.212,1.709,70.724,-0.000,0.000,0.001,0.001,11,weighted_average,kalman(weighted_average),false
1788764207.048,43.243,0.112,1.210,1.714,70.721,0.113,1.210,1.713,70.716,0.001,0.000,-0.002,0.002,11,weighted_average,kalman(weighted_average),false
1788764207.115,43.310,0.114,1.210,1.716,70.709,0.114,1.210,1.716,70.705,-0.000,-0.000,-0.000,0.001,11,weighted_average,kalman(weighted_average),false
1788764207.179,43.373,0.109,1.207,1.715,70.749,0.111,1.208,1.716,70.727,0.002,0.001,0.001,0.002,11,weighted_average,kalman(weighted_average),false
1788764207.379,43.573,0.107,1.207,1.727,70.814,0.107,1.207,1.727,70.806,0.000,-0.000,-0.000,0.000,11,weighted_average,kalman(weighted_average),false
1788764207.441,43.636,0.107,1.209,1.724,70.825,0.106,1.208,1.726,70.829,-0.000,-0.001,0.002,0.002,11,weighted_average,kalman(weighted_average),false
1788764207.491,43.686,0.112,1.206,1.726,70.703,0.109,1.207,1.727,70.764,-0.002,0.001,0.000,0.002,11,weighted_average,kalman(weighted_average),false
1788764207.553,43.747,0.111,1.205,1.732,70.692,0.111,1.206,1.731,70.717,0.000,0.001,-0.001,0.001,11,weighted_average,kalman(weighted_average),false
1788764207.756,43.951,0.101,1.209,1.739,70.850,0.102,1.209,1.739,70.828,0.001,-0.000,0.000,0.001,11,weighted_average,kalman(weighted_average),false
1788764207.818,44.013,0.104,1.205,1.748,70.707,0.102,1.207,1.746,70.762,-0.002,0.001,-0.001,0.003,11,weighted_average,kalman(weighted_average),false
1788764207.881,44.076,0.104,1.207,1.751,70.728,0.103,1.207,1.751,70.740,-0.001,-0.000,-0.000,0.001,11,weighted_average,kalman(weighted_average),false
1788764208.053,44.247,0.103,1.209,1.767,70.727,0.103,1.209,1.767,70.725,-0.000,-0.000,-0.000,0.000,11,weighted_average,kalman(weighted_average),false
1788764208.125,44.320,0.100,1.207,1.776,70.727,0.101,1.207,1.775,70.725,0.001,0.001,-0.001,0.001,11,weighted_average,kalman(weighted_average),false
1788764208.196,44.390,0.094,1.207,1.783,70.813,0.095,1.207,1.783,70.782,0.002,-0.000,-0.000,0.002,11,weighted_average,kalman(weighted_average),false
1788764208.342,44.536,0.089,1.205,1.794,70.820,0.089,1.205,1.794,70.823,-0.000,0.000,0.001,0.001,11,weighted_average,kalman(weighted_average),false
1788764208.412,44.607,0.092,1.205,1.807,70.757,0.091,1.205,1.805,70.783,-0.002,-0.000,-0.002,0.002,11,weighted_average,kalman(weighted_average),false
1788764208.491,44.685,0.092,1.205,1.807,70.757,0.092,1.205,1.808,70.762,-0.000,-0.000,0.002,0.002,11,weighted_average,kalman(weighted_average),false
1788764208.683,44.877,0.086,1.201,1.826,70.813,0.086,1.201,1.826,70.804,0.000,0.000,-0.000,0.000,11,weighted_average,kalman(weighted_average),false
1788764208.759,44.953,0.079,1.198,1.837,70.871,0.080,1.198,1.836,70.859,0.001,0.000,-0.001,0.001,11,weighted_average,kalman(weighted_average),false
1788764208.818,45.012,0.082,1.196,1.850,70.782,0.080,1.196,1.848,70.822,-0.002,0.000,-0.002,0.002,11,weighted_average,kalman(weighted_average),false
1788764208.958,45.152,0.072,1.200,1.856,70.947,0.072,1.199,1.858,70.925,0.000,-0.001,0.002,0.002,11,weighted_average,kalman(weighted_average),false
1788764209.030,45.224,0.078,1.203,1.869,70.846,0.075,1.202,1.867,70.885,-0.002,-0.000,-0.001,0.003,11,weighted_average,kalman(weighted_average),false
1788764209.093,45.287,0.072,1.200,1.854,70.993,0.073,1.201,1.860,70.955,0.001,0.001,0.006,0.006,11,weighted_average,kalman(weighted_average),false
1788764209.251,45.446,0.081,1.193,1.860,72.272,0.080,1.194,1.860,72.085,-0.001,0.001,-0.000,0.001,11,weighted_average,kalman(weighted_average),false
1788764209.331,45.526,0.075,1.184,1.862,73.494,0.077,1.185,1.862,73.269,0.002,0.001,-0.000,0.002,11,weighted_average,kalman(weighted_average),false
1788764209.412,45.606,0.081,1.174,1.851,74.107,0.080,1.175,1.854,74.135,-0.001,0.001,0.003,0.003,11,weighted_average,kalman(weighted_average),false
1788764209.622,45.817,0.092,1.142,1.857,76.587,0.092,1.143,1.856,76.566,-0.000,0.000,-0.001,0.001,11,weighted_average,kalman(weighted_average),false
1788764209.713,45.907,0.095,1.292,1.932,78.451,0.095,1.262,1.919,78.270,0.001,-0.030,-0.013,0.033,9,weighted_average,kalman(weighted_average),false
1788764209.790,45.984,0.110,1.269,1.907,79.222,0.107,1.285,1.919,79.318,-0.003,0.016,0.013,0.020,9,weighted_average,kalman(weighted_average),false
1788764210.074,46.268,0.113,1.202,1.936,81.587,0.114,1.211,1.937,81.648,0.001,0.009,0.001,0.009,9,weighted_average,kalman(weighted_average),false
1788764210.166,46.361,0.109,1.188,1.933,83.009,0.110,1.180,1.934,82.927,0.001,-0.008,0.002,0.008,9,weighted_average,kalman(weighted_average),false
1788764210.267,46.461,0.014,0.743,1.938,83.506,0.030,0.811,1.938,83.674,0.016,0.068,-0.001,0.070,17,weighted_average,kalman(weighted_average),false
1788764210.481,46.675,0.075,0.674,1.777,85.817,0.067,0.652,1.785,85.792,-0.008,-0.022,0.007,0.024,17,weighted_average,kalman(weighted_average),false
1788764210.556,46.750,-0.041,0.695,1.859,88.675,-0.008,0.687,1.825,88.102,0.032,-0.008,-0.034,0.048,17,weighted_average,kalman(weighted_average),false
1788764210.619,46.813,0.028,0.635,1.906,88.309,0.009,0.656,1.882,88.711,-0.019,0.021,-0.024,0.037,17,weighted_average,kalman(weighted_average),false
1788764210.763,46.957,-0.004,0.617,1.808,90.145,-0.003,0.619,1.823,90.296,0.000,0.002,0.015,0.016,17,weighted_average,kalman(weighted_average),false
1788764210.843,47.037,-0.078,0.621,1.901,91.705,-0.064,0.616,1.876,91.567,0.014,-0.005,-0.026,0.030,17,weighted_average,kalman(weighted_average),false
1788764210.923,47.117,-0.093,0.616,1.852,92.129,-0.096,0.614,1.863,92.294,-0.003,-0.002,0.011,0.011,17,weighted_average,kalman(weighted_average),false
1788764211.104,47.298,-0.011,0.541,1.823,91.093,-0.022,0.545,1.826,91.453,-0.010,0.004,0.002,0.011,17,weighted_average,kalman(weighted_average),false
1788764211.193,47.387,0.027,0.490,1.881,90.540,0.029,0.492,1.866,90.612,0.002,0.002,-0.014,0.015,17,weighted_average,kalman(weighted_average),false
1788764211.291,47.486,0.026,0.480,1.859,90.579,0.037,0.472,1.865,90.381,0.011,-0.008,0.006,0.015,17,weighted_average,kalman(weighted_average),false
1788764211.447,47.641,0.017,0.451,1.820,90.742,0.021,0.449,1.824,90.596,0.004,-0.002,0.004,0.006,17,weighted_average,kalman(weighted_average),false
1788764211.534,47.729,0.020,0.436,1.856,90.782,0.018,0.437,1.845,90.764,-0.002,0.001,-0.011,0.012,17,weighted_average,kalman(weighted_average),false
1788764211.623,47.818,0.041,0.393,1.868,90.388,0.035,0.399,1.864,90.534,-0.006,0.006,-0.003,0.009,17,weighted_average,kalman(weighted_average),false
1788764211.858,48.052,0.025,0.369,1.839,90.675,0.027,0.367,1.842,90.647,0.002,-0.002,0.003,0.004,17,weighted_average,kalman(weighted_average),false
1788764211.960,48.154,0.027,0.349,1.853,90.658,0.025,0.350,1.847,90.675,-0.002,0.001,-0.005,0.006,17,weighted_average,kalman(weighted_average),false
1788764212.096,48.290,0.054,0.312,1.874,90.214,0.050,0.313,1.871,90.300,-0.003,0.002,-0.003,0.005,17,weighted_average,kalman(weighted_average),false
1788764212.332,48.526,0.025,0.282,1.854,90.705,0.028,0.281,1.856,90.636,0.003,-0.001,0.002,0.004,17,weighted_average,kalman(weighted_average),false
1788764212.465,48.659,0.019,0.262,1.831,90.769,0.017,0.262,1.831,90.796,-0.002,0.000,0.000,0.002,17,weighted_average,kalman(weighted_average),false
1788764212.617,48.811,0.011,0.235,1.863,90.957,0.010,0.235,1.858,90.964,-0.001,0.000,-0.005,0.005,17,weighted_average,kalman(weighted_average),false
1788764212.714,48.909,0.014,0.211,1.889,90.871,0.013,0.212,1.887,90.917,-0.001,0.001,-0.002,0.002,17,weighted_average,kalman(weighted_average),false
1788764212.819,49.014,0.012,0.200,1.902,90.979,0.013,0.199,1.904,90.966,0.000,-0.002,0.003,0.003,17,weighted_average,kalman(weighted_average),false
1788764213.067,49.261,0.053,0.112,1.916,90.259,0.051,0.115,1.917,90.324,-0.002,0.003,0.001,0.003,17,weighted_average,kalman(weighted_average),false
1788764213.150,49.345,0.026,0.124,1.906,90.845,0.035,0.113,1.908,90.630,0.009,-0.010,0.003,0.014,17,weighted_average,kalman(weighted_average),false
1788764213.315,49.509,0.052,0.067,1.866,90.362,0.050,0.068,1.868,90.404,-0.002,0.001,0.002,0.003,17,weighted_average,kalman(weighted_average),false
1788764213.377,49.571,0.012,0.087,1.919,91.188,0.024,0.077,1.901,90.907,0.012,-0.010,-0.018,0.024,17,weighted_average,kalman(weighted_average),false
1788764213.443,49.638,0.046,0.046,1.922,90.536,0.037,0.054,1.919,90.734,-0.010,0.008,-0.003,0.013,17,weighted_average,kalman(weighted_average),false
1788764213.513,49.707,0.049,0.036,1.897,90.476,0.046,0.037,1.908,90.575,-0.003,0.001,0.011,0.011,17,weighted_average,kalman(weighted_average),false
1788764213.672,49.866,0.044,0.024,1.904,90.606,0.045,0.022,1.905,90.577,0.002,-0.002,0.000,0.003,17,weighted_average,kalman(weighted_average),false
1788764213.736,49.930,0.044,0.024,1.904,90.606,0.044,0.022,1.904,90.598,-0.000,-0.002,-0.000,0.002,17,weighted_average,kalman(weighted_average),false
1788764213.823,50.017,0.060,-0.003,1.925,90.268,0.056,0.002,1.920,90.371,-0.004,0.005,-0.005,0.008,17,weighted_average,kalman(weighted_average),false
1788764213.991,50.185,0.038,-0.020,1.925,90.675,0.041,-0.020,1.926,90.605,0.002,-0.000,0.001,0.003,17,weighted_average,kalman(weighted_average),false
1788764214.065,50.259,0.050,-0.039,1.915,90.478,0.045,-0.037,1.918,90.549,-0.004,0.002,0.003,0.006,17,weighted_average,kalman(weighted_average),false
1788764214.135,50.329,0.050,-0.055,1.905,90.434,0.049,-0.054,1.907,90.482,-0.002,0.001,0.002,0.003,17,weighted_average,kalman(weighted_average),false
1788764214.285,50.480,0.057,-0.086,1.942,90.378,0.056,-0.086,1.937,90.388,-0.000,-0.000,-0.005,0.005,17,weighted_average,kalman(weighted_average),false
1788764214.357,50.551,0.063,-0.099,1.887,90.286,0.062,-0.099,1.903,90.304,-0.001,-0.001,0.016,0.016,17,weighted_average,kalman(weighted_average),false
1788764214.442,50.637,0.063,-0.099,1.887,90.286,0.064,-0.102,1.887,90.269,0.001,-0.004,-0.000,0.004,17,weighted_average,kalman(weighted_average),false
1788764214.632,50.826,0.068,-0.138,1.888,90.287,0.068,-0.137,1.886,90.274,0.000,0.001,-0.002,0.002,17,weighted_average,kalman(weighted_average),false
1788764214.688,50.882,0.080,-0.165,1.888,90.124,0.077,-0.160,1.888,90.176,-0.003,0.004,0.000,0.005,17,weighted_average,kalman(weighted_average),false
1788764214.751,50.945,0.070,-0.171,1.882,90.412,0.074,-0.174,1.885,90.310,0.004,-0.003,0.003,0.005,17,weighted_average,kalman(weighted_average),false
1788764214.807,51.001,0.079,-0.197,1.911,90.186,0.077,-0.194,1.902,90.252,-0.002,0.003,-0.009,0.009,17,weighted_average,kalman(weighted_average),false
1788764214.966,51.161,0.103,-0.240,1.881,89.807,0.101,-0.241,1.885,89.876,-0.002,-0.000,0.004,0.004,17,weighted_average,kalman(weighted_average),false
1788764215.062,51.256,0.115,-0.246,1.820,89.656,0.115,-0.249,1.828,89.651,0.001,-0.004,0.008,0.009,17,weighted_average,kalman(weighted_average),false
1788764215.149,51.343,0.040,0.187,2.226,91.419,0.115,-0.249,1.828,90.866,0.075,-0.437,-0.398,0.596,15,weighted_average,kalman(weighted_average),true
1788764215.326,51.520,-0.027,0.113,1.997,91.961,-0.023,0.102,1.992,91.981,0.004,-0.011,-0.005,0.012,6,weighted_average,kalman(weighted_average),false
1788764215.418,51.612,-0.619,0.201,1.885,99.959,-0.023,0.102,1.992,98.214,0.596,-0.099,0.108,0.614,3,weighted_average,kalman(weighted_average),true
1788764215.502,51.696,-0.027,0.079,1.985,91.964,-0.027,0.080,1.985,94.814,0.000,0.001,0.000,0.001,6,weighted_average,kalman(weighted_average),false
1788764215.656,51.850,0.081,-0.355,1.788,91.219,0.071,-0.319,1.804,91.652,-0.010,0.036,0.017,0.041,18,weighted_average,kalman(weighted_average),false
1788764215.730,51.925,-1.032,0.025,1.030,104.652,0.071,-0.319,1.804,100.447,1.104,-0.345,0.774,1.392,3,weighted_average,kalman(weighted_average),true
1788764215.827,52.021,-0.796,0.004,0.739,102.095,0.071,-0.319,1.804,102.956,0.867,-0.323,1.065,1.411,3,weighted_average,kalman(weighted_average),true
1788764215.964,52.158,-0.019,-0.067,1.952,92.028,-0.017,-0.072,1.949,94.724,0.002,-0.005,-0.003,0.006,6,weighted_average,kalman(weighted_average),false
1788764216.032,52.226,-0.014,-0.081,1.939,91.883,-0.021,-0.063,1.951,91.720,-0.007,0.018,0.012,0.023,6,weighted_average,kalman(weighted_average),false
1788764216.080,52.274,-0.018,-0.086,1.946,91.644,-0.021,-0.071,1.951,90.717,-0.004,0.015,0.005,0.016,6,weighted_average,kalman(weighted_average),false
1788764216.152,52.346,-0.018,-0.086,1.946,91.644,-0.021,-0.079,1.950,90.256,-0.003,0.007,0.004,0.009,6,weighted_average,kalman(weighted_average),false
1788764216.319,52.513,0.084,-0.547,1.821,87.192,0.076,-0.512,1.831,87.096,-0.008,0.036,0.010,0.038,17,weighted_average,kalman(weighted_average),false
1788764216.367,52.562,0.083,-0.574,1.831,86.686,0.092,-0.604,1.817,86.510,0.009,-0.030,-0.014,0.035,17,weighted_average,kalman(weighted_average),false
1788764216.419,52.614,0.062,-0.576,1.844,86.941,0.083,-0.636,1.823,86.404,0.021,-0.060,-0.022,0.067,17,weighted_average,kalman(weighted_average),false
1788764216.465,52.659,0.053,-0.576,1.821,87.026,0.069,-0.631,1.816,86.506,0.016,-0.055,-0.005,0.058,17,weighted_average,kalman(weighted_average),false
1788764216.593,52.788,0.049,-0.612,1.835,86.752,0.052,-0.633,1.828,86.501,0.003,-0.021,-0.007,0.023,17,weighted_average,kalman(weighted_average),false
1788764216.644,52.838,0.040,-0.624,1.824,86.758,0.041,-0.626,1.827,86.645,0.002,-0.002,0.003,0.004,17,weighted_average,kalman(weighted_average),false
1788764216.689,52.884,0.032,-0.627,1.837,86.861,0.033,-0.625,1.834,86.775,0.000,0.002,-0.003,0.003,17,weighted_average,kalman(weighted_average),false
1788764216.745,52.939,0.027,-0.645,1.835,86.782,0.025,-0.636,1.837,86.812,-0.002,0.009,0.002,0.009,17,weighted_average,kalman(weighted_average),false
1788764216.895,53.090,0.005,-0.670,1.831,86.942,0.005,-0.667,1.832,86.948,-0.000,0.003,0.002,0.003,17,weighted_average,kalman(weighted_average),false
1788764216.959,53.153,0.014,-0.705,1.842,86.507,0.010,-0.699,1.838,86.669,-0.005,0.006,-0.003,0.008,17,weighted_average,kalman(weighted_average),false
1788764217.009,53.203,-0.003,-0.708,1.837,86.803,0.001,-0.711,1.838,86.716,0.004,-0.004,0.001,0.006,17,weighted_average,kalman(weighted_average),false
1788764217.062,53.256,-0.005,-0.719,1.852,86.791,-0.004,-0.722,1.847,86.744,0.001,-0.004,-0.005,0.006,17,weighted_average,kalman(weighted_average),false
1788764217.192,53.386,-0.017,-0.739,1.836,86.878,-0.017,-0.742,1.839,86.842,-0.000,-0.003,0.003,0.004,17,weighted_average,kalman(weighted_average),false
1788764217.242,53.436,-0.015,-0.764,1.838,86.689,-0.017,-0.759,1.837,86.761,-0.002,0.005,-0.001,0.005,17,weighted_average,kalman(weighted_average),false
1788764217.292,53.486,-0.012,-0.776,1.840,86.565,-0.015,-0.774,1.838,86.647,-0.003,0.002,-0.002,0.004,17,weighted_average,kalman(weighted_average),false
1788764217.346,53.540,-0.020,-0.782,1.829,86.726,-0.019,-0.784,1.832,86.668,0.002,-0.003,0.003,0.004,17,weighted_average,kalman(weighted_average),false
1788764217.510,53.705,-0.026,-0.818,1.837,86.689,-0.026,-0.819,1.836,86.675,0.000,-0.000,-0.001,0.001,17,weighted_average,kalman(weighted_average),false
1788764217.566,53.760,-0.027,-0.836,1.826,86.616,-0.027,-0.834,1.830,86.638,-0.001,0.002,0.004,0.004,17,weighted_average,kalman(weighted_average),false
1788764217.617,53.811,-0.023,-0.852,1.815,86.500,-0.025,-0.850,1.820,86.553,-0.002,0.002,0.005,0.006,17,weighted_average,kalman(weighted_average),false
1788764217.713,53.907,-0.044,-0.825,1.773,87.986,-0.040,-0.836,1.781,87.531,0.004,-0.011,0.008,0.015,18,weighted_average,kalman(weighted_average),false
1788764217.985,54.179,-0.698,-0.490,1.036,97.224,-0.040,-0.836,1.781,96.481,0.658,-0.346,0.745,1.053,3,weighted_average,kalman(weighted_average),true
1788764218.079,54.273,-0.606,-0.484,1.553,96.147,-0.597,-0.490,1.557,97.370,0.009,-0.006,0.004,0.012,3,weighted_average,kalman(weighted_average),false
1788764218.180,54.374,-0.051,-0.927,1.761,87.979,-0.597,-0.490,1.557,90.843,-0.546,0.438,-0.204,0.729,18,weighted_average,kalman(weighted_average),true
1788764218.382,54.576,-0.049,-0.981,1.778,87.946,-0.059,-0.972,1.774,87.596,-0.011,0.009,-0.004,0.015,18,weighted_average,kalman(weighted_average),false
1788764218.466,54.661,-0.033,-0.979,1.763,87.592,-0.002,-1.011,1.779,87.331,0.032,-0.031,0.017,0.048,18,weighted_average,kalman(weighted_average),false
1788764218.536,54.731,-0.047,-1.019,1.776,87.603,-0.018,-1.031,1.781,87.354,0.029,-0.012,0.005,0.032,18,weighted_average,kalman(weighted_average),false
1788764218.685,54.879,-0.050,-1.057,1.787,87.582,-0.043,-1.062,1.788,87.464,0.007,-0.005,0.001,0.008,18,weighted_average,kalman(weighted_average),false
1788764218.745,54.939,-0.050,-1.057,1.787,87.582,-0.052,-1.061,1.788,87.555,-0.002,-0.004,0.001,0.005,18,weighted_average,kalman(weighted_average),false
1788764218.849,55.043,-0.051,-1.067,1.781,87.556,-0.054,-1.068,1.782,87.582,-0.004,-0.000,0.001,0.004,18,weighted_average,kalman(weighted_average),false
1788764219.098,55.292,-0.021,-1.061,1.811,87.319,-0.023,-1.062,1.809,87.350,-0.002,-0.001,-0.002,0.003,18,weighted_average,kalman(weighted_average),false
1788764219.176,55.370,-0.062,-1.114,1.776,87.725,-0.050,-1.102,1.786,87.593,0.012,0.012,0.010,0.020,18,weighted_average,kalman(weighted_average),false
1788764219.269,55.463,-0.460,-0.690,1.765,94.250,-0.050,-1.102,1.786,92.496,0.410,-0.412,0.022,0.582,3,weighted_average,kalman(weighted_average),true
1788764219.441,55.635,-0.060,-1.119,1.782,87.629,-0.059,-1.119,1.782,88.881,0.000,0.001,0.000,0.001,18,weighted_average,kalman(weighted_average),false
1788764219.500,55.695,-0.062,-1.127,1.782,87.605,-0.062,-1.126,1.781,87.526,-0.000,0.001,-0.000,0.001,18,weighted_average,kalman(weighted_average),false
1788764219.545,55.739,-0.058,-1.126,1.782,87.565,-0.060,-1.128,1.782,87.076,-0.002,-0.002,-0.001,0.003,18,weighted_average,kalman(weighted_average),false
1788764219.622,55.817,-0.058,-1.126,1.782,87.565,-0.059,-1.128,1.782,86.843,-0.001,-0.002,-0.000,0.002,18,weighted_average,kalman(weighted_average),false
1788764219.787,55.981,-0.057,-1.128,1.788,87.557,-0.057,-1.128,1.788,87.216,-0.000,-0.000,-0.000,0.001,18,weighted_average,kalman(weighted_average),false
1788764219.835,56.029,-0.071,-1.127,1.805,87.855,-0.066,-1.127,1.800,87.676,0.004,-0.000,-0.005,0.007,18,weighted_average,kalman(weighted_average),false
1788764219.883,56.077,-0.071,-1.127,1.805,87.855,-0.070,-1.127,1.806,87.888,0.000,0.000,0.001,0.001,18,weighted_average,kalman(weighted_average),false
1788764219.941,56.136,-0.071,-1.127,1.805,87.855,-0.072,-1.127,1.808,87.996,-0.001,0.000,0.003,0.003,18,weighted_average,kalman(weighted_average),false
1788764220.067,56.261,1.193,-0.768,0.851,71.109,-0.072,-1.127,1.808,75.084,-1.265,-0.359,0.957,1.626,15,weighted_average,kalman(weighted_average),true
1788764220.123,56.318,-0.140,-0.813,2.130,88.470,-0.135,-0.836,2.107,81.762,0.005,-0.023,-0.023,0.033,15,weighted_average,kalman(weighted_average),false
1788764220.167,56.361,-0.140,-0.813,2.130,88.470,-0.144,-0.793,2.151,85.297,-0.004,0.020,0.021,0.030,15,weighted_average,kalman(weighted_average),false
1788764220.221,56.415,-0.140,-0.813,2.130,88.470,-0.148,-0.774,2.170,87.546,-0.008,0.039,0.040,0.057,15,weighted_average,kalman(weighted_average),false
1788764220.415,56.609,-0.140,-0.813,2.130,88.470,-0.143,-0.800,2.143,88.995,-0.003,0.013,0.013,0.019,15,weighted_average,kalman(weighted_average),false
1788764220.543,56.737,1.218,-0.796,0.801,70.713,-0.143,-0.800,2.143,73.688,-1.360,-0.004,1.342,1.911,15,weighted_average,kalman(weighted_average),true
1788764220.717,56.911,0.601,-0.752,1.697,78.671,0.588,-0.752,1.705,76.386,-0.013,-0.001,0.008,0.015,15,weighted_average,kalman(weighted_average),false
1788764220.785,56.980,0.348,-0.825,2.179,81.843,0.588,-0.752,1.705,80.670,0.240,0.072,-0.475,0.537,15,weighted_average,kalman(weighted_average),true
1788764220.869,57.063,-0.123,-0.915,2.024,88.412,0.588,-0.752,1.705,87.136,0.711,0.162,-0.319,0.796,15,weighted_average,kalman(weighted_average),true
1788764221.081,57.275,-0.302,-1.124,2.040,91.114,-0.291,-1.119,2.036,91.865,0.011,0.004,-0.004,0.012,7,weighted_average,kalman(weighted_average),false
1788764221.130,57.325,-0.333,-1.150,1.978,91.652,-0.368,-1.161,2.012,91.988,-0.035,-0.011,0.034,0.050,7,weighted_average,kalman(weighted_average),false
1788764221.212,57.406,-0.044,-1.299,1.763,87.282,-0.368,-1.161,2.012,89.020,-0.324,0.138,0.249,0.432,18,weighted_average,kalman(weighted_average),true
1788764221.258,57.453,-0.044,-1.318,1.766,87.320,-0.076,-1.303,1.790,87.710,-0.032,0.015,0.024,0.043,18,weighted_average,kalman(weighted_average),false
1788764221.395,57.589,-0.043,-1.325,1.759,87.329,-0.014,-1.338,1.738,86.834,0.029,-0.013,-0.021,0.039,18,weighted_average,kalman(weighted_average),false
1788764221.441,57.635,-0.043,-1.325,1.759,87.329,-0.028,-1.332,1.747,87.002,0.015,-0.008,-0.012,0.021,18,weighted_average,kalman(weighted_average),false
1788764221.496,57.690,-0.043,-1.332,1.760,87.353,-0.037,-1.333,1.754,87.119,0.007,-0.002,-0.006,0.009,18,weighted_average,kalman(weighted_average),false
1788764221.535,57.729,0.434,-1.151,2.257,81.693,-0.037,-1.333,1.754,84.339,-0.470,-0.182,-0.503,0.712,3,weighted_average,kalman(weighted_average),true
1788764221.661,57.855,0.476,-1.185,2.281,81.047,-0.037,-1.333,1.754,81.206,-0.513,-0.149,-0.527,0.750,3,weighted_average,kalman(weighted_average),true
1788764221.727,57.921,0.458,-1.233,2.425,81.169,0.434,-1.238,2.392,80.637,-0.024,-0.005,-0.033,0.041,3,weighted_average,kalman(weighted_average),false
1788764221.790,57.984,0.449,-1.222,2.380,81.397,0.490,-1.218,2.446,80.697,0.041,0.005,0.066,0.078,3,weighted_average,kalman(weighted_average),false
1788764221.875,58.070,0.373,-1.212,2.385,82.590,0.434,-1.205,2.440,81.711,0.060,0.007,0.055,0.082,3,weighted_average,kalman(weighted_average),false
1788764222.066,58.260,0.385,-1.145,1.896,85.347,0.387,-1.146,1.929,85.037,0.002,-0.001,0.034,0.034,3,weighted_average,kalman(weighted_average),false
1788764222.122,58.317,0.242,-1.146,1.991,88.158,0.278,-1.140,1.913,87.498,0.036,0.005,-0.078,0.087,3,weighted_average,kalman(weighted_average),false
1788764222.666,58.861,-0.645,-1.509,1.516,104.469,-0.613,-1.490,1.515,103.514,0.032,0.019,-0.001,0.038,3,weighted_average,kalman(weighted_average),false
1788764222.729,58.923,-0.097,-1.512,1.645,95.724,-0.613,-1.490,1.515,99.959,-0.516,0.022,-0.130,0.533,3,weighted_average,kalman(weighted_average),true
1788764222.821,59.015,-0.379,-1.514,1.506,100.255,-0.399,-1.512,1.506,100.836,-0.020,0.002,0.001,0.020,3,weighted_average,kalman(weighted_average),false
1788764223.041,59.236,-0.473,-1.601,1.844,102.047,-0.458,-1.598,1.828,102.212,0.015,0.003,-0.016,0.022,3,weighted_average,kalman(weighted_average),false
1788764223.110,59.304,-0.073,-1.622,1.895,95.432,-0.458,-1.598,1.828,97.546,-0.385,0.024,-0.068,0.392,3,weighted_average,kalman(weighted_average),true
1788764223.183,59.377,-0.172,-1.635,2.035,97.206,-0.200,-1.631,2.015,96.596,-0.028,0.004,-0.020,0.035,3,weighted_average,kalman(weighted_average),false
1788764223.337,59.531,-0.517,-1.631,1.136,102.585,-0.200,-1.631,2.015,101.189,0.317,0.000,0.879,0.934,3,weighted_average,kalman(weighted_average),true
1788764223.429,59.624,-0.284,-1.604,1.446,98.794,-0.282,-1.605,1.464,100.050,0.003,-0.001,0.018,0.018,3,weighted_average,kalman(weighted_average),false
1788764223.526,59.721,-0.550,-1.628,1.208,103.101,-0.508,-1.622,1.205,102.419,0.041,0.007,-0.003,0.042,3,weighted_average,kalman(weighted_average),false
1788764223.674,59.868,-0.150,-1.659,1.957,96.371,-0.508,-1.622,1.205,97.682,-0.358,0.037,-0.752,0.833,3,weighted_average,kalman(weighted_average),true
1788764223.742,59.936,-0.114,-1.637,1.707,93.905,-0.129,-1.637,1.688,94.450,-0.015,0.001,-0.020,0.025,3|15,weighted_average,kalman(weighted_average),false
1788764223.792,59.987,-0.124,-1.635,1.566,93.992,-0.091,-1.637,1.651,93.398,0.033,-0.002,0.085,0.091,3|15,weighted_average,kalman(weighted_average),false
1788764223.868,60.063,0.005,-1.649,1.709,91.015,0.011,-1.647,1.720,91.007,0.006,0.002,0.011,0.012,15,weighted_average,kalman(weighted_average),false
1788764224.016,60.211,-0.162,-1.649,1.565,94.942,-0.125,-1.650,1.595,93.490,0.037,-0.001,0.030,0.048,3|15,weighted_average,kalman(weighted_average),false
1788764224.080,60.274,-0.028,-1.669,1.706,91.852,-0.075,-1.664,1.657,92.719,-0.047,0.005,-0.049,0.068,15,weighted_average,kalman(weighted_average),false
1788764224.171,60.365,-0.060,-1.653,1.644,93.353,-0.066,-1.658,1.648,93.259,-0.006,-0.005,0.003,0.008,3|15,weighted_average,kalman(weighted_average),false
1788764224.335,60.529,-0.058,-1.662,1.733,93.562,-0.058,-1.661,1.725,93.630,-0.000,0.001,-0.007,0.007,3|15,weighted_average,kalman(weighted_average),false
1788764224.388,60.582,-0.148,-1.653,1.668,95.122,-0.121,-1.656,1.695,94.637,0.028,-0.003,0.026,0.038,3|15,weighted_average,kalman(weighted_average),false
1788764224.443,60.637,-0.144,-1.645,1.639,95.037,-0.146,-1.648,1.658,95.064,-0.002,-0.003,0.020,0.020,3|15,weighted_average,kalman(weighted_average),false
1788764224.518,60.712,-0.057,-1.645,1.676,93.600,-0.093,-1.644,1.665,94.349,-0.035,0.001,-0.012,0.037,3|15,weighted_average,kalman(weighted_average),false
1788764224.681,60.875,-0.029,-1.647,1.743,94.166,-0.030,-1.646,1.736,94.166,-0.001,0.001,-0.007,0.007,3,weighted_average,kalman(weighted_average),false
1788764224.745,60.939,-0.037,-1.652,1.703,93.276,-0.028,-1.651,1.721,93.537,0.009,0.001,0.018,0.020,3|15,weighted_average,kalman(weighted_average),false
1788764224.815,61.009,-0.164,-1.651,1.664,95.407,-0.123,-1.652,1.682,94.634,0.041,-0.001,0.018,0.045,3|15,weighted_average,kalman(weighted_average),false
1788764224.902,61.096,-0.153,-1.627,1.654,95.193,-0.161,-1.633,1.655,95.158,-0.008,-0.006,0.000,0.010,3|15,weighted_average,kalman(weighted_average),false
1788764225.116,61.310,-0.105,-1.654,1.719,94.392,-0.112,-1.651,1.713,94.563,-0.008,0.002,-0.006,0.010,3|15,weighted_average,kalman(weighted_average),false
1788764225.173,61.368,-0.015,-1.656,1.720,91.912,-0.033,-1.658,1.726,92.687,-0.018,-0.002,0.007,0.020,15,weighted_average,kalman(weighted_average),false
1788764225.236,61.430,-0.119,-1.646,1.681,94.568,-0.075,-1.652,1.702,93.498,0.044,-0.007,0.021,0.049,3|15,weighted_average,kalman(weighted_average),false
1788764225.314,61.508,-0.158,-1.640,1.696,95.172,-0.135,-1.644,1.697,94.522,0.023,-0.004,0.001,0.024,3|15,weighted_average,kalman(weighted_average),false
1788764225.492,61.687,-0.050,-1.622,1.593,93.233,-0.061,-1.623,1.599,93.505,-0.011,-0.001,0.006,0.013,3|15,weighted_average,kalman(weighted_average),false
1788764225.584,61.778,-0.067,-1.638,1.748,93.516,-0.054,-1.633,1.710,93.353,0.013,0.005,-0.038,0.041,3|15,weighted_average,kalman(weighted_average),false
1788764225.675,61.869,-0.199,-1.629,1.579,95.633,-0.166,-1.631,1.618,94.930,0.033,-0.002,0.039,0.051,3|15,weighted_average,kalman(weighted_average),false
1788764225.854,62.049,-0.110,-1.601,1.561,95.048,-0.122,-1.602,1.558,95.213,-0.013,-0.002,-0.003,0.013,3,weighted_average,kalman(weighted_average),false
1788764225.942,62.136,-0.224,-1.649,1.800,96.023,-0.195,-1.637,1.750,95.836,0.029,0.012,-0.050,0.059,3|15,weighted_average,kalman(weighted_average),false
1788764226.039,62.233,0.002,-1.633,1.741,92.193,-0.042,-1.638,1.770,93.221,-0.044,-0.005,0.029,0.053,3|15,weighted_average,kalman(weighted_average),false
1788764226.200,62.394,-0.134,-1.623,1.665,94.380,-0.112,-1.625,1.679,93.889,0.022,-0.002,0.014,0.026,3|15,weighted_average,kalman(weighted_average),false
1788764226.248,62.442,-0.112,-1.626,1.681,94.042,-0.124,-1.624,1.669,94.066,-0.011,0.002,-0.012,0.017,3|15,weighted_average,kalman(weighted_average),false
1788764226.358,62.553,-0.167,-1.633,1.734,94.950,-0.169,-1.630,1.714,94.849,-0.003,0.003,-0.020,0.021,3|15,weighted_average,kalman(weighted_average),false
1788764226.603,62.798,-0.015,-1.607,1.597,93.342,-0.026,-1.609,1.605,93.575,-0.011,-0.001,0.008,0.014,3,weighted_average,kalman(weighted_average),false
1788764226.683,62.877,-0.116,-1.601,1.639,95.016,-0.078,-1.600,1.618,94.448,0.037,0.001,-0.022,0.043,3,weighted_average,kalman(weighted_average),false
1788764226.774,62.968,-0.151,-1.596,1.657,95.599,-0.138,-1.594,1.646,95.336,0.013,0.001,-0.011,0.017,3,weighted_average,kalman(weighted_average),false
1788764227.020,63.215,-0.464,-1.600,1.338,100.686,-0.454,-1.599,1.354,100.342,0.010,0.001,0.016,0.019,3,weighted_average,kalman(weighted_average),false
1788764227.110,63.305,-0.446,-1.606,1.743,100.558,-0.454,-1.599,1.354,101.126,-0.008,0.007,-0.389,0.390,3,weighted_average,kalman(weighted_average),true
1788764227.321,63.515,-0.005,-1.621,1.698,93.253,-0.014,-1.620,1.691,94.173,-0.009,0.000,-0.007,0.012,3,weighted_average,kalman(weighted_average),false
1788764227.403,63.597,-0.401,-1.600,1.342,99.713,-0.014,-1.620,1.691,97.335,0.386,-0.020,0.349,0.521,3,weighted_average,kalman(weighted_average),true
1788764227.482,63.676,-0.191,-1.610,1.770,96.385,-0.180,-1.611,1.765,96.722,0.011,-0.001,-0.005,0.012,3,weighted_average,kalman(weighted_average),false
1788764227.688,63.882,-0.050,-1.644,1.674,92.141,-0.066,-1.642,1.682,92.487,-0.016,0.002,0.008,0.018,15,weighted_average,kalman(weighted_average),false
1788764227.787,63.981,-0.199,-1.608,1.699,96.530,-0.159,-1.617,1.685,95.117,0.040,-0.009,-0.015,0.044,3,weighted_average,kalman(weighted_average),false
1788764227.869,64.064,-0.074,-1.619,1.652,94.443,-0.103,-1.615,1.657,94.848,-0.028,0.003,0.005,0.029,3,weighted_average,kalman(weighted_average),false
1788764228.030,64.224,-0.037,-1.652,1.676,92.893,-0.038,-1.648,1.671,93.205,-0.001,0.004,-0.005,0.006,3|15,weighted_average,kalman(weighted_average),false
1788764228.111,64.305,-0.043,-1.651,1.614,92.079,-0.035,-1.655,1.629,92.152,0.008,-0.004,0.015,0.017,15,weighted_average,kalman(weighted_average),false
1788764228.192,64.387,-0.130,-1.646,1.635,94.457,-0.105,-1.650,1.628,93.473,0.025,-0.005,-0.007,0.026,3|15,weighted_average,kalman(weighted_average),false
1788764228.360,64.555,-0.138,-1.649,1.600,94.591,-0.142,-1.649,1.601,94.530,-0.004,-0.000,0.001,0.004,3|15,weighted_average,kalman(weighted_average),false
1788764228.410,64.604,-0.251,-1.648,1.613,96.473,-0.219,-1.648,1.607,95.884,0.032,-0.000,-0.007,0.032,3|15,weighted_average,kalman(weighted_average),false
1788764228.460,64.654,-0.086,-1.657,1.501,93.715,-0.148,-1.654,1.538,94.933,-0.062,0.004,0.037,0.072,3|15,weighted_average,kalman(weighted_average),false
1788764228.517,64.711,-0.097,-1.651,1.613,93.898,-0.110,-1.653,1.574,94.379,-0.013,-0.002,-0.040,0.042,3|15,weighted_average,kalman(weighted_average),false
1788764228.650,64.845,-0.158,-1.650,1.621,94.930,-0.144,-1.651,1.614,94.729,0.015,-0.001,-0.006,0.016,3|15,weighted_average,kalman(weighted_average),false
1788764228.723,64.917,-0.250,-1.659,1.680,96.521,-0.230,-1.657,1.670,96.015,0.020,0.002,-0.010,0.022,3|15,weighted_average,kalman(weighted_average),false
1788764228.801,64.995,-0.156,-1.656,1.682,94.934,-0.191,-1.657,1.691,95.538,-0.035,-0.001,0.009,0.036,3|15,weighted_average,kalman(weighted_average),false
1788764228.952,65.146,-0.013,-1.663,1.643,91.624,-0.029,-1.663,1.653,92.274,-0.016,0.000,0.010,0.019,15,weighted_average,kalman(weighted_average),false
1788764228.993,65.188,0.029,-1.657,1.571,92.823,0.027,-1.660,1.594,92.254,-0.002,-0.003,0.023,0.023,3,weighted_average,kalman(weighted_average),false
1788764229.048,65.242,0.029,-1.657,1.571,92.823,0.053,-1.658,1.564,92.238,0.024,-0.001,-0.006,0.025,3,weighted_average,kalman(weighted_average),false
1788764229.106,65.300,-0.092,-1.665,1.675,93.916,-0.024,-1.662,1.624,92.984,0.068,0.003,-0.052,0.085,3|15,weighted_average,kalman(weighted_average),false
1788764229.256,65.451,0.008,-1.671,1.669,92.245,0.000,-1.671,1.667,92.376,-0.007,0.001,-0.002,0.007,3|15,weighted_average,kalman(weighted_average),false
1788764229.337,65.531,-0.164,-1.671,1.692,95.155,-0.125,-1.672,1.692,94.292,0.039,-0.001,0.000,0.039,3|15,weighted_average,kalman(weighted_average),false
1788764229.439,65.633,-0.085,-1.666,1.638,93.831,-0.109,-1.668,1.653,94.233,-0.025,-0.001,0.015,0.029,3|15,weighted_average,kalman(weighted_average),false
1788764229.632,65.826,-0.363,-1.666,1.428,98.415,-0.351,-1.666,1.437,98.087,0.012,0.000,0.009,0.015,3|15,weighted_average,kalman(weighted_average),false
1788764229.721,65.916,0.014,-1.658,1.789,93.169,-0.351,-1.666,1.437,94.841,-0.365,-0.008,-0.352,0.507,3,weighted_average,kalman(weighted_average),true
1788764229.813,66.007,-0.029,-1.660,1.691,92.895,-0.049,-1.660,1.676,93.096,-0.019,-0.000,-0.015,0.025,3|15,weighted_average,kalman(weighted_average),false
1788764229.975,66.169,-0.106,-1.650,1.683,94.198,-0.080,-1.650,1.699,93.695,0.026,-0.000,0.016,0.030,3|15,weighted_average,kalman(weighted_average),false
1788764230.062,66.257,-0.010,-1.644,1.714,92.606,-0.033,-1.644,1.710,92.973,-0.023,0.000,-0.005,0.023,3|15,weighted_average,kalman(weighted_average),false
1788764230.151,66.345,-0.034,-1.629,1.639,92.986,-0.030,-1.631,1.654,92.904,0.004,-0.002,0.016,0.016,3|15,weighted_average,kalman(weighted_average),false
1788764230.300,66.495,-0.021,-1.641,1.646,92.795,-0.021,-1.638,1.641,92.771,0.000,0.003,-0.005,0.006,3|15,weighted_average,kalman(weighted_average),false
1788764230.362,66.557,-0.029,-1.638,1.682,92.899,-0.026,-1.639,1.670,92.838,0.003,-0.001,-0.012,0.012,3|15,weighted_average,kalman(weighted_average),false
1788764230.451,66.645,-0.015,-1.646,1.742,92.689,-0.018,-1.645,1.731,92.732,-0.003,0.001,-0.011,0.011,3|15,weighted_average,kalman(weighted_average),false
1788764230.596,66.790,0.079,-1.645,1.776,92.094,0.070,-1.646,1.779,92.180,-0.009,-0.001,0.004,0.010,3,weighted_average,kalman(weighted_average),false
1788764230.647,66.842,-0.480,-1.623,1.783,101.447,0.070,-1.646,1.779,97.989,0.551,-0.022,-0.004,0.551,3,weighted_average,kalman(weighted_average),true
1788764230.725,66.919,-0.305,-1.640,1.743,97.500,-0.260,-1.640,1.747,98.680,0.045,-0.001,0.004,0.046,3|15,weighted_average,kalman(weighted_average),false
1788764230.840,67.034,-0.100,-1.646,1.831,94.113,-0.164,-1.644,1.814,95.777,-0.064,0.001,-0.017,0.066,3|15,weighted_average,kalman(weighted_average),false
1788764231.015,67.210,-0.443,-1.606,1.728,100.732,-0.420,-1.609,1.739,99.923,0.023,-0.003,0.011,0.026,3,weighted_average,kalman(weighted_average),false
1788764231.082,67.277,-0.126,-1.616,1.815,95.514,-0.420,-1.609,1.739,97.408,-0.294,0.007,-0.077,0.304,3,weighted_average,kalman(weighted_average),true
1788764231.142,67.337,-0.121,-1.627,1.793,94.441,-0.156,-1.625,1.787,95.473,-0.035,0.002,-0.006,0.035,3|15,weighted_average,kalman(weighted_average),false
1788764231.196,67.390,-0.159,-1.631,1.801,95.072,-0.127,-1.631,1.802,94.884,0.032,0.000,0.001,0.032,3|15,weighted_average,kalman(weighted_average),false
1788764231.336,67.530,-0.429,-1.590,1.635,99.617,-0.371,-1.597,1.660,98.301,0.058,-0.007,0.025,0.063,3,weighted_average,kalman(weighted_average),false
1788764231.407,67.601,-0.419,-1.595,1.708,98.825,-0.445,-1.590,1.675,99.158,-0.026,0.005,-0.032,0.042,3,weighted_average,kalman(weighted_average),false
1788764231.493,67.687,-0.468,-1.606,1.778,99.197,-0.491,-1.599,1.748,99.638,-0.024,0.007,-0.029,0.038,3,weighted_average,kalman(weighted_average),false
1788764231.646,67.840,-0.384,-1.586,1.543,96.808,-0.404,-1.588,1.568,97.474,-0.021,-0.001,0.025,0.033,3,weighted_average,kalman(weighted_average),false
1788764231.716,67.910,-0.155,-1.606,1.739,92.523,-0.201,-1.600,1.673,93.729,-0.046,0.006,-0.066,0.081,3,weighted_average,kalman(weighted_average),false
1788764231.773,67.967,-0.034,-1.835,1.704,87.982,-0.051,-1.761,1.700,89.488,-0.016,0.074,-0.004,0.076,15|18,weighted_average,kalman(weighted_average),false
1788764231.840,68.035,-0.075,-1.780,1.673,88.446,-0.018,-1.804,1.690,87.553,0.056,-0.024,0.017,0.063,3|15|18,weighted_average,kalman(weighted_average),false
1788764232.016,68.210,0.020,-1.795,1.822,86.089,0.033,-1.808,1.814,85.387,0.013,-0.013,-0.008,0.020,3|15|18,weighted_average,kalman(weighted_average),false
1788764232.098,68.292,0.016,-1.813,1.807,86.271,0.019,-1.807,1.824,85.857,0.003,0.006,0.017,0.018,3|15|18,weighted_average,kalman(weighted_average),false
1788764232.192,68.386,0.059,-1.665,1.781,85.229,0.049,-1.690,1.796,85.384,-0.010,-0.026,0.015,0.031,15,weighted_average,kalman(weighted_average),false
1788764232.380,68.574,0.015,-1.832,1.831,86.807,0.019,-1.814,1.828,86.604,0.004,0.018,-0.003,0.018,3|15|18,weighted_average,kalman(weighted_average),false
1788764232.445,68.640,0.006,-1.827,1.802,87.030,0.004,-1.844,1.813,87.062,-0.001,-0.017,0.011,0.020,3|15|18,weighted_average,kalman(weighted_average),false
1788764232.540,68.734,-0.079,-1.817,1.652,88.521,-0.067,-1.837,1.684,88.319,0.012,-0.020,0.032,0.039,3|15|18,weighted_average,kalman(weighted_average),false
1788764232.711,68.905,0.042,-1.833,1.727,86.762,0.027,-1.835,1.711,87.176,-0.015,-0.001,-0.015,0.021,3|15|18,weighted_average,kalman(weighted_average),false
1788764232.783,68.978,0.021,-1.831,1.773,87.135,0.037,-1.831,1.767,86.978,0.016,-0.000,-0.006,0.017,3|15|18,weighted_average,kalman(weighted_average),false
1788764232.883,69.078,0.051,-1.891,1.787,86.137,0.056,-1.880,1.795,86.212,0.005,0.012,0.008,0.015,15|18,weighted_average,kalman(weighted_average),false
1788764233.095,69.289,0.024,-1.697,1.848,87.671,0.028,-1.708,1.849,87.429,0.003,-0.012,0.001,0.012,3|15,weighted_average,kalman(weighted_average),false
1788764233.167,69.361,0.134,-1.699,1.840,85.800,0.105,-1.679,1.846,86.445,-0.029,0.020,0.006,0.036,3|15,weighted_average,kalman(weighted_average),false
1788764233.247,69.442,-0.330,-1.734,1.528,93.638,0.105,-1.679,1.846,91.400,0.435,0.055,0.318,0.542,3|15,weighted_average,kalman(weighted_average),true
1788764233.416,69.610,0.120,-1.733,1.779,86.018,0.119,-1.731,1.781,87.401,-0.001,0.002,0.002,0.003,3|15,weighted_average,kalman(weighted_average),false
1788764233.491,69.686,-0.218,-1.726,1.472,91.738,0.119,-1.731,1.781,89.918,0.337,-0.005,0.309,0.457,3|15,weighted_average,kalman(weighted_average),true
1788764233.552,69.747,0.055,-1.752,1.844,87.102,0.061,-1.750,1.838,88.227,0.006,0.002,-0.006,0.009,3|15,weighted_average,kalman(weighted_average),false
1788764233.642,69.837,0.125,-1.754,1.798,84.920,0.104,-1.756,1.814,85.669,-0.021,-0.002,0.016,0.027,15,weighted_average,kalman(weighted_average),false
1788764233.849,70.043,0.090,-1.819,1.848,86.376,0.092,-1.817,1.846,85.934,0.003,0.002,-0.002,0.004,3|15,weighted_average,kalman(weighted_average),false
1788764233.914,70.108,0.046,-1.848,1.839,86.162,0.055,-1.847,1.845,86.223,0.009,0.001,0.006,0.011,15,weighted_average,kalman(weighted_average),false
1788764234.022,70.217,0.103,-1.847,1.837,86.057,0.088,-1.855,1.840,86.236,-0.015,-0.008,0.003,0.017,3|15,weighted_average,kalman(weighted_average),false
1788764234.205,70.399,0.067,-1.878,1.762,86.650,0.071,-1.878,1.766,86.638,0.004,0.000,0.004,0.005,3|15,weighted_average,kalman(weighted_average),false
1788764234.251,70.445,0.036,-1.927,1.784,86.328,0.045,-1.913,1.771,86.481,0.008,0.014,-0.014,0.021,15,weighted_average,kalman(weighted_average),false
1788764234.307,70.501,0.036,-1.927,1.784,86.328,0.033,-1.929,1.775,86.398,-0.004,-0.003,-0.009,0.011,15,weighted_average,kalman(weighted_average),false
1788764234.381,70.575,-0.301,-1.947,1.498,93.409,0.033,-1.929,1.775,90.893,0.333,0.017,0.277,0.434,3|15,weighted_average,kalman(weighted_average),true
1788764234.567,70.761,-0.317,-2.003,1.485,93.784,-0.305,-2.000,1.494,94.112,0.012,0.002,0.010,0.016,3|15,weighted_average,kalman(weighted_average),false
1788764234.675,70.869,-0.317,-2.003,1.485,93.784,-0.341,-2.008,1.464,94.166,-0.025,-0.005,-0.020,0.032,3|15,weighted_average,kalman(weighted_average),false
1788764234.792,70.986,-0.021,-2.014,1.820,88.362,-0.071,-2.015,1.767,89.627,-0.049,-0.001,-0.053,0.072,3|15,weighted_average,kalman(weighted_average),false
1788764234.955,71.149,0.054,-2.083,1.821,85.703,0.070,-2.079,1.844,85.613,0.015,0.004,0.023,0.028,15,weighted_average,kalman(weighted_average),false
1788764235.002,71.196,0.134,-2.115,1.881,85.110,0.123,-2.111,1.871,84.869,-0.011,0.005,-0.010,0.016,3|15,weighted_average,kalman(weighted_average),false
1788764235.052,71.247,-0.005,-2.124,1.848,87.766,0.056,-2.129,1.861,86.070,0.061,-0.005,0.014,0.063,3|15,weighted_average,kalman(weighted_average),false
1788764235.105,71.299,-0.006,-2.173,1.799,87.801,0.014,-2.166,1.823,86.935,0.020,0.007,0.025,0.032,3|15,weighted_average,kalman(weighted_average),false
1788764235.234,71.428,-0.012,-2.222,1.772,86.791,-0.017,-2.224,1.774,86.926,-0.005,-0.003,0.002,0.006,15,weighted_average,kalman(weighted_average),false
1788764235.285,71.480,-0.012,-2.217,1.806,87.871,-0.017,-2.226,1.790,87.519,-0.005,-0.010,-0.017,0.020,3|15,weighted_average,kalman(weighted_average),false
1788764235.331,71.525,-0.001,-2.223,1.794,87.699,-0.010,-2.229,1.791,87.709,-0.009,-0.006,-0.003,0.011,3|15,weighted_average,kalman(weighted_average),false
1788764235.383,71.577,-0.017,-2.230,1.761,88.049,-0.014,-2.233,1.772,87.997,0.003,-0.003,0.011,0.012,3|15,weighted_average,kalman(weighted_average),false
1788764235.429,71.623,-0.023,-2.258,1.795,88.166,-0.020,-2.250,1.781,88.191,0.003,0.008,-0.013,0.015,3|15,weighted_average,kalman(weighted_average),false
1788764235.556,71.751,-0.023,-2.258,1.795,88.166,-0.024,-2.261,1.792,88.316,-0.001,-0.003,-0.003,0.004,3|15,weighted_average,kalman(weighted_average),false
1788764235.611,71.805,0.001,-2.272,1.836,87.667,-0.007,-2.270,1.824,87.938,-0.008,0.002,-0.012,0.015,3|15,weighted_average,kalman(weighted_average),false
1788764235.669,71.863,0.021,-2.293,1.768,86.123,0.014,-2.288,1.793,86.818,-0.007,0.006,0.025,0.027,15,weighted_average,kalman(weighted_average),false
1788764235.719,71.913,-0.009,-2.300,1.799,87.873,0.005,-2.299,1.795,87.193,0.013,0.001,-0.004,0.014,3|15,weighted_average,kalman(weighted_average),false
1788764235.866,72.060,0.005,-2.346,1.736,87.611,0.006,-2.344,1.742,87.442,0.001,0.002,0.006,0.006,3|15,weighted_average,kalman(weighted_average),false
1788764235.941,72.135,0.063,-2.365,1.770,87.654,0.050,-2.366,1.757,87.630,-0.013,-0.001,-0.014,0.019,3,weighted_average,kalman(weighted_average),false
1788764236.013,72.207,0.052,-2.378,1.764,87.919,0.059,-2.381,1.761,87.874,0.006,-0.002,-0.002,0.007,3,weighted_average,kalman(weighted_average),false
1788764236.137,72.331,-0.041,-2.407,1.703,88.730,-0.023,-2.408,1.712,88.619,0.018,-0.000,0.009,0.020,3|15,weighted_average,kalman(weighted_average),false
1788764236.192,72.387,0.009,-2.430,1.758,87.673,-0.012,-2.427,1.737,88.131,-0.021,0.003,-0.020,0.029,3|15,weighted_average,kalman(weighted_average),false
1788764236.242,72.436,0.012,-2.441,1.742,87.641,-0.001,-2.441,1.741,87.851,-0.013,-0.000,-0.001,0.013,3|15,weighted_average,kalman(weighted_average),false
1788764236.289,72.483,-0.001,-2.444,1.710,87.949,-0.002,-2.448,1.724,87.856,-0.001,-0.004,0.013,0.014,3|15,weighted_average,kalman(weighted_average),false
1788764236.341,72.536,0.030,-2.464,1.733,87.289,0.017,-2.462,1.727,87.522,-0.013,0.002,-0.007,0.015,3|15,weighted_average,kalman(weighted_average),false
1788764236.469,72.663,0.026,-2.505,1.746,87.434,0.028,-2.503,1.742,87.357,0.001,0.002,-0.004,0.004,3|15,weighted_average,kalman(weighted_average),false
1788764236.518,72.712,0.022,-2.516,1.719,87.561,0.025,-2.517,1.729,87.452,0.003,-0.001,0.010,0.010,3|15,weighted_average,kalman(weighted_average),false
1788764236.567,72.761,0.017,-2.525,1.723,87.703,0.021,-2.528,1.724,87.586,0.003,-0.003,0.001,0.005,3|15,weighted_average,kalman(weighted_average),false
1788764236.623,72.817,-0.024,-2.528,1.722,88.638,-0.008,-2.534,1.721,88.189,0.016,-0.005,-0.000,0.017,3|15,weighted_average,kalman(weighted_average),false
1788764236.757,72.951,0.034,-2.572,1.710,86.128,0.023,-2.570,1.710,86.712,-0.010,0.002,0.000,0.011,15,weighted_average,kalman(weighted_average),false
1788764236.807,73.001,0.036,-2.595,1.733,87.403,0.036,-2.591,1.724,86.951,0.001,0.003,-0.009,0.009,3|15,weighted_average,kalman(weighted_average),false
1788764236.863,73.057,0.009,-2.593,1.719,88.035,0.024,-2.599,1.723,87.478,0.015,-0.006,0.003,0.016,3|15,weighted_average,kalman(weighted_average),false
1788764236.920,73.114,0.034,-2.604,1.727,87.459,0.031,-2.607,1.726,87.492,-0.003,-0.003,-0.001,0.005,3|15,weighted_average,kalman(weighted_average),false
1788764237.125,73.319,0.027,-2.662,1.705,86.233,0.028,-2.661,1.707,86.374,0.001,0.001,0.002,0.002,15,weighted_average,kalman(weighted_average),false
1788764237.181,73.375,-0.010,-2.669,1.741,88.426,0.000,-2.672,1.729,87.598,0.010,-0.003,-0.013,0.016,3|15,weighted_average,kalman(weighted_average),false
1788764237.226,73.420,0.035,-2.687,1.709,87.343,0.017,-2.686,1.718,87.536,-0.018,0.002,0.009,0.020,3|15,weighted_average,kalman(weighted_average),false
1788764237.278,73.473,-0.001,-2.703,1.709,88.257,0.006,-2.702,1.712,87.989,0.007,0.001,0.003,0.008,3|15,weighted_average,kalman(weighted_average),false
1788764237.329,73.524,0.008,-2.709,1.714,88.015,0.005,-2.712,1.712,88.115,-0.003,-0.003,-0.002,0.005,3|15,weighted_average,kalman(weighted_average),false
1788764237.463,73.657,-0.009,-2.736,1.710,88.417,-0.008,-2.738,1.709,88.466,0.001,-0.001,-0.001,0.002,3|15,weighted_average,kalman(weighted_average),false
1788764237.527,73.721,0.010,-2.758,1.693,87.995,0.004,-2.756,1.697,88.212,-0.007,0.002,0.004,0.008,3|15,weighted_average,kalman(weighted_average),false
1788764237.600,73.794,0.028,-2.769,1.709,87.554,0.022,-2.770,1.704,87.775,-0.005,-0.001,-0.005,0.008,3|15,weighted_average,kalman(weighted_average),false
1788764237.677,73.871,0.021,-2.795,1.733,87.775,0.025,-2.793,1.725,87.692,0.004,0.002,-0.007,0.009,3|15,weighted_average,kalman(weighted_average),false
1788764237.865,74.059,0.043,-2.842,1.713,87.299,0.043,-2.842,1.716,87.300,-0.000,-0.000,0.003,0.003,3|15,weighted_average,kalman(weighted_average),false
1788764238.007,74.201,0.050,-2.868,1.701,87.170,0.050,-2.869,1.701,87.146,0.001,-0.001,-0.000,0.001,3|15,weighted_average,kalman(weighted_average),false
1788764238.210,74.405,0.037,-2.922,1.690,87.554,0.038,-2.922,1.689,87.504,0.001,0.001,-0.000,0.001,3|15,weighted_average,kalman(weighted_average),false
1788764238.292,74.486,0.041,-2.943,1.675,87.483,0.039,-2.943,1.678,87.537,-0.002,-0.001,0.002,0.003,3|15,weighted_average,kalman(weighted_average),false
1788764238.377,74.572,0.018,-2.959,1.683,88.153,0.022,-2.960,1.680,88.008,0.004,-0.002,-0.003,0.005,3|15,weighted_average,kalman(weighted_average),false
1788764238.612,74.807,0.052,-3.022,1.667,87.273,0.049,-3.021,1.668,87.403,-0.003,0.001,0.000,0.003,3|15,weighted_average,kalman(weighted_average),false
1788764238.706,74.900,0.051,-3.051,1.656,87.297,0.054,-3.051,1.657,87.225,0.004,-0.000,0.001,0.004,3|15,weighted_average,kalman(weighted_average),false
1788764238.788,74.982,0.047,-3.069,1.661,87.372,0.051,-3.071,1.658,87.262,0.003,-0.002,-0.003,0.005,3|15,weighted_average,kalman(weighted_average),false
1788764239.003,75.197,0.052,-3.133,1.644,87.102,0.052,-3.133,1.645,87.099,-0.000,0.000,0.000,0.001,3|15,weighted_average,kalman(weighted_average),false
1788764239.071,75.265,0.043,-3.146,1.656,87.337,0.046,-3.148,1.652,87.250,0.002,-0.002,-0.004,0.005,3|15,weighted_average,kalman(weighted_average),false
1788764239.118,75.312,0.045,-3.163,1.646,87.257,0.044,-3.162,1.648,87.267,-0.001,0.001,0.002,0.003,3|15,weighted_average,kalman(weighted_average),false
1788764239.203,75.397,0.046,-3.173,1.656,87.233,0.044,-3.177,1.653,87.260,-0.001,-0.003,-0.002,0.004,3|15,weighted_average,kalman(weighted_average),false
1788764239.413,75.607,0.045,-3.218,1.636,87.223,0.045,-3.218,1.637,87.230,-0.000,0.000,0.001,0.001,3|15,weighted_average,kalman(weighted_average),false
1788764239.482,75.676,0.045,-3.241,1.647,87.234,0.046,-3.239,1.642,87.228,0.000,0.002,-0.005,0.005,3|15,weighted_average,kalman(weighted_average),false
1788764239.551,75.745,0.043,-3.259,1.627,87.322,0.044,-3.258,1.631,87.287,0.001,0.000,0.004,0.004,3|15,weighted_average,kalman(weighted_average),false
1788764239.717,75.911,0.044,-3.300,1.641,87.297,0.044,-3.300,1.639,87.303,-0.000,-0.000,-0.002,0.002,3|15,weighted_average,kalman(weighted_average),false
1788764239.787,75.981,0.043,-3.308,1.641,87.303,0.044,-3.311,1.642,87.305,0.000,-0.002,0.001,0.002,3|15,weighted_average,kalman(weighted_average),false
1788764239.856,76.050,0.041,-3.323,1.644,87.334,0.042,-3.323,1.644,87.325,0.001,-0.000,0.001,0.001,3|15,weighted_average,kalman(weighted_average),false
1788764240.098,76.292,0.036,-3.337,1.646,87.429,0.036,-3.338,1.646,87.423,0.000,-0.001,0.000,0.001,3|15,weighted_average,kalman(weighted_average),false
1788764240.187,76.381,0.039,-3.335,1.660,87.276,0.038,-3.336,1.657,87.324,-0.001,-0.001,-0.003,0.003,3|15,weighted_average,kalman(weighted_average),false
1788764240.271,76.466,0.042,-3.336,1.654,87.147,0.041,-3.336,1.657,87.186,-0.001,0.000,0.002,0.002,3|15,weighted_average,kalman(weighted_average),false
1788764240.417,76.611,0.033,-3.336,1.658,87.452,0.034,-3.336,1.658,87.384,0.001,0.000,0.000,0.001,3|15,weighted_average,kalman(weighted_average),false
1788764240.505,76.700,0.033,-3.336,1.658,87.452,0.032,-3.336,1.658,87.462,-0.001,-0.000,0.000,0.001,3|15,weighted_average,kalman(weighted_average),false
1788764240.581,76.775,0.039,-3.333,1.658,87.269,0.037,-3.334,1.658,87.355,-0.002,-0.001,0.000,0.002,3|15,weighted_average,kalman(weighted_average),false
1788764240.756,76.951,0.045,-3.324,1.663,87.162,0.045,-3.324,1.663,87.180,-0.000,-0.000,-0.000,0.001,3|15,weighted_average,kalman(weighted_average),false
1788764240.824,77.018,0.049,-3.324,1.662,87.074,0.049,-3.323,1.663,87.084,-0.000,0.001,0.001,0.001,3|15,weighted_average,kalman(weighted_average),false
1788764240.870,77.064,0.049,-3.324,1.662,87.074,0.050,-3.323,1.663,87.054,0.001,0.001,0.001,0.001,3|15,weighted_average,kalman(weighted_average),false
1788764240.934,77.128,0.047,-3.322,1.657,87.141,0.049,-3.322,1.659,87.079,0.002,-0.000,0.002,0.003,3|15,weighted_average,kalman(weighted_average),false
1788764241.080,77.275,0.002,-3.321,1.659,86.919,0.007,-3.321,1.659,86.937,0.005,0.000,-0.000,0.005,15,weighted_average,kalman(weighted_average),false
1788764241.152,77.346,0.007,-3.317,1.666,86.741,0.001,-3.317,1.664,86.780,-0.006,-0.001,-0.002,0.006,15,weighted_average,kalman(weighted_average),false
1788764241.216,77.411,0.054,-3.317,1.660,87.016,0.035,-3.316,1.662,86.893,-0.019,0.000,0.002,0.019,3|15,weighted_average,kalman(weighted_average),false
1788764241.263,77.457,0.045,-3.311,1.672,87.343,0.045,-3.313,1.668,87.140,0.000,-0.002,-0.004,0.004,3|15,weighted_average,kalman(weighted_average),false
1788764241.402,77.596,0.050,-3.314,1.675,87.304,0.053,-3.313,1.676,87.319,0.003,0.001,0.000,0.003,3|15,weighted_average,kalman(weighted_average),false
1788764241.461,77.655,0.053,-3.315,1.684,87.223,0.054,-3.315,1.682,87.283,0.000,0.000,-0.001,0.002,3|15,weighted_average,kalman(weighted_average),false
1788764241.527,77.722,0.009,-3.319,1.678,86.906,0.022,-3.318,1.681,87.058,0.014,0.001,0.003,0.014,15,weighted_average,kalman(weighted_average),false
1788764241.634,77.829,0.051,-3.318,1.682,87.305,0.041,-3.319,1.683,87.203,-0.010,-0.001,0.000,0.010,3|15,weighted_average,kalman(weighted_average),false
1788764241.763,77.957,0.058,-3.318,1.677,87.068,0.058,-3.318,1.678,87.109,-0.000,-0.000,0.001,0.001,3|15,weighted_average,kalman(weighted_average),false
1788764241.812,78.006,0.010,-3.319,1.678,86.840,0.028,-3.318,1.677,86.933,0.017,0.000,-0.000,0.017,15,weighted_average,kalman(weighted_average),false
1788764241.923,78.117,0.010,-3.319,1.678,86.840,0.010,-3.318,1.677,86.820,-0.001,0.000,-0.001,0.001,15,weighted_average,kalman(weighted_average),false
1788764242.072,78.266,0.051,-3.320,1.691,87.323,0.045,-3.320,1.690,87.224,-0.006,0.000,-0.001,0.006,3|15,weighted_average,kalman(weighted_average),false
1788764242.210,78.404,0.051,-3.320,1.691,87.323,0.054,-3.320,1.692,87.361,0.003,-0.000,0.001,0.003,3|15,weighted_average,kalman(weighted_average),false
1788764242.368,78.562,0.049,-3.316,1.692,87.360,0.050,-3.316,1.692,87.383,0.001,-0.000,0.000,0.001,3|15,weighted_average,kalman(weighted_average),false
1788764242.441,78.636,0.055,-3.319,1.693,87.151,0.053,-3.318,1.693,87.221,-0.002,0.001,-0.000,0.002,3|15,weighted_average,kalman(weighted_average),false
1788764242.545,78.739,0.010,-3.324,1.689,86.812,0.018,-3.323,1.690,86.886,0.008,0.001,0.001,0.008,15,weighted_average,kalman(weighted_average),false
1788764242.767,78.961,0.047,-3.320,1.705,87.312,0.043,-3.320,1.705,87.233,-0.004,-0.000,-0.001,0.004,3|15,weighted_average,kalman(weighted_average),false
1788764242.850,79.044,0.001,-3.328,1.692,86.945,0.014,-3.326,1.696,87.074,0.013,0.002,0.004,0.014,15,weighted_average,kalman(weighted_average),false
1788764242.932,79.126,0.006,-3.323,1.688,86.707,0.005,-3.324,1.689,86.815,-0.001,-0.001,0.001,0.002,15,weighted_average,kalman(weighted_average),false
1788764243.136,79.330,0.033,-3.321,1.684,87.499,0.031,-3.321,1.684,87.407,-0.002,-0.000,-0.000,0.003,3|15,weighted_average,kalman(weighted_average),false
1788764243.211,79.405,0.034,-3.319,1.683,87.437,0.037,-3.319,1.683,87.512,0.003,0.000,0.000,0.003,3|15,weighted_average,kalman(weighted_average),false
1788764243.276,79.471,0.042,-3.320,1.679,87.175,0.043,-3.320,1.680,87.353,0.001,0.001,0.001,0.002,3|15,weighted_average,kalman(weighted_average),false
1788764243.462,79.656,0.034,-3.319,1.670,87.480,0.036,-3.319,1.670,87.472,0.002,0.000,0.000,0.002,3|15,weighted_average,kalman(weighted_average),false
1788764243.521,79.715,0.040,-3.324,1.670,87.295,0.037,-3.323,1.669,87.367,-0.003,0.001,-0.001,0.003,3|15,weighted_average,kalman(weighted_average),false
1788764243.588,79.783,0.036,-3.321,1.668,87.446,0.036,-3.322,1.667,87.410,-0.000,-0.001,-0.000,0.001,3|15,weighted_average,kalman(weighted_average),false
1788764243.756,79.950,0.039,-3.319,1.667,87.400,0.038,-3.320,1.666,87.404,-0.001,-0.000,-0.000,0.001,3|15,weighted_average,kalman(weighted_average),false
1788764243.847,80.042,0.035,-3.319,1.671,87.533,0.036,-3.319,1.670,87.501,0.001,0.000,-0.001,0.001,3|15,weighted_average,kalman(weighted_average),false
1788764243.935,80.129,0.043,-3.321,1.671,87.306,0.041,-3.321,1.672,87.375,-0.002,0.001,0.000,0.002,3|15,weighted_average,kalman(weighted_average),false
1788764244.094,80.289,0.047,-3.320,1.686,87.197,0.047,-3.320,1.685,87.209,-0.000,-0.000,-0.001,0.001,3|15,weighted_average,kalman(weighted_average),false
1788764244.164,80.359,0.052,-3.321,1.687,87.067,0.052,-3.321,1.688,87.087,-0.001,0.000,0.001,0.001,3|15,weighted_average,kalman(weighted_average),false
1788764244.238,80.432,0.052,-3.324,1.681,87.080,0.053,-3.323,1.684,87.049,0.001,0.001,0.003,0.003,3|15,weighted_average,kalman(weighted_average),false
1788764244.427,80.621,0.048,-3.322,1.695,87.320,0.048,-3.322,1.695,87.274,0.001,-0.000,-0.001,0.001,3|15,weighted_average,kalman(weighted_average),false
1788764244.489,80.683,0.009,-3.322,1.690,86.808,0.019,-3.322,1.692,86.987,0.009,0.000,0.003,0.010,15,weighted_average,kalman(weighted_average),false
1788764244.561,80.756,0.008,-3.323,1.691,86.890,0.005,-3.323,1.691,86.895,-0.002,0.001,0.001,0.003,15,weighted_average,kalman(weighted_average),false
1788764244.696,80.890,0.052,-3.320,1.696,87.257,0.043,-3.320,1.696,87.158,-0.009,-0.000,-0.001,0.009,3|15,weighted_average,kalman(weighted_average),false
1788764244.757,80.952,0.042,-3.315,1.694,87.580,0.048,-3.316,1.695,87.471,0.005,-0.001,0.001,0.006,3|15,weighted_average,kalman(weighted_average),false
1788764244.810,81.004,0.047,-3.315,1.701,87.429,0.051,-3.314,1.699,87.514,0.004,0.001,-0.002,0.004,3|15,weighted_average,kalman(weighted_average),false
1788764244.865,81.060,0.047,-3.315,1.701,87.429,0.051,-3.314,1.701,87.520,0.004,0.001,0.000,0.004,3|15,weighted_average,kalman(weighted_average),false
1788764244.979,81.174,0.009,-3.318,1.699,86.876,0.018,-3.317,1.700,87.088,0.009,0.001,0.001,0.009,15,weighted_average,kalman(weighted_average),false
1788764245.033,81.227,0.009,-3.318,1.699,86.876,0.007,-3.319,1.699,86.903,-0.002,-0.000,0.000,0.002,15,weighted_average,kalman(weighted_average),false
1788764245.097,81.292,0.003,-3.322,1.703,87.095,-0.001,-3.322,1.702,86.944,-0.004,0.001,-0.002,0.004,15,weighted_average,kalman(weighted_average),false
1788764245.151,81.346,0.003,-3.322,1.703,87.095,-0.002,-3.323,1.703,86.998,-0.005,-0.000,-0.000,0.005,15,weighted_average,kalman(weighted_average),false
1788764245.288,81.482,0.054,-3.315,1.709,87.177,0.045,-3.317,1.708,87.126,-0.009,-0.002,-0.000,0.009,3|15,weighted_average,kalman(weighted_average),false
1788764245.343,81.537,0.004,-3.318,1.701,87.023,0.023,-3.316,1.704,87.077,0.019,0.001,0.003,0.019,15,weighted_average,kalman(weighted_average),false
1788764245.391,81.585,0.051,-3.315,1.714,87.270,0.041,-3.315,1.710,87.190,-0.010,-0.000,-0.004,0.011,3|15,weighted_average,kalman(weighted_average),false
1788764245.445,81.640,0.056,-3.313,1.711,87.084,0.054,-3.313,1.712,87.153,-0.002,-0.000,0.000,0.002,3|15,weighted_average,kalman(weighted_average),false
1788764245.582,81.776,0.046,-3.306,1.725,87.377,0.050,-3.306,1.724,87.339,0.005,-0.000,-0.001,0.005,3|15,weighted_average,kalman(weighted_average),false
1788764245.631,81.825,0.046,-3.307,1.722,87.355,0.046,-3.306,1.724,87.373,0.001,0.001,0.002,0.002,3|15,weighted_average,kalman(weighted_average),false
1788764245.684,81.878,0.041,-3.306,1.716,87.505,0.041,-3.306,1.720,87.474,0.001,0.001,0.004,0.004,3|15,weighted_average,kalman(weighted_average),false
1788764245.732,81.927,0.039,-3.307,1.729,87.539,0.038,-3.306,1.725,87.540,-0.000,0.001,-0.004,0.004,3|15,weighted_average,kalman(weighted_average),false
1788764245.865,82.059,-0.002,-3.310,1.717,87.032,0.002,-3.309,1.719,87.187,0.004,0.001,0.002,0.005,15,weighted_average,kalman(weighted_average),false
1788764245.914,82.108,-0.007,-3.314,1.733,87.159,-0.009,-3.313,1.727,87.125,-0.002,0.001,-0.005,0.006,15,weighted_average,kalman(weighted_average),false
1788764245.974,82.168,-0.004,-3.314,1.736,87.031,-0.011,-3.315,1.734,87.022,-0.007,-0.001,-0.002,0.007,15,weighted_average,kalman(weighted_average),false
1788764246.032,82.226,0.046,-3.314,1.735,87.182,0.024,-3.315,1.736,87.069,-0.022,-0.001,0.001,0.022,3|15,weighted_average,kalman(weighted_average),false
1788764246.158,82.352,-0.002,-3.316,1.743,86.907,0.006,-3.316,1.743,86.922,0.008,-0.000,0.000,0.008,15,weighted_average,kalman(weighted_average),false
1788764246.224,82.418,-0.002,-3.315,1.737,86.892,-0.003,-3.315,1.740,86.877,-0.001,-0.001,0.002,0.003,15,weighted_average,kalman(weighted_average),false
1788764246.273,82.467,0.038,-3.316,1.745,87.387,0.021,-3.315,1.743,87.150,-0.017,0.000,-0.002,0.017,3|15,weighted_average,kalman(weighted_average),false
1788764246.323,82.517,0.039,-3.319,1.742,87.337,0.034,-3.318,1.743,87.282,-0.005,0.001,0.001,0.005,3|15,weighted_average,kalman(weighted_average),false
1788764246.443,82.638,0.033,-3.318,1.744,87.517,0.037,-3.318,1.744,87.513,0.004,-0.000,-0.000,0.004,3|15,weighted_average,kalman(weighted_average),false
1788764246.491,82.685,-0.007,-3.322,1.752,87.010,0.008,-3.321,1.750,87.248,0.015,0.001,-0.002,0.015,15,weighted_average,kalman(weighted_average),false
1788764246.545,82.740,-0.004,-3.320,1.749,86.938,-0.005,-3.321,1.750,87.056,-0.000,-0.001,0.001,0.002,15,weighted_average,kalman(weighted_average),false
1788764246.593,82.788,-0.006,-3.322,1.751,86.988,-0.010,-3.322,1.751,86.980,-0.004,0.000,0.000,0.004,15,weighted_average,kalman(weighted_average),false
1788764246.640,82.834,0.032,-3.317,1.756,87.550,0.011,-3.320,1.755,87.230,-0.021,-0.002,-0.002,0.022,3|15,weighted_average,kalman(weighted_average),false
1788764246.760,82.955,0.032,-3.317,1.754,87.586,0.029,-3.317,1.755,87.511,-0.002,-0.000,0.001,0.002,3|15,weighted_average,kalman(weighted_average),false
1788764246.810,83.004,-0.002,-3.321,1.752,86.884,0.011,-3.320,1.753,87.174,0.013,0.002,0.001,0.013,15,weighted_average,kalman(weighted_average),false
1788764246.878,83.072,-0.002,-3.321,1.752,86.884,-0.000,-3.321,1.752,86.966,0.002,0.000,-0.000,0.002,15,weighted_average,kalman(weighted_average),false
1788764246.920,83.114,-0.008,-3.323,1.742,87.116,-0.007,-3.322,1.745,87.005,0.001,0.000,0.004,0.004,15,weighted_average,kalman(weighted_average),false
1788764247.035,83.229,-0.008,-3.323,1.742,87.116,-0.011,-3.323,1.741,87.050,-0.003,-0.000,-0.001,0.003,15,weighted_average,kalman(weighted_average),false
1788764247.100,83.294,-0.008,-3.322,1.748,87.078,-0.009,-3.323,1.745,87.070,-0.002,-0.000,-0.003,0.003,15,weighted_average,kalman(weighted_average),false
1788764247.166,83.361,-0.008,-3.322,1.748,87.078,-0.008,-3.323,1.748,87.080,-0.000,-0.000,-0.000,0.001,15,weighted_average,kalman(weighted_average),false
1788764247.268,83.462,-0.006,-3.323,1.751,87.064,-0.006,-3.323,1.751,87.073,-0.000,0.000,-0.000,0.000,15,weighted_average,kalman(weighted_average),false
1788764247.411,83.605,0.035,-3.319,1.749,87.621,0.031,-3.319,1.750,87.531,-0.004,-0.000,0.001,0.004,3|15,weighted_average,kalman(weighted_average),false
1788764247.468,83.662,0.035,-3.319,1.749,87.621,0.038,-3.318,1.749,87.649,0.004,0.000,-0.000,0.004,3|15,weighted_average,kalman(weighted_average),false
1788764247.551,83.746,-0.008,-3.327,1.747,87.236,0.007,-3.324,1.747,87.434,0.015,0.002,0.000,0.015,15,weighted_average,kalman(weighted_average),false
1788764247.606,83.800,0.038,-3.318,1.745,87.557,0.024,-3.321,1.745,87.499,-0.014,-0.003,0.001,0.014,3|15,weighted_average,kalman(weighted_average),false
1788764247.867,84.061,-0.004,-3.327,1.752,87.204,-0.002,-3.327,1.751,87.237,0.002,0.000,-0.001,0.002,15,weighted_average,kalman(weighted_average),false
1788764247.935,84.129,0.004,-3.323,1.756,86.943,-0.001,-3.324,1.756,86.995,-0.005,-0.002,-0.000,0.005,15,weighted_average,kalman(weighted_average),false
1788764248.000,84.194,0.001,-3.325,1.753,87.089,-0.001,-3.325,1.755,86.996,-0.002,0.000,0.002,0.003,15,weighted_average,kalman(weighted_average),false
1788764248.168,84.363,0.046,-3.318,1.741,87.525,0.042,-3.319,1.743,87.424,-0.004,-0.001,0.001,0.004,3|15,weighted_average,kalman(weighted_average),false
1788764248.245,84.439,0.008,-3.319,1.743,87.002,0.021,-3.318,1.741,87.182,0.013,0.001,-0.002,0.013,15,weighted_average,kalman(weighted_average),false
1788764248.347,84.541,0.052,-3.317,1.742,87.425,0.046,-3.317,1.741,87.357,-0.007,0.000,-0.001,0.007,3|15,weighted_average,kalman(weighted_average),false
1788764248.541,84.735,0.009,-3.317,1.733,87.086,0.012,-3.317,1.733,87.129,0.004,0.000,0.000,0.004,15,weighted_average,kalman(weighted_average),false
1788764248.608,84.803,0.008,-3.318,1.726,87.127,0.004,-3.318,1.727,87.096,-0.004,-0.000,0.001,0.004,15,weighted_average,kalman(weighted_average),false
1788764248.681,84.875,0.009,-3.316,1.725,87.082,0.004,-3.317,1.724,87.061,-0.005,-0.000,-0.001,0.005,15,weighted_average,kalman(weighted_average),false
1788764248.862,85.056,0.050,-3.313,1.727,87.512,0.047,-3.313,1.726,87.446,-0.004,-0.000,-0.001,0.004,3|15,weighted_average,kalman(weighted_average),false
1788764248.941,85.136,0.012,-3.315,1.722,86.944,0.025,-3.314,1.724,87.134,0.013,0.001,0.001,0.013,15,weighted_average,kalman(weighted_average),false
1788764249.041,85.235,0.044,-3.312,1.721,87.717,0.039,-3.312,1.721,87.547,-0.005,-0.000,0.000,0.005,3|15,weighted_average,kalman(weighted_average),false
1788764249.233,85.427,0.052,-3.319,1.724,87.428,0.052,-3.318,1.724,87.483,0.000,0.000,-0.000,0.001,3|15,weighted_average,kalman(weighted_average),false
1788764249.325,85.519,0.011,-3.320,1.731,86.917,0.019,-3.321,1.730,87.032,0.008,-0.000,-0.001,0.008,15,weighted_average,kalman(weighted_average),false
1788764249.417,85.611,0.057,-3.324,1.741,87.251,0.045,-3.324,1.740,87.112,-0.012,0.000,-0.001,0.012,3|15,weighted_average,kalman(weighted_average),false
1788764249.625,85.819,0.049,-3.325,1.746,87.533,0.050,-3.326,1.746,87.485,0.001,-0.000,0.001,0.001,3|15,weighted_average,kalman(weighted_average),false
1788764249.709,85.903,0.007,-3.329,1.741,87.131,0.015,-3.328,1.742,87.271,0.008,0.001,0.001,0.008,15,weighted_average,kalman(weighted_average),false
1788764249.796,85.990,0.048,-3.326,1.753,87.593,0.035,-3.327,1.750,87.492,-0.013,-0.001,-0.003,0.013,3|15,weighted_average,kalman(weighted_average),false
1788764250.052,86.247,0.052,-3.329,1.747,87.517,0.052,-3.329,1.748,87.538,0.000,0.000,0.001,0.001,3|15,weighted_average,kalman(weighted_average),false
1788764250.135,86.329,0.018,-3.326,1.745,86.821,0.026,-3.327,1.745,87.004,0.008,-0.001,-0.000,0.008,15,weighted_average,kalman(weighted_average),false
1788764250.221,86.415,0.052,-3.325,1.745,87.551,0.043,-3.325,1.745,87.307,-0.009,-0.000,-0.001,0.009,3|15,weighted_average,kalman(weighted_average),false
1788764250.438,86.632,0.053,-3.328,1.738,87.566,0.053,-3.327,1.738,87.553,0.000,0.000,0.000,0.001,3|15,weighted_average,kalman(weighted_average),false
1788764250.520,86.715,0.046,-3.324,1.739,87.765,0.048,-3.326,1.738,87.740,0.002,-0.001,-0.001,0.002,3|15,weighted_average,kalman(weighted_average),false
1788764250.603,86.798,0.008,-3.332,1.733,87.185,0.016,-3.331,1.734,87.391,0.008,0.002,0.001,0.009,15,weighted_average,kalman(weighted_average),false
1788764250.881,87.075,0.047,-3.330,1.736,87.614,0.043,-3.330,1.735,87.567,-0.004,-0.000,-0.000,0.004,3|15,weighted_average,kalman(weighted_average),false
1788764250.983,87.177,-0.004,-3.338,1.732,87.484,0.008,-3.336,1.733,87.532,0.012,0.001,0.001,0.012,15,weighted_average,kalman(weighted_average),false
1788764251.183,87.378,0.045,-3.326,1.721,87.603,0.041,-3.327,1.721,87.600,-0.004,-0.001,0.000,0.004,3|15,weighted_average,kalman(weighted_average),false
1788764251.270,87.464,0.045,-3.324,1.725,87.588,0.049,-3.323,1.723,87.599,0.004,0.001,-0.002,0.005,3|15,weighted_average,kalman(weighted_average),false
1788764251.365,87.559,0.038,-3.323,1.723,87.794,0.043,-3.322,1.723,87.748,0.005,0.001,-0.000,0.005,3|15,weighted_average,kalman(weighted_average),false
1788764251.539,87.733,0.040,-3.322,1.717,87.740,0.040,-3.322,1.717,87.762,0.000,0.000,0.000,0.001,3|15,weighted_average,kalman(weighted_average),false
1788764251.616,87.810,-0.004,-3.330,1.716,87.340,0.005,-3.328,1.716,87.457,0.009,0.002,-0.001,0.009,15,weighted_average,kalman(weighted_average),false
1788764251.699,87.893,0.039,-3.326,1.715,87.770,0.026,-3.328,1.715,87.626,-0.013,-0.001,-0.000,0.013,3|15,weighted_average,kalman(weighted_average),false
1788764251.891,88.086,-0.003,-3.327,1.714,87.264,-0.000,-3.327,1.713,87.304,0.002,-0.000,-0.000,0.002,15,weighted_average,kalman(weighted_average),false
1788764251.982,88.177,-0.003,-3.326,1.711,87.288,-0.006,-3.326,1.711,87.247,-0.003,-0.000,0.000,0.003,15,weighted_average,kalman(weighted_average),false
1788764252.098,88.292,-0.001,-3.324,1.715,87.226,-0.004,-3.324,1.714,87.202,-0.002,-0.000,-0.001,0.002,15,weighted_average,kalman(weighted_average),false
1788764252.322,88.516,-0.005,-3.320,1.706,87.326,-0.005,-3.320,1.707,87.306,0.000,-0.000,0.000,0.001,15,weighted_average,kalman(weighted_average),false
1788764252.403,88.597,-0.001,-3.319,1.718,87.195,-0.002,-3.319,1.715,87.239,-0.001,0.000,-0.003,0.003,15,weighted_average,kalman(weighted_average),false
1788764252.493,88.687,-0.002,-3.316,1.709,87.238,-0.002,-3.316,1.711,87.235,0.000,-0.000,0.002,0.002,15,weighted_average,kalman(weighted_average),false
1788764252.733,88.927,0.036,-3.309,1.710,87.808,0.035,-3.310,1.710,87.757,-0.002,-0.000,-0.000,0.002,3|15,weighted_average,kalman(weighted_average),false
1788764252.823,89.017,0.037,-3.306,1.721,87.787,0.041,-3.306,1.719,87.848,0.004,-0.000,-0.002,0.004,3|15,weighted_average,kalman(weighted_average),false
1788764252.887,89.081,0.041,-3.309,1.710,87.677,0.043,-3.308,1.714,87.777,0.002,0.002,0.004,0.005,3|15,weighted_average,kalman(weighted_average),false
1788764253.105,89.299,0.045,-3.305,1.706,87.567,0.045,-3.305,1.706,87.595,0.001,-0.000,0.000,0.001,3|15,weighted_average,kalman(weighted_average),false
1788764253.193,89.388,0.037,-3.303,1.708,87.809,0.038,-3.303,1.707,87.730,0.001,-0.000,-0.001,0.002,3|15,weighted_average,kalman(weighted_average),false
1788764253.284,89.478,0.036,-3.305,1.708,87.837,0.035,-3.304,1.708,87.818,-0.001,0.001,-0.000,0.001,3|15,weighted_average,kalman(weighted_average),false
1788764253.510,89.705,-0.004,-3.312,1.713,87.281,-0.003,-3.311,1.712,87.341,0.001,0.000,-0.000,0.001,15,weighted_average,kalman(weighted_average),false
1788764253.598,89.792,-0.007,-3.316,1.708,87.431,-0.011,-3.316,1.709,87.344,-0.003,-0.000,0.001,0.003,15,weighted_average,kalman(weighted_average),false
1788764253.686,89.881,0.041,-3.317,1.719,87.667,0.028,-3.317,1.717,87.549,-0.013,-0.001,-0.002,0.013,3|15,weighted_average,kalman(weighted_average),false
1788764253.920,90.115,-0.007,-3.320,1.722,87.475,-0.003,-3.320,1.722,87.498,0.004,-0.000,0.000,0.004,15,weighted_average,kalman(weighted_average),false
1788764254.043,90.238,-0.010,-3.322,1.720,87.596,-0.014,-3.322,1.721,87.569,-0.004,0.000,0.000,0.004,15,weighted_average,kalman(weighted_average),false
1788764254.258,90.452,-0.013,-3.326,1.736,87.653,-0.013,-3.326,1.735,87.652,-0.001,0.000,-0.001,0.001,15,weighted_average,kalman(weighted_average),false
1788764254.341,90.535,0.033,-3.319,1.741,87.930,0.025,-3.321,1.742,87.868,-0.009,-0.002,0.000,0.009,3|15,weighted_average,kalman(weighted_average),false
1788764254.420,90.614,0.031,-3.320,1.743,87.980,0.036,-3.319,1.745,87.986,0.005,0.001,0.001,0.005,3|15,weighted_average,kalman(weighted_average),false
1788764254.588,90.783,-0.010,-3.326,1.755,87.428,-0.005,-3.325,1.755,87.531,0.006,0.001,-0.000,0.006,15,weighted_average,kalman(weighted_average),false
1788764254.665,90.859,0.038,-3.325,1.749,87.678,0.022,-3.326,1.751,87.572,-0.015,-0.001,0.002,0.015,3|15,weighted_average,kalman(weighted_average),false
1788764254.760,90.954,0.036,-3.325,1.752,87.738,0.035,-3.326,1.751,87.666,-0.001,-0.000,-0.000,0.001,3|15,weighted_average,kalman(weighted_average),false
1788764254.927,91.122,-0.014,-3.326,1.755,87.487,-0.009,-3.326,1.755,87.514,0.005,-0.000,-0.000,0.005,15,weighted_average,kalman(weighted_average),false
1788764254.988,91.183,-0.016,-3.327,1.756,87.545,-0.020,-3.327,1.756,87.516,-0.004,0.000,0.000,0.004,15,weighted_average,kalman(weighted_average),false
1788764255.076,91.270,-0.012,-3.321,1.749,87.380,-0.019,-3.323,1.751,87.406,-0.007,-0.001,0.002,0.007,15,weighted_average,kalman(weighted_average),false
1788764255.304,91.499,-0.011,-3.320,1.753,87.282,-0.012,-3.320,1.752,87.276,-0.001,0.000,-0.000,0.001,15,weighted_average,kalman(weighted_average),false
1788764255.395,91.589,0.019,-3.318,1.745,88.174,0.015,-3.318,1.747,87.949,-0.004,-0.000,0.002,0.005,3|15,weighted_average,kalman(weighted_average),false
1788764255.453,91.647,0.024,-3.323,1.747,87.997,0.025,-3.321,1.746,88.071,0.001,0.002,-0.001,0.002,3|15,weighted_average,kalman(weighted_average),false
1788764255.638,91.832,0.026,-3.331,1.739,87.912,0.028,-3.330,1.740,87.998,0.002,0.000,0.000,0.002,3|15,weighted_average,kalman(weighted_average),false
1788764255.722,91.916,0.025,-3.327,1.740,87.977,0.025,-3.329,1.739,87.959,-0.000,-0.002,-0.001,0.002,3|15,weighted_average,kalman(weighted_average),false
1788764255.822,92.016,-0.014,-3.331,1.727,87.436,-0.008,-3.331,1.729,87.548,0.006,0.000,0.002,0.006,15,weighted_average,kalman(weighted_average),false
1788764256.030,92.224,0.021,-3.336,1.728,88.178,0.017,-3.336,1.727,88.073,-0.004,0.000,-0.001,0.004,3|15,weighted_average,kalman(weighted_average),false
1788764256.099,92.294,0.024,-3.340,1.728,88.053,0.027,-3.340,1.728,88.136,0.003,0.000,-0.000,0.003,3|15,weighted_average,kalman(weighted_average),false
1788764256.158,92.352,0.022,-3.342,1.731,88.144,0.027,-3.342,1.730,88.193,0.005,-0.000,-0.001,0.005,3|15,weighted_average,kalman(weighted_average),false
1788764256.310,92.504,0.025,-3.350,1.718,88.066,0.027,-3.350,1.720,88.130,0.002,0.000,0.002,0.002,3|15,weighted_average,kalman(weighted_average),false
1788764256.380,92.574,-0.020,-3.356,1.723,87.741,-0.009,-3.355,1.720,87.850,0.011,0.001,-0.002,0.011,15,weighted_average,kalman(weighted_average),false
1788764256.455,92.649,0.029,-3.351,1.719,87.966,0.013,-3.353,1.719,87.875,-0.016,-0.002,-0.000,0.016,3|15,weighted_average,kalman(weighted_average),false
1788764256.640,92.834,-0.015,-3.355,1.712,87.524,-0.012,-3.355,1.712,87.545,0.002,0.000,0.000,0.002,15,weighted_average,kalman(weighted_average),false
1788764256.709,92.903,-0.015,-3.355,1.715,87.500,-0.018,-3.355,1.714,87.473,-0.003,-0.000,-0.001,0.003,15,weighted_average,kalman(weighted_average),false
1788764256.819,93.014,0.019,-3.352,1.716,88.290,0.011,-3.352,1.716,88.065,-0.008,-0.001,-0.000,0.008,3|15,weighted_average,kalman(weighted_average),false
1788764257.046,93.241,0.023,-3.356,1.708,88.171,0.024,-3.356,1.709,88.222,0.001,0.000,0.000,0.001,3|15,weighted_average,kalman(weighted_average),false
1788764257.130,93.325,0.026,-3.359,1.711,88.093,0.026,-3.359,1.710,88.131,-0.000,0.000,-0.001,0.001,3|15,weighted_average,kalman(weighted_average),false
1788764257.218,93.412,0.025,-3.357,1.706,88.136,0.025,-3.358,1.706,88.122,0.000,-0.001,0.001,0.001,3|15,weighted_average,kalman(weighted_average),false
1788764257.405,93.599,0.032,-3.364,1.707,87.928,0.032,-3.364,1.707,87.942,-0.000,0.000,-0.000,0.001,3|15,weighted_average,kalman(weighted_average),false
1788764257.501,93.695,-0.017,-3.366,1.707,87.713,-0.008,-3.366,1.708,87.742,0.009,-0.000,0.000,0.009,15,weighted_average,kalman(weighted_average),false
1788764257.584,93.778,-0.017,-3.365,1.702,87.713,-0.021,-3.366,1.703,87.680,-0.004,-0.001,0.001,0.004,15,weighted_average,kalman(weighted_average),false
1788764257.788,93.982,0.032,-3.364,1.717,87.985,0.028,-3.364,1.716,87.938,-0.004,-0.000,-0.001,0.004,3|15,weighted_average,kalman(weighted_average),false
1788764257.890,94.084,0.033,-3.367,1.710,87.980,0.039,-3.366,1.712,88.010,0.006,0.001,0.003,0.006,3|15,weighted_average,kalman(weighted_average),false
1788764257.974,94.168,-0.011,-3.368,1.713,87.617,0.002,-3.368,1.713,87.751,0.014,0.000,-0.000,0.014,15,weighted_average,kalman(weighted_average),false
1788764258.153,94.347,-0.012,-3.374,1.722,87.730,-0.014,-3.374,1.721,87.707,-0.002,0.000,-0.001,0.002,15,weighted_average,kalman(weighted_average),false
1788764258.223,94.417,-0.010,-3.375,1.718,87.672,-0.011,-3.375,1.720,87.680,-0.002,-0.000,0.002,0.003,15,weighted_average,kalman(weighted_average),false
1788764258.327,94.522,-0.012,-3.375,1.711,87.760,-0.012,-3.376,1.713,87.734,0.000,-0.000,0.002,0.002,15,weighted_average,kalman(weighted_average),false
1788764258.559,94.754,0.039,-3.376,1.717,87.955,0.037,-3.376,1.717,87.942,-0.002,-0.000,-0.001,0.002,3|15,weighted_average,kalman(weighted_average),false
1788764258.621,94.815,0.031,-3.376,1.715,88.247,0.038,-3.376,1.716,88.173,0.007,0.000,0.001,0.007,3|15,weighted_average,kalman(weighted_average),false
1788764258.674,94.868,0.038,-3.377,1.709,88.032,0.041,-3.377,1.712,88.138,0.003,0.000,0.003,0.004,3|15,weighted_average,kalman(weighted_average),false
1788764258.733,94.928,0.037,-3.378,1.710,88.064,0.041,-3.378,1.710,88.122,0.004,0.000,0.000,0.004,3|15,weighted_average,kalman(weighted_average),false
1788764258.882,95.076,0.035,-3.376,1.714,88.097,0.037,-3.376,1.713,88.116,0.001,-0.000,-0.001,0.002,3|15,weighted_average,kalman(weighted_average),false
1788764258.932,95.126,0.035,-3.380,1.706,88.071,0.035,-3.379,1.709,88.087,-0.000,0.001,0.003,0.003,3|15,weighted_average,kalman(weighted_average),false
1788764258.983,95.177,0.040,-3.378,1.714,87.903,0.037,-3.379,1.712,87.976,-0.002,-0.000,-0.002,0.003,3|15,weighted_average,kalman(weighted_average),false
1788764259.032,95.226,0.038,-3.378,1.710,87.955,0.038,-3.379,1.711,87.944,-0.000,-0.000,0.001,0.001,3|15,weighted_average,kalman(weighted_average),false
1788764259.185,95.379,-0.019,-3.381,1.715,87.968,-0.013,-3.381,1.715,87.941,0.006,0.000,-0.000,0.006,15,weighted_average,kalman(weighted_average),false
1788764259.243,95.437,0.028,-3.373,1.716,88.211,0.010,-3.376,1.716,88.119,-0.019,-0.002,0.000,0.019,3|15,weighted_average,kalman(weighted_average),false
1788764259.304,95.498,0.027,-3.374,1.720,88.254,0.022,-3.374,1.719,88.232,-0.005,0.000,-0.001,0.005,3|15,weighted_average,kalman(weighted_average),false
1788764259.355,95.550,0.018,-3.367,1.717,88.535,0.021,-3.369,1.718,88.437,0.003,-0.002,0.002,0.004,3|15,weighted_average,kalman(weighted_average),false
1788764259.490,95.684,0.024,-3.371,1.719,88.317,0.024,-3.370,1.719,88.412,0.001,0.001,0.000,0.002,3|15,weighted_average,kalman(weighted_average),false
1788764259.546,95.740,-0.016,-3.372,1.719,87.745,-0.004,-3.372,1.720,87.987,0.012,0.001,0.000,0.012,15,weighted_average,kalman(weighted_average),false
1788764259.592,95.786,0.027,-3.369,1.717,88.178,0.011,-3.370,1.718,88.032,-0.016,-0.002,0.001,0.016,3|15,weighted_average,kalman(weighted_average),false
1788764259.642,95.836,0.033,-3.373,1.713,88.001,0.024,-3.372,1.715,87.976,-0.008,0.001,0.002,0.009,3|15,weighted_average,kalman(weighted_average),false
1788764259.692,95.887,-0.020,-3.374,1.714,87.902,0.000,-3.374,1.714,87.901,0.020,0.000,-0.000,0.020,15,weighted_average,kalman(weighted_average),false
1788764259.839,96.033,0.019,-3.369,1.718,88.483,0.015,-3.370,1.717,88.325,-0.005,-0.001,-0.001,0.005,3|15,weighted_average,kalman(weighted_average),false
1788764259.891,96.085,0.035,-3.374,1.727,87.945,0.031,-3.372,1.724,88.142,-0.004,0.002,-0.002,0.005,3|15,weighted_average,kalman(weighted_average),false
1788764259.943,96.137,0.029,-3.371,1.724,88.153,0.034,-3.372,1.725,88.160,0.005,-0.000,0.002,0.005,3|15,weighted_average,kalman(weighted_average),false
1788764259.994,96.188,0.026,-3.373,1.732,88.265,0.032,-3.373,1.730,88.228,0.006,0.001,-0.001,0.006,3|15,weighted_average,kalman(weighted_average),false
1788764260.131,96.325,0.027,-3.371,1.728,88.260,0.029,-3.371,1.730,88.276,0.002,-0.000,0.002,0.003,3|15,weighted_average,kalman(weighted_average),false
1788764260.182,96.376,-0.012,-3.374,1.729,87.670,0.000,-3.373,1.729,87.905,0.012,0.001,0.000,0.012,15,weighted_average,kalman(weighted_average),false
1788764260.236,96.430,-0.023,-3.381,1.720,88.109,-0.020,-3.378,1.723,87.968,0.003,0.003,0.003,0.005,15,weighted_average,kalman(weighted_average),false
1788764260.287,96.482,-0.014,-3.375,1.727,87.768,-0.022,-3.377,1.725,87.834,-0.009,-0.002,-0.003,0.009,15,weighted_average,kalman(weighted_average),false
1788764260.431,96.625,-0.016,-3.373,1.715,87.900,-0.021,-3.374,1.715,87.842,-0.004,-0.001,0.001,0.004,15,weighted_average,kalman(weighted_average),false
1788764260.498,96.692,-0.014,-3.370,1.714,87.817,-0.014,-3.371,1.713,87.826,-0.001,-0.001,-0.001,0.001,15,weighted_average,kalman(weighted_average),false
1788764260.546,96.740,0.025,-3.365,1.715,88.434,0.012,-3.366,1.713,88.174,-0.013,-0.002,-0.001,0.013,3|15,weighted_average,kalman(weighted_average),false
1788764260.594,96.788,-0.019,-3.372,1.709,88.077,-0.002,-3.369,1.710,88.175,0.017,0.004,0.001,0.018,15,weighted_average,kalman(weighted_average),false
1788764260.733,96.928,0.029,-3.360,1.716,88.350,0.026,-3.361,1.714,88.360,-0.003,-0.001,-0.001,0.004,3|15,weighted_average,kalman(weighted_average),false
1788764260.778,96.973,0.034,-3.363,1.704,88.230,0.034,-3.361,1.708,88.305,0.001,0.002,0.004,0.004,3|15,weighted_average,kalman(weighted_average),false
1788764260.829,97.024,0.030,-3.362,1.700,88.413,0.035,-3.361,1.702,88.377,0.006,0.001,0.002,0.006,3|15,weighted_average,kalman(weighted_average),false
1788764260.879,97.073,-0.007,-3.362,1.702,87.790,0.012,-3.361,1.701,88.080,0.019,0.001,-0.001,0.019,15,weighted_average,kalman(weighted_average),false
1788764260.930,97.125,0.028,-3.360,1.701,88.493,0.019,-3.360,1.700,88.260,-0.010,-0.000,-0.001,0.010,3|15,weighted_average,kalman(weighted_average),false
1788764261.066,97.260,0.036,-3.359,1.696,88.286,0.033,-3.359,1.696,88.288,-0.003,0.000,-0.000,0.003,3|15,weighted_average,kalman(weighted_average),false
1788764261.113,97.307,0.038,-3.358,1.695,88.207,0.038,-3.358,1.695,88.243,0.000,-0.000,-0.000,0.000,3|15,weighted_average,kalman(weighted_average),false
1788764261.167,97.361,0.034,-3.356,1.695,88.363,0.038,-3.356,1.695,88.307,0.004,-0.000,-0.000,0.004,3|15,weighted_average,kalman(weighted_average),false
1788764261.214,97.408,0.036,-3.358,1.699,88.280,0.038,-3.357,1.697,88.301,0.002,0.001,-0.002,0.003,3|15,weighted_average,kalman(weighted_average),false
1788764261.358,97.553,0.038,-3.359,1.692,88.234,0.039,-3.358,1.692,88.252,0.001,0.000,0.001,0.001,3|15,weighted_average,kalman(weighted_average),false
1788764261.407,97.601,-0.009,-3.365,1.690,87.971,0.007,-3.363,1.690,88.072,0.015,0.002,-0.000,0.015,15,weighted_average,kalman(weighted_average),false
1788764261.455,97.649,0.039,-3.359,1.684,88.234,0.022,-3.361,1.685,88.130,-0.017,-0.002,0.002,0.018,3|15,weighted_average,kalman(weighted_average),false
1788764261.507,97.702,0.037,-3.356,1.686,88.310,0.031,-3.359,1.684,88.215,-0.006,-0.002,-0.001,0.007,3|15,weighted_average,kalman(weighted_average),false
1788764261.639,97.833,0.038,-3.358,1.680,88.298,0.038,-3.358,1.679,88.287,0.000,0.000,-0.000,0.000,3|15,weighted_average,kalman(weighted_average),false
1788764261.687,97.882,0.048,-3.362,1.681,88.020,0.045,-3.360,1.680,88.133,-0.002,0.001,-0.001,0.003,3|15,weighted_average,kalman(weighted_average),false
1788764261.736,97.931,-0.004,-3.361,1.672,87.912,0.017,-3.361,1.675,87.994,0.020,-0.000,0.003,0.020,15,weighted_average,kalman(weighted_average),false
1788764261.784,97.978,0.047,-3.364,1.680,88.098,0.031,-3.363,1.677,88.015,-0.016,0.001,-0.003,0.016,3|15,weighted_average,kalman(weighted_average),false
1788764261.840,98.034,-0.003,-3.360,1.669,87.915,0.010,-3.362,1.672,87.939,0.013,-0.002,0.002,0.013,15,weighted_average,kalman(weighted_average),false
1788764261.982,98.177,0.035,-3.354,1.673,88.523,0.029,-3.355,1.672,88.375,-0.006,-0.001,-0.001,0.006,3|15,weighted_average,kalman(weighted_average),false
1788764262.036,98.231,-0.000,-3.358,1.666,87.878,0.012,-3.357,1.668,88.118,0.012,0.002,0.002,0.012,15,weighted_average,kalman(weighted_average),false
1788764262.088,98.282,-0.002,-3.358,1.668,87.923,0.002,-3.357,1.667,88.006,0.004,0.001,-0.001,0.004,15,weighted_average,kalman(weighted_average),false
1788764262.154,98.349,0.042,-3.352,1.670,88.317,0.027,-3.354,1.669,88.171,-0.015,-0.002,-0.001,0.016,3|15,weighted_average,kalman(weighted_average),false
1788764262.356,98.550,0.036,-3.347,1.666,88.519,0.037,-3.347,1.666,88.500,0.001,-0.000,0.000,0.001,3|15,weighted_average,kalman(weighted_average),false
1788764262.437,98.632,0.036,-3.350,1.662,88.492,0.037,-3.349,1.663,88.534,0.000,0.001,0.000,0.001,3|15,weighted_average,kalman(weighted_average),false
1788764262.528,98.722,0.029,-3.351,1.663,88.715,0.030,-3.350,1.662,88.692,0.001,0.000,-0.001,0.002,3|15,weighted_average,kalman(weighted_average),false
1788764262.708,98.902,0.039,-3.347,1.670,88.309,0.037,-3.348,1.669,88.380,-0.001,-0.000,-0.001,0.001,3|15,weighted_average,kalman(weighted_average),false
1788764262.773,98.967,0.032,-3.345,1.666,88.509,0.034,-3.346,1.668,88.426,0.003,-0.000,0.002,0.003,3|15,weighted_average,kalman(weighted_average),false
1788764262.828,99.022,0.037,-3.343,1.662,88.327,0.036,-3.343,1.664,88.348,-0.001,-0.000,0.002,0.002,3|15,weighted_average,kalman(weighted_average),false
1788764262.879,99.074,0.035,-3.348,1.657,88.380,0.036,-3.346,1.659,88.343,0.001,0.002,0.002,0.003,3|15,weighted_average,kalman(weighted_average),false
1788764263.048,99.242,0.037,-3.342,1.660,88.283,0.037,-3.343,1.659,88.274,-0.000,-0.000,-0.001,0.001,3|15,weighted_average,kalman(weighted_average),false
1788764263.125,99.319,0.031,-3.339,1.662,88.463,0.032,-3.340,1.662,88.402,0.001,-0.000,-0.000,0.001,3|15,weighted_average,kalman(weighted_average),false
1788764263.221,99.415,0.023,-3.336,1.654,88.724,0.024,-3.336,1.656,88.657,0.001,-0.000,0.002,0.002,3|15,weighted_average,kalman(weighted_average),false
1788764263.451,99.645,0.029,-3.333,1.652,88.478,0.028,-3.333,1.652,88.527,-0.001,0.000,-0.000,0.001,3|15,weighted_average,kalman(weighted_average),false
1788764263.531,99.725,0.020,-3.331,1.657,88.775,0.023,-3.332,1.656,88.683,0.003,-0.000,-0.001,0.003,3|15,weighted_average,kalman(weighted_average),false
1788764263.602,99.796,0.028,-3.329,1.665,88.507,0.026,-3.330,1.663,88.575,-0.002,-0.000,-0.002,0.003,3|15,weighted_average,kalman(weighted_average),false
1788764263.866,100.061,-0.024,-3.339,1.661,88.361,-0.022,-3.338,1.662,88.372,0.003,0.001,0.001,0.003,15,weighted_average,kalman(weighted_average),false
1788764263.952,100.147,0.026,-3.330,1.670,88.464,0.011,-3.333,1.668,88.417,-0.015,-0.003,-0.002,0.015,3|15,weighted_average,kalman(weighted_average),false
1788764264.028,100.223,0.018,-3.330,1.669,88.731,0.020,-3.330,1.670,88.630,0.002,-0.000,0.000,0.002,3|15,weighted_average,kalman(weighted_average),false
1788764264.215,100.409,0.026,-3.326,1.669,88.498,0.027,-3.326,1.669,88.539,0.001,0.000,0.000,0.001,3|15,weighted_average,kalman(weighted_average),false
1788764264.293,100.487,0.023,-3.325,1.673,88.601,0.024,-3.325,1.672,88.567,0.001,0.000,-0.001,0.001,3|15,weighted_average,kalman(weighted_average),false
1788764264.383,100.578,0.023,-3.325,1.681,88.605,0.023,-3.325,1.680,88.591,-0.000,0.000,-0.002,0.002,3|15,weighted_average,kalman(weighted_average),false
1788764264.563,100.757,0.029,-3.322,1.672,88.424,0.029,-3.322,1.673,88.444,-0.001,-0.000,0.001,0.001,3|15,weighted_average,kalman(weighted_average),false
1788764264.614,100.809,0.023,-3.315,1.669,88.634,0.026,-3.317,1.670,88.550,0.002,-0.002,0.000,0.003,3|15,weighted_average,kalman(weighted_average),false
1788764264.662,100.857,0.028,-3.312,1.672,88.468,0.027,-3.313,1.670,88.507,-0.001,-0.001,-0.002,0.003,3|15,weighted_average,kalman(weighted_average),false
1788764264.722,100.917,0.026,-3.312,1.668,88.563,0.026,-3.311,1.668,88.535,0.001,0.001,-0.000,0.001,3|15,weighted_average,kalman(weighted_average),false
1788764264.880,101.074,0.024,-3.305,1.673,88.574,0.024,-3.305,1.672,88.569,0.000,0.000,-0.001,0.001,3|15,weighted_average,kalman(weighted_average),false
1788764264.935,101.129,0.021,-3.302,1.672,88.661,0.021,-3.303,1.672,88.633,0.001,-0.000,0.001,0.001,3|15,weighted_average,kalman(weighted_average),false
1788764264.983,101.177,0.024,-3.305,1.668,88.545,0.023,-3.303,1.670,88.595,-0.002,0.001,0.002,0.003,3|15,weighted_average,kalman(weighted_average),false
1788764265.034,101.228,0.016,-3.300,1.668,88.821,0.018,-3.301,1.668,88.721,0.002,-0.001,0.001,0.003,3|15,weighted_average,kalman(weighted_average),false
1788764265.081,101.275,-0.012,-3.301,1.665,87.881,-0.000,-3.300,1.666,88.307,0.011,0.001,0.001,0.012,15,weighted_average,kalman(weighted_average),false
1788764265.217,101.411,0.017,-3.294,1.669,88.755,0.011,-3.294,1.668,88.587,-0.006,-0.000,-0.001,0.006,3|15,weighted_average,kalman(weighted_average),false
1788764265.284,101.478,0.013,-3.293,1.662,88.864,0.015,-3.293,1.664,88.814,0.001,0.001,0.002,0.002,3|15,weighted_average,kalman(weighted_average),false
1788764265.352,101.546,0.018,-3.290,1.668,88.678,0.019,-3.290,1.666,88.790,0.001,-0.000,-0.001,0.002,3|15,weighted_average,kalman(weighted_average),false
1788764265.431,101.626,0.018,-3.290,1.668,88.678,0.020,-3.289,1.668,88.748,0.002,0.001,-0.000,0.002,3|15,weighted_average,kalman(weighted_average),false
1788764265.650,101.844,0.018,-3.287,1.673,88.641,0.018,-3.287,1.673,88.655,0.000,0.000,-0.000,0.000,3|15,weighted_average,kalman(weighted_average),false
1788764265.734,101.928,0.021,-3.284,1.684,88.525,0.020,-3.285,1.682,88.545,-0.001,-0.000,-0.002,0.002,3|15,weighted_average,kalman(weighted_average),false
1788764265.817,102.011,0.018,-3.282,1.685,88.629,0.019,-3.282,1.686,88.580,0.001,-0.000,0.001,0.001,3|15,weighted_average,kalman(weighted_average),false
1788764265.981,102.175,-0.028,-3.281,1.685,88.367,-0.025,-3.281,1.685,88.391,0.003,0.000,0.001,0.004,15,weighted_average,kalman(weighted_average),false
1788764266.056,102.250,0.023,-3.277,1.694,88.503,0.007,-3.278,1.692,88.445,-0.016,-0.001,-0.002,0.016,3|15,weighted_average,kalman(weighted_average),false
1788764266.135,102.330,-0.021,-3.272,1.680,88.140,-0.012,-3.272,1.684,88.229,0.009,-0.001,0.004,0.010,15,weighted_average,kalman(weighted_average),false
1788764266.284,102.478,-0.029,-3.277,1.698,88.466,-0.028,-3.276,1.696,88.391,0.000,0.001,-0.002,0.003,15,weighted_average,kalman(weighted_average),false
1788764266.394,102.588,-0.017,-3.268,1.698,88.058,-0.020,-3.270,1.700,88.150,-0.003,-0.002,0.001,0.004,15,weighted_average,kalman(weighted_average),false
1788764266.502,102.696,-0.022,-3.269,1.696,88.268,-0.021,-3.269,1.697,88.211,0.001,0.001,0.001,0.002,15,weighted_average,kalman(weighted_average),false
1788764266.699,102.893,-0.018,-3.266,1.705,88.202,-0.019,-3.266,1.704,88.203,-0.000,0.000,-0.000,0.001,15,weighted_average,kalman(weighted_average),false
1788764266.783,102.977,-0.026,-3.270,1.704,88.489,-0.024,-3.269,1.705,88.415,0.002,0.001,0.001,0.002,15,weighted_average,kalman(weighted_average),false
1788764266.874,103.068,0.010,-3.261,1.702,89.075,0.002,-3.263,1.703,88.934,-0.008,-0.002,0.001,0.008,3|15,weighted_average,kalman(weighted_average),false
1788764267.038,103.233,0.019,-3.258,1.713,88.807,0.021,-3.258,1.712,88.908,0.001,0.000,-0.001,0.002,3|15,weighted_average,kalman(weighted_average),false
1788764267.100,103.294,-0.020,-3.264,1.714,88.294,-0.008,-3.262,1.715,88.487,0.012,0.002,0.001,0.013,15,weighted_average,kalman(weighted_average),false
1788764267.181,103.375,-0.023,-3.264,1.714,88.398,-0.024,-3.264,1.716,88.346,-0.000,0.000,0.001,0.001,15,weighted_average,kalman(weighted_average),false
1788764267.436,103.630,-0.013,-3.260,1.714,88.147,-0.016,-3.261,1.715,88.122,-0.002,-0.000,0.000,0.002,15,weighted_average,kalman(weighted_average),false
1788764267.531,103.726,0.039,-3.264,1.709,88.283,0.032,-3.263,1.710,88.229,-0.007,0.001,0.001,0.007,3|15,weighted_average,kalman(weighted_average),false
1788764267.627,103.821,0.024,-3.261,1.709,88.813,0.033,-3.262,1.708,88.677,0.009,-0.000,-0.000,0.009,3|15,weighted_average,kalman(weighted_average),false
1788764267.837,104.031,-0.017,-3.266,1.706,88.451,-0.014,-3.266,1.706,88.524,0.003,0.000,-0.000,0.003,15,weighted_average,kalman(weighted_average),false
1788764267.914,104.109,0.028,-3.257,1.699,88.782,0.013,-3.260,1.701,88.679,-0.015,-0.003,0.001,0.015,3|15,weighted_average,kalman(weighted_average),false
1788764267.994,104.188,-0.007,-3.260,1.708,88.105,-0.000,-3.259,1.705,88.287,0.006,0.001,-0.003,0.007,15,weighted_average,kalman(weighted_average),false
1788764268.156,104.350,0.031,-3.260,1.710,88.723,0.027,-3.260,1.710,88.608,-0.003,0.000,-0.000,0.003,3|15,weighted_average,kalman(weighted_average),false
1788764268.224,104.418,-0.010,-3.261,1.705,88.265,0.003,-3.261,1.707,88.415,0.013,0.000,0.002,0.013,15,weighted_average,kalman(weighted_average),false
1788764268.290,104.484,-0.008,-3.260,1.701,88.200,-0.007,-3.261,1.702,88.272,0.001,-0.000,0.001,0.002,15,weighted_average,kalman(weighted_average),false
1788764268.366,104.560,-0.014,-3.266,1.704,88.423,-0.015,-3.265,1.703,88.341,-0.001,0.001,-0.002,0.002,15,weighted_average,kalman(weighted_average),false
1788764268.510,104.704,0.026,-3.262,1.714,88.891,0.020,-3.262,1.713,88.794,-0.006,-0.001,-0.001,0.006,3|15,weighted_average,kalman(weighted_average),false
1788764268.569,104.763,-0.012,-3.267,1.705,88.346,0.002,-3.265,1.708,88.560,0.014,0.002,0.004,0.014,15,weighted_average,kalman(weighted_average),false
1788764268.632,104.826,-0.014,-3.267,1.703,88.362,-0.010,-3.267,1.705,88.439,0.004,0.000,0.002,0.005,15,weighted_average,kalman(weighted_average),false
1788764268.685,104.879,-0.021,-3.274,1.713,88.591,-0.019,-3.272,1.709,88.508,0.002,0.002,-0.003,0.005,15,weighted_average,kalman(weighted_average),false
1788764268.875,105.069,0.015,-3.269,1.713,89.161,0.012,-3.270,1.713,89.087,-0.004,-0.001,0.000,0.004,3|15,weighted_average,kalman(weighted_average),false
1788764268.918,105.112,-0.019,-3.277,1.713,88.484,-0.005,-3.274,1.713,88.774,0.014,0.003,0.000,0.015,15,weighted_average,kalman(weighted_average),false
1788764268.991,105.185,0.019,-3.273,1.713,89.039,0.013,-3.273,1.714,88.955,-0.006,-0.001,0.000,0.006,3|15,weighted_average,kalman(weighted_average),false
1788764269.056,105.250,0.026,-3.277,1.714,88.801,0.025,-3.276,1.714,88.895,-0.001,0.001,-0.000,0.001,3|15,weighted_average,kalman(weighted_average),false
1788764269.289,105.483,0.020,-3.275,1.719,88.961,0.022,-3.275,1.719,88.962,0.002,-0.000,-0.000,0.002,3|15,weighted_average,kalman(weighted_average),false
1788764269.350,105.544,-0.018,-3.281,1.717,88.377,-0.009,-3.279,1.718,88.569,0.009,0.002,0.001,0.009,15,weighted_average,kalman(weighted_average),false
1788764269.422,105.617,-0.019,-3.281,1.711,88.424,-0.023,-3.281,1.713,88.410,-0.003,0.000,0.002,0.004,15,weighted_average,kalman(weighted_average),false
1788764269.673,105.867,-0.022,-3.287,1.715,88.539,-0.024,-3.287,1.715,88.484,-0.002,-0.000,-0.001,0.002,15,weighted_average,kalman(weighted_average),false
1788764269.762,105.956,-0.018,-3.286,1.723,88.405,-0.018,-3.286,1.722,88.446,0.000,-0.001,-0.001,0.001,15,weighted_average,kalman(weighted_average),false
1788764269.836,106.030,0.017,-3.281,1.715,89.083,0.010,-3.283,1.718,88.887,-0.007,-0.001,0.003,0.008,3|15,weighted_average,kalman(weighted_average),false
1788764269.981,106.175,-0.015,-3.285,1.714,88.316,-0.009,-3.284,1.715,88.485,0.006,0.001,0.000,0.006,15,weighted_average,kalman(weighted_average),false
1788764270.051,106.245,-0.019,-3.288,1.704,88.484,-0.020,-3.287,1.706,88.431,-0.000,0.001,0.002,0.002,15,weighted_average,kalman(weighted_average),false
1788764270.127,106.321,0.019,-3.284,1.714,89.032,0.006,-3.285,1.711,88.793,-0.013,-0.001,-0.004,0.014,3|15,weighted_average,kalman(weighted_average),false
1788764270.211,106.405,-0.017,-3.289,1.714,88.416,-0.008,-3.288,1.713,88.580,0.009,0.001,-0.000,0.009,15,weighted_average,kalman(weighted_average),false
1788764270.422,106.616,-0.015,-3.291,1.715,88.370,-0.015,-3.291,1.715,88.376,-0.000,-0.000,0.000,0.000,15,weighted_average,kalman(weighted_average),false
1788764270.513,106.707,-0.016,-3.293,1.711,88.454,-0.017,-3.293,1.712,88.412,-0.000,0.000,0.001,0.001,15,weighted_average,kalman(weighted_average),false
1788764270.579,106.773,0.017,-3.291,1.721,89.181,0.007,-3.292,1.718,88.918,-0.009,-0.001,-0.003,0.010,3|15,weighted_average,kalman(weighted_average),false
1788764270.693,106.887,0.024,-3.295,1.718,88.997,0.025,-3.294,1.719,89.070,0.001,0.000,0.001,0.001,3|15,weighted_average,kalman(weighted_average),false
1788764270.743,106.937,0.018,-3.294,1.722,89.188,0.023,-3.294,1.721,89.177,0.005,-0.000,-0.001,0.005,3|15,weighted_average,kalman(weighted_average),false
1788764270.800,106.994,0.016,-3.297,1.722,89.267,0.020,-3.296,1.722,89.275,0.004,0.001,0.000,0.004,3|15,weighted_average,kalman(weighted_average),false
1788764270.855,107.049,0.022,-3.297,1.718,89.065,0.021,-3.297,1.720,89.201,-0.001,-0.000,0.002,0.002,3|15,weighted_average,kalman(weighted_average),false
1788764270.975,107.169,0.025,-3.299,1.717,88.991,0.025,-3.299,1.717,89.062,-0.000,-0.000,0.000,0.000,3|15,weighted_average,kalman(weighted_average),false
1788764271.029,107.224,0.027,-3.300,1.712,88.934,0.027,-3.300,1.713,88.965,-0.000,-0.000,0.001,0.001,3|15,weighted_average,kalman(weighted_average),false
1788764271.091,107.285,-0.016,-3.305,1.713,88.524,-0.001,-3.303,1.712,88.670,0.014,0.001,-0.001,0.014,15,weighted_average,kalman(weighted_average),false
1788764271.137,107.331,0.026,-3.302,1.718,88.982,0.011,-3.303,1.715,88.779,-0.015,-0.001,-0.003,0.015,3|15,weighted_average,kalman(weighted_average),false
1788764271.257,107.451,0.019,-3.296,1.717,89.271,0.017,-3.297,1.717,89.111,-0.002,-0.002,-0.000,0.002,3|15,weighted_average,kalman(weighted_average),false
1788764271.348,107.542,-0.013,-3.304,1.710,88.516,-0.007,-3.302,1.712,88.729,0.007,0.002,0.001,0.007,15,weighted_average,kalman(weighted_average),false
1788764271.427,107.621,-0.019,-3.310,1.717,88.755,-0.020,-3.308,1.715,88.703,-0.000,0.002,-0.002,0.002,15,weighted_average,kalman(weighted_average),false
1788764271.610,107.805,-0.009,-3.303,1.703,88.492,-0.011,-3.304,1.704,88.496,-0.003,-0.001,0.001,0.003,15,weighted_average,kalman(weighted_average),false
1788764271.702,107.897,-0.012,-3.307,1.716,88.658,-0.010,-3.305,1.712,88.595,0.002,0.001,-0.003,0.004,15,weighted_average,kalman(weighted_average),false
1788764271.789,107.983,-0.005,-3.303,1.706,88.478,-0.005,-3.304,1.708,88.516,-0.000,-0.001,0.002,0.002,15,weighted_average,kalman(weighted_average),false
1788764272.047,108.242,-0.006,-3.305,1.707,88.639,-0.005,-3.305,1.707,88.620,0.000,0.000,-0.000,0.001,15,weighted_average,kalman(weighted_average),false
1788764272.142,108.337,0.047,-3.305,1.705,88.763,0.038,-3.305,1.705,88.747,-0.009,-0.000,0.000,0.009,3|15,weighted_average,kalman(weighted_average),false
1788764272.233,108.427,0.000,-3.304,1.708,88.511,0.014,-3.304,1.707,88.600,0.014,-0.000,-0.001,0.014,15,weighted_average,kalman(weighted_average),false
1788764272.418,108.612,-0.002,-3.307,1.710,88.690,-0.003,-3.307,1.710,88.671,-0.000,0.000,-0.000,0.000,15,weighted_average,kalman(weighted_average),false
1788764272.470,108.664,0.047,-3.302,1.716,88.906,0.031,-3.304,1.715,88.833,-0.016,-0.002,-0.002,0.016,3|15,weighted_average,kalman(weighted_average),false
1788764272.539,108.733,0.001,-3.304,1.710,88.609,0.014,-3.304,1.712,88.724,0.013,0.000,0.002,0.014,15,weighted_average,kalman(weighted_average),false
1788764272.630,108.825,0.002,-3.307,1.717,88.606,0.003,-3.306,1.716,88.640,0.002,0.001,-0.001,0.002,15,weighted_average,kalman(weighted_average),false
1788764272.817,109.012,0.002,-3.308,1.715,88.627,0.001,-3.308,1.715,88.617,-0.001,-0.000,0.000,0.001,15,weighted_average,kalman(weighted_average),false
1788764272.899,109.093,0.004,-3.307,1.717,88.538,0.004,-3.307,1.716,88.558,-0.000,-0.000,-0.001,0.001,15,weighted_average,kalman(weighted_average),false
1788764272.951,109.145,0.042,-3.305,1.723,89.105,0.030,-3.306,1.721,88.883,-0.012,-0.001,-0.002,0.012,3|15,weighted_average,kalman(weighted_average),false
1788764273.084,109.278,-0.002,-3.314,1.725,88.720,0.007,-3.313,1.726,88.807,0.008,0.001,0.000,0.008,15,weighted_average,kalman(weighted_average),false
1788764273.138,109.332,0.000,-3.314,1.716,88.668,-0.001,-3.315,1.720,88.713,-0.001,-0.001,0.003,0.004,15,weighted_average,kalman(weighted_average),false
1788764273.212,109.406,-0.000,-3.313,1.716,88.657,-0.004,-3.314,1.716,88.654,-0.004,-0.001,0.000,0.004,15,weighted_average,kalman(weighted_average),false
1788764273.301,109.496,0.036,-3.306,1.728,89.258,0.025,-3.308,1.725,89.052,-0.011,-0.002,-0.003,0.012,3|15,weighted_average,kalman(weighted_average),false
1788764273.504,109.698,-0.005,-3.319,1.726,88.764,-0.001,-3.318,1.727,88.833,0.004,0.001,0.000,0.004,15,weighted_average,kalman(weighted_average),false
1788764273.573,109.768,-0.001,-3.318,1.729,88.617,-0.006,-3.320,1.728,88.642,-0.005,-0.002,-0.001,0.005,15,weighted_average,kalman(weighted_average),false
1788764273.661,109.855,0.040,-3.315,1.723,89.079,0.028,-3.317,1.724,88.897,-0.013,-0.002,0.001,0.013,3|15,weighted_average,kalman(weighted_average),false
1788764273.834,110.028,-0.008,-3.324,1.726,88.835,-0.003,-3.323,1.726,88.859,0.005,0.001,-0.000,0.005,15,weighted_average,kalman(weighted_average),false
1788764273.924,110.119,0.040,-3.312,1.722,89.051,0.028,-3.315,1.723,88.997,-0.013,-0.003,0.001,0.013,3|15,weighted_average,kalman(weighted_average),false
1788764274.001,110.195,0.039,-3.316,1.719,89.086,0.040,-3.315,1.720,89.078,0.001,0.001,0.001,0.002,3|15,weighted_average,kalman(weighted_average),false
1788764274.167,110.361,-0.007,-3.323,1.721,88.813,-0.001,-3.322,1.720,88.868,0.006,0.001,-0.001,0.006,15,weighted_average,kalman(weighted_average),false
1788764274.225,110.419,0.037,-3.316,1.716,89.175,0.021,-3.319,1.718,89.045,-0.016,-0.003,0.001,0.017,3|15,weighted_average,kalman(weighted_average),false
1788764274.302,110.496,0.040,-3.319,1.720,89.079,0.036,-3.319,1.719,89.078,-0.004,0.000,-0.001,0.005,3|15,weighted_average,kalman(weighted_average),false
1788764274.367,110.561,0.039,-3.319,1.715,89.084,0.041,-3.319,1.716,89.092,0.002,-0.000,0.002,0.002,3|15,weighted_average,kalman(weighted_average),false
1788764274.499,110.693,0.034,-3.317,1.715,89.243,0.037,-3.317,1.714,89.221,0.003,-0.000,-0.000,0.003,3|15,weighted_average,kalman(weighted_average),false
1788764274.587,110.781,0.029,-3.314,1.709,89.397,0.030,-3.314,1.710,89.371,0.001,-0.000,0.001,0.001,3|15,weighted_average,kalman(weighted_average),false
1788764274.666,110.860,0.031,-3.321,1.706,89.373,0.029,-3.319,1.706,89.406,-0.001,0.002,0.000,0.002,3|15,weighted_average,kalman(weighted_average),false
1788764274.826,111.021,-0.007,-3.329,1.706,88.739,-0.005,-3.329,1.705,88.853,0.003,0.000,-0.001,0.003,15,weighted_average,kalman(weighted_average),false
1788764274.926,111.120,0.033,-3.325,1.701,89.213,0.023,-3.327,1.701,89.053,-0.010,-0.002,0.001,0.010,3|15,weighted_average,kalman(weighted_average),false
1788764275.004,111.198,0.031,-3.324,1.695,89.264,0.032,-3.325,1.696,89.203,0.001,-0.000,0.001,0.002,3|15,weighted_average,kalman(weighted_average),false
1788764275.197,111.391,0.033,-3.329,1.695,89.127,0.034,-3.328,1.695,89.155,0.001,0.000,-0.001,0.002,3|15,weighted_average,kalman(weighted_average),false
1788764275.284,111.478,0.027,-3.329,1.694,89.303,0.028,-3.329,1.694,89.256,0.001,-0.000,0.000,0.001,3|15,weighted_average,kalman(weighted_average),false
1788764275.357,111.551,0.026,-3.327,1.688,89.356,0.026,-3.328,1.689,89.335,-0.001,-0.001,0.002,0.002,3|15,weighted_average,kalman(weighted_average),false
1788764275.603,111.797,0.025,-3.331,1.682,89.459,0.025,-3.331,1.682,89.462,-0.000,0.000,-0.000,0.000,3|15,weighted_average,kalman(weighted_average),false
1788764275.674,111.869,0.030,-3.332,1.677,89.327,0.029,-3.332,1.677,89.378,-0.001,0.000,0.001,0.001,3|15,weighted_average,kalman(weighted_average),false
1788764275.740,111.934,0.039,-3.337,1.677,89.088,0.037,-3.336,1.676,89.183,-0.002,0.001,-0.001,0.003,3|15,weighted_average,kalman(weighted_average),false
1788764275.867,112.061,0.033,-3.334,1.671,89.339,0.035,-3.335,1.671,89.267,0.002,-0.001,0.000,0.002,3|15,weighted_average,kalman(weighted_average),false
1788764275.943,112.138,0.035,-3.337,1.666,89.300,0.034,-3.336,1.666,89.297,-0.000,0.001,0.001,0.001,3|15,weighted_average,kalman(weighted_average),false
1788764276.034,112.228,0.034,-3.335,1.666,89.325,0.034,-3.336,1.665,89.326,-0.000,-0.000,-0.001,0.001,3|15,weighted_average,kalman(weighted_average),false
1788764276.183,112.378,0.027,-3.334,1.652,89.559,0.028,-3.334,1.653,89.531,0.001,-0.000,0.001,0.001,3|15,weighted_average,kalman(weighted_average),false
1788764276.276,112.470,0.032,-3.337,1.656,89.397,0.031,-3.336,1.654,89.459,-0.002,0.001,-0.002,0.003,3|15,weighted_average,kalman(weighted_average),false
1788764276.349,112.544,0.038,-3.338,1.650,89.201,0.036,-3.338,1.651,89.284,-0.002,0.000,0.001,0.002,3|15,weighted_average,kalman(weighted_average),false
1788764276.567,112.761,0.025,-3.333,1.640,89.624,0.026,-3.334,1.640,89.572,0.001,-0.000,0.000,0.001,3|15,weighted_average,kalman(weighted_average),false
1788764276.639,112.834,0.029,-3.339,1.645,89.484,0.026,-3.337,1.643,89.551,-0.002,0.002,-0.002,0.004,3|15,weighted_average,kalman(weighted_average),false
1788764276.703,112.897,0.026,-3.336,1.637,89.575,0.025,-3.337,1.639,89.586,-0.000,-0.001,0.002,0.002,3|15,weighted_average,kalman(weighted_average),false
1788764276.822,113.016,0.030,-3.334,1.640,89.397,0.029,-3.335,1.639,89.459,-0.001,-0.000,-0.001,0.001,3|15,weighted_average,kalman(weighted_average),false
1788764276.919,113.113,0.018,-3.335,1.632,89.781,0.020,-3.334,1.633,89.684,0.002,0.000,0.001,0.003,3|15,weighted_average,kalman(weighted_average),false
1788764277.024,113.219,0.024,-3.338,1.633,89.561,0.022,-3.337,1.633,89.621,-0.002,0.001,-0.001,0.002,3|15,weighted_average,kalman(weighted_average),false
1788764277.216,113.411,0.030,-3.336,1.626,89.346,0.030,-3.336,1.626,89.371,-0.000,-0.000,0.000,0.000,3|15,weighted_average,kalman(weighted_average),false
1788764277.307,113.501,0.027,-3.336,1.622,89.463,0.028,-3.336,1.622,89.409,0.001,0.000,0.000,0.001,3|15,weighted_average,kalman(weighted_average),false
1788764277.390,113.584,0.027,-3.333,1.624,89.456,0.027,-3.334,1.623,89.435,0.000,-0.001,-0.001,0.001,3|15,weighted_average,kalman(weighted_average),false
1788764277.520,113.714,0.027,-3.340,1.628,89.389,0.027,-3.339,1.627,89.399,-0.000,0.001,-0.001,0.001,3|15,weighted_average,kalman(weighted_average),false
1788764277.573,113.768,0.021,-3.339,1.631,89.575,0.023,-3.339,1.630,89.506,0.002,-0.001,-0.000,0.002,3|15,weighted_average,kalman(weighted_average),false
1788764277.630,113.825,0.021,-3.339,1.636,89.580,0.021,-3.340,1.635,89.564,0.000,-0.001,-0.001,0.001,3|15,weighted_average,kalman(weighted_average),false
1788764277.674,113.868,0.023,-3.340,1.634,89.501,0.022,-3.340,1.635,89.547,-0.002,-0.000,0.002,0.002,3|15,weighted_average,kalman(weighted_average),false
1788764277.729,113.923,0.022,-3.341,1.633,89.558,0.021,-3.341,1.635,89.563,-0.000,0.000,0.002,0.002,3|15,weighted_average,kalman(weighted_average),false
1788764277.873,114.067,0.013,-3.338,1.635,89.837,0.014,-3.339,1.635,89.793,0.001,-0.001,0.000,0.001,3|15,weighted_average,kalman(weighted_average),false
1788764277.944,114.139,0.011,-3.339,1.634,89.912,0.011,-3.339,1.634,89.910,-0.000,0.000,0.000,0.001,3|15,weighted_average,kalman(weighted_average),false
1788764278.007,114.201,0.017,-3.342,1.635,89.698,0.014,-3.341,1.635,89.814,-0.003,0.001,-0.000,0.003,3|15,weighted_average,kalman(weighted_average),false
1788764278.050,114.245,0.024,-3.347,1.636,89.458,0.021,-3.345,1.636,89.627,-0.004,0.002,-0.001,0.005,3|15,weighted_average,kalman(weighted_average),false
1788764278.209,114.403,0.021,-3.349,1.636,89.554,0.021,-3.349,1.636,89.536,0.001,-0.000,0.000,0.001,3|15,weighted_average,kalman(weighted_average),false
1788764278.256,114.450,0.019,-3.343,1.632,89.564,0.020,-3.345,1.633,89.544,0.001,-0.002,0.002,0.003,3|15,weighted_average,kalman(weighted_average),false
1788764278.309,114.503,0.022,-3.348,1.628,89.465,0.020,-3.347,1.630,89.492,-0.001,0.001,0.001,0.002,3|15,weighted_average,kalman(weighted_average),false
1788764278.363,114.557,0.020,-3.345,1.635,89.494,0.020,-3.346,1.632,89.480,0.000,-0.001,-0.003,0.003,3|15,weighted_average,kalman(weighted_average),false
1788764278.477,114.671,0.016,-3.347,1.630,89.605,0.016,-3.347,1.630,89.559,0.001,0.000,0.000,0.001,3|15,weighted_average,kalman(weighted_average),false
1788764278.545,114.740,0.013,-3.345,1.634,89.673,0.013,-3.346,1.633,89.645,0.000,-0.001,-0.001,0.001,3|15,weighted_average,kalman(weighted_average),false
1788764278.618,114.813,0.016,-3.347,1.631,89.571,0.014,-3.346,1.632,89.618,-0.001,0.000,0.001,0.002,3|15,weighted_average,kalman(weighted_average),false
1788764278.691,114.885,0.009,-3.347,1.630,89.801,0.010,-3.347,1.630,89.742,0.001,0.000,0.000,0.002,3|15,weighted_average,kalman(weighted_average),false
1788764278.856,115.050,0.010,-3.346,1.626,89.725,0.010,-3.346,1.626,89.749,-0.001,-0.000,0.000,0.001,3|15,weighted_average,kalman(weighted_average),false
1788764278.957,115.151,0.012,-3.346,1.627,89.661,0.012,-3.346,1.626,89.680,-0.000,0.000,-0.001,0.001,3|15,weighted_average,kalman(weighted_average),false
1788764279.030,115.225,0.012,-3.345,1.625,89.675,0.012,-3.345,1.626,89.665,0.000,-0.000,0.000,0.000,3|15,weighted_average,kalman(weighted_average),false
1788764279.236,115.430,0.012,-3.341,1.622,89.745,0.012,-3.341,1.622,89.732,0.000,-0.000,0.000,0.000,3|15,weighted_average,kalman(weighted_average),false
1788764279.323,115.517,0.019,-3.349,1.627,89.555,0.018,-3.347,1.626,89.608,-0.001,0.002,-0.001,0.003,3|15,weighted_average,kalman(weighted_average),false
1788764279.403,115.597,0.014,-3.343,1.631,89.780,0.016,-3.344,1.630,89.714,0.002,-0.002,-0.001,0.003,3|15,weighted_average,kalman(weighted_average),false
1788764279.563,115.758,-0.018,-3.347,1.620,89.185,-0.015,-3.346,1.621,89.267,0.003,0.000,0.001,0.003,15,weighted_average,kalman(weighted_average),false
1788764279.606,115.800,0.022,-3.340,1.627,89.675,0.006,-3.342,1.624,89.469,-0.016,-0.002,-0.003,0.017,3|15,weighted_average,kalman(weighted_average),false
1788764279.664,115.858,0.023,-3.341,1.631,89.689,0.018,-3.341,1.628,89.587,-0.005,0.000,-0.003,0.005,3|15,weighted_average,kalman(weighted_average),false
1788764279.730,115.924,0.026,-3.338,1.626,89.600,0.026,-3.339,1.627,89.610,0.000,-0.001,0.001,0.001,3|15,weighted_average,kalman(weighted_average),false
1788764279.887,116.082,0.026,-3.339,1.639,89.683,0.027,-3.339,1.638,89.683,0.002,0.001,-0.001,0.002,3|15,weighted_average,kalman(weighted_average),false
1788764279.938,116.132,0.033,-3.342,1.635,89.450,0.031,-3.341,1.637,89.543,-0.002,0.001,0.002,0.003,3|15,weighted_average,kalman(weighted_average),false
1788764279.992,116.187,0.030,-3.341,1.641,89.577,0.031,-3.342,1.641,89.547,0.001,-0.001,-0.001,0.001,3|15,weighted_average,kalman(weighted_average),false
1788764280.066,116.261,0.033,-3.340,1.642,89.515,0.032,-3.341,1.643,89.516,-0.001,-0.001,0.001,0.001,3|15,weighted_average,kalman(weighted_average),false
1788764280.212,116.407,0.025,-3.340,1.650,89.813,0.026,-3.340,1.650,89.751,0.001,-0.000,-0.000,0.001,3|15,weighted_average,kalman(weighted_average),false
1788764280.265,116.459,0.026,-3.337,1.656,89.807,0.025,-3.338,1.655,89.816,-0.001,-0.001,-0.001,0.002,3|15,weighted_average,kalman(weighted_average),false
1788764280.315,116.510,0.036,-3.340,1.660,89.479,0.031,-3.339,1.660,89.654,-0.005,0.001,-0.000,0.005,3|15,weighted_average,kalman(weighted_average),false
1788764280.368,116.562,0.041,-3.342,1.663,89.314,0.038,-3.340,1.663,89.459,-0.003,0.001,0.000,0.003,3|15,weighted_average,kalman(weighted_average),false
1788764280.420,116.615,0.031,-3.341,1.659,89.637,0.035,-3.341,1.662,89.518,0.004,-0.000,0.003,0.005,3|15,weighted_average,kalman(weighted_average),false
1788764280.555,116.749,0.035,-3.336,1.671,89.548,0.036,-3.337,1.671,89.525,0.000,-0.001,-0.001,0.001,3|15,weighted_average,kalman(weighted_average),false
1788764280.616,116.810,0.035,-3.335,1.671,89.583,0.035,-3.335,1.672,89.563,0.000,-0.000,0.001,0.001,3|15,weighted_average,kalman(weighted_average),false
1788764280.701,116.895,0.038,-3.338,1.667,89.531,0.037,-3.337,1.669,89.548,-0.001,0.001,0.002,0.002,3|15,weighted_average,kalman(weighted_average),false
1788764280.924,117.118,0.038,-3.334,1.670,89.757,0.038,-3.335,1.670,89.738,0.000,-0.000,-0.000,0.000,3|15,weighted_average,kalman(weighted_average),false
1788764280.973,117.167,-0.001,-3.337,1.673,89.264,0.011,-3.336,1.672,89.453,0.012,0.001,-0.001,0.012,15,weighted_average,kalman(weighted_average),false
1788764281.034,117.228,0.050,-3.335,1.673,89.422,0.033,-3.335,1.673,89.404,-0.017,-0.000,0.000,0.017,3|15,weighted_average,kalman(weighted_average),false
1788764281.096,117.291,0.049,-3.334,1.670,89.480,0.046,-3.334,1.671,89.424,-0.003,-0.000,0.002,0.004,3|15,weighted_average,kalman(weighted_average),false
1788764281.229,117.423,0.046,-3.332,1.680,89.638,0.048,-3.332,1.678,89.581,0.003,-0.000,-0.001,0.003,3|15,weighted_average,kalman(weighted_average),false
1788764281.275,117.470,0.003,-3.335,1.678,89.230,0.018,-3.334,1.679,89.386,0.015,0.001,0.001,0.015,15,weighted_average,kalman(weighted_average),false
1788764281.361,117.556,-0.001,-3.338,1.680,89.373,-0.002,-3.337,1.680,89.357,-0.001,0.001,0.000,0.001,15,weighted_average,kalman(weighted_average),false
1788764281.475,117.669,0.046,-3.332,1.681,89.642,0.035,-3.333,1.681,89.563,-0.012,-0.001,0.000,0.012,3|15,weighted_average,kalman(weighted_average),false
1788764281.708,117.902,0.045,-3.332,1.690,89.747,0.047,-3.332,1.689,89.752,0.002,0.000,-0.000,0.002,3|15,weighted_average,kalman(weighted_average),false
1788764281.784,117.979,0.042,-3.315,1.710,89.893,0.043,-3.319,1.706,89.873,0.001,-0.004,-0.003,0.005,3|15,weighted_average,kalman(weighted_average),false
1788764281.852,118.046,0.053,-3.319,1.696,89.611,0.049,-3.317,1.702,89.729,-0.004,0.002,0.006,0.007,3|15,weighted_average,kalman(weighted_average),false
1788764282.043,118.237,0.057,-3.272,1.726,89.404,0.057,-3.274,1.725,89.429,-0.000,-0.002,-0.001,0.002,3|15,weighted_average,kalman(weighted_average),false
1788764282.099,118.293,0.054,-3.262,1.727,89.423,0.055,-3.261,1.729,89.391,0.002,0.001,0.002,0.003,3|15,weighted_average,kalman(weighted_average),false
1788764282.174,118.368,0.009,-3.263,1.698,89.098,0.021,-3.257,1.708,89.161,0.012,0.006,0.010,0.017,15,weighted_average,kalman(weighted_average),false
1788764282.366,118.560,0.036,-3.210,1.695,89.755,0.033,-3.211,1.695,89.654,-0.004,-0.001,-0.001,0.004,3|15,weighted_average,kalman(weighted_average),false
1788764282.413,118.607,0.028,-3.198,1.699,89.990,0.032,-3.198,1.697,89.928,0.004,-0.000,-0.002,0.005,3|15,weighted_average,kalman(weighted_average),false
1788764282.472,118.667,0.029,-3.184,1.695,89.894,0.032,-3.183,1.695,90.007,0.003,0.001,0.001,0.003,3|15,weighted_average,kalman(weighted_average),false
1788764282.543,118.737,-0.009,-3.183,1.699,89.364,0.004,-3.177,1.698,89.678,0.013,0.005,-0.001,0.014,15,weighted_average,kalman(weighted_average),false
1788764282.675,118.869,0.034,-3.152,1.716,89.667,0.027,-3.153,1.714,89.648,-0.008,-0.001,-0.002,0.008,3|15,weighted_average,kalman(weighted_average),false
1788764282.760,118.955,0.050,-3.133,1.724,90.993,0.049,-3.134,1.724,90.620,-0.001,-0.001,0.000,0.002,3,weighted_average,kalman(weighted_average),false
1788764282.839,119.033,0.004,-3.111,1.724,90.540,0.019,-3.113,1.726,90.724,0.015,-0.001,0.002,0.016,3|15,weighted_average,kalman(weighted_average),false
1788764283.028,119.222,-0.021,-3.062,1.687,89.666,-0.021,-3.062,1.690,89.845,0.000,-0.000,0.003,0.003,15,weighted_average,kalman(weighted_average),false
1788764283.094,119.288,0.021,-3.026,1.730,89.978,0.007,-3.031,1.715,89.813,-0.014,-0.004,-0.015,0.021,3|15,weighted_average,kalman(weighted_average),false
1788764283.147,119.341,0.016,-2.998,1.716,90.089,0.015,-3.002,1.717,89.904,-0.001,-0.004,0.002,0.004,3|15,weighted_average,kalman(weighted_average),false
1788764283.229,119.424,-0.028,-2.990,1.718,89.769,-0.014,-2.984,1.719,89.772,0.014,0.007,0.001,0.016,15,weighted_average,kalman(weighted_average),false
1788764283.437,119.632,0.000,-2.861,1.739,90.332,-0.002,-2.864,1.739,90.252,-0.003,-0.003,-0.001,0.004,3|15,weighted_average,kalman(weighted_average),false
1788764283.518,119.712,-0.011,-2.795,1.760,90.559,-0.007,-2.797,1.758,90.549,0.005,-0.002,-0.002,0.006,3|15,weighted_average,kalman(weighted_average),false
1788764283.602,119.797,-0.020,-2.745,1.727,90.732,-0.017,-2.742,1.738,90.765,0.003,0.003,0.010,0.011,3|15,weighted_average,kalman(weighted_average),false
1788764283.805,119.999,-0.153,-2.541,1.723,93.493,-0.147,-2.544,1.723,93.306,0.006,-0.003,-0.000,0.006,3|15,weighted_average,kalman(weighted_average),false
1788764283.870,120.064,-0.016,-2.478,1.716,90.283,-0.063,-2.477,1.717,91.500,-0.047,0.002,0.001,0.047,3|15,weighted_average,kalman(weighted_average),false
1788764283.921,120.115,-0.067,-2.432,1.766,91.368,-0.059,-2.429,1.748,91.324,0.007,0.003,-0.018,0.020,3|15,weighted_average,kalman(weighted_average),false
1788764283.980,120.174,-0.023,-2.379,1.690,90.358,-0.031,-2.376,1.715,90.655,-0.008,0.003,0.024,0.026,3|15,weighted_average,kalman(weighted_average),false
1788764284.125,120.319,-0.041,-2.306,1.629,89.640,-0.034,-2.298,1.636,89.633,0.007,0.007,0.007,0.012,15,weighted_average,kalman(weighted_average),false
1788764284.171,120.365,0.066,-2.242,1.745,87.409,0.032,-2.253,1.700,88.146,-0.034,-0.012,-0.045,0.058,15,weighted_average,kalman(weighted_average),false
1788764284.241,120.435,-0.047,-2.239,1.698,90.857,-0.013,-2.230,1.703,89.463,0.034,0.010,0.005,0.036,3|15,weighted_average,kalman(weighted_average),false
1788764284.326,120.520,0.012,-2.208,1.738,88.397,0.002,-2.203,1.732,88.784,-0.010,0.004,-0.006,0.012,15,weighted_average,kalman(weighted_average),false
1788764284.534,120.728,0.060,-2.114,1.673,88.176,0.058,-2.115,1.679,88.160,-0.002,-0.001,0.005,0.006,3,weighted_average,kalman(weighted_average),false
1788764284.626,120.821,-0.338,-2.114,1.421,94.381,0.058,-2.115,1.679,92.881,0.397,-0.001,0.257,0.473,3|15,weighted_average,kalman(weighted_average),true
1788764284.680,120.874,-0.057,-2.089,1.698,87.228,-0.046,-2.091,1.697,89.977,0.010,-0.002,-0.002,0.011,15,weighted_average,kalman(weighted_average),false
1788764284.800,120.994,-0.151,-2.004,1.557,88.747,-0.147,-2.014,1.579,88.982,0.003,-0.010,0.023,0.025,3|15,weighted_average,kalman(weighted_average),false
1788764284.850,121.044,-0.213,-1.991,1.627,89.456,-0.205,-1.988,1.597,89.136,0.008,0.003,-0.030,0.032,3|15,weighted_average,kalman(weighted_average),false
1788764284.926,121.121,-0.188,-1.984,1.643,88.589,-0.213,-1.973,1.623,88.691,-0.025,0.010,-0.020,0.033,3|15,weighted_average,kalman(weighted_average),false
1788764285.021,121.215,-0.031,-2.109,1.727,84.749,-0.076,-2.075,1.708,85.758,-0.045,0.034,-0.019,0.060,3|15|18,weighted_average,kalman(weighted_average),false
1788764285.249,121.444,-0.070,-2.065,1.671,84.263,-0.061,-2.072,1.679,84.014,0.009,-0.008,0.008,0.015,3|15|18,weighted_average,kalman(weighted_average),false
1788764285.327,121.521,0.021,-2.027,1.698,82.004,-0.001,-2.031,1.686,82.425,-0.023,-0.004,-0.012,0.026,3|15|18,weighted_average,kalman(weighted_average),false
1788764285.387,121.581,-0.017,-2.036,1.746,82.154,-0.005,-2.026,1.726,81.954,0.012,0.010,-0.020,0.025,3|15|18,weighted_average,kalman(weighted_average),false
1788764285.533,121.728,-0.015,-2.028,1.750,81.769,-0.012,-2.024,1.752,81.523,0.003,0.004,0.002,0.006,3|15|18,weighted_average,kalman(weighted_average),false
1788764285.629,121.823,0.051,-2.041,1.707,80.551,0.039,-2.038,1.717,80.711,-0.012,0.002,0.011,0.016,3|15|18,weighted_average,kalman(weighted_average),false
1788764285.725,121.919,-0.486,-1.868,1.353,91.852,0.039,-2.038,1.717,88.831,0.525,-0.170,0.364,0.661,3,weighted_average,kalman(weighted_average),true
1788764285.942,122.136,0.109,-1.901,1.734,79.107,0.107,-1.904,1.734,80.830,-0.001,-0.003,-0.000,0.003,15,weighted_average,kalman(weighted_average),false
1788764286.014,122.208,-0.055,-2.045,1.675,82.606,-0.017,-2.006,1.688,80.878,0.039,0.039,0.014,0.057,3|15|18,weighted_average,kalman(weighted_average),false
1788764286.099,122.293,-0.042,-2.052,1.658,82.452,-0.056,-2.056,1.657,81.269,-0.013,-0.004,-0.001,0.014,3|15|18,weighted_average,kalman(weighted_average),false
1788764286.261,122.456,-0.009,-2.053,1.646,81.851,-0.020,-2.061,1.642,81.572,-0.011,-0.008,-0.004,0.015,3|15|18,weighted_average,kalman(weighted_average),false
1788764286.335,122.529,0.003,-2.053,1.650,81.665,0.004,-2.053,1.647,81.687,0.001,-0.000,-0.002,0.003,3|15|18,weighted_average,kalman(weighted_average),false
1788764286.403,122.598,-0.002,-2.058,1.652,81.731,0.007,-2.055,1.651,81.761,0.008,0.003,-0.001,0.009,3|15|18,weighted_average,kalman(weighted_average),false
1788764286.616,122.810,-0.215,-1.919,1.489,86.125,-0.203,-1.926,1.498,85.752,0.012,-0.006,0.008,0.016,3|15,weighted_average,kalman(weighted_average),false
1788764286.702,122.896,-0.059,-1.939,1.786,84.309,-0.203,-1.926,1.498,85.188,-0.144,0.013,-0.288,0.322,3,weighted_average,kalman(weighted_average),true
1788764286.782,122.977,-0.058,-2.071,1.644,82.699,-0.069,-2.061,1.634,83.591,-0.010,0.010,-0.011,0.018,3|15|18,weighted_average,kalman(weighted_average),false
1788764286.922,123.117,-0.015,-2.084,1.649,81.830,-0.008,-2.093,1.659,81.936,0.006,-0.010,0.010,0.015,3|15|18,weighted_average,kalman(weighted_average),false
1788764286.992,123.187,-0.017,-2.084,1.649,81.853,-0.008,-2.089,1.654,81.630,0.009,-0.005,0.005,0.011,3|15|18,weighted_average,kalman(weighted_average),false
1788764287.078,123.272,0.008,-2.087,1.642,81.349,0.007,-2.088,1.645,81.227,-0.001,-0.001,0.003,0.003,3|15|18,weighted_average,kalman(weighted_average),false
1788764287.247,123.442,-0.002,-2.093,1.661,81.452,0.001,-2.093,1.659,81.295,0.003,0.000,-0.002,0.003,3|15|18,weighted_average,kalman(weighted_average),false
1788764287.313,123.508,-0.019,-2.089,1.615,81.779,-0.016,-2.090,1.628,81.648,0.004,-0.002,0.013,0.014,3|15|18,weighted_average,kalman(weighted_average),false
1788764287.401,123.596,-0.102,-2.090,1.569,83.256,-0.087,-2.090,1.578,82.866,0.015,0.000,0.009,0.017,3|15|18,weighted_average,kalman(weighted_average),false
1788764287.457,123.651,-0.070,-2.093,1.545,82.645,-0.087,-2.092,1.547,82.938,-0.017,0.001,0.002,0.017,3|15|18,weighted_average,kalman(weighted_average),false
1788764287.581,123.776,0.008,-2.072,1.463,81.295,-0.012,-2.075,1.466,81.840,-0.020,-0.003,0.003,0.020,3|15|18,weighted_average,kalman(weighted_average),false
1788764287.669,123.863,0.008,-2.072,1.463,81.295,0.015,-2.070,1.452,81.291,0.007,0.002,-0.011,0.013,3|15|18,weighted_average,kalman(weighted_average),false
1788764287.779,123.974,-0.084,-2.097,1.324,82.914,-0.062,-2.092,1.338,82.380,0.022,0.006,0.015,0.028,3|15|18,weighted_average,kalman(weighted_average),false
1788764288.022,124.216,-0.150,-1.999,1.524,84.618,-0.151,-2.005,1.508,84.523,-0.001,-0.006,-0.017,0.018,3|15,weighted_average,kalman(weighted_average),false

# =============================================================================
# Statistiche sessione  (campioni: 1107)
# Durata: 124.2 s
# raw_x: min=-2.8080  max=2.4629  media=0.0464
# raw_y: min=-5.3766  max=2.1626  media=-1.2792
# raw_z: min=-1.3627  max=4.3543  media=1.7200
# raw_yaw_deg: min=-96.6064  max=124.3315  media=84.8886
# filtered_x: min=-2.7949  max=0.5882  media=0.0217
# filtered_y: min=-3.3808  max=2.0147  media=-1.2770
# filtered_z: min=-1.1828  max=2.8466  media=1.7067
# filtered_yaw_deg: min=-24.5091  max=116.2376  media=84.7957
# error_norm: min=0.0000  max=7.2463  media=0.0829
# Nota: per le colonne di yaw assoluto min/max sono estremi del wrap-around +/-180 deg, non l'ampiezza reale; la media e' circolare.
# =============================================================================
